Rk,Player,Nation,Pos,Squad,Comp,Age,Born,Playing Time_MP,Playing Time_Min,Playing Time_Mn/MP,Playing Time_Min%,Playing Time_90s,Starts_Starts,Starts_Mn/Start,Starts_Compl,Subs_Subs,Subs_Mn/Sub,Subs_unSub,Team Success_PPM,Team Success_onG,Team Success_onGA,Team Success_+/-,Team Success_+/-90,Team Success_On-Off,Matches
1,Ismael Aaneba,fr FRA,DF,Strasbourg,fr Ligue 1,21,1999,2,11,6,0.3,0.1,0,,0,2,6,18,2.00,0,0,0,0.00,+0.24,Matches
2,Patrick van Aanholt,nl NED,DF,Crystal Palace,eng Premier League,29,1990,22,1777,81,52.0,19.7,20,88,19,2,11,11,1.05,19,36,-17,-0.86,-0.42,Matches
3,Basit Abdallah,gh GHA,MF,Benevento,it Serie A,20,1999,0,,,,,0,,0,0,,13,,,,,,,Matches
4,Yunis Abdelhamid,ma MAR,DF,Reims,fr Ligue 1,32,1987,33,2889,88,84.5,32.1,33,88,32,0,,0,1.18,37,39,-2,-0.06,+0.95,Matches
5,Sabit Abdulai,gh GHA,MF,Getafe,es La Liga,21,1999,3,60,20,1.8,0.7,0,,0,3,20,16,0.67,1,2,-1,-1.50,-1.13,Matches
6,Eris Abedini,xk KVX,MF,Granada,es La Liga,21,1998,0,,,,,0,,0,0,,1,,,,,,,Matches
7,Mehdi Abeid,dz ALG,MF,Nantes,fr Ligue 1,27,1992,18,1320,73,38.6,14.7,15,83,10,3,23,1,0.94,14,23,-9,-0.61,-0.66,Matches
8,Laurent Abergel,fr FRA,MF,Lorient,fr Ligue 1,27,1993,38,2963,78,86.6,32.9,32,85,22,6,40,0,1.11,42,53,-11,-0.33,+1.04,Matches
9,Charles Abi,fr FRA,"FW,MF",Saint-Étienne,fr Ligue 1,20,2000,24,912,38,26.7,10.1,9,64,1,15,22,2,1.33,16,23,-7,-0.69,-0.51,Matches
10,Matthis Abline,fr FRA,"FW,MF",Rennes,fr Ligue 1,17,2003,1,2,2,0.1,0.0,0,,0,1,2,3,3.00,1,0,+1,+45.00,+44.71,Matches
11,Pape Abou Cissé,sn SEN,DF,Saint-Étienne,fr Ligue 1,24,1995,14,1260,90,36.8,14.0,14,90,14,0,,1,1.64,21,18,+3,+0.21,+0.84,Matches
12,Abdel Abqar,ma MAR,DF,Alavés,es La Liga,21,1999,0,,,,,0,,0,0,,2,,,,,,,Matches
13,David Abraham,ar ARG,DF,Eintracht Frankfurt,de Bundesliga,34,1986,14,1222,87,39.9,13.6,14,87,12,0,,0,1.64,25,17,+8,+0.59,+0.20,Matches
14,Tammy Abraham,eng ENG,FW,Chelsea,eng Premier League,22,1997,22,1040,47,30.4,11.6,12,74,7,10,15,8,1.77,23,12,+11,+0.95,+0.54,Matches
15,Amir Abrashi,al ALB,MF,Freiburg,de Bundesliga,30,1990,5,60,12,2.0,0.7,0,,0,5,12,7,2.40,1,1,0,0.00,0.00,Matches
16,Gennaro Acampora,it ITA,"MF,FW",Spezia,it Serie A,26,1994,14,441,32,12.9,4.9,2,90,1,12,22,9,0.86,8,12,-4,-0.82,-0.33,Matches
17,Francesco Acerbi,it ITA,DF,Lazio,it Serie A,32,1988,32,2813,88,82.3,31.3,32,88,30,0,,0,1.88,51,44,+7,+0.22,+0.37,Matches
18,Ragnar Ache,de GER,FW,Eintracht Frankfurt,de Bundesliga,22,1998,7,100,14,3.3,1.1,0,,0,7,14,3,2.29,4,1,+3,+2.70,+2.30,Matches
19,Marcos Acuña,ar ARG,DF,Sevilla,es La Liga,28,1991,30,2330,78,68.1,25.9,26,83,22,4,46,1,1.97,37,28,+9,+0.35,-0.56,Matches
20,Che Adams,sct SCO,FW,Southampton,eng Premier League,24,1996,36,2667,74,78.0,29.6,30,84,16,6,25,0,1.11,39,51,-12,-0.40,+0.67,Matches
21,Tyler Adams,us USA,MF,RB Leipzig,de Bundesliga,21,1999,27,1850,69,60.5,20.6,21,83,13,6,20,1,2.11,35,19,+16,+0.78,-0.11,Matches
22,Sargis Adamyan,am ARM,MF,Hoffenheim,de Bundesliga,27,1993,18,479,27,15.7,5.3,3,77,1,15,16,6,1.50,13,6,+7,+1.32,+1.63,Matches
23,Tosin Adarabioyo,eng ENG,DF,Fulham,eng Premier League,22,1997,33,2953,89,86.3,32.8,33,89,32,0,,1,0.85,24,41,-17,-0.52,+1.22,Matches
24,Enzo Adeagbo,ch SUI,DF,Lazio,it Serie A,18,2002,0,,,,,0,,0,0,,3,,,,,,,Matches
25,Bobby Adekanye,nl NED,"FW,MF",Lazio,it Serie A,21,1999,0,,,,,0,,0,0,,2,,,,,,,Matches
26,Bobby Adekanye,nl NED,"FW,MF",Cádiz,es La Liga,21,1999,3,36,12,1.1,0.4,0,,0,3,12,6,2.33,0,0,0,0.00,+0.59,Matches
27,Yacine Adli,fr FRA,MF,Bordeaux,fr Ligue 1,20,2000,35,2418,69,70.7,26.9,25,84,16,10,32,0,1.17,28,47,-19,-0.71,-1.16,Matches
28,Andrea Adorante,it ITA,FW,Parma,it Serie A,20,2000,1,10,10,0.3,0.1,0,,0,1,10,5,0.00,0,1,-1,-9.00,-7.87,Matches
29,Adrián,es ESP,GK,Liverpool,eng Premier League,33,1987,3,270,90,7.9,3.0,3,90,3,0,,27,1.33,6,9,-3,-1.00,-1.83,Matches
30,Martin Agirregabiria,es ESP,"DF,MF",Alavés,es La Liga,24,1996,26,1558,60,45.6,17.3,16,83,11,10,24,12,1.12,19,31,-12,-0.69,-0.26,Matches
31,Giuseppe Agostino,it ITA,GK,Genoa,it Serie A,17,2002,0,,,,,0,,0,0,,1,,,,,,,Matches
32,Lucien Agoume,fr FRA,MF,Spezia,it Serie A,18,2002,12,800,67,23.4,8.9,9,84,6,3,13,22,1.08,14,14,0,0.00,+0.69,Matches
33,Felix Agu,ng NGA,MF,Werder Bremen,de Bundesliga,20,1999,15,701,47,22.9,7.8,8,76,5,7,13,16,1.00,12,15,-3,-0.39,+0.30,Matches
34,Kevin Agudelo,co COL,FW,Spezia,it Serie A,21,1998,29,1356,47,39.6,15.1,14,72,4,15,23,8,1.03,26,26,0,0.00,+0.87,Matches
35,Nayef Aguerd,ma MAR,DF,Rennes,fr Ligue 1,24,1996,35,3147,90,92.0,35.0,35,90,34,0,,0,1.54,46,36,+10,+0.29,-0.37,Matches
36,Sergio Agüero,ar ARG,"FW,MF",Manchester City,eng Premier League,32,1988,12,559,47,16.3,6.2,7,69,2,5,16,7,2.42,11,4,+7,+1.13,-0.26,Matches
37,Ruben Aguilar,fr FRA,"DF,MF",Monaco,fr Ligue 1,27,1993,33,2225,67,65.1,24.7,27,79,15,6,14,2,1.97,37,30,+7,+0.28,-1.75,Matches
38,Naouirou Ahamada,fr FRA,MF,Stuttgart,de Bundesliga,18,2002,6,252,42,8.2,2.8,3,43,0,3,41,6,0.50,3,12,-9,-3.21,-3.53,Matches
39,Sören Ahlers,de GER,GK,Schalke 04,de Bundesliga,22,1997,0,,,,,0,,0,0,,2,,,,,,,Matches
40,Matteo Ahlinvi,bj BEN,MF,Nîmes,fr Ligue 1,21,1999,20,899,45,26.3,10.0,10,77,5,10,13,14,0.75,5,21,-16,-1.60,-1.07,Matches
41,Jean-Eudes Aholou,ci CIV,"MF,DF",Strasbourg,fr Ligue 1,26,1994,27,2146,79,62.7,23.8,26,82,14,1,17,0,1.19,34,38,-4,-0.17,+0.19,Matches
42,Jean-Eudes Aholou,ci CIV,MF,Monaco,fr Ligue 1,26,1994,2,36,18,1.1,0.4,0,,0,2,18,1,2.00,0,0,0,0.00,-0.90,Matches
43,Antonis Aidonis,de GER,DF,Stuttgart,de Bundesliga,19,2001,0,,,,,0,,0,0,,1,,,,,,,Matches
44,Joseph Aidoo,gh GHA,DF,Celta Vigo,es La Liga,24,1995,25,1289,52,37.7,14.3,14,80,11,11,15,10,1.76,26,22,+4,+0.28,+0.53,Matches
45,Ola Aina,ng NGA,DF,Fulham,eng Premier League,23,1996,31,2664,86,77.9,29.6,31,86,24,0,,4,0.84,22,36,-14,-0.47,+0.96,Matches
46,Rayan Aït-Nouri,dz ALG,DF,Angers,fr Ligue 1,19,2001,3,187,62,5.5,2.1,2,80,0,1,28,0,1.00,3,8,-5,-2.41,-2.04,Matches
47,Rayan Aït-Nouri,dz ALG,"MF,DF",Wolves,eng Premier League,19,2001,21,1404,67,41.1,15.6,16,83,10,5,15,8,1.00,16,23,-7,-0.45,-0.05,Matches
48,Semi Ajayi,ng NGA,DF,West Brom,eng Premier League,26,1993,33,2780,84,81.3,30.9,31,88,30,2,26,4,0.64,31,71,-40,-1.29,-1.15,Matches
49,Ludovic Ajorque,fr FRA,FW,Strasbourg,fr Ligue 1,26,1994,35,2967,85,86.8,33.0,34,87,28,1,25,1,1.20,46,49,-3,-0.09,+1.10,Matches
50,Manuel Akanji,ch SUI,DF,Dortmund,de Bundesliga,25,1995,28,2350,84,76.8,26.1,26,89,23,2,25,0,1.82,60,37,+23,+0.88,+0.12,Matches
51,Carlos Akapo,gq EQG,DF,Cádiz,es La Liga,27,1993,13,865,67,25.3,9.6,10,74,7,3,41,14,1.46,10,8,+2,+0.21,+1.05,Matches
52,Marley Aké,fr FRA,"FW,MF",Marseille,fr Ligue 1,19,2001,9,146,16,4.3,1.6,0,,0,9,16,11,1.56,3,3,0,0.00,-0.19,Matches
53,Marley Aké,fr FRA,"FW,MF",Juventus,it Serie A,19,2001,0,,,,,0,,0,0,,3,,,,,,,Matches
54,Nathan Aké,nl NED,DF,Manchester City,eng Premier League,25,1995,10,797,80,23.3,8.9,9,86,8,1,20,7,1.70,16,13,+3,+0.34,-1.31,Matches
55,Paul Akouokou,ci CIV,MF,Real Betis,es La Liga,22,1997,10,378,38,11.1,4.2,4,75,1,6,13,21,1.50,6,3,+3,+0.71,+0.80,Matches
56,Jean-Daniel Akpa-Akpro,ci CIV,MF,Lazio,it Serie A,27,1992,32,1056,33,30.9,11.7,6,83,2,26,22,4,2.00,18,14,+4,+0.34,+0.26,Matches
57,Kevin Akpoguma,ng NGA,"DF,MF",Hoffenheim,de Bundesliga,25,1995,16,1184,74,38.7,13.2,14,83,10,2,14,2,1.06,20,22,-2,-0.15,-0.15,Matches
58,David Alaba,at AUT,"DF,MF",Bayern Munich,de Bundesliga,28,1992,32,2675,84,87.4,29.7,30,88,27,2,23,0,2.25,82,43,+39,+1.31,-2.43,Matches
59,Sofiane Alakouch,ma MAR,DF,Nîmes,fr Ligue 1,22,1998,22,1505,68,44.0,16.7,17,84,9,5,17,9,0.77,22,34,-12,-0.72,+0.18,Matches
60,Jony Álamo,es ESP,MF,Elche,es La Liga,18,2001,1,73,73,2.1,0.8,1,73,0,0,,15,1.00,2,1,+1,+1.23,+1.82,Matches
61,Lucas Alario,ar ARG,FW,Leverkusen,de Bundesliga,27,1992,25,1245,50,40.7,13.8,12,75,3,13,27,4,1.56,21,15,+6,+0.43,+0.04,Matches
62,Fabrizio Alastra,it ITA,GK,Parma,it Serie A,22,1997,0,,,,,0,,0,0,,2,,,,,,,Matches
63,David Alba,es ESP,MF,Getafe,es La Liga,21,1999,0,,,,,0,,0,0,,3,,,,,,,Matches
64,Jordi Alba,es ESP,"DF,MF",Barcelona,es La Liga,31,1989,35,3025,86,88.5,33.6,34,88,28,1,45,1,2.14,79,34,+45,+1.34,+0.88,Matches
65,Luis Alberto,es ESP,MF,Lazio,it Serie A,27,1992,34,2618,77,76.5,29.1,33,78,10,1,39,0,1.82,46,39,+7,+0.24,+0.35,Matches
66,Raúl Albiol,es ESP,DF,Villarreal,es La Liga,34,1985,35,3115,89,91.1,34.6,35,89,31,0,,2,1.40,51,42,+9,+0.26,-1.81,Matches
67,Julian Albrecht,de GER,MF,Hertha BSC,de Bundesliga,18,2001,0,,,,,0,,0,0,,1,,,,,,,Matches
68,Marc Albrighton,eng ENG,MF,Leicester City,eng Premier League,30,1989,31,1746,56,51.1,19.4,17,80,9,14,27,7,1.90,36,22,+14,+0.72,+0.51,Matches
69,Paco Alcácer,es ESP,FW,Villarreal,es La Liga,26,1993,27,1544,57,45.1,17.2,19,71,1,8,24,2,1.44,25,22,+3,+0.17,-0.45,Matches
70,Pedro Alcalá,es ESP,DF,Cádiz,es La Liga,31,1989,13,909,70,26.6,10.1,8,87,7,5,42,20,0.77,12,25,-13,-1.29,-0.96,Matches
71,Thiago Alcántara,es ESP,MF,Liverpool,eng Premier League,29,1991,24,1854,77,54.2,20.6,20,85,13,4,40,1,1.71,34,18,+16,+0.78,+0.20,Matches
72,Rubén Alcaraz,es ESP,MF,Valladolid,es La Liga,29,1991,30,2165,72,63.3,24.1,25,82,15,5,22,1,0.90,24,39,-15,-0.62,-0.05,Matches
73,Omar Alderete,py PAR,DF,Hertha BSC,de Bundesliga,23,1996,17,1299,76,42.5,14.4,14,89,13,3,18,12,1.18,17,19,-2,-0.14,+0.32,Matches
74,Toby Alderweireld,be BEL,DF,Tottenham Hotspur,eng Premier League,31,1989,25,2240,90,65.5,24.9,25,90,24,0,,10,1.80,44,25,+19,+0.76,+0.46,Matches
75,Iván Alejo,es ESP,MF,Cádiz,es La Liga,25,1995,22,827,38,24.2,9.2,6,69,0,16,26,12,1.36,10,12,-2,-0.22,+0.48,Matches
76,Carles Aleñá,es ESP,MF,Barcelona,es La Liga,22,1998,2,48,24,1.4,0.5,0,,0,2,24,14,3.00,1,0,+1,+1.87,+0.65,Matches
77,Carles Aleñá,es ESP,MF,Getafe,es La Liga,22,1998,22,1366,62,39.9,15.2,15,83,6,7,18,0,0.95,10,21,-11,-0.72,-0.55,Matches
78,Kyle Alex John,eng ENG,"DF,MF",Everton,eng Premier League,19,2001,0,,,,,0,,,0,,6,,,,,,,Matches
79,Rúnar Alex Rúnarsson,is ISL,GK,Arsenal,eng Premier League,25,1995,1,16,16,0.5,0.2,0,,0,1,16,21,0.00,0,0,0,0.00,-0.42,Matches
80,Rúnar Alex Rúnarsson,is ISL,GK,Dijon,fr Ligue 1,25,1995,0,,,,,0,,,0,,3,,,,,,,Matches
81,Trent Alexander-Arnold,eng ENG,DF,Liverpool,eng Premier League,21,1998,36,3031,84,88.6,33.7,34,88,30,2,19,0,1.81,60,40,+20,+0.59,-0.79,Matches
82,Alfon,es ESP,FW,Celta Vigo,es La Liga,21,1999,2,34,17,1.0,0.4,0,,0,2,17,3,0.50,0,0,0,0.00,+0.05,Matches
83,Alfonso,mz MOZ,"DF,MF",Hoffenheim,de Bundesliga,20,1999,0,,,,,0,,0,0,,1,,,,,,,Matches
84,Mohamed Ali Cho,fr FRA,FW,Angers,fr Ligue 1,16,2004,21,348,17,10.2,3.9,1,65,0,20,14,10,0.67,5,8,-3,-0.78,-0.34,Matches
85,Marco Alia,al ALB,GK,Lazio,it Serie A,20,2000,0,,,,,0,,0,0,,31,,,,,,,Matches
86,Ezgjan Alioski,mk MKD,"DF,MF",Leeds United,eng Premier League,28,1992,36,2461,68,72.0,27.3,29,79,19,7,22,2,1.64,47,35,+12,+0.44,+0.81,Matches
87,Rachid Alioui,ma MAR,FW,Angers,fr Ligue 1,28,1992,1,15,15,0.4,0.2,0,,0,1,15,0,1.00,0,0,0,0.00,+0.48,Matches
88,Alisson,br BRA,GK,Liverpool,eng Premier League,27,1992,33,2970,90,86.8,33.0,33,90,33,0,,0,1.88,58,32,+26,+0.79,+0.79,Matches
89,Saturnin Allagbé,bj BEN,GK,Dijon,fr Ligue 1,26,1993,12,1080,90,31.6,12.0,12,90,12,0,,20,0.67,6,30,-24,-2.00,-1.08,Matches
90,Allan,br BRA,MF,Everton,eng Premier League,29,1991,24,2051,85,60.0,22.8,23,88,21,1,33,2,1.54,27,30,-3,-0.13,-0.26,Matches
91,Dele Alli,eng ENG,MF,Tottenham Hotspur,eng Premier League,24,1996,15,620,41,18.1,6.9,7,70,1,8,16,8,1.33,11,9,+2,+0.29,-0.38,Matches
92,Miguel Almirón,py PAR,"MF,FW",Newcastle United,eng Premier League,26,1994,34,2429,71,71.0,27.0,28,82,12,6,20,2,1.18,30,48,-18,-0.67,-0.85,Matches
93,Gael Alonso,es ESP,DF,Celta Vigo,es La Liga,18,2002,0,,,,,0,,0,0,,1,,,,,,,Matches
94,Marcos Alonso,es ESP,"MF,DF",Chelsea,eng Premier League,29,1990,13,960,74,28.1,10.7,11,84,9,2,20,9,2.08,15,13,+2,+0.19,-0.54,Matches
95,Altube,es ESP,GK,Real Madrid,es La Liga,20,2000,0,,,,,0,,0,0,,35,,,,,,,Matches
96,Fran Álvarez,es ESP,MF,Valladolid,es La Liga,22,1998,0,,,,,0,,0,0,,1,,,,,,,Matches
97,Iker Álvarez,ad AND,GK,Villarreal,es La Liga,19,2001,0,,,,,0,,0,0,,3,,,,,,,Matches
98,Sergio Álvarez,es ESP,"MF,DF",Eibar,es La Liga,28,1992,27,1568,58,45.8,17.4,17,84,12,10,15,11,0.89,10,27,-17,-0.98,-0.68,Matches
99,Yeray Álvarez,es ESP,DF,Athletic Club,es La Liga,25,1995,23,1948,85,57.0,21.6,22,87,21,1,45,3,1.22,29,26,+3,+0.14,+0.08,Matches
100,Bruno Alves,pt POR,DF,Parma,it Serie A,38,1981,19,1632,86,47.7,18.1,18,90,18,1,12,11,0.58,10,39,-29,-1.60,-0.84,Matches
101,Steven Alzate,co COL,MF,Brighton,eng Premier League,21,1998,15,896,60,26.2,10.0,10,76,4,5,28,20,0.93,10,17,-7,-0.70,-0.74,Matches
102,Ibrahim Amadou,fr FRA,MF,Angers,fr Ligue 1,27,1993,24,1504,63,44.0,16.7,20,72,7,4,15,0,1.25,13,19,-6,-0.36,+0.20,Matches
103,Romain Amalfitano,fr FRA,MF,Dijon,fr Ligue 1,30,1989,2,116,58,3.4,1.3,1,70,0,1,46,0,0.00,1,4,-3,-2.33,-1.10,Matches
104,Emmanuel Amankwaa Akurugu,gh GHA,DF,Getafe,es La Liga,18,2001,1,45,45,1.3,0.5,0,,0,1,45,9,0.00,1,2,-1,-2.00,-1.63,Matches
105,Daniel Amartey,gh GHA,DF,Leicester City,eng Premier League,25,1994,12,722,60,21.1,8.0,8,80,6,4,21,14,1.54,13,14,-1,-0.12,-0.76,Matches
106,Jordan Amavi,fr FRA,"DF,MF",Marseille,fr Ligue 1,26,1994,13,813,63,23.8,9.0,10,80,7,3,3,2,2.31,16,6,+10,+1.11,+1.21,Matches
107,Thierry Ambrose,gp GLP,"FW,MF",Metz,fr Ligue 1,23,1997,23,753,33,22.0,8.4,5,62,0,18,25,10,1.22,13,11,+2,+0.24,+0.44,Matches
108,Wisdom Amey,it ITA,DF,Bologna,it Serie A,14,2005,1,2,2,0.1,0.0,0,,0,1,2,2,0.00,0,0,0,0.00,+0.37,Matches
109,Bruno Amione,ar ARG,DF,Hellas Verona,it Serie A,18,2002,0,,,,,0,,0,0,,13,,,,,,,Matches
110,Nadiem Amiri,de GER,MF,Leverkusen,de Bundesliga,23,1996,29,1890,65,61.8,21.0,20,85,14,9,21,0,1.62,39,24,+15,+0.71,+0.79,Matches
111,Yanis Ammour,fr FRA,FW,Montpellier,fr Ligue 1,21,1999,0,,,,,0,,,0,,1,,,,,,,Matches
112,Ethan Ampadu,wls WAL,"DF,MF",Sheffield United,eng Premier League,19,2000,25,2089,84,61.1,23.2,23,86,19,2,53,4,0.52,12,41,-29,-1.25,-0.30,Matches
113,Sofyan Amrabat,ma MAR,MF,Fiorentina,it Serie A,23,1996,31,2441,79,71.4,27.1,28,86,21,3,11,4,1.06,33,44,-11,-0.41,-0.31,Matches
114,Jon Ander Garrido,es ESP,MF,Cádiz,es La Liga,30,1989,23,800,35,23.4,8.9,7,73,2,16,18,13,1.17,6,18,-12,-1.35,-1.01,Matches
115,Joachim Andersen,dk DEN,DF,Lyon,fr Ligue 1,24,1996,3,192,64,5.6,2.1,2,90,2,1,12,3,1.33,1,2,-1,-0.47,-1.56,Matches
116,Joachim Andersen,dk DEN,DF,Fulham,eng Premier League,24,1996,31,2730,88,79.8,30.3,30,89,29,1,59,0,0.87,22,35,-13,-0.43,+1.27,Matches
117,Djavan Anderson,sr SUR,MF,Lazio,it Serie A,25,1995,3,72,24,2.1,0.8,1,45,0,2,14,13,1.00,0,2,-2,-2.50,-2.72,Matches
118,Elliot Anderson,eng ENG,MF,Newcastle United,eng Premier League,17,2002,1,4,4,0.1,0.0,0,,0,1,4,8,0.00,0,0,0,0.00,+0.42,Matches
119,Felipe Anderson,br BRA,"FW,MF",West Ham United,eng Premier League,27,1993,2,3,2,0.1,0.0,0,,0,2,2,2,0.00,0,0,0,0.00,-0.40,Matches
120,Sebastian Andersson,se SWE,FW,Köln,de Bundesliga,29,1991,16,1126,70,36.8,12.5,14,79,4,2,10,1,0.69,14,23,-9,-0.72,+0.07,Matches
121,Florin Andone,ro ROU,FW,Brighton,eng Premier League,27,1993,0,,,,,0,,,0,,1,,,,,,,Matches
122,Nícolas Andrade,br BRA,GK,Udinese,it Serie A,32,1988,2,180,90,5.3,2.0,2,90,2,0,,3,1.50,5,5,0,0.00,+0.44,Matches
123,Benjamin André,fr FRA,MF,Lille,fr Ligue 1,29,1990,35,2885,82,84.4,32.1,35,82,17,0,,0,2.20,47,17,+30,+0.94,-0.91,Matches
124,Marcos André,br BRA,FW,Valladolid,es La Liga,23,1996,23,1177,51,34.4,13.1,11,78,6,12,27,0,0.74,16,21,-5,-0.38,+0.34,Matches
125,Lluis Andreu,es ESP,GK,Elche,es La Liga,21,1999,0,,,,,0,,0,0,,11,,,,,,,Matches
126,Robert Andrich,de GER,MF,Union Berlin,de Bundesliga,25,1994,29,2526,87,82.5,28.1,29,87,26,0,,0,1.45,43,32,+11,+0.39,+1.07,Matches
127,Victorien Angban,ci CIV,MF,Metz,fr Ligue 1,23,1996,26,1672,64,48.9,18.6,21,76,7,5,15,8,1.50,21,23,-2,-0.11,0.00,Matches
128,Ángel,es ESP,GK,Granada,es La Liga,18,2002,1,90,90,2.6,1.0,1,90,1,0,,0,0.00,0,2,-2,-2.00,-1.57,Matches
129,José Ángel,es ESP,DF,Eibar,es La Liga,30,1989,14,901,64,26.3,10.0,11,76,5,3,23,5,0.64,5,18,-13,-1.30,-0.94,Matches
130,Miguel Ángel Moyá,es ESP,GK,Real Sociedad,es La Liga,36,1984,0,,,,,0,,0,0,,17,,,,,,,Matches
131,Miguel Ángel Rubio,es ESP,DF,Valladolid,es La Liga,22,1998,2,135,68,3.9,1.5,1,90,1,1,45,9,0.50,1,3,-2,-1.33,-0.76,Matches
132,Angeliño,es ESP,"MF,DF",RB Leipzig,de Bundesliga,23,1997,26,2161,83,70.6,24.0,24,87,18,2,38,2,1.88,43,20,+23,+0.96,+0.46,Matches
133,Davide Angelo Ghislandi,it ITA,MF,Atalanta,it Serie A,19,2001,1,5,5,0.1,0.1,0,,0,1,5,5,3.00,0,0,0,0.00,-1.13,Matches
134,Faustino Anjorin,eng ENG,MF,Chelsea,eng Premier League,18,2001,0,,,,,0,,,0,,3,,,,,,,Matches
135,Peter Ankersen,dk DEN,DF,Genoa,it Serie A,29,1990,0,,,,,0,,0,0,,1,,,,,,,Matches
136,Philip Ankhrah,gh GHA,FW,Hellas Verona,it Serie A,17,2002,1,13,13,0.4,0.1,0,,0,1,13,3,1.00,0,0,0,0.00,+0.05,Matches
137,Ebenezer Annan,gh GHA,DF,Bologna,it Serie A,17,2002,0,,,,,0,,0,0,,4,,,,,,,Matches
138,Cristian Ansaldi,ar ARG,MF,Torino,it Serie A,33,1986,31,1947,63,56.9,21.6,20,88,16,11,17,3,1.03,26,38,-12,-0.55,-0.13,Matches
139,Waldemar Anton,de GER,DF,Stuttgart,de Bundesliga,24,1996,31,2711,87,88.6,30.1,30,90,29,1,18,1,1.29,50,52,-2,-0.07,-0.84,Matches
140,Michail Antonio,jm JAM,FW,West Ham United,eng Premier League,30,1990,26,1974,76,57.7,21.9,24,80,12,2,23,0,1.85,38,25,+13,+0.59,+0.47,Matches
141,José Antonio Miranda,gq EQG,MF,Getafe,es La Liga,22,1998,4,26,7,0.8,0.3,0,,0,4,7,4,0.50,0,2,-2,-6.92,-6.58,Matches
142,Mirko Antonucci,it ITA,"FW,MF",Roma,it Serie A,21,1999,0,,,,,0,,0,0,,3,,,,,,,Matches
143,Valentin Antov,bg BUL,DF,Bologna,it Serie A,19,2000,5,232,46,6.8,2.6,2,82,1,3,23,13,0.60,1,6,-5,-1.94,-1.69,Matches
144,Houssem Aouar,dz ALG,MF,Lyon,fr Ligue 1,22,1998,30,1781,59,52.1,19.8,23,71,6,7,21,1,1.97,48,27,+21,+1.06,+0.13,Matches
145,Adil Aouchiche,dz ALG,"MF,FW",Saint-Étienne,fr Ligue 1,18,2002,34,1731,51,50.6,19.2,21,66,2,13,27,2,1.21,24,25,-1,-0.05,+0.53,Matches
146,Dennis Appiah,fr FRA,DF,Nantes,fr Ligue 1,28,1992,22,1556,71,45.5,17.3,16,87,13,6,28,13,1.14,27,27,0,0.00,+0.39,Matches
147,Aritz Arambarri,es ESP,DF,Real Sociedad,es La Liga,22,1998,1,26,26,0.8,0.3,0,,0,1,26,8,3.00,1,1,0,0.00,-0.56,Matches
148,Mauro Arambarri,uy URU,MF,Getafe,es La Liga,24,1995,34,2983,88,87.2,33.1,33,89,26,1,45,2,1.09,26,35,-9,-0.27,+0.96,Matches
149,Aranda,es ESP,MF,Granada,es La Liga,19,2000,0,,,,,0,,0,0,,3,,,,,,,Matches
150,Óscar Aranda,es ESP,MF,Real Madrid,es La Liga,18,2002,0,,,,,0,,0,0,,1,,,,,,,Matches
151,Charles Aránguiz,cl CHI,MF,Leverkusen,de Bundesliga,31,1989,21,1669,79,54.5,18.5,20,82,13,1,21,2,1.19,21,24,-3,-0.16,-1.26,Matches
152,Luiz Araújo,br BRA,MF,Lille,fr Ligue 1,24,1996,28,1496,53,43.7,16.6,17,74,2,11,21,2,2.18,33,6,+27,+1.62,+0.97,Matches
153,Néstor Araujo,mx MEX,DF,Celta Vigo,es La Liga,28,1991,33,2426,74,70.9,27.0,26,86,21,7,29,3,1.39,35,38,-3,-0.11,-0.20,Matches
154,Ronald Araújo,uy URU,DF,Barcelona,es La Liga,21,1999,24,1510,63,44.2,16.8,16,80,12,8,29,5,2.33,34,16,+18,+1.07,-0.29,Matches
155,Anaitz Arbilla,es ESP,DF,Eibar,es La Liga,33,1987,34,2807,83,82.1,31.2,30,90,30,4,27,0,0.79,23,46,-23,-0.74,-0.74,Matches
156,Roberto Olabe del Arco,es ESP,MF,Eibar,es La Liga,24,1996,0,,,,,0,,0,0,,13,,,,,,,Matches
157,Alphonse Areola,fr FRA,GK,Fulham,eng Premier League,27,1993,36,3240,90,94.7,36.0,36,90,36,0,,2,0.78,27,48,-21,-0.58,+1.92,Matches
158,Simone Aresti,it ITA,GK,Cagliari,it Serie A,34,1986,0,,,,,0,,0,0,,35,,,,,,,Matches
159,Santiago Arias,co COL,DF,Leverkusen,de Bundesliga,28,1992,1,90,90,2.9,1.0,1,90,1,0,,0,1.00,1,1,0,0.00,-0.42,Matches
160,Karim Aribi,dz ALG,FW,Nîmes,fr Ligue 1,26,1994,13,294,23,8.6,3.3,2,55,0,11,17,5,0.92,3,9,-6,-1.84,-1.12,Matches
161,Unai Arietaleanizbeaskoa,es ESP,FW,Eibar,es La Liga,21,1999,4,47,12,1.4,0.5,0,,0,4,12,12,0.00,0,1,-1,-1.91,-1.33,Matches
162,Amir Arli,,MF,Dijon,fr Ligue 1,17,2003,0,,,,,0,,,0,,5,,,,,,,Matches
163,Nicolò Armini,it ITA,DF,Lazio,it Serie A,19,2001,1,5,5,0.1,0.1,0,,0,1,5,22,0.00,0,0,0,0.00,-0.16,Matches
164,Stuart Armstrong,sct SCO,MF,Southampton,eng Premier League,28,1992,33,2764,84,80.8,30.7,32,86,21,1,13,1,1.24,39,56,-17,-0.55,0.00,Matches
165,Alex Arnofoli,it ITA,DF,Bologna,it Serie A,17,2003,0,,,,,0,,0,0,,3,,,,,,,Matches
166,Maximilian Arnold,de GER,MF,Wolfsburg,de Bundesliga,26,1994,30,2585,86,84.5,28.7,30,86,23,0,,0,1.87,53,30,+23,+0.80,+0.61,Matches
167,Tolu Arokodare,ng NGA,FW,Köln,de Bundesliga,19,2000,10,112,11,3.7,1.2,0,,0,10,11,7,0.60,3,4,-1,-0.80,-0.04,Matches
168,Sergio Arribas,es ESP,MF,Real Madrid,es La Liga,18,2001,8,135,17,3.9,1.5,0,,0,8,17,4,2.13,3,0,+3,+2.00,+1.01,Matches
169,Kepa Arrizabalaga,es ESP,GK,Chelsea,eng Premier League,25,1994,7,585,84,17.1,6.5,6,90,6,1,45,28,1.14,9,8,+1,+0.15,-0.51,Matches
170,Tolgay Arslan,de GER,MF,Udinese,it Serie A,29,1990,30,1818,61,53.2,20.2,25,69,3,5,19,3,1.20,23,20,+3,+0.15,+1.22,Matches
171,Federico Artioli,it ITA,MF,Sassuolo,it Serie A,19,2001,0,,,,,0,,0,0,,2,,,,,,,Matches
172,Gabriele Artistico,it ITA,FW,Parma,it Serie A,18,2002,0,,,,,0,,0,0,,1,,,,,,,Matches
173,Kwadwo Asamoah,gh GHA,MF,Cagliari,it Serie A,31,1988,9,224,25,6.5,2.5,1,90,1,8,17,9,1.56,3,2,+1,+0.40,+0.88,Matches
174,Santiago Ascacíbar,ar ARG,MF,Hertha BSC,de Bundesliga,23,1997,13,762,59,24.9,8.5,8,75,3,5,33,7,1.38,7,9,-2,-0.24,+0.12,Matches
175,Rocco Ascone,fr FRA,FW,Lille,fr Ligue 1,16,2003,0,,,,,0,,,0,,4,,,,,,,Matches
176,Raúl Asencio,es ESP,FW,Genoa,it Serie A,22,1998,0,,,,,0,,0,0,,1,,,,,,,Matches
177,Sergio Asenjo,es ESP,GK,Villarreal,es La Liga,31,1989,36,3240,90,94.7,36.0,36,90,36,0,,2,1.61,58,40,+18,+0.50,+1.50,Matches
178,Marco Asensio,es ESP,"FW,MF",Real Madrid,es La Liga,24,1996,35,1869,53,54.6,20.8,21,71,1,14,28,1,2.20,37,17,+20,+0.96,-0.14,Matches
179,Kristoffer Askildsen,no NOR,MF,Sampdoria,it Serie A,19,2001,6,95,16,2.8,1.1,0,,0,6,16,29,2.17,1,2,-1,-0.95,-0.92,Matches
180,Joel Asoro,se SWE,"FW,MF",Genoa,it Serie A,21,1999,0,,,,,0,,0,0,,1,,,,,,,Matches
181,Iago Aspas,es ESP,FW,Celta Vigo,es La Liga,32,1987,33,2864,87,83.7,31.8,33,87,25,0,,1,1.48,47,44,+3,+0.09,+0.90,Matches
182,Roger Assalé,ci CIV,"MF,FW",Dijon,fr Ligue 1,26,1993,17,828,49,24.2,9.2,11,63,1,6,22,1,0.59,7,18,-11,-1.20,+0.09,Matches
183,Lorenz Assignon,tg TOG,"DF,MF",Rennes,fr Ligue 1,20,2000,0,,,,,0,,,0,,7,,,,,,,Matches
184,Ryan Astley,wls WAL,DF,Everton,eng Premier League,18,2001,0,,,,,0,,,0,,1,,,,,,,Matches
185,Youcef Atal,dz ALG,"MF,DF",Nice,fr Ligue 1,24,1996,18,956,53,28.0,10.6,13,66,1,5,21,0,1.33,15,21,-6,-0.56,-0.67,Matches
186,Miguel Atienza,es ESP,MF,Eibar,es La Liga,21,1999,12,838,70,24.5,9.3,9,87,7,3,18,5,0.67,7,17,-10,-1.07,-0.62,Matches
187,Pierre-Emerick Aubameyang,ga GAB,"FW,MF",Arsenal,eng Premier League,31,1989,29,2332,80,68.2,25.9,26,87,19,3,23,3,1.52,34,26,+8,+0.31,-0.35,Matches
188,Emil Audero,id IDN,GK,Sampdoria,it Serie A,23,1997,37,3330,90,97.4,37.0,37,90,37,0,,1,1.32,49,54,-5,-0.14,-3.14,Matches
189,Tommaso Augello,it ITA,DF,Sampdoria,it Serie A,25,1994,37,3216,87,94.0,35.7,37,87,32,0,,0,1.41,49,49,0,0.00,+0.88,Matches
190,Jean-Kévin Augustin,fr FRA,FW,Nantes,fr Ligue 1,23,1997,3,36,12,1.1,0.4,0,,0,3,12,3,0.33,0,1,-1,-2.50,-2.31,Matches
191,Ludwig Augustinsson,se SWE,"MF,DF",Werder Bremen,de Bundesliga,26,1994,23,1957,85,64.0,21.7,21,89,17,2,45,1,0.83,21,34,-13,-0.60,+0.05,Matches
192,Serge Aurier,ci CIV,"DF,MF",Tottenham Hotspur,eng Premier League,27,1992,19,1605,84,46.9,17.8,19,84,15,0,,6,1.53,35,22,+13,+0.73,+0.23,Matches
193,Charlie Austin,eng ENG,FW,West Brom,eng Premier League,31,1989,5,138,28,4.0,1.5,0,,0,5,28,3,0.40,2,5,-3,-1.96,-0.91,Matches
194,Ezequiel Ávila,ar ARG,"MF,FW",Osasuna,es La Liga,26,1994,8,202,25,5.9,2.2,2,63,0,6,13,2,1.38,3,1,+2,+0.89,+1.25,Matches
195,Lorenzo Avogadri,it ITA,GK,Sampdoria,it Serie A,18,2001,0,,,,,0,,0,0,,4,,,,,,,Matches
196,Taiwo Awoniyi,ng NGA,FW,Union Berlin,de Bundesliga,22,1997,21,1359,65,44.4,15.1,16,77,3,5,26,1,1.48,22,17,+5,+0.33,+0.23,Matches
197,Unai Ayala,es ESP,GK,Eibar,es La Liga,16,2004,0,,,,,0,,0,0,,1,,,,,,,Matches
198,Mehmet Aydin,de GER,MF,Schalke 04,de Bundesliga,18,2002,6,500,83,16.3,5.6,6,83,4,0,,2,1.00,5,10,-5,-0.90,+1.07,Matches
199,Gaizka Ayesa,es ESP,GK,Real Sociedad,es La Liga,19,2001,0,,,,,0,,0,0,,17,,,,,,,Matches
200,Jordan Ayew,gh GHA,"FW,MF",Crystal Palace,eng Premier League,28,1991,33,2096,64,61.3,23.3,23,84,12,10,17,3,1.09,21,42,-21,-0.90,-0.63,Matches
201,Kaan Ayhan,tr TUR,DF,Sassuolo,it Serie A,25,1994,19,796,42,23.3,8.8,7,82,5,12,19,14,2.05,13,7,+6,+0.68,+0.61,Matches
202,Luke Ayling,eng ENG,DF,Leeds United,eng Premier League,28,1991,38,3399,89,99.4,37.8,38,89,37,0,,0,1.55,62,54,+8,+0.21,+0.21,Matches
203,Miguel Azeez,eng ENG,MF,Arsenal,eng Premier League,17,2002,0,,,,,0,,,0,,1,,,,,,,Matches
204,Ramon Azeez,ng NGA,MF,Granada,es La Liga,27,1992,2,101,51,3.0,1.1,1,90,1,1,11,9,1.50,1,6,-5,-4.46,-4.10,Matches
205,César Azpilicueta,es ESP,"DF,MF",Chelsea,eng Premier League,30,1989,26,2188,84,64.0,24.3,24,89,20,2,26,12,1.92,39,20,+19,+0.78,+0.56,Matches
206,Ousmane Ba,sn SEN,GK,Metz,fr Ligue 1,18,2002,0,,,,,0,,,0,,3,,,,,,,Matches
207,Ludovic Baal,gf GUF,DF,Brest,fr Ligue 1,34,1986,7,296,42,8.7,3.3,3,81,1,4,13,31,0.57,5,9,-4,-1.22,-0.87,Matches
208,Carlos Bacca,co COL,FW,Villarreal,es La Liga,33,1986,23,786,34,23.0,8.7,9,62,0,14,17,9,1.70,18,8,+10,+1.15,+0.94,Matches
209,Loïc Bade,fr FRA,DF,Lens,fr Ligue 1,20,2000,31,2610,84,76.3,29.0,29,89,27,2,10,0,1.42,39,44,-5,-0.17,-0.84,Matches
210,Milan Badelj,hr CRO,MF,Genoa,it Serie A,31,1989,30,2408,80,70.4,26.8,29,83,21,1,10,5,1.20,35,35,0,0.00,+0.98,Matches
211,Édgar Badía,es ESP,GK,Elche,es La Liga,28,1992,30,2700,90,78.9,30.0,30,90,30,0,,8,0.87,27,46,-19,-0.63,-0.38,Matches
212,Benoît Badiashile,fr FRA,DF,Monaco,fr Ligue 1,19,2001,35,2870,82,83.9,31.9,32,86,26,3,42,3,2.03,63,37,+26,+0.82,-0.49,Matches
213,Alex Baena,es ESP,MF,Villarreal,es La Liga,19,2001,6,137,23,4.0,1.5,2,53,0,4,8,32,1.67,0,2,-2,-1.31,-1.81,Matches
214,Miguel Baeza,es ESP,MF,Celta Vigo,es La Liga,20,2000,22,543,25,15.9,6.0,4,53,0,18,18,16,1.36,6,13,-7,-1.16,-1.32,Matches
215,Stéphane Bahoken,cm CMR,FW,Angers,fr Ligue 1,28,1992,30,1616,54,47.3,18.0,18,71,1,12,28,0,1.07,18,28,-10,-0.56,-0.16,Matches
216,Leon Bailey,jm JAM,"FW,MF",Leverkusen,de Bundesliga,22,1997,30,2141,71,70.0,23.8,25,82,15,5,20,0,1.57,42,27,+15,+0.63,+0.73,Matches
217,Eric Bailly,ci CIV,DF,Manchester Utd,eng Premier League,26,1994,12,916,76,26.8,10.2,10,90,9,2,11,14,1.92,16,17,-1,-0.10,-1.18,Matches
218,Dénys Bain,fr FRA,DF,Brest,fr Ligue 1,27,1993,0,,,,,0,,,0,,2,,,,,,,Matches
219,Stefan Bajic,fr FRA,GK,Saint-Étienne,fr Ligue 1,18,2001,1,90,90,2.6,1.0,1,90,1,0,,29,0.00,0,4,-4,-4.00,-3.78,Matches
220,Abdoulaye Bakayoko,fr FRA,DF,Saint-Étienne,fr Ligue 1,17,2002,0,,,,,0,,,0,,1,,,,,,,Matches
221,Tiemoué Bakayoko,fr FRA,MF,Napoli,it Serie A,25,1994,32,1964,61,57.4,21.8,23,81,8,9,12,3,1.94,51,29,+22,+1.01,-0.41,Matches
222,Mitchel Bakker,nl NED,"DF,MF",Paris Saint-Germain,fr Ligue 1,20,2000,26,1694,65,49.5,18.8,18,84,13,8,22,12,2.31,49,10,+39,+2.07,+1.08,Matches
223,Ridle Baku,de GER,"MF,DF",Wolfsburg,de Bundesliga,22,1998,32,2678,84,87.5,29.8,31,86,19,1,19,0,1.84,58,36,+22,+0.74,+0.27,Matches
224,Ridle Baku,de GER,DF,Mainz 05,de Bundesliga,22,1998,2,180,90,5.9,2.0,2,90,2,0,,0,0.00,2,7,-5,-2.50,-2.12,Matches
225,Dilane Bakwa,fr FRA,"FW,MF",Bordeaux,fr Ligue 1,17,2002,7,56,8,1.6,0.6,0,,0,7,8,10,1.43,2,2,0,0.00,+0.37,Matches
226,Fabián Balbuena,py PAR,DF,West Ham United,eng Premier League,28,1991,14,1198,86,35.0,13.3,13,89,12,1,38,20,1.71,21,19,+2,+0.15,-0.38,Matches
227,Keita Baldé,sn SEN,FW,Sampdoria,it Serie A,25,1995,25,1197,48,35.0,13.3,12,76,2,13,22,3,1.56,16,20,-4,-0.30,-0.38,Matches
228,George Baldock,gr GRE,"MF,DF",Sheffield United,eng Premier League,27,1993,32,2787,87,81.5,31.0,32,87,30,0,,3,0.63,14,51,-37,-1.19,-0.34,Matches
229,Gareth Bale,wls WAL,MF,Tottenham Hotspur,eng Premier League,31,1989,20,920,46,26.9,10.2,10,71,0,10,21,10,1.45,21,12,+9,+0.88,+0.38,Matches
230,Mikel Balenziaga,es ESP,DF,Athletic Club,es La Liga,32,1988,23,1689,73,49.4,18.8,17,86,13,6,39,14,1.17,18,23,-5,-0.27,-0.73,Matches
231,Leonardo Balerdi,ar ARG,DF,Marseille,fr Ligue 1,21,1999,21,1634,78,47.8,18.2,19,86,17,2,3,15,1.62,24,24,0,0.00,-0.35,Matches
232,Marco Ballarini,it ITA,MF,Udinese,it Serie A,19,2001,0,,,,,0,,0,0,,1,,,,,,,Matches
233,Fodé Ballo-Touré,sn SEN,DF,Monaco,fr Ligue 1,23,1997,24,662,28,19.4,7.4,6,78,4,18,11,9,2.13,16,16,0,0.00,-1.11,Matches
234,Botond Balogh,hu HUN,DF,Parma,it Serie A,18,2002,3,165,55,4.8,1.8,1,90,1,2,38,16,0.33,2,4,-2,-1.09,+0.07,Matches
235,Abdoulaye Bamba,ci CIV,DF,Angers,fr Ligue 1,30,1990,16,1347,84,39.4,15.0,16,84,13,0,,15,1.25,15,25,-10,-0.67,-0.32,Matches
236,Jonathan Bamba,ci CIV,MF,Lille,fr Ligue 1,24,1996,38,2985,79,87.3,33.2,34,85,21,4,28,0,2.18,52,19,+33,+0.99,-0.66,Matches
237,Robson Bambu,br BRA,DF,Nice,fr Ligue 1,22,1997,15,1046,70,30.6,11.6,12,84,9,3,12,17,1.60,18,15,+3,+0.26,+0.49,Matches
238,Patrick Bamford,eng ENG,FW,Leeds United,eng Premier League,26,1993,38,3050,80,89.2,33.9,37,81,24,1,45,0,1.55,51,50,+1,+0.03,-1.67,Matches
239,Abdoul Bane,it ITA,DF,Parma,it Serie A,19,2001,0,,,,,0,,0,0,,2,,,,,,,Matches
240,Cheick Bangoura,gn GUI,FW,Brest,fr Ligue 1,18,2001,0,,,,,0,,,0,,1,,,,,,,Matches
241,Mattia Bani,it ITA,DF,Bologna,it Serie A,26,1993,0,,,,,0,,0,0,,2,,,,,,,Matches
242,Mattia Bani,it ITA,DF,Genoa,it Serie A,26,1993,11,921,84,26.9,10.2,10,88,8,1,45,6,0.55,9,16,-7,-0.68,-0.54,Matches
243,Mattia Bani,it ITA,DF,Parma,it Serie A,26,1993,15,1145,76,33.5,12.7,14,81,9,1,13,2,0.40,17,30,-13,-1.02,+0.20,Matches
244,Simon Banza,cd COD,FW,Lens,fr Ligue 1,23,1996,34,1372,40,40.1,15.2,12,76,1,22,21,3,1.41,24,18,+6,+0.39,+0.61,Matches
245,Jamal Baptiste,eng ENG,DF,West Ham United,eng Premier League,16,2003,0,,,,,0,,,0,,1,,,,,,,Matches
246,Antonín Barák,cz CZE,MF,Hellas Verona,it Serie A,25,1994,34,2765,81,80.8,30.7,32,85,23,2,27,0,1.24,37,41,-4,-0.13,-0.41,Matches
247,Federico Barba,it ITA,DF,Benevento,it Serie A,26,1993,32,2659,83,77.7,29.5,31,85,26,1,16,0,0.84,30,55,-25,-0.85,+0.34,Matches
248,Danilo Barbosa,br BRA,DF,Nice,fr Ligue 1,24,1996,4,250,63,7.3,2.8,3,81,2,1,8,1,1.00,2,4,-2,-0.72,-0.69,Matches
249,Barcia,es ESP,DF,Granada,es La Liga,19,2000,1,90,90,2.6,1.0,1,90,1,0,,4,0.00,0,2,-2,-2.00,-1.57,Matches
250,Malcolm Barcola,tg TOG,GK,Lyon,fr Ligue 1,21,1999,0,,,,,0,,,0,,1,,,,,,,Matches
251,Melvin Bard,fr FRA,DF,Lyon,fr Ligue 1,19,2000,14,432,31,12.6,4.8,4,82,3,10,10,20,1.86,6,5,+1,+0.21,-0.91,Matches
252,Enis Bardhi,mk MKD,MF,Levante,es La Liga,25,1995,26,1682,65,49.2,18.7,19,80,9,7,23,2,0.92,16,29,-13,-0.70,-0.80,Matches
253,Phil Bardsley,sct SCO,DF,Burnley,eng Premier League,35,1985,4,274,69,8.0,3.0,3,90,3,1,4,23,0.75,3,8,-5,-1.64,-1.16,Matches
254,Nicolò Barella,it ITA,MF,Inter,it Serie A,23,1997,36,2896,80,84.7,32.2,32,87,23,4,31,1,2.36,65,31,+34,+1.06,-2.38,Matches
255,Philipp Bargfrede,de GER,MF,Werder Bremen,de Bundesliga,31,1989,1,27,27,0.9,0.3,0,,0,1,27,5,0.00,1,1,0,0.00,+0.62,Matches
256,Kike Barja,es ESP,"MF,FW",Osasuna,es La Liga,23,1997,33,1433,43,41.9,15.9,17,71,1,16,14,5,1.12,15,15,0,0.00,+0.50,Matches
257,Ross Barkley,eng ENG,MF,Aston Villa,eng Premier League,26,1993,24,1531,64,44.8,17.0,18,77,6,6,26,4,1.08,26,24,+2,+0.12,-0.22,Matches
258,Ross Barkley,eng ENG,MF,Chelsea,eng Premier League,26,1993,2,42,21,1.2,0.5,0,,0,2,21,1,1.50,1,0,+1,+2.14,+1.58,Matches
259,Aymen Barkok,ma MAR,"MF,FW",Eintracht Frankfurt,de Bundesliga,22,1998,26,977,38,31.9,10.9,9,74,1,17,18,6,1.73,20,15,+5,+0.46,-0.01,Matches
260,Ashley Barnes,eng ENG,FW,Burnley,eng Premier League,30,1989,22,1331,61,38.9,14.8,15,81,5,7,16,3,1.09,11,19,-8,-0.54,+0.06,Matches
261,Harvey Barnes,eng ENG,MF,Leicester City,eng Premier League,22,1997,25,1945,78,56.9,21.6,22,84,15,3,31,1,1.84,36,25,+11,+0.51,+0.08,Matches
262,Marc Baró,es ESP,DF,Cádiz,es La Liga,20,1999,1,90,90,2.6,1.0,1,90,1,0,,11,0.00,0,3,-3,-3.00,-2.49,Matches
263,Antonio Barragán,es ESP,DF,Elche,es La Liga,33,1987,27,2235,83,65.4,24.8,26,84,22,1,45,5,0.96,26,35,-9,-0.36,+0.55,Matches
264,Antonio Barreca,it ITA,MF,Fiorentina,it Serie A,25,1995,3,85,28,2.5,0.9,1,58,0,2,14,31,0.33,1,1,0,0.00,+0.32,Matches
265,Leandro Barreiro Martins,lu LUX,MF,Mainz 05,de Bundesliga,20,2000,29,2303,79,75.3,25.6,27,84,13,2,24,4,1.34,27,37,-10,-0.39,+0.44,Matches
266,Ander Barrenetxea,es ESP,MF,Real Sociedad,es La Liga,18,2001,31,1307,42,38.2,14.5,13,72,2,18,20,5,1.45,20,16,+4,+0.28,-0.45,Matches
267,Jacob Barrett Laursen,dk DEN,DF,Arminia,de Bundesliga,25,1994,16,1108,69,36.2,12.3,13,82,9,3,14,10,0.81,10,25,-15,-1.22,-0.71,Matches
268,Gerard Barri,es ESP,DF,Elche,es La Liga,19,2001,0,,,,,0,,0,0,,8,,,,,,,Matches
269,Musa Barrow,gm GAM,"MF,FW",Bologna,it Serie A,21,1998,38,2921,77,85.4,32.5,34,83,18,4,26,0,1.08,45,55,-10,-0.31,+0.41,Matches
270,Kyle Bartley,eng ENG,DF,West Brom,eng Premier League,29,1991,30,2584,86,75.6,28.7,28,90,27,2,35,3,0.73,31,53,-22,-0.77,+1.28,Matches
271,Paolo Bartolomei,it ITA,MF,Spezia,it Serie A,30,1989,6,320,53,9.4,3.6,3,84,2,3,23,4,0.67,5,10,-5,-1.41,-0.97,Matches
272,Teddy Bartouche-Selbonne,gp GLP,GK,Lorient,fr Ligue 1,23,1997,0,,,,,0,,,0,,8,,,,,,,Matches
273,Marc Bartra,es ESP,DF,Real Betis,es La Liga,29,1991,19,1694,89,49.5,18.8,19,89,18,0,,6,1.47,23,27,-4,-0.21,-0.42,Matches
274,Daniele Baselli,it ITA,MF,Torino,it Serie A,28,1992,15,396,26,11.6,4.4,3,64,1,12,17,7,1.13,6,5,+1,+0.23,+0.82,Matches
275,Salah Basha,eg EGY,FW,Udinese,it Serie A,17,2003,0,,,,,0,,0,0,,1,,,,,,,Matches
276,Chris Basham,eng ENG,DF,Sheffield United,eng Premier League,32,1988,31,2576,83,75.3,28.6,31,83,21,0,,0,0.55,14,51,-37,-1.29,-0.65,Matches
277,Toma Bašić,hr CRO,MF,Bordeaux,fr Ligue 1,23,1996,34,2601,77,76.1,28.9,32,80,20,2,25,1,1.24,32,41,-9,-0.31,+0.24,Matches
278,Thomas Basila,fr FRA,DF,Nantes,fr Ligue 1,21,1999,0,,,,,0,,,0,,17,,,,,,,Matches
279,Álvaro Bastida,es ESP,MF,Cádiz,es La Liga,16,2004,1,35,35,1.0,0.4,0,,0,1,35,1,1.00,0,1,-1,-2.57,-2.01,Matches
280,Alessandro Bastoni,it ITA,DF,Inter,it Serie A,21,1999,33,2922,89,85.4,32.5,33,89,29,0,,3,2.45,71,26,+45,+1.39,-0.24,Matches
281,Simone Bastoni,it ITA,DF,Spezia,it Serie A,23,1996,22,1522,69,44.5,16.9,19,76,8,3,28,9,0.91,26,34,-8,-0.47,+0.10,Matches
282,Bastos,ao ANG,DF,Lazio,it Serie A,29,1991,2,63,32,1.8,0.7,0,,0,2,32,0,0.50,0,2,-2,-2.86,-3.07,Matches
283,Michy Batshuayi,be BEL,FW,Crystal Palace,eng Premier League,26,1993,18,728,40,21.3,8.1,7,79,2,11,16,17,0.94,10,15,-5,-0.62,+0.05,Matches
284,Rodrigo Battaglia,ar ARG,MF,Alavés,es La Liga,29,1991,32,2492,78,72.9,27.7,29,85,22,3,11,2,1.03,30,46,-16,-0.58,-0.09,Matches
285,Thomas Battistella,it ITA,MF,Udinese,it Serie A,19,2001,0,,,,,0,,0,0,,5,,,,,,,Matches
286,Cristian Battocchio,it ITA,MF,Brest,fr Ligue 1,28,1992,15,355,24,10.4,3.9,2,77,0,13,16,2,1.47,4,11,-7,-1.77,-1.51,Matches
287,Oliver Baumann,de GER,GK,Hoffenheim,de Bundesliga,30,1990,31,2790,90,91.2,31.0,31,90,31,0,,0,1.23,48,51,-3,-0.10,-0.43,Matches
288,Julian Baumgartlinger,at AUT,MF,Leverkusen,de Bundesliga,32,1988,17,1072,63,35.0,11.9,12,83,8,5,14,1,1.65,25,12,+13,+1.09,+1.05,Matches
289,Christoph Baumgartner,at AUT,"MF,FW",Hoffenheim,de Bundesliga,20,1999,31,2369,76,77.4,26.3,28,81,13,3,30,0,1.23,43,46,-3,-0.11,-0.24,Matches
290,Jon Bautista,es ESP,FW,Real Sociedad,es La Liga,25,1995,21,370,18,10.8,4.1,0,,0,21,18,17,1.48,5,6,-1,-0.24,-0.89,Matches
291,Cyrille Bayala,bf BFA,"FW,MF",Lens,fr Ligue 1,24,1996,0,,,,,0,,,0,,3,,,,,,,Matches
292,Paul Baysse,fr FRA,DF,Bordeaux,fr Ligue 1,32,1988,31,2614,84,76.4,29.0,29,89,28,2,19,3,1.23,36,43,-7,-0.24,+0.54,Matches
293,Noah Joel Sarenren Bazee,ng NGA,"FW,MF",Augsburg,de Bundesliga,23,1996,5,36,7,1.2,0.4,0,,0,5,7,7,1.20,2,3,-1,-2.50,-1.99,Matches
294,Ihlas Bebou,tg TOG,"FW,MF",Hoffenheim,de Bundesliga,26,1994,32,2200,69,71.9,24.4,23,85,13,9,28,2,1.31,43,40,+3,+0.12,+0.65,Matches
295,Rodrigo Becão,br BRA,DF,Udinese,it Serie A,24,1996,35,2780,79,81.3,30.9,32,85,26,3,18,2,1.06,33,46,-13,-0.42,0.00,Matches
296,Sheraldo Becker,sr SUR,"MF,FW",Union Berlin,de Bundesliga,25,1995,18,1106,61,36.1,12.3,15,71,2,3,14,1,1.61,25,13,+12,+0.98,+1.21,Matches
297,Timo Becker,de GER,DF,Schalke 04,de Bundesliga,23,1997,20,1640,82,53.6,18.2,18,89,16,2,23,2,0.60,17,44,-27,-1.48,+0.67,Matches
298,Jan Bednarek,pl POL,DF,Southampton,eng Premier League,24,1996,36,3100,86,90.6,34.4,36,86,32,0,,1,1.11,41,59,-18,-0.52,+0.32,Matches
299,Donny van de Beek,nl NED,MF,Manchester Utd,eng Premier League,23,1997,19,524,28,15.3,5.8,4,79,3,15,14,15,1.89,18,12,+6,+1.03,+0.32,Matches
300,Valon Behrami,ch SUI,MF,Genoa,it Serie A,35,1985,26,892,34,26.1,9.9,8,62,0,18,22,12,1.50,10,17,-7,-0.71,-0.56,Matches
301,Brian Behrendt,de GER,"DF,MF",Arminia,de Bundesliga,28,1991,3,79,26,2.6,0.9,0,,0,3,26,0,0.00,1,1,0,0.00,+0.78,Matches
302,Maximilian Beier,de GER,"FW,MF",Hoffenheim,de Bundesliga,17,2002,3,10,3,0.3,0.1,0,,0,3,3,8,1.33,0,1,-1,-9.00,-8.97,Matches
303,Ishak Belfodil,dz ALG,FW,Hoffenheim,de Bundesliga,28,1992,14,596,43,19.5,6.6,7,68,1,7,18,12,0.50,4,14,-10,-1.51,-1.80,Matches
304,Erwan Belhadji,fr FRA,FW,Dijon,fr Ligue 1,19,2001,1,30,30,0.9,0.3,0,,0,1,30,1,3.00,0,0,0,0.00,+1.27,Matches
305,Haris Belkebla,dz ALG,MF,Brest,fr Ligue 1,26,1994,35,2727,78,79.7,30.3,33,82,20,2,16,0,1.09,33,51,-18,-0.59,-0.85,Matches
306,Stefan Bell,de GER,DF,Mainz 05,de Bundesliga,28,1991,16,1266,79,41.4,14.1,16,79,9,0,,4,1.81,18,17,+1,+0.07,+0.97,Matches
307,Karim Bellarabi,de GER,MF,Leverkusen,de Bundesliga,30,1990,22,798,36,26.1,8.9,7,73,0,15,19,5,1.59,8,7,+1,+0.11,-0.40,Matches
308,Jean-Ricner Bellegarde,ht HAI,MF,Strasbourg,fr Ligue 1,22,1998,36,2086,58,61.0,23.2,25,74,4,11,21,0,1.06,28,35,-7,-0.30,-0.17,Matches
309,Héctor Bellerín,es ESP,"DF,MF",Arsenal,eng Premier League,25,1995,25,2089,84,61.1,23.2,24,86,20,1,22,9,1.48,26,24,+2,+0.09,-0.86,Matches
310,Jude Bellingham,eng ENG,MF,Dortmund,de Bundesliga,17,2003,29,1697,59,55.5,18.9,19,76,5,10,26,2,1.79,41,29,+12,+0.64,-0.49,Matches
311,Andrea Belotti,it ITA,FW,Torino,it Serie A,26,1993,35,2888,83,84.4,32.1,33,87,23,2,12,2,1.06,41,47,-6,-0.19,+2.01,Matches
312,Fran Beltrán,es ESP,MF,Celta Vigo,es La Liga,21,1999,32,1399,44,40.9,15.5,13,76,3,19,22,6,1.53,24,28,-4,-0.26,-0.35,Matches
313,Adil Ben Achour,fr FRA,FW,Montpellier,fr Ligue 1,18,2002,0,,,,,0,,,0,,3,,,,,,,Matches
314,Sami Ben Amar,ma MAR,FW,Nîmes,fr Ligue 1,22,1998,1,7,7,0.2,0.1,0,,0,1,7,1,3.00,1,0,+1,+12.86,+13.70,Matches
315,Hatem Ben Arfa,fr FRA,"MF,FW",Bordeaux,fr Ligue 1,33,1987,24,1703,71,49.8,18.9,19,82,9,5,29,0,0.83,18,35,-17,-0.90,-1.06,Matches
316,Salim Ben Seghir,fr FRA,FW,Nice,fr Ligue 1,17,2003,1,7,7,0.2,0.1,0,,0,1,7,8,0.00,0,0,0,0.00,+0.08,Matches
317,Wissam Ben Yedder,fr FRA,FW,Monaco,fr Ligue 1,29,1990,37,2607,70,76.2,29.0,32,76,8,5,38,0,2.03,56,36,+20,+0.69,-0.86,Matches
318,Ahmad Benali,ly LBY,MF,Crotone,it Serie A,28,1992,18,1214,67,35.5,13.5,15,77,9,3,20,0,0.50,11,28,-17,-1.26,-0.04,Matches
319,Marco Benassi,it ITA,MF,Hellas Verona,it Serie A,25,1994,0,,,,,0,,0,0,,1,,,,,,,Matches
320,Samy Benchamma,fr FRA,MF,Montpellier,fr Ligue 1,20,2000,5,42,8,1.2,0.5,0,,0,5,8,7,1.40,1,1,0,0.00,+0.05,Matches
321,Lars Bender,de GER,DF,Leverkusen,de Bundesliga,31,1989,14,936,67,30.6,10.4,12,75,5,2,16,3,2.00,21,8,+13,+1.25,+1.21,Matches
322,Sven Bender,de GER,DF,Leverkusen,de Bundesliga,31,1989,18,1170,65,38.2,13.0,14,80,8,4,13,2,1.78,21,17,+4,+0.31,-0.17,Matches
323,Darío Benedetto,ar ARG,FW,Marseille,fr Ligue 1,30,1990,32,1579,49,46.2,17.5,19,72,2,13,16,2,1.53,26,21,+5,+0.28,+0.19,Matches
324,László Bénes,sk SVK,"MF,FW",Augsburg,de Bundesliga,22,1997,12,660,55,21.6,7.3,9,68,1,3,16,3,0.83,6,13,-7,-0.95,-0.54,Matches
325,László Bénes,sk SVK,MF,Gladbach,de Bundesliga,22,1997,7,150,21,4.9,1.7,1,45,0,6,18,6,1.43,3,5,-2,-1.20,-1.51,Matches
326,Walter Benítez,ar ARG,GK,Nice,fr Ligue 1,27,1993,38,3420,90,100.0,38.0,38,90,38,0,,0,1.37,50,53,-3,-0.08,,Matches
327,Loris Benito,ch SUI,DF,Bordeaux,fr Ligue 1,28,1992,31,2651,86,77.5,29.5,30,87,27,1,45,3,1.23,31,42,-11,-0.37,-0.02,Matches
328,Sergio Benito,es ESP,FW,Valladolid,es La Liga,21,1999,1,2,2,0.1,0.0,0,,0,1,2,3,1.00,0,0,0,0.00,+0.61,Matches
329,Bilal Benkhedim,dz ALG,FW,Saint-Étienne,fr Ligue 1,19,2001,3,73,24,2.1,0.8,1,59,0,2,7,3,0.00,0,2,-2,-2.47,-2.20,Matches
330,Djamel Benlamri,dz ALG,DF,Lyon,fr Ligue 1,30,1989,6,149,25,4.4,1.7,0,,0,6,25,19,1.67,1,3,-2,-1.21,-2.31,Matches
331,Ismaël Bennacer,dz ALG,MF,Milan,it Serie A,22,1997,21,1326,63,38.8,14.7,17,71,4,4,31,0,2.24,28,17,+11,+0.75,-0.20,Matches
332,Saïd Benrahma,dz ALG,MF,West Ham United,eng Premier League,24,1995,30,1391,46,40.7,15.5,14,77,2,16,20,2,1.77,26,19,+7,+0.45,+0.10,Matches
333,Yassine Benrahou,fr FRA,MF,Nîmes,fr Ligue 1,21,1999,23,1239,54,36.2,13.8,15,73,3,8,18,6,0.91,18,23,-5,-0.36,+0.71,Matches
334,Ramy Bensebaini,dz ALG,DF,Gladbach,de Bundesliga,25,1995,25,1811,72,59.2,20.1,20,86,13,5,17,1,1.44,40,36,+4,+0.20,-0.09,Matches
335,Josh Benson,eng ENG,MF,Burnley,eng Premier League,20,1999,6,264,44,7.7,2.9,2,82,1,4,25,17,1.17,1,7,-6,-2.05,-1.59,Matches
336,Nabil Bentaleb,dz ALG,MF,Schalke 04,de Bundesliga,25,1994,9,548,61,17.9,6.1,6,80,4,3,23,2,0.33,2,19,-17,-2.79,-1.22,Matches
337,Rodrigo Bentancur,uy URU,MF,Juventus,it Serie A,23,1997,33,2324,70,68.0,25.8,27,82,18,6,20,1,1.97,48,25,+23,+0.89,-0.42,Matches
338,Christian Benteke,be BEL,FW,Crystal Palace,eng Premier League,29,1990,30,1816,61,53.1,20.2,21,81,11,9,13,4,1.07,23,34,-11,-0.55,+0.24,Matches
339,Killian Benvindo,fr FRA,MF,Brest,fr Ligue 1,19,2001,0,,,,,0,,,0,,2,,,,,,,Matches
340,Karim Benzema,fr FRA,FW,Real Madrid,es La Liga,32,1987,34,2894,85,84.6,32.2,33,87,24,1,26,0,2.32,63,24,+39,+1.21,+1.21,Matches
341,Yassine Benzia,dz ALG,"MF,FW",Dijon,fr Ligue 1,25,1994,7,407,58,11.9,4.5,5,73,0,2,22,1,0.43,4,7,-3,-0.66,+0.68,Matches
342,Alessandro Berardi,it ITA,GK,Hellas Verona,it Serie A,29,1991,1,28,28,0.8,0.3,0,,0,1,28,36,1.00,1,0,+1,+3.21,+3.29,Matches
343,Domenico Berardi,it ITA,MF,Sassuolo,it Serie A,25,1994,30,2475,83,72.4,27.5,28,86,18,2,36,0,1.77,50,37,+13,+0.47,+0.95,Matches
344,Gaetano Berardi,ch SUI,DF,Leeds United,eng Premier League,31,1988,2,113,57,3.3,1.3,1,68,0,1,45,9,3.00,4,0,+4,+3.19,+3.08,Matches
345,Yuri Berchiche,es ESP,DF,Athletic Club,es La Liga,30,1990,23,1682,73,49.2,18.7,21,79,15,2,13,3,1.09,26,19,+7,+0.37,+0.53,Matches
346,Álex Berenguer,es ESP,MF,Torino,it Serie A,25,1995,2,131,66,3.8,1.5,2,66,0,0,,0,0.00,2,4,-2,-1.37,-0.91,Matches
347,Álex Berenguer,es ESP,MF,Athletic Club,es La Liga,25,1995,35,2278,65,66.6,25.3,27,78,8,8,22,0,1.23,33,23,+10,+0.40,+0.87,Matches
348,Bartosz Bereszyński,pl POL,DF,Sampdoria,it Serie A,28,1992,31,2607,84,76.2,29.0,29,88,28,2,34,1,1.29,37,42,-5,-0.17,-0.50,Matches
349,Jóhann Berg Guðmundsson,is ISL,MF,Burnley,eng Premier League,29,1990,22,1363,62,39.9,15.1,16,76,4,6,24,4,0.86,15,24,-9,-0.59,-0.03,Matches
350,Sander Berge,no NOR,MF,Sheffield United,eng Premier League,22,1998,15,1120,75,32.7,12.4,13,82,11,2,30,0,0.07,6,23,-17,-1.37,-0.35,Matches
351,Steven Bergwijn,nl NED,"MF,FW",Tottenham Hotspur,eng Premier League,22,1997,21,1208,58,35.3,13.4,13,79,2,8,22,5,1.67,21,15,+6,+0.45,-0.24,Matches
352,Dion Berisha,xk KVX,MF,Augsburg,de Bundesliga,17,2003,0,,,,,0,,0,0,,4,,,,,,,Matches
353,Valon Berisha,xk KVX,MF,Reims,fr Ligue 1,27,1993,24,1645,69,48.1,18.3,17,85,11,7,28,1,1.29,23,20,+3,+0.16,+0.72,Matches
354,Adrian Bernabe,es ESP,MF,Manchester City,eng Premier League,19,2001,0,,,,,0,,,0,,5,,,,,,,Matches
355,Bernaola,es ESP,MF,Athletic Club,es La Liga,21,1999,0,,,,,0,,0,0,,1,,,,,,,Matches
356,Bernard,br BRA,"MF,FW",Everton,eng Premier League,27,1992,12,455,38,13.3,5.1,3,79,1,9,24,21,0.50,4,7,-3,-0.59,-0.65,Matches
357,Federico Bernardeschi,it ITA,"MF,DF",Juventus,it Serie A,26,1994,27,972,36,28.4,10.8,8,76,4,19,19,6,2.11,17,12,+5,+0.46,-0.79,Matches
358,Bernardo,br BRA,MF,Brighton,eng Premier League,25,1995,3,206,69,6.0,2.3,2,90,2,1,26,9,0.00,0,3,-3,-1.31,-1.23,Matches
359,Paul Bernardoni,fr FRA,GK,Angers,fr Ligue 1,23,1997,38,3420,90,100.0,38.0,38,90,38,0,,0,1.16,40,58,-18,-0.47,,Matches
360,Juan Bernat,es ESP,DF,Paris Saint-Germain,fr Ligue 1,27,1993,3,194,65,5.7,2.2,2,83,0,1,28,0,1.00,1,2,-1,-0.46,-2.11,Matches
361,Dimitry Bertaud,cd COD,GK,Montpellier,fr Ligue 1,22,1998,9,745,83,21.8,8.3,7,90,7,2,58,25,1.56,10,11,-1,-0.12,-0.09,Matches
362,Ugo Bertelli,fr FRA,MF,Marseille,fr Ligue 1,17,2003,0,,,,,0,,,0,,4,,,,,,,Matches
363,Lorenzo Bertini,it ITA,FW,Hellas Verona,it Serie A,18,2001,0,,,,,0,,0,0,,5,,,,,,,Matches
364,Marco Bertini,it ITA,MF,Lazio,it Serie A,17,2002,1,5,5,0.1,0.1,0,,0,1,5,0,0.00,0,0,0,0.00,-0.16,Matches
365,Nicolò Bertola,it ITA,DF,Spezia,it Serie A,17,2003,0,,,,,0,,0,0,,1,,,,,,,Matches
366,Ryan Bertrand,eng ENG,DF,Southampton,eng Premier League,30,1989,29,2598,90,76.0,28.9,29,90,28,0,,0,1.14,36,51,-15,-0.52,+0.14,Matches
367,Benjamin Besic,fr FRA,FW,Strasbourg,fr Ligue 1,18,2002,0,,,,,0,,,0,,2,,,,,,,Matches
368,Daniel Bessa,it ITA,MF,Hellas Verona,it Serie A,27,1993,18,615,34,18.0,6.8,4,80,1,14,21,4,0.94,7,14,-7,-1.02,-1.18,Matches
369,Loïc Bessile,tg TOG,DF,Bordeaux,fr Ligue 1,21,1999,1,90,90,2.6,1.0,1,90,1,0,,5,3.00,2,1,+1,+1.00,+1.41,Matches
370,Jordan Beyer,de GER,DF,Gladbach,de Bundesliga,20,2000,4,188,47,6.1,2.1,2,90,2,2,4,17,2.25,4,4,0,0.00,-0.25,Matches
371,Alessandro Bianco,it ITA,MF,Fiorentina,it Serie A,17,2002,0,,,,,0,,0,0,,3,,,,,,,Matches
372,Giulian Biancone,fr FRA,DF,Monaco,fr Ligue 1,20,2000,2,92,46,2.7,1.0,1,73,0,1,19,2,1.50,0,1,-1,-0.98,-1.92,Matches
373,Bartosz Białek,pl POL,FW,Wolfsburg,de Bundesliga,18,2001,19,270,14,8.8,3.0,1,72,0,18,11,12,1.95,9,3,+6,+2.00,+1.42,Matches
374,José Bica,pt POR,FW,Lille,fr Ligue 1,17,2003,0,,,,,0,,,0,,1,,,,,,,Matches
375,Ermin Bičakčić,ba BIH,DF,Hoffenheim,de Bundesliga,30,1990,2,128,64,4.2,1.4,2,64,1,0,,0,3.00,5,3,+2,+1.41,+1.53,Matches
376,Pedro Bigas,es ESP,DF,Eibar,es La Liga,29,1990,21,1529,73,44.7,17.0,19,79,15,2,16,5,0.67,13,22,-9,-0.53,+0.14,Matches
377,El Bilal Touré,ml MLI,FW,Reims,fr Ligue 1,18,2001,33,1245,38,36.4,13.8,11,69,0,22,22,3,1.03,15,27,-12,-0.87,-1.03,Matches
378,Cristiano Biraghi,it ITA,"MF,DF",Fiorentina,it Serie A,27,1992,35,2803,80,82.0,31.1,31,87,22,4,30,2,1.03,37,49,-12,-0.39,-0.39,Matches
379,Davide Biraschi,it ITA,"DF,MF",Genoa,it Serie A,26,1994,13,915,70,26.8,10.2,11,78,7,2,29,3,1.00,16,23,-7,-0.69,-0.54,Matches
380,Nathan Bishop,eng ENG,GK,Manchester Utd,eng Premier League,20,1999,0,,,,,0,,,0,,1,,,,,,,Matches
381,Yves Bissouma,ml MLI,MF,Brighton,eng Premier League,23,1996,36,3111,86,91.0,34.6,35,88,30,1,29,0,1.14,36,42,-6,-0.17,-0.17,Matches
382,Leonardo Bittencourt,de GER,MF,Werder Bremen,de Bundesliga,26,1993,27,1514,56,49.5,16.8,19,70,4,8,24,4,0.89,22,29,-7,-0.42,+0.40,Matches
383,Alejandro Blanco,es ESP,MF,Valencia,es La Liga,21,1998,13,580,45,17.0,6.4,6,68,0,7,25,23,1.23,6,7,-1,-0.16,-0.09,Matches
384,Antonio Blanco,es ESP,MF,Real Madrid,es La Liga,20,2000,4,220,55,6.4,2.4,2,90,2,2,20,8,2.00,5,0,+5,+2.05,+1.09,Matches
385,Pepe Blanco,es ESP,MF,Alavés,es La Liga,21,1999,0,,,,,0,,0,0,,4,,,,,,,Matches
386,Raúl Blanco,es ESP,MF,Celta Vigo,es La Liga,19,2001,0,,,,,0,,0,0,,4,,,,,,,Matches
387,Rubén Blanco,es ESP,GK,Celta Vigo,es La Liga,25,1995,19,1637,86,47.9,18.2,19,86,17,0,,1,1.42,28,27,+1,+0.05,+0.21,Matches
388,Ludovic Blas,fr FRA,"MF,FW",Nantes,fr Ligue 1,22,1997,36,2787,77,81.5,31.0,32,85,14,4,15,1,1.08,41,45,-4,-0.13,+0.44,Matches
389,Jérémy Blasco,fr FRA,DF,Real Sociedad,es La Liga,21,1999,0,,,,,0,,0,0,,2,,,,,,,Matches
390,Alejandro Blesa,es ESP,MF,Levante,es La Liga,18,2002,1,11,11,0.3,0.1,0,,0,1,11,4,1.00,0,0,0,0.00,+0.29,Matches
391,Ernest Boahene,gh GHA,DF,Metz,fr Ligue 1,20,2000,0,,,,,0,,,0,,11,,,,,,,Matches
392,Jérôme Boateng,de GER,DF,Bayern Munich,de Bundesliga,31,1988,29,2368,82,77.4,26.3,29,82,18,0,,3,2.34,75,33,+42,+1.60,-0.09,Matches
393,Antonin Bobichon,fr FRA,"MF,FW",Angers,fr Ligue 1,24,1995,23,911,40,26.6,10.1,10,73,2,13,14,15,1.26,11,15,-4,-0.40,+0.11,Matches
394,Salvatore Bocchetti,it ITA,DF,Hellas Verona,it Serie A,33,1986,0,,,,,0,,0,0,,1,,,,,,,Matches
395,Salvatore Boccia,it ITA,DF,Cagliari,it Serie A,19,2001,0,,,,,0,,0,0,,4,,,,,,,Matches
396,Yann Bodiger,fr FRA,MF,Cádiz,es La Liga,25,1995,9,251,28,7.3,2.8,2,68,1,7,17,9,1.33,3,4,-1,-0.36,+0.24,Matches
397,Pietro Boer,it ITA,GK,Roma,it Serie A,18,2002,0,,,,,0,,0,0,,7,,,,,,,Matches
398,Jean-Paul Boëtius,sr SUR,"MF,FW",Mainz 05,de Bundesliga,26,1994,31,2065,67,67.5,22.9,23,81,8,8,24,3,1.03,28,39,-11,-0.48,+0.06,Matches
399,Sacha Boey,fr FRA,DF,Dijon,fr Ligue 1,19,2000,24,1863,78,54.5,20.7,21,87,17,3,11,3,0.54,15,33,-18,-0.87,+0.86,Matches
400,Sacha Boey,fr FRA,DF,Rennes,fr Ligue 1,19,2000,2,124,62,3.6,1.4,2,62,1,0,,1,1.00,2,2,0,0.00,-0.33,Matches
401,Jeremie Boga,ci CIV,MF,Sassuolo,it Serie A,23,1997,27,1785,66,52.2,19.8,20,79,8,7,30,2,1.48,30,32,-2,-0.10,-0.65,Matches
402,Melayro Bogarde,sr SUR,DF,Hoffenheim,de Bundesliga,18,2002,9,277,31,9.1,3.1,2,88,1,7,14,22,1.67,3,9,-6,-1.95,-2.08,Matches
403,Jayden Bogle,eng ENG,MF,Sheffield United,eng Premier League,20,2000,16,1110,69,32.5,12.3,12,85,9,4,24,7,0.81,9,20,-11,-0.89,+0.35,Matches
404,Mateusz Bogusz,pl POL,"FW,MF",Leeds United,eng Premier League,18,2001,0,,,,,0,,,0,,1,,,,,,,Matches
405,Quentin Boisgard,fr FRA,"MF,FW",Lorient,fr Ligue 1,23,1997,24,1314,55,38.4,14.6,17,71,2,7,15,3,1.08,16,23,-7,-0.48,-0.01,Matches
406,Malcom Bokélé,cm CMR,DF,Bordeaux,fr Ligue 1,20,2000,0,,,,,0,,,0,,1,,,,,,,Matches
407,Charles Boli,fr FRA,MF,Lens,fr Ligue 1,21,1998,0,,,,,0,,,0,,3,,,,,,,Matches
408,Willy Boly,ci CIV,DF,Wolves,eng Premier League,29,1991,21,1879,89,54.9,20.9,21,89,20,0,,5,1.29,19,29,-10,-0.48,-0.13,Matches
409,Kévin Boma,tg TOG,DF,Angers,fr Ligue 1,17,2002,0,,,,,0,,,0,,6,,,,,,,Matches
410,Giacomo Bonaventura,it ITA,MF,Fiorentina,it Serie A,30,1989,34,2256,66,66.0,25.1,27,77,8,7,24,0,1.15,34,38,-4,-0.16,+0.46,Matches
411,Federico Bonazzoli,it ITA,FW,Torino,it Serie A,23,1997,20,564,28,16.5,6.3,4,75,3,16,17,13,0.75,13,24,-11,-1.76,-1.50,Matches
412,Federico Bonazzoli,it ITA,FW,Sampdoria,it Serie A,23,1997,2,131,66,3.8,1.5,2,66,0,0,,1,0.00,2,2,0,0.00,+0.05,Matches
413,Pépé Bonet,fr FRA,GK,Rennes,fr Ligue 1,17,2003,0,,,,,0,,,0,,13,,,,,,,Matches
414,Kevin Bonifazi,it ITA,DF,Udinese,it Serie A,24,1996,30,2469,82,72.2,27.4,28,88,22,2,9,4,0.97,31,44,-13,-0.47,-0.19,Matches
415,Leonardo Bonucci,it ITA,DF,Juventus,it Serie A,33,1987,26,2028,78,59.3,22.5,23,85,16,3,25,4,2.11,45,23,+22,+0.98,-0.12,Matches
416,Elias Bördner,de GER,GK,Eintracht Frankfurt,de Bundesliga,18,2002,1,90,90,2.9,1.0,1,90,1,0,,7,3.00,3,1,+2,+2.00,+1.58,Matches
417,Giuseppe Borello,it ITA,MF,Crotone,it Serie A,21,1999,0,,,,,0,,0,0,,1,,,,,,,Matches
418,Nicola Borghetto,it ITA,GK,Hellas Verona,it Serie A,20,1999,0,,,,,0,,0,0,,1,,,,,,,Matches
419,Dennis Borkowski,de GER,"FW,MF",RB Leipzig,de Bundesliga,18,2002,2,11,6,0.4,0.1,0,,0,2,6,6,2.00,0,0,0,0.00,-0.83,Matches
420,Sebastiaan Bornauw,be BEL,DF,Köln,de Bundesliga,21,1999,24,2083,87,68.1,23.1,23,90,23,1,13,1,1.04,21,40,-19,-0.82,-0.18,Matches
421,Sven Botman,nl NED,DF,Lille,fr Ligue 1,20,2000,37,3309,89,96.8,36.8,37,89,35,0,,1,2.22,64,23,+41,+1.12,+1.12,Matches
422,Denis Bouanga,ga GAB,"MF,FW",Saint-Étienne,fr Ligue 1,25,1994,36,2720,76,79.5,30.2,30,83,10,6,38,0,1.28,38,39,-1,-0.03,+1.38,Matches
423,Hicham Boudaoui,dz ALG,MF,Nice,fr Ligue 1,20,1999,25,1736,69,50.8,19.3,22,76,6,3,20,1,1.12,22,33,-11,-0.57,-1.00,Matches
424,Ryad Boudebouz,dz ALG,"MF,FW",Saint-Étienne,fr Ligue 1,30,1990,14,651,47,19.0,7.2,7,69,1,7,24,4,0.86,5,15,-10,-1.38,-1.32,Matches
425,Sofiane Boufal,ma MAR,MF,Angers,fr Ligue 1,26,1993,14,732,52,21.4,8.1,9,69,0,5,22,0,1.21,9,10,-1,-0.12,+0.45,Matches
426,Nassim Boujellab,ma MAR,"MF,FW",Schalke 04,de Bundesliga,21,1999,12,605,50,19.8,6.7,6,72,3,6,29,2,0.25,3,18,-15,-2.23,-0.55,Matches
427,Carlo Boukhalfa,ma MAR,MF,Freiburg,de Bundesliga,21,1999,0,,,,,0,,0,0,,7,,,,,,,Matches
428,Farid Boulaya,dz ALG,"MF,FW",Metz,fr Ligue 1,27,1993,33,2815,85,82.3,31.3,32,87,23,1,32,1,1.27,37,34,+3,+0.10,+1.14,Matches
429,Ismail Bouleghcha,ma MAR,DF,Lille,fr Ligue 1,17,2002,0,,,,,0,,,0,,4,,,,,,,Matches
430,Teddy Boulhendi,fr FRA,GK,Nice,fr Ligue 1,19,2001,0,,,,,0,,,0,,2,,,,,,,Matches
431,Yassine Bounou,ma MAR,GK,Sevilla,es La Liga,29,1991,33,2970,90,86.8,33.0,33,90,33,0,,2,2.06,46,28,+18,+0.55,+0.15,Matches
432,Ismaël Boura,km COM,"MF,DF",Lens,fr Ligue 1,19,2000,20,824,41,24.1,9.2,8,75,2,12,19,10,,11,15,-4,-0.44,-0.61,Matches
433,Mehdi Bourabia,ma MAR,MF,Sassuolo,it Serie A,28,1991,15,528,35,15.4,5.9,4,73,2,11,21,10,1.93,15,11,+4,+0.68,+0.56,Matches
434,Benjamin Bourigeaud,fr FRA,"MF,FW",Rennes,fr Ligue 1,26,1994,37,2552,69,74.6,28.4,29,82,15,8,22,0,1.57,33,27,+6,+0.21,-0.41,Matches
435,Edoardo Bove,it ITA,MF,Roma,it Serie A,18,2002,1,11,11,0.3,0.1,0,,0,1,11,0,3.00,1,0,+1,+8.18,+7.94,Matches
436,Jarrod Bowen,eng ENG,"MF,FW",West Ham United,eng Premier League,23,1996,38,2562,67,74.9,28.5,30,79,6,8,23,0,1.71,43,33,+10,+0.35,-0.17,Matches
437,Dedryck Boyata,be BEL,DF,Hertha BSC,de Bundesliga,29,1990,19,1545,81,50.5,17.2,17,88,14,2,24,0,1.16,25,26,-1,-0.06,+0.54,Matches
438,John Boye,gh GHA,DF,Metz,fr Ligue 1,33,1987,35,3041,87,88.9,33.8,35,87,29,0,,0,1.23,39,38,+1,+0.03,+1.22,Matches
439,Lucas Boyé,ar ARG,FW,Elche,es La Liga,24,1996,34,2694,79,78.8,29.9,32,83,16,2,25,0,0.82,28,41,-13,-0.43,+0.56,Matches
440,Harry Boyes,eng ENG,"DF,MF",Sheffield United,eng Premier League,18,2001,0,,,,,0,,,0,,1,,,,,,,Matches
441,Can Bozdogan,de GER,MF,Schalke 04,de Bundesliga,19,2001,14,651,47,21.3,7.2,5,64,0,9,37,14,0.57,6,16,-10,-1.38,+0.52,Matches
442,Umut Bozok,tr TUR,FW,Lorient,fr Ligue 1,23,1996,5,61,12,1.8,0.7,0,,0,5,12,4,0.20,2,0,+2,+2.95,+3.49,Matches
443,Jayden Braaf,nl NED,FW,Udinese,it Serie A,17,2002,4,116,29,3.4,1.3,1,69,0,3,16,9,1.50,3,4,-1,-0.78,-0.37,Matches
444,Domagoj Bradarić,hr CRO,DF,Lille,fr Ligue 1,20,1999,26,1263,49,36.9,14.0,14,78,9,12,14,11,2.31,29,11,+18,+1.28,+0.32,Matches
445,Robbie Brady,ie IRL,MF,Burnley,eng Premier League,28,1992,19,1052,55,30.8,11.7,12,75,4,7,21,2,1.58,8,6,+2,+0.17,+1.08,Matches
446,Martin Braithwaite,dk DEN,"FW,MF",Barcelona,es La Liga,29,1991,29,1175,41,34.4,13.1,11,81,7,18,16,3,2.03,27,12,+15,+1.15,-0.13,Matches
447,Federico Brancolini,it ITA,GK,Fiorentina,it Serie A,19,2001,0,,,,,0,,0,0,,8,,,,,,,Matches
448,Brandon,es ESP,"FW,MF",Osasuna,es La Liga,25,1995,0,,,,,0,,0,0,,8,,,,,,,Matches
449,Julian Brandt,de GER,"MF,FW",Dortmund,de Bundesliga,24,1996,31,1495,48,48.9,16.6,17,74,7,14,17,3,1.87,36,26,+10,+0.60,-0.49,Matches
450,Jarrad Branthwaite,eng ENG,DF,Everton,eng Premier League,18,2002,0,,,,,0,,,0,,4,,,,,,,Matches
451,Darko Brašanac,rs SRB,MF,Osasuna,es La Liga,28,1992,16,909,57,26.6,10.1,9,80,4,7,26,5,0.88,11,12,-1,-0.10,+0.26,Matches
452,Lilian Brassier,fr FRA,DF,Rennes,fr Ligue 1,20,1999,0,,,,,0,,,0,,2,,,,,,,Matches
453,Lilian Brassier,fr FRA,DF,Brest,fr Ligue 1,20,1999,11,962,87,28.1,10.7,11,87,10,0,,16,1.18,14,17,-3,-0.28,+0.20,Matches
454,Álvaro Bravo,es ESP,MF,Granada,es La Liga,22,1998,1,15,15,0.4,0.2,0,,0,1,15,0,0.00,0,0,0,0.00,+0.48,Matches
455,Claudio Bravo,cl CHI,GK,Real Betis,es La Liga,37,1983,20,1800,90,52.6,20.0,20,90,20,0,,5,1.60,25,25,0,0.00,0.00,Matches
456,Fabian Bredlow,de GER,GK,Stuttgart,de Bundesliga,25,1995,1,90,90,2.9,1.0,1,90,1,0,,33,3.00,2,1,+1,+1.00,+1.00,Matches
457,Josip Brekalo,hr CRO,"MF,FW",Wolfsburg,de Bundesliga,22,1998,29,1814,63,59.3,20.2,22,76,4,7,21,2,1.83,35,22,+13,+0.64,-0.15,Matches
458,Gleison Bremer,br BRA,DF,Torino,it Serie A,23,1997,33,2935,89,85.8,32.6,33,89,32,0,,4,1.09,38,55,-17,-0.52,-0.15,Matches
459,Joshua Brenet,cw CUW,DF,Hoffenheim,de Bundesliga,26,1994,1,1,1,0.0,0.0,0,,0,1,1,14,3.00,0,0,0,0.00,+0.06,Matches
460,Rhian Brewster,eng ENG,FW,Sheffield United,eng Premier League,20,2000,27,1128,42,33.0,12.5,12,66,2,15,22,7,0.63,7,16,-9,-0.72,+0.62,Matches
461,Sebastian Breza,ca CAN,GK,Bologna,it Serie A,22,1998,0,,,,,0,,0,0,,7,,,,,,,Matches
462,Diego Bri,es ESP,FW,Elche,es La Liga,17,2002,0,,,,,0,,0,0,,7,,,,,,,Matches
463,Anthony Briançon,fr FRA,DF,Nîmes,fr Ligue 1,25,1994,16,1225,77,35.8,13.6,14,85,11,2,15,2,0.88,12,27,-15,-1.10,-0.45,Matches
464,Jimmy Briand,fr FRA,MF,Bordeaux,fr Ligue 1,34,1985,24,571,24,16.7,6.3,1,59,0,23,22,13,1.21,5,10,-5,-0.79,-0.50,Matches
465,Yan Brice Eteki,cm CMR,MF,Granada,es La Liga,22,1997,25,1321,53,38.6,14.7,16,73,5,9,17,10,1.16,12,30,-18,-1.23,-1.23,Matches
466,Petar Brlek,hr CRO,MF,Genoa,it Serie A,26,1994,0,,,,,0,,0,0,,2,,,,,,,Matches
467,Nathan Broadhead,wls WAL,"FW,MF",Everton,eng Premier League,22,1998,1,3,3,0.1,0.0,0,,0,1,3,7,1.00,0,0,0,0.00,+0.03,Matches
468,Dylan Bronn,tn TUN,DF,Metz,fr Ligue 1,25,1995,38,3412,90,99.8,37.9,38,90,37,0,,0,1.24,44,48,-4,-0.11,-0.11,Matches
469,John Brooks,us USA,DF,Wolfsburg,de Bundesliga,27,1993,32,2774,87,90.7,30.8,31,89,30,1,18,0,1.81,56,34,+22,+0.71,+0.08,Matches
470,Daniel Brosinski,de GER,"DF,MF",Mainz 05,de Bundesliga,32,1988,21,1430,68,46.7,15.9,16,83,10,5,20,8,1.10,20,34,-14,-0.88,-0.72,Matches
471,Josh Brownhill,eng ENG,MF,Burnley,eng Premier League,24,1995,33,2813,85,82.3,31.3,32,87,29,1,26,1,1.06,25,42,-17,-0.54,+0.20,Matches
472,Marcelo Brozović,hr CRO,MF,Inter,it Serie A,27,1992,33,2581,78,75.5,28.7,29,85,20,4,28,1,2.30,57,26,+31,+1.08,-1.39,Matches
473,Yannick Brugger,de GER,DF,Eintracht Frankfurt,de Bundesliga,19,2001,0,,,,,0,,0,0,,1,,,,,,,Matches
474,Gastón Brugman,uy URU,MF,Parma,it Serie A,27,1992,26,1616,62,47.3,18.0,21,73,7,5,18,9,0.54,23,39,-16,-0.89,+0.51,Matches
475,Jeffrey Bruma,nl NED,DF,Wolfsburg,de Bundesliga,28,1991,0,,,,,0,,0,0,,7,,,,,,,Matches
476,Juan Brunet,ar ARG,MF,Granada,es La Liga,22,1998,2,24,12,0.7,0.3,0,,0,2,12,0,0.50,0,0,0,0.00,+0.48,Matches
477,Juan Brunetta,ar ARG,"FW,MF",Parma,it Serie A,23,1997,12,475,40,13.9,5.3,4,67,0,8,26,17,0.42,8,9,-1,-0.19,+1.12,Matches
478,Cédric Brunner,ch SUI,DF,Arminia,de Bundesliga,26,1994,31,2655,86,86.8,29.5,30,86,23,1,78,0,1.13,24,40,-16,-0.54,+1.68,Matches
479,Mathis Bruns,de GER,DF,Union Berlin,de Bundesliga,16,2004,0,,,,,0,,0,0,,2,,,,,,,Matches
480,Zak Brunt,eng ENG,"FW,MF",Sheffield United,eng Premier League,18,2001,0,,,,,0,,,0,,7,,,,,,,Matches
481,Jacob Bruun Larsen,dk DEN,MF,Hoffenheim,de Bundesliga,21,1998,2,89,45,2.9,1.0,1,58,0,1,31,7,0.50,1,2,-1,-1.01,-0.98,Matches
482,Joe Bryan,eng ENG,"MF,DF",Fulham,eng Premier League,26,1993,16,669,42,19.6,7.4,7,84,5,9,9,18,0.69,6,17,-11,-1.48,-0.99,Matches
483,Kean Bryan,eng ENG,DF,Sheffield United,eng Premier League,23,1996,13,1004,77,29.4,11.2,12,82,8,1,24,10,0.69,5,17,-12,-1.08,+0.08,Matches
484,Lucas Buadés,fr FRA,"DF,MF",Nîmes,fr Ligue 1,22,1997,2,21,11,0.6,0.2,0,,0,2,11,6,0.50,0,0,0,0.00,+0.82,Matches
485,Ante Budimir,hr CRO,FW,Osasuna,es La Liga,29,1991,30,1625,54,47.5,18.1,18,78,7,12,19,1,1.10,21,30,-9,-0.50,-0.40,Matches
486,Hugo Bueno,es ESP,"DF,MF",Wolves,eng Premier League,17,2002,0,,,,,0,,,0,,1,,,,,,,Matches
487,Gianluigi Buffon,it ITA,GK,Juventus,it Serie A,42,1978,8,720,90,21.1,8.0,8,90,8,0,,26,2.75,22,5,+17,+2.12,+1.39,Matches
488,Marius Bülter,de GER,"MF,FW",Union Berlin,de Bundesliga,27,1993,26,977,38,31.9,10.9,8,77,2,18,20,6,1.27,10,13,-3,-0.28,-0.71,Matches
489,Alessandro Buongiorno,it ITA,DF,Torino,it Serie A,21,1999,12,858,72,25.1,9.5,9,83,7,3,36,24,0.83,10,19,-9,-0.94,-0.59,Matches
490,Esteban Burgos,ar ARG,DF,Eibar,es La Liga,28,1992,14,1111,79,32.5,12.3,12,85,7,2,45,22,1.00,10,16,-6,-0.49,+0.18,Matches
491,Burgui,es ESP,"FW,MF",Alavés,es La Liga,26,1993,1,21,21,0.6,0.2,0,,0,1,21,18,0.00,0,1,-1,-4.29,-3.76,Matches
492,Jonathan Burkardt,de GER,"MF,FW",Mainz 05,de Bundesliga,20,2000,29,1373,47,44.9,15.3,16,72,1,13,17,2,1.10,17,29,-12,-0.79,-0.52,Matches
493,Nishan Burkart,ch SUI,"FW,MF",Freiburg,de Bundesliga,20,2000,1,15,15,0.5,0.2,0,,0,1,15,2,0.00,0,0,0,0.00,0.00,Matches
494,Oliver Burke,sct SCO,FW,Sheffield United,eng Premier League,23,1997,25,1269,51,37.1,14.1,14,67,1,11,30,8,0.64,6,21,-15,-1.06,+0.11,Matches
495,Roman Bürki,ch SUI,GK,Dortmund,de Bundesliga,29,1990,19,1665,88,54.4,18.5,18,90,18,1,45,9,1.68,38,30,+8,+0.43,-0.92,Matches
496,Dan Burn,eng ENG,"DF,MF",Brighton,eng Premier League,28,1992,27,2061,76,60.3,22.9,23,87,20,4,17,10,1.26,20,28,-8,-0.35,-0.48,Matches
497,Patrick Burner,mq MTQ,"DF,MF",Nice,fr Ligue 1,24,1996,1,1,1,0.0,0.0,0,,0,1,1,1,3.00,0,0,0,0.00,+0.08,Matches
498,Patrick Burner,mq MTQ,DF,Nîmes,fr Ligue 1,24,1996,22,1317,60,38.5,14.6,14,86,10,8,15,8,1.00,9,29,-20,-1.37,-0.90,Matches
499,Maxime Busi,be BEL,"DF,MF",Parma,it Serie A,20,1999,24,1195,50,34.9,13.3,11,83,7,13,21,5,0.33,12,36,-24,-1.81,-1.00,Matches
500,Jakob Busk,dk DEN,GK,Union Berlin,de Bundesliga,26,1993,0,,,,,0,,0,0,,3,,,,,,,Matches
501,Sergio Busquets,es ESP,MF,Barcelona,es La Liga,32,1988,36,2517,70,73.6,28.0,32,76,13,4,25,0,2.11,64,30,+34,+1.22,-0.08,Matches
502,Ludovic Butelle,fr FRA,GK,Angers,fr Ligue 1,37,1983,0,,,,,0,,,0,,37,,,,,,,Matches
503,Jack Butland,eng ENG,GK,Crystal Palace,eng Premier League,27,1993,1,90,90,2.6,1.0,1,90,1,0,,30,3.00,3,2,+1,+1.00,+1.70,Matches
504,David Button,eng ENG,GK,West Brom,eng Premier League,31,1989,1,90,90,2.6,1.0,1,90,1,0,,37,3.00,3,2,+1,+1.00,+2.14,Matches
505,Oskar Buur,dk DEN,"DF,MF",Wolves,eng Premier League,22,1998,1,22,22,0.6,0.2,0,,0,1,22,2,3.00,0,0,0,0.00,+0.42,Matches
506,Marcin Bułka,pl POL,GK,Paris Saint-Germain,fr Ligue 1,20,1999,1,90,90,2.6,1.0,1,90,1,0,,3,0.00,0,1,-1,-1.00,-2.59,Matches
507,Erick Cabaco,uy URU,DF,Getafe,es La Liga,25,1995,20,1326,66,38.8,14.7,15,82,10,5,20,4,1.10,12,20,-8,-0.54,-0.24,Matches
508,Willy Caballero,ar ARG,GK,Chelsea,eng Premier League,38,1981,1,90,90,2.6,1.0,1,90,1,0,,6,1.00,3,3,0,0.00,-0.59,Matches
509,Jimmy Cabot,fr FRA,MF,Angers,fr Ligue 1,26,1994,22,942,43,27.5,10.5,8,66,0,14,30,2,1.09,13,19,-6,-0.57,-0.14,Matches
510,Martín Cáceres,uy URU,"DF,MF",Fiorentina,it Serie A,33,1987,29,2238,77,65.4,24.9,26,85,19,3,10,8,1.28,36,37,-1,-0.04,+0.80,Matches
511,Anthony Caci,fr FRA,DF,Strasbourg,fr Ligue 1,23,1997,33,2797,85,81.8,31.1,32,87,22,1,27,5,1.18,39,43,-4,-0.13,+0.59,Matches
512,Mathieu Cafaro,fr FRA,MF,Reims,fr Ligue 1,23,1997,31,2074,67,60.6,23.0,27,73,5,4,27,3,1.19,28,26,+2,+0.09,+0.76,Matches
513,Gary Cahill,eng ENG,DF,Crystal Palace,eng Premier League,34,1985,20,1800,90,52.6,20.0,20,90,20,0,,7,1.15,23,39,-16,-0.80,-0.30,Matches
514,Yannick Cahuzac,fr FRA,MF,Lens,fr Ligue 1,35,1985,30,2252,75,65.8,25.0,26,85,18,4,11,6,1.67,34,29,+5,+0.20,+0.51,Matches
515,Felipe Caicedo,ec ECU,FW,Lazio,it Serie A,31,1988,25,929,37,27.2,10.3,9,69,1,16,20,5,1.80,19,12,+7,+0.68,+0.71,Matches
516,Moisés Caicedo,ec ECU,MF,Brighton,eng Premier League,18,2001,0,,,,,0,,,0,,4,,,,,,,Matches
517,Marc-Aurèle Caillard,fr FRA,GK,Metz,fr Ligue 1,26,1994,5,361,72,10.6,4.0,4,90,4,1,1,33,0.20,3,10,-7,-1.75,-1.83,Matches
518,Jake Cain,eng ENG,MF,Liverpool,eng Premier League,18,2001,0,,,,,0,,,0,,2,,,,,,,Matches
519,Tom Cairney,sct SCO,MF,Fulham,eng Premier League,29,1991,10,759,76,22.2,8.4,9,83,7,1,8,5,0.50,6,15,-9,-1.07,-0.49,Matches
520,Cala,es ESP,DF,Cádiz,es La Liga,30,1989,28,2272,81,66.4,25.2,26,85,22,2,29,1,1.21,22,37,-15,-0.59,-0.05,Matches
521,Bernardo Calabrese,it ITA,DF,Hellas Verona,it Serie A,18,2002,0,,,,,0,,0,0,,1,,,,,,,Matches
522,Arturo Calabresi,it ITA,DF,Bologna,it Serie A,24,1996,1,20,20,0.6,0.2,0,,0,1,20,12,1.00,0,1,-1,-4.50,-4.16,Matches
523,Arturo Calabresi,it ITA,DF,Cagliari,it Serie A,24,1996,2,14,7,0.4,0.2,0,,0,2,7,15,1.00,2,0,+2,+12.86,+13.33,Matches
524,Davide Calabria,it ITA,DF,Milan,it Serie A,23,1996,32,2647,83,77.4,29.4,30,87,23,2,22,0,2.16,61,32,+29,+0.99,+0.52,Matches
525,Riccardo Calafiori,it ITA,DF,Roma,it Serie A,18,2002,3,66,22,1.9,0.7,1,45,0,2,11,15,2.33,0,2,-2,-2.73,-3.05,Matches
526,Mattia Caldara,it ITA,DF,Atalanta,it Serie A,26,1994,6,111,19,3.2,1.2,1,45,0,5,13,21,2.50,6,3,+3,+2.43,+1.34,Matches
527,Luca Caldirola,it ITA,DF,Benevento,it Serie A,29,1991,25,1572,63,46.0,17.5,17,82,13,8,23,4,0.80,18,38,-20,-1.15,-0.41,Matches
528,Duje Ćaleta-Car,hr CRO,DF,Marseille,fr Ligue 1,23,1996,33,2813,85,82.3,31.3,32,88,28,1,2,0,1.52,42,41,+1,+0.03,-0.86,Matches
529,Hakan Çalhanoğlu,tr TUR,MF,Milan,it Serie A,26,1994,33,2614,79,76.4,29.0,30,84,13,3,35,0,2.09,58,32,+26,+0.90,+0.11,Matches
530,Kerim Calhanoglu,de GER,MF,Schalke 04,de Bundesliga,17,2002,4,296,74,9.7,3.3,4,74,2,0,,5,0.25,0,8,-8,-2.43,-0.71,Matches
531,Fabrizio Caligara,it ITA,MF,Cagliari,it Serie A,20,2000,10,183,18,5.4,2.0,2,53,0,8,10,9,0.80,2,6,-4,-1.97,-1.63,Matches
532,Daniel Caligiuri,it ITA,MF,Augsburg,de Bundesliga,32,1988,33,2665,81,87.1,29.6,31,85,22,2,22,0,1.09,29,46,-17,-0.57,-0.35,Matches
533,José Callejón,es ESP,"FW,MF",Fiorentina,it Serie A,33,1987,20,664,33,19.4,7.4,6,68,0,14,18,13,0.80,6,13,-7,-0.95,-0.79,Matches
534,Jonathan Calleri,ar ARG,FW,Osasuna,es La Liga,26,1993,25,1544,62,45.1,17.2,20,71,3,5,26,2,1.20,14,18,-4,-0.23,+0.10,Matches
535,Dominic Calvert-Lewin,eng ENG,FW,Everton,eng Premier League,23,1997,33,2871,87,83.9,31.9,32,89,26,1,29,0,1.64,41,39,+2,+0.06,+0.55,Matches
536,Dani Calvo,es ESP,DF,Elche,es La Liga,26,1994,23,1779,77,52.0,19.8,19,88,18,4,29,13,1.13,17,27,-10,-0.51,+0.10,Matches
537,Boubakar Camara,fr FRA,FW,Lens,fr Ligue 1,19,2001,0,,,,,0,,,0,,4,,,,,,,Matches
538,Drissa Camara,ci CIV,MF,Parma,it Serie A,18,2002,1,15,15,0.4,0.2,0,,0,1,15,19,0.00,2,3,-1,-6.00,-4.86,Matches
539,Mahdi Camara,fr FRA,"MF,DF",Saint-Étienne,fr Ligue 1,22,1998,37,3290,89,96.2,36.6,37,89,32,0,,0,1.22,40,52,-12,-0.33,-0.33,Matches
540,Eduardo Camavinga,fr FRA,MF,Rennes,fr Ligue 1,17,2002,35,2402,69,70.2,26.7,28,79,10,7,29,0,1.54,36,28,+8,+0.30,-0.05,Matches
541,Sergio Camello,es ESP,FW,Atlético Madrid,es La Liga,19,2001,0,,,,,0,,0,0,,18,,,,,,,Matches
542,Camilo,br BRA,MF,Lyon,fr Ligue 1,21,1999,0,,,,,0,,,0,,1,,,,,,,Matches
543,José Campaña,es ESP,MF,Levante,es La Liga,27,1993,9,748,83,21.9,8.3,8,90,8,1,28,0,0.78,8,13,-5,-0.60,-0.40,Matches
544,Gaizka Campos Bahillo,es ESP,GK,Valladolid,es La Liga,23,1997,0,,,,,0,,0,0,,1,,,,,,,Matches
545,Emre Can,de GER,"DF,MF",Dortmund,de Bundesliga,26,1994,28,2133,76,69.7,23.7,23,86,19,5,31,3,1.86,53,32,+21,+0.89,+0.11,Matches
546,Sergio Canales,es ESP,MF,Real Betis,es La Liga,29,1991,31,2498,81,73.0,27.8,28,87,20,3,17,0,1.65,38,30,+8,+0.29,+1.07,Matches
547,Matteo Cancellieri,it ITA,"FW,MF",Hellas Verona,it Serie A,18,2002,0,,,,,0,,0,0,,4,,,,,,,Matches
548,João Cancelo,pt POR,"DF,MF",Manchester City,eng Premier League,26,1994,28,2299,82,67.2,25.5,27,84,23,1,20,6,2.18,51,18,+33,+1.29,-0.15,Matches
549,Antonio Candreva,it ITA,MF,Sampdoria,it Serie A,33,1987,35,2505,72,73.2,27.8,28,84,14,7,20,0,1.31,36,36,0,0.00,+0.20,Matches
550,Lucas Cañizares,es ESP,GK,Real Madrid,es La Liga,18,2002,0,,,,,0,,0,0,,1,,,,,,,Matches
551,Álex Cantero,es ESP,FW,Levante,es La Liga,20,2000,4,237,59,6.9,2.6,3,71,0,1,24,1,0.50,3,4,-1,-0.38,-0.10,Matches
552,Ander Capa,es ESP,DF,Athletic Club,es La Liga,28,1992,28,2131,76,62.3,23.7,25,82,15,3,23,2,1.25,33,27,+6,+0.25,+0.39,Matches
553,Pierrick Capelle,fr FRA,"MF,DF",Angers,fr Ligue 1,33,1987,35,2053,59,60.0,22.8,24,78,12,11,17,1,1.09,27,41,-14,-0.61,-0.35,Matches
554,Riccardo Capellini,it ITA,DF,Juventus,it Serie A,20,2000,0,,,,,0,,0,0,,1,,,,,,,Matches
555,Leonardo Capezzi,it ITA,MF,Sampdoria,it Serie A,25,1995,0,,,,,0,,0,0,,1,,,,,,,Matches
556,Étienne Capoue,fr FRA,MF,Villarreal,es La Liga,32,1988,16,1185,74,34.6,13.2,15,78,4,1,18,2,1.38,22,14,+8,+0.61,+0.29,Matches
557,Elio Capradossi,ug UGA,DF,Spezia,it Serie A,24,1996,1,90,90,2.6,1.0,1,90,1,0,,5,1.00,2,2,0,0.00,+0.54,Matches
558,Gianluca Caprari,it ITA,"MF,FW",Benevento,it Serie A,27,1993,30,1865,62,54.5,20.7,23,73,2,7,27,2,0.93,23,36,-13,-0.63,+0.65,Matches
559,Elia Caprile,it ITA,GK,Leeds United,eng Premier League,18,2001,0,,,,,0,,,0,,5,,,,,,,Matches
560,Francesco Caputo,it ITA,FW,Sassuolo,it Serie A,32,1987,25,1697,68,49.6,18.9,19,79,11,6,32,1,1.52,36,30,+6,+0.32,+0.21,Matches
561,Maxence Caqueret,fr FRA,MF,Lyon,fr Ligue 1,20,2000,29,1761,61,51.5,19.6,19,81,10,10,23,6,2.00,37,25,+12,+0.61,-0.80,Matches
562,Andrea Carboni,it ITA,DF,Cagliari,it Serie A,19,2001,15,1085,72,31.7,12.1,12,84,8,3,24,13,1.27,15,14,+1,+0.08,+0.74,Matches
563,Franco Carboni,it ITA,MF,Inter,it Serie A,17,2003,0,,,,,0,,0,0,,2,,,,,,,Matches
564,Isaac Carcelen,es ESP,DF,Cádiz,es La Liga,27,1993,32,2581,81,75.5,28.7,31,82,24,1,33,0,1.13,28,45,-17,-0.59,-0.06,Matches
565,Dani Cárdenas,es ESP,GK,Levante,es La Liga,23,1997,8,720,90,21.1,8.0,8,90,8,0,,28,0.75,8,11,-3,-0.37,-0.11,Matches
566,Yoan Cardinale,fr FRA,GK,Nice,fr Ligue 1,26,1994,0,,,,,0,,,0,,37,,,,,,,Matches
567,Irvin Cardona,mt MLT,FW,Brest,fr Ligue 1,22,1997,36,2029,56,59.3,22.5,22,77,5,14,24,2,1.03,37,46,-9,-0.40,+0.05,Matches
568,Marc Cardona,es ESP,FW,Osasuna,es La Liga,25,1995,3,53,18,1.5,0.6,0,,0,3,18,0,1.00,1,1,0,0.00,+0.29,Matches
569,Carlo,es ESP,MF,Villarreal,es La Liga,19,2001,0,,,,,0,,0,0,,1,,,,,,,Matches
570,Diego Carlos,br BRA,DF,Sevilla,es La Liga,27,1993,33,2788,84,81.5,31.0,32,87,28,1,9,1,1.97,42,26,+16,+0.52,-0.05,Matches
571,Juan Carlos,es ESP,MF,Huesca,es La Liga,29,1991,15,291,19,8.5,3.2,3,58,0,12,10,20,0.73,2,4,-2,-0.62,-0.13,Matches
572,Kevin Carlos,es ESP,FW,Huesca,es La Liga,19,2001,0,,,,,0,,0,0,,1,,,,,,,Matches
573,Matteo Carnelos,it ITA,GK,Udinese,it Serie A,17,2003,0,,,,,0,,0,0,,3,,,,,,,Matches
574,Marco Carnesecchi,it ITA,GK,Atalanta,it Serie A,20,2000,0,,,,,0,,0,0,,3,,,,,,,Matches
575,Lionel Carole,fr FRA,DF,Strasbourg,fr Ligue 1,29,1991,27,1342,50,39.2,14.9,14,82,11,13,15,11,1.00,16,27,-11,-0.74,-0.82,Matches
576,Yannick Carrasco,be BEL,"MF,FW",Atlético Madrid,es La Liga,26,1993,30,2179,73,63.7,24.2,25,81,12,5,29,1,2.33,42,13,+29,+1.20,+0.26,Matches
577,Sergio Carreira,es ESP,DF,Celta Vigo,es La Liga,19,2000,3,259,86,7.6,2.9,3,86,1,0,,12,0.33,2,6,-4,-1.39,-1.45,Matches
578,Guido Carrillo,ar ARG,FW,Elche,es La Liga,29,1991,21,1002,48,29.3,11.1,11,77,4,10,16,1,0.90,14,18,-4,-0.36,+0.27,Matches
579,Andy Carroll,eng ENG,FW,Newcastle United,eng Premier League,31,1989,18,392,22,11.5,4.4,4,68,0,14,9,17,0.89,6,8,-2,-0.46,-0.04,Matches
580,Scott Carson,eng ENG,GK,Manchester City,eng Premier League,34,1985,1,90,90,2.6,1.0,1,90,1,0,,3,3.00,4,3,+1,+1.00,-0.35,Matches
581,Dani Carvajal,es ESP,DF,Real Madrid,es La Liga,28,1992,13,950,73,27.8,10.6,11,81,7,2,32,0,2.38,19,6,+13,+1.23,+0.28,Matches
582,Fabio Carvalho,pt POR,"FW,MF",Fulham,eng Premier League,17,2002,4,255,64,7.5,2.8,3,81,2,1,13,1,0.25,1,6,-5,-1.76,-1.17,Matches
583,Matis Carvalho,pt POR,GK,Montpellier,fr Ligue 1,21,1999,0,,,,,0,,,0,,11,,,,,,,Matches
584,William Carvalho,pt POR,MF,Real Betis,es La Liga,28,1992,27,1223,45,35.8,13.6,12,77,4,15,20,4,1.56,21,23,-2,-0.15,-0.23,Matches
585,Nicolò Casale,it ITA,DF,Hellas Verona,it Serie A,22,1998,0,,,,,0,,0,0,,1,,,,,,,Matches
586,Casemiro,br BRA,MF,Real Madrid,es La Liga,28,1992,34,2901,85,84.8,32.2,32,89,29,2,34,0,2.32,59,20,+39,+1.21,+1.21,Matches
587,Oliver Casey,eng ENG,DF,Leeds United,eng Premier League,19,2000,0,,,,,0,,,0,,9,,,,,,,Matches
588,Matty Cash,pl POL,DF,Aston Villa,eng Premier League,22,1997,28,2372,85,69.4,26.4,28,85,22,0,,1,1.50,42,35,+7,+0.27,+0.09,Matches
589,Kiko Casilla,es ESP,GK,Leeds United,eng Premier League,33,1986,3,270,90,7.9,3.0,3,90,3,0,,31,2.00,5,2,+3,+1.00,+0.86,Matches
590,Giuseppe Caso,it ITA,"FW,MF",Genoa,it Serie A,21,1998,2,54,27,1.6,0.6,0,,0,2,27,2,0.00,3,2,+1,+1.67,+1.99,Matches
591,Moreto Cassamã,gw GNB,MF,Reims,fr Ligue 1,22,1998,29,2031,70,59.4,22.6,26,76,11,3,22,2,0.97,25,35,-10,-0.44,-0.57,Matches
592,Francesco Cassata,it ITA,MF,Genoa,it Serie A,23,1997,8,227,28,6.6,2.5,2,59,0,6,18,2,0.88,4,5,-1,-0.40,-0.11,Matches
593,Timothy Castagne,be BEL,"DF,MF",Leicester City,eng Premier League,24,1995,27,2345,87,68.6,26.1,27,87,25,0,,0,1.70,51,37,+14,+0.54,+0.20,Matches
594,Koen Casteels,be BEL,GK,Wolfsburg,de Bundesliga,28,1992,32,2880,90,94.1,32.0,32,90,32,0,,0,1.88,58,33,+25,+0.78,+1.28,Matches
595,Jean-Charles Castelletto,cm CMR,DF,Nantes,fr Ligue 1,25,1995,24,1947,81,56.9,21.6,22,85,20,2,39,12,1.13,27,35,-8,-0.37,-0.37,Matches
596,Samu Castillejo,es ESP,MF,Milan,it Serie A,25,1995,28,1181,42,34.5,13.1,12,71,3,16,21,7,1.93,23,13,+10,+0.76,-0.16,Matches
597,Luis Castillo,es ESP,GK,Elche,es La Liga,20,2000,0,,,,,0,,0,0,,4,,,,,,,Matches
598,Aritz Castro,es ESP,GK,Alavés,es La Liga,22,1998,0,,,,,0,,0,0,,3,,,,,,,Matches
599,Gonzalo Castro,de GER,MF,Stuttgart,de Bundesliga,33,1987,26,1729,67,56.5,19.2,23,73,2,3,19,3,1.42,29,31,-2,-0.10,-0.31,Matches
600,Jonny Castro,es ESP,MF,Wolves,eng Premier League,26,1994,7,495,71,14.5,5.5,7,71,2,0,,0,1.29,3,4,-1,-0.18,+0.28,Matches
601,Óscar Castro,es ESP,MF,Atlético Madrid,es La Liga,19,2001,0,,,,,0,,0,0,,1,,,,,,,Matches
602,Gaetano Castrovilli,it ITA,MF,Fiorentina,it Serie A,23,1997,34,2332,69,68.2,25.9,29,76,8,5,26,1,0.97,31,39,-8,-0.31,+0.02,Matches
603,Danilo Cataldi,it ITA,MF,Lazio,it Serie A,25,1994,19,568,30,16.6,6.3,4,66,0,15,20,14,1.53,7,14,-7,-1.11,-1.52,Matches
604,Ivan Cavaleiro,pt POR,"FW,MF",Fulham,eng Premier League,26,1993,36,2472,69,72.3,27.5,27,85,15,9,21,0,0.75,19,43,-24,-0.87,-0.68,Matches
605,Edinson Cavani,uy URU,FW,Manchester Utd,eng Premier League,33,1987,26,1375,53,40.2,15.3,13,81,8,13,25,0,1.85,28,17,+11,+0.72,-0.07,Matches
606,Dani Ceballos,es ESP,MF,Arsenal,eng Premier League,23,1996,25,1615,65,47.2,17.9,17,84,11,8,24,10,1.28,23,17,+6,+0.33,-0.16,Matches
607,Federico Ceccherini,it ITA,DF,Hellas Verona,it Serie A,28,1992,25,1738,70,50.8,19.3,23,74,10,2,15,3,1.08,23,24,-1,-0.05,0.00,Matches
608,Federico Ceccherini,it ITA,DF,Fiorentina,it Serie A,28,1992,3,270,90,7.9,3.0,3,90,3,0,,0,1.00,5,6,-1,-0.33,-0.02,Matches
609,Christian Celesia,it ITA,MF,Torino,it Serie A,18,2002,0,,,,,0,,0,0,,2,,,,,,,Matches
610,Zeki Çelik,tr TUR,DF,Lille,fr Ligue 1,23,1997,29,2381,82,69.6,26.5,28,85,19,1,8,1,2.28,45,12,+33,+1.25,+0.55,Matches
611,Bersant Celina,xk KVX,MF,Dijon,fr Ligue 1,23,1996,32,2298,72,67.2,25.5,25,83,16,7,33,0,0.59,18,42,-24,-0.94,+0.99,Matches
612,Álex Centelles,es ESP,DF,Valencia,es La Liga,22,1997,0,,,,,0,,0,0,,4,,,,,,,Matches
613,Fabien Centonze,fr FRA,"DF,MF",Metz,fr Ligue 1,24,1996,36,3221,89,94.2,35.8,36,89,35,0,,0,1.25,41,45,-4,-0.11,-0.11,Matches
614,Luca Ceppitelli,it ITA,DF,Cagliari,it Serie A,30,1989,19,1465,77,42.8,16.3,16,86,11,3,31,5,1.16,17,23,-6,-0.37,+0.09,Matches
615,Alberto Cerri,it ITA,FW,Cagliari,it Serie A,24,1996,23,369,16,10.8,4.1,3,58,0,20,10,12,0.83,5,7,-2,-0.49,-0.07,Matches
616,César,es ESP,MF,Elche,es La Liga,19,2001,0,,,,,0,,0,0,,1,,,,,,,Matches
617,Sava Cestic,rs SRB,DF,Köln,de Bundesliga,19,2001,11,899,82,29.4,10.0,11,82,9,0,,6,1.27,10,19,-9,-0.90,-0.19,Matches
618,Julian Chabot,de GER,DF,Spezia,it Serie A,22,1998,25,1655,66,48.4,18.4,19,83,14,6,15,8,0.76,22,35,-13,-0.71,-0.35,Matches
619,Julian Chabot,de GER,DF,Sampdoria,it Serie A,22,1998,0,,,,,0,,0,0,,1,,,,,,,Matches
620,Nassim Chadli,fr FRA,MF,Nîmes,fr Ligue 1,19,2001,3,31,10,0.9,0.3,0,,0,3,10,4,1.00,0,1,-1,-2.90,-2.11,Matches
621,Fouad Chafik,ma MAR,DF,Dijon,fr Ligue 1,33,1986,23,1622,71,47.4,18.0,18,85,13,5,18,11,0.43,12,41,-29,-1.61,-0.66,Matches
622,Mehdi Chahiri,ma MAR,MF,Strasbourg,fr Ligue 1,24,1996,23,801,35,23.4,8.9,8,66,0,15,18,9,0.78,11,17,-6,-0.67,-0.57,Matches
623,Sofian Chakla,ma MAR,DF,Villarreal,es La Liga,26,1993,1,13,13,0.4,0.1,0,,0,1,13,8,3.00,0,0,0,0.00,-0.42,Matches
624,Sofian Chakla,ma MAR,DF,Getafe,es La Liga,26,1993,11,897,82,26.2,10.0,9,89,8,2,46,7,0.64,4,14,-10,-1.00,-0.82,Matches
625,Aníbal Chalá,ec ECU,"DF,MF",Dijon,fr Ligue 1,24,1996,13,744,57,21.8,8.3,9,77,6,4,14,7,0.38,5,19,-14,-1.69,-0.55,Matches
626,Trevoh Chalobah,eng ENG,"DF,MF",Lorient,fr Ligue 1,21,1999,29,2237,77,65.4,24.9,24,87,19,5,30,2,1.14,33,46,-13,-0.52,-0.14,Matches
627,Calum Chambers,eng ENG,DF,Arsenal,eng Premier League,25,1995,10,753,75,22.0,8.4,8,89,7,2,21,8,2.00,16,10,+6,+0.72,+0.38,Matches
628,Timothy Chandler,us USA,MF,Eintracht Frankfurt,de Bundesliga,30,1990,15,432,29,14.1,4.8,3,86,1,12,15,17,1.67,10,12,-2,-0.42,-1.03,Matches
629,Kwon Chang-hoon,kr KOR,FW,Freiburg,de Bundesliga,26,1994,12,216,18,7.1,2.4,1,65,0,11,14,6,1.00,3,6,-3,-1.25,-1.34,Matches
630,Gaëtan Charbonnier,fr FRA,"MF,FW",Brest,fr Ligue 1,31,1988,36,1570,44,45.9,17.4,17,76,4,19,14,1,1.08,25,30,-5,-0.29,+0.25,Matches
631,Brendan Chardonnet,fr FRA,DF,Brest,fr Ligue 1,25,1994,33,2716,82,79.4,30.2,30,90,29,3,10,3,1.15,37,49,-12,-0.40,+0.11,Matches
632,Kgagelo Chauke,eng ENG,MF,Southampton,eng Premier League,17,2003,0,,,,,0,,,0,,10,,,,,,,Matches
633,Xavier Chavalerin,fr FRA,MF,Reims,fr Ligue 1,29,1991,30,2547,85,74.5,28.3,29,88,25,1,9,0,1.10,26,33,-7,-0.25,-0.14,Matches
634,Pape Cheikh Diop,sn SEN,MF,Dijon,fr Ligue 1,22,1997,21,1089,52,31.8,12.1,13,73,3,8,18,7,0.67,8,17,-9,-0.74,+0.76,Matches
635,Chema,es ESP,"DF,MF",Getafe,es La Liga,28,1992,10,557,56,16.3,6.2,7,76,5,3,9,23,0.70,4,10,-6,-0.97,-0.69,Matches
636,Rayan Cherki,fr FRA,"FW,MF",Lyon,fr Ligue 1,16,2003,27,698,26,20.4,7.8,5,71,1,22,16,10,1.78,13,6,+7,+0.90,-0.12,Matches
637,Denis Cheryshev,ru RUS,MF,Valencia,es La Liga,29,1990,21,1101,52,32.2,12.2,13,70,0,8,23,3,1.05,19,21,-2,-0.16,-0.12,Matches
638,Lucas Chevalier,fr FRA,GK,Lille,fr Ligue 1,18,2001,0,,,,,0,,,0,,14,,,,,,,Matches
639,Giorgio Chiellini,it ITA,DF,Juventus,it Serie A,35,1984,17,1386,82,40.5,15.4,16,86,13,1,8,8,1.94,29,18,+11,+0.71,-0.52,Matches
640,Federico Chiesa,it ITA,MF,Fiorentina,it Serie A,22,1997,3,240,80,7.0,2.7,3,80,1,0,,0,1.00,5,4,+1,+0.37,+0.74,Matches
641,Federico Chiesa,it ITA,MF,Juventus,it Serie A,22,1997,30,2210,74,64.6,24.6,28,78,7,2,7,1,2.07,50,25,+25,+1.02,-0.02,Matches
642,Ben Chilwell,eng ENG,"DF,MF",Chelsea,eng Premier League,23,1996,27,2286,85,66.8,25.4,27,85,22,0,,7,1.70,38,23,+15,+0.59,+0.03,Matches
643,Chinchu,es ESP,DF,Getafe,es La Liga,18,2002,0,,,,,0,,0,0,,1,,,,,,,Matches
644,Vlad Chiricheș,ro ROU,DF,Sassuolo,it Serie A,30,1989,24,1837,77,53.7,20.4,22,82,12,2,22,6,1.88,40,32,+8,+0.39,+0.39,Matches
645,Pedro Chirivella,es ESP,MF,Nantes,fr Ligue 1,23,1997,32,2280,71,66.7,25.3,26,83,18,6,23,6,1.03,38,35,+3,+0.12,+0.99,Matches
646,Lorenzo Chiti,it ITA,DF,Fiorentina,it Serie A,19,2001,0,,,,,0,,0,0,,1,,,,,,,Matches
647,Tahith Chong,cw CUW,"MF,FW",Werder Bremen,de Bundesliga,20,1999,13,386,30,12.6,4.3,4,68,1,9,13,6,1.08,5,8,-3,-0.70,-0.09,Matches
648,Joris Chotard,fr FRA,MF,Montpellier,fr Ligue 1,18,2001,29,1165,40,34.1,12.9,11,76,3,18,18,7,1.41,16,28,-12,-0.93,-1.33,Matches
649,Hamza Choudhury,bd BAN,MF,Leicester City,eng Premier League,22,1997,10,316,32,9.2,3.5,4,71,1,6,6,21,1.80,3,2,+1,+0.28,-0.21,Matches
650,Mounir Chouiar,fr FRA,"MF,FW",Dijon,fr Ligue 1,21,1999,23,1288,56,37.7,14.3,14,74,4,9,28,5,0.48,8,30,-22,-1.54,-0.44,Matches
651,Andreas Christensen,dk DEN,DF,Chelsea,eng Premier League,24,1996,17,1371,81,40.1,15.2,15,84,13,2,57,6,1.94,21,15,+6,+0.39,-0.31,Matches
652,Cyrus Christie,ie IRL,"DF,MF",Fulham,eng Premier League,27,1992,0,,,,,0,,,0,,1,,,,,,,Matches
653,Carney Chukwuemeka,at AUT,MF,Aston Villa,eng Premier League,16,2003,2,20,10,0.6,0.2,0,,0,2,10,5,3.00,0,0,0,0.00,-0.24,Matches
654,Samuel Chukwueze,ng NGA,MF,Villarreal,es La Liga,21,1999,28,1365,49,39.9,15.2,13,76,3,15,25,1,1.61,21,19,+2,+0.13,-0.48,Matches
655,Darko Churlinov,mk MKD,"FW,MF",Stuttgart,de Bundesliga,20,2000,14,216,15,7.1,2.4,0,,0,14,15,8,1.29,6,3,+3,+1.25,+1.31,Matches
656,Víctor Chust,es ESP,DF,Real Madrid,es La Liga,20,2000,2,95,48,2.8,1.1,1,90,1,1,5,9,2.00,0,0,0,0.00,-1.06,Matches
657,Sébastien Cibois,fr FRA,GK,Brest,fr Ligue 1,22,1998,3,270,90,7.9,3.0,3,90,3,0,,25,1.33,4,4,0,0.00,+0.46,Matches
658,Riccardo Ciervo,it ITA,MF,Roma,it Serie A,18,2002,0,,,,,0,,0,0,,4,,,,,,,Matches
659,Cifu,es ESP,"DF,MF",Elche,es La Liga,29,1990,11,451,41,13.2,5.0,4,67,2,7,26,23,1.00,6,10,-4,-0.80,-0.28,Matches
660,Alberto Cifuentes,es ESP,GK,Cádiz,es La Liga,41,1979,2,180,90,5.3,2.0,2,90,2,0,,2,1.50,3,3,0,0.00,+0.61,Matches
661,Luca Cigarini,it ITA,MF,Crotone,it Serie A,34,1986,14,929,66,27.2,10.3,13,70,2,1,14,4,0.71,10,19,-9,-0.87,+0.50,Matches
662,Jasper Cillessen,nl NED,GK,Valencia,es La Liga,31,1989,10,900,90,26.3,10.0,10,90,10,0,,5,1.60,15,11,+4,+0.40,+0.65,Matches
663,Giuseppe Ciocci,it ITA,GK,Cagliari,it Serie A,18,2002,0,,,,,0,,0,0,,4,,,,,,,Matches
664,Antonio Cioffi,it ITA,FW,Napoli,it Serie A,17,2002,1,12,12,0.4,0.1,0,,0,1,12,19,3.00,1,0,+1,+7.50,+6.34,Matches
665,Tim Civeja,al ALB,MF,Augsburg,de Bundesliga,18,2002,3,34,11,1.1,0.4,0,,0,3,11,8,0.00,0,0,0,0.00,+0.54,Matches
666,Ciaran Clark,ie IRL,DF,Newcastle United,eng Premier League,30,1989,22,1891,86,55.3,21.0,21,88,18,1,37,8,0.95,19,35,-16,-0.76,-0.76,Matches
667,Leighton Clarkson,eng ENG,MF,Liverpool,eng Premier League,18,2001,0,,,,,0,,,0,,3,,,,,,,Matches
668,Alexis Claude-Maurice,fr FRA,"MF,FW",Nice,fr Ligue 1,22,1998,30,1910,64,55.8,21.2,21,81,14,9,24,3,1.10,31,34,-3,-0.14,-0.14,Matches
669,Jonathan Clauss,fr FRA,"MF,DF",Lens,fr Ligue 1,27,1992,33,2521,76,73.7,28.0,30,82,11,3,21,4,1.42,42,41,+1,+0.04,+0.04,Matches
670,Carlos Clerc,es ESP,"DF,MF",Levante,es La Liga,28,1992,35,2781,79,81.3,30.9,30,90,30,5,16,2,1.14,39,47,-8,-0.26,+0.16,Matches
671,Nathaniel Clyne,eng ENG,DF,Crystal Palace,eng Premier League,29,1991,13,1145,88,33.5,12.7,13,88,11,0,,9,1.31,16,22,-6,-0.47,+0.28,Matches
672,Conor Coady,eng ENG,DF,Wolves,eng Premier League,27,1993,37,3303,89,96.6,36.7,37,89,36,0,,0,1.19,35,51,-16,-0.44,-0.44,Matches
673,Marcus Coco,fr FRA,MF,Nantes,fr Ligue 1,24,1996,32,1474,46,43.1,16.4,16,73,2,16,19,4,1.19,17,23,-6,-0.37,-0.27,Matches
674,Coke,es ESP,DF,Levante,es La Liga,33,1987,17,835,49,24.4,9.3,11,69,1,6,12,20,1.18,11,14,-3,-0.32,-0.04,Matches
675,Séamus Coleman,ie IRL,"DF,MF",Everton,eng Premier League,31,1988,25,1613,65,47.2,17.9,18,81,12,7,23,3,1.56,23,19,+4,+0.22,+0.47,Matches
676,Álex Collado,es ESP,MF,Barcelona,es La Liga,21,1999,0,,,,,0,,0,0,,1,,,,,,,Matches
677,Ebrima Colley,gm GAM,"MF,FW",Hellas Verona,it Serie A,20,2000,23,734,32,21.5,8.2,4,68,1,19,24,8,1.17,9,10,-1,-0.12,-0.09,Matches
678,Omar Colley,gm GAM,DF,Sampdoria,it Serie A,27,1992,29,2591,89,75.8,28.8,28,90,28,1,71,6,1.38,38,40,-2,-0.07,-0.07,Matches
679,Simone Colombi,it ITA,GK,Parma,it Serie A,29,1991,2,180,90,5.3,2.0,2,90,2,0,,34,0.00,4,7,-3,-1.50,-0.36,Matches
680,Lorenzo Colombo,it ITA,FW,Milan,it Serie A,18,2002,4,94,24,2.7,1.0,1,45,0,3,16,13,2.25,1,0,+1,+0.96,+0.09,Matches
681,Racine Coly,sn SEN,DF,Nice,fr Ligue 1,24,1995,1,17,17,0.5,0.2,0,,0,1,17,4,1.00,0,0,0,0.00,+0.08,Matches
682,Kingsley Coman,fr FRA,MF,Bayern Munich,de Bundesliga,24,1996,29,1752,60,57.3,19.5,23,70,3,6,23,2,2.17,49,24,+25,+1.28,-0.78,Matches
683,Daniel Congré,fr FRA,DF,Montpellier,fr Ligue 1,35,1985,38,3292,87,96.3,36.6,38,87,34,0,,0,1.42,58,61,-3,-0.08,-0.79,Matches
684,Aaron Connolly,ie IRL,"FW,MF",Brighton,eng Premier League,20,2000,17,791,47,23.1,8.8,9,68,1,8,23,11,0.88,12,17,-5,-0.57,-0.53,Matches
685,Jomaine Consbruch,de GER,MF,Arminia,de Bundesliga,18,2002,0,,,,,0,,0,0,,7,,,,,,,Matches
686,Andrea Consigli,it ITA,GK,Sassuolo,it Serie A,33,1987,37,3330,90,97.4,37.0,37,90,37,0,,0,1.65,64,56,+8,+0.22,+0.22,Matches
687,Andrea Conti,it ITA,"DF,MF",Milan,it Serie A,26,1994,3,28,9,0.8,0.3,0,,0,3,9,12,2.00,0,0,0,0.00,-0.88,Matches
688,Andrea Conti,it ITA,"DF,MF",Parma,it Serie A,26,1994,11,809,74,23.7,9.0,9,88,6,2,9,1,0.55,11,19,-8,-0.89,+0.35,Matches
689,Nikita Contini Baranovsky,it ITA,GK,Napoli,it Serie A,24,1996,0,,,0.0,0.0,0,,0,0,,37,3.00,2,0,+2,,,Matches
690,Gianluca Contini,it ITA,FW,Cagliari,it Serie A,19,2001,0,,,,,0,,0,0,,4,,,,,,,Matches
691,Liam Cooper,sct SCO,DF,Leeds United,eng Premier League,28,1991,25,2185,87,63.9,24.3,25,87,23,0,,1,1.52,38,40,-2,-0.08,-0.81,Matches
692,Francis Coquelin,fr FRA,MF,Villarreal,es La Liga,29,1991,22,736,33,21.5,8.2,7,62,0,15,20,2,1.50,10,12,-2,-0.24,-0.85,Matches
693,Theo Corbeanu,ca CAN,"FW,MF",Wolves,eng Premier League,18,2002,1,9,9,0.3,0.1,0,,0,1,9,10,0.00,0,0,0,0.00,+0.42,Matches
694,Sébastien Corchia,fr FRA,"DF,MF",Nantes,fr Ligue 1,29,1990,25,2066,83,60.4,23.0,23,88,20,2,16,1,1.04,31,32,-1,-0.04,+0.42,Matches
695,Alex Cordaz,it ITA,GK,Crotone,it Serie A,37,1983,36,3240,90,94.7,36.0,36,90,36,0,,1,0.58,44,91,-47,-1.31,-1.31,Matches
696,Asier Córdoba,es ESP,FW,Osasuna,es La Liga,20,2000,0,,,,,0,,0,0,,5,,,,,,,Matches
697,Iñigo Córdoba,es ESP,MF,Athletic Club,es La Liga,23,1997,3,95,32,2.8,1.1,1,58,0,2,19,10,1.00,1,2,-1,-0.95,-1.08,Matches
698,Iñigo Córdoba,es ESP,MF,Alavés,es La Liga,23,1997,7,216,31,6.3,2.4,3,49,0,4,18,2,0.57,2,6,-4,-1.67,-1.19,Matches
699,Jhon Córdoba,co COL,FW,Hertha BSC,de Bundesliga,27,1993,21,1537,73,50.2,17.1,17,82,8,4,37,0,1.14,22,26,-4,-0.23,+0.18,Matches
700,Sergio Córdova,ve VEN,"FW,MF",Arminia,de Bundesliga,22,1997,23,1090,47,35.6,12.1,13,67,1,10,22,1,1.00,8,17,-9,-0.74,+0.03,Matches
701,Jack Cork,eng ENG,MF,Burnley,eng Premier League,31,1989,16,1350,84,39.5,15.0,15,87,12,1,45,5,1.00,17,24,-7,-0.47,+0.19,Matches
702,Andreas Cornelius,dk DEN,FW,Parma,it Serie A,27,1993,29,1898,65,55.5,21.1,21,80,12,8,29,2,0.48,20,44,-24,-1.14,+0.04,Matches
703,Maxwel Cornet,ci CIV,"DF,MF",Lyon,fr Ligue 1,23,1996,36,2446,68,71.5,27.2,29,78,12,7,24,0,1.94,64,34,+30,+1.10,+0.36,Matches
704,Ángel Correa,ar ARG,"FW,MF",Atlético Madrid,es La Liga,25,1995,38,2393,63,70.0,26.6,29,72,3,9,35,0,2.26,39,14,+25,+0.94,-0.55,Matches
705,Joaquín Correa,ar ARG,FW,Lazio,it Serie A,25,1994,28,1933,69,56.5,21.5,25,74,9,3,26,4,1.71,35,40,-5,-0.23,-0.90,Matches
706,Rober Correa,es ESP,DF,Eibar,es La Liga,27,1992,15,1136,76,33.2,12.6,13,82,8,2,38,7,1.13,12,10,+2,+0.16,+1.14,Matches
707,Félix Correia,pt POR,"FW,MF",Juventus,it Serie A,19,2001,1,7,7,0.2,0.1,0,,0,1,7,7,3.00,1,0,+1,+12.86,+11.86,Matches
708,Thierry Correia,pt POR,DF,Valencia,es La Liga,21,1999,29,2137,74,62.5,23.7,25,83,18,4,16,6,1.14,29,31,-2,-0.08,-0.01,Matches
709,Antonio Cortés,es ESP,"FW,MF",Granada,es La Liga,20,2000,0,,,,,0,,0,0,,3,,,,,,,Matches
710,Danny da Costa,de GER,MF,Mainz 05,de Bundesliga,27,1993,16,1208,76,39.5,13.4,15,79,7,1,20,0,1.81,19,17,+2,+0.15,+1.07,Matches
711,Danny da Costa,de GER,MF,Eintracht Frankfurt,de Bundesliga,27,1993,6,110,18,3.6,1.2,1,45,0,5,13,7,1.00,2,6,-4,-3.27,-3.88,Matches
712,David Costa,pt POR,MF,Lens,fr Ligue 1,19,2001,7,150,21,4.4,1.7,1,66,0,6,14,19,,7,6,+1,+0.60,+0.60,Matches
713,Diego Costa,es ESP,FW,Atlético Madrid,es La Liga,31,1988,7,208,30,6.1,2.3,2,59,0,5,18,0,2.43,5,0,+5,+2.16,+1.13,Matches
714,Douglas Costa,br BRA,MF,Bayern Munich,de Bundesliga,29,1990,11,320,29,10.5,3.6,3,65,0,8,16,5,2.36,7,5,+2,+0.56,-1.18,Matches
715,Douglas Costa,br BRA,"FW,MF",Juventus,it Serie A,29,1990,2,42,21,1.2,0.5,0,,0,2,21,0,2.00,2,0,+2,+4.29,+3.30,Matches
716,Hélder Costa,ao ANG,MF,Leeds United,eng Premier League,26,1994,22,1156,53,33.8,12.8,13,74,5,9,22,10,1.27,21,23,-2,-0.16,-0.55,Matches
717,Jaume Costa,es ESP,"DF,MF",Villarreal,es La Liga,32,1988,14,351,25,10.3,3.9,3,60,0,11,15,22,1.71,5,6,-1,-0.26,-0.75,Matches
718,João Paulo Santos Costa,pt POR,GK,Granada,es La Liga,24,1996,0,,,,,0,,0,0,,18,,,,,,,Matches
719,Angelo da Costa Júnior,br BRA,GK,Bologna,it Serie A,36,1983,6,540,90,15.8,6.0,6,90,6,0,,30,0.83,7,9,-2,-0.33,+0.04,Matches
720,Davide Costanzo,it ITA,DF,Napoli,it Serie A,18,2002,0,,,,,0,,0,0,,11,,,,,,,Matches
721,David Costas,es ESP,DF,Celta Vigo,es La Liga,25,1995,0,,,,,0,,0,0,,8,,,,,,,Matches
722,Charles Costes,fr FRA,MF,Dijon,fr Ligue 1,17,2002,1,2,2,0.1,0.0,0,,0,1,2,0,3.00,0,0,0,0.00,+1.26,Matches
723,Benoît Costil,fr FRA,GK,Bordeaux,fr Ligue 1,33,1987,38,3420,90,100.0,38.0,38,90,38,0,,0,1.18,42,56,-14,-0.37,,Matches
724,Vladimír Coufal,cz CZE,"DF,MF",West Ham United,eng Premier League,27,1992,34,3054,90,89.3,33.9,34,90,33,0,,1,1.79,57,43,+14,+0.41,+0.17,Matches
725,Kalifa Coulibaly,ml MLI,FW,Nantes,fr Ligue 1,28,1991,17,981,58,28.7,10.9,11,80,5,6,17,7,1.12,15,9,+6,+0.55,+1.07,Matches
726,Lassana Coulibaly,ml MLI,MF,Angers,fr Ligue 1,24,1996,29,1687,58,49.3,18.7,18,82,11,11,20,1,1.14,20,30,-10,-0.53,-0.12,Matches
727,Mamadou Coulibaly,sn SEN,MF,Udinese,it Serie A,21,1999,3,184,61,5.4,2.0,2,90,2,1,4,7,0.00,0,3,-3,-1.47,-1.11,Matches
728,Senou Coulibaly,ml MLI,DF,Dijon,fr Ligue 1,25,1994,22,1934,88,56.5,21.5,22,88,19,0,,6,0.59,16,45,-29,-1.35,-0.20,Matches
729,Tanguy Coulibaly,fr FRA,"MF,FW",Stuttgart,de Bundesliga,19,2001,31,1506,49,49.2,16.7,17,72,2,14,21,1,1.35,25,32,-7,-0.42,-0.88,Matches
730,Thibaut Courtois,be BEL,GK,Real Madrid,es La Liga,28,1992,38,3420,90,100.0,38.0,38,90,38,0,,0,2.21,67,28,+39,+1.03,,Matches
731,Philippe Coutinho,br BRA,MF,Barcelona,es La Liga,28,1992,12,654,55,19.1,7.3,8,70,1,4,25,1,1.50,14,7,+7,+0.96,-0.34,Matches
732,Conor Coventry,ie IRL,MF,West Ham United,eng Premier League,20,2000,0,,,,,0,,,0,,7,,,,,,,Matches
733,Nicolas Cozza,fr FRA,DF,Montpellier,fr Ligue 1,21,1999,20,1369,68,40.0,15.2,15,84,7,5,21,17,1.40,23,28,-5,-0.33,-0.46,Matches
734,Alessio Cragno,it ITA,GK,Cagliari,it Serie A,26,1994,34,3060,90,89.5,34.0,34,90,34,0,,0,0.82,35,53,-18,-0.53,-1.03,Matches
735,Gian Crespi,it ITA,GK,Crotone,it Serie A,19,2001,1,90,90,2.6,1.0,1,90,1,0,,32,1.00,0,0,0,0.00,+1.27,Matches
736,Aaron Cresswell,eng ENG,DF,West Ham United,eng Premier League,30,1989,36,3170,88,92.7,35.2,36,88,34,0,,0,1.81,60,41,+19,+0.54,+1.98,Matches
737,Charlie Cresswell,eng ENG,DF,Leeds United,eng Premier League,17,2002,0,,,,,0,,,0,,7,,,,,,,Matches
738,Domenico Criscito,it ITA,DF,Genoa,it Serie A,33,1986,23,1726,75,50.5,19.2,20,83,17,3,19,2,1.43,26,22,+4,+0.21,+1.01,Matches
739,Bryan Cristante,it ITA,"DF,MF",Roma,it Serie A,25,1995,34,2155,63,63.0,23.9,22,86,17,12,21,1,1.59,45,32,+13,+0.54,+0.76,Matches
740,Cristian,es ESP,GK,Valencia,es La Liga,22,1998,0,,,,,0,,0,0,,32,,,,,,,Matches
741,Giovanni Crociata,it ITA,MF,Crotone,it Serie A,22,1997,2,26,13,0.8,0.3,0,,0,2,13,16,0.00,0,1,-1,-3.46,-2.24,Matches
742,Juan Cruz Armada,es ESP,DF,Osasuna,es La Liga,28,1992,26,1962,75,57.4,21.8,23,80,15,3,39,10,1.15,16,29,-13,-0.60,-0.72,Matches
743,Juan Cuadrado,co COL,"DF,MF",Juventus,it Serie A,32,1988,30,2175,73,63.6,24.2,26,80,17,4,22,0,2.07,48,25,+23,+0.95,-0.20,Matches
744,Andrés Cubas,py PAR,MF,Nîmes,fr Ligue 1,24,1996,27,2242,83,65.6,24.9,27,83,17,0,,1,0.96,25,45,-20,-0.80,+0.04,Matches
745,Sergio Cubero Ezcurra,es ESP,DF,Eibar,es La Liga,20,1999,1,1,1,0.0,0.0,0,,0,1,1,2,1.00,0,0,0,0.00,+0.61,Matches
746,Cucho,co COL,"FW,MF",Getafe,es La Liga,21,1999,23,1466,64,42.9,16.3,18,76,5,5,21,0,1.09,13,17,-4,-0.25,+0.26,Matches
747,Marc Cucurella,es ESP,MF,Getafe,es La Liga,22,1998,37,3244,88,94.9,36.0,37,88,31,0,,0,1.03,25,38,-13,-0.36,+0.66,Matches
748,Mickaël Cuisance,fr FRA,MF,Bayern Munich,de Bundesliga,20,1999,1,18,18,0.6,0.2,0,,0,1,18,0,3.00,1,0,+1,+5.00,+3.40,Matches
749,Mickaël Cuisance,fr FRA,"MF,FW",Marseille,fr Ligue 1,20,1999,23,1024,45,29.9,11.4,11,71,1,12,20,5,1.70,19,11,+8,+0.70,+0.74,Matches
750,Pablo Cuñat,es ESP,GK,Levante,es La Liga,18,2002,0,,,,,0,,0,0,,1,,,,,,,Matches
751,Luke Cundle,eng ENG,MF,Wolves,eng Premier League,18,2002,0,,,,,0,,,0,,6,,,,,,,Matches
752,Matheus Cunha,br BRA,"MF,FW",Hertha BSC,de Bundesliga,21,1999,27,2149,80,70.2,23.9,25,84,17,2,30,0,1.00,32,40,-8,-0.34,-0.04,Matches
753,Giuseppe Cuomo,it ITA,DF,Crotone,it Serie A,22,1998,13,801,62,23.4,8.9,8,85,5,5,25,16,0.92,8,18,-10,-1.12,+0.15,Matches
754,Patrick Cutrone,it ITA,FW,Fiorentina,it Serie A,22,1998,11,196,18,5.7,2.2,0,,0,11,18,2,0.91,2,6,-4,-1.84,-1.61,Matches
755,Patrick Cutrone,it ITA,FW,Wolves,eng Premier League,22,1998,2,25,13,0.7,0.3,0,,0,2,13,1,0.00,0,0,0,0.00,+0.42,Matches
756,Patrick Cutrone,it ITA,FW,Valencia,es La Liga,22,1998,7,108,15,3.2,1.2,0,,0,7,15,5,0.29,0,1,-1,-0.83,-0.78,Matches
757,Wylan Cyprien,fr FRA,MF,Parma,it Serie A,25,1995,13,410,32,12.0,4.6,2,90,2,11,21,10,0.38,2,16,-14,-3.07,-2.18,Matches
758,Rafael Czichos,de GER,DF,Köln,de Bundesliga,30,1990,28,2259,81,73.8,25.1,26,84,21,2,44,0,0.96,27,39,-12,-0.48,+1.09,Matches
759,Lennart-Marten Czyborra,de GER,MF,Genoa,it Serie A,21,1999,17,1173,69,34.3,13.0,15,74,9,2,30,15,1.47,12,13,-1,-0.08,+0.32,Matches
760,Szymon Czyż,pl POL,MF,Lazio,it Serie A,19,2001,0,,,,,0,,0,0,,4,,,,,,,Matches
761,Giuseppe D'Agostino,it ITA,FW,Napoli,it Serie A,17,2003,0,,,,,0,,0,0,,8,,,,,,,Matches
762,Francesco D'Alterio,it ITA,GK,Crotone,it Serie A,18,2002,0,,,,,0,,0,0,,2,,,,,,,Matches
763,Danilo D'Ambrosio,it ITA,DF,Inter,it Serie A,31,1988,19,699,37,20.4,7.8,7,86,6,12,8,13,2.47,23,11,+12,+1.55,+0.16,Matches
764,Giovanni D'Aprile,it ITA,DF,Crotone,it Serie A,15,2005,0,,,,,0,,0,0,,8,,,,,,,Matches
765,Cosimo Marco Da Graca,it ITA,FW,Juventus,it Serie A,18,2002,0,,,,,0,,0,0,,7,,,,,,,Matches
766,Jacopo Da Riva,it ITA,MF,Atalanta,it Serie A,19,2000,0,,,,,0,,0,0,,1,,,,,,,Matches
767,Damien Da Silva,fr FRA,DF,Rennes,fr Ligue 1,32,1988,30,2661,89,77.8,29.6,30,89,26,0,,3,1.57,39,32,+7,+0.24,-0.36,Matches
768,Moanes Dabbur,il ISR,FW,Hoffenheim,de Bundesliga,28,1992,22,999,45,32.6,11.1,11,75,2,11,16,7,1.18,17,12,+5,+0.45,+0.76,Matches
769,Bryan Dabo,bf BFA,MF,Benevento,it Serie A,28,1992,25,1117,45,32.7,12.4,12,73,3,13,19,9,0.92,14,31,-17,-1.37,-0.67,Matches
770,Colin Dagba,fr FRA,DF,Paris Saint-Germain,fr Ligue 1,21,1998,25,1357,54,39.7,15.1,15,78,7,10,19,7,2.16,38,9,+29,+1.92,+0.66,Matches
771,Finn Dahmen,de GER,GK,Mainz 05,de Bundesliga,22,1998,3,270,90,8.8,3.0,3,90,3,0,,31,1.00,6,10,-4,-1.33,-0.91,Matches
772,Mahmoud Dahoud,de GER,MF,Dortmund,de Bundesliga,24,1996,21,1258,60,41.1,14.0,15,74,5,6,24,11,2.14,34,13,+21,+1.50,+1.10,Matches
773,Leon Dajaku,de GER,"FW,MF",Union Berlin,de Bundesliga,19,2001,2,37,19,1.2,0.4,0,,0,2,19,4,0.50,0,1,-1,-2.43,-2.67,Matches
774,Vontae Daley Campbell,eng ENG,DF,Leicester City,eng Premier League,19,2001,0,,,,,0,,,0,,10,,,,,,,Matches
775,Stuart Dallas,nir NIR,"MF,DF",Leeds United,eng Premier League,29,1991,38,3409,90,99.7,37.9,38,90,36,0,,0,1.55,62,53,+9,+0.24,+8.42,Matches
776,Christian Dalle Mura,it ITA,DF,Fiorentina,it Serie A,18,2002,0,,,,,0,,0,0,,3,,,,,,,Matches
777,Diogo Dalot,pt POR,DF,Milan,it Serie A,21,1999,21,1090,52,31.9,12.1,10,89,9,11,18,14,2.10,21,13,+8,+0.66,-0.31,Matches
778,Mikkel Damsgaard,dk DEN,"MF,FW",Sampdoria,it Serie A,20,2000,35,1773,51,51.8,19.7,18,75,3,17,24,2,1.37,26,32,-6,-0.30,-0.52,Matches
779,Flavius Daniliuc,at AUT,DF,Nice,fr Ligue 1,19,2001,23,1477,64,43.2,16.4,15,84,10,8,27,14,1.48,19,20,-1,-0.06,+0.03,Matches
780,Danilo,br BRA,"DF,MF",Juventus,it Serie A,29,1991,34,2916,86,85.3,32.4,32,88,28,2,52,3,2.15,69,30,+39,+1.20,+1.20,Matches
781,Scott Dann,eng ENG,DF,Crystal Palace,eng Premier League,33,1987,15,1350,90,39.5,15.0,15,90,15,0,,15,1.07,13,24,-11,-0.73,-0.12,Matches
782,Tiago Dantas,pt POR,MF,Bayern Munich,de Bundesliga,19,2000,2,69,35,2.3,0.8,1,65,0,1,4,10,2.00,0,0,0,0.00,-1.65,Matches
783,Dante,br BRA,DF,Nice,fr Ligue 1,36,1983,9,774,86,22.6,8.6,9,86,8,0,,0,1.89,13,10,+3,+0.35,+0.55,Matches
784,Andrea Danzi,it ITA,MF,Hellas Verona,it Serie A,21,1999,2,104,52,3.0,1.2,1,90,1,1,14,11,3.00,0,0,0,0.00,+0.05,Matches
785,Ebrima Darboe,gm GAM,MF,Roma,it Serie A,19,2001,5,323,65,9.4,3.6,4,79,1,1,8,7,1.40,8,4,+4,+1.11,+0.94,Matches
786,Márton Dárdai,hu HUN,"DF,MF",Hertha BSC,de Bundesliga,18,2002,12,821,68,26.8,9.1,9,86,7,3,15,11,1.17,8,12,-4,-0.44,-0.16,Matches
787,Vladimír Darida,cz CZE,MF,Hertha BSC,de Bundesliga,29,1990,27,1903,70,62.2,21.1,24,77,9,3,17,3,1.00,24,36,-12,-0.57,-0.65,Matches
788,Karl Darlow,wls WAL,GK,Newcastle United,eng Premier League,29,1990,25,2250,90,65.8,25.0,25,90,25,0,,6,1.00,26,43,-17,-0.68,-0.76,Matches
789,Matteo Darmian,it ITA,MF,Inter,it Serie A,30,1989,26,1160,45,33.9,12.9,14,72,2,12,13,8,2.58,21,11,+10,+0.78,-0.98,Matches
790,Matteo Darmian,it ITA,DF,Parma,it Serie A,30,1989,3,208,69,6.1,2.3,2,90,2,1,28,0,1.00,1,6,-5,-2.16,-1.07,Matches
791,Jonathan David,ca CAN,FW,Lille,fr Ligue 1,20,2000,37,2354,64,68.8,26.2,29,76,7,8,18,0,2.16,48,12,+36,+1.38,+0.95,Matches
792,Alphonso Davies,ca CAN,DF,Bayern Munich,de Bundesliga,19,2000,23,1763,77,57.6,19.6,22,80,16,1,1,4,2.22,55,32,+23,+1.17,-1.05,Matches
793,Ben Davies,wls WAL,DF,Tottenham Hotspur,eng Premier League,27,1993,20,1346,67,39.4,15.0,14,90,14,6,14,9,1.70,21,16,+5,+0.33,-0.45,Matches
794,Ben Davies,eng ENG,DF,Liverpool,eng Premier League,24,1995,0,,,,,0,,,0,,4,,,,,,,Matches
795,Tom Davies,eng ENG,MF,Everton,eng Premier League,22,1998,25,1423,57,41.6,15.8,17,79,8,8,9,10,1.76,18,23,-5,-0.32,-0.50,Matches
796,Keinan Davis,eng ENG,FW,Aston Villa,eng Premier League,22,1998,15,277,18,8.1,3.1,1,90,1,14,13,18,0.93,5,1,+4,+1.30,+1.16,Matches
797,Leif Davis,eng ENG,"DF,MF",Leeds United,eng Premier League,20,1999,2,33,17,1.0,0.4,0,,0,2,17,23,0.50,1,0,+1,+2.73,+2.54,Matches
798,Paweł Dawidowicz,pl POL,DF,Hellas Verona,it Serie A,25,1995,30,1860,62,54.4,20.7,22,75,13,8,25,2,1.10,20,28,-8,-0.39,-0.73,Matches
799,Craig Dawson,eng ENG,DF,West Ham United,eng Premier League,30,1990,22,1925,88,56.3,21.4,22,88,21,0,,4,1.95,37,23,+14,+0.65,+0.59,Matches
800,Kevin De Bruyne,be BEL,MF,Manchester City,eng Premier League,29,1991,25,1997,80,58.4,22.2,23,85,17,2,17,4,2.24,45,17,+28,+1.26,-0.19,Matches
801,Bobby De Cordova-Reid,jm JAM,"MF,FW",Fulham,eng Premier League,27,1993,33,2372,72,69.4,26.4,28,82,14,5,17,2,0.82,20,32,-12,-0.46,+0.75,Matches
802,Konrad De La Fuente,us USA,FW,Barcelona,es La Liga,19,2001,0,,,,,0,,0,0,,18,,,,,,,Matches
803,Sebastien De Maio,fr FRA,DF,Udinese,it Serie A,33,1987,15,853,57,24.9,9.5,9,86,7,6,14,18,1.13,9,15,-6,-0.63,-0.28,Matches
804,Davide De Marino,it ITA,DF,Juventus,it Serie A,20,2000,0,,,,,0,,0,0,,2,,,,,,,Matches
805,Rodrigo De Paul,ar ARG,MF,Udinese,it Serie A,26,1994,36,3201,89,93.6,35.6,36,89,33,0,,0,1.03,39,56,-17,-0.48,-0.89,Matches
806,Mattia De Sciglio,it ITA,DF,Lyon,fr Ligue 1,27,1992,29,1467,51,42.9,16.3,14,80,8,15,23,0,2.14,33,21,+12,+0.74,-0.46,Matches
807,Mattia De Sciglio,it ITA,"DF,MF",Juventus,it Serie A,27,1992,1,24,24,0.7,0.3,0,,0,1,24,1,3.00,2,0,+2,+7.50,+6.52,Matches
808,Lorenzo De Silvestri,it ITA,DF,Bologna,it Serie A,32,1988,29,2143,74,62.7,23.8,25,80,16,4,38,7,1.07,31,42,-11,-0.46,-0.25,Matches
809,Thibault De Smet,be BEL,DF,Reims,fr Ligue 1,22,1998,8,496,62,14.5,5.5,6,78,2,2,15,28,0.88,8,7,+1,+0.18,+0.46,Matches
810,Lucas Deaux,fr FRA,"MF,DF",Nîmes,fr Ligue 1,31,1988,25,1754,70,51.3,19.5,19,85,14,6,23,1,0.88,20,42,-22,-1.13,-0.64,Matches
811,Mathieu Debuchy,fr FRA,DF,Saint-Étienne,fr Ligue 1,35,1985,26,2103,81,61.5,23.4,25,82,20,1,45,0,1.50,31,24,+7,+0.30,+1.60,Matches
812,Valentin Decarpentrie,fr FRA,FW,Monaco,fr Ligue 1,18,2002,0,,,,,0,,,0,,1,,,,,,,Matches
813,Grégoire Defrel,mq MTQ,"MF,FW",Sassuolo,it Serie A,29,1991,28,1336,48,39.1,14.8,14,65,1,14,30,1,1.57,30,22,+8,+0.54,+0.54,Matches
814,Alessandro Deiola,it ITA,MF,Spezia,it Serie A,24,1995,12,360,30,10.5,4.0,4,58,0,8,16,6,0.92,3,6,-3,-0.75,-0.25,Matches
815,Alessandro Deiola,it ITA,MF,Cagliari,it Serie A,24,1995,12,615,51,18.0,6.8,7,77,1,5,15,5,1.58,6,6,0,0.00,+0.51,Matches
816,Romain Del Castillo,fr FRA,"MF,FW",Rennes,fr Ligue 1,24,1996,26,652,25,19.1,7.2,5,60,0,21,17,6,1.46,14,8,+6,+0.83,+0.63,Matches
817,Lorenzo Del Pinto,it ITA,MF,Benevento,it Serie A,30,1990,1,11,11,0.3,0.1,0,,0,1,11,10,0.00,0,1,-1,-8.18,-7.28,Matches
818,Thomas Delaine,fr FRA,"MF,DF",Metz,fr Ligue 1,28,1992,24,1779,74,52.0,19.8,19,85,13,5,34,11,1.00,18,25,-7,-0.35,-0.52,Matches
819,Thomas Delaney,dk DEN,MF,Dortmund,de Bundesliga,28,1991,20,1286,64,42.0,14.3,14,79,7,6,30,6,2.15,32,19,+13,+0.91,+0.10,Matches
820,Liam Delap,eng ENG,FW,Manchester City,eng Premier League,17,2003,1,40,40,1.2,0.4,0,,0,1,40,5,0.00,1,4,-3,-6.75,-8.19,Matches
821,Jonathan Delaplace,fr FRA,DF,Lorient,fr Ligue 1,34,1986,18,906,50,26.5,10.1,9,83,6,9,18,3,1.17,12,17,-5,-0.50,-0.03,Matches
822,Sacha Delaye,fr FRA,MF,Montpellier,fr Ligue 1,18,2002,1,7,7,0.2,0.1,0,,0,1,7,0,3.00,0,0,0,0.00,+0.05,Matches
823,Paul Delecroix,fr FRA,GK,Metz,fr Ligue 1,31,1988,0,,,,,0,,,0,,1,,,,,,,Matches
824,Fran Delgado,es ESP,DF,Real Betis,es La Liga,19,2001,0,,,,,0,,0,0,,10,,,,,,,Matches
825,Cristian Dell'Orco,it ITA,DF,Spezia,it Serie A,26,1994,8,262,33,7.7,2.9,2,72,0,6,20,12,0.88,4,9,-5,-1.72,-1.29,Matches
826,Andy Delort,dz ALG,FW,Montpellier,fr Ligue 1,28,1991,30,2482,83,72.6,27.6,30,83,18,0,,0,1.60,49,43,+6,+0.22,+0.99,Matches
827,Fabian Delph,eng ENG,MF,Everton,eng Premier League,30,1989,8,266,33,7.8,3.0,2,59,1,6,25,7,1.25,3,6,-3,-1.02,-1.07,Matches
828,Isaías Delpupo,ar ARG,MF,Cagliari,it Serie A,17,2003,0,,,,,0,,0,0,,1,,,,,,,Matches
829,Moussa Dembélé,fr FRA,FW,Lyon,fr Ligue 1,24,1996,16,677,42,19.8,7.5,6,77,3,10,22,0,2.06,9,5,+4,+0.53,-0.58,Matches
830,Moussa Dembélé,fr FRA,FW,Atlético Madrid,es La Liga,24,1996,5,100,20,2.9,1.1,0,,0,5,20,12,2.00,4,1,+3,+2.70,+1.64,Matches
831,Ousmane Dembélé,fr FRA,"FW,MF",Barcelona,es La Liga,23,1997,30,1774,59,51.9,19.7,19,78,5,11,27,3,1.97,41,19,+22,+1.12,-0.25,Matches
832,Merih Demiral,tr TUR,DF,Juventus,it Serie A,22,1998,15,940,63,27.5,10.4,10,90,10,5,8,11,2.47,24,8,+16,+1.53,+0.70,Matches
833,Kerem Demirbay,de GER,MF,Leverkusen,de Bundesliga,27,1993,29,1744,60,57.0,19.4,20,78,10,9,21,3,1.38,22,19,+3,+0.15,-0.60,Matches
834,Ermedin Demirović,ba BIH,FW,Freiburg,de Bundesliga,22,1998,30,1498,50,49.0,16.6,19,70,0,11,15,2,1.40,32,25,+7,+0.42,+0.82,Matches
835,Diego Demme,de GER,MF,Napoli,it Serie A,28,1991,24,1590,66,46.5,17.7,20,78,10,4,8,9,2.17,36,13,+23,+1.30,+0.22,Matches
836,Jason Denayer,be BEL,DF,Lyon,fr Ligue 1,25,1995,31,2614,84,76.4,29.0,31,84,26,0,,2,2.03,58,33,+25,+0.86,-0.59,Matches
837,Leander Dendoncker,be BEL,"MF,DF",Wolves,eng Premier League,25,1995,33,2503,76,73.2,27.8,28,87,25,5,14,1,1.30,25,33,-8,-0.29,+0.50,Matches
838,Kévin Denkey,tg TOG,FW,Nîmes,fr Ligue 1,19,2000,10,524,52,15.3,5.8,6,68,2,4,30,4,1.00,10,8,+2,+0.34,+1.37,Matches
839,Emmanuel Dennis,ng NGA,FW,Köln,de Bundesliga,22,1997,9,474,53,15.5,5.3,6,72,2,3,13,3,0.78,6,9,-3,-0.57,+0.23,Matches
840,Stefano Denswil,sr SUR,DF,Bologna,it Serie A,27,1993,5,115,23,3.4,1.3,1,69,0,4,12,8,1.20,2,1,+1,+0.78,+1.19,Matches
841,Fabio Depaoli,it ITA,"DF,MF",Benevento,it Serie A,23,1997,15,1120,75,32.7,12.4,14,79,9,1,18,0,0.40,12,27,-15,-1.21,-0.42,Matches
842,Fabio Depaoli,it ITA,MF,Sampdoria,it Serie A,23,1997,2,77,39,2.3,0.9,1,45,0,1,32,0,0.00,0,3,-3,-3.51,-3.53,Matches
843,Fabio Depaoli,it ITA,MF,Atalanta,it Serie A,23,1997,5,191,38,5.6,2.1,3,58,1,2,9,12,1.40,1,6,-5,-2.36,-3.69,Matches
844,Clément Depres,fr FRA,FW,Nîmes,fr Ligue 1,25,1994,1,14,14,0.4,0.2,0,,0,1,14,1,0.00,0,0,0,0.00,+0.82,Matches
845,Mike van der Hoorn,nl NED,DF,Arminia,de Bundesliga,27,1992,22,1356,62,44.3,15.1,15,89,13,7,3,12,1.14,10,25,-15,-1.00,-0.41,Matches
846,Kastriot Dermaku,al ALB,DF,Parma,it Serie A,28,1992,2,100,50,2.9,1.1,1,90,1,1,10,1,1.50,1,1,0,0.00,+1.19,Matches
847,Axel Desjardins,ca CAN,GK,Spezia,it Serie A,20,2000,0,,,,,0,,0,0,,2,,,,,,,Matches
848,Kiril Despodov,bg BUL,"FW,MF",Cagliari,it Serie A,23,1996,1,11,11,0.3,0.1,0,,0,1,11,0,0.00,0,0,0,0.00,+0.42,Matches
849,Sergiño Dest,us USA,"MF,DF",Barcelona,es La Liga,19,2000,30,1909,64,55.8,21.2,23,77,9,7,19,5,1.93,43,18,+25,+1.18,-0.13,Matches
850,Mattia Destro,it ITA,FW,Genoa,it Serie A,29,1991,29,1606,55,47.0,17.8,22,70,3,7,9,6,1.10,27,32,-5,-0.28,+0.02,Matches
851,Gerard Deulofeu,es ESP,"FW,MF",Udinese,it Serie A,26,1994,13,598,46,17.5,6.6,7,69,2,6,19,3,1.31,8,5,+3,+0.45,+1.06,Matches
852,Alfie Devine,eng ENG,MF,Tottenham Hotspur,eng Premier League,15,2004,0,,,,,0,,,0,,2,,,,,,,Matches
853,Deyverson,br BRA,FW,Alavés,es La Liga,29,1991,27,874,32,25.6,9.7,11,67,2,16,9,9,1.15,9,12,-3,-0.31,+0.33,Matches
854,Jacopo Dezi,it ITA,FW,Parma,it Serie A,28,1992,2,79,40,2.3,0.9,1,57,0,1,22,9,0.00,0,4,-4,-4.56,-3.48,Matches
855,Samuel Di Carmine,it ITA,FW,Hellas Verona,it Serie A,31,1988,11,500,45,14.6,5.6,6,63,0,5,25,3,1.82,4,6,-2,-0.36,-0.36,Matches
856,Samuel Di Carmine,it ITA,FW,Crotone,it Serie A,31,1988,11,475,43,13.9,5.3,6,70,0,5,11,3,0.27,5,19,-14,-2.65,-1.64,Matches
857,Enrico Di Gesù,it ITA,MF,Milan,it Serie A,18,2002,0,,,,,0,,0,0,,1,,,,,,,Matches
858,Giovanni Di Lorenzo,it ITA,DF,Napoli,it Serie A,26,1993,36,3240,90,94.7,36.0,36,90,36,0,,0,1.97,78,41,+37,+1.03,-2.97,Matches
859,Ángel Di María,ar ARG,"FW,MF",Paris Saint-Germain,fr Ligue 1,32,1988,27,1853,69,54.2,20.6,23,76,7,4,25,2,2.04,47,13,+34,+1.65,+0.27,Matches
860,Alessandro Di Pardo,it ITA,"DF,MF",Juventus,it Serie A,21,1999,4,14,4,0.4,0.2,0,,0,4,4,13,2.50,1,0,+1,+6.43,+5.42,Matches
861,Giuseppe Di Serio,it ITA,FW,Benevento,it Serie A,19,2001,16,292,18,8.5,3.2,1,87,0,15,14,22,1.19,4,7,-3,-0.92,0.00,Matches
862,Boulaye Dia,sn SEN,FW,Reims,fr Ligue 1,23,1996,36,2930,81,85.7,32.6,35,83,16,1,33,1,1.17,41,39,+2,+0.06,+1.90,Matches
863,Abdoulay Diaby,ml MLI,"FW,MF",Getafe,es La Liga,29,1991,1,18,18,0.5,0.2,0,,0,1,18,8,1.00,2,1,+1,+5.00,+5.42,Matches
864,Moussa Diaby,fr FRA,"FW,MF",Leverkusen,de Bundesliga,21,1999,32,2388,75,78.0,26.5,28,82,18,4,22,0,1.63,45,30,+15,+0.57,+0.70,Matches
865,Mbaye Diagne,sn SEN,FW,West Brom,eng Premier League,28,1991,16,1189,74,34.8,13.2,14,82,8,2,24,2,0.94,16,17,-1,-0.08,+1.54,Matches
866,Mouctar Diakhaby,gn GUI,DF,Valencia,es La Liga,23,1996,26,2079,80,60.8,23.1,24,82,19,2,51,3,1.00,32,33,-1,-0.04,+0.09,Matches
867,Abdou Diallo,sn SEN,DF,Paris Saint-Germain,fr Ligue 1,24,1996,22,1490,68,43.6,16.6,17,83,13,5,16,4,2.23,41,11,+30,+1.81,+0.51,Matches
868,Amad Diallo,ci CIV,MF,Manchester Utd,eng Premier League,18,2002,3,166,55,4.9,1.8,2,79,0,1,8,8,1.33,3,3,0,0.00,-0.80,Matches
869,Amad Diallo,ci CIV,"FW,MF",Atalanta,it Serie A,18,2002,1,14,14,0.4,0.2,0,,0,1,14,10,0.00,0,1,-1,-6.43,-7.59,Matches
870,Habib Diallo,sn SEN,"FW,MF",Strasbourg,fr Ligue 1,25,1995,32,2322,73,67.9,25.8,27,81,11,5,29,0,1.22,37,35,+2,+0.08,+0.98,Matches
871,Habib Diallo,sn SEN,FW,Metz,fr Ligue 1,25,1995,4,143,36,4.2,1.6,1,72,0,3,24,1,0.25,0,2,-2,-1.26,-1.20,Matches
872,Ibrahima Diallo,fr FRA,MF,Southampton,eng Premier League,21,1999,22,1020,46,29.8,11.3,10,86,8,12,13,6,1.14,10,22,-12,-1.06,-0.72,Matches
873,Ibrahima Diallo,fr FRA,MF,Brest,fr Ligue 1,21,1999,5,440,88,12.9,4.9,5,88,3,0,,0,1.20,8,12,-4,-0.82,-0.46,Matches
874,Zakaria Diallo,fr FRA,DF,Lens,fr Ligue 1,33,1986,0,,,,,0,,,0,,4,,,,,,,Matches
875,Cheikh Diamanka,es ESP,DF,Elche,es La Liga,19,2001,0,,,,,0,,0,0,,1,,,,,,,Matches
876,Amadou Diambo,gh GHA,MF,Benevento,it Serie A,19,2001,1,3,3,0.1,0.0,0,,0,1,3,6,1.00,0,0,0,0.00,+0.92,Matches
877,Grady Diangana,cd COD,MF,West Brom,eng Premier League,22,1998,20,1235,62,36.1,13.7,15,74,6,5,24,9,0.40,10,33,-23,-1.68,-0.93,Matches
878,Mamady Diarra,ml MLI,FW,Cádiz,es La Liga,20,2000,0,,,,,0,,0,0,,2,,,,,,,Matches
879,Stéphane Diarra,fr FRA,"MF,FW",Lorient,fr Ligue 1,21,1998,13,197,15,5.8,2.2,2,28,0,11,13,13,0.54,3,5,-2,-0.91,-0.47,Matches
880,Lucas Dias,fr FRA,GK,Nîmes,fr Ligue 1,21,1999,0,,,,,0,,,0,,16,,,,,,,Matches
881,Rúben Dias,pt POR,DF,Manchester City,eng Premier League,23,1997,32,2843,89,83.1,31.6,32,89,30,0,,4,2.31,68,21,+47,+1.49,+0.86,Matches
882,Krépin Diatta,sn SEN,MF,Monaco,fr Ligue 1,21,1999,12,389,32,11.4,4.3,3,60,0,9,23,1,2.42,13,4,+9,+2.08,+1.34,Matches
883,Amadou Diawara,gn GUI,MF,Roma,it Serie A,23,1997,18,658,37,19.2,7.3,7,76,2,11,11,11,1.50,10,11,-1,-0.14,-0.50,Matches
884,Brahim Díaz,ma MAR,MF,Milan,it Serie A,20,1999,27,1228,45,35.9,13.6,15,62,0,12,24,7,2.07,27,8,+19,+1.39,+0.82,Matches
885,Javier Díaz,es ESP,GK,Sevilla,es La Liga,23,1997,0,,,,,0,,0,0,,38,,,,,,,Matches
886,Víctor Díaz,es ESP,DF,Granada,es La Liga,32,1988,17,828,49,24.2,9.2,7,85,6,10,24,7,1.29,14,20,-6,-0.65,-0.24,Matches
887,Daniel Didavi,de GER,"MF,FW",Stuttgart,de Bundesliga,30,1990,23,970,42,31.7,10.8,10,70,1,13,21,5,1.22,21,20,+1,+0.09,+0.09,Matches
888,Bamba Dieng,sn SEN,FW,Marseille,fr Ligue 1,20,2000,5,129,26,3.8,1.4,2,56,0,3,6,6,1.80,5,3,+2,+1.40,+1.26,Matches
889,Eric Dier,eng ENG,DF,Tottenham Hotspur,eng Premier League,26,1994,28,2520,90,73.7,28.0,28,90,28,0,,9,1.50,45,34,+11,+0.39,-0.81,Matches
890,Daan Dierckx,be BEL,DF,Parma,it Serie A,17,2003,7,471,67,13.8,5.2,6,76,3,1,13,12,0.14,5,14,-9,-1.72,-0.65,Matches
891,Lucas Digne,fr FRA,"DF,MF",Everton,eng Premier League,27,1993,30,2681,89,78.4,29.8,30,89,29,0,,0,1.53,39,42,-3,-0.10,-0.34,Matches
892,Mitchell Dijks,nl NED,DF,Bologna,it Serie A,27,1993,20,1481,74,43.3,16.5,18,79,6,2,30,1,1.15,18,22,-4,-0.24,+0.22,Matches
893,Javairô Dilrosun,nl NED,"MF,FW",Hertha BSC,de Bundesliga,22,1998,12,529,44,17.3,5.9,5,67,0,7,28,3,1.17,9,7,+2,+0.34,+0.80,Matches
894,Federico Dimarco,it ITA,"DF,MF",Hellas Verona,it Serie A,22,1997,35,2613,75,76.4,29.0,29,83,21,6,33,2,1.14,33,36,-3,-0.10,-0.21,Matches
895,Junior Dina Ebimbe,cm CMR,"MF,FW",Dijon,fr Ligue 1,19,2000,30,2144,71,62.7,23.8,25,80,11,5,31,2,0.47,15,47,-32,-1.34,-0.21,Matches
896,Tristan Dingomé,cm CMR,"DF,MF",Reims,fr Ligue 1,29,1991,1,15,15,0.4,0.2,0,,0,1,15,4,0.00,0,0,0,0.00,+0.21,Matches
897,Eren Dinkçi,de GER,MF,Werder Bremen,de Bundesliga,18,2001,8,108,14,3.5,1.2,1,45,0,7,9,7,0.50,2,5,-3,-2.50,-1.95,Matches
898,Sinaly Diomande,ci CIV,DF,Lyon,fr Ligue 1,19,2001,27,1133,42,33.1,12.6,10,85,8,17,16,9,2.26,28,13,+15,+1.19,+0.29,Matches
899,Lois Diony,fr FRA,FW,Angers,fr Ligue 1,27,1992,36,1749,49,51.1,19.4,20,71,1,16,21,0,1.14,22,29,-7,-0.36,+0.23,Matches
900,Issa Diop,ma MAR,DF,West Ham United,eng Premier League,23,1997,18,1381,77,40.4,15.3,15,90,15,3,10,17,1.61,24,22,+2,+0.13,-0.44,Matches
901,Papakouli Diop,sn SEN,MF,Eibar,es La Liga,34,1986,33,2324,70,68.0,25.8,28,79,12,5,23,1,0.85,20,31,-11,-0.43,+0.56,Matches
902,Sofiane Diop,ma MAR,MF,Monaco,fr Ligue 1,20,2000,32,2023,63,59.2,22.5,24,72,4,8,37,0,2.03,46,26,+20,+0.89,-0.01,Matches
903,Andy Diouf,fr FRA,MF,Rennes,fr Ligue 1,17,2003,1,12,12,0.4,0.1,0,,0,1,12,1,1.00,0,0,0,0.00,-0.32,Matches
904,Yehvann Diouf,sn SEN,GK,Reims,fr Ligue 1,20,1999,2,135,68,3.9,1.5,1,90,1,1,45,32,0.50,1,1,0,0.00,+0.22,Matches
905,Assane Dioussé,sn SEN,MF,Saint-Étienne,fr Ligue 1,22,1997,1,1,1,0.0,0.0,0,,0,1,1,0,3.00,0,0,0,0.00,+0.32,Matches
906,Jonas Dirkner,de GER,MF,Hertha BSC,de Bundesliga,18,2002,1,16,16,0.5,0.2,0,,0,1,16,0,0.00,0,1,-1,-5.63,-5.33,Matches
907,Axel Disasi,fr FRA,DF,Monaco,fr Ligue 1,22,1998,29,2011,69,58.8,22.3,24,80,16,5,16,6,2.10,45,24,+21,+0.94,+0.11,Matches
908,Tiago Djaló,pt POR,DF,Lille,fr Ligue 1,20,2000,17,873,51,25.5,9.7,8,88,5,9,19,17,2.29,16,7,+9,+0.93,-0.20,Matches
909,Djené,tg TOG,DF,Getafe,es La Liga,28,1991,34,2941,87,86.0,32.7,34,87,30,0,,0,1.09,28,35,-7,-0.21,+1.29,Matches
910,Moussa Djenepo,ml MLI,MF,Southampton,eng Premier League,22,1998,27,1240,46,36.3,13.8,15,70,4,12,16,7,0.96,12,27,-15,-1.09,-0.84,Matches
911,Koffi Djidji,ci CIV,DF,Crotone,it Serie A,27,1992,20,1524,76,44.6,16.9,16,90,15,4,22,8,0.55,23,38,-15,-0.89,+0.63,Matches
912,Alexander Djiku,gh GHA,"DF,MF",Strasbourg,fr Ligue 1,25,1994,30,2552,85,74.6,28.4,29,87,24,1,27,0,1.27,33,37,-4,-0.14,+0.38,Matches
913,Berat Djimsiti,al ALB,DF,Atalanta,it Serie A,27,1993,33,2625,80,76.8,29.2,28,86,23,5,42,2,2.03,68,34,+34,+1.17,+0.15,Matches
914,Marko Dmitrović,rs SRB,GK,Eibar,es La Liga,28,1992,35,3120,89,91.2,34.7,35,89,34,0,,1,0.83,28,49,-21,-0.61,-0.01,Matches
915,Ritsu Doan,jp JPN,"MF,FW",Arminia,de Bundesliga,22,1998,34,2768,81,90.5,30.8,33,83,14,1,26,0,1.03,24,46,-22,-0.72,+0.52,Matches
916,Mihai Dobre,ro ROU,"MF,FW",Dijon,fr Ligue 1,21,1998,22,529,24,15.5,5.9,4,63,0,18,15,12,0.50,5,16,-11,-1.87,-0.72,Matches
917,Matt Doherty,ie IRL,"DF,MF",Tottenham Hotspur,eng Premier League,28,1992,17,1240,73,36.3,13.8,13,89,11,4,22,11,1.88,26,15,+11,+0.80,+0.30,Matches
918,Jeremy Doku,be BEL,"MF,FW",Rennes,fr Ligue 1,18,2002,30,2313,77,67.6,25.7,26,85,18,4,26,0,1.33,31,27,+4,+0.16,-0.49,Matches
919,Kasper Dolberg,dk DEN,FW,Nice,fr Ligue 1,22,1997,25,1928,77,56.4,21.4,21,86,14,4,28,0,1.52,27,27,0,0.00,+0.18,Matches
920,Keagan Dolly,za RSA,MF,Montpellier,fr Ligue 1,27,1993,18,452,25,13.2,5.0,3,65,0,15,17,17,1.33,5,8,-3,-0.60,-0.63,Matches
921,Jaume Doménech,es ESP,GK,Valencia,es La Liga,29,1990,28,2520,90,73.7,28.0,28,90,28,0,,10,0.96,35,42,-7,-0.25,-0.65,Matches
922,Carlos Dominguez,es ESP,DF,Celta Vigo,es La Liga,19,2001,4,360,90,10.5,4.0,4,90,4,0,,0,2.25,9,6,+3,+0.75,+0.90,Matches
923,Iago Domínguez,es ESP,GK,Celta Vigo,es La Liga,18,2001,0,,,,,0,,0,0,,6,,,,,,,Matches
924,Nicolás Domínguez,ar ARG,MF,Bologna,it Serie A,22,1998,28,1255,45,36.7,13.9,15,63,1,13,24,3,1.21,11,20,-9,-0.65,-0.44,Matches
925,John Donald,es ESP,DF,Elche,es La Liga,19,2000,2,50,25,1.5,0.6,1,45,0,1,5,10,0.50,0,2,-2,-3.60,-3.09,Matches
926,Ji Dong-won,kr KOR,"FW,MF",Mainz 05,de Bundesliga,29,1991,6,62,10,2.0,0.7,0,,0,6,10,6,0.67,0,4,-4,-5.81,-5.42,Matches
927,Anastasios Donis,gr GRE,MF,Reims,fr Ligue 1,23,1996,3,97,32,2.8,1.1,1,57,0,2,20,6,0.00,0,1,-1,-0.93,-0.74,Matches
928,Antonio Donnarumma,it ITA,GK,Milan,it Serie A,30,1990,0,,,,,0,,0,0,,32,,,,,,,Matches
929,Gianluigi Donnarumma,it ITA,GK,Milan,it Serie A,21,1999,37,3330,90,97.4,37.0,37,90,37,0,,0,2.11,71,38,+33,+0.89,+0.89,Matches
930,Bas Dost,nl NED,FW,Eintracht Frankfurt,de Bundesliga,31,1989,12,817,68,26.7,9.1,9,86,7,3,14,1,1.33,14,16,-2,-0.22,-0.94,Matches
931,Abdoulaye Doucouré,ml MLI,MF,Everton,eng Premier League,27,1993,29,2443,84,71.4,27.1,29,84,20,0,,1,1.69,35,36,-1,-0.04,-0.04,Matches
932,Cheick Doucouré,ml MLI,MF,Lens,fr Ligue 1,20,2000,33,2627,80,76.8,29.2,30,85,20,3,21,2,1.42,42,42,0,0.00,-0.11,Matches
933,Fodé Doucouré,ml MLI,DF,Reims,fr Ligue 1,19,2001,7,333,48,9.7,3.7,3,90,3,4,16,10,1.29,7,9,-2,-0.54,-0.37,Matches
934,Mahamadou Doucouré,ml MLI,FW,Nîmes,fr Ligue 1,20,2000,3,45,15,1.3,0.5,0,,0,3,15,0,1.00,1,1,0,0.00,+0.83,Matches
935,Cheick Doukouré,ci CIV,MF,Levante,es La Liga,27,1992,7,101,14,3.0,1.1,0,,0,7,14,11,0.57,0,1,-1,-0.89,-0.62,Matches
936,Idrissa Doumbia,ci CIV,MF,Huesca,es La Liga,22,1998,23,779,34,22.8,8.7,7,72,2,16,17,8,1.17,7,12,-5,-0.58,-0.10,Matches
937,Moussa Doumbia,ml MLI,"MF,FW",Reims,fr Ligue 1,25,1994,23,899,39,26.3,10.0,9,64,0,14,23,7,1.43,11,11,0,0.00,+0.29,Matches
938,Souleyman Doumbia,ci CIV,DF,Angers,fr Ligue 1,23,1996,27,2222,82,65.0,24.7,24,87,22,3,44,1,1.15,25,32,-7,-0.28,+0.54,Matches
939,Mouhamad Doumbouya,fr FRA,MF,Lorient,fr Ligue 1,20,2000,0,,,,,0,,,0,,1,,,,,,,Matches
940,Tommy Doyle,eng ENG,MF,Manchester City,eng Premier League,18,2001,0,,,,,0,,,0,,5,,,,,,,Matches
941,Aleksandar Dragović,at AUT,DF,Leverkusen,de Bundesliga,29,1991,18,1136,63,37.1,12.6,11,86,9,7,27,15,1.61,22,16,+6,+0.48,+0.10,Matches
942,Bartłomiej Drągowski,pl POL,GK,Fiorentina,it Serie A,22,1997,36,3148,87,92.0,35.0,36,87,34,0,,0,1.05,46,56,-10,-0.29,+0.38,Matches
943,Denis Drăguș,ro ROU,FW,Crotone,it Serie A,21,1999,9,177,20,5.2,2.0,1,71,0,8,13,14,0.22,1,5,-4,-2.03,-0.84,Matches
944,Radu Drăgușin,ro ROU,DF,Juventus,it Serie A,18,2002,1,1,1,0.0,0.0,0,,0,1,1,22,3.00,0,0,0,0.00,-1.03,Matches
945,Ismaël Dramé,fr FRA,DF,Angers,fr Ligue 1,19,2001,0,,,,,0,,,0,,1,,,,,,,Matches
946,Cody Drameh,eng ENG,"DF,MF",Leeds United,eng Premier League,18,2001,0,,,,,0,,,0,,1,,,,,,,Matches
947,Mouhamadou Drammeh,gm GAM,MF,Reims,fr Ligue 1,21,1999,6,173,29,5.1,1.9,1,90,1,5,17,13,1.17,1,4,-3,-1.56,-1.42,Matches
948,Julian Draxler,de GER,MF,Paris Saint-Germain,fr Ligue 1,26,1993,24,1064,44,31.1,11.8,12,74,3,12,15,5,2.25,29,6,+23,+1.95,+0.61,Matches
949,Dominick Drexler,de GER,"MF,FW",Köln,de Bundesliga,30,1990,27,1233,46,40.3,13.7,11,77,2,16,24,7,1.04,12,21,-9,-0.66,+0.18,Matches
950,Matthieu Dreyer,fr FRA,GK,Lorient,fr Ligue 1,31,1989,15,1350,90,39.5,15.0,15,90,15,0,,23,1.33,21,25,-4,-0.27,+0.34,Matches
951,Anthony Driscoll-Glennon,eng ENG,"DF,MF",Burnley,eng Premier League,20,1999,0,,,,,0,,,0,,12,,,,,,,Matches
952,Stefan Drljača,de GER,GK,Dortmund,de Bundesliga,21,1999,0,,,,,0,,0,0,,5,,,,,,,Matches
953,Domingos Duarte,pt POR,DF,Granada,es La Liga,25,1995,29,2363,81,69.1,26.3,27,87,23,2,9,1,1.14,31,48,-17,-0.65,-0.56,Matches
954,Léo Duarte,br BRA,DF,Milan,it Serie A,24,1996,1,19,19,0.6,0.2,0,,0,1,19,13,3.00,0,0,0,0.00,-0.87,Matches
955,Óscar Duarte,cr CRC,DF,Levante,es La Liga,31,1989,29,2060,71,60.2,22.9,23,84,16,6,21,7,1.00,29,36,-7,-0.31,-0.04,Matches
956,Rubén Duarte,es ESP,DF,Alavés,es La Liga,24,1995,31,2545,82,74.4,28.3,29,85,22,2,45,1,1.06,28,43,-15,-0.53,+0.09,Matches
957,Leo Dubois,fr FRA,"DF,MF",Lyon,fr Ligue 1,25,1994,37,2903,78,84.9,32.3,35,81,17,2,31,1,2.03,71,33,+38,+1.18,+1.18,Matches
958,Martin Dúbravka,sk SVK,GK,Newcastle United,eng Premier League,31,1989,13,1170,90,34.2,13.0,13,90,13,0,,11,1.54,20,19,+1,+0.08,+0.76,Matches
959,Ondrej Duda,sk SVK,"FW,MF",Köln,de Bundesliga,25,1994,32,2537,79,82.9,28.2,32,79,13,0,,0,1.03,31,40,-9,-0.32,+2.61,Matches
960,Unai Dufur,es ESP,DF,Eibar,es La Liga,21,1999,1,62,62,1.8,0.7,1,62,0,0,,10,0.00,0,4,-4,-5.81,-5.30,Matches
961,Haris Duljević,ba BIH,"MF,FW",Nîmes,fr Ligue 1,26,1993,20,773,39,22.6,8.6,8,65,0,12,21,7,0.50,3,13,-10,-1.16,-0.45,Matches
962,Daniel Dumbravanu,md MDA,DF,Genoa,it Serie A,19,2001,0,,,,,0,,0,0,,11,,,,,,,Matches
963,Paul Dummett,wls WAL,DF,Newcastle United,eng Premier League,28,1991,15,1255,84,36.7,13.9,14,88,12,1,24,5,1.53,20,20,0,0.00,+0.67,Matches
964,Alfred Duncan,gh GHA,MF,Fiorentina,it Serie A,27,1993,4,162,41,4.7,1.8,2,72,1,2,9,10,0.75,1,2,-1,-0.56,-0.25,Matches
965,Alfred Duncan,gh GHA,MF,Cagliari,it Serie A,27,1993,19,1068,56,31.2,11.9,12,78,4,7,19,0,1.16,9,17,-8,-0.67,-0.37,Matches
966,Lewis Dunk,eng ENG,DF,Brighton,eng Premier League,28,1991,33,2931,89,85.7,32.6,33,89,31,0,,0,1.06,34,38,-4,-0.12,+0.25,Matches
967,Jimmy Dunne,ie IRL,DF,Burnley,eng Premier League,22,1997,3,270,90,7.9,3.0,3,90,3,0,,30,0.00,2,6,-4,-1.33,-0.82,Matches
968,Erik Durm,de GER,MF,Eintracht Frankfurt,de Bundesliga,28,1992,21,1480,70,48.4,16.4,19,78,4,2,2,2,1.86,30,23,+7,+0.43,-0.09,Matches
969,Hugo Duro,es ESP,FW,Real Madrid,es La Liga,20,1999,2,55,28,1.6,0.6,0,,0,2,28,3,2.00,1,0,+1,+1.64,+0.62,Matches
970,Eduard Dutu,it ITA,FW,Fiorentina,it Serie A,19,2001,0,,,,,0,,0,0,,1,,,,,,,Matches
971,Jean-Kevin Duverne,ht HAI,DF,Brest,fr Ligue 1,23,1997,27,2029,75,59.3,22.5,22,89,21,5,15,11,1.11,32,43,-11,-0.49,-0.16,Matches
972,Paulo Dybala,ar ARG,FW,Juventus,it Serie A,26,1993,20,1132,57,33.1,12.6,14,74,4,6,17,4,2.20,26,15,+11,+0.87,-0.23,Matches
973,Edin Džeko,ba BIH,FW,Roma,it Serie A,34,1986,27,1824,68,53.3,20.3,20,84,9,7,20,4,1.41,32,33,-1,-0.05,-0.67,Matches
974,Steeve-Mike Ebongue,fr FRA,MF,Genoa,it Serie A,19,2001,3,52,17,1.5,0.6,0,,0,3,17,1,1.33,2,0,+2,+3.46,+3.81,Matches
975,Enzo Ebosse,cm CMR,DF,Angers,fr Ligue 1,21,1999,6,260,43,7.6,2.9,3,60,1,3,27,3,1.67,4,10,-6,-2.08,-1.74,Matches
976,Echu,es ESP,MF,Granada,es La Liga,22,1998,0,,,,,0,,0,0,,1,,,,,,,Matches
977,Bruno Ecuele Manga,ga GAB,DF,Dijon,fr Ligue 1,32,1988,38,3420,90,100.0,38.0,38,90,38,0,,0,0.55,25,73,-48,-1.26,,Matches
978,Simone Edera,it ITA,MF,Torino,it Serie A,23,1997,2,52,26,1.5,0.6,0,,0,2,26,14,0.00,1,2,-1,-1.73,-1.25,Matches
979,Ederson,br BRA,GK,Manchester City,eng Premier League,26,1993,36,3240,90,94.7,36.0,36,90,36,0,,0,2.22,76,28,+48,+1.33,-0.17,Matches
980,Kyle Edwards,eng ENG,MF,West Brom,eng Premier League,22,1998,5,118,24,3.5,1.3,1,45,0,4,18,6,0.20,1,3,-2,-1.53,-0.46,Matches
981,John Egan,ie IRL,DF,Sheffield United,eng Premier League,27,1992,31,2629,85,76.9,29.2,30,87,28,1,14,0,0.55,16,47,-31,-1.06,+0.30,Matches
982,Johannes Eggestein,de GER,FW,Werder Bremen,de Bundesliga,22,1998,2,33,17,1.1,0.4,0,,0,2,17,1,3.00,0,1,-1,-2.73,-2.13,Matches
983,Maximilian Eggestein,de GER,MF,Werder Bremen,de Bundesliga,23,1996,33,2942,89,96.1,32.7,33,89,31,0,,0,0.94,34,52,-18,-0.55,+1.74,Matches
984,Lilian Egloff,de GER,MF,Stuttgart,de Bundesliga,17,2002,2,16,8,0.5,0.2,0,,0,2,8,3,3.00,1,0,+1,+5.63,+5.63,Matches
985,Kingsley Ehizibue,nl NED,"DF,MF",Köln,de Bundesliga,25,1995,21,1133,54,37.0,12.6,15,68,2,6,20,10,0.81,11,22,-11,-0.87,-0.17,Matches
986,Albin Ekdal,se SWE,MF,Sampdoria,it Serie A,31,1989,32,2299,72,67.2,25.5,26,83,18,6,23,1,1.31,33,40,-7,-0.27,-0.68,Matches
987,Hugo Ekitike,fr FRA,FW,Reims,fr Ligue 1,18,2002,2,88,44,2.6,1.0,0,,0,2,44,4,1.50,0,3,-3,-3.07,-2.93,Matches
988,Anthony Elanga,se SWE,"MF,FW",Manchester Utd,eng Premier League,18,2002,2,155,78,4.5,1.7,2,78,1,0,,0,1.50,3,3,0,0.00,-0.80,Matches
989,Niclas Eliasson,se SWE,"MF,FW",Nîmes,fr Ligue 1,24,1995,30,1799,60,52.6,20.0,19,78,3,11,29,2,0.80,20,41,-21,-1.05,-0.50,Matches
990,Marvin Elimbi,fr FRA,DF,Strasbourg,fr Ligue 1,17,2003,0,,,,,0,,,0,,5,,,,,,,Matches
991,Elif Elmas,mk MKD,MF,Napoli,it Serie A,20,1999,33,740,22,21.6,8.2,3,73,1,30,17,3,1.94,20,10,+10,+1.22,+0.04,Matches
992,Ahmed Elmohamady,eg EGY,DF,Aston Villa,eng Premier League,32,1987,14,839,60,24.5,9.3,8,90,8,6,20,24,1.07,9,9,0,0.00,-0.31,Matches
993,Mohamed Elneny,eg EGY,MF,Arsenal,eng Premier League,28,1992,23,1544,67,45.1,17.2,17,85,13,6,16,13,2.04,27,20,+7,+0.41,-0.02,Matches
994,Aritz Elustondo,es ESP,DF,Real Sociedad,es La Liga,26,1994,23,1884,82,55.1,20.9,22,85,18,1,17,1,1.83,36,15,+21,+1.00,+1.00,Matches
995,Nico Elvedi,ch SUI,DF,Gladbach,de Bundesliga,23,1996,29,2536,87,82.9,28.2,29,87,27,0,,2,1.41,52,46,+6,+0.21,-0.13,Matches
996,Rodrigo Ely,br BRA,DF,Alavés,es La Liga,26,1993,8,468,59,13.7,5.2,6,72,3,2,17,5,0.50,3,6,-3,-0.58,-0.03,Matches
997,Breel Embolo,ch SUI,"FW,MF",Gladbach,de Bundesliga,23,1997,31,1440,46,47.1,16.0,16,77,7,15,14,0,1.45,30,28,+2,+0.12,-0.21,Matches
998,Emerson,br BRA,DF,Real Betis,es La Liga,21,1999,34,2991,88,87.5,33.2,34,88,32,0,,0,1.71,49,39,+10,+0.30,+2.40,Matches
999,Renaud Emond,be BEL,FW,Nantes,fr Ligue 1,28,1991,22,354,16,10.4,3.9,3,54,0,19,10,14,1.00,2,6,-4,-1.02,-0.90,Matches
1000,Alan Empereur,br BRA,DF,Hellas Verona,it Serie A,26,1994,4,219,55,6.4,2.4,4,55,1,0,,1,2.00,2,1,+1,+0.41,+0.50,Matches
1001,Youssef En-Nesyri,ma MAR,FW,Sevilla,es La Liga,23,1997,38,2311,61,67.6,25.7,23,82,7,15,28,0,2.03,39,23,+16,+0.62,+0.30,Matches
1002,Keita Endo,jp JPN,MF,Union Berlin,de Bundesliga,22,1997,16,456,29,14.9,5.1,4,54,0,12,20,14,1.44,6,6,0,0.00,-0.24,Matches
1003,Wataru Endo,jp JPN,MF,Stuttgart,de Bundesliga,27,1993,33,2955,90,96.6,32.8,33,90,31,0,,0,1.36,56,53,+3,+0.09,+1.81,Matches
1004,Björn Engels,be BEL,DF,Aston Villa,eng Premier League,25,1994,0,,,,,0,,,0,,23,,,,,,,Matches
1005,Sergi Enrich,es ESP,FW,Eibar,es La Liga,30,1990,27,1404,52,41.1,15.6,13,79,4,14,27,5,0.85,12,11,+1,+0.06,+1.14,Matches
1006,Christian Eriksen,dk DEN,MF,Inter,it Serie A,28,1992,26,1385,53,40.5,15.4,17,69,2,9,24,11,2.42,35,13,+22,+1.43,+0.01,Matches
1007,Saturday Erimuya,ng NGA,DF,Cádiz,es La Liga,22,1998,0,,,,,0,,0,0,,6,,,,,,,Matches
1008,Martin Erlic,hr CRO,DF,Spezia,it Serie A,22,1998,27,1798,67,52.6,20.0,19,89,17,8,14,6,1.19,27,37,-10,-0.50,+0.05,Matches
1009,Patrick Erras,de GER,"DF,MF",Werder Bremen,de Bundesliga,25,1995,4,26,7,0.8,0.3,0,,0,4,7,11,0.00,1,2,-1,-3.46,-2.87,Matches
1010,Gonzalo Escalante,ar ARG,MF,Lazio,it Serie A,27,1993,24,733,31,21.4,8.1,4,70,0,20,23,5,1.92,15,7,+8,+0.98,+1.05,Matches
1011,Aarón Escandell,es ESP,GK,Granada,es La Liga,24,1995,5,450,90,13.2,5.0,5,90,5,0,,31,0.80,5,8,-3,-0.60,-0.15,Matches
1012,Dani Escriche,es ESP,"MF,FW",Huesca,es La Liga,22,1998,23,857,37,25.1,9.5,7,69,1,16,24,12,0.78,8,22,-14,-1.47,-1.29,Matches
1013,Sergio Escudero,es ESP,DF,Sevilla,es La Liga,30,1989,9,565,63,16.5,6.3,7,65,2,2,54,13,2.00,6,3,+3,+0.48,-0.06,Matches
1014,Alfonso Espino,uy URU,DF,Cádiz,es La Liga,28,1992,32,2601,81,76.1,28.9,31,83,24,1,31,1,1.13,26,37,-11,-0.38,+0.83,Matches
1015,Vicente Esquerdo,es ESP,MF,Valencia,es La Liga,21,1999,4,231,58,6.8,2.6,3,77,0,1,1,14,1.00,4,5,-1,-0.39,-0.33,Matches
1016,Maxime Estève,fr FRA,DF,Montpellier,fr Ligue 1,18,2002,0,,,,,0,,,0,,2,,,,,,,Matches
1017,Nahuel Estévez,ar ARG,MF,Spezia,it Serie A,24,1995,27,1768,65,51.7,19.6,19,80,7,8,30,2,0.85,24,39,-15,-0.76,-0.49,Matches
1018,Pervis Estupiñán,ec ECU,DF,Villarreal,es La Liga,22,1998,25,1168,47,34.2,13.0,12,73,7,13,22,6,1.48,19,14,+5,+0.39,-0.05,Matches
1019,Yoann Etienne,fr FRA,DF,Lorient,fr Ligue 1,23,1997,1,90,90,2.6,1.0,1,90,1,0,,3,3.00,3,2,+1,+1.00,+1.51,Matches
1020,Etxebarría,es ESP,GK,Valencia,es La Liga,23,1996,0,,,,,0,,0,0,,7,,,,,,,Matches
1021,Xabier Etxeita,es ESP,DF,Getafe,es La Liga,32,1987,11,883,80,25.8,9.8,9,90,9,2,37,25,1.09,6,11,-5,-0.51,-0.15,Matches
1022,Euse,es ESP,DF,Levante,es La Liga,19,2000,0,,,,,0,,0,0,,5,,,,,,,Matches
1023,Jonny Evans,nir NIR,DF,Leicester City,eng Premier League,32,1988,28,2473,88,72.3,27.5,28,88,25,0,,0,1.79,46,31,+15,+0.55,+0.26,Matches
1024,Edu Expósito,es ESP,MF,Eibar,es La Liga,23,1996,31,2455,79,71.8,27.3,27,86,19,4,31,0,0.90,24,33,-9,-0.33,+0.98,Matches
1025,Valentin Eysseric,fr FRA,MF,Fiorentina,it Serie A,28,1992,16,729,46,21.3,8.1,6,79,2,10,25,14,0.75,14,17,-3,-0.37,-0.07,Matches
1026,Eberechi Eze,eng ENG,MF,Crystal Palace,eng Premier League,22,1998,34,2559,75,74.8,28.4,29,84,19,5,24,2,1.24,30,51,-21,-0.74,-0.32,Matches
1027,Brooklyn Ezeh,de GER,"DF,MF",Schalke 04,de Bundesliga,19,2001,0,,,,,0,,0,0,,3,,,,,,,Matches
1028,Jokin Ezkieta,es ESP,GK,Athletic Club,es La Liga,23,1996,1,90,90,2.6,1.0,1,90,1,0,,36,0.00,0,2,-2,-2.00,-2.16,Matches
1029,Łukasz Fabiański,pl POL,GK,West Ham United,eng Premier League,35,1985,35,3150,90,92.1,35.0,35,90,35,0,,0,1.69,57,44,+13,+0.37,-0.30,Matches
1030,Fabinho,br BRA,"DF,MF",Liverpool,eng Premier League,26,1993,30,2567,86,75.1,28.5,28,90,27,2,24,0,1.87,53,29,+24,+0.84,+0.63,Matches
1031,Fábio,br BRA,DF,Nantes,fr Ligue 1,30,1990,22,1507,69,44.1,16.7,19,76,11,3,20,7,1.00,16,25,-9,-0.54,-0.58,Matches
1032,Arnau Fàbrega,es ESP,GK,Granada,es La Liga,20,2000,0,,,,,0,,0,0,,19,,,,,,,Matches
1033,Cesc Fàbregas,es ESP,MF,Monaco,fr Ligue 1,33,1987,21,877,42,25.6,9.7,7,70,0,14,28,5,1.76,24,9,+15,+1.54,+0.87,Matches
1034,Fabricio,es ESP,GK,Fulham,eng Premier League,32,1987,0,,,,,0,,,0,,8,,,,,,,Matches
1035,Bandiougou Fadiga,fr FRA,MF,Paris Saint-Germain,fr Ligue 1,19,2001,6,63,11,1.8,0.7,0,,0,6,11,9,3.00,4,0,+4,+5.71,+4.27,Matches
1036,Bandiougou Fadiga,fr FRA,MF,Brest,fr Ligue 1,19,2001,4,43,11,1.3,0.5,0,,0,4,11,9,0.25,1,2,-1,-2.09,-1.69,Matches
1037,Wout Faes,be BEL,DF,Reims,fr Ligue 1,22,1998,33,2899,88,84.8,32.2,33,88,31,0,,0,1.21,39,41,-2,-0.06,+0.97,Matches
1038,Nicolò Fagioli,it ITA,MF,Juventus,it Serie A,19,2001,1,21,21,0.6,0.2,0,,0,1,21,16,3.00,0,0,0,0.00,-1.03,Matches
1039,Ralf Fährmann,de GER,GK,Schalke 04,de Bundesliga,31,1988,22,1876,85,61.3,20.8,22,85,20,0,,2,0.55,18,50,-32,-1.54,+0.67,Matches
1040,Romain Faivre,fr FRA,"MF,FW",Brest,fr Ligue 1,22,1998,36,2891,80,84.5,32.1,33,86,19,3,22,0,1.11,40,58,-18,-0.56,-0.90,Matches
1041,Simon Falette,gn GUI,DF,Eintracht Frankfurt,de Bundesliga,28,1992,0,,,,,0,,0,0,,1,,,,,,,Matches
1042,Fali,es ESP,"DF,MF",Cádiz,es La Liga,26,1993,34,2637,78,77.1,29.3,29,87,23,5,25,2,1.24,28,44,-16,-0.55,+0.14,Matches
1043,Boubacar Fall,sn SEN,GK,Saint-Étienne,fr Ligue 1,19,2001,0,,,,,0,,,0,,4,,,,,,,Matches
1044,Oussama Falouh,ma MAR,DF,Angers,fr Ligue 1,21,1999,0,,,,,0,,,0,,3,,,,,,,Matches
1045,Iago Falque,es ESP,"FW,MF",Torino,it Serie A,30,1990,0,,,,,0,,0,0,,2,,,,,,,Matches
1046,Iago Falque,es ESP,MF,Benevento,it Serie A,30,1990,11,358,33,10.5,4.0,4,60,0,7,17,6,0.55,6,7,-1,-0.25,+0.75,Matches
1047,Andri Fannar Baldursson,is ISL,MF,Bologna,it Serie A,18,2002,8,217,27,6.3,2.4,1,64,0,7,22,28,0.50,4,6,-2,-0.83,-0.49,Matches
1048,Paolo Faragò,it ITA,"DF,MF",Bologna,it Serie A,27,1993,1,23,23,0.7,0.3,0,,0,1,23,9,0.00,1,0,+1,+3.91,+4.31,Matches
1049,Paolo Faragò,it ITA,DF,Cagliari,it Serie A,27,1993,8,369,46,10.8,4.1,4,81,2,4,11,2,0.75,3,5,-2,-0.49,-0.07,Matches
1050,Davide Faraoni,it ITA,MF,Hellas Verona,it Serie A,28,1991,34,2891,85,84.5,32.1,33,86,28,1,45,0,1.12,34,38,-4,-0.12,-0.46,Matches
1051,Simone Farelli,it ITA,GK,Roma,it Serie A,37,1983,0,,,,,0,,0,0,,19,,,,,,,Matches
1052,Mohamed Fares,dz ALG,MF,Lazio,it Serie A,24,1996,21,1139,54,33.3,12.7,12,68,3,9,36,6,1.71,17,22,-5,-0.40,-0.83,Matches
1053,Diego Farias,br BRA,FW,Spezia,it Serie A,30,1990,29,1514,52,44.3,16.8,17,72,5,12,24,4,1.00,28,31,-3,-0.18,+0.62,Matches
1054,Wuilker Faríñez,ve VEN,GK,Lens,fr Ligue 1,22,1998,3,107,36,3.1,1.2,1,90,1,2,9,35,2.00,1,3,-2,-1.68,-1.76,Matches
1055,Noah Fatar,fr FRA,FW,Angers,fr Ligue 1,18,2002,2,21,11,0.6,0.2,0,,0,2,11,5,0.50,0,1,-1,-4.29,-3.84,Matches
1056,Ansu Fati,es ESP,"MF,FW",Barcelona,es La Liga,17,2002,7,431,62,12.6,4.8,6,67,0,1,29,0,1.57,10,5,+5,+1.04,-0.22,Matches
1057,Julien Faussurier,fr FRA,DF,Brest,fr Ligue 1,33,1987,17,955,56,27.9,10.6,9,88,7,8,20,12,1.00,18,19,-1,-0.09,+0.45,Matches
1058,Andrea Favilli,it ITA,FW,Hellas Verona,it Serie A,23,1997,11,339,31,9.9,3.8,2,75,1,9,21,7,1.36,3,2,+1,+0.27,+0.35,Matches
1059,Federico Fazio,ar ARG,DF,Roma,it Serie A,33,1987,6,406,68,11.9,4.5,5,80,3,1,4,17,1.17,5,8,-3,-0.67,-1.05,Matches
1060,Adrian Fein,de GER,MF,Bayern Munich,de Bundesliga,21,1999,0,,,,,0,,0,0,,1,,,,,,,Matches
1061,Nabil Fekir,fr FRA,MF,Real Betis,es La Liga,27,1993,33,2622,79,76.7,29.1,33,79,17,0,,0,1.64,38,37,+1,+0.03,+0.15,Matches
1062,Yassin Fekir,fr FRA,FW,Real Betis,es La Liga,23,1997,0,,,,,0,,0,0,,13,,,,,,,Matches
1063,Felipe,br BRA,DF,Atlético Madrid,es La Liga,31,1989,31,2057,66,60.1,22.9,23,86,20,8,10,6,2.29,36,18,+18,+0.79,-0.80,Matches
1064,Luiz Felipe,it ITA,DF,Lazio,it Serie A,23,1997,14,909,65,26.6,10.1,10,77,4,4,35,2,1.79,19,12,+7,+0.69,+0.73,Matches
1065,Lucas Felippe,br BRA,MF,Hellas Verona,it Serie A,20,2000,0,,,,,0,,0,0,,2,,,,,,,Matches
1066,João Félix,pt POR,"FW,MF",Atlético Madrid,es La Liga,20,1999,31,1572,51,46.0,17.5,14,73,3,17,33,0,2.26,33,14,+19,+1.09,-0.03,Matches
1067,Ohis Felix Uduokhai,de GER,DF,Augsburg,de Bundesliga,22,1997,29,2610,90,85.3,29.0,29,90,29,0,,0,1.14,28,42,-14,-0.48,+0.32,Matches
1068,Amir Feratovič,si SVN,MF,Roma,it Serie A,18,2002,0,,,,,0,,0,0,,4,,,,,,,Matches
1069,Zinedine Ferhat,dz ALG,"MF,FW",Nîmes,fr Ligue 1,27,1993,33,2957,90,86.5,32.9,33,90,30,0,,0,0.97,39,61,-22,-0.67,+1.08,Matches
1070,Erick Ferigra,ec ECU,DF,Torino,it Serie A,21,1999,0,,,,,0,,0,0,,4,,,,,,,Matches
1071,Bruno Fernandes,pt POR,MF,Manchester Utd,eng Premier League,25,1994,37,3099,84,90.6,34.4,35,87,23,2,29,0,1.92,67,36,+31,+0.90,+1.46,Matches
1072,Edimilson Fernandes,ch SUI,"MF,DF",Mainz 05,de Bundesliga,24,1996,14,841,60,27.5,9.3,9,79,4,5,26,3,0.64,10,17,-7,-0.75,-0.34,Matches
1073,Gedson Fernandes,pt POR,MF,Tottenham Hotspur,eng Premier League,21,1999,0,,,,,0,,,0,,3,,,,,,,Matches
1074,Matheus Fernandes,br BRA,MF,Barcelona,es La Liga,22,1998,0,,,,,0,,0,0,,23,,,,,,,Matches
1075,Aitor Fernández,es ESP,GK,Levante,es La Liga,29,1991,29,2610,90,76.3,29.0,29,90,29,0,,7,1.21,38,44,-6,-0.21,+0.35,Matches
1076,Álex Fernández,es ESP,MF,Cádiz,es La Liga,27,1992,25,1946,78,56.9,21.6,21,86,14,4,33,0,1.16,21,29,-8,-0.37,+0.48,Matches
1077,Álvaro Fernández,es ESP,GK,Celta Vigo,es La Liga,20,2000,0,,,,,0,,0,0,,6,,,,,,,Matches
1078,Álvaro Fernández,es ESP,GK,Huesca,es La Liga,22,1998,22,1980,90,57.9,22.0,22,90,22,0,,16,0.91,21,32,-11,-0.50,0.00,Matches
1079,Andrés Fernández,es ESP,GK,Huesca,es La Liga,33,1986,16,1440,90,42.1,16.0,16,90,16,0,,19,0.88,13,21,-8,-0.50,0.00,Matches
1080,Augusto Fernández,ar ARG,MF,Cádiz,es La Liga,34,1986,12,369,31,10.8,4.1,4,65,0,8,14,11,1.50,4,9,-5,-1.22,-0.72,Matches
1081,Carlos Fernández,es ESP,FW,Sevilla,es La Liga,24,1996,5,143,29,4.2,1.6,2,56,0,3,10,5,0.80,1,0,+1,+0.63,+0.11,Matches
1082,Carlos Fernández,es ESP,"MF,FW",Real Sociedad,es La Liga,24,1996,11,390,35,11.4,4.3,4,73,0,7,14,1,1.73,8,7,+1,+0.23,-0.36,Matches
1083,Federico Fernández,ar ARG,DF,Newcastle United,eng Premier League,31,1989,24,2079,87,60.8,23.1,24,87,20,0,,3,1.33,31,38,-7,-0.30,+0.30,Matches
1084,Joaquín Fernández,es ESP,DF,Valladolid,es La Liga,24,1996,25,2073,83,60.6,23.0,24,85,20,1,28,4,0.96,23,36,-13,-0.56,+0.10,Matches
1085,Fernandinho,br BRA,MF,Manchester City,eng Premier League,35,1985,21,1188,57,34.7,13.2,12,85,10,9,19,11,2.38,29,10,+19,+1.44,+0.15,Matches
1086,Fernando,br BRA,MF,Sevilla,es La Liga,33,1987,31,2546,82,74.4,28.3,28,88,25,3,29,4,2.13,42,27,+15,+0.53,+0.02,Matches
1087,Alex Ferrari,it ITA,DF,Sampdoria,it Serie A,26,1994,12,880,73,25.7,9.8,11,80,8,1,3,20,1.42,13,15,-2,-0.20,-0.20,Matches
1088,David Ferreiro,es ESP,"MF,FW",Huesca,es La Liga,32,1988,37,2527,68,73.9,28.1,29,80,9,8,26,1,0.89,28,34,-6,-0.21,+1.10,Matches
1089,Salvador Ferrer,es ESP,DF,Spezia,it Serie A,22,1998,18,1190,66,34.8,13.2,14,79,10,4,22,11,1.39,24,19,+5,+0.38,+1.39,Matches
1090,Facundo Ferreyra,ar ARG,FW,Celta Vigo,es La Liga,29,1991,13,300,23,8.8,3.3,2,66,0,11,15,2,1.46,3,5,-2,-0.60,-0.60,Matches
1091,Jordan Ferri,fr FRA,MF,Montpellier,fr Ligue 1,28,1992,34,2577,76,75.4,28.6,31,80,14,3,30,0,1.47,47,44,+3,+0.10,+0.64,Matches
1092,Will Ferry,ie IRL,"DF,MF",Southampton,eng Premier League,19,2000,0,,,,,0,,,0,,16,,,,,,,Matches
1093,Marco Festa,it ITA,GK,Crotone,it Serie A,28,1992,1,90,90,2.6,1.0,1,90,1,0,,36,1.00,1,1,0,0.00,+1.27,Matches
1094,Fidel,es ESP,"MF,DF",Elche,es La Liga,30,1989,30,2396,80,70.1,26.6,28,83,19,2,33,0,1.00,26,31,-5,-0.19,+1.22,Matches
1095,Sam Field,eng ENG,MF,West Brom,eng Premier League,22,1998,3,62,21,1.8,0.7,0,,0,3,21,2,0.33,0,2,-2,-2.90,-1.86,Matches
1096,Alfreð Finnbogason,is ISL,FW,Augsburg,de Bundesliga,31,1989,17,544,32,17.8,6.0,4,64,1,13,22,2,1.29,7,8,-1,-0.17,+0.44,Matches
1097,Ryan Finnigan,eng ENG,MF,Southampton,eng Premier League,16,2003,0,,,,,0,,,0,,2,,,,,,,Matches
1098,Roberto Firmino,br BRA,FW,Liverpool,eng Premier League,28,1991,36,2838,79,83.0,31.5,33,84,16,3,23,0,1.83,57,39,+18,+0.57,-0.67,Matches
1099,Junior Firpo,do DOM,"MF,DF",Barcelona,es La Liga,23,1996,7,289,41,8.5,3.2,3,75,2,4,16,28,2.71,7,2,+5,+1.56,+0.35,Matches
1100,Will Fish,eng ENG,DF,Manchester Utd,eng Premier League,17,2003,1,1,1,0.0,0.0,0,,0,1,1,0,3.00,0,0,0,0.00,-0.76,Matches
1101,John Fleck,sct SCO,MF,Sheffield United,eng Premier League,28,1991,31,2575,83,75.3,28.6,29,87,26,2,31,2,0.71,16,47,-31,-1.08,+0.19,Matches
1102,Mark Flekken,nl NED,GK,Freiburg,de Bundesliga,27,1993,3,270,90,8.8,3.0,3,90,3,0,,0,1.33,7,6,+1,+0.33,+0.37,Matches
1103,Juan Flere,ar ARG,GK,Cádiz,es La Liga,22,1998,0,,,,,0,,0,0,,14,,,,,,,Matches
1104,Florian Flick,de GER,MF,Schalke 04,de Bundesliga,20,2000,4,360,90,11.8,4.0,4,90,4,0,,1,0.75,7,10,-3,-0.75,+1.18,Matches
1105,Alexis Flips,fr FRA,MF,Reims,fr Ligue 1,20,2000,2,43,22,1.3,0.5,0,,0,2,22,5,0.50,1,0,+1,+2.09,+2.33,Matches
1106,Alessandro Florenzi,it ITA,"DF,MF",Paris Saint-Germain,fr Ligue 1,29,1991,21,1538,73,45.0,17.1,18,84,10,3,7,5,2.00,35,14,+21,+1.23,-0.54,Matches
1107,Shane Flynn,ie IRL,DF,Leicester City,eng Premier League,18,2001,0,,,,,0,,,0,,1,,,,,,,Matches
1108,Kingsley Fobi,gh GHA,DF,Granada,es La Liga,21,1998,1,45,45,1.3,0.5,0,,0,1,45,0,0.00,0,0,0,0.00,+0.48,Matches
1109,Phil Foden,eng ENG,"FW,MF",Manchester City,eng Premier League,20,2000,28,1616,58,47.3,18.0,17,82,10,11,20,10,2.14,46,16,+30,+1.67,+0.62,Matches
1110,Wes Foderingham,eng ENG,GK,Sheffield United,eng Premier League,29,1991,0,,,,,0,,,0,,25,,,,,,,Matches
1111,Mamadou Fofana,ml MLI,"MF,DF",Metz,fr Ligue 1,22,1998,16,1070,67,31.3,11.9,11,83,8,5,32,21,1.31,14,15,-1,-0.08,+0.03,Matches
1112,Seko Fofana,ci CIV,MF,Lens,fr Ligue 1,25,1995,30,2309,77,67.5,25.7,25,87,18,5,26,0,1.43,37,37,0,0.00,-0.08,Matches
1113,Wesley Fofana,fr FRA,DF,Leicester City,eng Premier League,19,2000,28,2262,81,66.1,25.1,27,83,22,1,25,1,1.64,43,30,+13,+0.52,+0.13,Matches
1114,Wesley Fofana,fr FRA,DF,Saint-Étienne,fr Ligue 1,19,2000,4,315,79,9.2,3.5,3,90,3,1,45,0,2.25,6,2,+4,+1.14,+1.61,Matches
1115,Youssouf Fofana,fr FRA,MF,Monaco,fr Ligue 1,21,1999,35,2873,82,84.0,31.9,35,82,24,0,,1,2.09,65,32,+33,+1.03,+0.87,Matches
1116,Thomas Foket,be BEL,DF,Reims,fr Ligue 1,25,1994,37,3324,90,97.2,36.9,37,90,36,0,,0,1.14,42,49,-7,-0.19,+0.75,Matches
1117,Ramón Folch,es ESP,MF,Elche,es La Liga,30,1989,1,1,1,0.0,0.0,0,,0,1,1,2,3.00,0,0,0,0.00,+0.55,Matches
1118,Lamine Fomba,fr FRA,MF,Nîmes,fr Ligue 1,22,1998,32,2175,68,63.6,24.2,24,83,16,8,24,4,1.09,27,37,-10,-0.41,+1.10,Matches
1119,Thomas Fontaine,mg MAD,DF,Lorient,fr Ligue 1,29,1991,4,320,80,9.4,3.6,4,80,2,0,,10,0.25,4,9,-5,-1.41,-1.03,Matches
1120,José Fontán,es ESP,DF,Celta Vigo,es La Liga,20,2000,14,652,47,19.1,7.2,7,74,3,7,19,18,1.43,8,16,-8,-1.10,-1.30,Matches
1121,José Fonte,pt POR,DF,Lille,fr Ligue 1,36,1983,36,3185,88,93.1,35.4,36,88,34,0,,0,2.14,58,22,+36,+1.02,-0.90,Matches
1122,Fernando Forestieri,it ITA,FW,Udinese,it Serie A,30,1990,19,552,29,16.1,6.1,3,57,0,16,24,6,0.58,10,16,-6,-0.98,-0.66,Matches
1123,Pablo Fornals,es ESP,MF,West Ham United,eng Premier League,24,1996,33,2572,78,75.2,28.6,31,82,16,2,18,3,1.79,43,33,+10,+0.35,-0.18,Matches
1124,Emil Forsberg,se SWE,"FW,MF",RB Leipzig,de Bundesliga,28,1991,29,1539,53,50.3,17.1,20,64,0,9,29,1,1.72,30,20,+10,+0.58,-0.48,Matches
1125,Fraser Forster,eng ENG,GK,Southampton,eng Premier League,32,1988,8,720,90,21.1,8.0,8,90,8,0,,30,1.50,10,11,-1,-0.12,+0.54,Matches
1126,Philipp Förster,de GER,MF,Stuttgart,de Bundesliga,25,1995,25,1509,60,49.3,16.8,17,75,3,8,29,3,1.40,25,24,+1,+0.06,+0.06,Matches
1127,Hernâni Fortes,pt POR,"FW,MF",Levante,es La Liga,28,1991,0,,,,,0,,0,0,,2,,,,,,,Matches
1128,Steven Fortes,cv CPV,DF,Lens,fr Ligue 1,28,1992,18,1435,80,42.0,15.9,16,86,11,2,33,18,1.50,24,24,0,0.00,-0.05,Matches
1129,Yassin Fortune,ht HAI,"FW,MF",Angers,fr Ligue 1,21,1999,1,15,15,0.4,0.2,0,,0,1,15,0,0.00,0,1,-1,-6.00,-5.55,Matches
1130,Timothy Fosu-Mensah,nl NED,DF,Manchester Utd,eng Premier League,22,1998,1,80,80,2.3,0.9,1,80,0,0,,2,0.00,1,2,-1,-1.13,-1.93,Matches
1131,Timothy Fosu-Mensah,nl NED,DF,Leverkusen,de Bundesliga,22,1998,6,409,68,13.4,4.5,5,73,2,1,45,1,0.83,6,5,+1,+0.22,-0.22,Matches
1132,Daam Foulon,be BEL,"DF,MF",Benevento,it Serie A,21,1999,23,1021,44,29.9,11.3,11,68,3,12,23,4,1.04,11,18,-7,-0.62,+0.43,Matches
1133,Dimitri Foulquier,fr FRA,"DF,MF",Granada,es La Liga,27,1993,32,2663,83,77.9,29.6,32,83,23,0,,1,1.31,37,50,-13,-0.44,+0.16,Matches
1134,Juan Foyth,ar ARG,"DF,MF",Villarreal,es La Liga,22,1998,16,1168,73,34.2,13.0,13,81,9,3,39,7,1.25,21,21,0,0.00,-0.64,Matches
1135,Gianluca Frabotta,it ITA,"DF,MF",Juventus,it Serie A,21,1999,15,689,46,20.1,7.7,8,79,4,7,9,18,1.93,12,8,+4,+0.52,-0.63,Matches
1136,Raphael Framberger,de GER,DF,Augsburg,de Bundesliga,24,1995,21,1540,73,50.3,17.1,19,78,11,2,29,4,1.24,20,22,-2,-0.12,+0.83,Matches
1137,Denis Franchi,it ITA,GK,Paris Saint-Germain,fr Ligue 1,17,2002,0,,,,,0,,,0,,2,,,,,,,Matches
1138,Damiano Franco,it ITA,DF,Lazio,it Serie A,18,2002,0,,,,,0,,0,0,,5,,,,,,,Matches
1139,Tyrese Francois,au AUS,MF,Fulham,eng Premier League,20,2000,1,15,15,0.4,0.2,0,,0,1,15,0,0.00,0,1,-1,-6.00,-5.34,Matches
1140,Ryan Fraser,sct SCO,"FW,MF",Newcastle United,eng Premier League,26,1994,18,928,52,27.1,10.3,9,76,2,9,27,2,0.78,7,17,-10,-0.97,-0.75,Matches
1141,Fred,br BRA,MF,Manchester Utd,eng Premier League,27,1993,30,2390,80,69.9,26.6,27,84,18,3,41,5,1.97,49,25,+24,+0.90,+0.47,Matches
1142,Jean Freddi Greco,it ITA,MF,Torino,it Serie A,19,2001,0,,,,,0,,0,0,,1,,,,,,,Matches
1143,Ryan Fredericks,eng ENG,"DF,MF",West Ham United,eng Premier League,27,1992,14,569,41,16.6,6.3,6,81,3,8,11,15,1.07,7,9,-2,-0.32,-0.85,Matches
1144,Lucas Freitas,br BRA,DF,Valladolid,es La Liga,19,2001,0,,,,,0,,0,0,,2,,,,,,,Matches
1145,Remo Freuler,ch SUI,MF,Atalanta,it Serie A,28,1992,34,2712,80,79.3,30.1,32,84,21,2,14,4,2.24,72,27,+45,+1.49,+1.75,Matches
1146,Marco Friedl,at AUT,DF,Werder Bremen,de Bundesliga,22,1998,32,2785,87,91.0,30.9,31,89,29,1,35,0,0.94,34,53,-19,-0.61,+0.04,Matches
1147,Marvin Friedrich,de GER,DF,Union Berlin,de Bundesliga,24,1995,34,3060,90,100.0,34.0,34,90,34,0,,0,1.47,50,43,+7,+0.21,,Matches
1148,Marco Frigerio,it ITA,MF,Milan,it Serie A,19,2001,0,,,,,0,,0,0,,4,,,,,,,Matches
1149,Jeremie Frimpong,nl NED,"DF,MF",Leverkusen,de Bundesliga,19,2000,10,436,44,14.2,4.8,4,74,2,6,23,4,1.40,7,8,-1,-0.21,-0.72,Matches
1150,Julian Frommann,de GER,MF,Arminia,de Bundesliga,17,2003,0,,,,,0,,0,0,,1,,,,,,,Matches
1151,Jorge de Frutos,es ESP,MF,Levante,es La Liga,23,1997,37,2186,59,63.9,24.3,22,82,8,15,26,0,1.03,34,38,-4,-0.16,+0.35,Matches
1152,Christian Fuchs,at AUT,DF,Leicester City,eng Premier League,34,1986,9,702,78,20.5,7.8,8,86,7,1,11,20,2.00,13,9,+4,+0.51,+0.05,Matches
1153,Angelo Fulgini,nc NCL,MF,Angers,fr Ligue 1,23,1996,33,2725,83,79.7,30.3,33,83,17,0,,0,1.27,33,46,-13,-0.43,+0.22,Matches
1154,Niclas Füllkrug,de GER,"FW,MF",Werder Bremen,de Bundesliga,27,1993,19,877,46,28.7,9.7,10,67,1,9,23,1,0.89,11,10,+1,+0.10,+1.01,Matches
1155,Ramiro Funes Mori,ar ARG,DF,Villarreal,es La Liga,29,1991,10,727,73,21.3,8.1,8,89,7,2,7,26,1.60,14,10,+4,+0.50,+0.09,Matches
1156,Alessio Furlanetto,it ITA,GK,Lazio,it Serie A,18,2002,0,,,,,0,,0,0,,8,,,,,,,Matches
1157,Darnell Furlong,eng ENG,"DF,MF",West Brom,eng Premier League,24,1995,35,2932,84,85.7,32.6,32,89,31,3,25,3,0.74,29,63,-34,-1.04,+0.25,Matches
1158,Daniel Fuzato,br BRA,GK,Roma,it Serie A,23,1997,5,450,90,13.2,5.0,5,90,5,0,,17,1.40,10,7,+3,+0.60,+0.39,Matches
1159,Baptiste Gabard,fr FRA,MF,Saint-Étienne,fr Ligue 1,20,2000,2,133,67,3.9,1.5,2,67,0,0,,1,0.00,0,3,-3,-2.03,-1.78,Matches
1160,Matteo Gabbia,it ITA,DF,Milan,it Serie A,20,1999,8,557,70,16.3,6.2,7,78,6,1,13,16,2.13,12,4,+8,+1.29,+0.51,Matches
1161,Manolo Gabbiadini,it ITA,FW,Sampdoria,it Serie A,28,1991,16,870,54,25.4,9.7,10,70,1,6,28,7,1.44,16,8,+8,+0.83,+1.18,Matches
1162,Mijat Gaćinović,rs SRB,"MF,FW",Hoffenheim,de Bundesliga,25,1995,23,822,36,26.9,9.1,7,72,2,16,20,2,1.09,12,14,-2,-0.22,-0.22,Matches
1163,Roberto Gagliardini,it ITA,MF,Inter,it Serie A,26,1994,28,1232,44,36.0,13.7,14,71,4,14,17,8,2.54,33,13,+20,+1.46,+0.06,Matches
1164,Riccardo Gagliolo,se SWE,DF,Parma,it Serie A,30,1990,28,1956,70,57.2,21.7,22,81,17,6,28,0,0.57,20,47,-27,-1.24,-0.20,Matches
1165,Adolfo Gaich,ar ARG,FW,Benevento,it Serie A,21,1999,15,768,51,22.5,8.5,9,68,0,6,25,2,0.53,10,19,-9,-1.05,-0.17,Matches
1166,Andrey Galabinov,bg BUL,FW,Spezia,it Serie A,31,1988,12,430,36,12.6,4.8,4,68,2,8,20,10,0.75,7,12,-5,-1.05,-0.60,Matches
1167,Javi Galán,es ESP,"MF,DF",Huesca,es La Liga,25,1994,37,3065,83,89.6,34.1,34,88,29,3,29,0,0.89,32,47,-15,-0.44,+0.57,Matches
1168,Conor Gallagher,eng ENG,MF,West Brom,eng Premier League,20,2000,30,2531,84,74.0,28.1,28,89,25,2,18,2,0.63,18,48,-30,-1.07,+0.05,Matches
1169,Enric Gallego,es ESP,FW,Osasuna,es La Liga,33,1986,22,806,37,23.6,9.0,8,71,1,14,17,15,0.91,7,9,-2,-0.22,+0.09,Matches
1170,Kévin Gameiro,fr FRA,FW,Valencia,es La Liga,33,1987,27,1077,40,31.5,12.0,10,73,2,17,20,3,0.96,17,17,0,0.00,+0.12,Matches
1171,Idrissa Gana Gueye,sn SEN,MF,Paris Saint-Germain,fr Ligue 1,30,1989,28,1581,56,46.2,17.6,20,72,8,8,18,5,2.14,33,11,+22,+1.25,-0.51,Matches
1172,Ignatius Ganago,cm CMR,FW,Lens,fr Ligue 1,21,1999,24,1304,54,38.1,14.5,16,70,4,8,23,3,1.33,16,20,-4,-0.28,-0.49,Matches
1173,Aleix García,es ESP,MF,Eibar,es La Liga,23,1997,11,437,40,12.8,4.9,5,65,0,6,19,9,0.27,2,10,-8,-1.65,-1.20,Matches
1174,Álvaro García,es ESP,DF,Atlético Madrid,es La Liga,20,2000,0,,,,,0,,0,0,,5,,,,,,,Matches
1175,Borja García,es ESP,"MF,FW",Huesca,es La Liga,29,1990,21,1117,53,32.7,12.4,13,75,3,8,18,14,0.71,11,18,-7,-0.56,-0.10,Matches
1176,Dani García,es ESP,MF,Athletic Club,es La Liga,30,1990,27,1920,71,56.1,21.3,21,82,15,6,31,8,1.22,23,25,-2,-0.09,-0.45,Matches
1177,David García,es ESP,DF,Osasuna,es La Liga,26,1994,35,3150,90,92.1,35.0,35,90,35,0,,1,1.23,35,41,-6,-0.17,+1.50,Matches
1178,Eric García,es ESP,DF,Manchester City,eng Premier League,19,2001,6,383,64,11.2,4.3,3,90,3,3,38,16,1.67,8,12,-4,-0.94,-2.57,Matches
1179,Manu García,es ESP,MF,Alavés,es La Liga,34,1986,25,1124,45,32.9,12.5,10,86,7,15,18,5,1.15,11,17,-6,-0.48,+0.11,Matches
1180,Raúl García,es ESP,"DF,MF",Valladolid,es La Liga,31,1989,8,504,63,14.7,5.6,5,83,4,3,29,7,0.88,1,8,-7,-1.25,-0.76,Matches
1181,Raúl García,es ESP,"FW,MF",Athletic Club,es La Liga,34,1986,34,1743,51,51.0,19.4,21,70,8,13,21,0,1.15,21,28,-7,-0.36,-0.95,Matches
1182,Rubén García,es ESP,"MF,FW",Osasuna,es La Liga,27,1993,37,2718,73,79.5,30.2,33,79,9,4,30,0,1.19,29,38,-9,-0.30,-0.04,Matches
1183,Sergi García,es ESP,MF,Alavés,es La Liga,21,1999,2,16,8,0.5,0.2,0,,0,2,8,5,0.00,0,0,0,0.00,+0.56,Matches
1184,Unai García,es ESP,DF,Osasuna,es La Liga,28,1992,17,1242,73,36.3,13.8,13,85,9,4,34,19,1.24,17,22,-5,-0.36,-0.11,Matches
1185,Taylor Gardner-Hickman,eng ENG,"DF,MF",West Brom,eng Premier League,18,2001,0,,,,,0,,,0,,4,,,,,,,Matches
1186,Giovanni Garofani,it ITA,GK,Juventus,it Serie A,17,2002,0,,,,,0,,0,0,,3,,,,,,,Matches
1187,Juanjo Garrancho,es ESP,GK,Cádiz,es La Liga,23,1997,0,,,,,0,,0,0,,5,,,,,,,Matches
1188,Javier Gasca,es ESP,GK,Huesca,es La Liga,20,2000,0,,,,,0,,0,0,,3,,,,,,,Matches
1189,Mario Gaspar,es ESP,DF,Villarreal,es La Liga,29,1990,24,1851,77,54.1,20.6,21,86,17,3,14,1,1.64,34,23,+11,+0.53,+0.25,Matches
1190,Manuel Gasparini,it ITA,GK,Udinese,it Serie A,18,2002,1,3,3,0.1,0.0,0,,0,1,3,34,0.00,0,0,0,0.00,+0.42,Matches
1191,Dwight Gayle,eng ENG,FW,Newcastle United,eng Premier League,29,1990,18,514,29,15.0,5.7,4,70,1,14,17,9,0.94,5,9,-4,-0.70,-0.33,Matches
1192,Paulo Gazzaniga,ar ARG,GK,Elche,es La Liga,28,1992,8,720,90,21.1,8.0,8,90,8,0,,11,1.25,7,9,-2,-0.25,+0.38,Matches
1193,Jean-Philippe Gbamin,ci CIV,"DF,MF",Everton,eng Premier League,24,1995,1,12,12,0.4,0.1,0,,0,1,12,0,1.00,0,1,-1,-7.50,-7.50,Matches
1194,Yann Gboho,fr FRA,MF,Rennes,fr Ligue 1,19,2001,10,303,30,8.9,3.4,2,63,0,8,22,14,1.10,4,7,-3,-0.89,-1.32,Matches
1195,David de Gea,es ESP,GK,Manchester Utd,eng Premier League,29,1990,26,2295,88,67.1,25.5,26,88,25,0,,7,1.73,46,32,+14,+0.55,-0.65,Matches
1196,Christian Gebauer,at AUT,MF,Arminia,de Bundesliga,26,1993,23,687,30,22.5,7.6,5,74,1,18,18,6,1.17,6,17,-11,-1.44,-0.87,Matches
1197,Theodor Gebre Selassie,cz CZE,"MF,DF",Werder Bremen,de Bundesliga,33,1986,34,3032,89,99.1,33.7,34,89,33,0,,0,0.91,35,56,-21,-0.62,-0.62,Matches
1198,Emrehan Gedikli,de GER,FW,Leverkusen,de Bundesliga,17,2003,1,25,25,0.8,0.3,0,,0,1,25,11,0.00,1,1,0,0.00,-0.42,Matches
1199,Dennis Geiger,de GER,MF,Hoffenheim,de Bundesliga,22,1998,9,658,73,21.5,7.3,9,73,3,0,,0,1.33,10,12,-2,-0.27,-0.27,Matches
1200,Joe Gelhardt,eng ENG,"FW,MF",Leeds United,eng Premier League,18,2002,0,,,,,0,,,0,,8,,,,,,,Matches
1201,Jérémy Gélin,fr FRA,"DF,MF",Rennes,fr Ligue 1,23,1997,0,,,,,0,,,0,,6,,,,,,,Matches
1202,Ludovico Gelmi,it ITA,GK,Atalanta,it Serie A,19,2001,0,,,,,0,,0,0,,1,,,,,,,Matches
1203,Christian Gentner,de GER,MF,Union Berlin,de Bundesliga,34,1985,22,1033,47,33.8,11.5,13,70,2,9,14,2,1.27,15,12,+3,+0.26,+0.08,Matches
1204,Geovanni,es ESP,DF,Real Betis,es La Liga,19,2001,0,,,,,0,,0,0,,5,,,,,,,Matches
1205,Yannick Gerhardt,de GER,MF,Wolfsburg,de Bundesliga,26,1994,29,1936,67,63.3,21.5,21,85,16,8,20,5,1.76,39,24,+15,+0.70,-0.02,Matches
1206,Valère Germain,fr FRA,"FW,MF",Marseille,fr Ligue 1,30,1990,24,857,36,25.1,9.5,6,76,2,18,22,12,1.42,10,18,-8,-0.84,-1.37,Matches
1207,Gervinho,ci CIV,FW,Parma,it Serie A,33,1987,27,2021,75,59.1,22.5,25,77,13,2,46,1,0.56,20,45,-25,-1.11,+0.11,Matches
1208,Max Geschwill,de GER,"DF,MF",Hoffenheim,de Bundesliga,19,2001,0,,,,,0,,0,0,,4,,,,,,,Matches
1209,Willem Geubbels,fr FRA,"MF,FW",Monaco,fr Ligue 1,18,2001,14,294,21,8.6,3.3,2,45,0,12,17,7,1.50,5,6,-1,-0.31,-1.31,Matches
1210,Hamadi Al Ghaddioui,ma MAR,FW,Stuttgart,de Bundesliga,29,1990,6,46,8,1.5,0.5,0,,0,6,8,3,2.00,3,0,+3,+5.87,+5.93,Matches
1211,Anwar El Ghazi,nl NED,"MF,FW",Aston Villa,eng Premier League,25,1995,28,1613,58,47.2,17.9,17,81,6,11,21,6,1.25,23,22,+1,+0.06,-0.34,Matches
1212,Mourad El Ghezouani,ma MAR,FW,Elche,es La Liga,22,1998,0,,,,,0,,0,0,,2,,,,,,,Matches
1213,Paolo Ghiglione,it ITA,MF,Genoa,it Serie A,23,1997,23,1358,59,39.7,15.1,14,74,7,9,36,15,0.70,18,31,-13,-0.86,-0.95,Matches
1214,Andrea Ghion,it ITA,MF,Sassuolo,it Serie A,20,2000,0,,,,,0,,0,0,,3,,,,,,,Matches
1215,Faouzi Ghoulam,dz ALG,DF,Napoli,it Serie A,29,1991,11,289,26,8.5,3.2,3,56,1,8,15,11,2.00,5,4,+1,+0.31,-0.95,Matches
1216,Kieran Gibbs,eng ENG,"DF,MF",West Brom,eng Premier League,30,1989,10,809,81,23.7,9.0,9,85,8,1,45,7,0.60,10,22,-12,-1.33,-0.34,Matches
1217,Morgan Gibbs-White,eng ENG,"MF,FW",Wolves,eng Premier League,20,2000,11,414,38,12.1,4.6,4,73,1,7,17,9,0.73,4,6,-2,-0.43,-0.02,Matches
1218,Niko Gießelmann,de GER,"MF,DF",Union Berlin,de Bundesliga,28,1991,13,430,33,14.1,4.8,4,84,3,9,11,12,1.15,4,6,-2,-0.42,-0.73,Matches
1219,Rafał Gikiewicz,pl POL,GK,Augsburg,de Bundesliga,32,1987,34,3060,90,100.0,34.0,34,90,34,0,,0,1.06,36,54,-18,-0.53,,Matches
1220,Bryan Gil,es ESP,"FW,MF",Sevilla,es La Liga,19,2001,1,13,13,0.4,0.1,0,,0,1,13,0,3.00,2,0,+2,+13.85,+13.37,Matches
1221,Bryan Gil,es ESP,MF,Eibar,es La Liga,19,2001,28,2265,81,66.2,25.2,26,84,16,2,38,1,0.89,20,29,-9,-0.36,+0.73,Matches
1222,David Gil,es ESP,GK,Cádiz,es La Liga,26,1994,4,360,90,10.5,4.0,4,90,4,0,,34,0.25,5,10,-5,-1.25,-0.75,Matches
1223,Mark Gillespie,eng ENG,GK,Newcastle United,eng Premier League,28,1992,0,,,,,0,,,0,,20,,,,,,,Matches
1224,Billy Gilmour,sct SCO,MF,Chelsea,eng Premier League,19,2001,5,261,52,7.6,2.9,3,75,2,2,18,12,1.20,5,2,+3,+1.03,+0.49,Matches
1225,Álvaro Giménez,es ESP,FW,Cádiz,es La Liga,29,1991,11,407,37,11.9,4.5,3,73,1,8,23,5,1.27,3,9,-6,-1.33,-0.85,Matches
1226,Daniel Ginczek,de GER,FW,Wolfsburg,de Bundesliga,29,1991,11,215,20,7.0,2.4,1,76,0,10,14,15,1.09,1,4,-3,-1.26,-2.11,Matches
1227,Matthias Ginter,de GER,DF,Gladbach,de Bundesliga,26,1994,34,3060,90,100.0,34.0,34,90,34,0,,0,1.44,64,56,+8,+0.24,,Matches
1228,Andrei Girotto,br BRA,"DF,MF",Nantes,fr Ligue 1,28,1992,34,2668,78,78.0,29.6,29,87,28,5,29,2,1.09,37,41,-4,-0.13,+0.34,Matches
1229,Olivier Giroud,fr FRA,FW,Chelsea,eng Premier League,33,1986,17,748,44,21.9,8.3,8,73,1,9,18,18,1.76,9,5,+4,+0.48,-0.13,Matches
1230,Robert Glatzel,de GER,FW,Mainz 05,de Bundesliga,26,1994,13,359,28,11.7,4.0,3,59,0,10,18,2,1.77,7,6,+1,+0.25,+0.85,Matches
1231,Kamil Glik,pl POL,DF,Benevento,it Serie A,32,1988,36,3206,89,93.7,35.6,36,89,35,0,,0,0.83,39,73,-34,-0.95,-0.53,Matches
1232,Serge Gnabry,de GER,MF,Bayern Munich,de Bundesliga,25,1995,27,1644,61,53.7,18.3,20,73,4,7,25,0,2.48,62,20,+42,+2.30,+1.47,Matches
1233,Joris Gnagnon,fr FRA,DF,Sevilla,es La Liga,23,1997,0,,,,,0,,0,0,,15,,,,,,,Matches
1234,Ben Godfrey,eng ENG,DF,Everton,eng Premier League,22,1998,31,2685,87,78.5,29.8,29,90,29,2,38,2,1.52,31,35,-4,-0.13,-0.50,Matches
1235,Diego Godín,uy URU,DF,Cagliari,it Serie A,34,1986,28,2508,90,73.3,27.9,28,90,26,0,,2,1.18,35,41,-6,-0.22,+0.77,Matches
1236,Akaki Gogia,de GER,"FW,MF",Union Berlin,de Bundesliga,28,1992,7,140,20,4.6,1.6,0,,0,7,20,11,1.71,4,2,+2,+1.29,+1.13,Matches
1237,Amer Gojak,ba BIH,"MF,FW",Torino,it Serie A,23,1997,15,475,32,13.9,5.3,6,55,0,9,16,15,1.00,12,7,+5,+0.95,+1.68,Matches
1238,Edoardo Goldaniga,it ITA,"DF,MF",Genoa,it Serie A,26,1993,25,1857,74,54.3,20.6,19,87,17,6,35,11,0.92,23,35,-12,-0.58,-0.64,Matches
1239,Vladimir Golemić,si SVN,DF,Crotone,it Serie A,29,1991,30,2341,78,68.5,26.0,26,87,24,4,19,6,0.50,34,73,-39,-1.50,-0.83,Matches
1240,Pierluigi Gollini,it ITA,GK,Atalanta,it Serie A,25,1995,25,2156,86,63.0,24.0,25,86,23,0,,7,2.00,55,26,+29,+1.21,+0.21,Matches
1241,Aleksandr Golovin,ru RUS,MF,Monaco,fr Ligue 1,24,1996,21,1069,51,31.3,11.9,12,71,1,9,24,0,2.57,29,8,+21,+1.77,+1.27,Matches
1242,Tomislav Gomelt,hr CRO,MF,Crotone,it Serie A,25,1995,2,19,10,0.6,0.2,0,,0,2,10,1,0.00,0,2,-2,-9.47,-8.28,Matches
1243,André Gomes,pt POR,MF,Everton,eng Premier League,27,1993,28,1570,56,45.9,17.4,17,76,7,11,26,6,1.61,24,22,+2,+0.11,+0.26,Matches
1244,Claudio Gomes,fr FRA,MF,Manchester City,eng Premier League,20,2000,0,,,,,0,,,0,,1,,,,,,,Matches
1245,Dani Gómez,es ESP,FW,Levante,es La Liga,22,1998,34,1666,49,48.7,18.5,17,74,2,17,24,4,1.09,22,27,-5,-0.27,+0.04,Matches
1246,Ibai Gómez,es ESP,MF,Athletic Club,es La Liga,30,1989,13,424,33,12.4,4.7,4,67,0,9,17,11,1.38,4,5,-1,-0.21,-0.36,Matches
1247,Joe Gomez,eng ENG,DF,Liverpool,eng Premier League,23,1997,7,590,84,17.3,6.6,6,85,5,1,80,0,2.00,15,14,+1,+0.15,-0.64,Matches
1248,Anthony Gomez Mancini,fr FRA,MF,Burnley,eng Premier League,19,2001,0,,,,,0,,,0,,2,,,,,,,Matches
1249,Maxi Gómez,uy URU,FW,Valencia,es La Liga,23,1996,31,2689,87,78.6,29.9,31,87,20,0,,1,1.32,40,37,+3,+0.10,+0.84,Matches
1250,Moi Gómez,es ESP,"MF,FW",Villarreal,es La Liga,26,1994,35,2563,73,74.9,28.5,29,84,14,6,22,0,1.57,45,34,+11,+0.39,-0.14,Matches
1251,Papu Gómez,ar ARG,"MF,FW",Atalanta,it Serie A,32,1988,10,666,67,19.5,7.4,9,70,2,1,38,1,1.50,17,15,+2,+0.27,-1.07,Matches
1252,Papu Gómez,ar ARG,"MF,FW",Sevilla,es La Liga,32,1988,18,914,51,26.7,10.2,11,71,1,7,19,1,2.11,16,7,+9,+0.89,+0.49,Matches
1253,Sergi Gómez,es ESP,DF,Sevilla,es La Liga,28,1992,9,719,80,21.0,8.0,9,80,5,0,,24,2.00,11,6,+5,+0.63,+0.13,Matches
1254,Sergio Gómez,es ESP,"MF,FW",Huesca,es La Liga,19,2000,29,792,27,23.2,8.8,4,73,1,25,20,9,0.83,3,14,-11,-1.25,-0.98,Matches
1255,Alfred Gomis,sn SEN,GK,Dijon,fr Ligue 1,26,1993,5,450,90,13.2,5.0,5,90,5,0,,0,0.20,3,10,-7,-1.40,-0.16,Matches
1256,Alfred Gomis,sn SEN,GK,Rennes,fr Ligue 1,26,1993,22,1980,90,57.9,22.0,22,90,22,0,,4,1.18,26,25,+1,+0.05,-0.64,Matches
1257,Maxime Gonalons,fr FRA,MF,Granada,es La Liga,31,1989,25,1480,59,43.3,16.4,18,71,8,7,29,2,1.44,22,28,-6,-0.36,+0.19,Matches
1258,Vagner Gonçalves,cv CPV,"FW,MF",Metz,fr Ligue 1,24,1996,26,967,37,28.3,10.7,10,62,0,16,22,4,1.38,17,16,+1,+0.09,+0.28,Matches
1259,Álvaro González,es ESP,DF,Marseille,fr Ligue 1,30,1990,32,2831,88,82.8,31.5,32,88,29,0,,0,1.56,45,38,+7,+0.22,+0.22,Matches
1260,Bruno González,es ESP,DF,Valladolid,es La Liga,30,1990,27,2263,84,66.2,25.1,25,90,25,2,7,8,0.89,22,34,-12,-0.48,+0.38,Matches
1261,Diego González,es ESP,DF,Elche,es La Liga,25,1995,19,1280,67,37.4,14.2,15,83,12,4,7,9,0.95,11,20,-9,-0.63,-0.13,Matches
1262,Nicolás González,ar ARG,"FW,MF",Stuttgart,de Bundesliga,22,1998,15,934,62,30.5,10.4,10,76,6,5,35,0,1.20,16,13,+3,+0.29,+0.37,Matches
1263,Sergio González,es ESP,MF,Cádiz,es La Liga,23,1997,1,90,90,2.6,1.0,1,90,1,0,,0,0.00,0,2,-2,-2.00,-1.46,Matches
1264,Urko González,es ESP,MF,Real Sociedad,es La Liga,19,2001,2,47,24,1.4,0.5,1,45,0,1,2,9,1.00,2,0,+2,+3.83,+3.32,Matches
1265,Mace Goodridge,eng ENG,MF,Burnley,eng Premier League,20,1999,0,,,,,0,,,0,,2,,,,,,,Matches
1266,Anthony Gordon,eng ENG,MF,Everton,eng Premier League,19,2001,3,88,29,2.6,1.0,1,54,0,2,17,8,2.00,0,0,0,0.00,+0.03,Matches
1267,Kyron Gordon,eng ENG,DF,Sheffield United,eng Premier League,18,2002,0,,,,,0,,,0,,6,,,,,,,Matches
1268,Leon Goretzka,de GER,MF,Bayern Munich,de Bundesliga,25,1995,24,1705,71,55.7,18.9,18,82,12,6,39,0,2.25,61,24,+37,+1.95,+0.76,Matches
1269,Andoni Gorosabel,es ESP,DF,Real Sociedad,es La Liga,23,1996,32,2382,74,69.6,26.5,28,83,16,4,18,4,1.59,46,23,+23,+0.87,+1.04,Matches
1270,Robin Gosens,de GER,MF,Atalanta,it Serie A,26,1994,32,2523,79,73.8,28.0,30,82,12,2,39,0,2.13,71,33,+38,+1.36,+0.85,Matches
1271,Felix Götze,de GER,"DF,MF",Augsburg,de Bundesliga,22,1998,0,,,,,0,,0,0,,3,,,,,,,Matches
1272,Amine Gouiri,dz ALG,"FW,MF",Nice,fr Ligue 1,20,2000,34,2747,81,80.3,30.5,31,86,21,3,26,0,1.41,40,40,0,0.00,+0.40,Matches
1273,Lucas Gourna-Douath,fr FRA,MF,Saint-Étienne,fr Ligue 1,16,2003,30,1327,44,38.8,14.7,13,76,6,17,20,7,1.20,18,27,-9,-0.61,-0.48,Matches
1274,Jeffrey Gouweleeuw,nl NED,DF,Augsburg,de Bundesliga,29,1991,32,2835,89,92.6,31.5,32,89,31,0,,1,1.13,35,48,-13,-0.41,+1.59,Matches
1275,Jonathan Gradit,fr FRA,DF,Lens,fr Ligue 1,27,1992,33,2823,86,82.5,31.4,33,86,27,0,,1,1.55,42,40,+2,+0.06,+0.21,Matches
1276,Jens Grahl,de GER,GK,Stuttgart,de Bundesliga,31,1988,0,,,,,0,,0,0,,1,,,,,,,Matches
1277,Karlan Grant,eng ENG,"FW,MF",West Brom,eng Premier League,22,1997,21,1127,54,33.0,12.5,14,71,1,7,20,10,0.43,7,26,-19,-1.52,-0.65,Matches
1278,Lee Grant,eng ENG,GK,Manchester Utd,eng Premier League,37,1983,0,,,,,0,,,0,,6,,,,,,,Matches
1279,Alberto Grassi,it ITA,"MF,DF",Parma,it Serie A,25,1995,23,1177,51,34.4,13.1,13,77,4,10,18,5,0.65,11,28,-17,-1.30,-0.22,Matches
1280,Andrew Gravillon,gp GLP,DF,Lorient,fr Ligue 1,22,1998,26,2272,87,66.4,25.2,26,87,24,0,,4,1.04,30,44,-14,-0.55,-0.24,Matches
1281,Demarai Gray,jm JAM,"FW,MF",Leicester City,eng Premier League,24,1996,1,19,19,0.6,0.2,0,,0,1,19,0,1.00,1,0,+1,+4.74,+4.29,Matches
1282,Demarai Gray,jm JAM,"FW,MF",Leverkusen,de Bundesliga,24,1996,10,442,44,14.4,4.9,5,67,2,5,21,2,1.00,5,12,-7,-1.43,-2.15,Matches
1283,Pier Graziano Gori,it ITA,GK,Benevento,it Serie A,40,1980,0,,,,,0,,0,0,,2,,,,,,,Matches
1284,Adrian Grbić,at AUT,FW,Lorient,fr Ligue 1,23,1996,33,961,29,28.1,10.7,9,64,1,24,16,5,0.94,13,21,-8,-0.75,-0.38,Matches
1285,Ivo Grbić,hr CRO,GK,Atlético Madrid,es La Liga,24,1996,0,,,,,0,,0,0,,35,,,,,,,Matches
1286,Jack Grealish,eng ENG,"MF,FW",Aston Villa,eng Premier League,24,1995,26,2185,84,63.9,24.3,24,89,22,2,23,0,1.65,40,28,+12,+0.49,+0.71,Matches
1287,Etienne Green,eng ENG,GK,Saint-Étienne,fr Ligue 1,20,2000,8,720,90,21.1,8.0,8,90,8,0,,3,1.63,12,8,+4,+0.50,+1.03,Matches
1288,Mason Greenwood,eng ENG,"MF,FW",Manchester Utd,eng Premier League,18,2001,31,1822,59,53.3,20.2,21,78,7,10,19,4,1.77,39,24,+15,+0.74,-0.05,Matches
1289,Sam Greenwood,eng ENG,"FW,MF",Leeds United,eng Premier League,18,2002,0,,,,,0,,,0,,1,,,,,,,Matches
1290,Michael Gregoritsch,at AUT,"FW,MF",Augsburg,de Bundesliga,26,1994,24,835,35,27.3,9.3,9,67,1,15,16,7,1.29,11,16,-5,-0.54,-0.01,Matches
1291,Clément Grenier,fr FRA,MF,Rennes,fr Ligue 1,29,1991,23,1078,47,31.5,12.0,12,73,2,11,18,4,1.57,15,7,+8,+0.67,+0.51,Matches
1292,Sebastian Griesbeck,de GER,MF,Union Berlin,de Bundesliga,29,1990,24,890,37,29.1,9.9,8,77,2,16,17,10,1.58,12,17,-5,-0.51,-1.00,Matches
1293,Antoine Griezmann,fr FRA,"FW,MF",Barcelona,es La Liga,29,1991,36,2604,72,76.1,28.9,32,79,12,4,20,2,2.03,66,31,+35,+1.21,-0.11,Matches
1294,Vincenzo Grifo,it ITA,"MF,FW",Freiburg,de Bundesliga,27,1993,31,2313,75,75.6,25.7,27,81,8,4,33,1,1.35,44,41,+3,+0.12,+0.48,Matches
1295,Lennart Grill,de GER,GK,Leverkusen,de Bundesliga,21,1999,4,360,90,11.8,4.0,4,90,4,0,,16,0.75,3,7,-4,-1.00,-1.60,Matches
1296,Florian Grillitsch,at AUT,"MF,DF",Hoffenheim,de Bundesliga,24,1995,26,1879,72,61.4,20.9,22,83,15,4,15,0,1.23,33,30,+3,+0.14,+0.52,Matches
1297,Christian Groß,de GER,"MF,DF",Werder Bremen,de Bundesliga,31,1989,23,1468,64,48.0,16.3,17,84,9,6,6,3,0.96,13,31,-18,-1.10,-0.93,Matches
1298,Pascal Groß,de GER,MF,Brighton,eng Premier League,29,1991,34,2484,73,72.6,27.6,27,89,24,7,13,4,1.06,27,28,-1,-0.04,+0.44,Matches
1299,Kamil Grosicki,pl POL,MF,West Brom,eng Premier League,32,1988,3,148,49,4.3,1.6,2,69,0,1,11,7,1.00,4,5,-1,-0.61,+0.49,Matches
1300,Ilia Gruev,bg BUL,MF,Werder Bremen,de Bundesliga,20,2000,1,1,1,0.0,0.0,0,,0,1,1,9,3.00,0,0,0,0.00,+0.62,Matches
1301,Carlos Gruezo,ec ECU,MF,Augsburg,de Bundesliga,25,1995,28,2084,74,68.1,23.2,23,84,11,5,29,3,1.00,24,42,-18,-0.78,-0.78,Matches
1302,Max Grün,de GER,GK,Gladbach,de Bundesliga,33,1987,0,,,,,0,,0,0,,3,,,,,,,Matches
1303,Vicente Guaita,es ESP,GK,Crystal Palace,eng Premier League,33,1987,37,3330,90,97.4,37.0,37,90,37,0,,1,1.11,38,64,-26,-0.70,-1.70,Matches
1304,Andrés Guardado,mx MEX,MF,Real Betis,es La Liga,33,1986,24,1318,55,38.5,14.6,17,73,5,7,12,1,1.88,12,20,-8,-0.55,-0.89,Matches
1305,Sergi Guardiola,es ESP,FW,Valladolid,es La Liga,29,1991,29,1795,62,52.5,19.9,19,84,12,10,21,4,0.86,21,22,-1,-0.05,+1.17,Matches
1306,Nemanja Gudelj,rs SRB,MF,Sevilla,es La Liga,28,1991,30,1041,35,30.4,11.6,10,80,7,20,12,7,2.17,10,13,-3,-0.26,-1.13,Matches
1307,Gonçalo Guedes,pt POR,"MF,FW",Valencia,es La Liga,23,1996,31,2287,74,66.9,25.4,27,80,11,4,29,5,0.94,33,35,-2,-0.08,0.00,Matches
1308,Mattéo Guendouzi,fr FRA,MF,Hertha BSC,de Bundesliga,21,1999,24,1818,76,59.4,20.2,19,87,16,5,35,0,1.13,27,29,-2,-0.10,+0.55,Matches
1309,Raphaël Guerreiro,pt POR,"DF,MF",Dortmund,de Bundesliga,26,1993,27,2218,82,72.5,24.6,25,87,19,2,16,1,1.96,58,34,+24,+0.97,+0.44,Matches
1310,Evann Guessand,ci CIV,"FW,MF",Nice,fr Ligue 1,19,2001,3,29,10,0.8,0.3,0,,0,3,10,1,1.33,0,0,0,0.00,+0.08,Matches
1311,Kelyan Guessoum,dz ALG,DF,Nîmes,fr Ligue 1,21,1999,15,1128,75,33.0,12.5,11,88,10,4,39,8,1.00,14,19,-5,-0.40,+0.62,Matches
1312,Ander Guevara,es ESP,MF,Real Sociedad,es La Liga,23,1997,31,2081,67,60.8,23.1,25,79,13,6,18,7,1.68,33,27,+6,+0.26,-0.75,Matches
1313,Lamine Gueye,sn SEN,"FW,MF",Metz,fr Ligue 1,22,1998,26,1454,56,42.5,16.2,19,68,2,7,23,4,1.35,14,22,-8,-0.50,-0.68,Matches
1314,Pape Gueye,sn SEN,MF,Marseille,fr Ligue 1,21,1999,32,2058,64,60.2,22.9,22,79,15,10,33,2,1.56,33,32,+1,+0.04,-0.35,Matches
1315,John Guidetti,se SWE,FW,Alavés,es La Liga,28,1992,10,208,21,6.1,2.3,1,77,0,9,15,23,0.80,2,5,-3,-1.30,-0.79,Matches
1316,Josuha Guilavogui,fr FRA,"MF,DF",Wolfsburg,de Bundesliga,29,1990,20,747,37,24.4,8.3,7,81,6,13,14,5,2.25,15,6,+9,+1.08,+0.50,Matches
1317,Frederic Guilbert,fr FRA,"DF,MF",Aston Villa,eng Premier League,25,1994,0,,,,,0,,,0,,8,,,,,,,Matches
1318,Frederic Guilbert,fr FRA,"DF,MF",Strasbourg,fr Ligue 1,25,1994,13,1114,86,32.6,12.4,13,86,11,0,,0,1.31,15,16,-1,-0.08,+0.23,Matches
1319,Hugo Guillamón,es ESP,DF,Valencia,es La Liga,20,2000,25,1988,80,58.1,22.1,21,86,16,4,43,7,1.28,30,25,+5,+0.23,+0.73,Matches
1320,Bruno Guimarães,br BRA,MF,Lyon,fr Ligue 1,22,1997,33,1754,53,51.3,19.5,21,73,5,12,19,2,1.97,45,18,+27,+1.39,+0.79,Matches
1321,Serhou Guirassy,gn GUI,FW,Rennes,fr Ligue 1,24,1996,27,1764,65,51.6,19.6,19,83,10,8,24,0,1.37,24,24,0,0.00,-0.65,Matches
1322,Péter Gulácsi,hu HUN,GK,RB Leipzig,de Bundesliga,30,1990,33,2970,90,97.1,33.0,33,90,33,0,,0,1.97,59,30,+29,+0.88,+1.88,Matches
1323,Manuel Gulde,de GER,DF,Freiburg,de Bundesliga,29,1991,27,1954,72,63.9,21.7,22,85,14,5,17,7,1.48,35,31,+4,+0.18,+0.51,Matches
1324,Robert Gumny,pl POL,DF,Augsburg,de Bundesliga,22,1998,24,1377,57,45.0,15.3,14,81,9,10,25,10,1.04,17,30,-13,-0.85,-0.58,Matches
1325,İlkay Gündoğan,de GER,MF,Manchester City,eng Premier League,29,1990,28,2029,72,59.3,22.5,23,84,16,5,19,6,2.36,55,16,+39,+1.73,+0.95,Matches
1326,Christian Günter,de GER,"DF,MF",Freiburg,de Bundesliga,27,1993,34,3060,90,100.0,34.0,34,90,34,0,,0,1.32,52,52,0,0.00,,Matches
1327,Koray Günter,de GER,DF,Hellas Verona,it Serie A,25,1994,27,1768,65,51.7,19.6,21,78,12,6,21,3,1.07,22,28,-6,-0.31,-0.52,Matches
1328,Jon Guridi,es ESP,MF,Real Sociedad,es La Liga,25,1995,17,831,49,24.3,9.2,8,73,4,9,27,9,1.94,15,10,+5,+0.54,-0.01,Matches
1329,Malo Gusto,fr FRA,DF,Lyon,fr Ligue 1,17,2003,2,2,1,0.1,0.0,0,,0,2,1,11,3.00,0,0,0,0.00,-1.00,Matches
1330,Raúl Guti,es ESP,MF,Elche,es La Liga,23,1996,36,2862,80,83.7,31.8,33,83,17,3,36,1,0.97,30,39,-9,-0.28,+1.65,Matches
1331,Marcos Mauro López Gutiérrez,ar ARG,DF,Cádiz,es La Liga,29,1991,24,1825,76,53.4,20.3,22,80,18,2,32,6,1.04,17,31,-14,-0.69,-0.24,Matches
1332,Miguel Gutiérrez,es ESP,DF,Real Madrid,es La Liga,19,2001,6,316,53,9.2,3.5,3,82,2,3,23,4,2.67,9,3,+6,+1.71,+0.75,Matches
1333,Manu Gyabuaa,it ITA,MF,Atalanta,it Serie A,18,2001,1,2,2,0.1,0.0,0,,0,1,2,3,3.00,0,0,0,0.00,-1.13,Matches
1334,Emmanuel Gyasi,gh GHA,FW,Spezia,it Serie A,26,1994,37,2851,77,83.4,31.7,32,84,21,5,31,1,0.97,36,57,-21,-0.66,-0.82,Matches
1335,Erling Haaland,no NOR,FW,Dortmund,de Bundesliga,20,2000,28,2407,86,78.7,26.7,27,88,23,1,27,0,1.93,64,33,+31,+1.16,+1.43,Matches
1336,Janik Haberer,de GER,"MF,FW",Freiburg,de Bundesliga,26,1994,14,486,35,15.9,5.4,5,64,0,9,18,4,1.29,8,7,+1,+0.19,+0.22,Matches
1337,Alexander Hack,de GER,DF,Mainz 05,de Bundesliga,26,1993,21,1370,65,44.8,15.2,14,89,13,7,18,12,1.14,15,26,-11,-0.72,-0.40,Matches
1338,Antwoine Hackford,eng ENG,FW,Sheffield United,eng Premier League,16,2004,1,11,11,0.3,0.1,0,,0,1,11,0,0.00,0,0,0,0.00,+1.14,Matches
1339,Munir El Haddadi,ma MAR,"FW,MF",Sevilla,es La Liga,24,1995,24,845,35,24.7,9.4,9,69,1,15,15,10,1.96,12,2,+10,+1.07,+0.72,Matches
1340,Eduardo Dos Santos Haesler,de GER,GK,Werder Bremen,de Bundesliga,21,1999,0,,,,,0,,0,0,,7,,,,,,,Matches
1341,André Hahn,de GER,"MF,FW",Augsburg,de Bundesliga,29,1990,29,2037,70,66.6,22.6,24,80,9,5,22,1,1.10,28,34,-6,-0.27,+0.79,Matches
1342,Amadou Haidara,ml MLI,MF,RB Leipzig,de Bundesliga,22,1998,31,1905,61,62.3,21.2,21,80,9,10,23,1,1.81,37,22,+15,+0.71,-0.30,Matches
1343,Massadio Haïdara,ml MLI,"MF,DF",Lens,fr Ligue 1,27,1992,25,2132,85,62.3,23.7,24,88,19,1,26,5,1.68,36,31,+5,+0.21,+0.49,Matches
1344,Gabriel Haider,at AUT,DF,Hoffenheim,de Bundesliga,18,2002,0,,,,,0,,0,0,,2,,,,,,,Matches
1345,Achraf Hakimi,ma MAR,MF,Inter,it Serie A,21,1998,37,2665,72,77.9,29.6,29,86,19,8,22,0,2.38,72,26,+46,+1.55,+0.60,Matches
1346,Sébastien Haller,ci CIV,FW,West Ham United,eng Premier League,26,1994,16,937,59,27.4,10.4,10,84,7,6,17,0,1.56,10,12,-2,-0.19,-0.81,Matches
1347,Marcel Halstenberg,de GER,DF,RB Leipzig,de Bundesliga,28,1991,24,1651,69,54.0,18.3,19,83,14,5,14,3,2.04,35,19,+16,+0.87,+0.11,Matches
1348,Pierre-Yves Hamel,fr FRA,FW,Lorient,fr Ligue 1,26,1994,23,849,37,24.8,9.4,7,73,0,16,21,11,1.17,13,18,-5,-0.53,-0.07,Matches
1349,Romain Hamouma,fr FRA,"FW,MF",Saint-Étienne,fr Ligue 1,33,1987,29,1769,61,51.7,19.7,19,77,7,10,32,0,1.34,22,30,-8,-0.41,-0.19,Matches
1350,Samir Handanović,si SVN,GK,Inter,it Serie A,36,1984,37,3240,88,94.7,36.0,37,88,35,0,,1,2.38,81,33,+48,+1.33,-1.67,Matches
1351,Omer Hanin,il ISR,GK,Mainz 05,de Bundesliga,22,1998,0,,,,,0,,0,0,,1,,,,,,,Matches
1352,Reece Hannam,eng ENG,DF,Crystal Palace,eng Premier League,19,2000,0,,,,,0,,,0,,5,,,,,,,Matches
1353,Lukáš Haraslín,sk SVK,MF,Sassuolo,it Serie A,24,1996,14,333,24,9.7,3.7,2,55,0,12,19,15,1.43,5,4,+1,+0.27,+0.07,Matches
1354,Amine Harit,ma MAR,"MF,FW",Schalke 04,de Bundesliga,23,1997,28,2101,75,68.7,23.3,25,80,11,3,31,1,0.50,20,60,-40,-1.71,+0.26,Matches
1355,Rekeem Harper,eng ENG,MF,West Brom,eng Premier League,20,2000,2,32,16,0.9,0.4,0,,0,2,16,8,0.00,0,2,-2,-5.63,-4.59,Matches
1356,Jack Harrison,eng ENG,MF,Leeds United,eng Premier League,23,1996,36,2847,79,83.2,31.6,34,82,22,2,36,0,1.53,54,45,+9,+0.28,+0.44,Matches
1357,Joe Hart,eng ENG,GK,Tottenham Hotspur,eng Premier League,33,1987,0,,,,,0,,,0,,38,,,,,,,Matches
1358,Marcel Hartel,de GER,MF,Arminia,de Bundesliga,24,1996,22,1681,76,54.9,18.7,20,83,6,2,12,11,0.86,15,30,-15,-0.80,-0.09,Matches
1359,Taylor Harwood-Bellis,eng ENG,DF,Manchester City,eng Premier League,18,2002,0,,,,,0,,,0,,2,,,,,,,Matches
1360,Makoto Hasebe,jp JPN,"MF,DF",Eintracht Frankfurt,de Bundesliga,36,1984,29,2288,79,74.8,25.4,26,85,19,3,24,4,1.86,51,38,+13,+0.51,+0.16,Matches
1361,Mouez Hassen,tn TUN,GK,Brest,fr Ligue 1,25,1995,0,,,,,0,,,0,,10,,,,,,,Matches
1362,Hans Hateboer,nl NED,MF,Atalanta,it Serie A,26,1994,22,1762,80,51.5,19.6,20,85,15,2,27,1,2.18,57,23,+34,+1.74,+1.25,Matches
1363,Kortney Hause,eng ENG,DF,Aston Villa,eng Premier League,25,1995,7,630,90,18.4,7.0,7,90,7,0,,10,2.00,13,6,+7,+1.00,+0.94,Matches
1364,Kai Havertz,de GER,"MF,FW",Chelsea,eng Premier League,21,1999,27,1520,56,44.4,16.9,18,78,8,9,13,4,1.41,31,15,+16,+0.95,+0.66,Matches
1365,Isaac Hayden,jm JAM,"MF,DF",Newcastle United,eng Premier League,25,1995,24,1942,81,56.8,21.6,22,86,19,2,27,3,1.00,22,33,-11,-0.51,-0.21,Matches
1366,Eden Hazard,be BEL,"FW,MF",Real Madrid,es La Liga,29,1991,14,532,38,15.6,5.9,7,59,0,7,17,1,1.86,12,4,+8,+1.35,+0.39,Matches
1367,Thorgan Hazard,be BEL,"MF,FW",Dortmund,de Bundesliga,27,1993,16,654,41,21.4,7.3,8,64,1,8,18,3,2.13,17,8,+9,+1.24,+0.49,Matches
1368,Tom Heaton,eng ENG,GK,Aston Villa,eng Premier League,34,1986,0,,,,,0,,,0,,23,,,,,,,Matches
1369,Jonas Hector,de GER,MF,Köln,de Bundesliga,30,1990,19,1290,68,42.2,14.3,15,80,7,4,24,1,0.84,16,28,-12,-0.84,-0.13,Matches
1370,Michael Hector,jm JAM,DF,Fulham,eng Premier League,28,1992,4,263,66,7.7,2.9,3,79,2,1,26,23,0.25,3,10,-7,-2.40,-1.85,Matches
1371,Hwang Hee-chan,kr KOR,"FW,MF",RB Leipzig,de Bundesliga,24,1996,18,460,26,15.0,5.1,3,67,1,15,17,9,1.50,9,4,+5,+0.98,+0.18,Matches
1372,Ahmed Hegazi,eg EGY,DF,West Brom,eng Premier League,29,1991,1,90,90,2.6,1.0,1,90,1,0,,1,1.00,0,0,0,0.00,+1.11,Matches
1373,Dominique Heintz,de GER,DF,Freiburg,de Bundesliga,26,1993,21,1369,65,44.7,15.2,14,90,12,7,16,12,1.05,16,26,-10,-0.66,-1.19,Matches
1374,Dean Henderson,eng ENG,GK,Manchester Utd,eng Premier League,23,1997,13,1125,87,32.9,12.5,12,90,12,1,45,25,2.46,27,12,+15,+1.20,+0.65,Matches
1375,Jordan Henderson,eng ENG,"MF,DF",Liverpool,eng Premier League,30,1990,21,1704,81,49.8,18.9,20,83,16,1,45,2,1.62,34,24,+10,+0.53,-0.31,Matches
1376,Stephen Henderson,ie IRL,GK,Crystal Palace,eng Premier League,32,1988,0,,,,,0,,,0,,3,,,,,,,Matches
1377,Jeff Hendrick,ie IRL,MF,Newcastle United,eng Premier League,28,1992,22,1422,65,41.6,15.8,17,79,10,5,15,14,1.36,20,24,-4,-0.25,+0.29,Matches
1378,Wayne Hennessey,wls WAL,GK,Crystal Palace,eng Premier League,33,1987,0,,,,,0,,,0,,5,,,,,,,Matches
1379,Benjamin Henrichs,de GER,"MF,DF",RB Leipzig,de Bundesliga,23,1997,13,540,42,17.6,6.0,5,76,3,8,20,7,2.23,9,7,+2,+0.33,-0.60,Matches
1380,Dalbert Henrique,br BRA,DF,Rennes,fr Ligue 1,26,1993,13,373,29,10.9,4.1,3,78,2,10,14,10,1.77,7,4,+3,+0.72,+0.46,Matches
1381,Dalbert Henrique,br BRA,"DF,MF",Inter,it Serie A,26,1993,0,,,,,0,,0,0,,2,,,,,,,Matches
1382,Eduardo Henrique,br BRA,MF,Crotone,it Serie A,25,1995,18,924,51,27.0,10.3,8,78,4,10,30,15,0.56,9,30,-21,-2.05,-1.11,Matches
1383,Luis Henrique,br BRA,MF,Marseille,fr Ligue 1,18,2001,19,675,36,19.7,7.5,6,69,1,13,20,11,1.84,18,10,+8,+1.07,+1.10,Matches
1384,Christophe Hérelle,mq MTQ,DF,Brest,fr Ligue 1,27,1992,16,1377,86,40.3,15.3,15,89,14,1,45,3,1.19,22,27,-5,-0.33,+0.16,Matches
1385,Jérôme Hergault,fr FRA,"DF,MF",Lorient,fr Ligue 1,34,1986,22,1625,74,47.5,18.1,19,84,14,3,10,11,1.27,24,28,-4,-0.22,+0.48,Matches
1386,Mario Hermoso,es ESP,DF,Atlético Madrid,es La Liga,25,1995,31,2578,83,75.4,28.6,30,85,24,1,17,4,2.23,42,17,+25,+0.87,-0.94,Matches
1387,Aridane Hernández,es ESP,DF,Osasuna,es La Liga,31,1989,24,2026,84,59.2,22.5,24,84,22,0,,1,1.33,19,22,-3,-0.13,+0.38,Matches
1388,Lucas Hernández,fr FRA,DF,Bayern Munich,de Bundesliga,24,1996,23,1597,69,52.2,17.7,18,81,12,5,28,8,2.61,59,16,+43,+2.42,+1.69,Matches
1389,Pablo Hernández,es ESP,MF,Leeds United,eng Premier League,35,1985,16,427,27,12.5,4.7,3,65,0,13,18,10,1.19,11,5,+6,+1.26,+1.20,Matches
1390,Theo Hernández,fr FRA,DF,Milan,it Serie A,22,1997,33,2933,89,85.8,32.6,33,89,31,0,,1,2.09,63,37,+26,+0.80,-0.50,Matches
1391,Hernani,br BRA,MF,Parma,it Serie A,26,1994,33,2189,66,64.0,24.3,27,76,10,6,22,0,0.58,23,52,-29,-1.19,-0.10,Matches
1392,Ander Herrera,es ESP,MF,Paris Saint-Germain,fr Ligue 1,30,1989,31,1851,60,54.1,20.6,18,83,12,13,28,1,2.35,47,12,+35,+1.70,+0.38,Matches
1393,Héctor Herrera,mx MEX,MF,Atlético Madrid,es La Liga,30,1990,16,682,43,19.9,7.6,8,69,2,8,17,8,2.19,20,4,+16,+2.11,+1.26,Matches
1394,Sergio Herrera,es ESP,GK,Osasuna,es La Liga,27,1993,33,2958,90,86.5,32.9,32,90,32,1,78,4,1.18,31,40,-9,-0.27,+0.12,Matches
1395,Yangel Herrera,ve VEN,MF,Granada,es La Liga,22,1998,32,2310,72,67.5,25.7,25,83,18,7,34,0,1.38,34,36,-2,-0.08,+1.22,Matches
1396,Iago Herrerín,es ESP,GK,Athletic Club,es La Liga,32,1988,0,,,,,0,,0,0,,5,,,,,,,Matches
1397,Patrick Herrmann,de GER,"MF,FW",Gladbach,de Bundesliga,29,1991,27,876,32,28.6,9.7,9,73,2,18,12,6,1.52,15,13,+2,+0.21,-0.04,Matches
1398,Pablo Hervías,es ESP,"DF,MF",Valladolid,es La Liga,27,1993,27,1204,45,35.2,13.4,10,79,5,17,25,4,0.78,15,19,-4,-0.30,+0.47,Matches
1399,Përparim Hetemaj,fi FIN,MF,Benevento,it Serie A,33,1986,31,2212,71,64.7,24.6,27,79,14,4,18,6,0.94,24,44,-20,-0.81,+0.30,Matches
1400,Son Heung-min,kr KOR,"MF,FW",Tottenham Hotspur,eng Premier League,28,1992,37,3114,84,91.1,34.6,36,85,23,1,45,0,1.59,61,36,+25,+0.72,+1.31,Matches
1401,Aaron Hickey,sct SCO,"DF,MF",Bologna,it Serie A,18,2002,11,758,69,22.2,8.4,10,74,4,1,15,8,1.27,13,16,-3,-0.36,+0.02,Matches
1402,Vitorino Hilton,br BRA,DF,Montpellier,fr Ligue 1,42,1977,29,2117,73,61.9,23.5,24,86,22,5,10,3,1.55,37,33,+4,+0.17,+0.58,Matches
1403,Martin Hinteregger,at AUT,DF,Eintracht Frankfurt,de Bundesliga,27,1992,29,2527,87,82.6,28.1,29,87,27,0,,0,1.72,54,42,+12,+0.43,-0.25,Matches
1404,Marwin Hitz,ch SUI,GK,Dortmund,de Bundesliga,32,1987,16,1395,87,45.6,15.5,16,87,15,0,,15,2.19,37,16,+21,+1.35,+0.92,Matches
1405,Wesley Hoedt,nl NED,DF,Lazio,it Serie A,26,1994,17,952,56,27.8,10.6,10,82,8,7,18,12,1.71,19,21,-2,-0.19,-0.48,Matches
1406,Ki-Jana Hoever,nl NED,"MF,DF",Wolves,eng Premier League,18,2002,12,577,48,16.9,6.4,5,84,4,7,22,22,0.75,3,11,-8,-1.25,-0.99,Matches
1407,Ron-Thorben Hoffmann,de GER,GK,Bayern Munich,de Bundesliga,21,1999,0,,,,,0,,0,0,,6,,,,,,,Matches
1408,Nicolas Höfler,de GER,MF,Freiburg,de Bundesliga,30,1990,31,2729,88,89.2,30.3,30,89,29,1,45,0,1.42,49,43,+6,+0.20,+1.83,Matches
1409,Jonas Hofmann,de GER,MF,Gladbach,de Bundesliga,28,1992,24,1817,76,59.4,20.2,21,83,11,3,27,1,1.46,35,33,+2,+0.10,-0.34,Matches
1410,Marco Höger,de GER,DF,Köln,de Bundesliga,30,1989,3,53,18,1.7,0.6,1,45,0,2,4,3,1.00,1,2,-1,-1.70,-0.95,Matches
1411,Rob Holding,eng ENG,DF,Arsenal,eng Premier League,24,1995,30,2558,85,74.8,28.4,28,90,27,2,24,5,1.57,37,26,+11,+0.39,-0.14,Matches
1412,Lucas Höler,de GER,"FW,MF",Freiburg,de Bundesliga,26,1994,33,2089,63,68.3,23.2,22,78,7,11,33,0,1.36,33,36,-3,-0.13,-0.41,Matches
1413,Mason Holgate,jm JAM,DF,Everton,eng Premier League,23,1996,28,2287,82,66.9,25.4,26,87,22,2,15,3,1.50,26,32,-6,-0.24,-0.63,Matches
1414,Jordan Holsgrove,sct SCO,MF,Celta Vigo,es La Liga,20,1999,5,145,29,4.2,1.6,0,,0,5,29,6,1.60,1,2,-1,-0.62,-0.59,Matches
1415,Franck Honorat,fr FRA,MF,Brest,fr Ligue 1,23,1996,36,2458,68,71.9,27.3,28,81,9,8,24,0,1.06,35,45,-10,-0.37,+0.20,Matches
1416,Matthew Hoppe,us USA,FW,Schalke 04,de Bundesliga,19,2001,22,1305,59,42.6,14.5,15,79,3,7,16,3,0.55,13,33,-20,-1.38,+0.72,Matches
1417,Jannes Horn,de GER,"DF,MF",Köln,de Bundesliga,23,1997,29,1768,61,57.8,19.6,20,78,12,9,23,4,1.10,22,42,-20,-1.02,-0.60,Matches
1418,Timo Horn,de GER,GK,Köln,de Bundesliga,27,1993,34,3009,89,98.3,33.4,34,89,33,0,,0,0.97,33,59,-26,-0.78,-0.78,Matches
1419,Fraser Hornby,sct SCO,"FW,MF",Reims,fr Ligue 1,20,1999,3,35,12,1.0,0.4,0,,0,3,12,7,0.00,0,0,0,0.00,+0.21,Matches
1420,Krisztofer Horváth,hu HUN,MF,Torino,it Serie A,18,2002,0,,,,,0,,0,0,,2,,,,,,,Matches
1421,Conor Hourihane,ie IRL,MF,Aston Villa,eng Premier League,29,1991,4,225,56,6.6,2.5,3,70,0,1,16,11,1.50,4,2,+2,+0.80,+0.60,Matches
1422,Lukáš Hrádecký,fi FIN,GK,Leverkusen,de Bundesliga,30,1989,29,2565,88,83.8,28.5,29,88,28,0,,0,1.66,48,29,+19,+0.67,+1.58,Matches
1423,Ajdin Hrustic,au AUS,MF,Eintracht Frankfurt,de Bundesliga,24,1996,11,272,25,8.9,3.0,1,74,0,10,20,16,2.09,8,0,+8,+2.65,+2.39,Matches
1424,Florian Hübner,de GER,DF,Union Berlin,de Bundesliga,29,1991,6,525,88,17.2,5.8,6,88,5,0,,16,1.83,8,4,+4,+0.69,+0.58,Matches
1425,Callum Hudson-Odoi,eng ENG,"MF,FW",Chelsea,eng Premier League,19,2000,23,1059,46,31.0,11.8,10,73,2,13,26,10,1.87,22,5,+17,+1.44,+1.25,Matches
1426,Niall Huggins,wls WAL,DF,Leeds United,eng Premier League,19,2000,1,38,38,1.1,0.4,0,,0,1,38,8,0.00,2,0,+2,+4.74,+4.58,Matches
1427,Liam Hughes,nir NIR,GK,Liverpool,eng Premier League,18,2001,0,,,,,0,,,0,,1,,,,,,,Matches
1428,Mats Hummels,de GER,DF,Dortmund,de Bundesliga,31,1988,33,2813,85,91.9,31.3,32,87,27,1,28,0,1.85,67,45,+22,+0.70,-1.85,Matches
1429,Adrien Hunou,fr FRA,FW,Rennes,fr Ligue 1,26,1994,20,589,29,17.2,6.5,5,62,0,15,19,13,1.35,11,5,+6,+0.92,+0.73,Matches
1430,Klaas-Jan Huntelaar,nl NED,FW,Schalke 04,de Bundesliga,36,1983,9,588,65,19.2,6.5,7,80,2,2,13,0,0.78,7,15,-8,-1.22,+0.71,Matches
1431,Elseid Hysaj,al ALB,DF,Napoli,it Serie A,26,1994,24,1768,74,51.7,19.6,20,84,13,4,23,8,2.21,48,18,+30,+1.53,+0.71,Matches
1432,Pierre Højbjerg,dk DEN,MF,Tottenham Hotspur,eng Premier League,24,1995,38,3420,90,100.0,38.0,38,90,38,0,,0,1.63,68,45,+23,+0.61,,Matches
1433,Simone Iacoponi,it ITA,DF,Parma,it Serie A,33,1987,16,1193,75,34.9,13.3,13,86,11,3,23,6,0.63,14,26,-12,-0.91,+0.39,Matches
1434,Iago,br BRA,"DF,MF",Augsburg,de Bundesliga,23,1997,18,1560,87,51.0,17.3,18,87,14,0,,1,1.22,21,24,-3,-0.17,+0.73,Matches
1435,Roger Ibanez,br BRA,DF,Roma,it Serie A,21,1998,30,2398,80,70.1,26.6,28,84,22,2,28,1,1.77,48,39,+9,+0.34,+0.25,Matches
1436,Vedad Ibišević,ba BIH,FW,Schalke 04,de Bundesliga,35,1984,4,156,39,5.1,1.7,1,56,0,3,33,4,0.50,2,3,-1,-0.58,+1.28,Matches
1437,Vicente Iborra,es ESP,MF,Villarreal,es La Liga,32,1988,13,928,71,27.1,10.3,10,84,8,3,31,0,1.69,15,5,+10,+0.97,+0.75,Matches
1438,Didier Ibrahim Ndong,ga GAB,MF,Dijon,fr Ligue 1,26,1994,29,2610,90,76.3,29.0,29,90,29,0,,0,0.48,20,50,-30,-1.03,+0.97,Matches
1439,Zlatan Ibrahimović,se SWE,FW,Milan,it Serie A,38,1981,19,1493,79,43.7,16.6,18,83,12,1,6,0,2.21,31,21,+10,+0.60,-0.47,Matches
1440,Frederik Ibsen,dk DEN,DF,West Ham United,eng Premier League,20,1999,0,,,,,0,,,0,,11,,,,,,,Matches
1441,Mauro Icardi,ar ARG,FW,Paris Saint-Germain,fr Ligue 1,27,1993,20,1079,54,31.5,12.0,11,84,7,9,17,1,2.35,32,12,+20,+1.67,+0.21,Matches
1442,Hubert Idasiak,pl POL,GK,Napoli,it Serie A,18,2002,0,,,,,0,,0,0,,5,,,,,,,Matches
1443,Oussama Idrissi,ma MAR,"FW,MF",Sevilla,es La Liga,24,1996,3,27,9,0.8,0.3,0,,0,3,9,10,2.00,2,0,+2,+6.67,+6.19,Matches
1444,Blendi Idrizi,xk KVX,MF,Schalke 04,de Bundesliga,22,1998,3,238,79,7.8,2.6,3,79,0,0,,0,1.00,5,6,-1,-0.38,+1.54,Matches
1445,Odion Ighalo,ng NGA,FW,Manchester Utd,eng Premier League,31,1989,1,10,10,0.3,0.1,0,,0,1,10,1,0.00,0,1,-1,-9.00,-9.79,Matches
1446,Iglesias,es ESP,"MF,DF",Getafe,es La Liga,22,1998,10,605,61,17.7,6.7,7,82,5,3,9,7,1.20,4,8,-4,-0.60,-0.24,Matches
1447,Borja Iglesias,es ESP,FW,Real Betis,es La Liga,27,1993,28,1411,50,41.3,15.7,15,74,3,13,24,7,1.57,24,11,+13,+0.83,+1.41,Matches
1448,Igor,br BRA,"DF,MF",Fiorentina,it Serie A,22,1998,21,1168,56,34.2,13.0,13,80,9,8,15,11,1.19,10,19,-9,-0.69,-0.57,Matches
1449,Kelechi Iheanacho,ng NGA,FW,Leicester City,eng Premier League,23,1996,25,1459,58,42.7,16.2,16,83,10,9,15,13,1.48,30,23,+7,+0.43,-0.07,Matches
1450,Jonathan Ikone,fr FRA,"MF,FW",Lille,fr Ligue 1,22,1998,37,2177,59,63.7,24.2,26,75,6,11,21,0,2.24,36,19,+17,+0.70,-1.03,Matches
1451,Yun Il-lok,kr KOR,"MF,FW",Montpellier,fr Ligue 1,28,1992,12,312,26,9.1,3.5,3,60,0,9,15,18,1.33,6,5,+1,+0.29,+0.38,Matches
1452,Ivan Ilić,rs SRB,MF,Hellas Verona,it Serie A,19,2001,29,1835,63,53.7,20.4,19,80,11,10,32,9,1.00,22,28,-6,-0.29,-0.52,Matches
1453,Josip Iličić,si SVN,"MF,FW",Atalanta,it Serie A,32,1988,28,1526,55,44.6,17.0,17,69,2,11,33,5,2.04,38,17,+21,+1.24,+0.19,Matches
1454,Matei Ilie,ro ROU,DF,Hellas Verona,it Serie A,17,2002,0,,,,,0,,0,0,,2,,,,,,,Matches
1455,Julián Illanes,ar ARG,DF,Fiorentina,it Serie A,23,1997,0,,,,,0,,0,0,,1,,,,,,,Matches
1456,Asier Illarramendi,es ESP,MF,Real Sociedad,es La Liga,30,1990,6,337,56,9.9,3.7,6,56,0,0,,6,2.17,8,2,+6,+1.60,+1.16,Matches
1457,Tiago Ilori,pt POR,DF,Lorient,fr Ligue 1,27,1993,0,,,,,0,,,0,,2,,,,,,,Matches
1458,Stefan Ilsanker,at AUT,"MF,DF",Eintracht Frankfurt,de Bundesliga,31,1989,27,1578,58,51.6,17.5,17,84,11,10,16,7,1.74,32,30,+2,+0.11,-0.74,Matches
1459,Ciro Immobile,it ITA,FW,Lazio,it Serie A,30,1990,35,2849,81,83.3,31.7,34,83,16,1,35,0,1.91,55,45,+10,+0.32,+0.95,Matches
1460,Riccardo Improta,it ITA,"MF,DF",Benevento,it Serie A,26,1993,34,2335,69,68.3,25.9,23,85,15,11,34,1,0.91,26,50,-24,-0.93,-0.01,Matches
1461,Iñaki,es ESP,GK,Osasuna,es La Liga,23,1997,0,,,,,0,,0,0,,17,,,,,,,Matches
1462,Roberto Inglese,it ITA,FW,Parma,it Serie A,28,1991,14,576,41,16.8,6.4,6,65,1,8,24,2,0.43,4,15,-11,-1.72,-0.67,Matches
1463,Danny Ings,eng ENG,FW,Southampton,eng Premier League,28,1992,29,2173,75,63.5,24.1,26,79,13,3,41,0,1.28,33,40,-7,-0.29,+0.72,Matches
1464,Marcus Ingvartsen,dk DEN,MF,Union Berlin,de Bundesliga,24,1996,30,1963,65,64.2,21.8,24,76,9,6,25,0,1.33,30,28,+2,+0.09,-0.32,Matches
1465,Ryan Inniss,eng ENG,DF,Crystal Palace,eng Premier League,25,1995,0,,,,,0,,,0,,1,,,,,,,Matches
1466,Garissone Innocent,ht HAI,GK,Paris Saint-Germain,fr Ligue 1,20,2000,0,,,,,0,,,0,,1,,,,,,,Matches
1467,Nassim Innocenti,bf BFA,DF,Lille,fr Ligue 1,18,2002,0,,,,,0,,,0,,5,,,,,,,Matches
1468,Lorenzo Insigne,it ITA,MF,Napoli,it Serie A,29,1991,35,2865,82,83.8,31.8,33,85,21,2,38,0,2.11,75,30,+45,+1.41,+1.41,Matches
1469,Roberto Insigne,it ITA,"MF,FW",Benevento,it Serie A,26,1994,30,1599,53,46.8,17.8,17,69,2,13,32,7,0.77,20,40,-20,-1.13,-0.38,Matches
1470,Pablo Insua,es ESP,DF,Huesca,es La Liga,26,1993,20,1587,79,46.4,17.6,17,87,13,3,36,9,0.95,17,25,-8,-0.45,+0.09,Matches
1471,Takashi Inui,jp JPN,"MF,FW",Eibar,es La Liga,32,1988,28,1819,65,53.2,20.2,22,75,8,6,27,10,0.82,15,25,-10,-0.49,+0.24,Matches
1472,Artur Ioniță,md MDA,MF,Benevento,it Serie A,29,1990,36,2835,79,82.9,31.5,34,81,20,2,34,0,0.86,34,64,-30,-0.95,-0.18,Matches
1473,Tim Iroegbunam,eng ENG,MF,West Brom,eng Premier League,17,2003,0,,,,,0,,,0,,1,,,,,,,Matches
1474,Alexander Isak,se SWE,FW,Real Sociedad,es La Liga,20,1999,34,2340,69,68.4,26.0,30,75,5,4,26,4,1.59,39,22,+17,+0.65,+0.32,Matches
1475,Isco,es ESP,"MF,FW",Real Madrid,es La Liga,28,1992,25,908,36,26.5,10.1,8,66,1,17,22,9,2.24,16,10,+6,+0.59,-0.59,Matches
1476,Ardian Ismajli,al ALB,DF,Spezia,it Serie A,23,1996,17,1297,76,37.9,14.4,14,88,12,3,21,12,1.29,21,27,-6,-0.42,+0.18,Matches
1477,Franco Israel,uy URU,GK,Juventus,it Serie A,20,2000,0,,,,,0,,0,0,,3,,,,,,,Matches
1478,Abass Issah,gh GHA,"FW,MF",Mainz 05,de Bundesliga,21,1998,2,18,9,0.6,0.2,0,,0,2,9,5,0.00,0,0,0,0.00,+0.50,Matches
1479,Gian-Luca Itter,de GER,DF,Freiburg,de Bundesliga,21,1999,0,,,,,0,,0,0,,4,,,,,,,Matches
1480,Branislav Ivanović,rs SRB,DF,West Brom,eng Premier League,36,1984,13,767,59,22.4,8.5,8,85,6,5,17,7,0.92,4,19,-15,-1.76,-0.88,Matches
1481,Alex Iwobi,ng NGA,"MF,FW",Everton,eng Premier League,24,1996,30,1542,51,45.1,17.1,17,75,5,13,20,5,1.53,24,21,+3,+0.18,+0.37,Matches
1482,Jairo Izquierdo,es ESP,"MF,DF",Cádiz,es La Liga,26,1993,30,1277,43,37.3,14.2,11,74,5,19,24,3,1.00,10,28,-18,-1.27,-1.10,Matches
1483,José Izquierdo,co COL,"FW,MF",Brighton,eng Premier League,28,1992,1,9,9,0.3,0.1,0,,0,1,9,9,0.00,0,0,0,0.00,+0.16,Matches
1484,Armando Izzo,it ITA,DF,Torino,it Serie A,28,1992,25,2004,80,58.6,22.3,24,82,16,1,45,5,1.16,28,29,-1,-0.04,+1.10,Matches
1485,Phil Jagielka,eng ENG,DF,Sheffield United,eng Premier League,37,1982,10,526,53,15.4,5.8,6,77,3,4,17,21,1.20,4,12,-8,-1.37,-0.28,Matches
1486,Alireza Jahanbakhsh,ir IRN,"MF,FW",Brighton,eng Premier League,26,1993,21,528,25,15.4,5.9,6,58,0,15,12,6,0.76,4,9,-5,-0.85,-0.82,Matches
1487,Mato Jajalo,ba BIH,MF,Udinese,it Serie A,32,1988,1,34,34,1.0,0.4,0,,0,1,34,0,3.00,1,1,0,0.00,+0.43,Matches
1488,Ismail Jakobs,sn SEN,"MF,DF",Köln,de Bundesliga,20,1999,23,1726,75,56.4,19.2,18,87,12,5,32,1,0.87,20,36,-16,-0.83,-0.16,Matches
1489,Daniel James,wls WAL,MF,Manchester Utd,eng Premier League,22,1997,15,910,61,26.6,10.1,11,76,4,4,17,12,2.13,22,7,+15,+1.48,+0.98,Matches
1490,Reece James,eng ENG,"DF,MF",Chelsea,eng Premier League,20,1999,32,2373,74,69.4,26.4,25,90,25,7,18,3,1.75,38,29,+9,+0.34,-0.78,Matches
1491,Charly Jan,fr FRA,GK,Nantes,fr Ligue 1,21,1999,0,,,,,0,,,0,,1,,,,,,,Matches
1492,Alexandre Jankewitz,ch SUI,MF,Southampton,eng Premier League,18,2001,2,3,2,0.1,0.0,1,1,0,1,2,10,0.00,0,0,0,0.00,+0.55,Matches
1493,Saidy Janko,gm GAM,"DF,MF",Valladolid,es La Liga,24,1995,19,1220,64,35.7,13.6,14,79,5,5,23,3,0.89,12,16,-4,-0.30,+0.48,Matches
1494,Jakub Jankto,cz CZE,MF,Sampdoria,it Serie A,24,1996,35,2409,69,70.4,26.8,29,78,11,6,24,1,1.29,38,39,-1,-0.04,+0.05,Matches
1495,Laurent Jans,lu LUX,"DF,MF",Metz,fr Ligue 1,27,1992,0,,,,,0,,,0,,4,,,,,,,Matches
1496,Tony Jantschke,de GER,DF,Gladbach,de Bundesliga,30,1990,8,269,34,8.8,3.0,3,78,2,5,7,23,2.38,7,6,+1,+0.33,+0.11,Matches
1497,Adnan Januzaj,be BEL,"MF,FW",Real Sociedad,es La Liga,25,1995,27,1014,38,29.6,11.3,12,64,0,15,16,5,1.70,24,10,+14,+1.24,+0.98,Matches
1498,Rune Jarstein,no NOR,GK,Hertha BSC,de Bundesliga,35,1984,8,720,90,23.5,8.0,8,90,8,0,,18,0.88,7,13,-6,-0.75,-0.56,Matches
1499,Jason,es ESP,MF,Valencia,es La Liga,26,1994,17,441,26,12.9,4.9,4,69,1,13,13,16,0.76,6,7,-1,-0.20,-0.14,Matches
1500,Sylvester Jasper,bg BUL,"FW,MF",Fulham,eng Premier League,18,2001,0,,,,,0,,,0,,1,,,,,,,Matches
1501,Luis Javier Suárez,co COL,"FW,MF",Granada,es La Liga,22,1997,27,1666,62,48.7,18.5,18,79,7,9,28,0,1.15,26,28,-2,-0.11,+0.71,Matches
1502,Corentin Jean,fr FRA,FW,Lens,fr Ligue 1,25,1995,23,580,25,17.0,6.4,6,53,0,17,16,11,1.48,10,11,-1,-0.16,-0.22,Matches
1503,Daniel Jebbison,ca CAN,FW,Sheffield United,eng Premier League,16,2003,4,284,71,8.3,3.2,3,86,2,1,26,0,1.50,2,2,0,0.00,+1.23,Matches
1504,Tin Jedvaj,hr CRO,DF,Leverkusen,de Bundesliga,24,1995,3,152,51,5.0,1.7,2,68,1,1,17,22,1.67,1,0,+1,+0.59,+0.19,Matches
1505,Jack Jenkins,eng ENG,MF,Leeds United,eng Premier League,18,2002,0,,,,,0,,,0,,18,,,,,,,Matches
1506,Teddy Jenks,eng ENG,MF,Brighton,eng Premier League,18,2002,0,,,,,0,,,0,,2,,,,,,,Matches
1507,Fredrik Jensen,fi FIN,FW,Augsburg,de Bundesliga,22,1997,13,377,29,12.3,4.2,1,53,0,12,27,1,0.77,5,6,-1,-0.24,+0.33,Matches
1508,Jesé,es ESP,"FW,MF",Paris Saint-Germain,fr Ligue 1,27,1993,2,24,12,0.7,0.3,0,,0,2,12,2,1.50,1,0,+1,+3.75,+2.24,Matches
1509,Gabriel Jesus,br BRA,FW,Manchester City,eng Premier League,23,1997,29,2063,71,60.3,22.9,22,86,18,7,25,1,2.28,54,17,+37,+1.61,+0.69,Matches
1510,Juan Jesus,br BRA,DF,Roma,it Serie A,29,1991,5,157,31,4.6,1.7,0,,0,5,31,21,1.60,5,3,+2,+1.15,+0.93,Matches
1511,Raúl Jiménez,mx MEX,FW,Wolves,eng Premier League,29,1991,10,823,82,24.1,9.1,10,82,8,0,,0,1.70,9,10,-1,-0.11,+0.41,Matches
1512,Joaquín,es ESP,MF,Real Betis,es La Liga,39,1981,27,1291,48,37.7,14.3,16,66,1,11,21,9,1.70,24,18,+6,+0.42,+0.67,Matches
1513,John Joe,ie IRL,MF,Getafe,es La Liga,16,2003,6,65,11,1.9,0.7,0,,0,6,11,8,0.17,0,0,0,0.00,+0.40,Matches
1514,Joelinton,br BRA,"FW,MF",Newcastle United,eng Premier League,23,1996,31,1983,64,58.0,22.0,23,79,10,8,21,6,1.16,27,36,-9,-0.41,+0.03,Matches
1515,Stefan Johansen,no NOR,MF,Fulham,eng Premier League,29,1991,0,,,,,0,,,0,,1,,,,,,,Matches
1516,Marco John,de GER,MF,Hoffenheim,de Bundesliga,18,2002,14,997,71,32.6,11.1,12,79,8,2,26,8,1.36,19,19,0,0.00,+0.09,Matches
1517,Nile John,eng ENG,MF,Tottenham Hotspur,eng Premier League,17,2003,0,,,,,0,,,0,,1,,,,,,,Matches
1518,Marcel Johnen,de GER,GK,Leverkusen,de Bundesliga,17,2002,0,,,,,0,,0,0,,1,,,,,,,Matches
1519,Ben Johnson,eng ENG,MF,West Ham United,eng Premier League,20,2000,14,523,37,15.3,5.8,5,82,1,9,12,19,1.79,10,10,0,0.00,-0.47,Matches
1520,Sam Johnstone,eng ENG,GK,West Brom,eng Premier League,27,1993,37,3330,90,97.4,37.0,37,90,37,0,,0,0.62,32,74,-42,-1.14,-2.14,Matches
1521,Curtis Jones,eng ENG,MF,Liverpool,eng Premier League,19,2001,24,1179,49,34.5,13.1,13,75,4,11,18,12,1.75,23,13,+10,+0.76,+0.12,Matches
1522,Frenkie de Jong,nl NED,"MF,DF",Barcelona,es La Liga,23,1997,37,3154,85,92.2,35.0,35,87,29,2,63,0,2.14,78,35,+43,+1.23,-0.13,Matches
1523,Luuk de Jong,nl NED,FW,Sevilla,es La Liga,29,1990,34,1268,37,37.1,14.1,14,68,1,20,16,4,1.91,18,13,+5,+0.35,-0.27,Matches
1524,Jony,es ESP,"MF,FW",Osasuna,es La Liga,29,1991,22,871,40,25.5,9.7,9,63,1,13,23,4,0.91,8,11,-3,-0.31,-0.03,Matches
1525,Joan Jordán,es ESP,MF,Sevilla,es La Liga,26,1994,35,2406,69,70.4,26.7,28,79,8,7,29,0,2.11,37,22,+15,+0.56,+0.12,Matches
1526,Jorginho,it ITA,MF,Chelsea,eng Premier League,28,1991,28,2010,72,58.8,22.3,23,83,15,5,22,10,1.96,34,17,+17,+0.76,+0.44,Matches
1527,Josan,es ESP,"MF,DF",Elche,es La Liga,30,1989,33,1926,58,56.3,21.4,24,72,7,9,21,3,1.00,17,28,-11,-0.51,+0.09,Matches
1528,Willian José,br BRA,FW,Wolves,eng Premier League,28,1991,17,1110,65,32.5,12.3,12,80,2,5,31,2,1.29,12,13,-1,-0.08,+0.50,Matches
1529,Willian José,br BRA,FW,Real Sociedad,es La Liga,28,1991,13,689,53,20.1,7.7,8,77,4,5,15,4,1.62,12,9,+3,+0.39,-0.20,Matches
1530,Joselu,es ESP,FW,Alavés,es La Liga,30,1990,37,3026,82,88.5,33.6,34,87,20,3,25,0,1.03,32,50,-18,-0.54,+0.15,Matches
1531,Josema,es ESP,DF,Elche,es La Liga,24,1996,29,1966,68,57.5,21.8,21,83,15,8,29,8,0.97,19,35,-16,-0.73,-0.42,Matches
1532,Jota,pt POR,"MF,FW",Valladolid,es La Liga,21,1999,17,668,39,19.5,7.4,7,64,0,10,22,9,1.06,7,13,-6,-0.81,-0.25,Matches
1533,Jota,es ESP,MF,Alavés,es La Liga,29,1991,23,1398,61,40.9,15.5,18,75,5,5,10,7,1.13,12,18,-6,-0.39,+0.28,Matches
1534,Diogo Jota,pt POR,"FW,MF",Liverpool,eng Premier League,23,1996,19,1112,59,32.5,12.4,12,82,5,7,18,0,2.00,24,15,+9,+0.73,+0.07,Matches
1535,Diogo Jota,pt POR,"FW,MF",Wolves,eng Premier League,23,1996,0,,,,,0,,,0,,1,,,,,,,Matches
1536,Vukašin Jovanović,rs SRB,DF,Bordeaux,fr Ligue 1,24,1996,0,,,,,0,,,0,,7,,,,,,,Matches
1537,Stevan Jovetić,me MNE,FW,Monaco,fr Ligue 1,30,1989,29,802,28,23.5,8.9,6,58,1,23,20,3,2.28,25,10,+15,+1.68,+1.03,Matches
1538,Luka Jović,rs SRB,FW,Real Madrid,es La Liga,22,1997,4,149,37,4.4,1.7,2,64,0,2,11,8,1.50,2,2,0,0.00,-1.07,Matches
1539,Luka Jović,rs SRB,FW,Eintracht Frankfurt,de Bundesliga,22,1997,18,894,50,29.2,9.9,8,83,4,10,23,1,1.89,26,15,+11,+1.11,+0.90,Matches
1540,Juanmi,es ESP,"FW,MF",Real Betis,es La Liga,27,1993,16,604,38,17.7,6.7,5,66,0,11,25,14,1.56,11,14,-3,-0.45,-0.54,Matches
1541,David Juncà,es ESP,DF,Celta Vigo,es La Liga,26,1993,0,,,0.0,0.0,0,,0,0,,19,1.00,0,0,0,,,Matches
1542,Andreas Jungdal,dk DEN,GK,Milan,it Serie A,18,2002,0,,,,,0,,0,0,,2,,,,,,,Matches
1543,Hamed Junior Traorè,ci CIV,MF,Sassuolo,it Serie A,20,2000,35,1789,51,52.3,19.9,20,73,5,15,22,2,1.57,28,36,-8,-0.40,-1.29,Matches
1544,Vinicius Júnior,br BRA,"FW,MF",Real Madrid,es La Liga,20,2000,35,1969,56,57.6,21.9,22,75,7,13,24,2,2.20,35,17,+18,+0.82,-0.48,Matches
1545,James Justin,eng ENG,"DF,MF",Leicester City,eng Premier League,22,1998,23,2070,90,60.5,23.0,23,90,23,0,,0,1.87,39,25,+14,+0.61,+0.34,Matches
1546,Musa Juwara,gm GAM,MF,Bologna,it Serie A,18,2001,5,46,9,1.3,0.5,0,,0,5,9,10,0.60,1,0,+1,+1.96,+2.36,Matches
1547,Jens Jønsson,dk DEN,MF,Cádiz,es La Liga,27,1993,35,2615,75,76.5,29.1,33,78,16,2,21,1,1.23,32,38,-6,-0.21,+1.58,Matches
1548,Filip Jørgensen,dk DEN,GK,Villarreal,es La Liga,18,2002,0,,,,,0,,0,0,,2,,,,,,,Matches
1549,Ozan Kabak,tr TUR,DF,Liverpool,eng Premier League,20,2000,9,801,89,23.4,8.9,9,89,7,0,,1,1.56,10,9,+1,+0.11,-0.75,Matches
1550,Ozan Kabak,tr TUR,DF,Schalke 04,de Bundesliga,20,2000,14,1243,89,40.6,13.8,14,89,12,0,,1,0.43,11,38,-27,-1.95,-0.27,Matches
1551,Abdoul Kader Bamba,fr FRA,MF,Nantes,fr Ligue 1,26,1994,29,917,32,26.8,10.2,6,76,0,23,20,1,0.90,10,21,-11,-1.08,-1.19,Matches
1552,Pavel Kadeřábek,cz CZE,"MF,DF",Hoffenheim,de Bundesliga,28,1992,20,1588,79,51.9,17.6,17,88,15,3,31,0,1.50,30,24,+6,+0.34,+0.83,Matches
1553,Tino Kadewere,zw ZIM,FW,Lyon,fr Ligue 1,24,1996,33,2009,61,58.7,22.3,24,74,5,9,26,0,1.94,47,24,+23,+1.03,+0.07,Matches
1554,Damian Kądzior,pl POL,"MF,FW",Eibar,es La Liga,28,1992,6,195,33,5.7,2.2,2,63,0,4,18,10,0.33,1,2,-1,-0.46,+0.15,Matches
1555,Florian Kainz,at AUT,MF,Köln,de Bundesliga,27,1992,8,447,56,14.6,5.0,6,68,1,2,21,0,1.25,6,9,-3,-0.60,+0.19,Matches
1556,Gaël Kakuta,cd COD,"MF,FW",Lens,fr Ligue 1,29,1991,35,2394,68,70.0,26.6,30,77,5,5,18,0,1.43,38,36,+2,+0.08,+0.16,Matches
1557,Sasa Kalajdzic,at AUT,FW,Stuttgart,de Bundesliga,23,1997,33,2136,65,69.8,23.7,23,81,10,10,27,1,1.27,37,36,+1,+0.04,+0.04,Matches
1558,Arnaud Kalimuendo,fr FRA,FW,Paris Saint-Germain,fr Ligue 1,18,2002,1,73,73,2.1,0.8,1,73,0,0,,3,0.00,0,1,-1,-1.23,-2.82,Matches
1559,Arnaud Kalimuendo,fr FRA,FW,Lens,fr Ligue 1,18,2002,28,1218,44,35.6,13.5,13,68,0,15,22,3,1.29,24,23,+1,+0.07,+0.07,Matches
1560,Nikola Kalinić,hr CRO,FW,Hellas Verona,it Serie A,32,1988,19,1063,56,31.1,11.8,15,66,3,4,20,1,1.05,12,17,-5,-0.42,-0.54,Matches
1561,Yayah Kallon,sl SLE,FW,Genoa,it Serie A,19,2001,1,45,45,1.3,0.5,0,,0,1,45,0,3.00,0,0,0,0.00,+0.29,Matches
1562,Samuel Kalu,ng NGA,"MF,FW",Bordeaux,fr Ligue 1,22,1997,20,964,48,28.2,10.7,14,62,0,6,17,0,1.45,13,9,+4,+0.37,+1.03,Matches
1563,Pierre Kalulu,fr FRA,DF,Milan,it Serie A,20,2000,13,727,56,21.3,8.1,7,75,3,6,34,23,1.69,14,12,+2,+0.25,-0.79,Matches
1564,Daichi Kamada,jp JPN,MF,Eintracht Frankfurt,de Bundesliga,23,1996,32,2356,74,77.0,26.2,28,80,6,4,26,1,1.75,51,42,+9,+0.34,-0.55,Matches
1565,Aboubakar Kamara,mr MTN,"FW,MF",Dijon,fr Ligue 1,25,1995,10,557,56,16.3,6.2,7,70,1,3,21,0,0.60,5,11,-6,-0.97,+0.35,Matches
1566,Aboubakar Kamara,mr MTN,"MF,FW",Fulham,eng Premier League,25,1995,11,315,29,9.2,3.5,2,60,0,9,22,6,0.27,1,9,-8,-2.29,-1.76,Matches
1567,Bingourou Kamara,sn SEN,GK,Strasbourg,fr Ligue 1,23,1996,8,720,90,21.1,8.0,8,90,8,0,,14,0.75,9,14,-5,-0.62,-0.49,Matches
1568,Boubacar Kamara,fr FRA,MF,Marseille,fr Ligue 1,20,1999,35,2894,83,84.6,32.2,35,83,24,0,,0,1.71,47,38,+9,+0.28,+0.62,Matches
1569,Hassane Kamara,ci CIV,"DF,MF",Nice,fr Ligue 1,26,1994,36,2960,82,86.5,32.9,34,85,27,2,40,0,1.44,44,41,+3,+0.09,+1.27,Matches
1570,Aaron Kamardin,km COM,DF,Marseille,fr Ligue 1,18,2002,0,,,,,0,,,0,,2,,,,,,,Matches
1571,Marcin Kamiński,pl POL,DF,Stuttgart,de Bundesliga,28,1992,5,219,44,7.2,2.4,2,74,0,3,24,12,0.80,1,5,-4,-1.64,-1.80,Matches
1572,Kevin Kampl,si SVN,MF,RB Leipzig,de Bundesliga,29,1990,27,1932,72,63.1,21.5,24,78,8,3,23,3,2.04,38,15,+23,+1.07,+0.67,Matches
1573,Harry Kane,eng ENG,FW,Tottenham Hotspur,eng Premier League,27,1993,35,3082,88,90.1,34.2,35,88,30,0,,0,1.69,65,39,+26,+0.76,+1.56,Matches
1574,Lee Kang-in,kr KOR,"FW,MF",Valencia,es La Liga,19,2001,24,1262,53,36.9,14.0,15,69,1,9,25,11,1.54,16,17,-1,-0.07,+0.01,Matches
1575,Wilfried Kanga,ci CIV,FW,Angers,fr Ligue 1,22,1998,2,132,66,3.9,1.5,2,66,0,0,,0,1.50,1,2,-1,-0.68,-0.22,Matches
1576,N'Golo Kanté,fr FRA,MF,Chelsea,eng Premier League,29,1991,30,2146,72,62.7,23.8,24,84,19,6,20,2,1.97,35,24,+11,+0.46,-0.32,Matches
1577,Jimmy Kaparos,do DOM,MF,Schalke 04,de Bundesliga,18,2001,1,18,18,0.6,0.2,0,,0,1,18,1,0.00,0,0,0,0.00,+1.80,Matches
1578,Stefanos Kapino,gr GRE,GK,Werder Bremen,de Bundesliga,26,1994,0,,,,,0,,0,0,,17,,,,,,,Matches
1579,Maxen Kapo,fr FRA,MF,Paris Saint-Germain,fr Ligue 1,19,2001,0,,,,,0,,,0,,4,,,,,,,Matches
1580,Yann Karamoh,fr FRA,"FW,MF",Parma,it Serie A,22,1998,24,1294,54,37.8,14.4,16,67,3,8,28,2,0.71,18,23,-5,-0.35,+1.30,Matches
1581,Ibrahim Karamoko,fr FRA,MF,Torino,it Serie A,19,2001,0,,,,,0,,0,0,,1,,,,,,,Matches
1582,Isaac Karamoko,fr FRA,FW,Sassuolo,it Serie A,18,2002,1,1,1,0.0,0.0,0,,0,1,1,4,0.00,0,0,0,0.00,-0.21,Matches
1583,Atakan Karazor,tr TUR,"DF,MF",Stuttgart,de Bundesliga,23,1996,19,1037,55,33.9,11.5,10,88,9,9,17,10,1.26,14,17,-3,-0.26,-0.44,Matches
1584,Michał Karbownik,pl POL,"DF,MF",Brighton,eng Premier League,19,2001,0,,,,,0,,,0,,7,,,,,,,Matches
1585,Augustus Kargbo,sl SLE,"FW,MF",Crotone,it Serie A,20,1999,1,32,32,0.9,0.4,0,,0,1,32,1,0.00,0,1,-1,-2.81,-1.59,Matches
1586,Soudeysse Kari,fr FRA,MF,Nice,fr Ligue 1,18,2002,0,,,,,0,,,0,,2,,,,,,,Matches
1587,Loris Karius,de GER,GK,Union Berlin,de Bundesliga,27,1993,4,292,73,9.5,3.2,3,90,3,1,22,26,1.50,2,1,+1,+0.31,+0.11,Matches
1588,Orestis Karnezis,gr GRE,GK,Lille,fr Ligue 1,35,1985,0,,,,,0,,,0,,25,,,,,,,Matches
1589,Rick Karsdorp,nl NED,"MF,DF",Roma,it Serie A,25,1995,34,2544,75,74.4,28.3,28,86,19,6,23,1,1.62,51,39,+12,+0.42,+0.63,Matches
1590,Redi Kasa,al ALB,MF,Parma,it Serie A,18,2001,0,,,,,0,,0,0,,2,,,,,,,Matches
1591,Lino Kasten,de GER,GK,Wolfsburg,de Bundesliga,19,2001,0,,,,,0,,0,0,,5,,,,,,,Matches
1592,Silas Katompa,cd COD,MF,Stuttgart,de Bundesliga,21,1998,25,1919,77,62.7,21.3,24,79,9,1,16,0,1.44,39,33,+6,+0.28,+0.68,Matches
1593,Noah Katterbach,de GER,"DF,MF",Köln,de Bundesliga,19,2001,21,1111,53,36.3,12.3,12,80,5,9,17,11,0.95,13,17,-4,-0.32,+0.69,Matches
1594,Eiji Kawashima,jp JPN,GK,Strasbourg,fr Ligue 1,37,1983,24,2160,90,63.2,24.0,24,90,24,0,,14,1.29,31,31,0,0.00,+0.64,Matches
1595,Moise Kean,it ITA,FW,Everton,eng Premier League,20,2000,2,15,8,0.4,0.2,0,,0,2,8,1,3.00,0,0,0,0.00,+0.03,Matches
1596,Moise Kean,it ITA,FW,Paris Saint-Germain,fr Ligue 1,20,2000,26,1698,65,49.6,18.9,22,76,6,4,6,4,2.23,37,16,+21,+1.11,-0.82,Matches
1597,Michael Keane,eng ENG,DF,Everton,eng Premier League,27,1993,35,2991,85,87.5,33.2,33,89,32,2,23,2,1.60,42,43,-1,-0.03,-0.03,Matches
1598,Neeskens Kebano,cd COD,MF,Fulham,eng Premier League,28,1992,5,119,24,3.5,1.3,1,62,0,4,14,8,0.20,2,3,-1,-0.76,-0.07,Matches
1599,Thilo Kehrer,de GER,DF,Paris Saint-Germain,fr Ligue 1,23,1996,24,1616,67,47.3,18.0,16,85,14,8,32,2,2.08,42,14,+28,+1.56,+0.06,Matches
1600,Habib Keita,ml MLI,MF,Lyon,fr Ligue 1,18,2002,1,6,6,0.2,0.1,0,,0,1,6,1,3.00,0,0,0,0.00,-1.00,Matches
1601,Naby Keïta,gn GUI,MF,Liverpool,eng Premier League,25,1995,10,520,52,15.2,5.8,7,68,2,3,15,8,2.40,17,8,+9,+1.56,+1.03,Matches
1602,Yannik Keitel,de GER,MF,Freiburg,de Bundesliga,20,2000,12,498,42,16.3,5.5,4,78,1,8,24,8,1.25,6,9,-3,-0.54,-0.65,Matches
1603,Caoimhín Kelleher,ie IRL,GK,Liverpool,eng Premier League,21,1998,2,180,90,5.3,2.0,2,90,2,0,,13,1.50,4,1,+3,+1.50,+0.86,Matches
1604,Stephane Keller,cm CMR,DF,Alavés,es La Liga,18,2001,1,16,16,0.5,0.2,0,,0,1,16,3,0.00,0,0,0,0.00,+0.56,Matches
1605,Martin Kelly,eng ENG,"DF,MF",Crystal Palace,eng Premier League,30,1990,1,2,2,0.1,0.0,0,,0,1,2,24,0.00,0,0,0,0.00,+0.66,Matches
1606,Yann Kembo Diantela,fr FRA,MF,Lens,fr Ligue 1,18,2002,0,,,,,0,,,0,,1,,,,,,,Matches
1607,Marc-Oliver Kempf,de GER,DF,Stuttgart,de Bundesliga,25,1995,32,2727,85,89.1,30.3,32,85,25,0,,0,1.38,48,49,-1,-0.03,-0.57,Matches
1608,Kenedy,br BRA,MF,Granada,es La Liga,24,1996,28,1471,53,43.0,16.3,18,68,4,10,25,2,1.25,19,21,-2,-0.12,+0.62,Matches
1609,Jonjoe Kenny,eng ENG,DF,Everton,eng Premier League,23,1997,4,79,20,2.3,0.9,1,76,0,3,1,7,2.25,0,1,-1,-1.14,-1.14,Matches
1610,Kaine Kesler-Hayden,eng ENG,"DF,MF",Aston Villa,eng Premier League,17,2002,0,,,,,0,,,0,,4,,,,,,,Matches
1611,Franck Kessié,ci CIV,MF,Milan,it Serie A,23,1996,37,3226,87,94.3,35.8,36,89,32,1,33,0,2.05,70,39,+31,+0.86,-0.06,Matches
1612,Reda Khadra,de GER,"FW,MF",Brighton,eng Premier League,19,2001,1,5,5,0.1,0.1,0,,0,1,5,1,0.00,0,0,0,0.00,+0.16,Matches
1613,Omar Khailoti,it ITA,DF,Bologna,it Serie A,18,2001,1,28,28,0.8,0.3,0,,0,1,28,11,0.00,1,1,0,0.00,+0.37,Matches
1614,Saîf-Eddine Khaoui,tn TUN,MF,Marseille,fr Ligue 1,25,1995,17,606,36,17.7,6.7,5,68,0,12,22,12,1.47,12,8,+4,+0.59,+0.50,Matches
1615,Wahbi Khazri,tn TUN,"FW,MF",Saint-Étienne,fr Ligue 1,29,1991,22,1181,54,34.5,13.1,16,64,0,6,26,1,1.27,13,10,+3,+0.23,+0.83,Matches
1616,Rani Khedira,tn TUN,MF,Augsburg,de Bundesliga,26,1994,27,1818,67,59.4,20.2,23,77,11,4,9,5,1.22,22,27,-5,-0.25,+0.69,Matches
1617,Sami Khedira,de GER,MF,Hertha BSC,de Bundesliga,33,1987,9,395,44,12.9,4.4,4,64,0,5,28,0,0.78,4,4,0,0.00,+0.37,Matches
1618,Kiké,es ESP,FW,Eibar,es La Liga,30,1989,37,3087,83,90.3,34.3,36,85,17,1,29,0,0.73,26,50,-24,-0.70,-0.97,Matches
1619,Kiké,es ESP,DF,Cádiz,es La Liga,22,1998,0,,,,,0,,0,0,,2,,,,,,,Matches
1620,Luca Kilian,de GER,DF,Mainz 05,de Bundesliga,20,1999,6,381,64,12.5,4.2,4,90,4,2,11,11,0.67,5,9,-4,-0.94,-0.51,Matches
1621,Max Kilman,eng ENG,DF,Wolves,eng Premier League,23,1997,18,1310,73,38.3,14.6,14,90,14,4,13,19,1.50,11,11,0,0.00,+0.68,Matches
1622,Joshua Kimmich,de GER,MF,Bayern Munich,de Bundesliga,25,1995,27,2194,81,71.7,24.4,25,86,20,2,28,0,2.33,73,27,+46,+1.89,+0.95,Matches
1623,Presnel Kimpembe,fr FRA,DF,Paris Saint-Germain,fr Ligue 1,24,1995,28,2303,82,67.3,25.6,26,88,20,2,14,3,1.93,53,26,+27,+1.06,-1.44,Matches
1624,Joshua King,no NOR,"FW,MF",Everton,eng Premier League,28,1992,11,148,13,4.3,1.6,0,,0,11,13,5,1.27,1,2,-1,-0.61,-0.61,Matches
1625,Toby King,eng ENG,MF,West Brom,eng Premier League,18,2002,0,,,,,0,,,0,,1,,,,,,,Matches
1626,Cédric Kipré,ci CIV,DF,West Brom,eng Premier League,23,1996,0,,,,,0,,,0,,8,,,,,,,Matches
1627,Sofian Kiyine,ma MAR,MF,Lazio,it Serie A,22,1997,0,,,,,0,,0,0,,2,,,,,,,Matches
1628,Simon Kjær,dk DEN,DF,Milan,it Serie A,31,1989,28,2393,85,70.0,26.6,28,85,22,0,,3,2.00,52,29,+23,+0.87,-0.01,Matches
1629,Davy Klaassen,nl NED,MF,Werder Bremen,de Bundesliga,27,1993,3,222,74,7.3,2.5,3,74,0,0,,0,2.00,4,3,+1,+0.41,+1.10,Matches
1630,Felix Klaus,de GER,DF,Wolfsburg,de Bundesliga,27,1992,6,137,23,4.5,1.5,1,90,1,5,9,4,2.00,1,1,0,0.00,-0.74,Matches
1631,Klauss,br BRA,FW,Hoffenheim,de Bundesliga,23,1997,4,51,13,1.7,0.6,0,,0,4,13,7,0.50,0,3,-3,-5.29,-5.32,Matches
1632,Ragnar Klavan,ee EST,DF,Cagliari,it Serie A,34,1985,15,770,51,22.5,8.6,9,78,5,6,11,11,0.87,4,13,-9,-1.05,-0.81,Matches
1633,Philipp Klement,de GER,MF,Stuttgart,de Bundesliga,27,1992,18,421,23,13.8,4.7,2,71,0,16,17,13,1.17,13,5,+8,+1.71,+1.95,Matches
1634,Mateusz Klich,pl POL,MF,Leeds United,eng Premier League,30,1990,35,2393,68,70.0,26.6,28,79,15,7,25,1,1.43,41,44,-3,-0.11,-1.08,Matches
1635,Mateo Klimowicz,de GER,"FW,MF",Stuttgart,de Bundesliga,20,2000,25,1198,48,39.2,13.3,12,71,1,13,27,7,1.04,20,24,-4,-0.30,-0.54,Matches
1636,Niklas Klinger,de GER,GK,Wolfsburg,de Bundesliga,24,1995,0,,,,,0,,0,0,,1,,,,,,,Matches
1637,Fabian Klos,de GER,FW,Arminia,de Bundesliga,32,1987,34,2709,80,88.5,30.1,32,83,14,2,25,0,1.03,25,44,-19,-0.63,+1.16,Matches
1638,Lukas Klostermann,de GER,DF,RB Leipzig,de Bundesliga,24,1996,23,1446,63,47.3,16.1,15,84,10,8,24,2,2.00,28,14,+14,+0.87,+0.09,Matches
1639,Justin Kluivert,nl NED,"MF,FW",RB Leipzig,de Bundesliga,21,1999,19,813,43,26.6,9.0,8,72,0,11,22,7,1.68,17,12,+5,+0.55,-0.37,Matches
1640,Justin Kluivert,nl NED,"FW,MF",Roma,it Serie A,21,1999,2,19,10,0.6,0.2,0,,0,2,10,1,1.50,0,0,0,0.00,-0.26,Matches
1641,Lukas Klünter,de GER,DF,Hertha BSC,de Bundesliga,24,1996,11,990,90,32.4,11.0,11,90,11,0,,8,1.00,10,15,-5,-0.45,-0.19,Matches
1642,Ansgar Knauff,de GER,MF,Dortmund,de Bundesliga,18,2002,4,71,18,2.3,0.8,0,,0,4,18,3,1.75,3,2,+1,+1.27,+0.42,Matches
1643,Robin Knoche,de GER,DF,Union Berlin,de Bundesliga,28,1992,34,3042,89,99.4,33.8,34,89,33,0,,0,1.47,50,42,+8,+0.24,+5.24,Matches
1644,Anthony Knockaert,fr FRA,"FW,MF",Fulham,eng Premier League,28,1991,0,,,,,0,,,0,,3,,,,,,,Matches
1645,Dialy Kobaly Ndiaye,sn SEN,GK,Reims,fr Ligue 1,21,1999,0,,,,,0,,,0,,3,,,,,,,Matches
1646,Gregor Kobel,ch SUI,GK,Stuttgart,de Bundesliga,22,1997,33,2970,90,97.1,33.0,33,90,33,0,,0,1.27,54,54,0,0.00,-1.00,Matches
1647,Robin Koch,de GER,"DF,MF",Leeds United,eng Premier League,24,1996,17,1132,67,33.1,12.6,13,84,12,4,11,2,1.59,20,21,-1,-0.08,-0.43,Matches
1648,Giorgi Kochorashvili,ge GEO,MF,Levante,es La Liga,21,1999,3,23,8,0.7,0.3,0,,0,3,8,6,1.33,0,1,-1,-3.91,-3.65,Matches
1649,Kenan Kodro,ba BIH,FW,Valladolid,es La Liga,26,1993,14,459,33,13.4,5.1,4,71,0,10,18,1,0.64,2,10,-8,-1.57,-1.11,Matches
1650,Kenan Kodro,ba BIH,FW,Athletic Club,es La Liga,26,1993,3,44,15,1.3,0.5,0,,0,3,15,10,1.00,2,0,+2,+4.09,+4.04,Matches
1651,Dominik Kohr,de GER,MF,Mainz 05,de Bundesliga,26,1994,17,1268,75,41.4,14.1,14,88,12,3,12,0,1.88,22,18,+4,+0.28,+1.34,Matches
1652,Dominik Kohr,de GER,MF,Eintracht Frankfurt,de Bundesliga,26,1994,7,260,37,8.5,2.9,2,68,1,5,25,8,1.29,3,5,-2,-0.69,-1.27,Matches
1653,Koba Koindredi,fr FRA,MF,Valencia,es La Liga,18,2001,2,15,8,0.4,0.2,0,,0,2,8,15,0.00,0,1,-1,-6.00,-5.95,Matches
1654,Koke,es ESP,MF,Atlético Madrid,es La Liga,28,1992,37,3021,82,88.3,33.6,34,87,27,3,25,0,2.24,59,22,+37,+1.10,-0.03,Matches
1655,Aleksandr Kokorin,ru RUS,"FW,MF",Fiorentina,it Serie A,29,1991,4,94,24,2.7,1.0,0,,0,4,24,5,0.25,1,2,-1,-0.96,-0.66,Matches
1656,Aleksandar Kolarov,rs SRB,DF,Inter,it Serie A,34,1985,7,390,56,11.4,4.3,4,90,4,3,10,16,2.00,13,10,+3,+0.69,-0.82,Matches
1657,Sead Kolašinac,ba BIH,DF,Arsenal,eng Premier League,27,1993,1,90,90,2.6,1.0,1,90,1,0,,3,3.00,2,1,+1,+1.00,+0.59,Matches
1658,Sead Kolašinac,ba BIH,"MF,DF",Schalke 04,de Bundesliga,27,1993,17,1426,84,46.6,15.8,16,88,14,1,17,0,0.53,12,38,-26,-1.64,+0.29,Matches
1659,Randal Kolo Muani,fr FRA,FW,Nantes,fr Ligue 1,21,1998,37,3029,82,88.6,33.7,35,85,19,2,32,0,1.05,44,48,-4,-0.12,+0.80,Matches
1660,Timothée Kolodziejczak,fr FRA,DF,Saint-Étienne,fr Ligue 1,28,1991,24,2036,85,59.5,22.6,23,86,20,1,64,8,1.21,22,31,-9,-0.40,-0.20,Matches
1661,Ghislain Konan,ci CIV,DF,Reims,fr Ligue 1,24,1995,31,2613,84,76.4,29.0,29,89,27,2,16,0,1.06,27,35,-8,-0.28,-0.28,Matches
1662,Ibrahima Konaté,fr FRA,DF,RB Leipzig,de Bundesliga,21,1999,14,695,50,22.7,7.7,8,76,4,6,15,10,2.21,16,9,+7,+0.91,+0.11,Matches
1663,Moussa Konaté,sn SEN,FW,Dijon,fr Ligue 1,27,1993,27,1196,44,35.0,13.3,13,73,3,14,18,1,0.59,11,23,-12,-0.90,+0.55,Matches
1664,Geoffrey Kondogbia,cf CTA,MF,Atlético Madrid,es La Liga,27,1993,25,611,24,17.9,6.8,4,71,2,21,16,6,2.32,9,5,+4,+0.59,-0.63,Matches
1665,Geoffrey Kondogbia,cf CTA,MF,Valencia,es La Liga,27,1993,5,440,88,12.9,4.9,5,88,4,0,,0,1.40,7,7,0,0.00,+0.09,Matches
1666,Lamine Koné,ci CIV,DF,Strasbourg,fr Ligue 1,31,1989,15,1042,69,30.5,11.6,12,84,9,3,10,9,1.00,15,24,-9,-0.78,-0.78,Matches
1667,Moussa Koné,sn SEN,FW,Nîmes,fr Ligue 1,23,1996,33,1755,53,51.3,19.5,21,72,0,12,21,3,0.91,24,37,-13,-0.67,+0.31,Matches
1668,Youssouf Koné,ml MLI,MF,Elche,es La Liga,25,1995,3,73,24,2.1,0.8,1,37,0,2,18,7,2.33,0,1,-1,-1.23,-0.70,Matches
1669,Youssouf Koné,ml MLI,DF,Lyon,fr Ligue 1,25,1995,0,,,,,0,,,0,,2,,,,,,,Matches
1670,Terence Kongolo,nl NED,DF,Fulham,eng Premier League,26,1994,1,90,90,2.6,1.0,1,90,1,0,,9,0.00,0,1,-1,-1.00,-0.32,Matches
1671,Ezri Konsa,eng ENG,DF,Aston Villa,eng Premier League,22,1997,36,3196,89,93.5,35.5,35,90,35,1,46,0,1.42,51,46,+5,+0.14,-1.47,Matches
1672,Nils-Jonathan Körber,de GER,GK,Hertha BSC,de Bundesliga,23,1996,0,,,,,0,,0,0,,7,,,,,,,Matches
1673,Laurent Koscielny,fr FRA,DF,Bordeaux,fr Ligue 1,34,1985,26,2218,85,64.9,24.6,25,87,24,1,35,0,1.04,25,35,-10,-0.41,-0.11,Matches
1674,Filip Kostić,rs SRB,MF,Eintracht Frankfurt,de Bundesliga,27,1992,30,2534,84,82.8,28.2,29,87,26,1,4,0,1.83,59,42,+17,+0.60,+0.77,Matches
1675,Márk Kosznovszky,hu HUN,MF,Parma,it Serie A,18,2002,1,90,90,2.6,1.0,1,90,1,0,,0,0.00,0,3,-3,-3.00,-1.89,Matches
1676,Christian Kouamé,ci CIV,"FW,MF",Fiorentina,it Serie A,22,1997,33,995,30,29.1,11.1,9,68,2,24,16,2,1.12,11,17,-6,-0.54,-0.32,Matches
1677,Tomáš Koubek,cz CZE,GK,Augsburg,de Bundesliga,27,1992,0,,,,,0,,0,0,,34,,,,,,,Matches
1678,Kalidou Koulibaly,sn SEN,DF,Napoli,it Serie A,29,1991,26,2209,85,64.6,24.5,25,88,22,1,13,1,2.04,54,21,+33,+1.34,+0.45,Matches
1679,Billy Koumetio,fr FRA,DF,Liverpool,eng Premier League,17,2002,0,,,,,0,,,0,,3,,,,,,,Matches
1680,Jules Koundé,fr FRA,DF,Sevilla,es La Liga,21,1998,34,2975,88,87.0,33.1,33,90,32,1,10,1,2.18,48,28,+20,+0.61,+0.61,Matches
1681,Boubakar Kouyaté,ml MLI,DF,Metz,fr Ligue 1,23,1997,25,1964,79,57.4,21.8,21,90,21,4,19,9,1.12,21,29,-8,-0.37,-0.61,Matches
1682,Cheikhou Kouyaté,sn SEN,DF,Crystal Palace,eng Premier League,30,1989,36,3121,87,91.3,34.7,35,89,33,1,1,1,1.22,39,56,-17,-0.49,+1.92,Matches
1683,Mateo Kovačić,hr CRO,MF,Chelsea,eng Premier League,26,1994,27,1815,67,53.1,20.2,21,79,10,6,24,3,1.74,26,26,0,0.00,-1.23,Matches
1684,Viktor Kovalenko,ua UKR,MF,Atalanta,it Serie A,24,1996,1,4,4,0.1,0.0,0,,0,1,4,13,3.00,0,0,0,0.00,-1.13,Matches
1685,Emil Krafth,se SWE,DF,Newcastle United,eng Premier League,25,1994,16,1288,81,37.7,14.3,14,85,9,2,48,17,1.38,20,27,-7,-0.49,-0.11,Matches
1686,Andrej Kramarić,hr CRO,"FW,MF",Hoffenheim,de Bundesliga,29,1991,28,2379,85,77.7,26.4,26,88,17,2,42,0,1.46,43,41,+2,+0.08,+0.60,Matches
1687,Christoph Kramer,de GER,MF,Gladbach,de Bundesliga,29,1991,28,2033,73,66.4,22.6,23,83,16,5,26,3,1.50,39,37,+2,+0.09,-0.44,Matches
1688,Titas Krapikas,lt LTU,GK,Spezia,it Serie A,21,1999,0,,,,,0,,0,0,,23,,,,,,,Matches
1689,Jean-Philippe Krasso,ci CIV,FW,Saint-Étienne,fr Ligue 1,23,1997,6,223,37,6.5,2.5,2,67,0,4,23,7,0.83,1,4,-3,-1.21,-0.96,Matches
1690,Dimo Krastev,bg BUL,MF,Fiorentina,it Serie A,17,2003,0,,,,,0,,0,0,,3,,,,,,,Matches
1691,Toni Kroos,de GER,MF,Real Madrid,es La Liga,30,1990,28,2117,76,61.9,23.5,24,84,17,4,24,3,2.07,41,21,+20,+0.85,-0.46,Matches
1692,Filip Krovinović,hr CRO,MF,West Brom,eng Premier League,24,1995,11,546,50,16.0,6.1,5,83,3,6,22,5,0.55,2,11,-9,-1.48,-0.48,Matches
1693,Rade Krunić,ba BIH,MF,Milan,it Serie A,26,1993,25,723,29,21.1,8.0,5,71,2,20,18,10,2.60,16,9,+7,+0.87,0.00,Matches
1694,Max Kruse,de GER,"FW,MF",Union Berlin,de Bundesliga,32,1988,22,1629,74,53.2,18.1,19,82,10,3,25,1,1.50,32,26,+6,+0.33,+0.27,Matches
1695,Altin Kryeziu,xk KVX,MF,Torino,it Serie A,18,2002,0,,,,,0,,0,0,,4,,,,,,,Matches
1696,Lukas Kübler,de GER,DF,Freiburg,de Bundesliga,27,1992,19,884,47,28.9,9.8,11,69,1,8,15,9,1.58,15,17,-2,-0.20,-0.29,Matches
1697,Takefusa Kubo,jp JPN,"MF,FW",Villarreal,es La Liga,19,2001,13,299,23,8.7,3.3,2,59,0,11,16,3,1.69,2,1,+1,+0.30,-0.13,Matches
1698,Takefusa Kubo,jp JPN,"MF,FW",Getafe,es La Liga,19,2001,18,805,45,23.5,8.9,8,73,2,10,22,4,0.89,9,12,-3,-0.34,+0.08,Matches
1699,Juraj Kucka,sk SVK,"MF,FW",Parma,it Serie A,33,1987,28,2334,83,68.2,25.9,28,83,18,0,,0,0.54,24,50,-26,-1.00,+0.49,Matches
1700,Kuki,es ESP,MF,Valladolid,es La Liga,22,1998,2,30,15,0.9,0.3,0,,0,2,15,10,1.00,2,1,+1,+3.00,+3.64,Matches
1701,Dejan Kulusevski,se SWE,"MF,FW",Juventus,it Serie A,20,2000,35,1923,55,56.2,21.4,19,80,6,16,26,2,2.03,48,21,+27,+1.26,+0.54,Matches
1702,Marash Kumbulla,al ALB,DF,Roma,it Serie A,20,2000,21,1363,65,39.9,15.1,14,81,8,7,32,8,1.90,32,24,+8,+0.53,+0.44,Matches
1703,Pierre Kunde,cm CMR,MF,Mainz 05,de Bundesliga,25,1995,11,513,47,16.8,5.7,6,70,1,5,19,4,0.55,4,7,-3,-0.53,-0.03,Matches
1704,Fabian Kunze,de GER,MF,Arminia,de Bundesliga,22,1998,26,1270,49,41.5,14.1,12,86,9,14,17,7,1.19,11,30,-19,-1.35,-0.99,Matches
1705,Jasmin Kurtić,si SVN,MF,Parma,it Serie A,31,1989,34,2739,81,80.1,30.4,31,84,21,3,44,0,0.56,32,62,-30,-0.99,+0.86,Matches
1706,Layvin Kurzawa,fr FRA,DF,Paris Saint-Germain,fr Ligue 1,27,1992,19,1278,67,37.4,14.2,15,82,8,4,13,6,2.00,28,11,+17,+1.20,-0.53,Matches
1707,Dereck Kutesa,ch SUI,MF,Reims,fr Ligue 1,22,1997,28,687,25,20.1,7.6,6,54,0,22,16,9,0.93,6,12,-6,-0.79,-0.72,Matches
1708,Ahmed Kutucu,tr TUR,"FW,MF",Schalke 04,de Bundesliga,20,2000,7,108,15,3.5,1.2,0,,0,7,15,4,0.43,0,3,-3,-2.50,-0.73,Matches
1709,Enock Kwateng,fr FRA,DF,Bordeaux,fr Ligue 1,23,1997,18,1038,58,30.4,11.5,12,80,7,6,14,19,1.22,10,14,-4,-0.35,+0.03,Matches
1710,Giorgos Kyriakopoulos,gr GRE,"DF,MF",Sassuolo,it Serie A,24,1996,23,1456,63,42.6,16.2,16,79,8,7,28,15,1.78,31,26,+5,+0.31,+0.17,Matches
1711,Antonino La Gumina,it ITA,FW,Sampdoria,it Serie A,24,1996,9,341,38,10.0,3.8,4,64,1,5,17,24,1.33,6,6,0,0.00,+0.06,Matches
1712,Gaëtan Laborde,fr FRA,"FW,MF",Montpellier,fr Ligue 1,26,1994,38,3256,86,95.2,36.2,38,86,24,0,,0,1.42,59,58,+1,+0.03,+1.67,Matches
1713,Valerio Labriola,it ITA,MF,Napoli,it Serie A,19,2001,0,,,,,0,,0,0,,5,,,,,,,Matches
1714,Alexandre Lacazette,fr FRA,FW,Arsenal,eng Premier League,29,1991,31,1923,62,56.2,21.4,22,80,7,9,19,5,1.52,32,21,+11,+0.51,+0.21,Matches
1715,Tom Lacoux,fr FRA,MF,Bordeaux,fr Ligue 1,18,2002,13,523,40,15.3,5.8,6,74,1,7,12,6,1.00,5,10,-5,-0.86,-0.58,Matches
1716,Lenny Lacroix,fr FRA,DF,Metz,fr Ligue 1,17,2003,0,,,,,0,,,0,,4,,,,,,,Matches
1717,Maxence Lacroix,fr FRA,DF,Wolfsburg,de Bundesliga,20,2000,30,2590,86,84.6,28.8,29,89,27,1,13,2,1.77,49,32,+17,+0.59,-0.75,Matches
1718,Riccardo Ladinetti,it ITA,MF,Cagliari,it Serie A,19,2000,0,,,,,0,,0,0,,1,,,,,,,Matches
1719,Alban Lafont,ci CIV,GK,Nantes,fr Ligue 1,21,1999,38,3420,90,100.0,38.0,38,90,38,0,,0,1.05,47,55,-8,-0.21,,Matches
1720,Víctor Laguardia,es ESP,DF,Alavés,es La Liga,30,1989,32,2631,82,76.9,29.2,30,85,25,2,45,5,1.03,32,46,-14,-0.48,+0.32,Matches
1721,Konrad Laimer,at AUT,MF,RB Leipzig,de Bundesliga,23,1997,3,84,28,2.7,0.9,1,45,0,2,20,1,0.33,1,4,-3,-3.21,-4.15,Matches
1722,Stefan Lainer,at AUT,"DF,MF",Gladbach,de Bundesliga,27,1992,33,2768,84,90.5,30.8,31,88,24,2,26,0,1.48,57,49,+8,+0.26,+0.26,Matches
1723,Diego Lainez,mx MEX,MF,Real Betis,es La Liga,20,2000,21,862,41,25.2,9.6,8,73,1,13,22,10,1.76,12,5,+7,+0.73,+0.98,Matches
1724,Kenny Lala,mg MAD,"DF,MF",Strasbourg,fr Ligue 1,28,1991,21,1834,87,53.6,20.4,21,87,18,0,,0,1.14,30,32,-2,-0.10,+0.30,Matches
1725,Adam Lallana,eng ENG,"MF,FW",Brighton,eng Premier League,32,1988,30,1596,53,46.7,17.7,16,77,8,14,26,1,1.13,20,18,+2,+0.11,+0.51,Matches
1726,Érik Lamela,ar ARG,"MF,FW",Tottenham Hotspur,eng Premier League,28,1992,23,717,31,21.0,8.0,5,61,0,18,23,5,1.52,16,17,-1,-0.13,-0.92,Matches
1727,Sam Lammers,nl NED,FW,Atalanta,it Serie A,23,1997,15,291,19,8.5,3.2,1,45,0,14,18,21,1.67,4,6,-2,-0.62,-1.91,Matches
1728,Tariq Lamptey,gh GHA,MF,Brighton,eng Premier League,19,2000,11,886,81,25.9,9.8,11,81,6,0,,0,0.91,12,15,-3,-0.30,-0.20,Matches
1729,Lanchi,es ESP,DF,Villarreal,es La Liga,19,2001,0,,,,,0,,0,0,,3,,,,,,,Matches
1730,Loïck Landre,fr FRA,DF,Nîmes,fr Ligue 1,28,1992,20,1626,81,47.5,18.1,20,81,17,0,,6,0.85,21,33,-12,-0.66,+0.29,Matches
1731,Michael Lang,ch SUI,"DF,MF",Gladbach,de Bundesliga,29,1991,0,,,,,0,,0,0,,19,,,,,,,Matches
1732,Michael Langer,at AUT,GK,Schalke 04,de Bundesliga,35,1985,3,239,80,7.8,2.7,2,90,2,1,59,18,0.00,1,12,-11,-4.14,-2.55,Matches
1733,Daniel Langley,eng ENG,GK,Newcastle United,eng Premier League,19,2000,0,,,,,0,,,0,,1,,,,,,,Matches
1734,Manuel Lanzini,ar ARG,MF,West Ham United,eng Premier League,27,1993,17,566,33,16.5,6.3,5,63,1,12,21,15,1.47,13,5,+8,+1.27,+1.05,Matches
1735,Gianluca Lapadula,pe PER,FW,Benevento,it Serie A,30,1990,37,2563,69,74.9,28.5,29,79,10,8,32,1,0.86,30,51,-21,-0.74,+0.73,Matches
1736,Aymeric Laporte,es ESP,DF,Manchester City,eng Premier League,26,1994,16,1344,84,39.3,14.9,14,90,14,2,42,12,2.38,30,10,+20,+1.34,0.00,Matches
1737,Julien Laporte,fr FRA,DF,Lorient,fr Ligue 1,26,1993,30,2659,89,77.7,29.5,30,89,29,0,,4,1.20,38,47,-9,-0.30,+0.76,Matches
1738,Danilo Larangeira,br BRA,DF,Bologna,it Serie A,36,1984,35,3132,89,91.6,34.8,34,90,34,1,72,0,1.14,48,58,-10,-0.29,+0.96,Matches
1739,Gautier Larsonneur,fr FRA,GK,Brest,fr Ligue 1,23,1997,35,3150,90,92.1,35.0,35,90,35,0,,3,1.06,46,62,-16,-0.46,-0.46,Matches
1740,Kevin Lasagna,it ITA,FW,Udinese,it Serie A,27,1992,17,1103,65,32.3,12.3,12,84,8,5,19,1,0.82,9,20,-11,-0.90,-0.70,Matches
1741,Kevin Lasagna,it ITA,FW,Hellas Verona,it Serie A,27,1992,19,1267,67,37.0,14.1,14,80,8,5,29,0,0.79,19,20,-1,-0.07,-0.03,Matches
1742,Jamaal Lascelles,eng ENG,DF,Newcastle United,eng Premier League,26,1993,19,1625,86,47.5,18.1,19,86,16,0,,0,0.79,12,32,-20,-1.11,-1.31,Matches
1743,Paul Lasne,fr FRA,MF,Brest,fr Ligue 1,31,1989,22,1681,76,49.2,18.7,19,85,10,3,23,2,1.27,27,23,+4,+0.21,+1.25,Matches
1744,Toni Lato,es ESP,"DF,MF",Valencia,es La Liga,22,1997,15,728,49,21.3,8.1,8,84,5,7,8,19,1.20,6,11,-5,-0.62,-0.68,Matches
1745,Danny Latza,de GER,MF,Mainz 05,de Bundesliga,30,1989,29,1800,62,58.8,20.0,21,79,7,8,18,2,1.00,21,43,-22,-1.10,-1.46,Matches
1746,Armand Lauriente,fr FRA,"MF,FW",Lorient,fr Ligue 1,21,1998,29,1622,56,47.4,18.0,16,81,8,13,26,2,1.14,23,33,-10,-0.55,-0.15,Matches
1747,Vincent Laurini,fr FRA,"DF,MF",Parma,it Serie A,31,1989,14,870,62,25.4,9.7,10,75,4,4,30,9,0.86,13,25,-12,-1.24,-0.11,Matches
1748,Lauti,uy URU,FW,Celta Vigo,es La Liga,19,2001,1,14,14,0.4,0.2,0,,0,1,14,7,3.00,0,0,0,0.00,+0.05,Matches
1749,Wesley Lautoa,nc NCL,"MF,DF",Dijon,fr Ligue 1,32,1987,25,1608,64,47.0,17.9,19,78,9,6,21,3,0.24,9,42,-33,-1.85,-1.10,Matches
1750,Dimitri Lavalée,be BEL,"DF,MF",Mainz 05,de Bundesliga,23,1997,0,,,,,0,,0,0,,3,,,,,,,Matches
1751,Diego Laxalt,uy URU,"DF,MF",Milan,it Serie A,27,1993,0,,,,,0,,0,0,,3,,,,,,,Matches
1752,Valentino Lazaro,at AUT,"MF,DF",Gladbach,de Bundesliga,24,1996,22,1240,56,40.5,13.8,13,79,5,9,24,1,1.23,25,24,+1,+0.07,-0.27,Matches
1753,Darko Lazović,rs SRB,MF,Hellas Verona,it Serie A,29,1990,32,2503,78,73.2,27.8,27,86,23,5,34,1,1.00,34,38,-4,-0.14,-0.34,Matches
1754,Manuel Lazzari,it ITA,MF,Lazio,it Serie A,26,1993,32,2613,82,76.4,29.0,30,84,20,2,43,0,1.75,51,40,+11,+0.38,+0.94,Matches
1755,Jérémy Le Douaron,fr FRA,MF,Brest,fr Ligue 1,22,1998,28,816,29,23.9,9.1,7,65,0,21,17,3,1.11,13,16,-3,-0.33,+0.12,Matches
1756,Enzo Le Fée,fr FRA,MF,Lorient,fr Ligue 1,20,2000,36,1816,50,53.1,20.2,21,75,6,15,16,2,1.08,24,36,-12,-0.59,-0.26,Matches
1757,Vincent Le Goff,fr FRA,"DF,MF",Lorient,fr Ligue 1,30,1989,26,2306,89,67.4,25.6,26,89,25,0,,3,1.00,34,47,-13,-0.51,-0.10,Matches
1758,Maxime Le Marchand,fr FRA,DF,Fulham,eng Premier League,30,1989,2,123,62,3.6,1.4,1,90,1,1,33,3,0.00,0,1,-1,-0.73,-0.05,Matches
1759,Robin Le Normand,es ESP,DF,Real Sociedad,es La Liga,23,1996,33,2747,83,80.3,30.5,30,89,26,3,26,3,1.64,47,30,+17,+0.56,+0.02,Matches
1760,Damien Le Tallec,fr FRA,MF,Montpellier,fr Ligue 1,30,1990,23,1227,53,35.9,13.6,13,79,7,10,21,6,1.22,18,24,-6,-0.44,-0.60,Matches
1761,James Lea Siliki,cm CMR,MF,Rennes,fr Ligue 1,24,1996,7,255,36,7.5,2.8,3,63,0,4,16,9,1.86,2,4,-2,-0.71,-1.10,Matches
1762,Rafael Leão,pt POR,"MF,FW",Milan,it Serie A,21,1999,30,1924,64,56.3,21.4,22,78,7,8,27,1,1.90,37,24,+13,+0.61,-0.60,Matches
1763,Adrien Lebeau,fr FRA,MF,Strasbourg,fr Ligue 1,21,1999,0,,,,,0,,,0,,16,,,,,,,Matches
1764,Jean-Louis Leca,fr FRA,GK,Lens,fr Ligue 1,34,1985,37,3313,90,96.9,36.8,37,90,35,0,,0,1.54,54,51,+3,+0.08,+1.76,Matches
1765,Mathew Leckie,au AUS,MF,Hertha BSC,de Bundesliga,29,1991,17,506,30,16.5,5.6,5,62,1,12,16,7,1.00,5,10,-5,-0.89,-0.68,Matches
1766,Benjamin Lecomte,fr FRA,GK,Monaco,fr Ligue 1,29,1991,28,2520,90,73.7,28.0,28,90,28,0,,0,2.11,56,27,+29,+1.04,+0.54,Matches
1767,Jeremías Ledesma,ar ARG,GK,Cádiz,es La Liga,27,1993,32,2880,90,84.2,32.0,32,90,32,0,,3,1.25,28,45,-17,-0.53,+0.30,Matches
1768,Pierre Lees-Melou,fr FRA,MF,Nice,fr Ligue 1,27,1993,29,2063,71,60.3,22.9,23,83,16,6,27,1,1.48,31,35,-4,-0.17,-0.24,Matches
1769,Lucas Leiva,br BRA,MF,Lazio,it Serie A,33,1987,32,2131,67,62.3,23.7,30,68,2,2,45,0,1.78,38,32,+6,+0.25,+0.25,Matches
1770,Florian Lejeune,fr FRA,DF,Alavés,es La Liga,29,1991,34,3015,89,88.2,33.5,34,89,33,0,,0,1.00,34,53,-19,-0.57,-0.12,Matches
1771,Iñigo Lekue,es ESP,DF,Athletic Club,es La Liga,27,1993,18,644,36,18.8,7.2,5,87,3,13,16,17,1.56,6,6,0,0.00,-0.13,Matches
1772,Thomas Lemar,fr FRA,MF,Atlético Madrid,es La Liga,24,1995,27,1366,51,39.9,15.2,19,62,1,8,23,2,2.33,29,11,+18,+1.19,+0.13,Matches
1773,Mario Lemina,ga GAB,MF,Fulham,eng Premier League,26,1993,28,1703,61,49.8,18.9,19,80,8,9,20,2,0.89,14,27,-13,-0.69,-0.01,Matches
1774,Fabien Lemoine,fr FRA,MF,Lorient,fr Ligue 1,33,1987,30,1934,64,56.5,21.5,24,76,3,6,19,5,1.23,32,43,-11,-0.51,-0.09,Matches
1775,Tim Lemperle,de GER,FW,Köln,de Bundesliga,18,2002,0,,,,,0,,0,0,,2,,,,,,,Matches
1776,Clément Lenglet,fr FRA,DF,Barcelona,es La Liga,25,1995,33,2475,75,72.4,27.5,29,84,23,4,11,2,2.09,61,29,+32,+1.16,-0.26,Matches
1777,Bernd Leno,de GER,GK,Arsenal,eng Premier League,28,1992,35,3131,89,91.5,34.8,35,89,34,0,,2,1.63,52,37,+15,+0.43,+0.12,Matches
1778,Christopher Lenz,de GER,"MF,DF",Union Berlin,de Bundesliga,25,1994,27,2248,83,73.5,25.0,27,83,17,0,,1,1.59,41,31,+10,+0.40,+0.73,Matches
1779,Carlos León,es ESP,MF,Granada,es La Liga,17,2002,0,,,,,0,,0,0,,1,,,,,,,Matches
1780,Pedro León,es ESP,"MF,FW",Eibar,es La Liga,33,1986,24,935,39,27.3,10.4,10,69,1,14,18,13,0.46,4,15,-11,-1.06,-0.62,Matches
1781,Sergio León,es ESP,FW,Levante,es La Liga,31,1989,28,748,27,21.9,8.3,6,65,0,22,16,7,1.21,14,9,+5,+0.60,+1.14,Matches
1782,Lukas Lerager,dk DEN,MF,Genoa,it Serie A,27,1993,16,1159,72,33.9,12.9,13,83,7,3,27,0,0.88,14,25,-11,-0.85,-0.85,Matches
1783,Mehdi Léris,dz ALG,"DF,MF",Sampdoria,it Serie A,22,1998,20,386,19,11.3,4.3,3,67,1,17,11,18,1.45,6,4,+2,+0.47,+0.58,Matches
1784,Khanya Leshabela,za RSA,MF,Leicester City,eng Premier League,20,1999,1,10,10,0.3,0.1,0,,0,1,10,4,3.00,0,0,0,0.00,-0.48,Matches
1785,Alexandre Letellier,fr FRA,GK,Paris Saint-Germain,fr Ligue 1,29,1990,0,,,,,0,,,0,,10,,,,,,,Matches
1786,Karlo Letica,hr CRO,GK,Sampdoria,it Serie A,23,1997,1,90,90,2.6,1.0,1,90,1,0,,30,3.00,3,0,+3,+3.00,+3.14,Matches
1787,Gaetano Letizia,it ITA,DF,Benevento,it Serie A,30,1990,24,1570,65,45.9,17.4,18,79,13,6,26,0,0.88,19,29,-10,-0.57,+0.64,Matches
1788,Robert Lewandowski,pl POL,FW,Bayern Munich,de Bundesliga,31,1988,29,2458,85,80.3,27.3,28,87,22,1,34,0,2.24,85,37,+48,+1.76,+0.71,Matches
1789,Harry Lewis,eng ENG,GK,Southampton,eng Premier League,22,1997,0,,,,,0,,,0,,2,,,,,,,Matches
1790,Jamal Lewis,nir NIR,DF,Newcastle United,eng Premier League,22,1998,24,1837,77,53.7,20.4,20,89,19,4,15,12,1.04,24,37,-13,-0.64,-0.47,Matches
1791,Aaron Leya Iseka,be BEL,FW,Metz,fr Ligue 1,22,1997,21,1008,48,29.5,11.2,12,65,1,9,26,5,1.14,8,15,-7,-0.62,-0.74,Matches
1792,Yanis Lhery,fr FRA,FW,Saint-Étienne,fr Ligue 1,17,2003,1,30,30,0.9,0.3,0,,0,1,30,0,0.00,0,0,0,0.00,+0.32,Matches
1793,Dimitri Liénard,fr FRA,"MF,FW",Strasbourg,fr Ligue 1,32,1988,34,1829,54,53.5,20.3,19,80,6,15,21,0,1.15,25,30,-5,-0.25,-0.02,Matches
1794,Philipp Lienhart,at AUT,DF,Freiburg,de Bundesliga,24,1996,34,2993,88,97.8,33.3,34,88,32,0,,0,1.32,50,51,-1,-0.03,-1.37,Matches
1795,Marius Liesegang,de GER,GK,Mainz 05,de Bundesliga,20,2000,0,,,,,0,,0,0,,2,,,,,,,Matches
1796,Matthijs de Ligt,nl NED,DF,Juventus,it Serie A,20,1999,27,2220,82,64.9,24.7,25,88,22,2,10,2,2.07,49,27,+22,+0.89,-0.38,Matches
1797,Isaac Lihadji,fr FRA,MF,Lille,fr Ligue 1,18,2002,15,196,13,5.7,2.2,1,67,0,14,9,17,1.93,6,2,+4,+1.84,+0.80,Matches
1798,Anthony Limbombe,be BEL,"FW,MF",Nantes,fr Ligue 1,26,1994,0,,,,,0,,,0,,13,,,,,,,Matches
1799,Dimitris Limnios,gr GRE,MF,Köln,de Bundesliga,22,1998,12,378,32,12.4,4.2,2,61,0,10,26,9,0.25,3,6,-3,-0.71,+0.06,Matches
1800,Victor Lindelöf,se SWE,DF,Manchester Utd,eng Premier League,26,1994,29,2585,89,75.6,28.7,29,89,28,0,,5,2.00,61,30,+31,+1.08,+1.29,Matches
1801,Karol Linetty,pl POL,MF,Torino,it Serie A,25,1995,27,1832,68,53.6,20.4,20,82,8,7,26,8,0.85,25,39,-14,-0.69,-0.40,Matches
1802,Jesse Lingard,eng ENG,"FW,MF",Manchester Utd,eng Premier League,27,1992,0,,,,,0,,,0,,4,,,,,,,Matches
1803,Jesse Lingard,eng ENG,"MF,FW",West Ham United,eng Premier League,27,1992,16,1421,89,41.5,15.8,16,89,11,0,,0,1.88,30,19,+11,+0.70,+0.52,Matches
1804,Oscar Linnér,se SWE,GK,Arminia,de Bundesliga,23,1997,0,,,,,0,,0,0,,33,,,,,,,Matches
1805,Pol Lirola,es ESP,MF,Fiorentina,it Serie A,22,1997,12,498,42,14.6,5.5,4,79,2,8,23,4,0.83,6,10,-4,-0.72,-0.48,Matches
1806,Pol Lirola,es ESP,"MF,DF",Marseille,fr Ligue 1,22,1997,19,1553,82,45.4,17.3,17,89,15,2,18,0,1.32,24,24,0,0.00,-0.34,Matches
1807,Jake Livermore,eng ENG,MF,West Brom,eng Premier League,30,1989,18,1242,69,36.3,13.8,15,80,8,3,14,12,0.67,14,33,-19,-1.38,-0.47,Matches
1808,Valentino Livramento,eng ENG,"DF,MF",Chelsea,eng Premier League,17,2002,0,,,,,0,,,0,,2,,,,,,,Matches
1809,Diego Llorente,es ESP,DF,Leeds United,eng Premier League,26,1993,15,1204,80,35.2,13.4,14,80,11,1,82,3,1.80,17,13,+4,+0.30,+0.14,Matches
1810,Diego Llorente,es ESP,DF,Real Sociedad,es La Liga,26,1993,1,90,90,2.6,1.0,1,90,1,0,,1,1.00,1,1,0,0.00,-0.57,Matches
1811,Fernando Llorente,es ESP,FW,Udinese,it Serie A,35,1985,14,713,51,20.8,7.9,8,70,0,6,25,5,1.07,5,12,-7,-0.88,-0.58,Matches
1812,Fernando Llorente,es ESP,FW,Napoli,it Serie A,35,1985,3,52,17,1.5,0.6,0,,0,3,17,8,1.33,2,0,+2,+3.46,+2.31,Matches
1813,Marcos Llorente,es ESP,MF,Atlético Madrid,es La Liga,25,1995,37,2956,80,86.4,32.8,33,86,26,4,28,0,2.30,59,24,+35,+1.07,-0.29,Matches
1814,Hugo Lloris,fr FRA,GK,Tottenham Hotspur,eng Premier League,33,1986,38,3420,90,100.0,38.0,38,90,38,0,,0,1.63,68,45,+23,+0.61,,Matches
1815,Giovani Lo Celso,ar ARG,MF,Tottenham Hotspur,eng Premier League,24,1996,18,945,53,27.6,10.5,11,69,0,7,27,2,1.89,21,10,+11,+1.05,+0.61,Matches
1816,Julen Lobete,es ESP,"FW,MF",Real Sociedad,es La Liga,19,2000,0,,,,,0,,0,0,,1,,,,,,,Matches
1817,Stanislav Lobotka,sk SVK,MF,Napoli,it Serie A,25,1994,15,154,10,4.5,1.7,0,,0,15,10,18,2.07,5,2,+3,+1.75,+0.60,Matches
1818,Manuel Locatelli,it ITA,MF,Sassuolo,it Serie A,22,1998,34,2883,85,84.3,32.0,32,89,28,2,23,0,1.76,53,47,+6,+0.19,-0.15,Matches
1819,Renan Lodi,br BRA,"DF,MF",Atlético Madrid,es La Liga,22,1998,23,1129,49,33.0,12.5,11,79,7,12,22,12,2.04,26,11,+15,+1.20,+0.14,Matches
1820,Ruben Loftus-Cheek,eng ENG,FW,Chelsea,eng Premier League,24,1996,1,60,60,1.8,0.7,1,60,0,0,,0,3.00,2,1,+1,+1.50,+0.94,Matches
1821,Ruben Loftus-Cheek,eng ENG,"MF,FW",Fulham,eng Premier League,24,1996,30,1909,64,55.8,21.2,21,81,9,9,23,2,0.83,15,21,-6,-0.28,+0.91,Matches
1822,Niklas Lomb,de GER,GK,Leverkusen,de Bundesliga,27,1993,2,135,68,4.4,1.5,1,90,1,1,45,25,1.00,2,3,-1,-0.67,-1.13,Matches
1823,Andy Lonergan,ie IRL,GK,West Brom,eng Premier League,36,1983,0,,,,,0,,,0,,1,,,,,,,Matches
1824,Kevin Long,ie IRL,DF,Burnley,eng Premier League,29,1990,8,637,80,18.6,7.1,7,90,7,1,7,21,0.63,4,13,-9,-1.27,-0.85,Matches
1825,Shane Long,ie IRL,FW,Southampton,eng Premier League,33,1987,11,210,19,6.1,2.3,1,89,0,10,12,7,1.18,2,6,-4,-1.71,-1.24,Matches
1826,Matthew Longstaff,eng ENG,MF,Newcastle United,eng Premier League,20,2000,5,377,75,11.0,4.2,4,87,3,1,30,13,0.20,1,8,-7,-1.67,-1.40,Matches
1827,Sean Longstaff,eng ENG,MF,Newcastle United,eng Premier League,22,1997,22,1412,64,41.3,15.7,15,89,14,7,10,9,1.55,20,26,-6,-0.38,+0.07,Matches
1828,Nigel Lonwijk,nl NED,DF,Wolves,eng Premier League,17,2002,0,,,,,0,,,0,,3,,,,,,,Matches
1829,Ademola Lookman,ng NGA,"FW,MF",RB Leipzig,de Bundesliga,22,1997,0,,,,,0,,0,0,,1,,,,,,,Matches
1830,Ademola Lookman,ng NGA,"MF,FW",Fulham,eng Premier League,22,1997,34,2747,81,80.3,30.5,31,86,19,3,25,0,0.82,23,33,-10,-0.33,+1.81,Matches
1831,Anthony Lopes,pt POR,GK,Lyon,fr Ligue 1,29,1990,38,3420,90,100.0,38.0,38,90,38,0,,0,2.00,81,43,+38,+1.00,,Matches
1832,Rony Lopes,pt POR,"FW,MF",Nice,fr Ligue 1,24,1995,28,1783,64,52.1,19.8,23,72,2,5,26,2,1.29,26,31,-5,-0.25,-0.36,Matches
1833,Adrián López,es ESP,FW,Osasuna,es La Liga,32,1988,17,481,28,14.1,5.3,5,68,0,12,12,11,1.12,6,5,+1,+0.19,+0.55,Matches
1834,Javi López,es ESP,DF,Alavés,es La Liga,18,2002,9,248,28,7.3,2.8,1,87,0,8,20,20,0.90,3,3,0,0.00,+0.60,Matches
1835,Luis López,es ESP,GK,Real Madrid,es La Liga,19,2001,0,,,,,0,,0,0,,1,,,,,,,Matches
1836,Maxime Lopez,fr FRA,FW,Marseille,fr Ligue 1,22,1997,4,134,34,3.9,1.5,2,56,0,2,11,2,1.25,2,1,+1,+0.67,+0.51,Matches
1837,Maxime Lopez,fr FRA,MF,Sassuolo,it Serie A,22,1997,29,1864,64,54.5,20.7,22,77,8,7,24,5,1.62,33,27,+6,+0.29,+0.17,Matches
1838,Pedro López Muñoz,es ESP,"DF,MF",Huesca,es La Liga,36,1983,22,1067,49,31.2,11.9,10,80,5,12,23,11,1.05,8,14,-6,-0.51,-0.01,Matches
1839,Pau López,es ESP,GK,Roma,it Serie A,25,1994,21,1817,87,53.1,20.2,20,90,20,1,17,12,1.76,37,29,+8,+0.40,+0.28,Matches
1840,Roberto López,es ESP,MF,Real Sociedad,es La Liga,20,2000,17,505,30,14.8,5.6,4,77,1,13,15,19,1.59,8,6,+2,+0.36,-0.23,Matches
1841,Sergio López,es ESP,DF,Valladolid,es La Liga,21,1999,0,,,,,0,,0,0,,1,,,,,,,Matches
1842,Unai López,es ESP,MF,Athletic Club,es La Liga,24,1995,26,1424,55,41.6,15.8,15,77,4,11,25,9,1.04,17,18,-1,-0.06,-0.29,Matches
1843,Dion Lopy,sn SEN,MF,Reims,fr Ligue 1,18,2002,4,256,64,7.5,2.8,3,84,2,1,3,1,0.75,3,4,-1,-0.35,-0.15,Matches
1844,Jonas Lössl,dk DEN,GK,Everton,eng Premier League,31,1989,0,,,,,0,,,0,,8,,,,,,,Matches
1845,Marcel Lotka,pl POL,GK,Hertha BSC,de Bundesliga,19,2001,0,,,,,0,,0,0,,1,,,,,,,Matches
1846,Jordan Lotomba,ch SUI,"DF,MF",Nice,fr Ligue 1,21,1998,30,2123,71,62.1,23.6,24,83,13,6,23,1,1.43,29,29,0,0.00,+0.21,Matches
1847,Adrien Louveau,fr FRA,MF,Lens,fr Ligue 1,20,2000,1,8,8,0.2,0.1,0,,0,1,8,1,1.00,0,0,0,0.00,-0.03,Matches
1848,Imran Louza,ma MAR,MF,Nantes,fr Ligue 1,21,1999,33,2379,72,69.6,26.4,28,81,13,5,20,1,1.12,33,39,-6,-0.23,-0.05,Matches
1849,Matteo Lovato,it ITA,DF,Hellas Verona,it Serie A,20,2000,24,1386,58,40.5,15.4,14,75,9,10,33,9,1.58,17,17,0,0.00,+0.09,Matches
1850,Max Lowe,eng ENG,"MF,DF",Sheffield United,eng Premier League,23,1997,8,550,69,16.1,6.1,7,72,4,1,47,25,0.50,5,10,-5,-0.82,+0.37,Matches
1851,Eduard Löwen,de GER,MF,Hertha BSC,de Bundesliga,23,1997,7,85,12,2.8,0.9,1,44,0,6,7,7,0.86,3,2,+1,+1.06,+1.42,Matches
1852,Matthew Lowton,eng ENG,DF,Burnley,eng Premier League,31,1989,34,3060,90,89.5,34.0,34,90,34,0,,2,1.12,30,47,-17,-0.50,+0.75,Matches
1853,Anthony Lozano,hn HON,"FW,MF",Cádiz,es La Liga,27,1993,29,1523,53,44.5,16.9,18,70,3,11,23,3,1.10,19,31,-12,-0.71,-0.23,Matches
1854,Hirving Lozano,mx MEX,"MF,FW",Napoli,it Serie A,25,1995,32,1965,61,57.5,21.8,23,76,9,9,24,0,2.06,45,20,+25,+1.15,-0.09,Matches
1855,Sergio Lozano,es ESP,MF,Villarreal,es La Liga,21,1999,0,,,,,0,,0,0,,1,,,,,,,Matches
1856,Jan Luca Schuler,de GER,FW,Schalke 04,de Bundesliga,21,1999,2,40,20,1.3,0.4,0,,0,2,20,0,0.50,0,0,0,0.00,+1.82,Matches
1857,Jean Lucas,br BRA,MF,Lyon,fr Ligue 1,22,1998,8,172,22,5.0,1.9,1,74,0,7,14,10,2.13,2,3,-1,-0.52,-1.60,Matches
1858,Jean Lucas,br BRA,MF,Brest,fr Ligue 1,22,1998,16,1011,63,29.6,11.2,11,83,7,5,20,0,0.69,13,17,-4,-0.36,+0.09,Matches
1859,Igor Lucatelli,it ITA,GK,Benevento,it Serie A,16,2003,0,,,,,0,,0,0,,35,,,,,,,Matches
1860,Anderson Lucoqui,ao ANG,DF,Arminia,de Bundesliga,23,1997,21,1604,76,52.4,17.8,18,86,12,3,16,7,1.10,13,23,-10,-0.56,+0.43,Matches
1861,Jeison Lucumí,co COL,MF,Elche,es La Liga,25,1995,2,49,25,1.4,0.5,1,45,0,1,4,14,2.00,2,0,+2,+3.67,+4.29,Matches
1862,Kilian Ludewig,de GER,"MF,DF",Schalke 04,de Bundesliga,20,2000,6,520,87,17.0,5.8,6,87,5,0,,7,0.50,4,13,-9,-1.56,+0.28,Matches
1863,Florentino Luís,pt POR,MF,Monaco,fr Ligue 1,20,1999,9,241,27,7.0,2.7,2,52,0,7,20,6,1.89,4,6,-2,-0.75,-1.77,Matches
1864,José Luis Gayà,es ESP,DF,Valencia,es La Liga,25,1995,33,2846,86,83.2,31.6,32,89,29,1,12,1,1.21,47,47,0,0.00,+0.47,Matches
1865,José Luis Morales,es ESP,"MF,FW",Levante,es La Liga,33,1987,38,2439,64,71.3,27.1,30,75,6,8,24,0,1.08,36,42,-6,-0.22,+0.24,Matches
1866,José Luis Palomino,ar ARG,DF,Atalanta,it Serie A,30,1990,36,2428,67,71.0,27.0,25,88,23,11,21,1,2.06,61,35,+26,+0.96,-0.58,Matches
1867,Luisinho,pt POR,DF,Huesca,es La Liga,35,1985,5,179,36,5.2,2.0,2,79,0,3,7,13,0.80,3,5,-2,-1.01,-0.53,Matches
1868,Luismi,es ESP,"DF,MF",Valladolid,es La Liga,28,1992,0,,,,,0,,0,0,,2,,,,,,,Matches
1869,Luismi,es ESP,"MF,DF",Elche,es La Liga,28,1992,11,168,15,4.9,1.9,2,51,0,9,7,25,1.09,1,6,-5,-2.68,-2.24,Matches
1870,David Luiz,br BRA,DF,Arsenal,eng Premier League,33,1987,20,1396,70,40.8,15.5,17,80,13,3,12,2,1.45,26,18,+8,+0.52,+0.16,Matches
1871,Douglas Luiz,br BRA,MF,Aston Villa,eng Premier League,22,1998,33,2781,84,81.3,30.9,32,86,21,1,18,4,1.36,43,41,+2,+0.06,-0.92,Matches
1872,Jordan Lukaku,be BEL,"DF,MF",Lazio,it Serie A,26,1994,0,,,,,0,,0,0,,1,,,,,,,Matches
1873,Romelu Lukaku,be BEL,FW,Inter,it Serie A,27,1993,36,2884,80,84.3,32.0,32,87,25,4,23,1,2.42,72,28,+44,+1.37,-0.31,Matches
1874,Castello Lukeba,fr FRA,DF,Lyon,fr Ligue 1,17,2002,0,,,,,0,,,0,,1,,,,,,,Matches
1875,Dodi Lukebakio,be BEL,"FW,MF",Hertha BSC,de Bundesliga,22,1997,29,1855,64,60.6,20.6,21,76,3,8,32,0,1.00,29,35,-6,-0.29,+0.08,Matches
1876,Saša Lukić,rs SRB,MF,Torino,it Serie A,23,1996,32,2106,66,61.6,23.4,24,79,12,8,27,3,1.09,28,39,-11,-0.47,+0.08,Matches
1877,Senad Lulić,ba BIH,MF,Lazio,it Serie A,34,1986,16,718,45,21.0,8.0,8,63,1,8,27,5,1.75,13,10,+3,+0.38,+0.28,Matches
1878,John Lundstram,eng ENG,MF,Sheffield United,eng Premier League,26,1994,28,2032,73,59.4,22.6,23,84,18,5,20,6,0.61,14,40,-26,-1.15,-0.05,Matches
1879,Andriy Lunin,ua UKR,GK,Real Madrid,es La Liga,21,1999,0,,,,,0,,0,0,,38,,,,,,,Matches
1880,Sebastiano Luperto,it ITA,DF,Crotone,it Serie A,23,1996,23,1879,82,54.9,20.9,22,85,15,1,11,8,0.61,28,54,-26,-1.25,-0.02,Matches
1881,Sebastiano Luperto,it ITA,DF,Napoli,it Serie A,23,1996,0,,,,,0,,0,0,,2,,,,,,,Matches
1882,Andreas Luthe,de GER,GK,Union Berlin,de Bundesliga,33,1987,31,2768,89,90.5,30.8,31,89,30,0,,0,1.45,48,42,+6,+0.20,-0.11,Matches
1883,Lyanco,br BRA,DF,Torino,it Serie A,23,1997,23,1959,85,57.3,21.8,21,89,20,2,43,11,0.78,32,49,-17,-0.78,-0.66,Matches
1884,Babis Lykogiannis,gr GRE,"DF,MF",Cagliari,it Serie A,26,1993,31,2418,78,70.7,26.9,29,82,13,2,21,2,0.97,29,40,-11,-0.41,+0.04,Matches
1885,Yann M'Vila,fr FRA,MF,Saint-Étienne,fr Ligue 1,30,1990,1,20,20,0.6,0.2,0,,0,1,20,0,3.00,0,0,0,0.00,+0.32,Matches
1886,Alexis Mac Allister,ar ARG,"MF,FW",Brighton,eng Premier League,21,1998,21,1115,53,32.6,12.4,13,75,5,8,17,9,1.00,9,14,-5,-0.40,-0.36,Matches
1887,Matt Macey,eng ENG,GK,Arsenal,eng Premier League,25,1994,0,,,,,0,,,0,,2,,,,,,,Matches
1888,Darwin Machís,ve VEN,MF,Granada,es La Liga,27,1993,32,2026,63,59.2,22.5,21,78,7,11,35,0,1.16,31,40,-9,-0.40,+0.18,Matches
1889,Tim Maciejewski,de GER,MF,Union Berlin,de Bundesliga,19,2001,1,8,8,0.3,0.1,0,,0,1,8,10,3.00,1,0,+1,+11.25,+11.07,Matches
1890,Luca Mack,de GER,MF,Stuttgart,de Bundesliga,20,2000,1,6,6,0.2,0.1,0,,0,1,6,2,3.00,0,0,0,0.00,-0.03,Matches
1891,Yvann Macon,fr FRA,DF,Saint-Étienne,fr Ligue 1,21,1998,6,539,90,15.8,6.0,6,90,5,0,,0,1.67,8,7,+1,+0.17,+0.57,Matches
1892,James Maddison,eng ENG,MF,Leicester City,eng Premier League,23,1996,31,2099,68,61.4,23.3,24,81,11,7,23,0,1.87,40,28,+12,+0.51,+0.11,Matches
1893,Mikail Maden,no NOR,MF,Schalke 04,de Bundesliga,18,2002,1,6,6,0.2,0.1,0,,0,1,6,0,0.00,0,0,0,0.00,+1.80,Matches
1894,Pablo Maffeo,es ESP,"MF,DF",Huesca,es La Liga,23,1997,25,1964,79,57.4,21.8,25,79,11,0,,2,1.00,25,33,-8,-0.37,+0.31,Matches
1895,Gabriel Magalhães,br BRA,DF,Arsenal,eng Premier League,22,1997,23,1996,87,58.4,22.2,22,89,21,1,45,10,1.57,28,24,+4,+0.18,-0.58,Matches
1896,Lisandro Magallán,ar ARG,DF,Crotone,it Serie A,26,1993,28,2181,78,63.8,24.2,25,83,19,3,34,8,0.75,30,61,-31,-1.28,-0.12,Matches
1897,Christian Maggio,it ITA,DF,Benevento,it Serie A,38,1982,8,297,37,8.7,3.3,2,68,1,6,27,5,0.88,3,13,-10,-3.03,-2.31,Matches
1898,Giulio Maggiore,it ITA,MF,Spezia,it Serie A,22,1998,33,2214,67,64.7,24.6,26,78,8,7,26,0,1.03,32,42,-10,-0.41,+0.34,Matches
1899,Francesco Magnanelli,it ITA,MF,Sassuolo,it Serie A,35,1984,10,440,44,12.9,4.9,7,59,0,3,8,21,1.80,9,4,+5,+1.02,+0.93,Matches
1900,Giangiacomo Magnani,it ITA,DF,Hellas Verona,it Serie A,24,1995,25,1510,60,44.2,16.8,15,81,9,10,30,4,1.28,24,22,+2,+0.12,+0.31,Matches
1901,Hugo Magnetti,fr FRA,MF,Brest,fr Ligue 1,22,1998,13,603,46,17.6,6.7,7,80,4,6,7,19,1.23,7,10,-3,-0.45,-0.03,Matches
1902,Frankie Maguire,eng ENG,MF,Sheffield United,eng Premier League,17,2003,0,,,,,0,,,0,,4,,,,,,,Matches
1903,Harry Maguire,eng ENG,DF,Manchester Utd,eng Premier League,27,1993,34,3047,90,89.1,33.9,34,90,33,0,,0,2.06,66,36,+30,+0.89,+1.13,Matches
1904,Abdallahi Mahmoud,mr MTN,MF,Alavés,es La Liga,20,2000,2,66,33,1.9,0.7,1,45,0,1,21,7,0.00,1,1,0,0.00,+0.56,Matches
1905,Hicham Mahou,fr FRA,"FW,MF",Nice,fr Ligue 1,21,1999,2,34,17,1.0,0.4,0,,0,2,17,4,0.00,0,2,-2,-5.29,-5.27,Matches
1906,Riyad Mahrez,dz ALG,"FW,MF",Manchester City,eng Premier League,29,1991,27,1949,72,57.0,21.7,23,82,13,4,14,10,2.33,48,22,+26,+1.20,-0.33,Matches
1907,Arne Maier,de GER,MF,Arminia,de Bundesliga,21,1999,16,1034,65,33.8,11.5,13,78,5,3,6,5,1.19,7,16,-9,-0.78,-0.03,Matches
1908,Arne Maier,de GER,MF,Hertha BSC,de Bundesliga,21,1999,2,30,15,1.0,0.3,0,,0,2,15,0,1.50,1,0,+1,+3.00,+3.36,Matches
1909,Habib Maïga,ci CIV,MF,Metz,fr Ligue 1,24,1996,31,2693,87,78.7,29.9,31,87,26,0,,0,1.19,34,36,-2,-0.07,+0.18,Matches
1910,Mike Maignan,fr FRA,GK,Lille,fr Ligue 1,25,1995,38,3420,90,100.0,38.0,38,90,38,0,,0,2.18,64,23,+41,+1.08,,Matches
1911,Ainsley Maitland-Niles,eng ENG,"MF,DF",Arsenal,eng Premier League,22,1997,11,490,45,14.3,5.4,5,85,4,6,11,8,1.64,8,6,+2,+0.37,-0.06,Matches
1912,Ainsley Maitland-Niles,eng ENG,MF,West Brom,eng Premier League,22,1997,15,1230,82,36.0,13.7,14,87,10,1,18,0,0.93,14,17,-3,-0.22,+1.34,Matches
1913,Josh Maja,ng NGA,FW,Bordeaux,fr Ligue 1,21,1998,17,804,47,23.5,8.9,11,63,0,6,18,5,1.35,11,5,+6,+0.67,+1.36,Matches
1914,Josh Maja,ng NGA,FW,Fulham,eng Premier League,21,1998,15,810,54,23.7,9.0,9,77,3,6,19,2,0.87,7,9,-2,-0.22,+0.61,Matches
1915,Radosław Majecki,pl POL,GK,Monaco,fr Ligue 1,20,1999,1,90,90,2.6,1.0,1,90,1,0,,27,3.00,2,1,+1,+1.00,+0.11,Matches
1916,Abdul Majeed Waris,gh GHA,"MF,FW",Strasbourg,fr Ligue 1,28,1991,15,552,37,16.1,6.1,5,67,0,10,22,12,1.00,2,9,-7,-1.14,-1.08,Matches
1917,Marco Majouga,cf CTA,FW,Nîmes,fr Ligue 1,19,2001,8,124,16,3.6,1.4,0,,0,8,16,7,0.25,1,5,-4,-2.90,-2.17,Matches
1918,Jean-Victor Makengo,fr FRA,MF,Udinese,it Serie A,22,1998,17,522,31,15.3,5.8,5,62,0,12,18,15,1.41,8,11,-3,-0.52,-0.11,Matches
1919,Nemanja Maksimović,rs SRB,MF,Getafe,es La Liga,25,1995,35,2728,78,79.8,30.3,34,80,16,1,25,0,1.00,21,31,-10,-0.33,+0.32,Matches
1920,Nikola Maksimović,rs SRB,DF,Napoli,it Serie A,28,1991,17,1207,71,35.3,13.4,12,88,9,5,30,17,1.88,27,20,+7,+0.52,-1.02,Matches
1921,Filip Malbašić,rs SRB,"MF,FW",Cádiz,es La Liga,27,1992,28,860,31,25.1,9.6,8,70,2,20,15,10,1.29,9,12,-3,-0.31,+0.35,Matches
1922,Kévin Malcuit,ma MAR,MF,Fiorentina,it Serie A,29,1991,5,207,41,6.1,2.3,2,84,1,3,13,10,0.20,3,3,0,0.00,+0.34,Matches
1923,Kévin Malcuit,ma MAR,"DF,FW",Napoli,it Serie A,29,1991,2,33,17,1.0,0.4,0,,0,2,17,7,1.50,0,0,0,0.00,-1.20,Matches
1924,Daniel Maldini,it ITA,"FW,MF",Milan,it Serie A,18,2001,5,29,6,0.8,0.3,0,,0,5,6,17,2.40,0,1,-1,-3.10,-4.01,Matches
1925,Darian Males,ch SUI,MF,Genoa,it Serie A,19,2001,0,,,,,0,,0,0,,1,,,,,,,Matches
1926,Ruslan Malinovskyi,ua UKR,"MF,FW",Atalanta,it Serie A,27,1993,36,1876,52,54.9,20.8,22,72,3,14,22,0,2.14,55,21,+34,+1.63,+1.11,Matches
1927,Yunus Mallı,tr TUR,MF,Wolfsburg,de Bundesliga,28,1992,1,58,58,1.9,0.6,1,58,0,0,,7,1.00,1,1,0,0.00,-0.72,Matches
1928,Hugo Mallo,es ESP,DF,Celta Vigo,es La Liga,29,1991,31,2602,84,76.1,28.9,30,86,28,1,9,1,1.45,44,44,0,0.00,+0.22,Matches
1929,Mickael Malsa,mq MTQ,MF,Levante,es La Liga,24,1995,35,2338,67,68.4,26.0,25,80,12,10,35,1,1.14,30,37,-7,-0.27,+0.06,Matches
1930,Dennis Man,ro ROU,"FW,MF",Parma,it Serie A,21,1998,14,699,50,20.4,7.8,8,72,4,6,21,0,0.50,12,17,-5,-0.64,+0.65,Matches
1931,Vincent Manceau,fr FRA,DF,Angers,fr Ligue 1,31,1989,27,2309,86,67.5,25.7,25,90,25,2,30,5,1.07,28,35,-7,-0.27,+0.62,Matches
1932,Gianluca Mancini,it ITA,DF,Roma,it Serie A,24,1996,33,2852,86,83.4,31.7,33,86,30,0,,1,1.58,52,44,+8,+0.25,-0.06,Matches
1933,Steve Mandanda,fr FRA,GK,Marseille,fr Ligue 1,35,1985,37,3330,90,97.4,37.0,37,90,37,0,,0,1.62,53,45,+8,+0.22,+1.22,Matches
1934,Reinildo Mandava,mz MOZ,DF,Lille,fr Ligue 1,26,1994,29,2180,75,63.7,24.2,24,84,18,5,33,5,2.00,37,13,+24,+0.99,-0.24,Matches
1935,Aïssa Mandi,dz ALG,DF,Real Betis,es La Liga,28,1991,28,2392,85,69.9,26.6,27,89,25,1,1,5,1.57,37,31,+6,+0.23,+0.75,Matches
1936,Rolando Mandragora,it ITA,MF,Udinese,it Serie A,23,1997,10,398,40,11.6,4.4,3,74,1,7,25,2,1.30,6,7,-1,-0.23,+0.22,Matches
1937,Rolando Mandragora,it ITA,MF,Torino,it Serie A,23,1997,17,1525,90,44.6,16.9,17,90,16,0,,0,1.12,20,31,-11,-0.65,-0.27,Matches
1938,Mario Mandžukić,hr CRO,FW,Milan,it Serie A,34,1986,10,212,21,6.2,2.4,1,62,0,9,17,2,1.60,2,7,-5,-2.12,-3.19,Matches
1939,Sadio Mané,sn SEN,FW,Liverpool,eng Premier League,28,1992,35,2810,80,82.2,31.2,31,88,25,4,22,0,1.89,54,28,+26,+0.83,+0.83,Matches
1940,Niccolò Manfredini,it ITA,GK,Benevento,it Serie A,32,1988,1,90,90,2.6,1.0,1,90,1,0,,37,1.00,1,1,0,0.00,+0.95,Matches
1941,Eliaquim Mangala,fr FRA,DF,Valencia,es La Liga,29,1991,7,321,46,9.4,3.6,4,70,2,3,14,18,1.14,2,5,-3,-0.84,-0.84,Matches
1942,Orel Mangala,be BEL,MF,Stuttgart,de Bundesliga,22,1998,24,2109,88,68.9,23.4,24,88,22,0,,1,1.46,44,35,+9,+0.38,+1.14,Matches
1943,Thomas Mangani,fr FRA,MF,Angers,fr Ligue 1,33,1987,35,2691,77,78.7,29.9,32,82,16,3,24,1,1.17,33,42,-9,-0.30,+0.81,Matches
1944,Vito Mannone,it ITA,GK,Monaco,fr Ligue 1,32,1988,9,810,90,23.7,9.0,9,90,9,0,,13,1.78,18,14,+4,+0.44,-0.59,Matches
1945,Kostas Manolas,gr GRE,DF,Napoli,it Serie A,29,1991,30,2298,77,67.2,25.5,27,83,21,3,16,3,2.07,61,26,+35,+1.37,+0.57,Matches
1946,Javier Manquillo,es ESP,DF,Newcastle United,eng Premier League,26,1994,13,825,63,24.1,9.2,10,77,6,3,17,16,1.38,13,15,-2,-0.22,+0.27,Matches
1947,Juan Manuel Ramos,uy URU,DF,Spezia,it Serie A,23,1996,6,294,49,8.6,3.3,2,90,2,4,29,6,1.33,3,8,-5,-1.53,-1.10,Matches
1948,Juan Manuel Sanabria,uy URU,"DF,MF",Atlético Madrid,es La Liga,20,2000,0,,,,,0,,0,0,,4,,,,,,,Matches
1949,Myziane Maolida,km COM,"FW,MF",Nice,fr Ligue 1,21,1999,19,1077,57,31.5,12.0,11,80,5,8,25,4,1.42,18,17,+1,+0.08,+0.24,Matches
1950,Faitout Maouassa,fr FRA,DF,Rennes,fr Ligue 1,22,1998,23,1170,51,34.2,13.0,13,73,4,10,23,3,1.57,16,13,+3,+0.23,-0.13,Matches
1951,Sekou Mara,fr FRA,FW,Bordeaux,fr Ligue 1,18,2002,8,229,29,6.7,2.5,2,58,0,6,19,6,1.13,4,4,0,0.00,+0.39,Matches
1952,Fernando Marçal,br BRA,"DF,MF",Wolves,eng Premier League,31,1989,13,623,48,18.2,6.9,7,76,5,6,15,4,1.54,8,9,-1,-0.14,+0.34,Matches
1953,Fernando Marçal,br BRA,DF,Lyon,fr Ligue 1,31,1989,1,78,78,2.3,0.9,1,78,0,0,,0,3.00,4,1,+3,+3.46,+2.52,Matches
1954,Marcelo,br BRA,DF,Lyon,fr Ligue 1,33,1987,34,2907,86,85.0,32.3,34,86,28,0,,0,1.88,68,36,+32,+0.99,-0.06,Matches
1955,Marcelo,br BRA,"DF,MF",Real Madrid,es La Liga,32,1988,16,1050,66,30.7,11.7,12,80,6,4,22,17,1.94,16,10,+6,+0.51,-0.74,Matches
1956,Solly March,eng ENG,MF,Brighton,eng Premier League,26,1994,21,1672,80,48.9,18.6,19,86,15,2,23,0,1.10,23,25,-2,-0.11,+0.10,Matches
1957,Federico Marchetti,it ITA,GK,Genoa,it Serie A,37,1983,4,334,84,9.8,3.7,4,84,3,0,,25,0.25,3,11,-8,-2.16,-2.07,Matches
1958,Riccardo Marchizza,it ITA,DF,Spezia,it Serie A,22,1998,24,1561,65,45.6,17.3,17,81,10,7,27,7,1.00,24,30,-6,-0.35,+0.33,Matches
1959,Gian Marco Ferrari,it ITA,DF,Sassuolo,it Serie A,28,1992,34,3014,89,88.1,33.5,33,90,32,1,45,1,1.68,58,49,+9,+0.27,+0.49,Matches
1960,Iván Marcone,ar ARG,MF,Elche,es La Liga,30,1990,33,2645,80,77.3,29.4,30,85,22,3,28,0,0.94,25,43,-18,-0.61,-0.26,Matches
1961,Óscar de Marcos,es ESP,"DF,MF",Athletic Club,es La Liga,31,1989,25,1520,61,44.4,16.9,17,81,10,8,17,6,1.08,21,22,-1,-0.06,-0.30,Matches
1962,Dario Maresic,at AUT,DF,Reims,fr Ligue 1,20,1999,8,514,64,15.0,5.7,5,90,5,3,21,29,0.38,1,9,-8,-1.40,-1.40,Matches
1963,José Mari,es ESP,MF,Cádiz,es La Liga,32,1987,22,1451,66,42.4,16.1,18,76,3,4,19,2,1.55,18,16,+2,+0.12,+1.22,Matches
1964,Pablo Marí,es ESP,DF,Arsenal,eng Premier League,26,1993,10,900,90,26.3,10.0,10,90,10,0,,7,2.00,19,8,+11,+1.10,+0.92,Matches
1965,José María Giménez,uy URU,DF,Atlético Madrid,es La Liga,25,1995,21,1765,84,51.6,19.6,20,88,18,1,11,4,2.33,37,13,+24,+1.22,+0.24,Matches
1966,Mariano,do DOM,FW,Real Madrid,es La Liga,26,1993,16,513,32,15.0,5.7,5,73,1,11,14,10,1.94,6,4,+2,+0.35,-0.79,Matches
1967,Jordan Marié,fr FRA,MF,Dijon,fr Ligue 1,28,1991,24,1432,60,41.9,15.9,16,79,9,8,22,13,0.58,7,34,-27,-1.70,-0.75,Matches
1968,Adrián Marín,es ESP,MF,Alavés,es La Liga,23,1997,5,93,19,2.7,1.0,1,61,0,4,8,14,1.00,0,2,-2,-1.94,-1.42,Matches
1969,Adrián Marín,es ESP,"MF,DF",Granada,es La Liga,23,1997,9,269,30,7.9,3.0,3,60,1,6,15,8,0.89,6,9,-3,-1.00,-0.58,Matches
1970,Carlos Marín,es ESP,GK,Real Betis,es La Liga,23,1997,0,,,,,0,,0,0,,9,,,,,,,Matches
1971,Răzvan Marin,ro ROU,MF,Cagliari,it Serie A,24,1996,37,2965,80,86.7,32.9,35,84,18,2,17,0,0.97,36,53,-17,-0.52,-0.71,Matches
1972,Guillermo Maripán,cl CHI,DF,Monaco,fr Ligue 1,26,1994,28,2089,75,61.1,23.2,22,89,21,6,23,5,2.07,48,20,+28,+1.21,+0.80,Matches
1973,Marlon,br BRA,DF,Sassuolo,it Serie A,24,1995,24,1742,73,50.9,19.4,19,87,17,5,19,10,1.42,23,28,-5,-0.26,-0.96,Matches
1974,Omar Marmoush,eg EGY,"FW,MF",Wolfsburg,de Bundesliga,21,1999,1,1,1,0.0,0.0,0,,0,1,1,6,1.00,0,0,0,0.00,-0.71,Matches
1975,Alejandro Marqués,ve VEN,FW,Juventus,it Serie A,19,2000,0,,,,,0,,0,0,,1,,,,,,,Matches
1976,Christian Marques,ch SUI,DF,Wolves,eng Premier League,17,2003,0,,,,,0,,,0,,4,,,,,,,Matches
1977,Marquinhos,br BRA,DF,Paris Saint-Germain,fr Ligue 1,26,1994,25,2128,85,62.2,23.6,24,88,22,1,25,2,2.40,51,12,+39,+1.65,+0.33,Matches
1978,Unai Marrero,es ESP,GK,Real Sociedad,es La Liga,18,2001,0,,,,,0,,0,0,,11,,,,,,,Matches
1979,Luca Marrone,it ITA,DF,Crotone,it Serie A,30,1990,21,1588,76,46.4,17.6,18,85,16,3,19,10,0.52,14,39,-25,-1.42,-0.34,Matches
1980,Eric Martel,de GER,"DF,MF",RB Leipzig,de Bundesliga,18,2002,0,,,,,0,,0,0,,7,,,,,,,Matches
1981,Roger Martí,es ESP,FW,Levante,es La Liga,29,1991,33,2198,67,64.3,24.4,26,79,8,7,20,3,1.09,33,39,-6,-0.25,+0.12,Matches
1982,Anthony Martial,fr FRA,"FW,MF",Manchester Utd,eng Premier League,24,1995,22,1480,67,43.3,16.4,17,78,5,5,31,1,2.05,34,19,+15,+0.91,+0.26,Matches
1983,Aarón Martín,es ESP,"MF,DF",Mainz 05,de Bundesliga,23,1997,5,262,52,8.6,2.9,3,79,2,2,13,2,0.40,0,3,-3,-1.03,-0.58,Matches
1984,Aarón Martín,es ESP,DF,Celta Vigo,es La Liga,23,1997,19,1540,81,45.0,17.1,17,87,15,2,27,2,1.53,29,27,+2,+0.12,+0.31,Matches
1985,Álex Martín,es ESP,DF,Cádiz,es La Liga,22,1998,2,96,48,2.8,1.1,1,90,1,1,6,10,0.00,1,3,-2,-1.87,-1.33,Matches
1986,Daniel Martín,es ESP,GK,Real Betis,es La Liga,22,1998,0,,,,,0,,0,0,,7,,,,,,,Matches
1987,David Martin,eng ENG,GK,West Ham United,eng Premier League,34,1986,0,,,,,0,,,0,,15,,,,,,,Matches
1988,Javier Martín,es ESP,DF,Cádiz,es La Liga,21,1998,0,,,,,0,,0,0,,2,,,,,,,Matches
1989,Jonas Martin,fr FRA,MF,Rennes,fr Ligue 1,30,1990,12,482,40,14.1,5.4,6,66,2,6,14,8,1.42,8,8,0,0.00,-0.37,Matches
1990,Gabriel Martinelli,br BRA,"MF,FW",Arsenal,eng Premier League,19,2001,14,589,42,17.2,6.5,7,72,2,7,13,9,1.93,14,3,+11,+1.68,+1.52,Matches
1991,Emiliano Martínez,ar ARG,GK,Aston Villa,eng Premier League,27,1992,38,3420,90,100.0,38.0,38,90,38,0,,0,1.45,55,46,+9,+0.24,,Matches
1992,Iñigo Martínez,es ESP,DF,Athletic Club,es La Liga,29,1991,28,2519,90,73.7,28.0,28,90,27,0,,3,1.11,33,34,-1,-0.04,-0.54,Matches
1993,Iván Martínez,es ESP,GK,Osasuna,es La Liga,18,2002,0,,,,,0,,0,0,,9,,,,,,,Matches
1994,Javi Martínez,es ESP,"MF,FW",Osasuna,es La Liga,20,1999,13,460,35,13.5,5.1,6,69,0,7,6,20,1.15,6,6,0,0.00,+0.33,Matches
1995,Javi Martínez,es ESP,"MF,DF",Bayern Munich,de Bundesliga,31,1988,19,466,25,15.2,5.2,4,71,2,15,12,6,2.53,12,6,+6,+1.16,-0.54,Matches
1996,José Martínez,es ESP,DF,Eibar,es La Liga,27,1993,0,,,,,0,,0,0,,13,,,,,,,Matches
1997,Josep Martinez,es ESP,GK,RB Leipzig,de Bundesliga,22,1998,1,90,90,2.9,1.0,1,90,1,0,,28,0.00,1,2,-1,-1.00,-1.88,Matches
1998,Lautaro Martínez,ar ARG,FW,Inter,it Serie A,22,1997,38,2561,67,74.9,28.5,30,79,8,8,25,0,2.39,66,24,+42,+1.48,+0.22,Matches
1999,Pablo Martínez,es ESP,MF,Levante,es La Liga,22,1998,0,,,,,0,,0,0,,2,,,,,,,Matches
2000,Pablo Martinez,fr FRA,DF,Nîmes,fr Ligue 1,31,1989,7,540,77,15.8,6.0,6,84,3,1,37,3,0.86,8,13,-5,-0.83,-0.02,Matches
2001,Lucas Martínez Quarta,ar ARG,DF,Fiorentina,it Serie A,24,1996,21,1483,71,43.4,16.5,15,87,10,6,30,13,1.24,22,26,-4,-0.24,+0.13,Matches
2002,Gelson Martins,pt POR,"MF,FW",Monaco,fr Ligue 1,25,1995,23,1551,67,45.4,17.2,20,75,2,3,17,2,1.87,30,24,+6,+0.35,-1.00,Matches
2003,Adam Marušić,me MNE,"MF,DF",Lazio,it Serie A,27,1992,36,2966,82,86.7,33.0,33,86,28,3,45,1,1.72,52,46,+6,+0.18,+0.18,Matches
2004,Sylvain Marveaux,fr FRA,MF,Lorient,fr Ligue 1,34,1986,9,200,22,5.8,2.2,2,61,0,7,11,13,0.33,2,9,-7,-3.15,-2.84,Matches
2005,Marvin,es ESP,"MF,DF",Real Madrid,es La Liga,20,2000,4,133,33,3.9,1.5,2,50,0,2,17,0,2.50,3,0,+3,+2.03,+1.04,Matches
2006,Omar Mascarell,gq EQG,MF,Schalke 04,de Bundesliga,27,1993,24,1762,73,57.6,19.6,21,80,15,3,26,3,0.38,12,47,-35,-1.79,+0.02,Matches
2007,Davide Masella,it ITA,MF,Benevento,it Serie A,18,2002,0,,,,,0,,0,0,,7,,,,,,,Matches
2008,Andrea Masiello,it ITA,DF,Genoa,it Serie A,34,1986,30,2563,85,74.9,28.5,30,85,25,0,,5,1.13,36,43,-7,-0.25,+0.17,Matches
2009,Jordi Masip,es ESP,GK,Valladolid,es La Liga,31,1989,25,2250,90,65.8,25.0,25,90,25,0,,9,0.84,24,40,-16,-0.64,-0.10,Matches
2010,Roberto Massimo,de GER,MF,Stuttgart,de Bundesliga,19,2000,18,757,42,24.7,8.4,7,69,3,11,25,5,1.28,11,16,-5,-0.59,-0.83,Matches
2011,Giuseppe Mastinu,it ITA,MF,Spezia,it Serie A,28,1991,3,32,11,0.9,0.4,0,,0,3,11,1,0.00,1,1,0,0.00,+0.53,Matches
2012,Arthur Masuaku,cd COD,"MF,DF",West Ham United,eng Premier League,26,1993,12,1006,84,29.4,11.2,12,84,7,0,,0,1.92,23,15,+8,+0.72,+0.45,Matches
2013,Tawanda Maswanhise,zw ZIM,"FW,MF",Leicester City,eng Premier League,17,2002,0,,,,,0,,,0,,1,,,,,,,Matches
2014,Jaime Mata,es ESP,FW,Getafe,es La Liga,31,1988,33,2037,62,59.6,22.6,23,75,8,10,30,2,1.00,15,24,-9,-0.40,-0.01,Matches
2015,Juan Mata,es ESP,MF,Manchester Utd,eng Premier League,32,1988,9,509,57,14.9,5.7,6,77,1,3,16,17,2.44,12,6,+6,+1.06,+0.35,Matches
2016,Pape Matar Sarr,sn SEN,MF,Metz,fr Ligue 1,17,2002,22,1594,72,46.6,17.7,18,84,14,4,23,9,1.05,25,29,-4,-0.23,-0.23,Matches
2017,Eliot Matazo,be BEL,MF,Monaco,fr Ligue 1,18,2002,10,314,31,9.2,3.5,3,58,0,7,20,19,2.20,6,5,+1,+0.29,-0.67,Matches
2018,Jean-Philippe Mateta,fr FRA,FW,Crystal Palace,eng Premier League,23,1997,7,221,32,6.5,2.5,2,69,0,5,17,11,0.57,2,4,-2,-0.81,-0.17,Matches
2019,Jean-Philippe Mateta,fr FRA,FW,Mainz 05,de Bundesliga,23,1997,15,997,66,32.6,11.1,12,80,4,3,12,1,0.40,11,21,-10,-0.90,-0.60,Matches
2020,Diego Matías Rodríguez,ar ARG,GK,Elche,es La Liga,31,1989,0,,,,,0,,0,0,,15,,,,,,,Matches
2021,Nemanja Matić,rs SRB,MF,Manchester Utd,eng Premier League,31,1988,20,1106,55,32.3,12.3,12,86,11,8,9,17,2.15,23,18,+5,+0.41,-0.53,Matches
2022,Joël Matip,cm CMR,DF,Liverpool,eng Premier League,28,1991,10,691,69,20.2,7.7,9,77,6,1,2,0,1.90,19,5,+14,+1.82,+1.43,Matches
2023,Rabbi Matondo,wls WAL,"MF,FW",Schalke 04,de Bundesliga,19,2000,3,220,73,7.2,2.4,3,73,0,0,,5,0.00,0,9,-9,-3.68,-2.03,Matches
2024,Ryder Matos,br BRA,"FW,MF",Udinese,it Serie A,27,1993,1,13,13,0.4,0.1,0,,0,1,13,1,0.00,0,1,-1,-6.92,-6.53,Matches
2025,Henning Matriciani,de GER,DF,Schalke 04,de Bundesliga,20,2000,1,24,24,0.8,0.3,0,,0,1,24,1,3.00,0,1,-1,-3.75,-1.97,Matches
2026,Chrislain Matsima,fr FRA,DF,Monaco,fr Ligue 1,18,2002,9,352,39,10.3,3.9,3,90,3,6,14,16,2.11,6,4,+2,+0.51,-0.43,Matches
2027,Federico Mattiello,it ITA,"DF,MF",Spezia,it Serie A,25,1995,1,36,36,1.1,0.4,0,,0,1,36,0,1.00,0,0,0,0.00,+0.53,Matches
2028,Neal Maupay,fr FRA,"FW,MF",Brighton,eng Premier League,23,1996,33,2512,76,73.5,27.9,29,83,17,4,23,1,1.09,32,34,-2,-0.07,+0.32,Matches
2029,Tony Mauricio,fr FRA,MF,Lens,fr Ligue 1,26,1994,26,502,19,14.7,5.6,2,68,0,24,15,8,1.54,8,14,-6,-1.08,-1.29,Matches
2030,Stephy Mavididi,eng ENG,"FW,MF",Montpellier,fr Ligue 1,22,1998,35,2030,58,59.4,22.6,23,79,4,12,19,0,1.51,37,30,+7,+0.31,+0.89,Matches
2031,Konstantinos Mavropanos,gr GRE,DF,Stuttgart,de Bundesliga,22,1997,21,1463,70,47.8,16.3,19,74,8,2,31,4,1.48,24,23,+1,+0.06,+0.06,Matches
2032,Eric Maxim Choupo-Moting,cm CMR,"FW,MF",Bayern Munich,de Bundesliga,31,1989,22,820,37,26.8,9.1,8,78,4,14,14,7,2.36,20,9,+11,+1.21,-0.56,Matches
2033,Borja Mayoral,es ESP,FW,Real Madrid,es La Liga,23,1997,2,23,12,0.7,0.3,0,,0,2,12,1,3.00,1,0,+1,+3.91,+2.91,Matches
2034,Borja Mayoral,es ESP,FW,Roma,it Serie A,23,1997,31,1551,50,45.4,17.2,18,78,5,13,11,4,1.74,34,24,+10,+0.58,+0.58,Matches
2035,Youssef Maziz,fr FRA,MF,Metz,fr Ligue 1,22,1998,11,257,23,7.5,2.9,2,64,0,9,14,23,1.18,1,4,-3,-1.05,-1.02,Matches
2036,Antonio Mazzotta,it ITA,MF,Crotone,it Serie A,30,1989,2,56,28,1.6,0.6,1,45,0,1,11,4,1.50,1,4,-3,-4.82,-3.64,Matches
2037,Kevin Mbabu,ch SUI,DF,Wolfsburg,de Bundesliga,25,1995,22,1642,75,53.7,18.2,19,83,14,3,24,5,1.82,35,20,+15,+0.82,+0.25,Matches
2038,Kylian Mbappé,fr FRA,"FW,MF",Paris Saint-Germain,fr Ligue 1,21,1998,31,2380,77,69.6,26.4,27,86,16,4,18,0,2.23,68,20,+48,+1.82,+0.95,Matches
2039,Ibrahima Mbaye,sn SEN,DF,Bologna,it Serie A,25,1994,8,428,54,12.5,4.8,5,73,2,3,22,19,0.88,5,13,-8,-1.68,-1.50,Matches
2040,Mamadou Mbaye,sn SEN,DF,Cádiz,es La Liga,22,1998,0,,,,,0,,0,0,,1,,,,,,,Matches
2041,Luke Mbete-Tatu,eng ENG,DF,Manchester City,eng Premier League,16,2003,0,,,,,0,,,0,,2,,,,,,,Matches
2042,Hianga'a Mbock,fr FRA,MF,Brest,fr Ligue 1,20,1999,12,458,38,13.4,5.1,4,83,2,8,16,12,1.42,8,10,-2,-0.39,+0.03,Matches
2043,Jean-Manuel Mbom,de GER,MF,Werder Bremen,de Bundesliga,20,2000,21,1160,55,37.9,12.9,15,70,3,6,17,11,1.05,14,18,-4,-0.31,+0.49,Matches
2044,Moustapha Mbow,sn SEN,DF,Reims,fr Ligue 1,20,2000,0,,,,,0,,,0,,1,,,,,,,Matches
2045,Nathanael Mbuku,cd COD,"MF,FW",Reims,fr Ligue 1,18,2002,32,2210,69,64.6,24.6,28,75,4,4,27,2,1.09,27,28,-1,-0.04,+0.48,Matches
2046,James McArthur,sct SCO,MF,Crystal Palace,eng Premier League,32,1987,18,1466,81,42.9,16.3,17,85,11,1,17,1,1.11,20,26,-6,-0.37,+0.51,Matches
2047,Oliver McBurnie,sct SCO,FW,Sheffield United,eng Premier League,24,1996,23,1324,58,38.7,14.7,12,85,10,11,27,1,0.30,8,27,-19,-1.29,-0.26,Matches
2048,Alex McCarthy,eng ENG,GK,Southampton,eng Premier League,30,1989,30,2700,90,78.9,30.0,30,90,30,0,,7,1.03,37,57,-20,-0.67,-0.54,Matches
2049,James McCarthy,ie IRL,MF,Crystal Palace,eng Premier League,29,1990,16,821,51,24.0,9.1,10,75,2,6,12,8,1.31,9,15,-6,-0.66,0.00,Matches
2050,Tom McGill,eng ENG,GK,Brighton,eng Premier League,20,2000,0,,,,,0,,,0,,2,,,,,,,Matches
2051,John McGinn,sct SCO,MF,Aston Villa,eng Premier League,25,1994,37,3330,90,97.4,37.0,37,90,37,0,,0,1.41,53,46,+7,+0.19,-1.81,Matches
2052,David McGoldrick,ie IRL,FW,Sheffield United,eng Premier League,32,1987,35,2397,68,70.1,26.6,28,80,16,7,23,2,0.66,16,37,-21,-0.79,+1.15,Matches
2053,Weston McKennie,us USA,MF,Juventus,it Serie A,21,1998,34,1702,50,49.8,18.9,18,74,6,16,23,2,2.18,33,16,+17,+0.90,-0.25,Matches
2054,Dwight McNeil,eng ENG,MF,Burnley,eng Premier League,20,1999,36,3069,85,89.7,34.1,34,88,30,2,36,0,1.00,32,50,-18,-0.53,+0.50,Matches
2055,Scott McTominay,sct SCO,MF,Manchester Utd,eng Premier League,23,1996,32,2129,67,62.3,23.7,24,85,20,8,11,4,1.94,49,25,+24,+1.01,+0.67,Matches
2056,Gary Medel,cl CHI,"DF,MF",Bologna,it Serie A,32,1987,11,511,46,14.9,5.7,6,66,2,5,23,4,0.82,5,12,-7,-1.23,-1.02,Matches
2057,Claudio Medina,es ESP,FW,Elche,es La Liga,26,1993,0,,,,,0,,0,0,,1,,,,,,,Matches
2058,Facundo Medina,ar ARG,DF,Lens,fr Ligue 1,21,1999,24,2007,84,58.7,22.3,23,87,20,1,7,6,1.63,35,27,+8,+0.36,+0.80,Matches
2059,Nathan de Medina,be BEL,DF,Arminia,de Bundesliga,22,1997,16,639,40,20.9,7.1,7,68,3,9,18,12,1.06,4,13,-9,-1.27,-0.64,Matches
2060,Ben Mee,eng ENG,DF,Burnley,eng Premier League,30,1989,30,2693,90,78.7,29.9,30,90,29,0,,0,1.23,29,41,-12,-0.40,+0.84,Matches
2061,Joshua Mees,de GER,"FW,MF",Union Berlin,de Bundesliga,24,1996,1,5,5,0.2,0.1,0,,0,1,5,1,0.00,0,1,-1,-18.00,-18.24,Matches
2062,Admir Mehmedi,ch SUI,"MF,FW",Wolfsburg,de Bundesliga,29,1991,18,820,46,26.8,9.1,8,76,0,10,21,10,1.94,15,8,+7,+0.77,+0.09,Matches
2063,Soualiho Meïté,fr FRA,MF,Torino,it Serie A,26,1994,14,920,66,26.9,10.2,11,78,6,3,22,2,0.57,16,28,-12,-1.17,-0.92,Matches
2064,Soualiho Meïté,fr FRA,MF,Milan,it Serie A,26,1994,16,588,37,17.2,6.5,4,78,2,12,23,5,1.81,15,5,+10,+1.53,+0.80,Matches
2065,Hannibal Mejbri,tn TUN,MF,Manchester Utd,eng Premier League,17,2003,1,9,9,0.3,0.1,0,,0,1,9,0,3.00,0,0,0,0.00,-0.77,Matches
2066,Farid El Melali,dz ALG,MF,Angers,fr Ligue 1,23,1997,17,414,24,12.1,4.6,4,56,0,13,15,7,1.47,6,8,-2,-0.43,+0.04,Matches
2067,Filippo Melegoni,it ITA,MF,Genoa,it Serie A,21,1999,14,389,28,11.4,4.3,3,79,1,11,14,20,1.29,3,8,-5,-1.16,-0.98,Matches
2068,Gonzalo Melero,es ESP,"MF,FW",Levante,es La Liga,26,1994,29,1853,64,54.2,20.6,21,78,8,8,26,1,1.03,27,33,-6,-0.29,0.00,Matches
2069,Birger Meling,no NOR,DF,Nîmes,fr Ligue 1,25,1994,26,2328,90,68.1,25.9,26,90,25,0,,1,1.12,33,45,-12,-0.46,+1.10,Matches
2070,Arthur Melo,br BRA,MF,Juventus,it Serie A,23,1996,22,1157,53,33.8,12.9,13,75,4,9,20,10,2.27,26,12,+14,+1.09,+0.09,Matches
2071,Memphis,nl NED,"FW,MF",Lyon,fr Ligue 1,26,1994,37,2923,79,85.5,32.5,33,84,20,4,35,0,1.97,74,38,+36,+1.11,+0.75,Matches
2072,Houboulang Mendes,gw GNB,DF,Lorient,fr Ligue 1,22,1998,17,1297,76,37.9,14.4,15,84,8,2,20,10,1.18,18,25,-7,-0.49,-0.02,Matches
2073,Pedro Mendes,pt POR,DF,Montpellier,fr Ligue 1,29,1990,22,1626,74,47.5,18.1,19,83,12,3,16,7,1.59,28,28,0,0.00,+0.10,Matches
2074,Thiago Mendes,br BRA,MF,Lyon,fr Ligue 1,28,1992,32,2243,70,65.6,24.9,23,87,17,9,27,1,2.03,50,28,+22,+0.88,-0.34,Matches
2075,Brais Méndez,es ESP,"MF,FW",Celta Vigo,es La Liga,23,1997,34,2671,79,78.1,29.7,30,86,20,4,25,3,1.56,49,42,+7,+0.24,+1.32,Matches
2076,Édgar Méndez,es ESP,"MF,FW",Alavés,es La Liga,30,1990,33,2090,63,61.1,23.2,26,74,3,7,25,2,0.91,20,30,-10,-0.43,+0.31,Matches
2077,Eñaut Mendía,es ESP,MF,Eibar,es La Liga,21,1999,1,61,61,1.8,0.7,1,61,0,0,,3,3.00,1,1,0,0.00,+0.62,Matches
2078,Alexandre Mendy,gw GNB,FW,Bordeaux,fr Ligue 1,26,1994,0,,,,,0,,,0,,3,,,,,,,Matches
2079,Antoine Mendy,sn SEN,DF,Nice,fr Ligue 1,16,2004,0,,,,,0,,,0,,1,,,,,,,Matches
2080,Batista Mendy,fr FRA,"DF,MF",Nantes,fr Ligue 1,20,2000,2,76,38,2.2,0.8,0,,0,2,38,9,1.50,1,1,0,0.00,+0.22,Matches
2081,Benjamin Mendy,fr FRA,"DF,MF",Manchester City,eng Premier League,26,1994,13,953,73,27.9,10.6,11,84,7,2,14,19,2.00,22,10,+12,+1.13,-0.29,Matches
2082,Edouard Mendy,sn SEN,GK,Rennes,fr Ligue 1,28,1992,1,90,90,2.6,1.0,1,90,1,0,,0,1.00,1,1,0,0.00,-0.32,Matches
2083,Edouard Mendy,sn SEN,GK,Chelsea,eng Premier League,28,1992,31,2745,89,80.3,30.5,31,89,30,0,,3,1.87,46,25,+21,+0.69,+0.56,Matches
2084,Ferland Mendy,fr FRA,DF,Real Madrid,es La Liga,25,1995,26,2208,85,64.6,24.5,24,89,23,2,31,4,2.38,47,16,+31,+1.26,+0.67,Matches
2085,Nampalys Mendy,sn SEN,MF,Leicester City,eng Premier League,28,1992,23,1459,63,42.7,16.2,15,83,9,8,26,14,1.57,26,25,+1,+0.06,-0.72,Matches
2086,Oucasse Mendy,fr FRA,MF,Montpellier,fr Ligue 1,19,2001,0,,,,,0,,,0,,1,,,,,,,Matches
2087,Hamza Mendyl,ma MAR,MF,Schalke 04,de Bundesliga,22,1997,3,95,32,3.1,1.1,1,69,0,2,13,19,0.00,0,1,-1,-0.95,+0.87,Matches
2088,Levent Mercan,de GER,"DF,MF",Schalke 04,de Bundesliga,19,2000,1,5,5,0.2,0.1,0,,0,1,5,16,0.00,0,0,0,0.00,+1.80,Matches
2089,Alessandro Mercati,it ITA,MF,Sassuolo,it Serie A,18,2002,0,,,,,0,,0,0,,2,,,,,,,Matches
2090,Jorge Meré,es ESP,DF,Köln,de Bundesliga,23,1997,16,1300,81,42.5,14.4,14,87,12,2,44,12,0.56,13,24,-11,-0.76,+0.01,Matches
2091,Alex Meret,it ITA,GK,Napoli,it Serie A,23,1997,22,1980,90,57.9,22.0,22,90,22,0,,16,2.00,53,29,+24,+1.09,-0.22,Matches
2092,Mikel Merino,es ESP,MF,Real Sociedad,es La Liga,24,1996,26,2154,83,63.0,23.9,25,85,20,1,28,1,1.58,36,22,+14,+0.58,+0.09,Matches
2093,Quentin Merlin,fr FRA,"DF,MF",Nantes,fr Ligue 1,18,2002,0,,,,,0,,,0,,8,,,,,,,Matches
2094,Martín Merquelanz,es ESP,MF,Real Sociedad,es La Liga,25,1995,13,549,42,16.1,6.1,4,90,4,9,21,16,1.62,5,12,-7,-1.15,-2.03,Matches
2095,Yıldırım Mert Çetin,tr TUR,DF,Hellas Verona,it Serie A,23,1997,6,418,70,12.2,4.6,4,89,3,2,32,24,1.83,4,5,-1,-0.22,-0.19,Matches
2096,Dries Mertens,be BEL,"FW,MF",Napoli,it Serie A,33,1987,29,1459,50,42.7,16.2,18,69,2,11,19,0,2.21,37,18,+19,+1.17,-0.02,Matches
2097,Roque Mesa,es ESP,MF,Valladolid,es La Liga,31,1989,25,1761,70,51.5,19.6,21,78,6,4,30,6,0.80,17,26,-9,-0.46,+0.30,Matches
2098,Illan Meslier,fr FRA,GK,Leeds United,eng Premier League,20,2000,35,3150,90,92.1,35.0,35,90,35,0,,2,1.51,57,52,+5,+0.14,-0.86,Matches
2099,Lionel Messi,ar ARG,"FW,MF",Barcelona,es La Liga,33,1987,35,3023,86,88.4,33.6,33,89,32,2,40,0,2.06,80,35,+45,+1.34,+0.89,Matches
2100,Junior Messias,br BRA,"MF,FW",Crotone,it Serie A,29,1991,36,3215,89,94.0,35.7,36,89,32,0,,0,0.61,44,86,-42,-1.18,+1.02,Matches
2101,Thomas Meunier,be BEL,"DF,MF",Dortmund,de Bundesliga,28,1991,21,1472,70,48.1,16.4,17,84,10,4,12,7,1.95,34,22,+12,+0.73,-0.23,Matches
2102,Mexer,mz MOZ,DF,Bordeaux,fr Ligue 1,31,1988,9,712,79,20.8,7.9,8,81,5,1,67,12,0.67,8,17,-9,-1.14,-0.97,Matches
2103,Max Meyer,de GER,"FW,MF",Crystal Palace,eng Premier League,24,1995,0,,,,,0,,,0,,5,,,,,,,Matches
2104,Max Meyer,de GER,MF,Köln,de Bundesliga,24,1995,10,351,35,11.5,3.9,3,90,3,7,12,6,1.00,3,10,-7,-1.79,-1.16,Matches
2105,Omenuke Mfulu,cd COD,MF,Elche,es La Liga,26,1994,20,789,39,23.1,8.8,9,71,0,11,14,11,1.45,9,13,-4,-0.46,+0.13,Matches
2106,Kingsley Michael,ng NGA,MF,Bologna,it Serie A,20,1999,0,,,,,0,,0,0,,11,,,,,,,Matches
2107,Míchel,es ESP,MF,Valladolid,es La Liga,32,1988,22,946,43,27.7,10.5,10,69,1,12,22,14,0.64,11,21,-10,-0.95,-0.48,Matches
2108,Jonas Michelbrink,de GER,MF,Hertha BSC,de Bundesliga,19,2001,2,39,20,1.3,0.4,0,,0,2,20,1,2.00,0,0,0,0.00,+0.33,Matches
2109,Clément Michelin,fr FRA,"MF,DF",Lens,fr Ligue 1,23,1997,26,1154,44,33.7,12.8,13,78,7,13,11,4,1.54,20,16,+4,+0.31,+0.43,Matches
2110,Nikolaos Michelis,gr GRE,DF,Milan,it Serie A,19,2001,0,,,,,0,,0,0,,1,,,,,,,Matches
2111,Edouard Michut,fr FRA,MF,Paris Saint-Germain,fr Ligue 1,17,2003,1,2,2,0.1,0.0,0,,0,1,2,3,3.00,0,0,0,0.00,-1.53,Matches
2112,Petar Mićin,rs SRB,MF,Udinese,it Serie A,21,1998,1,15,15,0.4,0.2,0,,0,1,15,26,0.00,0,1,-1,-6.00,-5.60,Matches
2113,Claudiu Micovschi,ro ROU,MF,Genoa,it Serie A,21,1999,0,,,,,0,,0,0,,1,,,,,,,Matches
2114,Massimiliano Mignogna,it ITA,DF,Crotone,it Serie A,17,2003,0,,,,,0,,0,0,,2,,,,,,,Matches
2115,Florian Miguel,fr FRA,DF,Nîmes,fr Ligue 1,23,1996,21,1538,73,45.0,17.1,18,84,14,3,8,10,0.86,13,28,-15,-0.88,-0.11,Matches
2116,Valentin Mihaila,ro ROU,FW,Parma,it Serie A,20,2000,16,698,44,20.4,7.8,4,82,1,12,31,2,0.44,14,21,-7,-0.90,+0.32,Matches
2117,Jon Mikel Magunagoitia,es ESP,GK,Eibar,es La Liga,19,2000,0,,,,,0,,0,0,,2,,,,,,,Matches
2118,William Mikelbrencis,fr FRA,"DF,MF",Metz,fr Ligue 1,16,2004,0,,,,,0,,,0,,1,,,,,,,Matches
2119,Tommaso Milanese,it ITA,MF,Roma,it Serie A,18,2002,0,,,,,0,,0,0,,2,,,,,,,Matches
2120,Nikola Milenković,rs SRB,DF,Fiorentina,it Serie A,22,1997,34,3034,89,88.7,33.7,34,89,32,0,,1,1.06,44,52,-8,-0.24,+0.70,Matches
2121,Arkadiusz Milik,pl POL,FW,Marseille,fr Ligue 1,26,1994,15,1220,81,35.7,13.6,14,85,8,1,32,0,1.53,19,20,-1,-0.07,-0.40,Matches
2122,Sergej Milinković-Savić,rs SRB,MF,Lazio,it Serie A,25,1995,32,2746,86,80.3,30.5,32,86,22,0,,1,1.81,53,48,+5,+0.16,+0.03,Matches
2123,Vanja Milinković-Savić,rs SRB,GK,Torino,it Serie A,23,1997,5,450,90,13.2,5.0,5,90,5,0,,26,1.33,9,9,0,0.00,+0.58,Matches
2124,Éder Militão,br BRA,DF,Real Madrid,es La Liga,22,1998,14,1133,81,33.1,12.6,13,84,12,1,45,13,2.14,26,7,+19,+1.51,+0.72,Matches
2125,Luka Milivojević,rs SRB,MF,Crystal Palace,eng Premier League,29,1991,31,2359,76,69.0,26.2,27,85,18,4,13,1,1.23,25,47,-22,-0.84,-0.58,Matches
2126,Luis Milla,es ESP,MF,Granada,es La Liga,25,1994,16,1253,78,36.6,13.9,14,84,6,2,36,1,1.38,16,22,-6,-0.43,+0.07,Matches
2127,Pere Milla,es ESP,"FW,MF",Elche,es La Liga,27,1992,32,1981,62,57.9,22.0,22,78,9,10,27,5,0.91,20,29,-9,-0.41,+0.34,Matches
2128,Álex Millán,es ESP,FW,Villarreal,es La Liga,20,1999,1,2,2,0.1,0.0,0,,0,1,2,1,3.00,0,0,0,0.00,-0.42,Matches
2129,Vincenzo Millico,it ITA,FW,Torino,it Serie A,19,2000,3,21,7,0.6,0.2,0,,0,3,7,0,0.00,0,0,0,0.00,+0.50,Matches
2130,Enzo Millot,fr FRA,MF,Monaco,fr Ligue 1,18,2002,2,41,21,1.2,0.5,0,,0,2,21,14,0.00,1,0,+1,+2.20,+1.32,Matches
2131,James Milner,eng ENG,MF,Liverpool,eng Premier League,34,1986,26,1070,41,31.3,11.9,11,76,6,15,16,4,1.73,16,10,+6,+0.50,-0.26,Matches
2132,Santi Mina,es ESP,FW,Celta Vigo,es La Liga,24,1995,34,2412,71,70.5,26.8,29,79,15,5,21,1,1.32,44,42,+2,+0.07,+0.43,Matches
2133,Yerry Mina,co COL,DF,Everton,eng Premier League,25,1994,24,1937,81,56.6,21.5,23,84,20,1,2,6,1.96,33,22,+11,+0.51,+1.24,Matches
2134,Takumi Minamino,jp JPN,"MF,FW",Southampton,eng Premier League,25,1995,10,711,71,20.8,7.9,9,75,2,1,33,5,1.10,13,14,-1,-0.13,+0.54,Matches
2135,Takumi Minamino,jp JPN,"MF,FW",Liverpool,eng Premier League,25,1995,9,293,33,8.6,3.3,2,90,2,7,16,11,1.89,10,4,+6,+1.84,+1.27,Matches
2136,Tyrone Mings,eng ENG,DF,Aston Villa,eng Premier League,27,1993,36,3194,89,93.4,35.5,36,89,35,0,,0,1.50,50,42,+8,+0.23,-0.17,Matches
2137,Óscar Mingueza,es ESP,DF,Barcelona,es La Liga,21,1999,27,1901,70,55.6,21.1,23,80,15,4,15,5,2.30,49,20,+29,+1.37,+0.31,Matches
2138,Antonio Mionić,hr CRO,MF,Milan,it Serie A,19,2001,0,,,,,0,,0,0,,1,,,,,,,Matches
2139,Rafa Mir,es ESP,FW,Huesca,es La Liga,23,1997,38,2877,76,84.1,32.0,32,86,24,6,23,0,0.89,31,45,-14,-0.44,+0.39,Matches
2140,Jorge Miramón,es ESP,DF,Levante,es La Liga,31,1989,26,1732,67,50.6,19.2,19,85,11,7,16,6,1.15,30,33,-3,-0.16,+0.27,Matches
2141,Aleksei Miranchuk,ru RUS,MF,Atalanta,it Serie A,24,1995,25,675,27,19.7,7.5,4,65,0,21,20,8,2.08,15,12,+3,+0.40,-0.91,Matches
2142,Juan Miranda,es ESP,DF,Real Betis,es La Liga,20,2000,22,1652,75,48.3,18.4,18,87,16,4,23,11,1.82,24,18,+6,+0.33,+0.63,Matches
2143,Antonio Mirante,it ITA,GK,Roma,it Serie A,37,1983,13,1153,89,33.7,12.8,13,89,12,0,,18,1.62,21,19,+2,+0.16,-0.16,Matches
2144,Tyrick Mitchell,eng ENG,DF,Crystal Palace,eng Premier League,20,1999,19,1710,90,50.0,19.0,19,90,19,0,,11,1.26,22,32,-10,-0.53,+0.26,Matches
2145,Aleksandar Mitrović,rs SRB,FW,Fulham,eng Premier League,25,1994,27,1402,52,41.0,15.6,13,89,12,14,18,3,0.63,12,24,-12,-0.77,-0.15,Matches
2146,Stefan Mitrović,rs SRB,DF,Strasbourg,fr Ligue 1,30,1990,32,2784,87,81.4,30.9,31,88,30,1,45,3,1.00,35,51,-16,-0.52,-1.51,Matches
2147,Maximilian Mittelstädt,de GER,"DF,MF",Hertha BSC,de Bundesliga,23,1997,27,1797,67,58.7,20.0,22,78,12,5,18,4,0.85,19,38,-19,-0.95,-1.52,Matches
2148,Henrikh Mkhitaryan,am ARM,MF,Roma,it Serie A,31,1989,34,2745,81,80.3,30.5,30,87,25,4,33,0,1.71,57,43,+14,+0.46,+0.99,Matches
2149,Jakub Moder,pl POL,MF,Brighton,eng Premier League,21,1999,12,647,54,18.9,7.2,7,85,3,5,10,7,1.25,8,10,-2,-0.28,-0.15,Matches
2150,Anthony Modeste,fr FRA,FW,Köln,de Bundesliga,32,1988,8,221,28,7.2,2.5,1,69,0,7,22,5,0.75,0,6,-6,-2.44,-1.81,Matches
2151,Anthony Modeste,fr FRA,FW,Saint-Étienne,fr Ligue 1,32,1988,7,293,42,8.6,3.3,3,64,0,4,25,1,1.14,4,2,+2,+0.61,+1.02,Matches
2152,Luka Modrić,hr CRO,MF,Real Madrid,es La Liga,34,1985,35,2733,78,79.9,30.4,32,82,18,3,32,1,2.14,50,23,+27,+0.89,-0.68,Matches
2153,Terem Moffi,ng NGA,FW,Lorient,fr Ligue 1,21,1999,32,2073,65,60.6,23.0,26,75,3,6,21,0,1.19,33,39,-6,-0.26,+0.54,Matches
2154,Kevin Möhwald,de GER,MF,Werder Bremen,de Bundesliga,27,1993,27,1555,58,50.8,17.3,17,76,1,10,27,1,0.81,18,25,-7,-0.41,+0.43,Matches
2155,Niklas Moisander,fi FIN,DF,Werder Bremen,de Bundesliga,34,1985,18,1222,68,39.9,13.6,12,90,12,6,24,16,0.67,12,29,-17,-1.25,-1.06,Matches
2156,Johan Mojica,co COL,"DF,MF",Elche,es La Liga,27,1992,17,1204,71,35.2,13.4,14,82,11,3,20,0,0.82,11,22,-11,-0.82,-0.42,Matches
2157,Johan Mojica,co COL,MF,Atalanta,it Serie A,27,1992,11,299,27,8.7,3.3,3,70,1,8,11,3,1.82,4,3,+1,+0.30,-0.91,Matches
2158,Clinton Mola,eng ENG,"DF,MF",Stuttgart,de Bundesliga,19,2001,0,,,,,0,,0,0,,2,,,,,,,Matches
2159,Leonardo Moleri,it ITA,GK,Milan,it Serie A,18,2002,0,,,,,0,,0,0,,1,,,,,,,Matches
2160,Guillem Molina,es ESP,DF,Valencia,es La Liga,20,2000,2,153,77,4.5,1.7,1,79,0,1,74,13,0.00,1,4,-3,-1.76,-1.76,Matches
2161,Jorge Molina,es ESP,FW,Granada,es La Liga,38,1982,33,1615,49,47.2,17.9,17,74,6,16,22,5,1.09,25,36,-11,-0.61,-0.26,Matches
2162,Nahuel Molina,ar ARG,MF,Udinese,it Serie A,22,1998,29,1828,63,53.5,20.3,18,89,15,11,20,4,1.00,27,34,-7,-0.34,+0.16,Matches
2163,Salvatore Molina,it ITA,MF,Crotone,it Serie A,28,1992,29,2315,80,67.7,25.7,28,82,18,1,27,0,0.66,35,63,-28,-1.09,+0.46,Matches
2164,Marco Molla,al ALB,GK,Bologna,it Serie A,18,2002,0,,,,,0,,0,0,,1,,,,,,,Matches
2165,Victor Mollejo,es ESP,"FW,MF",Getafe,es La Liga,19,2001,4,72,18,2.1,0.8,0,,0,4,18,4,0.75,0,1,-1,-1.25,-0.87,Matches
2166,Victor Mollejo,es ESP,"FW,MF",Atlético Madrid,es La Liga,19,2001,0,,,,,0,,0,0,,1,,,,,,,Matches
2167,Florent Mollet,fr FRA,MF,Montpellier,fr Ligue 1,28,1991,34,2355,69,68.9,26.2,30,76,11,4,22,0,1.32,41,44,-3,-0.11,-0.20,Matches
2168,Jayson Molumby,ie IRL,MF,Brighton,eng Premier League,20,1999,1,1,1,0.0,0.0,0,,0,1,1,5,3.00,0,0,0,0.00,+0.16,Matches
2169,Alkhaly Momo Cissé,gn GUI,FW,Stuttgart,de Bundesliga,17,2002,5,38,8,1.2,0.4,0,,0,5,8,5,0.40,2,0,+2,+4.74,+4.77,Matches
2170,Jon Moncayola,es ESP,MF,Osasuna,es La Liga,22,1998,36,2660,74,77.8,29.6,28,87,18,8,30,0,1.11,27,39,-12,-0.41,-0.52,Matches
2171,Gabriele Moncini,it ITA,FW,Benevento,it Serie A,24,1996,10,357,36,10.4,4.0,4,57,0,6,22,7,1.10,4,9,-5,-1.26,-0.38,Matches
2172,Thomas Monconduit,fr FRA,MF,Lorient,fr Ligue 1,29,1991,27,1153,43,33.7,12.8,12,74,3,15,18,3,1.30,19,30,-11,-0.86,-0.58,Matches
2173,Kévin Monnet-Paquet,fr FRA,MF,Saint-Étienne,fr Ligue 1,31,1988,16,564,35,16.5,6.3,7,59,0,9,17,9,1.69,7,11,-4,-0.64,-0.39,Matches
2174,Nacho Monreal,es ESP,DF,Real Sociedad,es La Liga,34,1986,26,2082,80,60.9,23.1,23,87,20,3,27,6,1.73,38,20,+18,+0.78,+0.58,Matches
2175,Cristóbal Montiel,es ESP,MF,Fiorentina,it Serie A,20,2000,2,4,2,0.1,0.0,0,,0,2,2,25,1.50,0,0,0,0.00,+0.32,Matches
2176,Lorenzo Montipò,it ITA,GK,Benevento,it Serie A,24,1996,37,3330,90,97.4,37.0,37,90,37,0,,0,0.86,39,74,-35,-0.95,-0.95,Matches
2177,Ángel Montoro,es ESP,MF,Granada,es La Liga,32,1988,22,1362,62,39.8,15.1,17,70,4,5,33,3,1.27,21,21,0,0.00,+0.79,Matches
2178,Martín Montoya,es ESP,DF,Real Betis,es La Liga,29,1991,5,239,48,7.0,2.7,2,82,1,3,25,22,1.20,1,4,-3,-1.13,-1.21,Matches
2179,Emre Mor,tr TUR,"FW,MF",Celta Vigo,es La Liga,23,1997,11,500,45,14.6,5.6,6,65,0,5,22,6,0.91,6,8,-2,-0.36,-0.36,Matches
2180,Luca Mora,it ITA,MF,Spezia,it Serie A,32,1988,4,113,28,3.3,1.3,1,71,0,3,14,7,0.75,0,4,-4,-3.19,-2.75,Matches
2181,Wesley Moraes,br BRA,FW,Aston Villa,eng Premier League,23,1996,3,18,6,0.5,0.2,0,,0,3,6,4,0.33,1,1,0,0.00,-0.24,Matches
2182,Álvaro Morata,es ESP,FW,Juventus,it Serie A,27,1992,32,2014,63,58.9,22.4,23,79,10,9,22,1,1.94,43,23,+20,+0.89,-0.32,Matches
2183,Jan Morávek,cz CZE,MF,Augsburg,de Bundesliga,30,1989,5,267,53,8.7,3.0,3,67,0,2,34,1,0.80,4,4,0,0.00,+0.58,Matches
2184,Jon Morcillo,es ESP,MF,Athletic Club,es La Liga,21,1998,30,1363,45,39.9,15.1,16,70,3,14,17,8,1.23,14,12,+2,+0.13,+0.04,Matches
2185,Jérémy Morel,mg MAD,DF,Lorient,fr Ligue 1,36,1984,28,2493,89,72.9,27.7,28,89,27,0,,2,1.18,41,52,-11,-0.40,+0.28,Matches
2186,Alberto Moreno,es ESP,DF,Villarreal,es La Liga,28,1992,5,193,39,5.6,2.1,2,70,0,3,18,6,1.80,6,3,+3,+1.40,+1.04,Matches
2187,Álex Moreno,es ESP,DF,Real Betis,es La Liga,27,1993,23,1786,78,52.2,19.8,20,86,17,3,22,13,1.39,27,32,-5,-0.25,-0.53,Matches
2188,Gerard Moreno,es ESP,"FW,MF",Villarreal,es La Liga,28,1992,33,2673,81,78.2,29.7,30,85,19,3,37,0,1.55,53,34,+19,+0.64,+1.00,Matches
2189,Tete Morente,es ESP,MF,Elche,es La Liga,23,1996,30,2019,67,59.0,22.4,23,78,10,7,31,4,0.93,19,29,-10,-0.45,+0.26,Matches
2190,Lorenzo Moretti,it ITA,DF,Inter,it Serie A,18,2002,0,,,,,0,,0,0,,5,,,,,,,Matches
2191,Mateu Morey,es ESP,"DF,MF",Dortmund,de Bundesliga,20,2000,13,829,64,27.1,9.2,10,79,2,3,14,14,1.92,22,17,+5,+0.54,-0.43,Matches
2192,Wes Morgan,jm JAM,DF,Leicester City,eng Premier League,36,1984,3,18,6,0.5,0.2,0,,0,3,6,10,3.00,1,0,+1,+5.00,+4.55,Matches
2193,Ilaix Moriba,gn GUI,MF,Barcelona,es La Liga,17,2003,14,542,39,15.8,6.0,4,68,0,10,27,3,2.21,12,6,+6,+1.00,-0.29,Matches
2194,Raúl Moro,es ESP,MF,Lazio,it Serie A,17,2002,1,11,11,0.3,0.1,0,,0,1,11,5,0.00,0,0,0,0.00,-0.16,Matches
2195,Loren Morón,es ESP,FW,Real Betis,es La Liga,26,1993,26,991,38,29.0,11.0,9,71,0,17,21,11,1.42,6,14,-8,-0.73,-1.02,Matches
2196,Lennart Moser,de GER,GK,Union Berlin,de Bundesliga,20,1999,0,,,,,0,,0,0,,5,,,,,,,Matches
2197,Pedro Mosquera,es ESP,MF,Huesca,es La Liga,32,1988,27,2050,76,59.9,22.8,24,84,17,3,11,3,0.89,20,33,-13,-0.57,-0.18,Matches
2198,Kevin Mouanga,cg CGO,DF,Angers,fr Ligue 1,20,2000,0,,,,,0,,,0,,3,,,,,,,Matches
2199,Aimen Moueffek,fr FRA,"DF,MF",Saint-Étienne,fr Ligue 1,19,2001,19,743,39,21.7,8.3,6,78,4,13,21,11,1.11,6,17,-11,-1.33,-1.30,Matches
2200,Mohamed Moukhliss,es ESP,MF,Valladolid,es La Liga,20,2000,0,,,,,0,,0,0,,1,,,,,,,Matches
2201,Youssoufa Moukoko,de GER,FW,Dortmund,de Bundesliga,15,2004,14,422,30,13.8,4.7,2,85,1,12,21,4,1.14,10,5,+5,+1.07,+0.25,Matches
2202,Harold Moukoudi,cm CMR,DF,Saint-Étienne,fr Ligue 1,22,1997,26,2276,88,66.5,25.3,26,88,25,0,,3,1.23,32,38,-6,-0.24,+0.23,Matches
2203,Jessy Moulin,fr FRA,GK,Saint-Étienne,fr Ligue 1,34,1986,29,2610,90,76.3,29.0,29,90,29,0,,0,1.14,30,42,-12,-0.41,-0.41,Matches
2204,Steve Mounié,bj BEN,FW,Brest,fr Ligue 1,25,1994,35,2680,77,78.4,29.8,31,84,16,4,20,0,1.09,42,48,-6,-0.20,+1.01,Matches
2205,Mason Mount,eng ENG,MF,Chelsea,eng Premier League,21,1999,36,2890,80,84.5,32.1,32,87,26,4,25,1,1.69,48,32,+16,+0.50,-0.52,Matches
2206,Lucas Moura,br BRA,"MF,FW",Tottenham Hotspur,eng Premier League,27,1992,30,1411,47,41.3,15.7,14,77,7,16,21,7,1.67,29,18,+11,+0.70,+0.16,Matches
2207,Lys Mousset,fr FRA,FW,Sheffield United,eng Premier League,24,1996,11,296,27,8.7,3.3,2,61,0,9,19,8,0.00,1,10,-9,-2.74,-1.76,Matches
2208,João Moutinho,pt POR,MF,Wolves,eng Premier League,33,1986,33,2528,77,73.9,28.1,28,87,18,5,21,1,1.24,26,39,-13,-0.46,-0.16,Matches
2209,Samuel Moutoussamy,cd COD,FW,Nantes,fr Ligue 1,23,1996,1,82,82,2.4,0.9,1,82,0,0,,4,1.00,0,0,0,0.00,+0.22,Matches
2210,Loris Mouyokolo,fr FRA,DF,Lorient,fr Ligue 1,19,2001,1,19,19,0.6,0.2,0,,0,1,19,9,0.00,0,0,0,0.00,+0.48,Matches
2211,Toni Moya,es ESP,MF,Atlético Madrid,es La Liga,22,1998,0,,,,,0,,0,0,,3,,,,,,,Matches
2212,Javi Moyano,es ESP,DF,Valladolid,es La Liga,34,1986,2,103,52,3.0,1.1,2,52,1,0,,0,0.50,1,2,-1,-0.87,-0.28,Matches
2213,Nordi Mukiele,fr FRA,"DF,MF",RB Leipzig,de Bundesliga,22,1997,28,1677,60,54.8,18.6,21,75,9,7,16,2,2.04,37,14,+23,+1.23,+0.91,Matches
2214,Mert Müldür,tr TUR,DF,Sassuolo,it Serie A,21,1999,28,1672,60,48.9,18.6,18,77,4,10,29,8,1.79,35,29,+6,+0.32,+0.22,Matches
2215,Florian Müller,de GER,GK,Freiburg,de Bundesliga,22,1997,31,2790,90,91.2,31.0,31,90,31,0,,0,1.32,45,46,-1,-0.03,-0.37,Matches
2216,Sebastian Müller,de GER,"FW,MF",Arminia,de Bundesliga,19,2001,2,4,2,0.1,0.0,0,,0,2,2,1,0.00,0,1,-1,-22.50,-21.76,Matches
2217,Thomas Müller,de GER,MF,Bayern Munich,de Bundesliga,30,1989,32,2674,84,87.4,29.7,31,85,20,1,27,0,2.41,90,37,+53,+1.78,+1.32,Matches
2218,Joel Mumbongo,se SWE,FW,Burnley,eng Premier League,21,1999,4,40,10,1.2,0.4,0,,0,4,10,5,0.25,0,1,-1,-2.25,-1.69,Matches
2219,Marshall Munetsi,zw ZIM,"MF,DF",Reims,fr Ligue 1,24,1996,27,1928,71,56.4,21.4,21,83,17,6,30,3,1.19,26,31,-5,-0.23,-0.05,Matches
2220,Iker Muniain,es ESP,MF,Athletic Club,es La Liga,27,1992,28,1943,69,56.8,21.6,23,78,5,5,28,1,1.18,28,26,+2,+0.09,-0.03,Matches
2221,Aihen Muñoz,es ESP,DF,Real Sociedad,es La Liga,22,1997,16,1210,76,35.4,13.4,14,85,12,2,9,11,1.44,19,13,+6,+0.45,-0.16,Matches
2222,Joaquín Muñoz,es ESP,"FW,MF",Huesca,es La Liga,21,1999,3,41,14,1.2,0.5,0,,0,3,14,2,0.67,0,1,-1,-2.20,-1.72,Matches
2223,Louis Munteanu,ro ROU,FW,Fiorentina,it Serie A,18,2002,0,,,,,0,,0,0,,3,,,,,,,Matches
2224,Luis Muriel,co COL,"FW,MF",Atalanta,it Serie A,29,1991,36,1436,40,42.0,16.0,16,61,0,20,23,1,2.14,48,20,+28,+1.75,+1.07,Matches
2225,Jeison Murillo,co COL,DF,Celta Vigo,es La Liga,28,1992,31,2699,87,78.9,30.0,31,87,27,0,,1,1.29,39,45,-6,-0.20,-0.70,Matches
2226,Vedat Muriqi,xk KVX,FW,Lazio,it Serie A,26,1994,27,832,31,24.3,9.2,7,67,2,20,18,4,1.78,9,11,-2,-0.22,-0.49,Matches
2227,Jacob Murphy,eng ENG,"DF,MF",Newcastle United,eng Premier League,25,1995,26,1626,63,47.5,18.1,17,86,13,9,19,7,1.08,27,33,-6,-0.33,+0.17,Matches
2228,Nicola Murru,it ITA,"MF,DF",Torino,it Serie A,25,1994,14,569,41,16.6,6.3,7,65,1,7,16,14,0.93,8,11,-3,-0.47,+0.03,Matches
2229,Petar Musa,hr CRO,FW,Union Berlin,de Bundesliga,22,1998,14,715,51,23.4,7.9,8,68,0,6,29,1,1.50,8,10,-2,-0.25,-0.60,Matches
2230,Mateo Musacchio,ar ARG,DF,Lazio,it Serie A,29,1990,4,229,57,6.7,2.5,2,86,1,2,29,11,3.00,4,1,+3,+1.18,+1.09,Matches
2231,Mateo Musacchio,ar ARG,DF,Milan,it Serie A,29,1990,1,34,34,1.0,0.4,0,,0,1,34,7,0.00,0,1,-1,-2.65,-3.55,Matches
2232,Yunus Musah,us USA,MF,Valencia,es La Liga,17,2002,32,1530,48,44.7,17.0,17,72,1,15,21,5,0.97,21,25,-4,-0.24,-0.28,Matches
2233,Torben Müsel,de GER,"FW,MF",Gladbach,de Bundesliga,21,1999,0,,,,,0,,0,0,,1,,,,,,,Matches
2234,Jamal Musiala,de GER,MF,Bayern Munich,de Bundesliga,17,2003,26,881,34,28.8,9.8,7,67,0,19,22,8,2.35,26,14,+12,+1.23,-0.55,Matches
2235,Juan Musso,ar ARG,GK,Udinese,it Serie A,26,1994,35,3147,90,92.0,35.0,35,90,34,0,,0,1.06,36,51,-15,-0.43,-0.10,Matches
2236,Mattia Mustacchio,it ITA,"FW,MF",Crotone,it Serie A,31,1989,0,,,,,0,,0,0,,3,,,,,,,Matches
2237,Shkodran Mustafi,de GER,DF,Arsenal,eng Premier League,28,1992,3,47,16,1.4,0.5,0,,0,3,16,6,2.00,0,1,-1,-1.91,-2.37,Matches
2238,Shkodran Mustafi,de GER,DF,Schalke 04,de Bundesliga,28,1992,13,1037,80,33.9,11.5,11,90,11,2,24,1,0.62,8,28,-20,-1.74,+0.09,Matches
2239,Yoshinori Mutō,jp JPN,"FW,MF",Eibar,es La Liga,28,1992,26,1122,43,32.8,12.5,13,70,3,13,16,4,0.85,10,18,-8,-0.64,-0.05,Matches
2240,Phillipp Mwene,at AUT,"MF,DF",Mainz 05,de Bundesliga,26,1994,20,1674,84,54.7,18.6,19,88,16,1,10,8,1.65,23,27,-4,-0.22,+0.63,Matches
2241,Joakim Mæhle,dk DEN,MF,Atalanta,it Serie A,23,1997,20,1216,61,35.6,13.5,12,87,9,8,21,3,2.25,31,14,+17,+1.26,+0.20,Matches
2242,Obite N'Dicka,ci CIV,DF,Eintracht Frankfurt,de Bundesliga,20,1999,23,2044,89,66.8,22.7,23,89,22,0,,4,1.96,51,35,+16,+0.70,+0.70,Matches
2243,Kévin N'Doram,fr FRA,MF,Metz,fr Ligue 1,24,1996,6,307,51,9.0,3.4,4,65,1,2,25,0,0.67,3,7,-4,-1.17,-1.17,Matches
2244,Ferris N'Goma,fr FRA,"FW,MF",Brest,fr Ligue 1,27,1993,0,,,,,0,,,0,,6,,,,,,,Matches
2245,Stanley N'Soki,fr FRA,DF,Nice,fr Ligue 1,21,1999,18,1246,69,36.4,13.8,13,89,11,5,19,13,0.89,14,24,-10,-0.72,-1.01,Matches
2246,Nacho,es ESP,DF,Real Madrid,es La Liga,30,1990,24,2000,83,58.5,22.2,22,88,21,2,34,9,2.33,40,14,+26,+1.17,+0.35,Matches
2247,Nacho,es ESP,DF,Valladolid,es La Liga,31,1989,23,1813,79,53.0,20.1,21,86,19,2,6,14,0.87,22,34,-12,-0.60,+0.02,Matches
2248,Yuto Nagatomo,jp JPN,"DF,MF",Marseille,fr Ligue 1,33,1986,25,1594,64,46.6,17.7,20,74,8,5,22,8,1.48,16,20,-4,-0.23,-0.77,Matches
2249,Kenny Nagera,fr FRA,FW,Paris Saint-Germain,fr Ligue 1,18,2002,1,2,2,0.1,0.0,0,,0,1,2,0,3.00,0,0,0,0.00,-1.53,Matches
2250,Radja Nainggolan,be BEL,MF,Cagliari,it Serie A,32,1988,22,1841,84,53.8,20.5,22,84,15,0,,0,0.91,18,24,-6,-0.29,+0.28,Matches
2251,Radja Nainggolan,be BEL,"FW,MF",Inter,it Serie A,32,1988,4,46,12,1.3,0.5,0,,0,4,12,1,2.50,4,0,+4,+7.83,+6.49,Matches
2252,Marvelous Nakamba,zw ZIM,MF,Aston Villa,eng Premier League,26,1994,13,749,58,21.9,8.3,9,81,5,4,4,25,2.15,10,6,+4,+0.48,+0.31,Matches
2253,Nahitan Nández,uy URU,MF,Cagliari,it Serie A,24,1995,32,2737,86,80.0,30.4,31,88,26,1,23,0,1.06,36,49,-13,-0.43,-0.03,Matches
2254,Nano,es ESP,FW,Cádiz,es La Liga,25,1995,1,9,9,0.3,0.1,0,,0,1,9,7,1.00,0,0,0,0.00,+0.58,Matches
2255,Paul Nardi,fr FRA,GK,Lorient,fr Ligue 1,26,1994,23,2070,90,60.5,23.0,23,90,23,0,,7,0.96,29,43,-14,-0.61,-0.34,Matches
2256,Richard Nartey,eng ENG,DF,Burnley,eng Premier League,21,1998,0,,,,,0,,,0,,9,,,,,,,Matches
2257,Matija Nastasić,rs SRB,DF,Schalke 04,de Bundesliga,27,1993,15,1221,81,39.9,13.6,14,87,12,1,2,3,0.53,12,33,-21,-1.55,+0.41,Matches
2258,Roberto Navarro,es ESP,MF,Real Sociedad,es La Liga,18,2002,1,35,35,1.0,0.4,0,,0,1,35,5,0.00,0,0,0,0.00,-0.56,Matches
2259,Ximo Navarro,es ESP,DF,Alavés,es La Liga,30,1990,31,2375,77,69.4,26.4,28,83,21,3,18,4,1.16,21,34,-13,-0.49,+0.20,Matches
2260,Jesús Navas,es ESP,DF,Sevilla,es La Liga,34,1985,34,2827,83,82.7,31.4,34,83,25,0,,1,1.91,42,31,+11,+0.35,-1.02,Matches
2261,Keylor Navas,cr CRC,GK,Paris Saint-Germain,fr Ligue 1,33,1986,29,2520,87,73.7,28.0,29,87,27,0,,1,2.28,64,18,+46,+1.64,+0.44,Matches
2262,Raúl Navas,es ESP,DF,Osasuna,es La Liga,32,1988,2,168,84,4.9,1.9,2,84,1,0,,17,0.00,1,6,-5,-2.68,-2.51,Matches
2263,Amjhad Nazih,fr FRA,GK,Nîmes,fr Ligue 1,18,2002,0,,,,,0,,,0,,22,,,,,,,Matches
2264,Papa Ndiaga Yade,mr MTN,"FW,MF",Metz,fr Ligue 1,20,2000,28,1001,36,29.3,11.1,9,65,1,19,22,10,1.18,15,11,+4,+0.36,+0.66,Matches
2265,Iliman Ndiaye,sn SEN,"FW,MF",Sheffield United,eng Premier League,20,2000,1,12,12,0.4,0.1,0,,0,1,12,6,0.00,0,1,-1,-7.50,-6.39,Matches
2266,Wilfred Ndidi,ng NGA,"MF,DF",Leicester City,eng Premier League,23,1996,26,2176,84,63.6,24.2,25,86,21,1,22,1,1.88,48,31,+17,+0.70,+0.63,Matches
2267,Bridge Ndilu,fr FRA,FW,Nantes,fr Ligue 1,20,2000,6,42,7,1.2,0.5,0,,0,6,7,7,0.33,1,1,0,0.00,+0.21,Matches
2268,Tanguy Ndombele,fr FRA,MF,Tottenham Hotspur,eng Premier League,23,1996,33,2091,63,61.1,23.2,28,72,6,5,13,3,1.52,39,24,+15,+0.65,+0.10,Matches
2269,Dan Ndoye,ch SUI,"MF,FW",Nice,fr Ligue 1,19,2000,28,551,20,16.1,6.1,3,54,0,25,16,9,1.36,9,8,+1,+0.16,+0.29,Matches
2270,Angelo Ndrecka,al ALB,DF,Lazio,it Serie A,18,2001,0,,,,,0,,0,0,,1,,,,,,,Matches
2271,Paul Nebel,de GER,"FW,MF",Mainz 05,de Bundesliga,17,2002,4,51,13,1.7,0.6,0,,0,4,13,3,0.00,0,2,-2,-3.53,-3.08,Matches
2272,Álvaro Negredo,es ESP,FW,Cádiz,es La Liga,34,1985,35,2198,63,64.3,24.4,29,73,4,6,15,0,1.20,21,41,-20,-0.82,-0.67,Matches
2273,Reiss Nelson,eng ENG,"FW,MF",Arsenal,eng Premier League,20,1999,2,71,36,2.1,0.8,0,,0,2,36,4,0.50,0,0,0,0.00,-0.43,Matches
2274,Ilija Nestorovski,mk MKD,FW,Udinese,it Serie A,30,1990,22,701,32,20.5,7.8,4,78,2,18,22,8,0.95,11,10,+1,+0.13,+0.69,Matches
2275,Neto,br BRA,GK,Barcelona,es La Liga,31,1989,7,630,90,18.4,7.0,7,90,7,0,,28,1.57,11,6,+5,+0.71,-0.64,Matches
2276,Pedro Neto,pt POR,"MF,FW",Wolves,eng Premier League,20,2000,31,2550,82,74.6,28.3,30,84,19,1,21,0,1.23,30,38,-8,-0.28,+0.55,Matches
2277,Luca Netz,de GER,DF,Hertha BSC,de Bundesliga,17,2003,11,309,28,10.1,3.4,2,68,1,9,19,3,1.00,4,9,-5,-1.46,-1.26,Matches
2278,Manuel Neuer,de GER,GK,Bayern Munich,de Bundesliga,34,1986,33,2970,90,97.1,33.0,33,90,33,0,,1,2.33,97,42,+55,+1.67,+1.67,Matches
2279,Florian Neuhaus,de GER,MF,Gladbach,de Bundesliga,23,1997,33,2622,79,85.7,29.1,30,84,18,3,31,0,1.45,55,46,+9,+0.31,+0.51,Matches
2280,Carlos Neva,es ESP,DF,Granada,es La Liga,24,1996,22,1797,82,52.5,20.0,21,85,16,1,10,4,1.45,22,26,-4,-0.20,+0.58,Matches
2281,Rúben Neves,pt POR,MF,Wolves,eng Premier League,23,1997,36,2675,74,78.2,29.7,31,84,21,5,15,1,1.17,26,43,-17,-0.57,-0.69,Matches
2282,Neymar,br BRA,"MF,FW",Paris Saint-Germain,fr Ligue 1,28,1992,18,1415,79,41.4,15.7,15,89,11,3,26,0,1.94,32,15,+17,+1.08,-0.76,Matches
2283,Yvan Neyou,cm CMR,MF,Saint-Étienne,fr Ligue 1,23,1997,31,2438,79,71.3,27.1,29,82,14,2,33,0,1.26,29,37,-8,-0.30,+0.07,Matches
2284,Jessic Ngankam,de GER,FW,Hertha BSC,de Bundesliga,20,2000,15,296,20,9.7,3.3,2,67,0,13,13,7,0.87,4,5,-1,-0.30,+0.02,Matches
2285,Simon Ngapandouetnbu,cm CMR,GK,Marseille,fr Ligue 1,17,2003,0,,,,,0,,,0,,8,,,,,,,Matches
2286,Muzinga Ngonda,cd COD,DF,Dijon,fr Ligue 1,25,1994,30,2307,77,67.5,25.6,25,86,20,5,33,3,0.50,16,48,-32,-1.25,+0.05,Matches
2287,Ahmad Ngouyamsa,td CHA,DF,Dijon,fr Ligue 1,19,2000,3,157,52,4.6,1.7,2,72,1,1,13,9,1.00,1,4,-3,-1.72,-0.48,Matches
2288,Opa Nguette,sn SEN,"FW,MF",Metz,fr Ligue 1,26,1994,16,1132,71,33.1,12.6,13,81,3,3,27,0,1.44,15,14,+1,+0.08,+0.28,Matches
2289,Moussa Niakhate,sn SEN,DF,Mainz 05,de Bundesliga,24,1996,32,2866,90,93.7,31.8,32,90,31,0,,0,1.22,37,45,-8,-0.25,+3.92,Matches
2290,Abdoulaye Niakhate Ndiaye,sn SEN,DF,Lyon,fr Ligue 1,18,2002,0,,,,,0,,,0,,2,,,,,,,Matches
2291,Ibrahima Niane,sn SEN,FW,Metz,fr Ligue 1,21,1999,10,663,66,19.4,7.4,9,71,2,1,23,0,1.00,8,8,0,0.00,+0.13,Matches
2292,M'Baye Niang,sn SEN,FW,Rennes,fr Ligue 1,25,1994,9,422,47,12.3,4.7,4,76,0,5,24,2,1.67,4,3,+1,+0.21,-0.12,Matches
2293,Mamor Niang,es ESP,FW,Getafe,es La Liga,18,2002,1,22,22,0.6,0.2,0,,0,1,22,10,0.00,0,2,-2,-8.18,-7.84,Matches
2294,Tanguy Nianzou,fr FRA,DF,Bayern Munich,de Bundesliga,18,2002,6,118,20,3.9,1.3,0,,0,6,20,3,2.17,2,1,+1,+0.76,-0.89,Matches
2295,Cheikh Niasse,sn SEN,MF,Lille,fr Ligue 1,20,2000,0,,,,,0,,,0,,14,,,,,,,Matches
2296,Hans Nicolussi Caviglia,it ITA,MF,Juventus,it Serie A,20,2000,0,,,,,0,,0,0,,1,,,,,,,Matches
2297,Hans Nicolussi Caviglia,it ITA,MF,Parma,it Serie A,20,2000,0,,,,,0,,0,0,,7,,,,,,,Matches
2298,Florian Niederlechner,de GER,FW,Augsburg,de Bundesliga,29,1990,28,1737,62,56.8,19.3,21,75,4,7,23,3,0.82,19,31,-12,-0.62,-0.21,Matches
2299,Nieto,es ESP,FW,Cádiz,es La Liga,22,1998,2,14,7,0.4,0.2,0,,0,2,7,2,0.00,0,1,-1,-6.43,-5.87,Matches
2300,Saúl Ñíguez,es ESP,MF,Atlético Madrid,es La Liga,25,1994,33,2033,62,59.4,22.6,22,79,12,11,27,1,2.24,39,15,+24,+1.06,-0.11,Matches
2301,Joakim Nilsson,se SWE,DF,Arminia,de Bundesliga,26,1994,25,2162,86,70.7,24.0,24,89,23,1,16,8,1.12,19,33,-14,-0.58,+0.62,Matches
2302,Casimir Ninga,td CHA,"FW,MF",Angers,fr Ligue 1,27,1993,1,23,23,0.7,0.3,0,,0,1,23,0,3.00,0,0,0,0.00,+0.48,Matches
2303,Nino,es ESP,"FW,MF",Elche,es La Liga,40,1980,16,284,18,8.3,3.2,0,,0,16,18,17,0.50,1,9,-8,-2.54,-2.16,Matches
2304,Fernando Niño,es ESP,FW,Villarreal,es La Liga,19,2000,17,593,35,17.3,6.6,8,63,0,9,10,19,1.18,11,10,+1,+0.15,-0.33,Matches
2305,Eddie Nketiah,eng ENG,FW,Arsenal,eng Premier League,21,1999,17,423,25,12.4,4.7,4,67,0,13,12,11,1.12,4,6,-2,-0.43,-0.97,Matches
2306,Nicolas Nkoulou,cm CMR,DF,Torino,it Serie A,30,1990,18,1358,75,39.7,15.1,16,83,13,2,19,14,0.83,20,30,-10,-0.66,-0.27,Matches
2307,Niels Nkounkou,fr FRA,DF,Everton,eng Premier League,19,2000,2,81,41,2.4,0.9,1,68,0,1,13,24,0.00,0,1,-1,-1.11,-1.11,Matches
2308,Christopher Nkunku,fr FRA,"MF,FW",RB Leipzig,de Bundesliga,22,1997,28,1892,68,61.8,21.0,19,85,10,9,30,0,1.96,39,17,+22,+1.05,+0.58,Matches
2309,Dan Nlundulu,eng ENG,FW,Southampton,eng Premier League,21,1999,13,111,9,3.2,1.2,0,,0,13,9,16,0.92,0,1,-1,-0.81,-0.27,Matches
2310,Felix Nmecha,de GER,MF,Manchester City,eng Premier League,19,2000,0,,,,,0,,,0,,1,,,,,,,Matches
2311,Mark Noble,eng ENG,MF,West Ham United,eng Premier League,33,1987,21,712,34,20.8,7.9,8,72,2,13,11,11,1.86,11,15,-4,-0.51,-1.14,Matches
2312,Ryan Nolan,ie IRL,DF,Getafe,es La Liga,21,1999,0,,,,,0,,0,0,,2,,,,,,,Matches
2313,Peru Nolaskoain,es ESP,"DF,MF",Athletic Club,es La Liga,21,1998,0,,,,,0,,0,0,,3,,,,,,,Matches
2314,Nolito,es ESP,"MF,FW",Celta Vigo,es La Liga,33,1986,36,2597,72,75.9,28.9,35,73,4,1,31,1,1.44,45,38,+7,+0.24,+1.23,Matches
2315,Nahuel Noll,de GER,GK,Hoffenheim,de Bundesliga,17,2003,0,,,,,0,,0,0,,1,,,,,,,Matches
2316,Arnaud Nordin,fr FRA,"MF,FW",Saint-Étienne,fr Ligue 1,22,1998,32,1771,55,51.8,19.7,20,69,1,12,32,0,1.34,20,24,-4,-0.20,+0.23,Matches
2317,Håvard Nordtveit,no NOR,DF,Hoffenheim,de Bundesliga,30,1990,12,700,58,22.9,7.8,6,90,6,6,27,4,1.67,15,14,+1,+0.13,+0.24,Matches
2318,Will Norris,eng ENG,GK,Burnley,eng Premier League,26,1993,2,180,90,5.3,2.0,2,90,2,0,,15,0.00,0,4,-4,-2.00,-1.50,Matches
2319,Oliver Norwood,nir NIR,MF,Sheffield United,eng Premier League,29,1991,32,2220,69,64.9,24.7,26,79,15,6,29,5,0.69,12,43,-31,-1.26,-0.36,Matches
2320,Mattia Novella,it ITA,DF,Lazio,it Serie A,19,2001,0,,,,,0,,0,0,,2,,,,,,,Matches
2321,Hugo Novoa,es ESP,"DF,MF",RB Leipzig,de Bundesliga,17,2003,0,,,,,0,,0,0,,1,,,,,,,Matches
2322,Olivier Ntcham,cm CMR,MF,Marseille,fr Ligue 1,24,1996,4,120,30,3.5,1.3,2,45,0,2,15,9,0.50,0,2,-2,-1.50,-1.75,Matches
2323,Kahamba Ntumba,fr FRA,GK,Dijon,fr Ligue 1,19,2001,0,,,,,0,,,0,,2,,,,,,,Matches
2324,Alexander Nübel,de GER,GK,Bayern Munich,de Bundesliga,23,1996,1,90,90,2.9,1.0,1,90,1,0,,26,1.00,2,2,0,0.00,-1.67,Matches
2325,Kasim Nuhu,gh GHA,DF,Hoffenheim,de Bundesliga,25,1995,12,987,82,32.3,11.0,11,87,10,1,30,12,1.42,18,15,+3,+0.27,+0.49,Matches
2326,Unai Núñez,es ESP,DF,Athletic Club,es La Liga,23,1997,25,2109,84,61.7,23.4,23,88,22,2,42,12,1.32,28,23,+5,+0.21,+0.28,Matches
2327,Bram Nuytinck,nl NED,DF,Udinese,it Serie A,30,1990,20,1641,82,48.0,18.2,19,86,15,1,13,4,1.65,24,19,+5,+0.27,+1.34,Matches
2328,Kelechi Nwakali,ng NGA,MF,Huesca,es La Liga,22,1998,5,141,28,4.1,1.6,1,56,0,4,21,11,0.60,0,6,-6,-3.83,-3.47,Matches
2329,Simeon Nwankwo,ng NGA,FW,Crotone,it Serie A,28,1992,38,2943,77,86.1,32.7,31,89,26,7,26,0,0.61,38,73,-35,-1.07,+1.19,Matches
2330,Gerzino Nyamsi,cm CMR,DF,Rennes,fr Ligue 1,23,1997,14,871,62,25.5,9.7,10,83,8,4,9,16,1.14,13,9,+4,+0.41,+0.13,Matches
2331,Allan Nyom,cm CMR,"MF,DF",Getafe,es La Liga,32,1988,31,2323,75,67.9,25.8,28,81,15,3,14,3,1.16,17,27,-10,-0.39,+0.02,Matches
2332,M'Bala Nzola,ao ANG,FW,Spezia,it Serie A,23,1996,25,1896,76,55.4,21.1,21,85,14,4,26,0,1.08,31,38,-7,-0.33,+0.44,Matches
2333,Steven Nzonzi,fr FRA,MF,Rennes,fr Ligue 1,31,1988,34,2908,86,85.0,32.3,33,87,30,1,33,1,1.62,49,35,+14,+0.43,+0.78,Matches
2334,Jack O'Connell,eng ENG,DF,Sheffield United,eng Premier League,26,1994,2,180,90,5.3,2.0,2,90,2,0,,0,0.00,0,3,-3,-1.50,-0.39,Matches
2335,Dara O'Shea,ie IRL,DF,West Brom,eng Premier League,21,1999,28,2102,75,61.5,23.4,25,81,21,3,25,8,0.71,17,51,-34,-1.46,-0.98,Matches
2336,Michael Obafemi,ie IRL,FW,Southampton,eng Premier League,20,2000,4,61,15,1.8,0.7,0,,0,4,15,10,1.50,0,2,-2,-2.95,-2.44,Matches
2337,Dimitri Oberlin,ch SUI,"FW,MF",Bayern Munich,de Bundesliga,22,1997,0,,,,,0,,0,0,,1,,,,,,,Matches
2338,Pedro Obiang,gq EQG,MF,Sassuolo,it Serie A,28,1992,33,1469,45,43.0,16.3,16,73,5,17,17,4,1.61,24,27,-3,-0.18,-0.69,Matches
2339,Jan Oblak,si SVN,GK,Atlético Madrid,es La Liga,27,1993,38,3420,90,100.0,38.0,38,90,38,0,,0,2.26,67,25,+42,+1.11,,Matches
2340,Marvin Obuz,de GER,MF,Köln,de Bundesliga,18,2002,0,,,,,0,,0,0,,1,,,,,,,Matches
2341,Lucas Ocampos,ar ARG,FW,Sevilla,es La Liga,26,1994,34,2631,77,76.9,29.2,30,83,12,4,38,0,2.00,37,25,+12,+0.41,-0.50,Matches
2342,Bastian Oczipka,de GER,"DF,MF",Schalke 04,de Bundesliga,31,1989,27,1922,71,62.8,21.4,20,89,18,7,21,6,0.52,16,60,-44,-2.06,-0.72,Matches
2343,Brian Oddei,it ITA,FW,Sassuolo,it Serie A,17,2002,5,45,9,1.3,0.5,0,,0,5,9,16,0.60,4,3,+1,+2.00,+1.81,Matches
2344,Denis Odoi,gh GHA,DF,Fulham,eng Premier League,32,1988,3,270,90,7.9,3.0,3,90,3,0,,18,0.00,3,10,-7,-2.33,-1.79,Matches
2345,Álvaro Odriozola,es ESP,"DF,MF",Real Madrid,es La Liga,24,1995,13,829,64,24.2,9.2,9,78,5,4,33,13,2.31,12,8,+4,+0.43,-0.78,Matches
2346,Mipo Odubeko,ie IRL,FW,West Ham United,eng Premier League,17,2002,0,,,,,0,,,0,,18,,,,,,,Matches
2347,Angelo Ogbonna,it ITA,DF,West Ham United,eng Premier League,32,1988,28,2492,89,72.9,27.7,28,89,27,0,,1,1.64,42,34,+8,+0.29,-0.39,Matches
2348,Jakub Ojrzynski,pl POL,GK,Liverpool,eng Premier League,17,2003,0,,,,,0,,,0,,1,,,,,,,Matches
2349,Stefano Okaka,it ITA,FW,Udinese,it Serie A,30,1989,22,1489,68,43.5,16.5,17,80,9,5,26,4,0.82,20,25,-5,-0.30,+0.21,Matches
2350,Shinji Okazaki,jp JPN,FW,Huesca,es La Liga,34,1986,25,1128,45,33.0,12.5,14,69,3,11,14,9,0.72,9,14,-5,-0.40,+0.15,Matches
2351,Masaya Okugawa,jp JPN,MF,Arminia,de Bundesliga,24,1996,13,914,70,29.9,10.2,11,79,2,2,24,2,1.31,7,7,0,0.00,+1.09,Matches
2352,Olasagasti,es ESP,MF,Real Sociedad,es La Liga,19,2000,0,,,,,0,,0,0,,1,,,,,,,Matches
2353,Lucas Olaza,uy URU,DF,Valladolid,es La Liga,26,1994,14,1260,90,36.8,14.0,14,90,14,0,,2,0.71,11,20,-9,-0.64,-0.06,Matches
2354,Lucas Olaza,uy URU,DF,Celta Vigo,es La Liga,26,1994,18,1615,90,47.2,17.9,18,90,15,0,,1,1.33,22,24,-2,-0.11,-0.11,Matches
2355,Christian Oliva,uy URU,MF,Cagliari,it Serie A,24,1996,10,388,39,11.3,4.3,3,84,1,7,20,10,0.80,4,5,-1,-0.23,+0.21,Matches
2356,Christian Oliva,uy URU,MF,Valencia,es La Liga,24,1996,9,198,22,5.8,2.2,1,84,0,8,14,8,0.89,4,3,+1,+0.45,+0.57,Matches
2357,Kiko Olivas,es ESP,DF,Valladolid,es La Liga,31,1988,5,177,35,5.2,2.0,1,90,1,4,22,3,0.40,3,4,-1,-0.51,+0.10,Matches
2358,Paulo Oliveira,pt POR,DF,Eibar,es La Liga,28,1992,31,2641,85,77.2,29.3,29,89,28,2,23,3,0.81,23,38,-15,-0.51,+0.41,Matches
2359,Mathías Olivera,uy URU,DF,Getafe,es La Liga,22,1997,31,2614,84,76.4,29.0,30,87,24,1,3,1,1.03,20,25,-5,-0.17,+0.94,Matches
2360,Maximiliano Olivera,uy URU,DF,Fiorentina,it Serie A,28,1992,2,91,46,2.7,1.0,1,90,1,1,1,15,2.00,0,0,0,0.00,+0.32,Matches
2361,Dani Olmo,es ESP,MF,RB Leipzig,de Bundesliga,22,1998,32,2194,69,71.7,24.4,26,78,8,6,27,0,2.00,46,20,+26,+1.07,+0.86,Matches
2362,Robin Olsen,se SWE,GK,Roma,it Serie A,30,1990,0,,,,,0,,0,0,,1,,,,,,,Matches
2363,Robin Olsen,se SWE,GK,Everton,eng Premier League,30,1990,7,630,90,18.4,7.0,7,90,7,0,,21,1.29,9,9,0,0.00,+0.03,Matches
2364,Warmed Omari,km COM,DF,Rennes,fr Ligue 1,20,2000,0,,,,,0,,,0,,1,,,,,,,Matches
2365,Jonas Omlin,ch SUI,GK,Montpellier,fr Ligue 1,26,1994,31,2673,86,78.2,29.7,31,86,29,0,,0,1.29,50,51,-1,-0.03,+0.09,Matches
2366,Jérôme Onguéné,cm CMR,DF,Genoa,it Serie A,22,1997,4,181,45,5.3,2.0,1,90,1,3,30,11,1.00,3,6,-3,-1.49,-1.27,Matches
2367,Karim Onisiwo,at AUT,"FW,MF",Mainz 05,de Bundesliga,28,1992,31,1843,59,60.2,20.5,19,83,7,12,23,0,1.13,19,36,-17,-0.83,-0.83,Matches
2368,Josh Onomah,eng ENG,MF,Fulham,eng Premier League,23,1997,11,374,34,10.9,4.2,4,74,1,7,11,13,0.36,2,12,-10,-2.41,-1.93,Matches
2369,Javier Ontiveros,es ESP,"FW,MF",Villarreal,es La Liga,22,1997,0,,,,,0,,0,0,,2,,,,,,,Matches
2370,Javier Ontiveros,es ESP,"FW,MF",Huesca,es La Liga,22,1997,20,918,46,26.8,10.2,10,72,3,10,20,6,0.55,5,18,-13,-1.27,-1.06,Matches
2371,Samed Onur,tr TUR,FW,Leverkusen,de Bundesliga,18,2002,0,,,,,0,,0,0,,2,,,,,,,Matches
2372,Tyler Onyango,eng ENG,MF,Everton,eng Premier League,17,2003,0,,,,,0,,,0,,8,,,,,,,Matches
2373,Henry Onyekuru,ng NGA,FW,Monaco,fr Ligue 1,23,1997,4,140,35,4.1,1.6,2,52,0,2,19,2,1.75,3,3,0,0.00,-0.93,Matches
2374,Willi Orban,hu HUN,DF,RB Leipzig,de Bundesliga,27,1992,29,2363,81,77.2,26.3,25,90,25,4,28,4,1.90,46,24,+22,+0.84,+0.06,Matches
2375,Fabián Orellana,cl CHI,MF,Valladolid,es La Liga,34,1986,30,2138,71,62.5,23.8,27,77,10,3,19,1,0.90,20,31,-11,-0.46,+0.38,Matches
2376,Divock Origi,be BEL,FW,Liverpool,eng Premier League,25,1995,9,186,21,5.4,2.1,2,68,0,7,7,17,1.33,2,0,+2,+0.97,+0.30,Matches
2377,Franco Orlando Vezzoni,it ITA,MF,Inter,it Serie A,18,2001,0,,,,,0,,0,0,,3,,,,,,,Matches
2378,Aimar Oroz,es ESP,MF,Osasuna,es La Liga,18,2001,0,,,,,0,,0,0,,9,,,,,,,Matches
2379,Riccardo Orsolini,it ITA,MF,Bologna,it Serie A,23,1997,34,1755,52,51.3,19.5,21,71,5,13,20,0,1.15,28,31,-3,-0.15,+0.44,Matches
2380,Stefan Ortega,de GER,GK,Arminia,de Bundesliga,27,1992,34,3060,90,100.0,34.0,34,90,34,0,,0,1.03,26,52,-26,-0.76,,Matches
2381,Eneko Ortiz,es ESP,MF,Alavés,es La Liga,17,2003,0,,,,,0,,0,0,,2,,,,,,,Matches
2382,Yuya Osako,jp JPN,"FW,MF",Werder Bremen,de Bundesliga,30,1990,24,762,32,24.9,8.5,7,65,0,17,18,8,0.63,9,20,-11,-1.30,-0.91,Matches
2383,Ben Osborn,eng ENG,"MF,FW",Sheffield United,eng Premier League,25,1994,24,1604,67,46.9,17.8,17,82,10,7,30,10,0.67,6,29,-23,-1.29,-0.30,Matches
2384,Victor Osimhen,ng NGA,FW,Napoli,it Serie A,21,1998,24,1573,66,46.0,17.5,16,83,6,8,31,1,2.13,44,19,+25,+1.43,+0.46,Matches
2385,Yordan Osorio,ve VEN,DF,Parma,it Serie A,26,1994,23,1809,79,52.9,20.1,21,84,16,2,26,4,0.52,22,42,-20,-1.00,+0.35,Matches
2386,David Ospina,co COL,GK,Napoli,it Serie A,31,1988,16,1440,90,42.1,16.0,16,90,16,0,,17,2.06,33,12,+21,+1.31,+0.22,Matches
2387,William Osula,dk DEN,FW,Sheffield United,eng Premier League,16,2003,0,,,,,0,,,0,,1,,,,,,,Matches
2388,Nicolás Otamendi,ar ARG,DF,Manchester City,eng Premier League,32,1988,0,,,,,0,,,0,,1,,,,,,,Matches
2389,Owen Otasowie,us USA,MF,Wolves,eng Premier League,19,2001,6,187,31,5.5,2.1,2,65,0,4,15,17,1.00,4,5,-1,-0.48,-0.06,Matches
2390,Otávio,br BRA,MF,Bordeaux,fr Ligue 1,26,1994,18,1559,87,45.6,17.3,18,87,16,0,,0,1.44,17,18,-1,-0.06,+0.57,Matches
2391,Paulo Otávio,br BRA,DF,Wolfsburg,de Bundesliga,25,1994,23,1737,76,56.8,19.3,19,89,15,4,13,2,1.52,30,19,+11,+0.57,-0.31,Matches
2392,Remi Oudin,fr FRA,"MF,FW",Bordeaux,fr Ligue 1,23,1996,38,2420,64,70.8,26.9,27,77,5,11,31,0,1.18,31,39,-8,-0.30,+0.24,Matches
2393,Adam Oudjani,dz ALG,MF,Lens,fr Ligue 1,18,2001,0,,,,,0,,,0,,2,,,,,,,Matches
2394,Nabil Ouennas,dz ALG,GK,Saint-Étienne,fr Ligue 1,17,2003,0,,,,,0,,,0,,1,,,,,,,Matches
2395,Alexandre Oukidja,dz ALG,GK,Metz,fr Ligue 1,32,1988,34,3058,90,89.4,34.0,34,90,32,0,,0,1.35,41,38,+3,+0.09,+1.83,Matches
2396,Zinédine Ould Khaled,fr FRA,MF,Angers,fr Ligue 1,20,2000,3,38,13,1.1,0.4,0,,0,3,13,12,0.00,0,3,-3,-7.11,-6.71,Matches
2397,Adam Ounas,dz ALG,FW,Crotone,it Serie A,23,1996,15,1199,80,35.1,13.3,15,80,4,0,,1,0.73,17,29,-12,-0.90,+0.52,Matches
2398,Adam Ounas,dz ALG,MF,Cagliari,it Serie A,23,1996,7,308,44,9.0,3.4,3,82,0,4,16,1,1.43,5,3,+2,+0.58,+1.10,Matches
2399,Abdoulaye Ousmane,mr MTN,DF,Strasbourg,fr Ligue 1,20,2000,0,,,,,0,,,0,,6,,,,,,,Matches
2400,Thomas Ouwejan,nl NED,MF,Udinese,it Serie A,23,1996,15,413,28,12.1,4.6,3,74,1,12,16,14,0.33,5,12,-7,-1.53,-1.26,Matches
2401,Reece Oxford,eng ENG,DF,Augsburg,de Bundesliga,21,1998,24,1358,57,44.4,15.1,13,90,12,11,17,10,1.29,17,29,-12,-0.80,-0.48,Matches
2402,Alex Oxlade-Chamberlain,eng ENG,"MF,FW",Liverpool,eng Premier League,26,1993,13,253,19,7.4,2.8,2,56,0,11,13,12,1.54,5,6,-1,-0.36,-1.12,Matches
2403,Mikel Oyarzabal,es ESP,"MF,FW",Real Sociedad,es La Liga,23,1997,33,2408,73,70.4,26.8,30,77,6,3,34,0,1.82,45,24,+21,+0.78,+0.78,Matches
2404,Ambroise Oyongo,cm CMR,"DF,MF",Montpellier,fr Ligue 1,29,1991,13,558,43,16.3,6.2,5,84,3,8,17,7,1.38,9,11,-2,-0.32,-0.32,Matches
2405,Salih Özcan,tr TUR,MF,Köln,de Bundesliga,22,1998,28,1371,49,44.8,15.2,15,80,7,13,14,6,1.04,13,27,-14,-0.92,-0.28,Matches
2406,Cenk Özkacar,tr TUR,DF,Lyon,fr Ligue 1,19,2000,0,,,,,0,,,0,,4,,,,,,,Matches
2407,Levin Öztunalı,de GER,"MF,DF",Mainz 05,de Bundesliga,24,1996,17,758,45,24.8,8.4,7,75,2,10,23,12,0.94,8,13,-5,-0.59,-0.12,Matches
2408,Pablo,br BRA,DF,Bordeaux,fr Ligue 1,29,1991,13,1076,83,31.5,12.0,12,87,11,1,31,2,1.08,13,16,-3,-0.25,+0.17,Matches
2409,Fernando Pacheco,es ESP,GK,Alavés,es La Liga,28,1992,38,3349,88,97.9,37.2,37,90,37,1,19,0,1.00,36,57,-21,-0.56,-0.56,Matches
2410,Jon Pacheco,es ESP,DF,Real Sociedad,es La Liga,19,2001,1,32,32,0.9,0.4,0,,0,1,32,7,0.00,1,0,+1,+2.81,+2.28,Matches
2411,Gonçalo Paciência,pt POR,FW,Schalke 04,de Bundesliga,25,1994,15,749,50,24.5,8.3,9,72,3,6,17,1,0.60,8,21,-13,-1.56,+0.31,Matches
2412,Daniele Padelli,it ITA,GK,Inter,it Serie A,34,1985,1,45,45,1.3,0.5,0,,0,1,45,32,3.00,3,1,+2,+4.00,+2.61,Matches
2413,Mattia Pagliuca,it ITA,FW,Bologna,it Serie A,18,2002,1,13,13,0.4,0.1,0,,0,1,13,4,0.00,0,0,0,0.00,+0.37,Matches
2414,Marko Pajač,hr CRO,"DF,MF",Cagliari,it Serie A,27,1993,0,,,,,0,,0,0,,3,,,,,,,Matches
2415,Vincent Pajot,fr FRA,MF,Metz,fr Ligue 1,29,1990,12,914,76,26.7,10.2,11,81,6,1,25,0,1.25,12,11,+1,+0.10,+0.28,Matches
2416,Rodrigo Palacio,ar ARG,FW,Bologna,it Serie A,38,1982,36,2502,70,73.2,27.8,28,85,15,8,14,1,1.11,39,53,-14,-0.50,-0.50,Matches
2417,Exequiel Palacios,ar ARG,MF,Leverkusen,de Bundesliga,21,1998,9,572,64,18.7,6.4,7,78,4,2,13,12,2.22,7,5,+2,+0.31,-0.12,Matches
2418,Helibelton Palacios,co COL,DF,Elche,es La Liga,27,1993,11,743,68,21.7,8.3,8,84,7,3,23,7,1.00,4,12,-8,-0.97,-0.53,Matches
2419,Ante Palaversa,hr CRO,MF,Getafe,es La Liga,20,2000,2,9,5,0.3,0.1,0,,0,2,5,11,1.50,0,0,0,0.00,+0.40,Matches
2420,Alberto Paleari,it ITA,GK,Genoa,it Serie A,27,1992,3,206,69,6.0,2.3,2,90,2,1,26,27,1.33,3,3,0,0.00,+0.31,Matches
2421,Nicolas Pallois,fr FRA,DF,Nantes,fr Ligue 1,32,1987,32,2776,87,81.2,30.8,31,89,30,1,4,2,1.16,39,44,-5,-0.16,+0.26,Matches
2422,Cole Palmer,eng ENG,"FW,MF",Manchester City,eng Premier League,18,2002,0,,,,,0,,,0,,6,,,,,,,Matches
2423,Emerson Palmieri,it ITA,"DF,MF",Chelsea,eng Premier League,25,1994,2,90,45,2.6,1.0,0,,0,2,45,19,3.00,2,0,+2,+2.00,+1.46,Matches
2424,Antonio Palumbo,it ITA,MF,Sampdoria,it Serie A,23,1996,1,7,7,0.2,0.1,0,,0,1,7,0,3.00,0,0,0,0.00,+0.05,Matches
2425,Martin Palumbo,no NOR,MF,Udinese,it Serie A,18,2002,3,63,21,1.8,0.7,1,55,0,2,4,15,0.00,0,2,-2,-2.86,-2.48,Matches
2426,Diego Pampín,es ESP,DF,Celta Vigo,es La Liga,20,2000,0,,,,,0,,0,0,,1,,,,,,,Matches
2427,Simone Panada,it ITA,MF,Atalanta,it Serie A,18,2002,0,,,,,0,,0,0,,1,,,,,,,Matches
2428,Goran Pandev,mk MKD,"FW,MF",Genoa,it Serie A,37,1983,29,1404,48,41.1,15.6,15,68,2,14,27,2,1.10,20,25,-5,-0.32,-0.05,Matches
2429,Yannick Pandor,km COM,GK,Lens,fr Ligue 1,19,2001,0,,,,,0,,,0,,1,,,,,,,Matches
2430,Ivor Pandur,hr CRO,GK,Hellas Verona,it Serie A,20,2000,4,332,83,9.7,3.7,4,83,3,0,,34,0.75,4,6,-2,-0.54,-0.54,Matches
2431,Jonathan Panzo,eng ENG,DF,Dijon,fr Ligue 1,19,2000,22,1801,82,52.7,20.0,21,84,16,1,36,12,0.50,11,37,-26,-1.30,-0.08,Matches
2432,Francesco Paolo Cusumano,it ITA,DF,Cagliari,it Serie A,19,2001,0,,,,,0,,0,0,,1,,,,,,,Matches
2433,Merveille Papela,de GER,MF,Mainz 05,de Bundesliga,19,2001,1,2,2,0.1,0.0,0,,0,1,2,4,0.00,0,0,0,0.00,+0.50,Matches
2434,Lucas Paquetá,br BRA,MF,Lyon,fr Ligue 1,22,1997,30,2275,76,66.5,25.3,27,81,12,3,33,1,2.10,61,31,+30,+1.19,+0.56,Matches
2435,Lucas Paquetá,br BRA,"FW,MF",Milan,it Serie A,22,1997,0,,,,,0,,0,0,,2,,,,,,,Matches
2436,Gaëtan Paquiez,fr FRA,DF,Nîmes,fr Ligue 1,26,1994,16,1046,65,30.6,11.6,11,86,7,5,20,19,0.69,9,23,-14,-1.20,-0.56,Matches
2437,Rubén Pardo,es ESP,MF,Bordeaux,fr Ligue 1,27,1992,2,23,12,0.7,0.3,0,,0,2,12,2,1.50,1,0,+1,+3.91,+4.31,Matches
2438,Aitor Paredes,es ESP,DF,Athletic Club,es La Liga,20,2000,0,,,,,0,,0,0,,7,,,,,,,Matches
2439,Leandro Paredes,ar ARG,MF,Paris Saint-Germain,fr Ligue 1,26,1994,21,1302,62,38.1,14.5,16,74,5,5,22,6,1.90,35,14,+21,+1.45,-0.12,Matches
2440,Daniel Parejo,es ESP,MF,Villarreal,es La Liga,31,1989,36,3112,86,91.0,34.6,36,86,28,0,,0,1.50,56,43,+13,+0.38,-0.50,Matches
2441,Vittorio Parigini,it ITA,"FW,MF",Genoa,it Serie A,24,1996,4,56,14,1.6,0.6,0,,0,4,14,3,0.25,1,0,+1,+1.61,+1.93,Matches
2442,Marco Parolo,it ITA,"MF,DF",Lazio,it Serie A,35,1985,18,653,36,19.1,7.3,7,62,2,11,20,17,1.94,8,14,-6,-0.83,-1.22,Matches
2443,Thomas Partey,gh GHA,MF,Arsenal,eng Premier League,27,1993,24,1534,64,44.9,17.0,18,80,10,6,17,0,1.58,22,17,+5,+0.29,-0.23,Matches
2444,Thomas Partey,gh GHA,MF,Atlético Madrid,es La Liga,27,1993,3,200,67,5.8,2.2,2,90,2,1,20,0,1.67,3,1,+2,+0.90,-0.22,Matches
2445,Mario Pašalić,hr CRO,MF,Atalanta,it Serie A,25,1995,25,1122,45,32.8,12.5,10,76,5,15,24,2,2.08,28,22,+6,+0.48,-0.97,Matches
2446,Felix Passlack,de GER,"DF,MF",Dortmund,de Bundesliga,22,1998,7,362,52,11.8,4.0,3,82,2,4,29,14,2.57,9,3,+6,+1.49,+0.72,Matches
2447,Christian Pastina,it ITA,DF,Benevento,it Serie A,19,2001,3,121,40,3.5,1.3,0,,0,3,40,30,0.33,2,5,-3,-2.23,-1.36,Matches
2448,Alfonso Pastor,es ESP,GK,Sevilla,es La Liga,19,2000,0,,,,,0,,0,0,,15,,,,,,,Matches
2449,Ignacio Pastor,es ESP,DF,Elche,es La Liga,17,2003,0,,,,,0,,0,0,,3,,,,,,,Matches
2450,Javier Pastore,ar ARG,MF,Roma,it Serie A,31,1989,5,82,16,2.4,0.9,0,,0,5,16,14,1.40,5,1,+4,+4.39,+4.23,Matches
2451,Patric,es ESP,DF,Lazio,it Serie A,27,1993,25,1595,64,46.6,17.7,18,79,9,7,24,9,1.84,25,28,-3,-0.17,-0.61,Matches
2452,Rui Patrício,pt POR,GK,Wolves,eng Premier League,32,1988,37,3329,90,97.3,37.0,37,90,36,0,,1,1.22,36,51,-15,-0.41,+0.58,Matches
2453,Paulinho,br BRA,FW,Leverkusen,de Bundesliga,20,2000,1,65,65,2.1,0.7,1,65,0,0,,1,0.00,0,2,-2,-2.77,-3.25,Matches
2454,Gabriel Paulista,br BRA,DF,Valencia,es La Liga,29,1990,31,2716,88,79.4,30.2,31,88,30,0,,0,1.10,43,44,-1,-0.03,+0.22,Matches
2455,Benjamin Pavard,fr FRA,DF,Bayern Munich,de Bundesliga,24,1996,24,1943,81,63.5,21.6,22,86,19,2,26,6,2.29,61,27,+34,+1.57,-0.12,Matches
2456,Jiří Pavlenka,cz CZE,GK,Werder Bremen,de Bundesliga,28,1992,34,3060,90,100.0,34.0,34,90,34,0,,0,0.91,36,57,-21,-0.62,,Matches
2457,Vasileios Pavlidis,gr GRE,DF,Schalke 04,de Bundesliga,17,2002,1,2,2,0.1,0.0,0,,0,1,2,4,0.00,0,0,0,0.00,+1.80,Matches
2458,Mateo Pavlović,ba BIH,DF,Angers,fr Ligue 1,30,1990,14,1104,79,32.3,12.3,12,89,11,2,17,21,1.36,15,24,-9,-0.73,-0.38,Matches
2459,Strahinja Pavlović,rs SRB,DF,Monaco,fr Ligue 1,19,2001,1,1,1,0.0,0.0,0,,0,1,1,5,3.00,0,0,0,0.00,-0.89,Matches
2460,Leonardo Pavoletti,it ITA,FW,Cagliari,it Serie A,31,1988,33,1584,48,46.3,17.6,17,81,5,16,13,4,1.06,24,21,+3,+0.17,+1.10,Matches
2461,Dimitri Payet,fr FRA,"MF,FW",Marseille,fr Ligue 1,33,1987,33,2417,73,70.7,26.9,28,82,12,5,25,0,1.42,36,33,+3,+0.11,-0.25,Matches
2462,Nehuén Paz,ar ARG,DF,Bologna,it Serie A,27,1993,6,363,61,10.6,4.0,3,87,2,3,34,11,0.67,5,6,-1,-0.25,+0.13,Matches
2463,Bailey Peacock-Farrell,nir NIR,GK,Burnley,eng Premier League,23,1996,4,360,90,10.5,4.0,4,90,4,0,,31,0.00,2,14,-12,-3.00,-2.71,Matches
2464,Mads Pedersen,dk DEN,"DF,MF",Augsburg,de Bundesliga,23,1996,15,887,59,29.0,9.9,9,85,8,6,21,12,0.47,4,19,-15,-1.52,-1.40,Matches
2465,Alfonso Pedraza,es ESP,DF,Villarreal,es La Liga,24,1996,29,2093,72,61.2,23.3,24,80,12,5,33,5,1.52,36,29,+7,+0.30,-0.31,Matches
2466,Alfredo Pedraza,es ESP,DF,Levante,es La Liga,19,2000,0,,,,,0,,0,0,,4,,,,,,,Matches
2467,Pedri,es ESP,MF,Barcelona,es La Liga,17,2002,37,2415,65,70.6,26.8,28,76,6,9,32,0,2.05,66,26,+40,+1.49,+0.86,Matches
2468,Pedro,es ESP,MF,Roma,it Serie A,33,1987,27,1591,59,46.5,17.7,20,71,5,7,24,1,1.63,30,26,+4,+0.23,-0.07,Matches
2469,João Pedro,it ITA,"FW,MF",Cagliari,it Serie A,28,1992,37,3253,88,95.1,36.1,37,88,28,0,,1,0.97,41,55,-14,-0.39,+0.69,Matches
2470,Daouda Peeters,be BEL,MF,Juventus,it Serie A,21,1999,0,,,,,0,,0,0,,8,,,,,,,Matches
2471,Gianluca Pegolo,it ITA,GK,Sassuolo,it Serie A,39,1981,1,90,90,2.6,1.0,1,90,1,0,,34,1.00,0,0,0,0.00,-0.22,Matches
2472,Peter Pekarík,sk SVK,DF,Hertha BSC,de Bundesliga,33,1986,23,1692,74,55.3,18.8,22,76,10,1,19,11,1.04,28,30,-2,-0.11,+0.49,Matches
2473,Yohann Pelé,fr FRA,GK,Marseille,fr Ligue 1,37,1982,1,90,90,2.6,1.0,1,90,1,0,,34,0.00,1,2,-1,-1.00,-1.22,Matches
2474,Graziano Pellè,it ITA,FW,Parma,it Serie A,35,1985,13,614,47,18.0,6.8,6,77,3,7,22,1,0.31,11,16,-5,-0.73,+0.52,Matches
2475,Pietro Pellegri,it ITA,FW,Monaco,fr Ligue 1,19,2001,16,230,14,6.7,2.6,0,,0,16,14,9,1.56,4,2,+2,+0.78,-0.12,Matches
2476,Lorenzo Pellegrini,it ITA,MF,Roma,it Serie A,24,1996,34,2598,76,76.0,28.9,30,84,15,4,21,0,1.79,53,40,+13,+0.45,+0.78,Matches
2477,Luca Pellegrini,it ITA,"MF,DF",Genoa,it Serie A,21,1999,11,639,58,18.7,7.1,7,73,3,4,31,3,0.36,5,15,-10,-1.41,-1.38,Matches
2478,Facundo Pellistri,uy URU,"MF,FW",Alavés,es La Liga,18,2001,12,542,45,15.8,6.0,5,75,1,7,24,2,1.17,6,9,-3,-0.50,+0.06,Matches
2479,Andy Pelmard,mg MAD,DF,Nice,fr Ligue 1,20,2000,19,1207,64,35.3,13.4,12,86,11,7,25,15,1.26,21,20,+1,+0.07,+0.24,Matches
2480,Lee Peltier,eng ENG,DF,West Brom,eng Premier League,33,1986,4,229,57,6.7,2.5,3,75,2,1,4,23,0.50,1,8,-7,-2.75,-1.79,Matches
2481,Federico Peluso,it ITA,DF,Sassuolo,it Serie A,36,1984,7,207,30,6.1,2.3,2,90,2,5,5,30,2.00,5,5,0,0.00,-0.22,Matches
2482,Timothee Pembele,fr FRA,"DF,MF",Paris Saint-Germain,fr Ligue 1,17,2002,6,383,64,11.2,4.3,3,90,3,3,38,19,2.33,12,3,+9,+2.11,+0.66,Matches
2483,Iñaki Peña,es ESP,GK,Barcelona,es La Liga,21,1999,0,,,,,0,,0,0,,24,,,,,,,Matches
2484,Rubén Peña,es ESP,"DF,MF",Villarreal,es La Liga,29,1991,19,1116,59,32.6,12.4,12,83,9,7,18,7,1.32,20,15,+5,+0.40,-0.03,Matches
2485,Juan Peñaloza,co COL,MF,Huesca,es La Liga,20,2000,0,,,,,0,,0,0,,1,,,,,,,Matches
2486,Philipp Pentke,de GER,GK,Hoffenheim,de Bundesliga,35,1985,3,270,90,8.8,3.0,3,90,3,0,,30,1.67,4,3,+1,+0.33,+0.43,Matches
2487,Nicolas Pépé,ci CIV,"MF,FW",Arsenal,eng Premier League,25,1995,29,1616,56,47.3,18.0,16,81,8,13,24,6,1.48,26,21,+5,+0.28,-0.27,Matches
2488,Alberto Perea,es ESP,MF,Cádiz,es La Liga,29,1990,27,1549,57,45.3,17.2,16,75,5,11,31,5,1.00,19,33,-14,-0.81,-0.43,Matches
2489,Andreas Pereira,br BRA,"MF,FW",Lazio,it Serie A,24,1996,26,543,21,15.9,6.0,3,62,1,23,16,5,1.65,9,9,0,0.00,-0.19,Matches
2490,Danilo Pereira,pt POR,"MF,DF",Paris Saint-Germain,fr Ligue 1,28,1991,23,1430,62,41.8,15.9,16,81,11,7,19,3,2.26,38,15,+23,+1.45,-0.14,Matches
2491,Gabriel Pereira,br BRA,GK,Lazio,it Serie A,18,2002,0,,,,,0,,0,0,,5,,,,,,,Matches
2492,Mathias Pereira Lage,pt POR,MF,Angers,fr Ligue 1,23,1996,28,1467,52,42.9,16.3,16,77,1,12,20,1,1.18,18,21,-3,-0.18,+0.51,Matches
2493,Matheus Pereira,br BRA,MF,West Brom,eng Premier League,24,1996,33,2577,78,75.4,28.6,30,84,21,3,20,0,0.76,32,54,-22,-0.77,+1.26,Matches
2494,Pedro Pereira,pt POR,MF,Crotone,it Serie A,22,1998,35,2549,73,74.5,28.3,29,80,15,6,39,1,0.66,34,62,-28,-0.99,+0.97,Matches
2495,Ricardo Pereira,pt POR,"MF,DF",Leicester City,eng Premier League,26,1993,15,959,64,28.0,10.7,10,82,7,5,28,6,1.33,15,19,-4,-0.38,-1.18,Matches
2496,Gastón Pereiro,uy URU,MF,Cagliari,it Serie A,25,1995,15,272,18,8.0,3.0,2,56,0,13,12,9,0.33,6,5,+1,+0.33,+0.82,Matches
2497,Bruno Peres,br BRA,MF,Roma,it Serie A,30,1990,30,1427,48,41.7,15.9,14,77,8,16,22,6,1.70,28,22,+6,+0.38,+0.20,Matches
2498,Roberto Pereyra,ar ARG,"MF,FW",Udinese,it Serie A,29,1991,34,2925,86,85.5,32.5,34,86,23,0,,0,1.09,36,49,-13,-0.40,+0.15,Matches
2499,Ayoze Pérez,es ESP,"MF,FW",Leicester City,eng Premier League,27,1993,25,1331,53,38.9,14.8,15,75,6,10,21,4,1.64,29,21,+8,+0.54,+0.11,Matches
2500,Carles Pérez,es ESP,"MF,FW",Roma,it Serie A,22,1998,21,773,37,22.6,8.6,6,87,4,15,17,11,1.67,13,16,-3,-0.35,-0.79,Matches
2501,Hugo Perez,es ESP,DF,Alavés,es La Liga,17,2002,0,,,,,0,,0,0,,4,,,,,,,Matches
2502,Iñigo Pérez,es ESP,"MF,DF",Osasuna,es La Liga,32,1988,22,1347,61,39.4,15.0,16,81,7,6,9,5,1.09,11,16,-5,-0.33,-0.07,Matches
2503,Juan Pérez,es ESP,GK,Osasuna,es La Liga,24,1996,3,270,90,7.9,3.0,3,90,3,0,,25,1.33,3,3,0,0.00,+0.31,Matches
2504,Kike Pérez,es ESP,MF,Valladolid,es La Liga,23,1997,24,1159,48,33.9,12.9,12,77,5,12,20,11,0.58,7,20,-13,-1.01,-0.61,Matches
2505,Lucas Pérez,es ESP,FW,Alavés,es La Liga,31,1988,28,1759,63,51.4,19.5,19,78,5,9,31,4,1.07,19,29,-10,-0.51,+0.08,Matches
2506,Luis Pérez,es ESP,DF,Valladolid,es La Liga,25,1995,22,1297,59,37.9,14.4,15,76,9,7,22,13,0.86,11,26,-15,-1.04,-0.70,Matches
2507,Manuel Perez,fr FRA,MF,Lens,fr Ligue 1,29,1991,4,128,32,3.7,1.4,1,90,1,3,13,2,2.50,1,2,-1,-0.70,-0.76,Matches
2508,Nehuén Pérez,ar ARG,DF,Granada,es La Liga,20,2000,14,741,53,21.7,8.2,9,75,5,5,14,20,1.36,9,14,-5,-0.61,-0.17,Matches
2509,Nehuén Pérez,ar ARG,DF,Atlético Madrid,es La Liga,20,2000,0,,,,,0,,0,0,,3,,,,,,,Matches
2510,Pablo Pérez,es ESP,DF,Sevilla,es La Liga,18,2001,0,,,,,0,,0,0,,1,,,,,,,Matches
2511,Samu Pérez,es ESP,GK,Valladolid,es La Liga,23,1997,0,,,,,0,,0,0,,6,,,,,,,Matches
2512,Mattia Perin,it ITA,GK,Genoa,it Serie A,27,1992,32,2879,90,84.2,32.0,32,90,31,0,,2,1.19,41,44,-3,-0.09,+1.24,Matches
2513,Ivan Perišić,hr CRO,MF,Inter,it Serie A,31,1989,32,1795,56,52.5,19.9,20,75,4,12,24,4,2.28,46,21,+25,+1.25,-0.35,Matches
2514,Romain Perraud,fr FRA,DF,Brest,fr Ligue 1,22,1997,36,3140,87,91.8,34.9,35,90,34,1,7,0,1.11,47,56,-9,-0.26,+1.99,Matches
2515,Lucas Perrin,fr FRA,DF,Marseille,fr Ligue 1,21,1998,7,308,44,9.0,3.4,3,70,1,4,25,18,1.29,5,5,0,0.00,-0.20,Matches
2516,Taylor Perry,eng ENG,MF,Wolves,eng Premier League,19,2001,0,,,,,0,,,0,,3,,,,,,,Matches
2517,Pavao Pervan,at AUT,GK,Wolfsburg,de Bundesliga,32,1987,2,180,90,5.9,2.0,2,90,2,0,,30,0.50,3,4,-1,-0.50,-1.28,Matches
2518,Matteo Pessina,it ITA,MF,Atalanta,it Serie A,23,1997,28,1645,59,48.1,18.3,21,69,5,7,27,5,2.29,43,21,+22,+1.20,+0.14,Matches
2519,Andrea Petagna,it ITA,FW,Napoli,it Serie A,25,1995,26,964,37,28.2,10.7,9,72,2,17,19,5,1.92,22,14,+8,+0.75,-0.61,Matches
2520,Nils Petersen,de GER,FW,Freiburg,de Bundesliga,31,1988,32,1301,41,42.5,14.5,12,74,3,20,21,1,1.22,18,26,-8,-0.55,-0.96,Matches
2521,Lukas Petkov,bg BUL,"FW,MF",Augsburg,de Bundesliga,19,2000,1,4,4,0.1,0.0,0,,0,1,4,2,0.00,0,1,-1,-22.50,-22.00,Matches
2522,Danijel Petković,me MNE,GK,Angers,fr Ligue 1,27,1993,0,,,,,0,,,0,,1,,,,,,,Matches
2523,Denis Petrić,rs SRB,GK,Nantes,fr Ligue 1,32,1988,0,,,,,0,,,0,,37,,,,,,,Matches
2524,Jacopo Petriccione,it ITA,MF,Crotone,it Serie A,25,1995,20,958,48,28.0,10.6,11,75,2,9,14,14,0.80,13,25,-12,-1.13,+0.15,Matches
2525,Jens Petter Hauge,no NOR,MF,Milan,it Serie A,20,1999,18,532,30,15.6,5.9,3,72,0,15,21,17,1.94,16,7,+9,+1.52,+0.77,Matches
2526,Germán Pezzella,ar ARG,DF,Fiorentina,it Serie A,29,1991,32,2743,86,80.2,30.5,32,86,27,0,,2,1.09,40,48,-8,-0.26,+0.27,Matches
2527,Giuseppe Pezzella,it ITA,DF,Parma,it Serie A,22,1997,24,1828,76,53.5,20.3,21,82,11,3,35,3,0.58,27,37,-10,-0.49,+1.43,Matches
2528,Luca Philipp,de GER,GK,Hoffenheim,de Bundesliga,19,2000,0,,,,,0,,0,0,,4,,,,,,,Matches
2529,Maximilian Philipp,de GER,MF,Wolfsburg,de Bundesliga,26,1994,24,1111,46,36.3,12.3,13,75,1,11,12,4,1.96,27,16,+11,+0.89,+0.29,Matches
2530,Rayan Philippe,fr FRA,FW,Dijon,fr Ligue 1,19,2000,4,93,23,2.7,1.0,1,62,0,3,10,1,0.00,0,1,-1,-0.97,+0.30,Matches
2531,Romain Philippoteaux,fr FRA,MF,Nîmes,fr Ligue 1,32,1988,3,214,71,6.3,2.4,3,71,1,0,,0,1.00,6,4,+2,+0.84,+1.77,Matches
2532,Romain Philippoteaux,fr FRA,"MF,FW",Brest,fr Ligue 1,32,1988,17,581,34,17.0,6.5,8,53,0,9,18,7,0.53,3,11,-8,-1.24,-0.99,Matches
2533,Kalvin Phillips,eng ENG,MF,Leeds United,eng Premier League,24,1995,29,2428,84,71.0,27.0,28,87,25,1,1,0,1.83,46,34,+12,+0.44,+0.81,Matches
2534,Matt Phillips,sct SCO,MF,West Brom,eng Premier League,29,1991,33,1828,55,53.5,20.3,20,79,9,13,18,1,0.70,18,42,-24,-1.18,-0.22,Matches
2535,Nathaniel Phillips,eng ENG,DF,Liverpool,eng Premier League,23,1997,17,1456,86,42.6,16.2,15,90,15,2,53,13,2.24,29,11,+18,+1.11,+0.75,Matches
2536,Jaden Philogene Bidace,eng ENG,"FW,MF",Aston Villa,eng Premier League,18,2002,1,1,1,0.0,0.0,0,,0,1,1,6,3.00,0,0,0,0.00,-0.24,Matches
2537,Edoardo Piana,it ITA,GK,Udinese,it Serie A,16,2003,0,,,,,0,,0,0,,1,,,,,,,Matches
2538,Krzysztof Piątek,pl POL,FW,Hertha BSC,de Bundesliga,25,1995,32,1630,51,53.3,18.1,18,73,3,14,23,0,1.06,20,27,-7,-0.39,-0.13,Matches
2539,Pablo Piatti,ar ARG,"MF,FW",Elche,es La Liga,31,1989,9,361,40,10.6,4.0,3,68,0,6,26,1,1.11,3,5,-2,-0.50,+0.06,Matches
2540,Cristiano Piccini,it ITA,DF,Atalanta,it Serie A,27,1992,1,59,59,1.7,0.7,0,,0,1,59,2,1.00,0,0,0,0.00,-1.15,Matches
2541,Cristiano Piccini,it ITA,DF,Valencia,es La Liga,27,1992,3,67,22,2.0,0.7,0,,0,3,22,5,1.33,0,0,0,0.00,+0.08,Matches
2542,Stefano Piccinini,it ITA,DF,Sassuolo,it Serie A,17,2002,0,,,,,0,,0,0,,3,,,,,,,Matches
2543,Roberto Piccoli,it ITA,FW,Spezia,it Serie A,19,2001,20,703,35,20.6,7.8,8,63,1,12,17,12,0.60,10,16,-6,-0.77,-0.30,Matches
2544,Jordan Pickford,eng ENG,GK,Everton,eng Premier League,26,1994,31,2742,88,80.2,30.5,31,88,30,0,,2,1.61,38,39,-1,-0.03,-0.03,Matches
2545,Jérémy Pied,fr FRA,DF,Lille,fr Ligue 1,31,1989,6,318,53,9.3,3.5,4,75,0,2,10,17,2.17,5,4,+1,+0.28,-0.88,Matches
2546,Amos Pieper,de GER,DF,Arminia,de Bundesliga,22,1998,30,2682,89,87.6,29.8,30,89,28,0,,0,1.03,23,47,-24,-0.81,-0.33,Matches
2547,Alexandre Pierre,ht HAI,GK,Strasbourg,fr Ligue 1,19,2001,0,,,,,0,,,0,,8,,,,,,,Matches
2548,Ronaël Pierre-Gabriel,fr FRA,DF,Brest,fr Ligue 1,22,1998,29,2305,79,67.4,25.6,28,82,16,1,10,3,1.10,30,47,-17,-0.66,-0.74,Matches
2549,Erik Pieters,nl NED,"DF,MF",Burnley,eng Premier League,31,1988,20,1266,63,37.0,14.1,13,84,10,7,25,12,1.25,15,19,-4,-0.28,+0.47,Matches
2550,Niccolò Pietra,it ITA,MF,Spezia,it Serie A,16,2003,0,,,,,0,,0,0,,1,,,,,,,Matches
2551,Tomás Pina Isla,es ESP,MF,Alavés,es La Liga,32,1987,33,2575,78,75.3,28.6,31,81,15,2,28,0,1.12,29,40,-11,-0.38,+0.68,Matches
2552,Andrea Pinamonti,it ITA,FW,Inter,it Serie A,21,1999,8,169,21,4.9,1.9,1,64,0,7,15,20,2.75,9,0,+9,+4.79,+3.55,Matches
2553,Simone Pinna,it ITA,DF,Cagliari,it Serie A,22,1997,0,,,,,0,,0,0,,9,,,,,,,Matches
2554,Yeremi Pino,es ESP,"FW,MF",Villarreal,es La Liga,17,2002,24,797,33,23.3,8.9,6,68,1,18,22,5,1.50,14,8,+6,+0.68,+0.33,Matches
2555,Carlo Pinsoglio,it ITA,GK,Juventus,it Serie A,30,1990,1,23,23,0.7,0.3,0,,0,1,23,34,3.00,2,2,0,0.00,-1.03,Matches
2556,Théo Pionnier,fr FRA,DF,Nice,fr Ligue 1,18,2002,0,,,,,0,,,0,,6,,,,,,,Matches
2557,Gerard Piqué,es ESP,DF,Barcelona,es La Liga,33,1987,18,1481,82,43.3,16.5,18,82,13,0,,1,1.53,34,22,+12,+0.73,-0.90,Matches
2558,Lorenzo Pirola,it ITA,DF,Inter,it Serie A,18,2002,0,,,,,0,,0,0,,2,,,,,,,Matches
2559,Fabio Pisacane,it ITA,DF,Cagliari,it Serie A,34,1986,5,228,46,6.7,2.5,2,84,1,3,20,11,0.80,1,4,-3,-1.18,-0.82,Matches
2560,Łukasz Piszczek,pl POL,DF,Dortmund,de Bundesliga,35,1985,11,455,41,14.9,5.1,5,73,3,6,15,17,3.00,11,3,+8,+1.58,+0.86,Matches
2561,Eugenio Pizzuto,mx MEX,MF,Lille,fr Ligue 1,18,2002,0,,,,,0,,,0,,9,,,,,,,Matches
2562,Marko Pjaca,hr CRO,"FW,MF",Genoa,it Serie A,25,1995,35,1418,41,41.5,15.8,15,66,3,20,22,0,1.09,20,29,-9,-0.57,-0.48,Matches
2563,Miralem Pjanić,ba BIH,MF,Barcelona,es La Liga,30,1990,19,627,33,18.3,7.0,6,67,1,13,17,17,2.00,10,6,+4,+0.57,-0.81,Matches
2564,Óscar Plano,es ESP,MF,Valladolid,es La Liga,29,1991,36,2517,70,73.6,28.0,30,81,11,6,17,0,0.83,25,43,-18,-0.64,-0.15,Matches
2565,Marvin Plattenhardt,de GER,DF,Hertha BSC,de Bundesliga,28,1992,16,1071,67,35.0,11.9,12,78,6,4,33,7,1.13,17,13,+4,+0.34,+1.01,Matches
2566,Alassane Pléa,fr FRA,FW,Gladbach,de Bundesliga,27,1993,29,1803,62,58.9,20.0,19,80,7,10,28,1,1.41,38,28,+10,+0.50,+0.64,Matches
2567,Dani Plomer,es ESP,FW,Granada,es La Liga,21,1998,1,45,45,1.3,0.5,0,,0,1,45,1,0.00,0,0,0,0.00,+0.48,Matches
2568,Tommaso Pobega,it ITA,MF,Spezia,it Serie A,21,1999,20,1229,61,35.9,13.7,17,68,1,3,26,12,1.35,21,21,0,0.00,+0.82,Matches
2569,Daniel Podence,pt POR,"MF,FW",Wolves,eng Premier League,24,1995,24,1661,69,48.6,18.5,22,73,3,2,28,0,1.46,16,24,-8,-0.43,-0.02,Matches
2570,Suf Podgoreanu,il ISR,MF,Roma,it Serie A,18,2002,0,,,,,0,,0,0,,9,,,,,,,Matches
2571,Paul Pogba,fr FRA,MF,Manchester Utd,eng Premier League,27,1993,26,1897,73,55.5,21.1,21,85,17,5,23,3,1.81,36,26,+10,+0.47,-0.65,Matches
2572,Joel Pohjanpalo,fi FIN,FW,Union Berlin,de Bundesliga,25,1994,19,851,45,27.8,9.5,10,68,1,9,19,1,1.42,17,11,+6,+0.63,+0.59,Matches
2573,Joel Pohjanpalo,fi FIN,FW,Leverkusen,de Bundesliga,25,1994,1,6,6,0.2,0.1,0,,0,1,6,0,1.00,0,0,0,0.00,-0.41,Matches
2574,Andrea Poli,it ITA,MF,Bologna,it Serie A,30,1989,18,383,21,11.2,4.3,4,55,0,14,12,13,1.28,10,9,+1,+0.23,+0.68,Matches
2575,Matteo Politano,it ITA,MF,Napoli,it Serie A,26,1993,37,1908,52,55.8,21.2,22,72,4,15,22,1,2.00,49,26,+23,+1.08,-0.22,Matches
2576,Julian Pollersbeck,de GER,GK,Lyon,fr Ligue 1,25,1994,0,,,,,0,,,0,,33,,,,,,,Matches
2577,Jorge Pombo,es ESP,"MF,FW",Cádiz,es La Liga,26,1994,12,523,44,15.3,5.8,5,73,2,7,22,25,0.83,5,7,-2,-0.34,+0.28,Matches
2578,Marin Pongračić,hr CRO,DF,Wolfsburg,de Bundesliga,22,1997,10,575,58,18.8,6.4,7,77,2,3,11,11,1.90,14,5,+9,+1.41,+0.87,Matches
2579,Pere Pons,es ESP,MF,Alavés,es La Liga,27,1993,22,1186,54,34.7,13.2,12,81,6,10,22,3,0.87,13,22,-9,-0.68,-0.20,Matches
2580,Fabio Ponsi,it ITA,DF,Fiorentina,it Serie A,19,2001,0,,,,,0,,0,0,,5,,,,,,,Matches
2581,Nick Pope,eng ENG,GK,Burnley,eng Premier League,28,1992,32,2880,90,84.2,32.0,32,90,32,0,,0,1.22,31,37,-6,-0.19,+2.48,Matches
2582,Manolo Portanova,it ITA,"FW,MF",Genoa,it Serie A,20,2000,3,66,22,1.9,0.7,0,,0,3,22,10,1.00,2,1,+1,+1.36,+1.69,Matches
2583,Manolo Portanova,it ITA,MF,Juventus,it Serie A,20,2000,2,70,35,2.0,0.8,1,55,0,1,15,14,2.00,2,1,+1,+1.29,+0.26,Matches
2584,Francisco Portillo,es ESP,MF,Getafe,es La Liga,30,1990,16,418,26,12.2,4.6,3,75,1,13,15,19,0.81,4,6,-2,-0.43,-0.04,Matches
2585,Portu,es ESP,"MF,FW",Real Sociedad,es La Liga,28,1992,37,2184,59,63.9,24.3,24,78,7,13,23,1,1.59,35,26,+9,+0.37,-0.50,Matches
2586,Stefan Posch,at AUT,DF,Hoffenheim,de Bundesliga,23,1997,26,2119,82,69.2,23.5,25,84,19,1,15,0,1.27,37,35,+2,+0.08,+0.47,Matches
2587,Sergio Postigo,es ESP,DF,Levante,es La Liga,31,1988,22,1623,74,47.5,18.0,19,84,15,3,10,7,1.18,22,28,-6,-0.33,-0.08,Matches
2588,Andreas Poulsen,dk DEN,DF,Gladbach,de Bundesliga,20,1999,0,,,,,0,,0,0,,3,,,,,,,Matches
2589,Yussuf Poulsen,dk DEN,FW,RB Leipzig,de Bundesliga,26,1994,27,1354,50,44.2,15.0,14,77,7,13,22,3,1.96,27,15,+12,+0.80,-0.05,Matches
2590,Maxime Poundjé,fr FRA,DF,Bordeaux,fr Ligue 1,27,1992,14,491,35,14.4,5.5,4,83,1,10,16,18,1.21,6,6,0,0.00,+0.43,Matches
2591,Gaëtan Poussin,fr FRA,GK,Bordeaux,fr Ligue 1,21,1999,0,,,,,0,,,0,,38,,,,,,,Matches
2592,Darío Poveda,es ESP,FW,Getafe,es La Liga,23,1997,1,5,5,0.1,0.1,0,,0,1,5,3,1.00,0,0,0,0.00,+0.40,Matches
2593,Ian Poveda,eng ENG,"FW,MF",Leeds United,eng Premier League,20,2000,14,355,25,10.4,3.9,0,,0,14,25,18,1.14,4,5,-1,-0.25,-0.52,Matches
2594,Alejandro Pozo Pozo,es ESP,"DF,MF",Sevilla,es La Liga,21,1999,0,,,,,0,,0,0,,3,,,,,,,Matches
2595,Alejandro Pozo Pozo,es ESP,"DF,MF",Eibar,es La Liga,21,1999,30,2190,73,64.0,24.3,24,87,21,6,19,0,0.63,17,38,-21,-0.86,-0.72,Matches
2596,Beñat Prados,es ESP,MF,Athletic Club,es La Liga,19,2001,0,,,,,0,,0,0,,1,,,,,,,Matches
2597,Dennis Praet,be BEL,MF,Leicester City,eng Premier League,26,1994,15,718,48,21.0,8.0,10,66,0,5,12,10,2.07,12,11,+1,+0.13,-0.44,Matches
2598,Sanjin Prcić,ba BIH,MF,Strasbourg,fr Ligue 1,26,1993,14,353,25,10.3,3.9,3,68,0,11,14,22,1.21,7,10,-3,-0.76,-0.59,Matches
2599,Nik Prelec,si SVN,FW,Sampdoria,it Serie A,19,2001,0,,,,,0,,0,0,,4,,,,,,,Matches
2600,Nicolas de Préville,fr FRA,"MF,FW",Bordeaux,fr Ligue 1,29,1991,33,1611,49,47.1,17.9,15,71,0,18,30,2,1.18,20,28,-8,-0.45,-0.15,Matches
2601,Isaac Price,nir NIR,MF,Everton,eng Premier League,16,2003,0,,,,,0,,,0,,2,,,,,,,Matches
2602,Manuel Prietl,at AUT,MF,Arminia,de Bundesliga,28,1991,28,2517,90,82.3,28.0,28,90,27,0,,1,1.00,20,43,-23,-0.82,-0.33,Matches
2603,Sebastian Prödl,at AUT,"DF,MF",Udinese,it Serie A,33,1987,0,,,,,0,,0,0,,3,,,,,,,Matches
2604,Grischa Prömel,de GER,MF,Union Berlin,de Bundesliga,25,1995,24,1816,76,59.3,20.2,21,82,8,3,34,0,1.54,30,27,+3,+0.15,-0.14,Matches
2605,Davy Pröpper,nl NED,MF,Brighton,eng Premier League,28,1991,7,213,30,6.2,2.4,2,67,0,5,16,14,1.57,1,2,-1,-0.42,-0.28,Matches
2606,Ivan Provedel,it ITA,GK,Spezia,it Serie A,26,1994,29,2610,90,76.3,29.0,29,90,29,0,,2,0.97,38,55,-17,-0.59,-0.25,Matches
2607,Ruben Providence,ht HAI,MF,Roma,it Serie A,19,2001,0,,,,,0,,0,0,,9,,,,,,,Matches
2608,Lorenzo Prso,fr FRA,DF,Nice,fr Ligue 1,19,2001,0,,,,,0,,,0,,2,,,,,,,Matches
2609,Antonio Puertas,es ESP,MF,Granada,es La Liga,28,1992,35,2170,62,63.5,24.1,22,81,14,13,30,0,1.23,24,40,-16,-0.66,-0.52,Matches
2610,Riqui Puig,es ESP,MF,Barcelona,es La Liga,20,1999,14,292,21,8.5,3.2,2,73,1,12,12,23,2.14,10,4,+6,+1.85,+0.67,Matches
2611,Erick Pulgar,cl CHI,MF,Fiorentina,it Serie A,26,1994,31,2002,65,58.5,22.2,21,85,16,10,23,3,1.13,28,30,-2,-0.09,+0.54,Matches
2612,Jorge Pulido,es ESP,DF,Huesca,es La Liga,29,1991,33,2885,87,84.4,32.1,32,89,29,1,39,3,0.94,30,46,-16,-0.50,+0.01,Matches
2613,Christian Pulisic,us USA,"MF,FW",Chelsea,eng Premier League,21,1998,27,1738,64,50.8,19.3,18,84,12,9,25,2,1.63,25,21,+4,+0.21,-0.76,Matches
2614,Ignacio Pussetto,ar ARG,FW,Udinese,it Serie A,24,1995,11,754,69,22.0,8.4,9,77,4,2,30,0,1.36,11,10,+1,+0.12,+0.69,Matches
2615,Fabio Quagliarella,it ITA,FW,Sampdoria,it Serie A,37,1983,33,2204,67,64.4,24.5,25,80,8,8,24,4,1.21,35,32,+3,+0.12,+0.49,Matches
2616,Robin Quaison,se SWE,"MF,FW",Mainz 05,de Bundesliga,26,1993,28,1476,53,48.2,16.4,18,72,3,10,18,2,1.00,24,31,-7,-0.43,+0.14,Matches
2617,Domingos Quina,pt POR,MF,Granada,es La Liga,20,1999,8,341,43,10.0,3.8,5,60,0,3,14,8,0.75,5,8,-3,-0.79,-0.35,Matches
2618,Quini,es ESP,DF,Granada,es La Liga,30,1989,19,1191,63,34.8,13.2,12,86,11,7,22,3,1.00,19,28,-9,-0.68,-0.32,Matches
2619,Quique,es ESP,"FW,MF",Eibar,es La Liga,30,1990,12,167,14,4.9,1.9,0,,0,12,14,21,0.17,2,4,-2,-1.08,-0.50,Matches
2620,Dani Raba,es ESP,MF,Villarreal,es La Liga,24,1995,5,150,30,4.4,1.7,1,61,0,4,22,18,1.20,3,2,+1,+0.60,+0.19,Matches
2621,Simone Rabbi,it ITA,FW,Bologna,it Serie A,18,2001,4,35,9,1.0,0.4,0,,0,4,9,9,0.50,1,1,0,0.00,+0.37,Matches
2622,Adrien Rabiot,fr FRA,MF,Juventus,it Serie A,25,1995,34,2313,68,67.6,25.7,25,84,18,9,24,1,2.03,49,28,+21,+0.82,-0.65,Matches
2623,Uroš Račić,rs SRB,MF,Valencia,es La Liga,22,1998,31,2187,71,63.9,24.3,25,83,15,6,19,2,1.26,28,35,-7,-0.29,-0.58,Matches
2624,Anthony Racioppi,ch SUI,GK,Dijon,fr Ligue 1,21,1998,21,1890,90,55.3,21.0,21,90,21,0,,13,0.57,16,33,-17,-0.81,+1.01,Matches
2625,Anthony Racioppi,ch SUI,GK,Lyon,fr Ligue 1,21,1998,0,,,,,0,,,0,,3,,,,,,,Matches
2626,Bogdan Racovitan,ro ROU,DF,Dijon,fr Ligue 1,20,2000,0,,,,,0,,,0,,6,,,,,,,Matches
2627,Nemanja Radoja,rs SRB,MF,Levante,es La Liga,27,1993,21,1121,53,32.8,12.5,13,78,8,8,14,4,1.10,18,22,-4,-0.32,-0.05,Matches
2628,Nemanja Radonjić,rs SRB,"MF,FW",Hertha BSC,de Bundesliga,24,1996,12,611,51,20.0,6.8,5,78,2,7,31,1,1.17,8,6,+2,+0.29,+0.77,Matches
2629,Nemanja Radonjić,rs SRB,"MF,FW",Marseille,fr Ligue 1,24,1996,12,396,33,11.6,4.4,4,65,0,8,17,4,1.42,7,3,+4,+0.91,+0.82,Matches
2630,Aleksandar Radovanović,rs SRB,DF,Lens,fr Ligue 1,26,1993,1,90,90,2.6,1.0,1,90,1,0,,0,0.00,0,4,-4,-4.00,-4.14,Matches
2631,Ivan Radovanović,rs SRB,"DF,MF",Genoa,it Serie A,31,1988,33,2232,68,65.3,24.8,24,85,19,9,23,4,1.18,29,33,-4,-0.16,+0.37,Matches
2632,Ionuț Radu,ro ROU,GK,Inter,it Serie A,23,1997,2,135,68,3.9,1.5,1,90,1,1,45,33,3.00,5,1,+4,+2.67,+1.30,Matches
2633,Reinaldo Radu,ro ROU,DF,Parma,it Serie A,18,2002,0,,,,,0,,0,0,,3,,,,,,,Matches
2634,Ștefan Radu,ro ROU,DF,Lazio,it Serie A,33,1986,31,2458,79,71.9,27.3,30,81,19,1,14,0,1.90,47,36,+11,+0.40,+0.87,Matches
2635,Boris Radunović,rs SRB,GK,Atalanta,it Serie A,24,1996,0,,,,,0,,0,0,,2,,,,,,,Matches
2636,Sidney Raebiger,de GER,MF,RB Leipzig,de Bundesliga,15,2005,0,,,,,0,,0,0,,2,,,,,,,Matches
2637,Rafa,es ESP,GK,Granada,es La Liga,16,2003,0,,,,,0,,0,0,,1,,,,,,,Matches
2638,Rafael,br BRA,GK,Spezia,it Serie A,38,1982,3,207,69,6.1,2.3,2,90,2,1,27,11,1.33,3,5,-2,-0.87,-0.37,Matches
2639,Hamza Rafia,tn TUN,MF,Juventus,it Serie A,21,1999,0,,,,,0,,0,0,,3,,,,,,,Matches
2640,Rafinha,br BRA,MF,Barcelona,es La Liga,27,1993,0,,,,,0,,0,0,,1,,,,,,,Matches
2641,Rafinha,br BRA,MF,Paris Saint-Germain,fr Ligue 1,27,1993,23,1361,59,39.8,15.1,15,74,2,8,31,4,2.09,32,8,+24,+1.59,+0.10,Matches
2642,Antonio Raimondo,it ITA,FW,Bologna,it Serie A,16,2004,1,1,1,0.0,0.0,0,,0,1,1,0,1.00,0,0,0,0.00,+0.37,Matches
2643,Predrag Rajković,rs SRB,GK,Reims,fr Ligue 1,24,1995,37,3285,89,96.1,36.5,37,89,36,0,,0,1.14,41,49,-8,-0.22,-0.22,Matches
2644,Jesurun Rak Sakyi,eng ENG,"FW,MF",Crystal Palace,eng Premier League,17,2002,0,,,,,0,,,0,,3,,,,,,,Matches
2645,Ivan Rakitić,hr CRO,MF,Sevilla,es La Liga,32,1988,37,2233,60,65.3,24.8,25,77,7,12,26,0,2.00,38,21,+17,+0.69,+0.46,Matches
2646,Jonás Ramalho,es ESP,DF,Osasuna,es La Liga,27,1993,5,304,61,8.9,3.4,3,84,2,2,27,12,0.80,3,7,-4,-1.18,-0.98,Matches
2647,Benito Raman,be BEL,"MF,FW",Schalke 04,de Bundesliga,25,1994,25,1246,50,40.7,13.8,13,74,3,12,23,4,0.36,8,35,-27,-1.95,-0.26,Matches
2648,Gastón Ramírez,uy URU,"FW,MF",Sampdoria,it Serie A,29,1990,25,969,39,28.3,10.8,10,62,1,15,23,10,1.24,16,18,-2,-0.19,-0.19,Matches
2649,Sandro Ramírez,es ESP,FW,Huesca,es La Liga,25,1995,20,1285,64,37.6,14.3,16,73,3,4,29,3,0.95,14,14,0,0.00,+0.80,Matches
2650,Pablo Ramon,es ESP,DF,Real Madrid,es La Liga,19,2001,0,,,,,0,,0,0,,1,,,,,,,Matches
2651,Santi Ramos Mingo,ar ARG,DF,Barcelona,es La Liga,18,2001,0,,,,,0,,0,0,,3,,,,,,,Matches
2652,Sergio Ramos,es ESP,DF,Real Madrid,es La Liga,34,1986,15,1275,85,37.3,14.2,15,85,13,0,,1,2.20,25,13,+12,+0.85,-0.29,Matches
2653,Aaron Ramsdale,eng ENG,GK,Sheffield United,eng Premier League,22,1998,38,3420,90,100.0,38.0,38,90,38,0,,0,0.61,20,63,-43,-1.13,,Matches
2654,Aaron Ramsey,wls WAL,MF,Juventus,it Serie A,29,1990,22,1089,50,31.8,12.1,13,67,1,9,24,8,2.18,31,11,+20,+1.65,+0.92,Matches
2655,Jacob Ramsey,eng ENG,MF,Aston Villa,eng Premier League,19,2001,22,626,28,18.3,7.0,6,70,0,16,13,8,1.45,8,10,-2,-0.29,-0.64,Matches
2656,Kayne Ramsey,eng ENG,DF,Southampton,eng Premier League,19,2000,1,90,90,2.6,1.0,1,90,1,0,,13,0.00,0,9,-9,-9.00,-8.68,Matches
2657,Darren Randolph,ie IRL,GK,West Ham United,eng Premier League,33,1987,3,270,90,7.9,3.0,3,90,3,0,,24,2.00,5,3,+2,+0.67,+0.30,Matches
2658,Mathyas Randriamamy,mg MAD,GK,Paris Saint-Germain,fr Ligue 1,17,2003,0,,,,,0,,,0,,1,,,,,,,Matches
2659,Antonio Ranieri,it ITA,MF,Crotone,it Serie A,17,2003,0,,,,,0,,0,0,,4,,,,,,,Matches
2660,Andrea Ranocchia,it ITA,DF,Inter,it Serie A,32,1988,8,703,88,20.6,7.8,8,88,7,0,,29,2.75,24,7,+17,+2.18,+0.95,Matches
2661,Filippo Ranocchia,it ITA,MF,Juventus,it Serie A,19,2001,0,,,,,0,,0,0,,1,,,,,,,Matches
2662,Raphinha,br BRA,MF,Leeds United,eng Premier League,23,1996,30,2360,79,69.0,26.2,26,87,19,4,24,0,1.67,43,34,+9,+0.34,+0.43,Matches
2663,Raphinha,br BRA,"FW,MF",Rennes,fr Ligue 1,23,1996,6,404,67,11.8,4.5,5,77,1,1,21,0,2.33,8,6,+2,+0.45,+0.15,Matches
2664,Tobias Raschl,de GER,MF,Dortmund,de Bundesliga,20,2000,0,,,,,0,,0,0,,1,,,,,,,Matches
2665,Marcus Rashford,eng ENG,"MF,FW",Manchester Utd,eng Premier League,22,1997,37,2920,79,85.4,32.4,33,85,22,4,26,1,1.92,58,38,+20,+0.62,-1.00,Matches
2666,Milot Rashica,xk KVX,"MF,FW",Werder Bremen,de Bundesliga,24,1996,24,1462,61,47.8,16.2,14,83,6,10,30,1,0.83,19,27,-8,-0.49,+0.24,Matches
2667,Giacomo Raspadori,it ITA,FW,Sassuolo,it Serie A,20,2000,27,1232,46,36.0,13.7,13,74,4,14,19,8,1.56,23,16,+7,+0.51,+0.47,Matches
2668,Andrei Ratiu,ro ROU,DF,Villarreal,es La Liga,22,1998,0,,,,,0,,0,0,,4,,,,,,,Matches
2669,Nicola Rauti,it ITA,FW,Torino,it Serie A,20,2000,0,,,,,0,,0,0,,1,,,,,,,Matches
2670,Federico Ravaglia,it ITA,GK,Bologna,it Serie A,20,1999,4,360,90,10.5,4.0,4,90,4,0,,18,0.25,3,10,-7,-1.75,-1.54,Matches
2671,Nicola Ravaglia,it ITA,GK,Sampdoria,it Serie A,31,1988,0,,,,,0,,0,0,,34,,,,,,,Matches
2672,Tim Ream,us USA,DF,Fulham,eng Premier League,32,1987,7,630,90,18.4,7.0,7,90,7,0,,31,0.29,3,13,-10,-1.43,-0.91,Matches
2673,Ante Rebić,hr CRO,"MF,FW",Milan,it Serie A,26,1993,27,1776,66,51.9,19.7,20,79,10,7,27,0,2.00,44,18,+26,+1.32,+0.93,Matches
2674,Rebollo,es ESP,GK,Real Betis,es La Liga,20,1999,0,,,,,0,,0,0,,17,,,,,,,Matches
2675,Arkadiusz Reca,pl POL,MF,Crotone,it Serie A,25,1995,30,2313,77,67.6,25.7,28,81,20,2,23,0,0.50,32,57,-25,-0.97,+0.82,Matches
2676,Recio,es ESP,MF,Eibar,es La Liga,29,1991,17,734,43,21.5,8.2,8,71,3,9,18,13,0.47,7,14,-7,-0.86,-0.32,Matches
2677,Daishawn Redan,nl NED,FW,Hertha BSC,de Bundesliga,19,2001,7,102,15,3.3,1.1,0,,0,7,15,6,0.29,0,4,-4,-3.53,-3.32,Matches
2678,Nathan Redmond,eng ENG,"MF,FW",Southampton,eng Premier League,26,1994,29,1738,60,50.8,19.3,17,87,13,12,22,1,1.07,24,39,-15,-0.78,-0.46,Matches
2679,Harrison Reed,eng ENG,MF,Fulham,eng Premier League,25,1995,31,2247,72,65.7,25.0,26,82,19,5,22,1,0.84,19,35,-16,-0.64,+0.13,Matches
2680,Vasco Regini,it ITA,DF,Sampdoria,it Serie A,29,1990,3,88,29,2.6,1.0,1,70,0,2,9,35,2.00,1,2,-1,-1.02,-1.00,Matches
2681,Sergio Reguilón,es ESP,"DF,MF",Tottenham Hotspur,eng Premier League,23,1996,27,2244,83,65.6,24.9,26,86,20,1,15,4,1.70,51,31,+20,+0.80,+0.57,Matches
2682,Nikolai Rehnen,de GER,GK,Arminia,de Bundesliga,23,1997,0,,,,,0,,0,0,,1,,,,,,,Matches
2683,Pepe Reina,es ESP,GK,Lazio,it Serie A,37,1982,29,2610,90,76.3,29.0,29,90,29,0,,9,1.97,53,41,+12,+0.41,+1.08,Matches
2684,Jeff Reine-Adélaïde,fr FRA,"MF,FW",Nice,fr Ligue 1,22,1998,14,1058,76,30.9,11.8,12,84,9,2,28,0,0.93,10,15,-5,-0.43,-0.50,Matches
2685,Jeff Reine-Adélaïde,fr FRA,"FW,MF",Lyon,fr Ligue 1,22,1998,1,24,24,0.7,0.3,0,,0,1,24,0,3.00,0,0,0,0.00,-1.01,Matches
2686,Reinier,br BRA,MF,Dortmund,de Bundesliga,18,2002,14,257,18,8.4,2.9,1,78,0,13,14,13,1.79,6,7,-1,-0.35,-1.31,Matches
2687,Francisco Reis Ferreira,pt POR,DF,Valencia,es La Liga,23,1997,3,181,60,5.3,2.0,2,90,2,1,1,14,1.00,1,3,-2,-0.99,-0.97,Matches
2688,Rocco Reitz,de GER,MF,Gladbach,de Bundesliga,18,2002,2,60,30,2.0,0.7,1,59,0,1,1,10,3.00,2,2,0,0.00,-0.24,Matches
2689,Karim Rekik,nl NED,DF,Hertha BSC,de Bundesliga,25,1994,0,,,,,0,,0,0,,2,,,,,,,Matches
2690,Karim Rekik,nl NED,DF,Sevilla,es La Liga,25,1994,11,653,59,19.1,7.3,6,82,4,5,33,24,2.27,10,4,+6,+0.83,+0.37,Matches
2691,Álex Remiro,es ESP,GK,Real Sociedad,es La Liga,25,1995,38,3420,90,100.0,38.0,38,90,38,0,,0,1.63,59,38,+21,+0.55,,Matches
2692,Panagiotis Retsos,gr GRE,DF,Saint-Étienne,fr Ligue 1,21,1998,4,272,68,8.0,3.0,4,68,2,0,,2,0.25,2,7,-5,-1.65,-1.45,Matches
2693,Marco Reus,de GER,"MF,FW",Dortmund,de Bundesliga,31,1989,32,2279,71,74.5,25.3,27,80,7,5,23,1,1.94,58,29,+29,+1.15,+1.15,Matches
2694,Elvis Rexhbeçaj,xk KVX,MF,Köln,de Bundesliga,22,1997,30,1833,61,59.9,20.4,20,81,8,10,21,3,1.00,20,36,-16,-0.79,-0.05,Matches
2695,Oriol Rey,es ESP,MF,Valladolid,es La Liga,22,1998,1,15,15,0.4,0.2,0,,0,1,15,11,0.00,1,0,+1,+6.00,+6.63,Matches
2696,Gio Reyna,us USA,MF,Dortmund,de Bundesliga,17,2002,32,1976,62,64.6,22.0,23,80,9,9,16,0,1.97,44,31,+13,+0.59,-0.74,Matches
2697,Baptiste Reynet,fr FRA,GK,Nîmes,fr Ligue 1,29,1990,38,3420,90,100.0,38.0,38,90,38,0,,0,0.92,40,71,-31,-0.82,,Matches
2698,Bryan Reynolds,us USA,"MF,DF",Roma,it Serie A,19,2001,5,283,57,8.3,3.1,3,69,0,2,38,8,1.40,5,2,+3,+0.95,+0.75,Matches
2699,Jean-Pierre Rhyner,ch SUI,DF,Cádiz,es La Liga,24,1996,0,,,,,0,,0,0,,1,,,,,,,Matches
2700,Franck Ribéry,fr FRA,FW,Fiorentina,it Serie A,37,1983,29,2149,74,62.8,23.9,28,76,5,1,33,1,1.00,30,32,-2,-0.08,+0.62,Matches
2701,Federico Ricci,it ITA,"FW,MF",Sassuolo,it Serie A,26,1994,1,4,4,0.1,0.0,0,,0,1,4,4,3.00,0,0,0,0.00,-0.21,Matches
2702,Giacomo Ricci,it ITA,"DF,MF",Parma,it Serie A,23,1996,3,67,22,2.0,0.7,0,,0,3,22,9,0.33,0,3,-3,-4.03,-2.93,Matches
2703,Matteo Ricci,it ITA,MF,Spezia,it Serie A,26,1994,29,2229,77,65.2,24.8,26,83,18,3,25,3,1.03,28,51,-23,-0.93,-1.16,Matches
2704,Jacopo Ricco,it ITA,GK,Fiorentina,it Serie A,17,2003,0,,,,,0,,0,0,,4,,,,,,,Matches
2705,Declan Rice,eng ENG,MF,West Ham United,eng Premier League,21,1999,32,2879,90,84.2,32.0,32,90,31,0,,0,1.75,52,37,+15,+0.47,+0.47,Matches
2706,Chris Richards,us USA,DF,Hoffenheim,de Bundesliga,20,2000,11,944,86,30.8,10.5,11,86,8,0,,1,1.18,13,13,0,0.00,+0.09,Matches
2707,Chris Richards,us USA,DF,Bayern Munich,de Bundesliga,20,2000,3,89,30,2.9,1.0,1,64,0,2,13,8,2.33,3,1,+2,+2.02,+0.42,Matches
2708,Lewis Richards,ie IRL,"DF,MF",Wolves,eng Premier League,18,2001,0,,,,,0,,,0,,10,,,,,,,Matches
2709,Lewis Richardson,eng ENG,"FW,MF",Burnley,eng Premier League,17,2003,2,4,2,0.1,0.0,0,,0,2,2,7,0.00,0,0,0,0.00,+0.58,Matches
2710,Richarlison,br BRA,"FW,MF",Everton,eng Premier League,23,1997,34,2861,84,83.7,31.8,33,86,21,1,15,0,1.65,40,38,+2,+0.06,+0.55,Matches
2711,Marco Richter,de GER,"MF,FW",Augsburg,de Bundesliga,22,1997,29,1416,49,46.3,15.7,16,74,3,13,17,1,0.90,15,27,-12,-0.76,-0.43,Matches
2712,Mikel Rico,es ESP,MF,Huesca,es La Liga,35,1984,32,2183,68,63.8,24.3,27,76,4,5,24,1,1.00,22,30,-8,-0.33,+0.47,Matches
2713,Sergio Rico,es ESP,GK,Paris Saint-Germain,fr Ligue 1,26,1993,10,810,81,23.7,9.0,8,90,8,2,45,26,2.20,22,9,+13,+1.44,-0.11,Matches
2714,Julian Rieckmann,de GER,"DF,MF",Werder Bremen,de Bundesliga,19,2000,0,,,,,0,,0,0,,6,,,,,,,Matches
2715,Jaïro Riedewald,nl NED,MF,Crystal Palace,eng Premier League,23,1996,33,1820,55,53.2,20.2,19,82,10,14,19,3,1.00,21,39,-18,-0.89,-0.50,Matches
2716,Alessandro Rigo,it ITA,MF,Udinese,it Serie A,18,2002,0,,,,,0,,0,0,,5,,,,,,,Matches
2717,Emiliano Rigoni,ar ARG,MF,Elche,es La Liga,27,1993,23,1139,50,33.3,12.7,12,77,5,11,20,6,0.70,13,22,-9,-0.71,-0.24,Matches
2718,Filippo Rinaldi,it ITA,GK,Parma,it Serie A,17,2002,0,,,,,0,,0,0,,10,,,,,,,Matches
2719,Tomás Rincón,ve VEN,MF,Torino,it Serie A,32,1988,36,2846,79,83.2,31.6,33,83,16,3,33,0,1.00,42,56,-14,-0.44,+0.34,Matches
2720,Luis Rioja,es ESP,MF,Alavés,es La Liga,26,1993,35,2090,60,61.1,23.2,25,74,3,10,23,3,0.91,27,39,-12,-0.52,+0.09,Matches
2721,Renaud Ripart,fr FRA,"MF,FW",Nîmes,fr Ligue 1,27,1993,38,3054,80,89.3,33.9,35,85,25,3,22,0,0.92,37,62,-25,-0.74,+0.74,Matches
2722,Andrea Rispoli,it ITA,MF,Crotone,it Serie A,31,1988,19,652,34,19.1,7.2,5,64,1,14,24,13,0.26,5,25,-20,-2.76,-1.88,Matches
2723,Mihailo Ristić,rs SRB,"DF,MF",Montpellier,fr Ligue 1,24,1995,34,2236,66,65.4,24.8,26,80,15,8,20,0,1.38,39,40,-1,-0.04,+0.04,Matches
2724,Matt Ritchie,sct SCO,"DF,MF",Newcastle United,eng Premier League,30,1989,18,1350,75,39.5,15.0,15,86,11,3,20,12,1.50,24,22,+2,+0.13,+0.92,Matches
2725,Maxence Rivera,fr FRA,MF,Saint-Étienne,fr Ligue 1,18,2002,17,239,14,7.0,2.7,1,15,0,16,14,10,0.53,1,5,-4,-1.51,-1.28,Matches
2726,Emmanuel Rivière,fr FRA,FW,Crotone,it Serie A,30,1990,21,640,30,18.7,7.1,7,62,0,14,15,10,0.48,13,18,-5,-0.70,+0.66,Matches
2727,Emil Roback,se SWE,FW,Milan,it Serie A,17,2003,0,,,,,0,,0,0,,3,,,,,,,Matches
2728,Gaëtan Robail,fr FRA,"FW,MF",Lens,fr Ligue 1,26,1994,0,,,,,0,,,0,,4,,,,,,,Matches
2729,Rober,es ESP,"DF,MF",Levante,es La Liga,25,1995,19,1425,75,41.7,15.8,16,83,11,3,32,13,1.00,21,25,-4,-0.25,+0.06,Matches
2730,Roberto,es ESP,GK,Valladolid,es La Liga,34,1986,13,1170,90,34.2,13.0,13,90,13,0,,22,0.71,10,21,-11,-0.85,-0.37,Matches
2731,Sergi Roberto,es ESP,"DF,MF",Barcelona,es La Liga,28,1992,15,946,63,27.7,10.5,9,87,7,6,28,1,1.67,20,13,+7,+0.67,-0.79,Matches
2732,Tyler Roberts,wls WAL,MF,Leeds United,eng Premier League,21,1999,27,1340,50,39.2,14.9,14,73,3,13,24,10,1.48,20,19,+1,+0.07,-0.24,Matches
2733,Andrew Robertson,sct SCO,DF,Liverpool,eng Premier League,26,1994,38,3383,89,98.9,37.6,38,89,35,0,,0,1.82,65,42,+23,+0.61,-6.69,Matches
2734,Antonee Robinson,us USA,"DF,MF",Fulham,eng Premier League,22,1997,28,2162,77,63.2,24.0,24,87,21,4,19,3,0.82,16,27,-11,-0.46,+0.62,Matches
2735,Callum Robinson,ie IRL,"FW,MF",West Brom,eng Premier League,25,1995,28,1560,56,45.6,17.3,20,67,5,8,27,10,0.68,23,42,-19,-1.10,-0.03,Matches
2736,Jack Robinson,eng ENG,DF,Sheffield United,eng Premier League,26,1993,11,877,80,25.6,9.7,9,86,8,2,51,7,0.73,7,11,-4,-0.41,+0.97,Matches
2737,Joel Robles,es ESP,GK,Real Betis,es La Liga,30,1990,18,1620,90,47.4,18.0,18,90,18,0,,20,1.61,25,25,0,0.00,0.00,Matches
2738,Hal Robson-Kanu,wls WAL,FW,West Brom,eng Premier League,31,1989,19,561,30,16.4,6.2,2,85,0,17,23,8,0.74,4,12,-8,-1.28,-0.24,Matches
2739,Marc Roca,es ESP,MF,Bayern Munich,de Bundesliga,23,1996,6,177,30,5.8,2.0,2,57,0,4,16,20,2.17,4,5,-1,-0.51,-2.26,Matches
2740,Christopher Rocchia,fr FRA,DF,Marseille,fr Ligue 1,22,1998,2,22,11,0.6,0.2,0,,0,2,11,3,1.50,1,0,+1,+4.09,+3.93,Matches
2741,Kaique Rocha,br BRA,DF,Sampdoria,it Serie A,19,2001,0,,,,,0,,0,0,,18,,,,,,,Matches
2742,Rubén Rochina,es ESP,MF,Levante,es La Liga,29,1991,25,1404,56,41.1,15.6,17,74,6,8,19,7,1.16,16,16,0,0.00,+0.49,Matches
2743,Marek Rodák,sk SVK,GK,Fulham,eng Premier League,23,1996,2,180,90,5.3,2.0,2,90,2,0,,28,0.00,0,5,-5,-2.50,-1.92,Matches
2744,Sebastian Rode,de GER,MF,Eintracht Frankfurt,de Bundesliga,29,1990,27,1625,60,53.1,18.1,19,79,7,8,16,0,1.78,35,27,+8,+0.44,-0.06,Matches
2745,Joe Rodon,wls WAL,DF,Tottenham Hotspur,eng Premier League,22,1997,12,733,61,21.4,8.1,8,90,8,4,3,9,1.75,12,12,0,0.00,-0.77,Matches
2746,Rodri,es ESP,MF,Manchester City,eng Premier League,24,1996,34,2748,81,80.4,30.5,31,87,28,3,13,4,2.26,64,27,+37,+1.21,-0.66,Matches
2747,Rodri,es ESP,MF,Real Betis,es La Liga,20,2000,15,537,36,15.7,6.0,5,68,0,10,20,12,1.60,11,12,-1,-0.17,-0.20,Matches
2748,Rodrigo,es ESP,MF,Leeds United,eng Premier League,29,1991,26,1288,50,37.7,14.3,14,68,4,12,28,0,1.73,29,21,+8,+0.56,+0.56,Matches
2749,Kévin Rodrigues,pt POR,"MF,DF",Eibar,es La Liga,26,1994,22,1095,50,32.0,12.2,11,75,5,11,25,8,0.55,11,21,-10,-0.82,-0.32,Matches
2750,Ángel Rodríguez,es ESP,FW,Getafe,es La Liga,33,1987,33,1374,42,40.2,15.3,12,74,5,21,23,4,0.88,12,22,-10,-0.66,-0.44,Matches
2751,Óscar Rodríguez Arnaiz,es ESP,"FW,MF",Sevilla,es La Liga,22,1998,20,511,26,14.9,5.7,4,68,0,16,15,14,1.85,10,7,+3,+0.53,0.00,Matches
2752,Guido Rodríguez,ar ARG,MF,Real Betis,es La Liga,26,1994,35,2864,82,83.7,31.8,34,84,25,1,16,0,1.54,37,45,-8,-0.25,-1.55,Matches
2753,James Rodríguez,co COL,"FW,MF",Everton,eng Premier League,29,1991,23,1764,77,51.6,19.6,21,82,7,2,25,1,1.35,29,27,+2,+0.10,+0.27,Matches
2754,Jay Rodriguez,eng ENG,"FW,MF",Burnley,eng Premier League,31,1989,31,1265,41,37.0,14.1,12,79,4,19,17,3,1.03,9,25,-16,-1.14,-0.89,Matches
2755,Miguel Rodríguez,es ESP,MF,Celta Vigo,es La Liga,17,2003,4,30,8,0.9,0.3,0,,0,4,8,13,0.25,0,1,-1,-3.00,-2.97,Matches
2756,Ricardo Rodríguez,ch SUI,"DF,MF",Torino,it Serie A,27,1992,16,1238,77,36.2,13.8,15,80,6,1,37,18,0.81,21,31,-10,-0.73,-0.36,Matches
2757,Víctor Rodríguez,es ESP,MF,Elche,es La Liga,31,1989,16,426,27,12.5,4.7,2,77,0,14,19,19,0.31,2,10,-8,-1.69,-1.30,Matches
2758,Rodrygo,br BRA,"FW,MF",Real Madrid,es La Liga,19,2001,22,983,45,28.7,10.9,10,65,1,12,28,7,2.27,22,4,+18,+1.65,+0.87,Matches
2759,Marko Rog,hr CRO,MF,Cagliari,it Serie A,25,1995,14,1165,83,34.1,12.9,14,83,10,0,,0,1.00,18,24,-6,-0.46,-0.06,Matches
2760,Rogério,br BRA,DF,Sassuolo,it Serie A,22,1998,28,1877,67,54.9,20.9,21,83,16,7,19,6,1.54,30,29,+1,+0.05,-0.36,Matches
2761,Luis Rojas,cl CHI,MF,Crotone,it Serie A,18,2002,7,104,15,3.0,1.2,0,,0,7,15,26,0.57,2,2,0,0.00,+1.28,Matches
2762,Alessio Romagnoli,it ITA,DF,Milan,it Serie A,25,1995,22,1907,87,55.8,21.2,21,90,21,1,17,7,2.09,41,25,+16,+0.76,-0.26,Matches
2763,San Román,es ESP,GK,Atlético Madrid,es La Liga,23,1997,0,,,,,0,,0,0,,10,,,,,,,Matches
2764,Cristian Romero,ar ARG,DF,Atalanta,it Serie A,22,1998,31,2545,82,74.4,28.3,29,85,24,2,41,3,2.19,70,35,+35,+1.24,+0.41,Matches
2765,Iván Romero,es ESP,"FW,MF",Sevilla,es La Liga,19,2001,0,,,,,0,,0,0,,3,,,,,,,Matches
2766,Oriol Romeu,es ESP,MF,Southampton,eng Premier League,28,1991,21,1763,84,51.5,19.6,20,87,15,1,31,0,1.24,27,25,+2,+0.10,+1.35,Matches
2767,Cristiano Ronaldo,pt POR,FW,Juventus,it Serie A,35,1985,33,2802,85,81.9,31.1,31,89,28,2,29,1,2.18,64,29,+35,+1.12,+0.54,Matches
2768,Facundo Roncaglia,ar ARG,DF,Osasuna,es La Liga,33,1987,17,1232,72,36.0,13.7,14,86,9,3,8,11,1.00,12,19,-7,-0.51,-0.35,Matches
2769,Valentin Rongier,fr FRA,MF,Marseille,fr Ligue 1,25,1994,26,1887,73,55.2,21.0,21,82,10,5,32,1,1.58,25,22,+3,+0.14,-0.09,Matches
2770,Marten de Roon,nl NED,MF,Atalanta,it Serie A,29,1991,35,3021,86,88.3,33.6,33,89,31,2,40,0,2.03,78,42,+36,+1.07,-0.51,Matches
2771,Antonio Rosati,it ITA,GK,Torino,it Serie A,37,1983,0,,,,,0,,0,0,,20,,,,,,,Matches
2772,Antonio Rosati,it ITA,GK,Fiorentina,it Serie A,37,1983,0,,,,,0,,0,0,,15,,,,,,,Matches
2773,Francesco Rossi,it ITA,GK,Atalanta,it Serie A,29,1991,0,,,,,0,,0,0,,38,,,,,,,Matches
2774,Jérôme Roussillon,gp GLP,DF,Wolfsburg,de Bundesliga,27,1993,20,1229,61,40.2,13.7,14,83,7,6,12,6,1.70,24,17,+7,+0.51,-0.32,Matches
2775,Nolan Roux,fr FRA,FW,Nîmes,fr Ligue 1,32,1988,19,651,34,19.0,7.2,6,69,0,13,18,9,0.42,3,13,-10,-1.38,-0.70,Matches
2776,Nicolò Rovella,it ITA,MF,Genoa,it Serie A,18,2001,20,1187,59,34.7,13.2,12,81,6,8,26,16,1.00,14,23,-9,-0.68,-0.60,Matches
2777,Amir Rrahmani,xk KVX,DF,Napoli,it Serie A,26,1994,16,1094,68,32.0,12.2,12,86,11,4,15,16,2.19,30,15,+15,+1.23,+0.07,Matches
2778,Rubén,es ESP,GK,Osasuna,es La Liga,36,1984,3,187,62,5.5,2.1,3,62,2,0,,12,0.67,3,5,-2,-0.96,-0.71,Matches
2779,Waldo Rubio,es ESP,MF,Valladolid,es La Liga,24,1995,10,375,38,11.0,4.2,5,64,0,5,11,20,0.60,3,10,-7,-1.68,-1.21,Matches
2780,John Ruddy,eng ENG,GK,Wolves,eng Premier League,33,1986,2,91,46,2.7,1.0,1,90,1,1,1,36,0.00,0,1,-1,-0.99,-0.58,Matches
2781,Antonio Rüdiger,de GER,DF,Chelsea,eng Premier League,27,1993,19,1710,90,50.0,19.0,19,90,19,0,,13,2.05,23,10,+13,+0.68,+0.21,Matches
2782,Sebastian Rudy,de GER,MF,Hoffenheim,de Bundesliga,30,1990,25,1678,67,54.8,18.6,21,75,12,4,24,1,1.20,26,29,-3,-0.16,-0.23,Matches
2783,Sebastian Rudy,de GER,DF,Schalke 04,de Bundesliga,30,1990,2,180,90,5.9,2.0,2,90,2,0,,1,0.00,1,11,-10,-5.00,-3.41,Matches
2784,Kevin Rüegg,ch SUI,MF,Hellas Verona,it Serie A,21,1998,7,205,29,6.0,2.3,1,69,0,6,23,18,0.86,2,3,-1,-0.44,-0.41,Matches
2785,Dion Ruffo Luci,it ITA,MF,Bologna,it Serie A,19,2001,0,,,,,0,,0,0,,3,,,,,,,Matches
2786,Daniele Rugani,it ITA,DF,Rennes,fr Ligue 1,26,1994,1,90,90,2.6,1.0,1,90,1,0,,2,1.00,1,1,0,0.00,-0.32,Matches
2787,Daniele Rugani,it ITA,DF,Cagliari,it Serie A,26,1994,16,1001,63,29.3,11.1,12,82,7,4,4,2,1.25,8,17,-9,-0.81,-0.55,Matches
2788,Daniele Rugani,it ITA,DF,Juventus,it Serie A,26,1994,0,,,,,0,,0,0,,2,,,,,,,Matches
2789,Matteo Ruggeri,it ITA,MF,Atalanta,it Serie A,18,2002,6,208,35,6.1,2.3,3,60,0,3,10,24,1.33,4,5,-1,-0.43,-1.67,Matches
2790,Mário Rui,pt POR,DF,Napoli,it Serie A,29,1991,27,1669,62,48.8,18.5,17,86,12,10,20,10,1.89,42,20,+22,+1.19,0.00,Matches
2791,Aitor Ruibal,es ESP,MF,Real Betis,es La Liga,24,1996,28,1593,57,46.6,17.7,21,68,2,7,22,8,1.50,17,25,-8,-0.45,-0.85,Matches
2792,Isma Ruiz,es ESP,MF,Granada,es La Liga,19,2001,1,67,67,2.0,0.7,1,67,0,0,,2,0.00,0,2,-2,-2.69,-2.26,Matches
2793,Kays Ruiz,fr FRA,FW,Paris Saint-Germain,fr Ligue 1,17,2002,7,186,27,5.4,2.1,1,67,0,6,20,9,2.14,7,2,+5,+2.42,+0.94,Matches
2794,Fabián Ruiz Peña,es ESP,MF,Napoli,it Serie A,24,1996,33,2569,78,75.1,28.5,29,86,18,4,17,1,2.06,65,32,+33,+1.16,-0.11,Matches
2795,Víctor Ruiz,es ESP,DF,Real Betis,es La Liga,31,1989,27,2157,80,63.1,24.0,24,88,22,3,18,7,1.63,33,31,+2,+0.08,+0.23,Matches
2796,Gerónimo Rulli,ar ARG,GK,Villarreal,es La Liga,28,1992,2,180,90,5.3,2.0,2,90,2,0,,32,0.00,3,6,-3,-1.50,-2.03,Matches
2797,Georginio Rutter,fr FRA,FW,Hoffenheim,de Bundesliga,18,2002,9,241,27,7.9,2.7,2,68,1,7,15,3,1.11,3,3,0,0.00,+0.06,Matches
2798,Georginio Rutter,fr FRA,"FW,MF",Rennes,fr Ligue 1,18,2002,4,44,11,1.3,0.5,0,,0,4,11,5,2.50,1,2,-1,-2.05,-2.39,Matches
2799,Mathew Ryan,au AUS,GK,Arsenal,eng Premier League,28,1992,3,270,90,7.9,3.0,3,90,3,0,,12,1.33,3,2,+1,+0.33,-0.10,Matches
2800,Mathew Ryan,au AUS,GK,Brighton,eng Premier League,28,1992,11,990,90,28.9,11.0,11,90,11,0,,1,0.91,14,19,-5,-0.45,-0.42,Matches
2801,Julian Ryerson,no NOR,"MF,DF",Union Berlin,de Bundesliga,22,1997,24,1069,45,34.9,11.9,10,87,4,14,15,9,1.63,17,18,-1,-0.08,-0.45,Matches
2802,Frederik Rønnow,dk DEN,GK,Schalke 04,de Bundesliga,27,1992,11,945,86,30.9,10.5,10,90,10,1,45,9,0.36,6,24,-18,-1.71,+0.12,Matches
2803,Frederik Rønnow,dk DEN,GK,Eintracht Frankfurt,de Bundesliga,27,1992,0,,,,,0,,0,0,,2,,,,,,,Matches
2804,Roli Pereira de Sa,fr FRA,MF,Nantes,fr Ligue 1,23,1996,6,56,9,1.6,0.6,0,,0,6,9,11,2.00,0,2,-2,-3.21,-3.05,Matches
2805,Victor Sá,br BRA,"MF,FW",Wolfsburg,de Bundesliga,26,1994,21,469,22,15.3,5.2,3,61,0,18,16,10,1.90,7,8,-1,-0.19,-1.06,Matches
2806,Idriss Saadi,dz ALG,FW,Strasbourg,fr Ligue 1,28,1992,7,125,18,3.7,1.4,0,,0,7,18,5,0.43,1,3,-2,-1.44,-1.25,Matches
2807,Youssouf Sabaly,sn SEN,DF,Bordeaux,fr Ligue 1,27,1993,33,2909,88,85.1,32.3,33,88,27,0,,1,1.33,41,47,-6,-0.19,+1.22,Matches
2808,Mathys Saban,fr FRA,MF,Saint-Étienne,fr Ligue 1,18,2002,1,13,13,0.4,0.1,0,,0,1,13,0,0.00,0,0,0,0.00,+0.32,Matches
2809,Marcel Sabitzer,at AUT,MF,RB Leipzig,de Bundesliga,26,1994,27,2026,75,66.2,22.5,24,82,16,3,19,2,1.81,34,24,+10,+0.44,-1.12,Matches
2810,Matteo Saccani,it ITA,DF,Sassuolo,it Serie A,19,2001,0,,,,,0,,0,0,,2,,,,,,,Matches
2811,Alexis Saelemaekers,be BEL,MF,Milan,it Serie A,21,1999,32,2016,63,58.9,22.4,27,70,3,5,28,0,2.16,42,25,+17,+0.76,-0.27,Matches
2812,Jorge Sáenz,es ESP,DF,Celta Vigo,es La Liga,23,1996,0,,,,,0,,0,0,,8,,,,,,,Matches
2813,Modibo Sagnan,ml MLI,DF,Real Sociedad,es La Liga,21,1999,16,622,39,18.2,6.9,7,69,2,9,15,19,1.44,11,12,-1,-0.14,-0.85,Matches
2814,Moïse Sahi Dion,ci CIV,FW,Strasbourg,fr Ligue 1,18,2001,6,94,16,2.7,1.0,0,,0,6,16,1,0.83,4,1,+3,+2.87,+3.20,Matches
2815,Allan Saint-Maximin,fr FRA,"FW,MF",Newcastle United,eng Premier League,23,1997,25,1560,62,45.6,17.3,19,74,5,6,26,0,1.36,27,26,+1,+0.06,+0.88,Matches
2816,Borja Sainz,es ESP,MF,Alavés,es La Liga,19,2001,21,453,22,13.2,5.0,2,66,0,19,17,16,0.67,5,7,-2,-0.40,+0.18,Matches
2817,Romain Saïss,ma MAR,"DF,MF",Wolves,eng Premier League,30,1990,27,2407,89,70.4,26.7,27,89,26,0,,7,1.11,26,40,-14,-0.52,-0.35,Matches
2818,Bukayo Saka,eng ENG,MF,Arsenal,eng Premier League,18,2001,32,2553,80,74.6,28.4,30,83,20,2,25,4,1.59,38,31,+7,+0.25,-0.69,Matches
2819,Hiroki Sakai,jp JPN,DF,Marseille,fr Ligue 1,30,1990,29,2385,82,69.7,26.5,26,87,21,3,44,1,1.59,40,37,+3,+0.11,-0.23,Matches
2820,Moïse Sakava,cm CMR,MF,Reims,fr Ligue 1,19,2000,1,8,8,0.2,0.1,0,,0,1,8,1,3.00,0,0,0,0.00,+0.21,Matches
2821,Mamadou Sakho,fr FRA,DF,Crystal Palace,eng Premier League,30,1990,4,276,69,8.1,3.1,3,90,3,1,6,8,1.50,4,8,-4,-1.30,-0.70,Matches
2822,Jacopo Sala,it ITA,DF,Spezia,it Serie A,28,1991,6,375,63,11.0,4.2,4,71,1,2,45,3,0.50,5,15,-10,-2.40,-2.10,Matches
2823,Mohamed Salah,eg EGY,FW,Liverpool,eng Premier League,28,1992,37,3078,83,90.0,34.2,34,88,27,3,29,0,1.78,59,41,+18,+0.53,-1.58,Matches
2824,Eddie Salcedo,it ITA,"MF,FW",Hellas Verona,it Serie A,18,2001,21,755,36,22.1,8.4,7,65,1,14,21,12,0.86,11,10,+1,+0.12,+0.22,Matches
2825,William Saliba,fr FRA,DF,Nice,fr Ligue 1,19,2001,20,1800,90,52.6,20.0,20,90,20,0,,0,1.35,24,28,-4,-0.20,-0.26,Matches
2826,Romain Salin,fr FRA,GK,Rennes,fr Ligue 1,36,1984,15,1350,90,39.5,15.0,15,90,15,0,,20,2.13,26,14,+12,+0.80,+0.80,Matches
2827,José Salinas,es ESP,"DF,MF",Elche,es La Liga,19,2000,0,,,,,0,,0,0,,11,,,,,,,Matches
2828,Mohammed Salisu,gh GHA,DF,Southampton,eng Premier League,21,1999,12,844,70,24.7,9.4,8,87,7,4,38,11,0.92,10,19,-9,-0.96,-0.54,Matches
2829,Roland Sallai,hu HUN,"MF,FW",Freiburg,de Bundesliga,23,1997,28,1661,59,54.3,18.5,22,70,1,6,20,0,1.32,30,28,+2,+0.11,+0.24,Matches
2830,Salvi,es ESP,MF,Cádiz,es La Liga,29,1991,28,1933,69,56.5,21.5,25,72,5,3,46,1,1.11,17,31,-14,-0.65,-0.17,Matches
2831,Lazar Samardzic,rs SRB,MF,RB Leipzig,de Bundesliga,18,2002,7,200,29,6.5,2.2,2,69,0,5,13,18,1.71,3,1,+2,+0.90,+0.08,Matches
2832,Diadie Samassékou,ml MLI,MF,Hoffenheim,de Bundesliga,24,1996,31,2563,83,83.8,28.5,31,83,18,0,,1,1.26,45,47,-2,-0.07,-0.07,Matches
2833,Mama Samba Baldé,gw GNB,"FW,MF",Dijon,fr Ligue 1,24,1995,29,2161,75,63.2,24.0,24,83,8,5,32,0,0.48,16,43,-27,-1.12,+0.38,Matches
2834,Junior Sambia,fr FRA,"DF,MF",Montpellier,fr Ligue 1,23,1996,36,2448,68,71.6,27.2,26,86,20,10,22,2,1.50,44,48,-4,-0.15,-0.33,Matches
2835,Luigi Samele,it ITA,FW,Sassuolo,it Serie A,18,2002,0,,,,,0,,0,0,,1,,,,,,,Matches
2836,Frédéric Sammaritano,fr FRA,"MF,FW",Dijon,fr Ligue 1,34,1986,30,1130,38,33.0,12.6,10,69,0,20,22,2,0.43,9,26,-17,-1.35,-0.14,Matches
2837,Fede San Emeterio,es ESP,MF,Valladolid,es La Liga,23,1997,24,1460,61,42.7,16.2,17,80,7,7,15,9,1.08,14,23,-9,-0.55,+0.09,Matches
2838,Antonio Sanabria,py PAR,FW,Torino,it Serie A,24,1996,14,978,70,28.6,10.9,12,78,4,2,23,1,1.21,13,14,-1,-0.09,+0.57,Matches
2839,Antonio Sanabria,py PAR,FW,Real Betis,es La Liga,24,1996,16,932,58,27.3,10.4,10,74,1,6,32,3,1.06,15,20,-5,-0.48,-0.66,Matches
2840,Oihan Sancet,es ESP,FW,Athletic Club,es La Liga,20,2000,24,1035,43,30.3,11.5,11,68,1,13,22,14,1.29,12,6,+6,+0.52,+0.60,Matches
2841,Renato Sanches,pt POR,MF,Lille,fr Ligue 1,22,1997,23,1270,55,37.1,14.1,14,79,4,9,18,2,2.13,23,9,+14,+0.99,-0.14,Matches
2842,Alexis Sánchez,cl CHI,FW,Inter,it Serie A,31,1988,30,1146,38,33.5,12.7,12,72,2,18,15,2,2.47,37,13,+24,+1.88,+0.70,Matches
2843,Davinson Sánchez,co COL,DF,Tottenham Hotspur,eng Premier League,24,1996,18,1486,83,43.5,16.5,17,87,16,1,1,10,1.78,38,22,+16,+0.97,+0.64,Matches
2844,Germán Sánchez,es ESP,DF,Granada,es La Liga,33,1986,34,2638,78,77.1,29.3,29,89,26,5,14,1,1.15,40,52,-12,-0.41,+0.28,Matches
2845,Javi Sánchez,es ESP,DF,Valladolid,es La Liga,23,1997,16,921,58,26.9,10.2,11,79,6,5,11,7,0.75,5,18,-13,-1.27,-0.91,Matches
2846,Manu Sánchez,es ESP,DF,Osasuna,es La Liga,19,2000,16,976,61,28.5,10.8,10,84,7,6,23,3,1.50,16,13,+3,+0.28,+0.79,Matches
2847,Manu Sánchez,es ESP,DF,Atlético Madrid,es La Liga,19,2000,1,49,49,1.4,0.5,1,49,0,0,,9,3.00,1,0,+1,+1.84,+0.74,Matches
2848,Juan Sánchez Miño,ar ARG,"DF,MF",Elche,es La Liga,30,1990,9,495,55,14.5,5.5,5,60,1,4,49,6,0.78,4,9,-5,-0.91,-0.42,Matches
2849,Pepe Sánchez,es ESP,DF,Granada,es La Liga,20,2000,3,253,84,7.4,2.8,3,84,2,0,,18,1.33,2,2,0,0.00,+0.51,Matches
2850,Ricard Sánchez,es ESP,DF,Atlético Madrid,es La Liga,20,2000,1,30,30,0.9,0.3,0,,0,1,30,11,0.00,0,1,-1,-3.00,-4.14,Matches
2851,Robert Sánchez,es ESP,GK,Brighton,eng Premier League,22,1997,27,2430,90,71.1,27.0,27,90,27,0,,0,1.15,26,27,-1,-0.04,+0.42,Matches
2852,Jadon Sancho,eng ENG,MF,Dortmund,de Bundesliga,20,2000,26,2062,79,67.4,22.9,24,83,14,2,30,1,1.85,45,28,+17,+0.74,-0.34,Matches
2853,Max Sanders,eng ENG,MF,Brighton,eng Premier League,21,1999,0,,,,,0,,,0,,2,,,,,,,Matches
2854,Alex Sandro,br BRA,"DF,MF",Juventus,it Serie A,29,1991,26,1858,71,54.3,20.6,20,86,15,6,23,1,2.23,49,21,+28,+1.36,+0.72,Matches
2855,Leroy Sané,de GER,MF,Bayern Munich,de Bundesliga,24,1996,32,1805,56,59.0,20.1,18,77,3,14,30,0,2.25,58,30,+28,+1.40,-0.54,Matches
2856,Salif Sané,sn SEN,DF,Schalke 04,de Bundesliga,29,1990,14,1071,77,35.0,11.9,11,90,11,3,27,1,0.50,12,24,-12,-1.01,+1.21,Matches
2857,Oier Sanjurjo,es ESP,MF,Osasuna,es La Liga,34,1986,32,2084,65,60.9,23.2,24,79,11,8,24,2,1.21,20,34,-14,-0.60,-0.81,Matches
2858,Mohamed Sankoh,nl NED,FW,Stuttgart,de Bundesliga,16,2003,1,17,17,0.6,0.2,0,,0,1,17,2,0.00,0,0,0,0.00,-0.03,Matches
2859,Siriki Sanogo,ci CIV,FW,Benevento,it Serie A,18,2001,1,10,10,0.3,0.1,0,,0,1,10,6,1.00,0,0,0,0.00,+0.92,Matches
2860,Morgan Sanson,fr FRA,MF,Marseille,fr Ligue 1,25,1994,12,826,69,24.2,9.2,10,78,6,2,26,0,1.75,13,9,+4,+0.44,+0.33,Matches
2861,Morgan Sanson,fr FRA,MF,Aston Villa,eng Premier League,25,1994,9,294,33,8.6,3.3,3,64,0,6,17,2,1.00,2,4,-2,-0.61,-0.93,Matches
2862,Nicola Sansone,it ITA,MF,Bologna,it Serie A,28,1991,26,1169,45,34.2,13.0,11,71,1,15,26,1,1.23,16,15,+1,+0.08,+0.68,Matches
2863,Baptiste Santamaria,fr FRA,MF,Angers,fr Ligue 1,25,1995,3,270,90,7.9,3.0,3,90,3,0,,0,2.00,2,2,0,0.00,+0.51,Matches
2864,Baptiste Santamaria,fr FRA,MF,Freiburg,de Bundesliga,25,1995,30,2209,74,72.2,24.5,28,78,13,2,18,0,1.23,37,36,+1,+0.04,+0.15,Matches
2865,Federico Santander,py PAR,FW,Bologna,it Serie A,29,1991,4,37,9,1.1,0.4,0,,0,4,9,1,0.75,1,1,0,0.00,+0.37,Matches
2866,Davide Santon,it ITA,"MF,DF",Roma,it Serie A,29,1991,10,586,59,17.1,6.5,7,70,2,3,32,15,1.40,13,12,+1,+0.15,-0.13,Matches
2867,Samir Santos,br BRA,DF,Udinese,it Serie A,25,1994,30,2216,74,64.8,24.6,24,88,20,6,18,6,0.93,25,42,-17,-0.69,-0.77,Matches
2868,Sergio Santos,es ESP,DF,Real Madrid,es La Liga,19,2001,0,,,,,0,,0,0,,2,,,,,,,Matches
2869,Riccardo Saponara,it ITA,"FW,MF",Fiorentina,it Serie A,28,1991,2,52,26,1.5,0.6,0,,0,2,26,12,0.00,0,1,-1,-1.73,-1.44,Matches
2870,Riccardo Saponara,it ITA,"FW,MF",Spezia,it Serie A,28,1991,9,389,43,11.4,4.3,5,69,2,4,11,3,1.33,8,7,+1,+0.23,+0.85,Matches
2871,Ivan Šaponjić,rs SRB,FW,Atlético Madrid,es La Liga,22,1997,0,,,,,0,,0,0,,14,,,,,,,Matches
2872,Ivan Šaponjić,rs SRB,FW,Cádiz,es La Liga,22,1997,9,388,43,11.3,4.3,3,71,0,6,29,9,0.44,7,7,0,0.00,+0.65,Matches
2873,Pablo Sarabia,es ESP,"FW,MF",Paris Saint-Germain,fr Ligue 1,28,1992,27,1320,49,38.6,14.7,13,82,8,14,18,3,2.30,31,8,+23,+1.57,+0.07,Matches
2874,Josh Sargent,us USA,"FW,MF",Werder Bremen,de Bundesliga,20,2000,32,2506,78,81.9,27.8,30,81,12,2,46,0,0.97,25,44,-19,-0.68,-0.36,Matches
2875,Bouna Sarr,sn SEN,DF,Bayern Munich,de Bundesliga,28,1992,8,452,57,14.8,5.0,5,83,4,3,12,17,2.25,13,9,+4,+0.80,-0.96,Matches
2876,Bouna Sarr,sn SEN,"DF,MF",Marseille,fr Ligue 1,28,1992,2,76,38,2.2,0.8,0,,0,2,38,0,0.50,1,1,0,0.00,-0.19,Matches
2877,Sidy Sarr,sn SEN,MF,Nîmes,fr Ligue 1,24,1996,9,463,51,13.5,5.1,6,73,2,3,9,3,0.67,5,11,-6,-1.17,-0.41,Matches
2878,Martin Satriano,uy URU,FW,Inter,it Serie A,19,2001,0,,,,,0,,0,0,,3,,,,,,,Matches
2879,Marco Sau,it ITA,"MF,FW",Benevento,it Serie A,32,1987,24,785,33,23.0,8.7,9,59,1,15,17,6,0.96,7,25,-18,-2.06,-1.48,Matches
2880,Matthieu Saunier,fr FRA,DF,Lorient,fr Ligue 1,30,1990,0,,,,,0,,,0,,2,,,,,,,Matches
2881,Razvan Sava,ro ROU,GK,Torino,it Serie A,18,2002,0,,,,,0,,0,0,,3,,,,,,,Matches
2882,Téji Savanier,fr FRA,MF,Montpellier,fr Ligue 1,28,1991,27,2165,80,63.3,24.1,26,82,15,1,37,0,1.56,43,35,+8,+0.33,+1.05,Matches
2883,Kike Saverio,es ESP,MF,Osasuna,es La Liga,21,1999,0,,,,,0,,0,0,,8,,,,,,,Matches
2884,Stefan Savić,me MNE,DF,Atlético Madrid,es La Liga,29,1991,33,2953,89,86.3,32.8,33,89,32,0,,1,2.39,63,20,+43,+1.31,+1.50,Matches
2885,Romaine Sawyers,kn SKN,MF,West Brom,eng Premier League,28,1991,19,1487,78,43.5,16.5,17,85,12,2,24,11,0.53,14,42,-28,-1.69,-1.09,Matches
2886,Giorgio Scalvini,it ITA,DF,Atalanta,it Serie A,16,2003,0,,,,,0,,0,0,,2,,,,,,,Matches
2887,Gianluca Scamacca,it ITA,FW,Genoa,it Serie A,21,1999,26,1352,52,39.5,15.0,13,78,4,13,26,5,0.88,20,23,-3,-0.20,+0.15,Matches
2888,Gianluca Scamacca,it ITA,FW,Sassuolo,it Serie A,21,1999,0,,,,,0,,0,0,,1,,,,,,,Matches
2889,Dane Scarlett,eng ENG,FW,Tottenham Hotspur,eng Premier League,16,2004,1,1,1,0.0,0.0,0,,0,1,1,3,3.00,0,0,0,0.00,-0.61,Matches
2890,Kevin Schade,de GER,"FW,MF",Freiburg,de Bundesliga,18,2001,0,,,,,0,,0,0,,2,,,,,,,Matches
2891,Fabian Schär,ch SUI,DF,Newcastle United,eng Premier League,28,1991,18,1246,69,36.4,13.8,13,86,11,5,25,0,1.11,13,21,-8,-0.58,-0.25,Matches
2892,Aurélien Scheidler,fr FRA,FW,Dijon,fr Ligue 1,22,1998,10,342,34,10.0,3.8,3,82,1,7,14,6,0.40,1,9,-8,-2.11,-0.94,Matches
2893,Nicolás Schiappacasse,uy URU,FW,Sassuolo,it Serie A,21,1999,1,15,15,0.4,0.2,0,,0,1,15,7,0.00,0,0,0,0.00,-0.21,Matches
2894,Pasquale Schiattarella,it ITA,MF,Benevento,it Serie A,33,1987,29,2247,77,65.7,25.0,26,83,18,3,27,2,0.79,27,52,-25,-1.00,-0.23,Matches
2895,Patrik Schick,cz CZE,FW,Leverkusen,de Bundesliga,24,1996,29,1866,64,61.0,20.7,20,81,12,9,27,0,1.38,34,21,+13,+0.63,+0.55,Matches
2896,Sven Schipplock,de GER,FW,Arminia,de Bundesliga,31,1988,32,744,23,24.3,8.3,5,71,0,27,14,1,1.03,6,10,-4,-0.48,+0.37,Matches
2897,Xaver Schlager,at AUT,MF,Wolfsburg,de Bundesliga,22,1997,32,2626,82,85.8,29.2,30,84,15,2,47,0,1.72,51,33,+18,+0.62,-0.63,Matches
2898,Keven Schlotterbeck,de GER,DF,Freiburg,de Bundesliga,23,1997,24,1654,69,54.1,18.4,18,86,16,6,17,7,1.54,33,23,+10,+0.54,+1.18,Matches
2899,Nico Schlotterbeck,de GER,DF,Union Berlin,de Bundesliga,20,1999,16,1285,80,42.0,14.3,15,84,11,1,18,5,1.44,22,20,+2,+0.14,-0.11,Matches
2900,Jeffrey Schlupp,gh GHA,MF,Crystal Palace,eng Premier League,27,1992,27,1428,53,41.8,15.9,15,78,5,12,21,0,1.22,20,26,-6,-0.38,+0.48,Matches
2901,Kasper Schmeichel,dk DEN,GK,Leicester City,eng Premier League,33,1986,38,3420,90,100.0,38.0,38,90,38,0,,0,1.74,68,50,+18,+0.47,,Matches
2902,Jonathan Schmid,fr FRA,"MF,DF",Freiburg,de Bundesliga,30,1990,31,2393,77,78.2,26.6,27,85,17,4,27,0,1.32,38,40,-2,-0.08,-0.35,Matches
2903,Romano Schmid,at AUT,"MF,FW",Werder Bremen,de Bundesliga,20,2000,22,1177,54,38.5,13.1,13,74,1,9,24,6,0.86,15,23,-8,-0.61,+0.01,Matches
2904,Benno Schmitz,de GER,DF,Köln,de Bundesliga,25,1994,12,416,35,13.6,4.6,4,86,2,8,9,14,1.67,3,9,-6,-1.30,-0.62,Matches
2905,Morgan Schneiderlin,fr FRA,MF,Nice,fr Ligue 1,30,1989,28,2197,78,64.2,24.4,24,87,21,4,26,2,1.39,30,29,+1,+0.04,+0.34,Matches
2906,Lasse Schöne,dk DEN,MF,Genoa,it Serie A,34,1986,0,,,,,0,,0,0,,1,,,,,,,Matches
2907,Alessandro Schöpf,at AUT,MF,Schalke 04,de Bundesliga,26,1994,19,942,50,30.8,10.5,10,71,3,9,26,10,0.42,10,33,-23,-2.20,-0.58,Matches
2908,Jerdy Schouten,nl NED,MF,Bologna,it Serie A,23,1997,34,2512,74,73.5,27.9,28,82,14,6,36,0,1.15,34,44,-10,-0.36,+0.04,Matches
2909,Markus Schubert,de GER,GK,Schalke 04,de Bundesliga,22,1998,0,,,,,0,,0,0,,2,,,,,,,Matches
2910,Markus Schubert,de GER,GK,Eintracht Frankfurt,de Bundesliga,22,1998,0,,,,,0,,0,0,,30,,,,,,,Matches
2911,Nico Schulz,de GER,"DF,MF",Dortmund,de Bundesliga,27,1993,13,610,47,19.9,6.8,6,88,5,7,12,14,1.62,13,11,+2,+0.30,-0.70,Matches
2912,Alexander Schwolow,de GER,GK,Hertha BSC,de Bundesliga,28,1992,26,2340,90,76.5,26.0,26,90,26,0,,8,1.08,34,39,-5,-0.19,+0.56,Matches
2913,Paolo Sciortino,fr FRA,MF,Marseille,fr Ligue 1,16,2003,0,,,,,0,,,0,,1,,,,,,,Matches
2914,Christopher Scott,de GER,MF,Bayern Munich,de Bundesliga,18,2002,2,34,17,1.1,0.4,0,,0,2,17,2,2.00,1,1,0,0.00,-1.64,Matches
2915,Matteo Scozzarella,it ITA,MF,Parma,it Serie A,32,1988,3,153,51,4.5,1.7,3,51,0,0,,3,1.67,2,1,+1,+0.59,+1.83,Matches
2916,Simone Scuffet,it ITA,GK,Udinese,it Serie A,24,1996,1,90,90,2.6,1.0,1,90,1,0,,34,0.00,1,2,-1,-1.00,-0.59,Matches
2917,Jacopo Segre,it ITA,MF,Torino,it Serie A,23,1997,9,191,21,5.6,2.1,1,90,1,8,13,11,0.78,4,1,+3,+1.41,+2.03,Matches
2918,Davie Selke,de GER,FW,Werder Bremen,de Bundesliga,25,1995,23,813,35,26.6,9.0,7,70,3,16,20,4,0.87,6,19,-13,-1.44,-1.12,Matches
2919,Malik Sellouki,fr FRA,MF,Nice,fr Ligue 1,20,2000,4,66,17,1.9,0.7,0,,0,4,17,10,0.00,1,0,+1,+1.36,+1.47,Matches
2920,Matz Sels,be BEL,GK,Strasbourg,fr Ligue 1,28,1992,6,540,90,15.8,6.0,6,90,6,0,,2,0.83,9,13,-4,-0.67,-0.51,Matches
2921,Nélson Semedo,pt POR,"MF,DF",Wolves,eng Premier League,26,1993,34,2983,88,87.2,33.1,34,88,29,0,,2,1.15,31,45,-14,-0.42,-0.01,Matches
2922,Léo Sena,br BRA,MF,Spezia,it Serie A,24,1995,16,885,55,25.9,9.8,8,82,3,8,29,6,1.25,16,19,-3,-0.31,+0.30,Matches
2923,Marvin Senaya,gh GHA,"DF,MF",Strasbourg,fr Ligue 1,19,2001,0,,,,,0,,,0,,3,,,,,,,Matches
2924,Stefano Sensi,it ITA,MF,Inter,it Serie A,24,1995,18,603,34,17.6,6.7,4,62,0,14,26,13,2.61,22,4,+18,+2.69,+1.54,Matches
2925,Jaime Seoane,es ESP,MF,Huesca,es La Liga,23,1997,29,2064,71,60.4,22.9,23,84,16,6,22,7,0.93,23,27,-4,-0.17,+0.82,Matches
2926,Cheon Seonghoon,kr KOR,FW,Augsburg,de Bundesliga,19,2000,0,,,,,0,,0,0,,3,,,,,,,Matches
2927,Luigi Sepe,it ITA,GK,Parma,it Serie A,29,1991,36,3240,90,94.7,36.0,36,90,36,0,,2,0.56,35,76,-41,-1.14,+0.36,Matches
2928,Patrick Sequeira,cr CRC,GK,Celta Vigo,es La Liga,21,1999,0,,,,,0,,0,0,,12,,,,,,,Matches
2929,Suat Serdar,de GER,MF,Schalke 04,de Bundesliga,23,1997,25,1953,78,63.8,21.7,24,81,18,1,12,0,0.36,13,56,-43,-1.98,-0.52,Matches
2930,Jean Seri,ci CIV,MF,Bordeaux,fr Ligue 1,29,1991,12,707,59,20.7,7.9,9,73,3,3,16,2,0.58,10,20,-10,-1.27,-1.14,Matches
2931,Femi Seriki,eng ENG,DF,Sheffield United,eng Premier League,18,2002,1,1,1,0.0,0.0,0,,0,1,1,0,0.00,0,0,0,0.00,+1.13,Matches
2932,Ryan Sessegnon,eng ENG,"DF,MF",Hoffenheim,de Bundesliga,20,2000,23,1574,68,51.4,17.5,17,85,13,6,21,1,1.26,25,27,-2,-0.11,-0.11,Matches
2933,Nils Seufert,de GER,MF,Arminia,de Bundesliga,23,1997,13,343,26,11.2,3.8,2,74,0,11,18,12,0.62,3,9,-6,-1.57,-0.91,Matches
2934,Edgar Sevikyan,am ARM,FW,Levante,es La Liga,18,2001,1,8,8,0.2,0.1,0,,0,1,8,8,3.00,0,0,0,0.00,+0.29,Matches
2935,Stephan El Shaarawy,it ITA,MF,Roma,it Serie A,27,1992,10,572,57,16.7,6.4,6,79,3,4,25,2,1.20,7,8,-1,-0.16,-0.50,Matches
2936,Meritan Shabani,al ALB,MF,Wolves,eng Premier League,21,1999,0,,,,,0,,,0,,3,,,,,,,Matches
2937,Jamie Shackleton,eng ENG,"MF,DF",Leeds United,eng Premier League,20,1999,13,461,35,13.5,5.1,3,67,1,10,26,18,1.38,7,11,-4,-0.78,-1.15,Matches
2938,Xherdan Shaqiri,ch SUI,"MF,FW",Liverpool,eng Premier League,28,1991,14,556,40,16.3,6.2,5,76,1,9,20,13,1.07,5,7,-2,-0.32,-1.20,Matches
2939,Billy Sharp,eng ENG,FW,Sheffield United,eng Premier League,34,1986,16,735,46,21.5,8.2,7,82,4,9,18,9,0.63,6,15,-9,-1.10,+0.04,Matches
2940,Luke Shaw,eng ENG,DF,Manchester Utd,eng Premier League,25,1995,32,2654,83,77.6,29.5,30,87,27,2,27,2,1.84,51,33,+18,+0.61,-0.68,Matches
2941,Florent Shehu,ch SUI,FW,Lazio,it Serie A,18,2002,0,,,,,0,,0,0,,1,,,,,,,Matches
2942,Jonjo Shelvey,eng ENG,MF,Newcastle United,eng Premier League,28,1992,30,2617,87,76.5,29.1,29,89,28,1,26,3,1.33,41,46,-5,-0.17,+1.06,Matches
2943,Eldor Shomurodov,uz UZB,FW,Genoa,it Serie A,25,1995,31,1677,54,49.0,18.6,16,76,4,15,31,1,1.03,26,23,+3,+0.16,+0.88,Matches
2944,Shola Shoretire,eng ENG,"FW,MF",Manchester Utd,eng Premier League,16,2004,2,11,6,0.3,0.1,0,,0,2,6,3,3.00,0,0,0,0.00,-0.77,Matches
2945,Mahame Siby,ml MLI,MF,Strasbourg,fr Ligue 1,24,1996,7,21,3,0.6,0.2,0,,0,7,3,19,2.43,1,0,+1,+4.29,+4.55,Matches
2946,Abdoulaye Sidibé,fr FRA,FW,Saint-Étienne,fr Ligue 1,18,2002,1,11,11,0.3,0.1,0,,0,1,11,0,1.00,0,1,-1,-8.18,-7.89,Matches
2947,Djibril Sidibé,fr FRA,DF,Monaco,fr Ligue 1,28,1992,30,1980,66,57.9,22.0,21,85,17,9,22,0,2.17,45,24,+21,+0.95,+0.14,Matches
2948,Sidnei,br BRA,DF,Real Betis,es La Liga,30,1989,11,697,63,20.4,7.7,7,90,7,4,17,21,1.91,8,14,-6,-0.77,-0.97,Matches
2949,Cheikh Sidya Diaby,fr FRA,FW,West Brom,eng Premier League,20,2000,0,,,,,0,,,0,,1,,,,,,,Matches
2950,Armindo Sieb,de GER,FW,Bayern Munich,de Bundesliga,17,2003,0,,,,,0,,0,0,,2,,,,,,,Matches
2951,Kaj Sierhuis,nl NED,FW,Reims,fr Ligue 1,22,1998,24,652,27,19.1,7.2,6,69,1,18,13,13,1.00,10,8,+2,+0.28,+0.60,Matches
2952,Tim Siersleben,de GER,DF,Wolfsburg,de Bundesliga,20,2000,1,34,34,1.1,0.4,0,,0,1,34,21,0.00,1,1,0,0.00,-0.71,Matches
2953,Gylfi Sigurðsson,is ISL,"MF,FW",Everton,eng Premier League,30,1989,36,2253,63,65.9,25.0,24,81,12,12,25,2,1.64,29,29,0,0.00,+0.08,Matches
2954,Kiliann Sildillia,fr FRA,DF,Freiburg,de Bundesliga,18,2002,0,,,,,0,,0,0,,2,,,,,,,Matches
2955,Luca Siligardi,it ITA,"FW,MF",Crotone,it Serie A,32,1988,4,49,12,1.4,0.5,0,,0,4,12,11,0.50,0,0,0,0.00,+1.25,Matches
2956,Luca Siligardi,it ITA,"FW,MF",Parma,it Serie A,32,1988,2,34,17,1.0,0.4,0,,0,2,17,0,0.00,1,1,0,0.00,+1.17,Matches
2957,Adrien Silva,pt POR,MF,Sampdoria,it Serie A,31,1989,24,1599,67,46.8,17.8,18,78,7,6,32,7,1.63,29,23,+6,+0.34,+0.73,Matches
2958,André Silva,pt POR,FW,Eintracht Frankfurt,de Bundesliga,24,1995,32,2760,86,90.2,30.7,32,86,20,0,,0,1.78,64,46,+18,+0.59,+1.19,Matches
2959,Bernardo Silva,pt POR,"MF,FW",Manchester City,eng Premier League,25,1994,26,2065,79,60.4,22.9,24,84,17,2,28,10,2.42,52,18,+34,+1.48,+0.35,Matches
2960,Caio Henrique Oliveira Silva,br BRA,"DF,MF",Monaco,fr Ligue 1,23,1997,31,2368,76,69.2,26.3,26,85,16,5,31,1,2.19,56,17,+39,+1.48,+1.91,Matches
2961,David Silva,es ESP,MF,Real Sociedad,es La Liga,34,1986,21,1399,67,40.9,15.5,17,76,3,4,26,1,2.14,30,6,+24,+1.54,+1.68,Matches
2962,Fábio Silva,pt POR,FW,Wolves,eng Premier League,18,2002,32,1369,43,40.0,15.2,11,85,7,21,21,6,1.03,17,29,-12,-0.79,-0.61,Matches
2963,Florent da Silva,fr FRA,MF,Lyon,fr Ligue 1,17,2003,1,3,3,0.1,0.0,0,,0,1,3,4,3.00,0,0,0,0.00,-1.00,Matches
2964,Gabriel Silva,br BRA,DF,Saint-Étienne,fr Ligue 1,29,1991,4,355,89,10.4,3.9,4,89,3,0,,8,1.50,6,4,+2,+0.51,+0.92,Matches
2965,Gastón Silva,uy URU,DF,Huesca,es La Liga,26,1994,12,600,50,17.5,6.7,6,74,2,6,26,12,0.75,5,9,-4,-0.60,-0.12,Matches
2966,Rui Silva,pt POR,GK,Granada,es La Liga,26,1994,32,2880,90,84.2,32.0,32,90,32,0,,3,1.31,42,55,-13,-0.41,+0.43,Matches
2967,Thiago Silva,br BRA,DF,Chelsea,eng Premier League,35,1984,23,1935,84,56.6,21.5,23,84,20,0,,2,1.61,33,20,+13,+0.60,+0.06,Matches
2968,Marco Silvestri,it ITA,GK,Hellas Verona,it Serie A,29,1991,34,3060,90,89.5,34.0,34,90,34,0,,4,1.24,38,42,-4,-0.12,-0.62,Matches
2969,Mohamed Simakan,fr FRA,"DF,MF",Strasbourg,fr Ligue 1,20,2000,19,1615,85,47.2,17.9,19,85,15,0,,0,1.05,25,31,-6,-0.33,-0.18,Matches
2970,Usman Simbakoli,fr FRA,FW,Lille,fr Ligue 1,19,2001,0,,,,,0,,,0,,1,,,,,,,Matches
2971,Giovanni Simeone,ar ARG,FW,Cagliari,it Serie A,25,1995,33,1740,53,50.9,19.3,19,77,2,14,20,3,0.91,26,37,-11,-0.57,-0.30,Matches
2972,Ellis Simms,eng ENG,FW,Everton,eng Premier League,19,2001,0,,,,,0,,,0,,1,,,,,,,Matches
2973,Moses Simon,ng NGA,"MF,FW",Nantes,fr Ligue 1,25,1995,33,2324,70,68.0,25.8,28,78,8,5,30,0,1.00,35,34,+1,+0.04,+0.78,Matches
2974,Unai Simón,es ESP,GK,Athletic Club,es La Liga,23,1997,37,3330,90,97.4,37.0,37,90,37,0,,1,1.24,46,40,+6,+0.16,+2.16,Matches
2975,Lorenzo Simonetti,it ITA,MF,Parma,it Serie A,23,1996,0,,,,,0,,0,0,,2,,,,,,,Matches
2976,Xavi Simons,nl NED,"FW,MF",Paris Saint-Germain,fr Ligue 1,17,2003,1,2,2,0.1,0.0,0,,0,1,2,11,3.00,0,0,0,0.00,-1.53,Matches
2977,Jóan Símun Edmundsson,fo FRO,"FW,MF",Arminia,de Bundesliga,29,1991,5,58,12,1.9,0.6,0,,0,5,12,1,0.60,1,1,0,0.00,+0.78,Matches
2978,Wilfried Singo,ci CIV,MF,Torino,it Serie A,19,2000,28,1854,66,54.2,20.6,20,83,14,8,24,3,0.89,26,39,-13,-0.63,-0.29,Matches
2979,Daley Sinkgraven,nl NED,"DF,MF",Leverkusen,de Bundesliga,25,1995,22,1570,71,51.3,17.4,19,79,12,3,26,5,1.77,29,18,+11,+0.63,+0.45,Matches
2980,Dimitris Siovas,gr GRE,DF,Huesca,es La Liga,31,1988,36,3071,85,89.8,34.1,34,88,31,2,36,1,0.92,30,49,-19,-0.56,-0.56,Matches
2981,Tobias Sippel,de GER,GK,Gladbach,de Bundesliga,32,1988,4,344,86,11.2,3.8,3,90,3,1,74,30,1.25,9,6,+3,+0.78,+0.62,Matches
2982,Salvatore Sirigu,it ITA,GK,Torino,it Serie A,33,1987,32,2880,90,84.2,32.0,32,90,32,0,,3,0.88,42,62,-20,-0.62,-0.79,Matches
2983,Issouf Sissokho,ml MLI,MF,Bordeaux,fr Ligue 1,18,2002,6,78,13,2.3,0.9,0,,0,6,13,4,1.50,2,1,+1,+1.15,+1.56,Matches
2984,Ibrahima Sissoko,ml MLI,MF,Strasbourg,fr Ligue 1,22,1997,36,2581,72,75.5,28.7,29,84,18,7,19,0,1.06,40,38,+2,+0.07,+1.25,Matches
2985,Moussa Sissoko,fr FRA,MF,Tottenham Hotspur,eng Premier League,30,1989,25,1585,63,46.3,17.6,15,89,14,10,25,10,1.56,22,22,0,0.00,-1.13,Matches
2986,Nelson Sissoko,ml MLI,"DF,MF",Saint-Étienne,fr Ligue 1,23,1997,9,474,53,13.9,5.3,6,75,4,3,8,11,0.56,3,14,-11,-2.09,-2.06,Matches
2987,Antonio Sivera,es ESP,GK,Alavés,es La Liga,23,1996,1,71,71,2.1,0.8,1,71,0,0,,37,0.00,0,0,0,0.00,+0.56,Matches
2988,Jacques Siwe,fr FRA,FW,Dijon,fr Ligue 1,19,2001,5,169,34,4.9,1.9,2,75,1,3,7,0,1.20,1,3,-2,-1.07,+0.21,Matches
2989,Ellyes Skhiri,tn TUN,MF,Köln,de Bundesliga,25,1995,32,2785,87,91.0,30.9,32,87,26,0,,1,0.91,31,56,-25,-0.81,-0.48,Matches
2990,Łukasz Skorupski,pl POL,GK,Bologna,it Serie A,29,1991,28,2520,90,73.7,28.0,28,90,28,0,,2,1.25,41,46,-5,-0.18,+0.72,Matches
2991,Andreas Skov Olsen,dk DEN,MF,Bologna,it Serie A,20,1999,26,1179,45,34.5,13.1,12,72,1,14,23,1,1.08,17,20,-3,-0.23,+0.21,Matches
2992,Robert Skov,dk DEN,"MF,FW",Hoffenheim,de Bundesliga,24,1996,23,1164,51,38.0,12.9,12,68,0,11,32,1,1.22,13,17,-4,-0.31,-0.40,Matches
2993,Milan Škriniar,sk SVK,DF,Inter,it Serie A,25,1995,32,2777,87,81.2,30.9,31,89,28,1,26,3,2.44,68,24,+44,+1.43,+0.03,Matches
2994,Steven Skrzybski,de GER,"MF,FW",Schalke 04,de Bundesliga,27,1992,13,419,32,13.7,4.7,3,84,1,10,17,4,0.46,3,10,-7,-1.50,+0.34,Matches
2995,Petar Škuletić,rs SRB,FW,Montpellier,fr Ligue 1,30,1990,19,234,12,6.8,2.6,1,54,0,18,10,14,1.42,4,6,-2,-0.77,-0.77,Matches
2996,Islam Slimani,dz ALG,FW,Leicester City,eng Premier League,32,1988,1,20,20,0.6,0.2,0,,0,1,20,0,0.00,0,1,-1,-4.50,-5.00,Matches
2997,Islam Slimani,dz ALG,FW,Lyon,fr Ligue 1,32,1988,18,579,32,16.9,6.4,4,77,2,14,19,0,1.83,17,5,+12,+1.87,+1.04,Matches
2998,William Smallbone,ie IRL,MF,Southampton,eng Premier League,20,2000,3,172,57,5.0,1.9,2,68,0,1,36,5,0.00,1,5,-4,-2.09,-1.62,Matches
2999,Chris Smalling,eng ENG,DF,Roma,it Serie A,30,1989,16,1111,69,32.5,12.3,13,81,11,3,17,0,2.13,23,20,+3,+0.24,-0.03,Matches
3000,Emile Smith Rowe,eng ENG,MF,Arsenal,eng Premier League,20,2000,20,1440,72,42.1,16.0,18,78,7,2,18,3,2.00,32,10,+22,+1.37,+1.65,Matches
3001,Robert Snodgrass,sct SCO,MF,West Brom,eng Premier League,32,1987,8,526,66,15.4,5.8,6,82,3,2,17,2,0.63,7,14,-7,-1.20,-0.14,Matches
3002,Robert Snodgrass,sct SCO,"FW,MF",West Ham United,eng Premier League,32,1987,3,5,2,0.1,0.1,0,,0,3,2,8,1.67,1,0,+1,+18.00,+17.63,Matches
3003,Cédric Soares,pt POR,DF,Arsenal,eng Premier League,28,1991,10,746,75,21.8,8.3,8,87,7,2,26,15,1.70,16,11,+5,+0.60,+0.23,Matches
3004,Rafa Soares,pt POR,DF,Eibar,es La Liga,25,1995,19,1134,60,33.2,12.6,12,81,7,7,23,19,0.79,14,17,-3,-0.24,+0.55,Matches
3005,Rubén Sobrino,es ESP,"FW,MF",Valencia,es La Liga,28,1992,5,49,10,1.4,0.5,0,,0,5,10,16,1.40,2,1,+1,+1.84,+1.94,Matches
3006,Rubén Sobrino,es ESP,"FW,MF",Cádiz,es La Liga,28,1992,16,1113,70,32.5,12.4,11,87,7,5,32,0,1.06,10,16,-6,-0.49,+0.14,Matches
3007,Simon Sohm,ch SUI,"MF,FW",Parma,it Serie A,19,2001,18,899,50,26.3,10.0,8,77,4,10,28,11,0.33,5,28,-23,-2.30,-1.55,Matches
3008,Augusto Solari,ar ARG,MF,Celta Vigo,es La Liga,28,1992,16,486,30,14.2,5.4,3,68,0,13,22,0,1.63,9,4,+5,+0.93,+1.14,Matches
3009,Roberto Soldado,es ESP,FW,Granada,es La Liga,35,1985,29,1438,50,42.0,16.0,16,70,1,13,25,1,1.34,22,25,-3,-0.19,+0.49,Matches
3010,Carlos Soler,es ESP,MF,Valencia,es La Liga,23,1997,32,2735,85,80.0,30.4,31,88,27,1,10,1,1.13,41,41,0,0.00,+0.39,Matches
3011,Noé Sommer,fr FRA,MF,Strasbourg,fr Ligue 1,19,2001,0,,,,,0,,,0,,1,,,,,,,Matches
3012,Yann Sommer,ch SUI,GK,Gladbach,de Bundesliga,31,1988,31,2712,87,88.6,30.1,31,87,30,0,,0,1.45,55,50,+5,+0.17,-0.61,Matches
3013,Son,es ESP,"DF,MF",Levante,es La Liga,26,1994,28,1106,40,32.3,12.3,10,84,6,18,15,10,0.96,9,18,-9,-0.73,-0.65,Matches
3014,Brandon Soppy,fr FRA,DF,Rennes,fr Ligue 1,18,2002,10,559,56,16.3,6.2,5,84,4,5,28,21,1.50,12,5,+7,+1.13,+0.97,Matches
3015,David Soria,es ESP,GK,Getafe,es La Liga,27,1993,28,2520,90,73.7,28.0,28,90,28,0,,10,0.93,20,31,-11,-0.39,+0.01,Matches
3016,Mario Soriano,es ESP,MF,Atlético Madrid,es La Liga,18,2002,0,,,,,0,,0,0,,2,,,,,,,Matches
3017,Roberto Soriano,it ITA,MF,Bologna,it Serie A,29,1991,37,3250,88,95.0,36.1,37,88,32,0,,0,1.11,50,58,-8,-0.22,+2.95,Matches
3018,Alberto Soro,es ESP,MF,Granada,es La Liga,21,1999,15,393,26,11.5,4.4,3,54,0,12,19,14,0.60,6,15,-9,-2.06,-1.79,Matches
3019,Borna Sosa,hr CRO,"MF,DF",Stuttgart,de Bundesliga,22,1998,26,2042,79,66.7,22.7,25,80,16,1,32,2,1.58,38,33,+5,+0.22,+0.57,Matches
3020,Hugo Sotelo,es ESP,MF,Celta Vigo,es La Liga,16,2003,1,1,1,0.0,0.0,0,,0,1,1,3,3.00,0,0,0,0.00,+0.05,Matches
3021,Florian Sotoca,fr FRA,FW,Lens,fr Ligue 1,29,1990,33,2413,73,70.6,26.8,28,82,15,5,22,1,1.42,38,38,0,0.00,-0.09,Matches
3022,Riccardo Sottil,it ITA,MF,Cagliari,it Serie A,21,1999,21,1184,56,34.6,13.2,12,77,0,9,28,1,0.71,21,21,0,0.00,+0.64,Matches
3023,Cheick Souaré,fr FRA,MF,Marseille,fr Ligue 1,17,2002,1,10,10,0.3,0.1,0,,0,1,10,4,1.00,0,0,0,0.00,-0.18,Matches
3024,Tomáš Souček,cz CZE,MF,West Ham United,eng Premier League,25,1995,38,3419,90,100.0,38.0,38,90,37,0,,0,1.71,62,47,+15,+0.39,+0.39,Matches
3025,Rayan Souici,fr FRA,MF,Saint-Étienne,fr Ligue 1,22,1998,1,5,5,0.1,0.1,0,,0,1,5,3,0.00,0,0,0,0.00,+0.32,Matches
3026,Cebio Soukou,bj BEN,"MF,FW",Arminia,de Bundesliga,27,1992,14,458,33,15.0,5.1,5,71,1,9,12,7,1.29,3,6,-3,-0.59,+0.21,Matches
3027,Adama Soumaoro,fr FRA,DF,Bologna,it Serie A,28,1992,20,1755,88,51.3,19.5,19,90,19,1,45,1,1.05,27,33,-6,-0.31,+0.12,Matches
3028,Adama Soumaoro,fr FRA,DF,Lille,fr Ligue 1,28,1992,3,145,48,4.2,1.6,1,90,1,2,28,7,2.33,4,0,+4,+2.48,+1.47,Matches
3029,Boubakary Soumaré,fr FRA,MF,Lille,fr Ligue 1,21,1999,32,1919,60,56.1,21.3,21,83,14,11,16,5,2.16,36,15,+21,+0.98,-0.21,Matches
3030,Yaya Soumaré,fr FRA,FW,Lyon,fr Ligue 1,20,2000,3,4,1,0.1,0.0,0,,0,3,1,10,3.00,0,0,0,0.00,-1.00,Matches
3031,Arnaud Souquet,fr FRA,"MF,DF",Montpellier,fr Ligue 1,28,1992,23,1224,53,35.8,13.6,14,76,4,9,18,11,1.43,20,23,-3,-0.22,-0.26,Matches
3032,Ansou Sow,sn SEN,FW,Lens,fr Ligue 1,20,2000,1,6,6,0.2,0.1,0,,0,1,6,2,3.00,1,0,+1,+15.00,+15.00,Matches
3033,Djibril Sow,ch SUI,MF,Eintracht Frankfurt,de Bundesliga,23,1997,28,2175,78,71.1,24.2,25,86,18,3,11,4,1.71,51,40,+11,+0.46,-0.05,Matches
3034,Saidou Sow,gn GUI,DF,Saint-Étienne,fr Ligue 1,18,2002,15,1000,67,29.2,11.1,10,86,9,5,29,18,0.73,5,16,-11,-0.99,-0.95,Matches
3035,Çağlar Söyüncü,tr TUR,DF,Leicester City,eng Premier League,24,1996,23,1819,79,53.2,20.2,19,90,19,4,27,2,1.87,42,30,+12,+0.59,+0.26,Matches
3036,Leonardo Spinazzola,it ITA,"MF,DF",Roma,it Serie A,27,1993,27,2124,79,62.1,23.6,25,83,18,2,25,0,1.56,41,35,+6,+0.25,-0.02,Matches
3037,Nicolás Spolli,ar ARG,DF,Crotone,it Serie A,37,1983,0,,,,,0,,0,0,,3,,,,,,,Matches
3038,Marco Sportiello,it ITA,GK,Atalanta,it Serie A,28,1992,15,1261,84,36.9,14.0,13,90,13,2,46,23,1.93,35,21,+14,+1.00,-0.21,Matches
3039,Mattia Sprocati,it ITA,"FW,MF",Parma,it Serie A,27,1993,1,22,22,0.6,0.2,0,,0,1,22,7,0.00,0,1,-1,-4.09,-2.95,Matches
3040,Niccolò Squizzato,it ITA,MF,Inter,it Serie A,18,2002,0,,,,,0,,0,0,,1,,,,,,,Matches
3041,Jerry St. Juste,nl NED,DF,Mainz 05,de Bundesliga,23,1996,32,2880,90,94.1,32.0,32,90,32,0,,0,1.19,38,53,-15,-0.47,+0.53,Matches
3042,Benjamin Stambouli,fr FRA,"DF,MF",Schalke 04,de Bundesliga,29,1990,24,1956,82,63.9,21.7,22,86,19,2,37,6,0.42,12,56,-44,-2.02,-0.64,Matches
3043,Luca Stanga,it ITA,DF,Milan,it Serie A,18,2002,0,,,,,0,,0,0,,1,,,,,,,Matches
3044,Josip Stanišić,hr CRO,DF,Bayern Munich,de Bundesliga,20,2000,1,90,90,2.9,1.0,1,90,1,0,,2,1.00,1,1,0,0.00,-1.67,Matches
3045,Filip Stankovic,rs SRB,GK,Inter,it Serie A,18,2002,0,,,,,0,,0,0,,5,,,,,,,Matches
3046,Niklas Stark,de GER,"DF,MF",Hertha BSC,de Bundesliga,25,1995,33,2793,85,91.3,31.0,31,89,29,2,20,1,0.97,36,50,-14,-0.45,-1.46,Matches
3047,Raul Steau,ro ROU,MF,Sassuolo,it Serie A,19,2001,0,,,,,0,,0,0,,1,,,,,,,Matches
3048,Jason Steele,eng ENG,GK,Brighton,eng Premier League,29,1990,0,,,,,0,,,0,,30,,,,,,,Matches
3049,Jed Steer,eng ENG,GK,Aston Villa,eng Premier League,27,1992,0,,,,,0,,,0,,15,,,,,,,Matches
3050,Renato Steffen,ch SUI,MF,Wolfsburg,de Bundesliga,28,1991,21,1566,75,51.2,17.4,19,80,5,2,28,0,1.95,30,14,+16,+0.92,+0.44,Matches
3051,Zack Steffen,us USA,GK,Manchester City,eng Premier League,25,1995,1,90,90,2.6,1.0,1,90,1,0,,34,3.00,3,1,+2,+2.00,+0.68,Matches
3052,Pascal Stenzel,de GER,DF,Stuttgart,de Bundesliga,24,1996,23,1276,55,41.7,14.2,14,77,6,9,22,10,1.57,27,25,+2,+0.14,+0.19,Matches
3053,Dale Stephens,eng ENG,MF,Burnley,eng Premier League,31,1989,7,261,37,7.6,2.9,3,67,1,4,15,19,0.43,1,4,-3,-1.03,-0.49,Matches
3054,Dale Stephens,eng ENG,MF,Brighton,eng Premier League,31,1989,0,,,,,0,,,0,,1,,,,,,,Matches
3055,Jack Stephens,eng ENG,DF,Southampton,eng Premier League,26,1994,18,1537,85,44.9,17.1,17,88,15,1,45,20,1.00,18,39,-21,-1.23,-1.23,Matches
3056,Mariusz Stępiński,pl POL,FW,Hellas Verona,it Serie A,25,1995,0,,,,,0,,0,0,,1,,,,,,,Matches
3057,Raheem Sterling,eng ENG,"FW,MF",Manchester City,eng Premier League,25,1994,31,2536,82,74.2,28.2,28,89,25,3,19,5,2.19,58,23,+35,+1.24,-0.39,Matches
3058,Enda Stevens,ie IRL,"MF,DF",Sheffield United,eng Premier League,30,1990,30,2700,90,78.9,30.0,30,90,30,0,,0,0.47,13,54,-41,-1.37,-1.12,Matches
3059,Lars Stindl,de GER,"MF,FW",Gladbach,de Bundesliga,31,1988,30,1961,65,64.1,21.8,23,80,10,7,17,0,1.43,41,35,+6,+0.28,+0.11,Matches
3060,Kevin Stöger,at AUT,MF,Mainz 05,de Bundesliga,26,1993,19,538,28,17.6,6.0,4,79,1,15,15,9,1.05,6,8,-2,-0.33,+0.20,Matches
3061,John Stones,eng ENG,DF,Manchester City,eng Premier League,26,1994,22,1933,88,56.5,21.5,22,88,21,0,,12,2.50,53,12,+41,+1.91,+1.30,Matches
3062,Thomas Strakosha,al ALB,GK,Lazio,it Serie A,25,1995,9,810,90,23.7,9.0,9,90,9,0,,19,1.22,8,14,-6,-0.67,-1.08,Matches
3063,Tobias Strobl,de GER,MF,Augsburg,de Bundesliga,30,1990,29,1846,64,60.3,20.5,21,80,13,8,21,5,1.03,18,31,-13,-0.63,-0.26,Matches
3064,Kevin Strootman,nl NED,MF,Marseille,fr Ligue 1,30,1990,11,233,21,6.8,2.6,1,71,0,10,16,6,2.00,5,2,+3,+1.16,+1.05,Matches
3065,Kevin Strootman,nl NED,MF,Genoa,it Serie A,30,1990,18,1314,73,38.4,14.6,18,73,2,0,,1,1.56,20,15,+5,+0.34,+1.03,Matches
3066,Pascal Struijk,nl NED,"DF,MF",Leeds United,eng Premier League,20,1999,27,2075,77,60.7,23.1,22,83,18,5,48,10,1.56,38,32,+6,+0.26,+0.13,Matches
3067,Jens Stryger Larsen,dk DEN,MF,Udinese,it Serie A,29,1991,33,2638,80,77.1,29.3,30,86,19,3,21,0,1.12,33,43,-10,-0.34,+0.35,Matches
3068,Stefano Sturaro,it ITA,MF,Hellas Verona,it Serie A,27,1993,10,423,42,12.4,4.7,4,65,1,6,27,7,0.90,5,4,+1,+0.21,+0.30,Matches
3069,Stefano Sturaro,it ITA,"MF,FW",Genoa,it Serie A,27,1993,6,445,74,13.0,4.9,6,74,2,0,,2,0.33,5,7,-2,-0.40,-0.13,Matches
3070,Damián Suárez,uy URU,DF,Getafe,es La Liga,32,1988,31,2434,79,71.2,27.0,28,85,19,3,21,3,1.16,24,31,-7,-0.26,+0.47,Matches
3071,Denis Suárez,es ESP,MF,Celta Vigo,es La Liga,26,1994,35,2852,81,83.4,31.7,34,83,22,1,28,1,1.43,50,51,-1,-0.03,+0.13,Matches
3072,Luis Suárez,uy URU,FW,Atlético Madrid,es La Liga,33,1987,32,2508,78,73.3,27.9,30,82,13,2,27,0,2.19,46,21,+25,+0.90,-0.78,Matches
3073,Marek Suchý,cz CZE,DF,Augsburg,de Bundesliga,32,1988,5,305,61,10.0,3.4,3,86,2,2,24,27,0.60,4,8,-4,-1.18,-0.72,Matches
3074,Thanawat Suengchitthawon,th THA,MF,Leicester City,eng Premier League,20,2000,0,,,,,0,,,0,,2,,,,,,,Matches
3075,Niklas Süle,de GER,DF,Bayern Munich,de Bundesliga,24,1995,20,1505,75,49.2,16.7,16,89,15,4,21,7,2.40,55,19,+36,+2.15,+1.05,Matches
3076,Crysencio Summerville,nl NED,"FW,MF",Leeds United,eng Premier League,18,2001,0,,,,,0,,,0,,1,,,,,,,Matches
3077,Suso,es ESP,FW,Sevilla,es La Liga,26,1993,34,2210,65,64.6,24.6,28,73,1,6,27,0,2.00,38,20,+18,+0.73,+0.58,Matches
3078,Bosko Sutalo,hr CRO,"DF,MF",Atalanta,it Serie A,20,2000,7,233,33,6.8,2.6,3,65,1,4,9,24,2.29,4,3,+1,+0.39,-0.80,Matches
3079,Mattias Svanberg,se SWE,MF,Bologna,it Serie A,21,1999,34,1852,54,54.2,20.6,24,68,2,10,23,1,1.06,35,41,-6,-0.29,+0.17,Matches
3080,Abdoulaye Sylla,gn GUI,DF,Nantes,fr Ligue 1,20,2000,2,8,4,0.2,0.1,0,,0,2,4,3,0.50,0,1,-1,-11.25,-11.07,Matches
3081,Issiaga Sylla,gn GUI,MF,Lens,fr Ligue 1,26,1994,20,1116,56,32.6,12.4,13,77,6,7,16,8,1.50,19,13,+6,+0.48,+0.68,Matches
3082,Eddy Sylvestre,fr FRA,FW,Nice,fr Ligue 1,20,1999,4,97,24,2.8,1.1,1,61,0,3,12,2,1.50,2,1,+1,+0.93,+1.04,Matches
3083,Ádám Szalai,hu HUN,FW,Mainz 05,de Bundesliga,32,1987,18,733,41,24.0,8.1,8,71,0,10,17,3,1.44,8,7,+1,+0.12,+0.82,Matches
3084,Wojciech Szczęsny,pl POL,GK,Juventus,it Serie A,30,1990,30,2677,89,78.3,29.7,30,89,29,0,,8,1.87,55,32,+23,+0.77,-1.16,Matches
3085,Andreas Søndergaard,dk DEN,GK,Wolves,eng Premier League,19,2001,0,,,,,0,,,0,,3,,,,,,,Matches
3086,Frederik Sørensen,dk DEN,DF,Köln,de Bundesliga,28,1992,3,99,33,3.2,1.1,1,90,1,2,5,6,0.00,1,4,-3,-2.73,-2.03,Matches
3087,Alexander Sørloth,no NOR,FW,RB Leipzig,de Bundesliga,24,1995,29,1443,50,47.2,16.0,13,83,10,16,23,4,1.97,28,14,+14,+0.87,+0.09,Matches
3088,Tachi,es ESP,DF,Alavés,es La Liga,22,1997,12,850,71,24.9,9.4,8,85,7,4,43,19,0.85,7,14,-7,-0.74,-0.25,Matches
3089,Jonathan Tah,de GER,DF,Leverkusen,de Bundesliga,24,1996,27,2219,82,72.5,24.7,24,88,22,3,35,7,1.44,37,29,+8,+0.32,-0.32,Matches
3090,Waniss Taibi,fr FRA,MF,Angers,fr Ligue 1,18,2002,2,38,19,1.1,0.4,0,,0,2,19,13,0.00,0,1,-1,-2.37,-1.92,Matches
3091,Flavien Tait,fr FRA,MF,Rennes,fr Ligue 1,27,1993,23,1368,59,40.0,15.2,16,79,7,7,15,5,1.48,27,21,+6,+0.39,+0.13,Matches
3092,Lamine Tall,sn SEN,FW,Roma,it Serie A,18,2001,0,,,,,0,,0,0,,1,,,,,,,Matches
3093,Adrien Tameze,cm CMR,MF,Hellas Verona,it Serie A,26,1994,33,2304,70,67.4,25.6,28,77,12,5,28,2,1.27,29,30,-1,-0.04,+0.04,Matches
3094,Japhet Tanganga,eng ENG,DF,Tottenham Hotspur,eng Premier League,21,1999,6,487,81,14.2,5.4,6,81,4,0,,8,1.17,7,8,-1,-0.18,-0.92,Matches
3095,Renato Tapia,pe PER,MF,Celta Vigo,es La Liga,25,1995,32,2701,84,79.0,30.0,32,84,23,0,,1,1.28,40,41,-1,-0.03,+0.09,Matches
3096,Edmond Tapsoba,bf BFA,DF,Leverkusen,de Bundesliga,21,1999,31,2652,86,86.7,29.5,29,90,29,2,21,0,1.55,44,35,+9,+0.31,-0.80,Matches
3097,Matt Targett,eng ENG,DF,Aston Villa,eng Premier League,24,1995,38,3404,90,99.5,37.8,38,90,37,0,,0,1.45,55,44,+11,+0.29,+11.54,Matches
3098,Oussama Targhalline,ma MAR,MF,Marseille,fr Ligue 1,18,2002,0,,,,,0,,,0,,3,,,,,,,Matches
3099,James Tarkowski,eng ENG,DF,Burnley,eng Premier League,27,1992,36,3240,90,94.7,36.0,36,90,36,0,,0,1.08,31,50,-19,-0.53,+0.97,Matches
3100,Ciprian Tătărușanu,ro ROU,GK,Lyon,fr Ligue 1,34,1986,0,,,,,0,,,0,,1,,,,,,,Matches
3101,Ciprian Tătărușanu,ro ROU,GK,Milan,it Serie A,34,1986,1,90,90,2.6,1.0,1,90,1,0,,37,1.00,3,3,0,0.00,-0.89,Matches
3102,Percy Tau,za RSA,MF,Brighton,eng Premier League,26,1994,3,103,34,3.0,1.1,1,67,0,2,18,13,1.33,1,2,-1,-0.87,-0.74,Matches
3103,Niklas Tauer,de GER,FW,Mainz 05,de Bundesliga,19,2001,5,69,14,2.3,0.8,0,,0,5,14,5,1.40,0,2,-2,-2.61,-2.16,Matches
3104,Heriberto Tavares,cv CPV,"FW,MF",Brest,fr Ligue 1,23,1997,4,43,11,1.3,0.5,0,,0,4,11,9,0.00,1,3,-2,-4.19,-3.81,Matches
3105,Sidnei Tavares,,MF,Leicester City,eng Premier League,18,2001,2,85,43,2.5,0.9,1,71,0,1,14,2,2.00,1,1,0,0.00,-0.49,Matches
3106,Tomás Tavares,pt POR,DF,Alavés,es La Liga,19,2001,3,65,22,1.9,0.7,0,,0,3,22,9,0.67,0,2,-2,-2.77,-2.26,Matches
3107,Caleb Taylor,eng ENG,DF,West Brom,eng Premier League,17,2003,0,,,,,0,,,0,,2,,,,,,,Matches
3108,Charlie Taylor,eng ENG,DF,Burnley,eng Premier League,26,1993,29,2426,84,70.9,27.0,28,85,25,1,58,1,1.00,19,42,-23,-0.85,-0.94,Matches
3109,Neil Taylor,wls WAL,"DF,MF",Aston Villa,eng Premier League,31,1989,1,16,16,0.5,0.2,0,,0,1,16,26,0.00,0,2,-2,-11.25,-11.54,Matches
3110,Allan Tchaptchet,fr FRA,DF,Southampton,eng Premier League,18,2001,1,13,13,0.4,0.1,0,,0,1,13,1,0.00,0,3,-3,-20.77,-20.29,Matches
3111,Warren Tchimbembé,cg CGO,MF,Metz,fr Ligue 1,22,1998,15,495,33,14.5,5.5,4,68,0,11,20,11,1.40,10,8,+2,+0.36,+0.55,Matches
3112,Aurélien Tchouaméni,fr FRA,MF,Monaco,fr Ligue 1,20,2000,36,3063,85,89.6,34.0,36,85,26,0,,0,2.08,67,38,+29,+0.85,-0.41,Matches
3113,Álvaro Tejero,es ESP,DF,Eibar,es La Liga,24,1996,2,110,55,3.2,1.2,1,90,1,1,20,3,0.00,0,2,-2,-1.64,-1.07,Matches
3114,Nathan Tella,ng NGA,"FW,MF",Southampton,eng Premier League,21,1999,18,745,41,21.8,8.3,7,62,0,11,29,10,0.83,9,11,-2,-0.24,+0.40,Matches
3115,Alex Telles,br BRA,DF,Manchester Utd,eng Premier League,27,1992,9,690,77,20.2,7.7,8,82,5,1,31,22,2.33,15,11,+4,+0.52,-0.30,Matches
3116,Andrés Tello,co COL,MF,Benevento,it Serie A,23,1996,17,413,24,12.1,4.6,2,79,1,15,17,14,1.00,8,7,+1,+0.22,+1.30,Matches
3117,Cristian Tello,es ESP,MF,Real Betis,es La Liga,28,1991,29,1283,44,37.5,14.3,12,70,2,17,26,5,1.48,23,22,+1,+0.07,+0.11,Matches
3118,Lino Tempelmann,de GER,MF,Freiburg,de Bundesliga,21,1999,10,270,27,8.8,3.0,2,68,1,8,17,13,1.20,5,7,-2,-0.67,-0.73,Matches
3119,Arnau Tenas,es ESP,GK,Barcelona,es La Liga,19,2001,0,,,,,0,,0,0,,24,,,,,,,Matches
3120,Hidde ter Avest,nl NED,MF,Udinese,it Serie A,23,1997,6,351,59,10.3,3.9,4,83,3,2,10,10,0.67,3,7,-4,-1.03,-0.67,Matches
3121,Marc-André ter Stegen,de GER,GK,Barcelona,es La Liga,28,1992,31,2790,90,81.6,31.0,31,90,31,0,,0,2.19,74,32,+42,+1.35,+0.64,Matches
3122,Filippo Terracciano,it ITA,DF,Hellas Verona,it Serie A,17,2003,0,,,,,0,,0,0,,9,,,,,,,Matches
3123,Pietro Terracciano,it ITA,GK,Fiorentina,it Serie A,30,1990,4,272,68,8.0,3.0,2,90,2,2,46,34,0.50,1,4,-3,-0.99,-0.74,Matches
3124,Martin Terrier,fr FRA,"FW,MF",Rennes,fr Ligue 1,23,1997,34,2436,72,71.2,27.1,30,78,7,4,22,0,1.56,35,23,+12,+0.44,+0.44,Matches
3125,Claudio Terzi,it ITA,DF,Spezia,it Serie A,36,1984,25,1869,75,54.6,20.8,22,82,15,3,24,7,1.20,30,38,-8,-0.39,+0.31,Matches
3126,Kenny Tete,nl NED,DF,Lyon,fr Ligue 1,24,1995,1,20,20,0.6,0.2,0,,0,1,20,0,3.00,0,0,0,0.00,-1.01,Matches
3127,Kenny Tete,nl NED,"DF,MF",Fulham,eng Premier League,24,1995,22,1481,67,43.3,16.5,18,80,12,4,11,2,0.73,10,27,-17,-1.03,-0.62,Matches
3128,Cedric Teuchert,de GER,"FW,MF",Union Berlin,de Bundesliga,23,1997,24,754,31,24.6,8.4,5,73,0,19,20,7,1.46,13,9,+4,+0.48,+0.36,Matches
3129,Florian Thauvin,fr FRA,"MF,FW",Marseille,fr Ligue 1,27,1993,36,2732,76,79.9,30.4,33,81,13,3,25,0,1.61,43,34,+9,+0.30,+0.56,Matches
3130,Malick Thiaw,de GER,DF,Schalke 04,de Bundesliga,18,2001,19,1452,76,47.5,16.1,15,89,14,4,31,9,0.53,5,40,-35,-2.17,-0.71,Matches
3131,Jan Thielmann,de GER,"FW,MF",Köln,de Bundesliga,18,2002,24,1029,43,33.6,11.4,9,70,2,15,27,4,1.00,11,21,-10,-0.87,-0.17,Matches
3132,Sada Thioub,sn SEN,"MF,FW",Angers,fr Ligue 1,25,1995,27,1256,47,36.7,14.0,12,71,1,15,27,2,1.00,13,22,-9,-0.64,-0.27,Matches
3133,Bobby Thomas,eng ENG,DF,Burnley,eng Premier League,19,2001,0,,,,,0,,,0,,2,,,,,,,Matches
3134,Luke Thomas,eng ENG,"MF,DF",Leicester City,eng Premier League,19,2001,14,969,69,28.3,10.8,12,75,7,2,34,17,1.43,23,18,+5,+0.46,-0.01,Matches
3135,Romain Thomas,fr FRA,DF,Angers,fr Ligue 1,32,1988,34,3024,89,88.4,33.6,34,89,32,0,,1,1.12,32,45,-13,-0.39,+0.75,Matches
3136,Adrien Thomasson,fr FRA,"MF,FW",Strasbourg,fr Ligue 1,26,1993,37,2624,71,76.7,29.2,31,81,12,6,19,0,1.11,37,41,-4,-0.14,+0.43,Matches
3137,Erik Thommy,de GER,"MF,FW",Stuttgart,de Bundesliga,25,1994,8,313,39,10.2,3.5,3,62,0,5,25,6,1.25,6,7,-1,-0.29,-0.35,Matches
3138,Max Thompson,eng ENG,FW,Burnley,eng Premier League,18,2002,0,,,,,0,,,0,,2,,,,,,,Matches
3139,Morten Thorsby,no NOR,MF,Sampdoria,it Serie A,24,1996,33,2648,80,77.4,29.4,29,85,25,4,43,1,1.33,39,40,-1,-0.03,+0.08,Matches
3140,Khéphren Thuram,fr FRA,MF,Nice,fr Ligue 1,19,2001,29,1494,52,43.7,16.6,17,75,6,12,19,6,1.55,25,21,+4,+0.24,+0.57,Matches
3141,Marcus Thuram,fr FRA,"MF,FW",Gladbach,de Bundesliga,22,1997,29,1731,60,56.6,19.2,20,75,3,9,26,0,1.31,43,29,+14,+0.73,+1.13,Matches
3142,Cheikh Tidiane Sabaly,sn SEN,"FW,MF",Metz,fr Ligue 1,21,1999,1,12,12,0.4,0.1,0,,0,1,12,1,0.00,0,0,0,0.00,+0.11,Matches
3143,Youri Tielemans,be BEL,MF,Leicester City,eng Premier League,23,1997,38,3357,88,98.2,37.3,37,90,35,1,34,0,1.74,68,50,+18,+0.48,+0.48,Matches
3144,Kieran Tierney,sct SCO,DF,Arsenal,eng Premier League,23,1997,27,2299,85,67.2,25.5,26,87,23,1,28,0,1.59,35,27,+8,+0.31,-0.33,Matches
3145,Steffen Tigges,de GER,FW,Dortmund,de Bundesliga,22,1998,6,56,9,1.8,0.6,0,,0,6,9,8,1.50,1,3,-2,-3.21,-4.14,Matches
3146,Guus Til,nl NED,FW,Freiburg,de Bundesliga,22,1997,7,125,18,4.1,1.4,1,55,0,6,12,16,1.00,1,1,0,0.00,0.00,Matches
3147,Mattia Timmoneri,it ITA,MF,Crotone,it Serie A,17,2003,0,,,,,0,,0,0,,1,,,,,,,Matches
3148,David Timor,es ESP,"MF,DF",Getafe,es La Liga,30,1989,30,1395,47,40.8,15.5,15,80,7,15,13,5,1.13,10,14,-4,-0.26,+0.23,Matches
3149,Jean-Clair Todibo,fr FRA,DF,Nice,fr Ligue 1,20,1999,15,1330,89,38.9,14.8,15,89,13,0,,0,1.67,24,20,+4,+0.27,+0.57,Matches
3150,Karl Toko Ekambi,cm CMR,"FW,MF",Lyon,fr Ligue 1,27,1992,35,2811,80,82.2,31.2,34,81,14,1,45,0,1.97,69,37,+32,+1.02,+0.14,Matches
3151,Corentin Tolisso,fr FRA,MF,Bayern Munich,de Bundesliga,25,1994,16,781,49,25.5,8.7,7,77,1,9,27,1,2.44,28,16,+12,+1.38,-0.32,Matches
3152,Jeremy Toljan,de GER,"DF,MF",Sassuolo,it Serie A,25,1994,26,1490,57,43.6,16.6,18,74,7,8,21,8,1.65,26,26,0,0.00,-0.37,Matches
3153,Rafael Tolói,it ITA,DF,Atalanta,it Serie A,29,1990,31,2537,82,74.2,28.2,29,85,23,2,32,1,1.90,63,36,+27,+0.96,-0.67,Matches
3154,Takehiro Tomiyasu,jp JPN,DF,Bologna,it Serie A,21,1998,31,2715,88,79.4,30.2,31,88,27,0,,0,1.10,42,53,-11,-0.36,+0.02,Matches
3155,James Tomkins,eng ENG,DF,Crystal Palace,eng Premier League,31,1989,8,553,69,16.2,6.1,6,85,5,2,23,4,1.00,6,12,-6,-0.98,-0.38,Matches
3156,Fikayo Tomori,eng ENG,DF,Chelsea,eng Premier League,22,1997,1,45,45,1.3,0.5,0,,0,1,45,4,0.00,0,2,-2,-4.00,-4.64,Matches
3157,Fikayo Tomori,eng ENG,DF,Milan,it Serie A,22,1997,17,1466,86,42.9,16.3,16,90,16,1,26,3,2.06,34,14,+20,+1.23,+0.63,Matches
3158,Sandro Tonali,it ITA,MF,Milan,it Serie A,20,2000,25,1330,53,38.9,14.8,17,68,4,8,23,10,2.20,28,16,+12,+0.81,-0.09,Matches
3159,Lorenzo Tonelli,it ITA,DF,Sampdoria,it Serie A,30,1990,23,1782,77,52.1,19.8,21,82,16,2,25,9,1.57,32,27,+5,+0.25,+0.64,Matches
3160,Riccardo Tonin,it ITA,MF,Milan,it Serie A,19,2001,0,,,,,0,,0,0,,1,,,,,,,Matches
3161,Toño,es ESP,"DF,MF",Levante,es La Liga,30,1989,12,726,61,21.2,8.1,9,79,3,3,6,24,1.08,7,12,-5,-0.62,-0.42,Matches
3162,Ömer Toprak,tr TUR,DF,Werder Bremen,de Bundesliga,31,1989,26,1940,75,63.4,21.6,24,79,13,2,18,1,0.88,19,37,-18,-0.84,-0.59,Matches
3163,Tyron Tormin,fr FRA,FW,Saint-Étienne,fr Ligue 1,19,2001,3,21,7,0.6,0.2,0,,0,3,7,1,0.00,0,1,-1,-4.29,-3.99,Matches
3164,Ernesto Torregrossa,ve VEN,FW,Sampdoria,it Serie A,28,1992,6,170,28,5.0,1.9,1,76,0,5,19,5,1.67,2,2,0,0.00,+0.06,Matches
3165,Lucas Torreira,uy URU,MF,Atlético Madrid,es La Liga,24,1996,19,518,27,15.1,5.8,3,60,1,16,21,13,2.37,10,4,+6,+1.04,-0.07,Matches
3166,Raúl Torrente,es ESP,DF,Granada,es La Liga,18,2001,0,,,,,0,,0,0,,1,,,,,,,Matches
3167,Ferrán Torres,es ESP,"FW,MF",Manchester City,eng Premier League,20,2000,24,1306,54,38.2,14.5,15,74,5,9,22,13,2.13,29,13,+16,+1.10,-0.39,Matches
3168,Óliver Torres,es ESP,MF,Sevilla,es La Liga,25,1994,33,1400,42,40.9,15.6,15,69,3,18,20,5,1.97,19,15,+4,+0.26,-0.46,Matches
3169,Pau Torres,es ESP,DF,Villarreal,es La Liga,23,1997,33,2970,90,86.8,33.0,33,90,33,0,,3,1.58,51,34,+17,+0.52,+0.72,Matches
3170,Roberto Torres,es ESP,MF,Osasuna,es La Liga,31,1989,35,1894,54,55.4,21.0,19,81,9,16,22,0,1.11,22,33,-11,-0.52,-0.52,Matches
3171,Lucas Torró,es ESP,MF,Osasuna,es La Liga,26,1994,25,1548,62,45.3,17.2,17,80,11,8,23,0,1.40,23,21,+2,+0.12,+0.74,Matches
3172,Jordan Torunarigha,de GER,DF,Hertha BSC,de Bundesliga,22,1997,14,969,69,31.7,10.8,11,82,9,3,23,8,1.43,15,15,0,0.00,+0.47,Matches
3173,Cenk Tosun,tr TUR,"FW,MF",Everton,eng Premier League,29,1991,5,48,10,1.4,0.5,0,,0,5,10,6,0.80,1,3,-2,-3.75,-3.78,Matches
3174,Abdoulaye Touré,gn GUI,MF,Nantes,fr Ligue 1,26,1994,29,1681,58,49.2,18.7,20,78,11,9,14,7,0.83,18,28,-10,-0.54,-0.64,Matches
3175,Almamy Touré,ml MLI,MF,Eintracht Frankfurt,de Bundesliga,24,1996,17,704,41,23.0,7.8,8,74,3,9,13,5,2.24,17,12,+5,+0.64,+0.22,Matches
3176,Lucas Tousart,fr FRA,MF,Hertha BSC,de Bundesliga,23,1997,26,2090,80,68.3,23.2,25,83,17,1,16,5,1.00,25,36,-11,-0.47,-0.47,Matches
3177,Andros Townsend,eng ENG,"MF,FW",Crystal Palace,eng Premier League,29,1991,34,2258,66,66.0,25.1,25,84,16,9,18,4,1.18,25,37,-12,-0.48,+0.53,Matches
3178,Conor Townsend,eng ENG,DF,West Brom,eng Premier League,27,1993,25,2234,89,65.3,24.8,25,89,24,0,,2,0.80,23,36,-13,-0.52,+1.60,Matches
3179,James Trafford,eng ENG,GK,Manchester City,eng Premier League,17,2002,0,,,,,0,,,0,,1,,,,,,,Matches
3180,Mattéo Tramoni,fr FRA,"FW,MF",Cagliari,it Serie A,20,2000,6,74,12,2.2,0.8,0,,0,6,12,19,0.83,1,4,-3,-3.65,-3.30,Matches
3181,Adama Traoré,es ESP,"FW,MF",Wolves,eng Premier League,24,1996,37,2649,72,77.5,29.4,28,87,25,9,25,0,1.22,31,41,-10,-0.34,+0.36,Matches
3182,Adama Traoré,ml MLI,"FW,MF",Metz,fr Ligue 1,25,1995,0,,,,,0,,,0,,4,,,,,,,Matches
3183,Amadou Traore,fr FRA,FW,Bordeaux,fr Ligue 1,18,2002,19,304,16,8.9,3.4,0,,0,19,16,8,1.26,1,7,-6,-1.78,-1.55,Matches
3184,Bertrand Traoré,bf BFA,"MF,FW",Aston Villa,eng Premier League,24,1995,36,2317,64,67.7,25.7,29,74,6,7,25,0,1.36,32,31,+1,+0.04,-0.61,Matches
3185,Bertrand Traoré,bf BFA,"FW,MF",Lyon,fr Ligue 1,24,1995,0,,,,,0,,,0,,2,,,,,,,Matches
3186,Boubacar Traoré,ml MLI,MF,Metz,fr Ligue 1,18,2001,2,54,27,1.6,0.6,0,,0,2,27,12,0.00,1,3,-2,-3.33,-3.28,Matches
3187,Chaka Traorè,ci CIV,FW,Parma,it Serie A,15,2004,3,18,6,0.5,0.2,0,,0,3,6,5,0.00,0,2,-2,-10.00,-8.89,Matches
3188,Charles Traore,ml MLI,DF,Nantes,fr Ligue 1,28,1992,22,1700,77,49.7,18.9,19,83,15,3,41,7,0.77,18,26,-8,-0.42,-0.42,Matches
3189,Cheick Traoré,ml MLI,"DF,MF",Lens,fr Ligue 1,25,1995,2,39,20,1.1,0.4,0,,0,2,20,3,1.50,1,2,-1,-2.31,-2.36,Matches
3190,Hamari Traoré,ml MLI,DF,Rennes,fr Ligue 1,28,1992,35,3000,86,87.7,33.3,34,87,30,1,32,0,1.54,48,35,+13,+0.39,+0.60,Matches
3191,Ibrahima Traoré,gn GUI,MF,Gladbach,de Bundesliga,32,1988,7,98,14,3.2,1.1,1,64,0,6,6,17,0.86,2,1,+1,+0.92,+0.71,Matches
3192,Ismaël Traoré,ci CIV,DF,Angers,fr Ligue 1,33,1986,34,2993,88,87.5,33.3,34,88,33,0,,1,1.18,34,51,-17,-0.51,-0.30,Matches
3193,Kevin Trapp,de GER,GK,Eintracht Frankfurt,de Bundesliga,30,1990,33,2970,90,97.1,33.0,33,90,33,0,,1,1.73,66,52,+14,+0.42,-1.58,Matches
3194,Miguel Trauco,pe PER,DF,Saint-Étienne,fr Ligue 1,27,1992,26,2035,78,59.5,22.6,22,87,19,4,31,2,1.12,23,27,-4,-0.18,+0.34,Matches
3195,Trézéguet,eg EGY,"MF,FW",Aston Villa,eng Premier League,25,1994,21,1166,56,34.1,13.0,12,80,2,9,23,2,1.43,24,14,+10,+0.77,+0.81,Matches
3196,Manu Trigueros,es ESP,MF,Villarreal,es La Liga,28,1991,35,2527,72,73.9,28.1,30,80,12,5,25,1,1.54,46,31,+15,+0.53,+0.43,Matches
3197,Christopher Trimmel,at AUT,"MF,DF",Union Berlin,de Bundesliga,33,1987,31,2572,83,84.1,28.6,30,86,22,1,1,1,1.48,40,38,+2,+0.07,-0.85,Matches
3198,Francisco Trincão,pt POR,FW,Barcelona,es La Liga,20,1999,28,706,25,20.6,7.8,3,67,1,25,20,10,1.89,22,7,+15,+1.91,+0.85,Matches
3199,Alessandro Tripaldelli,it ITA,"DF,MF",Cagliari,it Serie A,21,1999,10,300,30,8.8,3.3,3,65,0,7,15,17,0.40,3,10,-7,-2.10,-1.84,Matches
3200,Kieran Trippier,eng ENG,"DF,MF",Atlético Madrid,es La Liga,29,1990,28,2475,88,72.4,27.5,28,88,26,0,,0,2.25,47,13,+34,+1.24,+0.47,Matches
3201,William Troost-Ekong,ng NGA,"DF,MF",Udinese,it Serie A,26,1993,0,,,,,0,,0,0,,1,,,,,,,Matches
3202,Leandro Trossard,be BEL,"MF,FW",Brighton,eng Premier League,25,1994,35,2607,74,76.2,29.0,30,81,13,5,36,1,1.06,34,30,+4,+0.14,+1.25,Matches
3203,Nathan Trott,eng ENG,GK,West Ham United,eng Premier League,21,1998,0,,,,,0,,,0,,10,,,,,,,Matches
3204,Alexis Trouillet,fr FRA,MF,Nice,fr Ligue 1,19,2000,5,109,22,3.2,1.2,1,45,0,4,16,26,1.20,1,3,-2,-1.65,-1.62,Matches
3205,Adrien Truffert,fr FRA,"DF,MF",Rennes,fr Ligue 1,18,2001,29,1951,67,57.0,21.7,23,76,9,6,33,4,1.45,28,23,+5,+0.23,-0.20,Matches
3206,Philipp Tschauner,de GER,GK,RB Leipzig,de Bundesliga,34,1985,0,,,,,0,,0,0,,8,,,,,,,Matches
3207,Marvin Tshibuabua,fr FRA,DF,Saint-Étienne,fr Ligue 1,18,2002,1,43,43,1.3,0.5,0,,0,1,43,5,0.00,0,1,-1,-2.09,-1.80,Matches
3208,Kostas Tsimikas,gr GRE,DF,Liverpool,eng Premier League,24,1996,2,7,4,0.2,0.1,0,,0,2,4,20,1.50,0,0,0,0.00,-0.69,Matches
3209,Axel Tuanzebe,cd COD,DF,Manchester Utd,eng Premier League,22,1997,9,404,45,11.8,4.5,4,88,3,5,10,21,1.67,7,8,-1,-0.22,-1.12,Matches
3210,Alessandro Tuia,it ITA,DF,Benevento,it Serie A,30,1990,27,1765,65,51.6,19.6,19,78,8,8,34,3,1.04,20,34,-14,-0.71,+0.43,Matches
3211,Ľubomír Tupta,sk SVK,MF,Hellas Verona,it Serie A,22,1998,2,50,25,1.5,0.6,1,45,0,1,5,0,1.50,0,0,0,0.00,+0.05,Matches
3212,Stefano Turati,it ITA,GK,Sassuolo,it Serie A,18,2001,0,,,0.0,0.0,0,,0,0,,17,1.00,2,2,0,,,Matches
3213,Martin Turk,si SVN,GK,Parma,it Serie A,16,2003,0,,,,,0,,0,0,,1,,,,,,,Matches
3214,Cem Türkmen,tr TUR,MF,Leverkusen,de Bundesliga,18,2002,0,,,,,0,,0,0,,5,,,,,,,Matches
3215,Beñat Turrientes,es ESP,MF,Real Sociedad,es La Liga,18,2002,0,,,,,0,,0,0,,1,,,,,,,Matches
3216,Tuta,br BRA,DF,Eintracht Frankfurt,de Bundesliga,21,1999,19,1459,77,47.7,16.2,16,88,14,3,17,11,1.89,36,29,+7,+0.43,-0.07,Matches
3217,Harry Tyrer,eng ENG,GK,Everton,eng Premier League,18,2001,0,,,,,0,,,0,,5,,,,,,,Matches
3218,Destiny Udogie,it ITA,"DF,MF",Hellas Verona,it Serie A,17,2002,6,170,28,5.0,1.9,0,,0,6,28,25,0.33,1,4,-3,-1.59,-1.62,Matches
3219,Matthieu Udol,fr FRA,"DF,MF",Metz,fr Ligue 1,24,1996,25,1724,69,50.4,19.2,19,85,16,6,17,4,1.36,29,25,+4,+0.21,+0.63,Matches
3220,Naomichi Ueda,jp JPN,DF,Nîmes,fr Ligue 1,25,1994,9,711,79,20.8,7.9,8,88,7,1,11,6,1.00,11,14,-3,-0.38,+0.55,Matches
3221,Lesley Ugochukwu,fr FRA,MF,Rennes,fr Ligue 1,16,2004,3,65,22,1.9,0.7,1,60,0,2,3,3,2.33,1,1,0,0.00,-0.32,Matches
3222,Hwang Ui-jo,kr KOR,"FW,MF",Bordeaux,fr Ligue 1,27,1992,36,2503,70,73.2,27.8,32,75,6,4,26,1,1.17,30,40,-10,-0.36,+0.03,Matches
3223,Samir Ujkani,xk KVX,GK,Torino,it Serie A,32,1988,1,90,90,2.6,1.0,1,90,1,0,,19,1.00,1,1,0,0.00,+0.51,Matches
3224,Sven Ulreich,de GER,GK,Bayern Munich,de Bundesliga,31,1988,0,,,,,0,,0,0,,2,,,,,,,Matches
3225,Samuel Umtiti,fr FRA,DF,Barcelona,es La Liga,26,1993,13,645,50,18.9,7.2,6,83,5,7,21,14,2.77,21,4,+17,+2.37,+1.40,Matches
3226,Enes Ünal,tr TUR,FW,Getafe,es La Liga,23,1997,28,1318,47,38.5,14.6,15,72,0,13,19,2,0.93,11,13,-2,-0.14,+0.42,Matches
3227,Luca Unbehaun,de GER,GK,Dortmund,de Bundesliga,19,2001,0,,,,,0,,0,0,,5,,,,,,,Matches
3228,Cengiz Ünder,tr TUR,MF,Leicester City,eng Premier League,23,1997,9,281,31,8.2,3.1,1,61,0,8,28,17,0.78,4,5,-1,-0.32,-0.87,Matches
3229,Dayot Upamecano,fr FRA,DF,RB Leipzig,de Bundesliga,21,1998,29,2330,80,76.1,25.9,27,84,23,2,37,1,1.72,41,26,+15,+0.58,-1.02,Matches
3230,Benjamin Uphoff,de GER,GK,Freiburg,de Bundesliga,26,1993,0,,,,,0,,0,0,,34,,,,,,,Matches
3231,Kacper Urbanski,pl POL,MF,Bologna,it Serie A,15,2004,1,2,2,0.1,0.0,0,,0,1,2,3,0.00,0,0,0,0.00,+0.37,Matches
3232,Mark Uth,de GER,"FW,MF",Schalke 04,de Bundesliga,28,1991,20,1494,75,48.8,16.6,18,79,12,2,37,0,0.50,14,46,-32,-1.93,-0.26,Matches
3233,Tomáš Vaclík,cz CZE,GK,Sevilla,es La Liga,31,1989,5,450,90,13.2,5.0,5,90,5,0,,21,1.80,7,5,+2,+0.40,-0.15,Matches
3234,Álvaro Vadillo,es ESP,"FW,MF",Celta Vigo,es La Liga,25,1994,0,,,,,0,,0,0,,5,,,,,,,Matches
3235,Eugeni Valderrama,es ESP,MF,Huesca,es La Liga,26,1994,3,115,38,3.4,1.3,1,52,0,2,32,12,0.33,1,3,-2,-1.57,-1.10,Matches
3236,Lautaro Valenti,ar ARG,DF,Parma,it Serie A,21,1999,11,499,45,14.6,5.5,6,69,3,5,17,10,0.09,3,16,-13,-2.34,-1.39,Matches
3237,Enzo Valentim,fr FRA,DF,Reims,fr Ligue 1,19,2000,0,,,,,0,,,0,,2,,,,,,,Matches
3238,Germán Valera,es ESP,"FW,MF",Atlético Madrid,es La Liga,18,2002,0,,,,,0,,0,0,,2,,,,,,,Matches
3239,Antoine Valerio,fr FRA,MF,Nîmes,fr Ligue 1,20,1999,1,70,70,2.0,0.8,1,70,0,0,,2,0.00,0,2,-2,-2.57,-1.79,Matches
3240,Borja Valero,es ESP,"MF,FW",Fiorentina,it Serie A,35,1985,20,491,25,14.4,5.5,4,62,0,16,15,7,1.20,7,8,-1,-0.18,+0.15,Matches
3241,Yan Valery,tn TUN,DF,Southampton,eng Premier League,21,1999,3,103,34,3.0,1.1,1,90,1,2,7,6,1.00,1,4,-3,-2.62,-2.13,Matches
3242,Jesús Vallejo,es ESP,DF,Granada,es La Liga,23,1997,21,1348,64,39.4,15.0,15,82,10,6,19,4,1.29,17,23,-6,-0.40,+0.12,Matches
3243,Manu Vallejo,es ESP,"FW,MF",Valencia,es La Liga,23,1997,30,950,32,27.8,10.6,9,69,1,21,16,8,1.10,18,15,+3,+0.28,+0.50,Matches
3244,Robert Vallribera,es ESP,DF,Alavés,es La Liga,18,2002,0,,,,,0,,0,0,,2,,,,,,,Matches
3245,Federico Valverde,uy URU,MF,Real Madrid,es La Liga,22,1998,24,1330,55,38.9,14.8,15,77,6,9,20,0,2.25,28,14,+14,+0.95,-0.13,Matches
3246,Virgil van Dijk,nl NED,DF,Liverpool,eng Premier League,29,1991,5,370,74,10.8,4.1,5,74,4,0,,0,2.00,12,11,+1,+0.24,-0.49,Matches
3247,Fabio Vanni,fr FRA,GK,Marseille,fr Ligue 1,18,2002,0,,,,,0,,,0,,2,,,,,,,Matches
3248,Jonathan Varane,mq MTQ,MF,Lens,fr Ligue 1,18,2001,0,,,,,0,,,0,,1,,,,,,,Matches
3249,Raphaël Varane,fr FRA,DF,Real Madrid,es La Liga,27,1993,31,2715,88,79.4,30.2,31,88,29,0,,2,2.16,50,23,+27,+0.90,-0.64,Matches
3250,Jamie Vardy,eng ENG,FW,Leicester City,eng Premier League,33,1987,34,2840,84,83.0,31.6,31,89,24,3,29,0,1.82,61,44,+17,+0.54,+0.38,Matches
3251,Ruben Vargas,ch SUI,"MF,FW",Augsburg,de Bundesliga,21,1998,30,1612,54,52.7,17.9,18,73,5,12,26,1,0.90,19,27,-8,-0.45,+0.17,Matches
3252,Thibaut Vargas,fr FRA,"DF,MF",Montpellier,fr Ligue 1,20,2000,0,,,,,0,,,0,,2,,,,,,,Matches
3253,Denis Vavro,sk SVK,DF,Lazio,it Serie A,24,1996,1,32,32,0.9,0.4,0,,0,1,32,1,0.00,0,1,-1,-2.81,-3.00,Matches
3254,Denis Vavro,sk SVK,DF,Huesca,es La Liga,24,1996,11,611,56,17.9,6.8,9,61,2,2,31,6,1.27,6,6,0,0.00,+0.61,Matches
3255,Franco Vázquez,ar ARG,MF,Sevilla,es La Liga,31,1989,15,164,11,4.8,1.8,1,55,0,14,8,22,2.00,4,5,-1,-0.55,-1.13,Matches
3256,Jesus Vazquez,es ESP,DF,Valencia,es La Liga,17,2003,0,,,,,0,,0,0,,1,,,,,,,Matches
3257,Kevin Vázquez,es ESP,DF,Celta Vigo,es La Liga,27,1993,8,562,70,16.4,6.2,5,89,4,3,39,15,2.38,9,7,+2,+0.32,+0.45,Matches
3258,Lucas Vázquez,es ESP,"DF,FW",Real Madrid,es La Liga,29,1991,24,1848,77,54.0,20.5,21,82,15,3,44,2,2.21,37,16,+21,+1.02,-0.01,Matches
3259,Matías Vecino,uy URU,MF,Inter,it Serie A,28,1991,8,283,35,8.3,3.1,3,79,2,5,9,9,2.63,13,5,+8,+2.54,+1.22,Matches
3260,Koke Vegas,es ESP,GK,Levante,es La Liga,24,1995,1,90,90,2.6,1.0,1,90,1,0,,18,0.00,2,6,-4,-4.00,-3.81,Matches
3261,Gabriel Veiga,es ESP,MF,Celta Vigo,es La Liga,18,2002,6,118,20,3.5,1.3,1,59,0,5,12,10,0.83,0,3,-3,-2.29,-2.32,Matches
3262,Miloš Veljković,rs SRB,DF,Werder Bremen,de Bundesliga,24,1995,23,1723,75,56.3,19.1,19,85,16,4,27,3,1.26,25,20,+5,+0.26,+2.01,Matches
3263,Miguel Veloso,pt POR,MF,Hellas Verona,it Serie A,34,1986,21,1316,63,38.5,14.6,15,77,10,6,27,2,1.43,18,18,0,0.00,+0.09,Matches
3264,Joël Veltman,nl NED,"DF,MF",Brighton,eng Premier League,28,1992,28,2281,81,66.7,25.3,25,87,22,3,34,5,1.04,22,27,-5,-0.20,-0.12,Matches
3265,Unai Vencedor Paris,es ESP,MF,Athletic Club,es La Liga,19,2000,28,1701,61,49.7,18.9,19,78,9,9,24,9,1.29,25,18,+7,+0.37,+0.53,Matches
3266,Lorenzo Venuti,it ITA,MF,Fiorentina,it Serie A,25,1995,28,1757,63,51.4,19.5,21,79,10,7,13,9,1.21,21,32,-11,-0.56,-0.51,Matches
3267,Daniele Verde,it ITA,FW,Spezia,it Serie A,24,1996,21,980,47,28.7,10.9,12,64,0,9,23,6,0.77,13,27,-14,-1.29,-1.06,Matches
3268,Simone Verdi,it ITA,"FW,MF",Torino,it Serie A,28,1992,33,1620,49,47.4,18.0,17,70,2,16,27,1,0.94,25,24,+1,+0.06,+1.06,Matches
3269,Gonzalo Verdú,es ESP,DF,Elche,es La Liga,31,1988,33,2944,89,86.1,32.7,33,89,32,0,,3,0.97,30,48,-18,-0.55,+0.02,Matches
3270,Jordan Veretout,fr FRA,MF,Roma,it Serie A,27,1993,29,2053,71,60.0,22.8,25,79,11,4,17,0,1.76,44,32,+12,+0.53,+0.66,Matches
3271,Edoardo Vergani,it ITA,FW,Bologna,it Serie A,19,2001,1,12,12,0.4,0.1,0,,0,1,12,6,0.00,0,0,0,0.00,+0.37,Matches
3272,Marco Verratti,it ITA,MF,Paris Saint-Germain,fr Ligue 1,27,1992,21,1492,71,43.6,16.6,16,85,12,5,27,0,2.00,36,15,+21,+1.27,-0.46,Matches
3273,Valerio Verre,it ITA,MF,Sampdoria,it Serie A,26,1994,27,998,37,29.2,11.1,12,60,0,15,19,11,1.44,17,17,0,0.00,+0.07,Matches
3274,Michael Verrips,nl NED,GK,Sheffield United,eng Premier League,23,1996,0,,,,,0,,,0,,13,,,,,,,Matches
3275,Mikel Vesga,es ESP,MF,Athletic Club,es La Liga,27,1993,30,1722,57,50.4,19.1,20,75,11,10,22,7,1.23,27,24,+3,+0.16,+0.10,Matches
3276,Jannik Vestergaard,dk DEN,DF,Southampton,eng Premier League,27,1992,30,2574,86,75.3,28.6,29,87,28,1,45,1,1.27,42,46,-4,-0.14,+1.67,Matches
3277,Rúben Vezo,pt POR,DF,Levante,es La Liga,26,1994,32,2316,72,67.7,25.7,25,88,23,7,17,1,1.03,24,34,-10,-0.39,-0.31,Matches
3278,Samuele Vianni,it ITA,FW,Torino,it Serie A,19,2001,0,,,,,0,,0,0,,7,,,,,,,Matches
3279,Guglielmo Vicario,it ITA,GK,Cagliari,it Serie A,23,1996,4,360,90,10.5,4.0,4,90,4,0,,34,2.25,8,6,+2,+0.50,+1.03,Matches
3280,Iñigo Vicente,es ESP,MF,Athletic Club,es La Liga,22,1998,3,52,17,1.5,0.6,0,,0,3,17,24,0.00,0,1,-1,-1.73,-1.86,Matches
3281,Fede Vico,es ESP,MF,Granada,es La Liga,26,1994,20,767,38,22.4,8.5,9,56,0,11,24,11,1.05,8,17,-9,-1.06,-0.75,Matches
3282,Aleix Vidal,es ESP,DF,Sevilla,es La Liga,30,1989,12,595,50,17.4,6.6,5,88,4,7,22,19,2.58,9,1,+8,+1.21,+0.83,Matches
3283,Arturo Vidal,cl CHI,MF,Inter,it Serie A,33,1987,23,1138,49,33.3,12.6,14,69,2,9,19,3,2.30,33,13,+20,+1.58,+0.24,Matches
3284,Clément Vidal,fr FRA,DF,Montpellier,fr Ligue 1,20,2000,2,86,43,2.5,1.0,1,74,0,1,12,11,0.00,1,2,-1,-1.05,-1.02,Matches
3285,Nacho Vidal,es ESP,DF,Osasuna,es La Liga,25,1995,34,2348,69,68.7,26.1,25,89,21,9,15,2,1.21,25,31,-6,-0.23,+0.19,Matches
3286,Ronaldo Vieira,gw GNB,MF,Hellas Verona,it Serie A,22,1998,4,226,57,6.6,2.5,2,90,2,2,23,4,1.00,2,2,0,0.00,+0.06,Matches
3287,Ronaldo Vieira,gw GNB,MF,Sampdoria,it Serie A,22,1998,0,,,,,0,,0,0,,2,,,,,,,Matches
3288,Luca Vignali,it ITA,DF,Spezia,it Serie A,24,1996,21,1590,76,46.5,17.7,19,80,12,2,33,13,1.00,19,32,-13,-0.74,-0.39,Matches
3289,Emanuel Vignato,it ITA,MF,Bologna,it Serie A,19,2000,31,1203,39,35.2,13.4,11,77,3,20,18,7,0.97,17,27,-10,-0.75,-0.59,Matches
3290,Ignasi Vilarrasa,es ESP,"DF,MF",Valladolid,es La Liga,20,1999,0,,,,,0,,0,0,,6,,,,,,,Matches
3291,Toni Villa,es ESP,"MF,FW",Valladolid,es La Liga,25,1995,21,969,46,28.3,10.8,10,68,0,11,26,15,0.57,13,11,+2,+0.19,+1.10,Matches
3292,Asier Villalibre,es ESP,FW,Athletic Club,es La Liga,22,1997,35,1589,45,46.5,17.7,16,75,3,19,20,1,1.26,17,15,+2,+0.11,+0.01,Matches
3293,Gonzalo Villar,es ESP,MF,Roma,it Serie A,22,1998,33,1859,56,54.4,20.7,21,79,8,12,17,3,1.55,37,29,+8,+0.39,+0.27,Matches
3294,Iván Villar,es ESP,GK,Celta Vigo,es La Liga,23,1997,21,1781,85,52.1,19.8,19,90,19,2,36,17,1.38,27,30,-3,-0.15,-0.21,Matches
3295,Trey Vimalin,cg CGO,GK,Reims,fr Ligue 1,19,2001,0,,,,,0,,,0,,2,,,,,,,Matches
3296,Rúben Vinagre,pt POR,MF,Wolves,eng Premier League,21,1999,2,173,87,5.1,1.9,1,90,1,1,83,1,0.00,1,7,-6,-3.12,-2.84,Matches
3297,Carlos Vinícius,br BRA,FW,Tottenham Hotspur,eng Premier League,25,1995,9,308,34,9.0,3.4,3,75,2,6,14,16,1.89,5,2,+3,+0.88,+0.30,Matches
3298,Nicolas Viola,it ITA,MF,Benevento,it Serie A,30,1989,17,1036,61,30.3,11.5,12,74,6,5,29,10,0.53,10,21,-11,-0.96,-0.05,Matches
3299,João Virgínia,pt POR,GK,Everton,eng Premier League,20,1999,1,48,48,1.4,0.5,0,,0,1,48,16,0.00,0,0,0,0.00,+0.03,Matches
3300,Rémy Vita,km COM,"DF,MF",Bayern Munich,de Bundesliga,19,2001,0,,,,,0,,0,0,,1,,,,,,,Matches
3301,Samuele Vitale,it ITA,GK,Sassuolo,it Serie A,17,2002,0,,,,,0,,0,0,,2,,,,,,,Matches
3302,Vitinha,pt POR,MF,Wolves,eng Premier League,20,2000,19,520,27,15.2,5.8,5,67,0,14,13,15,1.00,7,8,-1,-0.17,+0.29,Matches
3303,Vitolo,es ESP,MF,Atlético Madrid,es La Liga,30,1989,10,298,30,8.7,3.3,3,60,0,7,17,25,2.45,10,3,+7,+2.11,+1.11,Matches
3304,Dušan Vlahović,rs SRB,FW,Fiorentina,it Serie A,20,2000,37,2923,79,85.5,32.5,34,84,20,3,25,1,1.05,41,52,-11,-0.34,-0.16,Matches
3305,Michel Vlap,nl NED,"MF,FW",Arminia,de Bundesliga,23,1997,7,371,53,12.1,4.1,5,63,0,2,29,8,0.43,3,9,-6,-1.46,-0.79,Matches
3306,Andreas Voglsammer,de GER,"FW,MF",Arminia,de Bundesliga,28,1992,18,1000,56,32.7,11.1,11,75,2,7,26,0,1.17,10,14,-4,-0.36,+0.60,Matches
3307,Kevin Vogt,de GER,DF,Hoffenheim,de Bundesliga,28,1991,24,1841,77,60.2,20.5,20,86,18,4,29,3,1.00,27,37,-10,-0.49,-1.08,Matches
3308,Mërgim Vojvoda,xk KVX,"MF,DF",Torino,it Serie A,25,1995,24,1359,57,39.7,15.1,17,75,7,7,11,9,1.08,20,28,-8,-0.53,-0.05,Matches
3309,Dejan Vokič,si SVN,DF,Benevento,it Serie A,24,1996,0,,,,,0,,0,0,,1,,,,,,,Matches
3310,Jake Vokins,eng ENG,DF,Southampton,eng Premier League,20,2000,1,66,66,1.9,0.7,1,66,0,0,,7,0.00,1,2,-1,-1.36,-0.83,Matches
3311,Kevin Volland,de GER,"FW,MF",Monaco,fr Ligue 1,28,1992,35,2769,79,81.0,30.8,34,81,13,1,13,0,2.03,64,32,+32,+1.04,+0.76,Matches
3312,Stefan de Vrij,nl NED,DF,Inter,it Serie A,28,1992,32,2734,85,79.9,30.4,30,90,30,2,17,5,2.28,64,27,+37,+1.22,-1.01,Matches
3313,Giacomo Vrioni,al ALB,FW,Juventus,it Serie A,21,1998,1,1,1,0.0,0.0,0,,0,1,1,5,1.00,0,0,0,0.00,-1.03,Matches
3314,Šime Vrsaljko,hr CRO,MF,Atlético Madrid,es La Liga,28,1992,9,519,58,15.2,5.8,6,69,3,3,34,18,2.56,13,6,+7,+1.21,+0.13,Matches
3315,Nikola Vukčević,me MNE,MF,Levante,es La Liga,28,1991,13,810,62,23.7,9.0,11,71,4,2,13,3,1.31,11,10,+1,+0.11,+0.52,Matches
3316,Miloš Vulić,rs SRB,MF,Crotone,it Serie A,23,1996,25,1305,52,38.2,14.5,13,74,4,12,29,10,0.48,15,30,-15,-1.03,+0.33,Matches
3317,Matěj Vydra,cz CZE,FW,Burnley,eng Premier League,28,1992,28,1371,49,40.1,15.2,15,78,5,13,16,5,0.75,18,24,-6,-0.39,+0.31,Matches
3318,Paul Wade,fr FRA,DF,Nice,fr Ligue 1,20,2000,0,,,,,0,,,0,,1,,,,,,,Matches
3319,Franklin Wadja,cm CMR,MF,Lorient,fr Ligue 1,25,1995,4,33,8,1.0,0.4,0,,0,4,8,14,1.25,2,0,+2,+5.45,+5.99,Matches
3320,Elye Wahi,ci CIV,"FW,MF",Montpellier,fr Ligue 1,17,2003,18,555,31,16.2,6.2,3,66,0,15,24,5,1.33,13,8,+5,+0.81,+1.03,Matches
3321,Walace,br BRA,MF,Udinese,it Serie A,25,1995,30,2055,69,60.1,22.8,23,81,13,7,26,1,1.07,24,36,-12,-0.53,-0.26,Matches
3322,Theo Walcott,eng ENG,"MF,FW",Southampton,eng Premier League,31,1989,21,1618,77,47.3,18.0,20,80,8,1,15,3,1.24,23,27,-4,-0.22,+0.63,Matches
3323,Theo Walcott,eng ENG,"FW,MF",Everton,eng Premier League,31,1989,1,13,13,0.4,0.1,0,,0,1,13,1,3.00,0,1,-1,-6.92,-6.92,Matches
3324,Kyle Walker,eng ENG,DF,Manchester City,eng Premier League,30,1990,24,1946,81,56.9,21.6,22,87,20,2,21,9,2.21,48,20,+28,+1.29,-0.11,Matches
3325,Kyle Walker-Peters,eng ENG,DF,Southampton,eng Premier League,23,1997,30,2645,88,77.3,29.4,30,88,26,0,,1,1.40,41,40,+1,+0.03,+2.59,Matches
3326,Anthony Walongwa,,DF,Nantes,fr Ligue 1,26,1993,0,,,,,0,,,0,,2,,,,,,,Matches
3327,Christian Walton,eng ENG,GK,Brighton,eng Premier League,24,1995,0,,,,,0,,,0,,8,,,,,,,Matches
3328,Sebastian Walukiewicz,pl POL,DF,Cagliari,it Serie A,20,2000,19,1618,85,47.3,18.0,18,89,17,1,18,14,0.74,23,36,-13,-0.72,-0.57,Matches
3329,Aaron Wan-Bissaka,cd COD,DF,Manchester Utd,eng Premier League,22,1997,34,3060,90,89.5,34.0,34,90,34,0,,3,2.06,67,36,+31,+0.91,+1.41,Matches
3330,Danny Ward,wls WAL,GK,Leicester City,eng Premier League,27,1993,0,,,,,0,,,0,,38,,,,,,,Matches
3331,Joel Ward,eng ENG,DF,Crystal Palace,eng Premier League,30,1989,26,2256,87,66.0,25.1,25,90,25,1,6,7,1.15,25,43,-18,-0.72,-0.18,Matches
3332,James Ward-Prowse,eng ENG,MF,Southampton,eng Premier League,25,1994,38,3420,90,100.0,38.0,38,90,38,0,,0,1.13,47,68,-21,-0.55,,Matches
3333,Daniel Wass,dk DEN,"MF,DF",Valencia,es La Liga,31,1989,35,2979,85,87.1,33.1,35,85,21,0,,2,1.20,44,46,-2,-0.06,+0.14,Matches
3334,Ollie Watkins,eng ENG,FW,Aston Villa,eng Premier League,24,1995,37,3328,90,97.3,37.0,37,90,36,0,,0,1.46,55,46,+9,+0.24,+0.24,Matches
3335,Caleb Watts,au AUS,MF,Southampton,eng Premier League,18,2002,3,39,13,1.1,0.4,0,,0,3,13,6,0.00,0,0,0,0.00,+0.56,Matches
3336,Timothy Weah,us USA,"MF,FW",Lille,fr Ligue 1,20,2000,28,878,31,25.7,9.8,7,69,0,21,19,6,2.25,14,7,+7,+0.72,-0.49,Matches
3337,Adam Webster,eng ENG,DF,Brighton,eng Premier League,25,1995,29,2594,89,75.8,28.8,29,89,28,0,,2,1.14,32,35,-3,-0.10,+0.22,Matches
3338,Wout Weghorst,nl NED,FW,Wolfsburg,de Bundesliga,27,1992,34,2941,87,96.1,32.7,33,89,24,1,14,0,1.79,58,35,+23,+0.70,-0.05,Matches
3339,Jensen Weir,sct SCO,MF,Brighton,eng Premier League,18,2002,0,,,,,0,,,0,,2,,,,,,,Matches
3340,Mitchell Weiser,de GER,DF,Leverkusen,de Bundesliga,26,1994,5,226,45,7.4,2.5,2,79,1,3,23,14,2.40,7,3,+4,+1.59,+1.28,Matches
3341,Shon Weissman,il ISR,FW,Valladolid,es La Liga,24,1996,32,2133,67,62.4,23.7,24,80,11,8,27,3,0.69,19,36,-17,-0.72,-0.30,Matches
3342,Danny Welbeck,eng ENG,FW,Brighton,eng Premier League,29,1990,24,1545,64,45.2,17.2,17,81,7,7,24,2,1.04,18,18,0,0.00,+0.29,Matches
3343,Reece Welch,eng ENG,DF,Everton,eng Premier League,16,2003,0,,,,,0,,,0,,2,,,,,,,Matches
3344,Wendell,br BRA,"DF,MF",Leverkusen,de Bundesliga,27,1993,22,1457,66,47.6,16.2,15,86,13,7,25,11,1.41,23,21,+2,+0.12,-0.55,Matches
3345,Oscar Wendt,se SWE,"DF,MF",Gladbach,de Bundesliga,34,1985,22,1254,57,41.0,13.9,15,75,4,7,18,12,1.68,22,23,-1,-0.07,-0.52,Matches
3346,Timo Werner,de GER,"FW,MF",Chelsea,eng Premier League,24,1996,35,2602,74,76.1,28.9,29,86,18,6,20,3,1.80,52,29,+23,+0.80,+0.91,Matches
3347,Ruwen Werthmüller,ch SUI,FW,Hertha BSC,de Bundesliga,19,2001,0,,,,,0,,0,0,,1,,,,,,,Matches
3348,Ashley Westwood,eng ENG,MF,Burnley,eng Premier League,30,1990,38,3410,90,99.7,37.9,38,90,37,0,,0,1.03,33,55,-22,-0.58,-0.58,Matches
3349,Ben White,eng ENG,"DF,MF",Brighton,eng Premier League,22,1997,36,3191,89,93.3,35.5,36,89,31,0,,1,1.14,39,44,-5,-0.14,+0.25,Matches
3350,Connor Wickham,eng ENG,"FW,MF",Crystal Palace,eng Premier League,27,1993,0,,,,,0,,,0,,3,,,,,,,Matches
3351,David Wieser,it ITA,MF,Inter,it Serie A,18,2002,0,,,,,0,,0,0,,1,,,,,,,Matches
3352,Georginio Wijnaldum,nl NED,MF,Liverpool,eng Premier League,29,1990,38,2941,77,86.0,32.7,34,85,24,4,11,0,1.82,58,39,+19,+0.58,-0.73,Matches
3353,Jetro Willems,nl NED,"DF,MF",Eintracht Frankfurt,de Bundesliga,26,1994,0,,,,,0,,0,0,,13,,,,,,,Matches
3354,William,br BRA,"DF,MF",Wolfsburg,de Bundesliga,25,1995,2,2,1,0.1,0.0,0,,0,2,1,3,2.00,0,0,0,0.00,-0.71,Matches
3355,William,br BRA,"MF,FW",Schalke 04,de Bundesliga,25,1995,8,474,59,15.5,5.3,7,65,3,1,21,2,0.38,1,15,-14,-2.66,-1.02,Matches
3356,Brandon Williams,eng ENG,DF,Manchester Utd,eng Premier League,19,2000,4,188,47,5.5,2.1,2,90,2,2,4,16,2.25,4,3,+1,+0.48,-0.30,Matches
3357,Iñaki Williams,gh GHA,"FW,MF",Athletic Club,es La Liga,26,1994,38,2387,63,69.8,26.5,27,80,9,11,22,0,1.21,37,31,+6,+0.23,+0.40,Matches
3358,Neco Williams,wls WAL,DF,Liverpool,eng Premier League,19,2001,6,249,42,7.3,2.8,3,62,0,3,21,25,1.83,5,1,+4,+1.45,+0.82,Matches
3359,Nico Williams,es ESP,MF,Athletic Club,es La Liga,18,2002,2,57,29,1.7,0.6,0,,0,2,29,3,2.00,2,2,0,0.00,-0.11,Matches
3360,Rhys Williams,eng ENG,DF,Liverpool,eng Premier League,19,2001,9,661,73,19.3,7.3,7,89,6,2,19,16,2.44,14,6,+8,+1.09,+0.50,Matches
3361,Willian,br BRA,"MF,FW",Arsenal,eng Premier League,31,1988,25,1406,56,41.1,15.6,16,76,6,9,21,8,1.68,21,17,+4,+0.26,-0.28,Matches
3362,Joe Willock,eng ENG,MF,Arsenal,eng Premier League,20,1999,7,238,34,7.0,2.6,2,73,1,5,18,10,1.57,1,3,-2,-0.76,-1.27,Matches
3363,Joe Willock,eng ENG,MF,Newcastle United,eng Premier League,20,1999,14,978,70,28.6,10.9,11,84,7,3,16,1,1.43,19,15,+4,+0.37,+1.11,Matches
3364,Callum Wilson,eng ENG,FW,Newcastle United,eng Premier League,28,1992,26,2084,80,60.9,23.2,23,87,19,3,31,1,1.35,31,37,-6,-0.26,+0.41,Matches
3365,Marten Winkler,de GER,MF,Hertha BSC,de Bundesliga,17,2002,1,1,1,0.0,0.0,0,,0,1,1,0,1.00,0,0,0,0.00,+0.32,Matches
3366,Harry Winks,eng ENG,MF,Tottenham Hotspur,eng Premier League,24,1996,15,861,57,25.2,9.6,9,79,4,6,25,15,1.67,22,16,+6,+0.63,+0.03,Matches
3367,Florian Wirtz,de GER,MF,Leverkusen,de Bundesliga,17,2003,29,2224,77,72.7,24.7,25,84,16,4,33,0,1.45,41,30,+11,+0.45,+0.12,Matches
3368,Yoane Wissa,cd COD,"MF,FW",Lorient,fr Ligue 1,23,1996,38,2674,70,78.2,29.7,30,81,12,8,30,0,1.11,41,49,-8,-0.27,+0.94,Matches
3369,Axel Witsel,be BEL,MF,Dortmund,de Bundesliga,31,1989,15,1130,75,36.9,12.6,13,85,11,2,15,0,1.87,24,18,+6,+0.48,-0.59,Matches
3370,Hannes Wolf,at AUT,MF,Gladbach,de Bundesliga,21,1999,32,1378,43,45.0,15.3,14,76,5,18,18,2,1.50,27,30,-3,-0.20,-0.78,Matches
3371,Marius Wolf,de GER,"DF,FW",Dortmund,de Bundesliga,25,1995,0,,,,,0,,0,0,,2,,,,,,,Matches
3372,Marius Wolf,de GER,"MF,DF",Köln,de Bundesliga,25,1995,31,2551,82,83.4,28.3,29,85,18,2,38,0,0.97,29,50,-21,-0.74,+0.14,Matches
3373,Nick Woltemade,de GER,MF,Werder Bremen,de Bundesliga,18,2002,6,147,25,4.8,1.6,1,45,0,5,20,7,0.17,3,5,-2,-1.22,-0.64,Matches
3374,Jeong Woo-yeong,kr KOR,"FW,MF",Freiburg,de Bundesliga,20,1999,26,823,32,26.9,9.1,7,71,0,19,17,7,1.31,14,13,+1,+0.11,+0.15,Matches
3375,Chris Wood,nz NZL,FW,Burnley,eng Premier League,28,1991,33,2741,83,80.1,30.5,32,85,22,1,18,0,1.00,27,43,-16,-0.53,+0.27,Matches
3376,Ben Woodburn,wls WAL,"FW,MF",Liverpool,eng Premier League,20,1999,0,,,,,0,,,0,,3,,,,,,,Matches
3377,Sam Woods,eng ENG,DF,Crystal Palace,eng Premier League,21,1998,0,,,,,0,,,0,,1,,,,,,,Matches
3378,Joscha Wosz,de GER,MF,RB Leipzig,de Bundesliga,18,2002,2,34,17,1.1,0.4,0,,0,2,17,9,3.00,0,0,0,0.00,-0.83,Matches
3379,Xeka,pt POR,MF,Lille,fr Ligue 1,25,1994,33,1200,36,35.1,13.3,11,77,4,22,16,1,2.18,30,9,+21,+1.58,+0.76,Matches
3380,Granit Xhaka,ch SUI,"MF,DF",Arsenal,eng Premier League,27,1992,31,2522,81,73.7,28.0,29,86,23,2,12,2,1.65,44,26,+18,+0.64,+0.84,Matches
3381,Reinhold Yabo,de GER,MF,Arminia,de Bundesliga,28,1992,13,647,50,21.1,7.2,8,66,0,5,24,3,0.77,7,12,-5,-0.70,+0.09,Matches
3382,Sergio Yakubiv,ua UKR,DF,Crotone,it Serie A,18,2002,0,,,,,0,,0,0,,2,,,,,,,Matches
3383,Jawad El Yamiq,ma MAR,DF,Valladolid,es La Liga,28,1992,19,1379,73,40.3,15.3,15,90,14,4,9,3,0.95,13,22,-9,-0.59,+0.03,Matches
3384,Rubén Yáñez,es ESP,GK,Getafe,es La Liga,26,1993,10,900,90,26.3,10.0,10,90,10,0,,28,1.20,8,12,-4,-0.40,-0.01,Matches
3385,Andriy Yarmolenko,ua UKR,MF,West Ham United,eng Premier League,30,1989,15,375,25,11.0,4.2,1,71,0,14,22,10,1.20,8,7,+1,+0.24,-0.17,Matches
3386,Yusuf Yazıcı,tr TUR,"FW,MF",Lille,fr Ligue 1,23,1997,32,1086,34,31.8,12.1,10,70,0,22,18,1,2.19,20,5,+15,+1.24,+0.24,Matches
3387,DeAndre Yedlin,us USA,DF,Newcastle United,eng Premier League,27,1993,6,436,73,12.7,4.8,5,86,3,1,5,3,0.83,1,6,-5,-1.03,-0.70,Matches
3388,Burak Yılmaz,tr TUR,FW,Lille,fr Ligue 1,35,1985,28,2051,73,60.0,22.8,23,85,13,5,21,0,2.04,37,16,+21,+0.92,-0.39,Matches
3389,Yoel,es ESP,GK,Eibar,es La Liga,31,1988,4,300,75,8.8,3.3,3,90,3,1,30,34,0.25,1,3,-2,-0.60,+0.01,Matches
3390,Okay Yokuşlu,tr TUR,MF,West Brom,eng Premier League,26,1994,16,1317,82,38.5,14.6,15,87,12,1,13,0,0.88,17,20,-3,-0.21,+1.42,Matches
3391,Okay Yokuşlu,tr TUR,MF,Celta Vigo,es La Liga,26,1994,12,462,39,13.5,5.1,3,90,3,9,21,7,1.58,3,10,-7,-1.36,-1.52,Matches
3392,Maya Yoshida,jp JPN,DF,Sampdoria,it Serie A,31,1988,32,2274,71,66.5,25.3,25,85,21,7,20,5,1.31,32,38,-6,-0.24,-0.55,Matches
3393,Elie Youan,fr FRA,"FW,MF",Nantes,fr Ligue 1,21,1999,0,,,,,0,,,0,,1,,,,,,,Matches
3394,Amin Younes,de GER,MF,Eintracht Frankfurt,de Bundesliga,26,1993,26,1391,54,45.5,15.5,16,73,1,10,23,0,1.69,33,25,+8,+0.52,+0.09,Matches
3395,Ashley Young,eng ENG,MF,Inter,it Serie A,35,1985,26,1425,55,41.7,15.8,16,75,4,10,22,10,2.42,42,17,+25,+1.58,+0.27,Matches
3396,Wilitty Younoussa,cm CMR,MF,Dijon,fr Ligue 1,18,2001,3,77,26,2.3,0.9,1,60,0,2,9,11,1.00,1,1,0,0.00,+1.29,Matches
3397,Zaydou Youssouf,km COM,MF,Saint-Étienne,fr Ligue 1,21,1999,29,1229,42,35.9,13.7,14,67,2,15,19,6,1.24,17,20,-3,-0.22,+0.15,Matches
3398,Gorka Zabarte,es ESP,DF,Osasuna,es La Liga,21,1999,0,,,,,0,,0,0,,2,,,,,,,Matches
3399,Mattia Zaccagni,it ITA,MF,Hellas Verona,it Serie A,25,1995,36,2609,72,76.3,29.0,33,77,9,3,26,1,1.17,36,33,+3,+0.10,+0.66,Matches
3400,Dan-Axel Zagadou,fr FRA,DF,Dortmund,de Bundesliga,21,1999,9,276,31,9.0,3.1,3,68,1,6,12,1,1.89,6,5,+1,+0.33,-0.58,Matches
3401,Vasilios Zagaritis,gr GRE,DF,Parma,it Serie A,19,2001,2,65,33,1.9,0.7,0,,0,2,33,6,0.00,0,1,-1,-1.38,-0.23,Matches
3402,Arthur Zagre,fr FRA,DF,Dijon,fr Ligue 1,18,2001,3,122,41,3.6,1.4,1,90,1,2,16,13,1.00,1,1,0,0.00,+1.31,Matches
3403,Wilfried Zaha,ci CIV,FW,Crystal Palace,eng Premier League,27,1992,30,2612,87,76.4,29.0,29,89,27,1,45,0,1.30,37,52,-15,-0.52,+0.60,Matches
3404,Maximilian Zaiser,de GER,MF,Bayern Munich,de Bundesliga,21,1999,0,,,,,0,,0,0,,2,,,,,,,Matches
3405,Miha Zajc,si SVN,MF,Genoa,it Serie A,26,1994,31,1863,60,54.5,20.7,22,73,6,9,29,6,1.16,24,29,-5,-0.24,+0.11,Matches
3406,Denis Zakaria,ch SUI,"MF,DF",Gladbach,de Bundesliga,23,1996,25,1419,57,46.4,15.8,15,80,7,10,21,1,1.48,37,26,+11,+0.70,+0.86,Matches
3407,Joseba Zaldúa,es ESP,DF,Real Sociedad,es La Liga,28,1992,12,639,53,18.7,7.1,6,83,4,6,24,7,1.67,6,8,-2,-0.28,-1.03,Matches
3408,Nicola Zalewski,pl POL,MF,Roma,it Serie A,18,2002,1,11,11,0.3,0.1,0,,0,1,11,4,3.00,1,0,+1,+8.18,+7.94,Matches
3409,Andre-Frank Zambo Anguissa,cm CMR,MF,Fulham,eng Premier League,24,1995,36,2587,72,75.6,28.7,29,84,22,7,22,2,0.69,19,39,-20,-0.70,-0.05,Matches
3410,Niccolò Zanellato,it ITA,MF,Crotone,it Serie A,22,1998,27,1637,61,47.9,18.2,18,80,8,9,22,9,0.78,27,54,-27,-1.48,-0.47,Matches
3411,Cristián Zapata,co COL,DF,Genoa,it Serie A,33,1986,12,968,81,28.3,10.8,12,81,10,0,,13,1.08,11,14,-3,-0.28,+0.01,Matches
3412,Duván Zapata,co COL,FW,Atalanta,it Serie A,29,1991,37,2379,64,69.6,26.4,29,73,3,8,34,0,2.03,61,33,+28,+1.06,-0.24,Matches
3413,Gabriele Zappa,it ITA,"DF,MF",Cagliari,it Serie A,20,1999,34,2395,70,70.0,26.6,27,83,13,7,23,4,0.94,28,46,-18,-0.68,-0.85,Matches
3414,Davide Zappacosta,it ITA,MF,Genoa,it Serie A,28,1992,25,2045,82,59.8,22.7,23,87,18,2,22,2,1.52,32,30,+2,+0.09,+0.94,Matches
3415,Oier Zarraga,es ESP,MF,Athletic Club,es La Liga,21,1999,5,100,20,2.9,1.1,1,53,0,4,12,13,1.40,2,1,+1,+0.90,+0.82,Matches
3416,Antonio Zarzana,es ESP,FW,Sevilla,es La Liga,18,2002,0,,,,,0,,0,0,,2,,,,,,,Matches
3417,Simone Zaza,it ITA,FW,Torino,it Serie A,29,1991,29,1491,51,43.6,16.6,15,80,7,14,21,3,0.93,22,35,-13,-0.78,-0.50,Matches
3418,Karim Zedadka,fr FRA,MF,Napoli,it Serie A,20,2000,0,,,,,0,,0,0,,14,,,,,,,Matches
3419,Deyovaisio Zeefuik,nl NED,"MF,DF",Hertha BSC,de Bundesliga,22,1998,22,905,41,29.6,10.1,10,66,2,12,20,7,1.09,11,14,-3,-0.30,+0.04,Matches
3420,Marvin Zeegelaar,nl NED,"MF,DF",Udinese,it Serie A,29,1990,24,1740,73,50.9,19.3,23,75,7,1,19,13,0.96,16,29,-13,-0.67,-0.51,Matches
3421,Arber Zeneli,xk KVX,MF,Reims,fr Ligue 1,25,1995,28,1289,46,37.7,14.3,14,66,0,14,26,3,0.89,16,19,-3,-0.21,0.00,Matches
3422,Robin Zentner,de GER,GK,Mainz 05,de Bundesliga,25,1994,31,2790,90,91.2,31.0,31,90,31,0,,0,1.16,33,46,-13,-0.42,+0.91,Matches
3423,Andi Zeqiri,ch SUI,FW,Brighton,eng Premier League,21,1999,9,171,19,5.0,1.9,0,,0,9,19,17,1.67,6,2,+4,+2.11,+2.38,Matches
3424,Mehdi Zerkane,dz ALG,"MF,FW",Bordeaux,fr Ligue 1,21,1999,27,1187,44,34.7,13.2,15,59,0,12,25,0,1.15,17,19,-2,-0.15,+0.33,Matches
3425,Michael Zetterer,de GER,GK,Werder Bremen,de Bundesliga,25,1995,0,,,,,0,,0,0,,10,,,,,,,Matches
3426,Ron-Robert Zieler,de GER,GK,Köln,de Bundesliga,31,1989,1,51,51,1.7,0.6,0,,0,1,51,33,1.00,1,1,0,0.00,+0.78,Matches
3427,Piotr Zieliński,pl POL,MF,Napoli,it Serie A,26,1994,36,2523,70,73.8,28.0,32,76,3,4,20,0,1.97,63,30,+33,+1.18,-0.03,Matches
3428,Karlo Ziger,hr CRO,GK,Chelsea,eng Premier League,19,2001,0,,,,,0,,,0,,1,,,,,,,Matches
3429,Lukáš Zima,cz CZE,GK,Genoa,it Serie A,26,1994,0,,,,,0,,0,0,,14,,,,,,,Matches
3430,Oleksandr Zinchenko,ua UKR,DF,Manchester City,eng Premier League,23,1996,20,1478,74,43.2,16.4,15,89,14,5,28,8,2.30,41,14,+27,+1.64,+0.53,Matches
3431,Joshua Zirkzee,nl NED,FW,Bayern Munich,de Bundesliga,19,2001,3,92,31,3.0,1.0,1,56,0,2,18,2,2.00,1,3,-2,-1.96,-3.68,Matches
3432,Joshua Zirkzee,nl NED,FW,Parma,it Serie A,19,2001,4,113,28,3.3,1.3,0,,0,4,28,1,0.75,0,2,-2,-1.59,-0.45,Matches
3433,Hakim Ziyech,ma MAR,"FW,MF",Chelsea,eng Premier League,27,1993,23,1172,51,34.3,13.0,15,69,1,8,17,5,1.65,16,7,+9,+0.69,+0.17,Matches
3434,Jeroen Zoet,nl NED,GK,Spezia,it Serie A,29,1991,7,603,86,17.6,6.7,7,86,6,0,,13,1.43,11,12,-1,-0.15,+0.46,Matches
3435,Kévin Zohi,ml MLI,MF,Strasbourg,fr Ligue 1,23,1996,23,436,19,12.7,4.8,2,69,0,21,14,10,0.78,5,8,-3,-0.62,-0.44,Matches
3436,Kurt Zouma,fr FRA,DF,Chelsea,eng Premier League,25,1994,24,2029,85,59.3,22.5,22,90,22,2,25,11,1.71,41,25,+16,+0.71,+0.32,Matches
3437,Igor Zubeldia,es ESP,DF,Real Sociedad,es La Liga,23,1997,24,1959,82,57.3,21.8,21,89,19,3,28,3,1.33,27,26,+1,+0.05,-1.19,Matches
3438,Steven Zuber,ch SUI,MF,Eintracht Frankfurt,de Bundesliga,28,1991,20,585,29,19.1,6.5,6,58,0,14,17,13,1.95,12,10,+2,+0.31,-0.20,Matches
3439,Andoni Zubiaurre,es ESP,GK,Real Sociedad,es La Liga,23,1996,0,,,,,0,,0,0,,2,,,,,,,Matches
3440,Martín Zubimendi,es ESP,MF,Real Sociedad,es La Liga,21,1999,31,1882,61,55.0,20.9,17,87,15,14,28,3,1.61,32,26,+6,+0.29,-0.59,Matches
3441,Martin Ødegaard,no NOR,MF,Arsenal,eng Premier League,21,1998,14,866,62,25.3,9.6,9,82,4,5,25,2,1.71,19,12,+7,+0.73,+0.41,Matches
3442,Martin Ødegaard,no NOR,MF,Real Madrid,es La Liga,21,1998,7,234,33,6.8,2.6,3,59,0,4,14,6,1.57,4,2,+2,+0.77,-0.28,Matches
3443,Filip Đuričić,rs SRB,MF,Sassuolo,it Serie A,28,1992,32,2079,65,60.8,23.1,27,72,4,5,27,1,1.59,37,30,+7,+0.30,+0.24,Matches
