Rk,Player,Nation,Pos,Squad,Comp,Age,Born,Playing Time_MP,Playing Time_Min,Playing Time_Mn/MP,Playing Time_Min%,Playing Time_90s,Starts_Starts,Starts_Mn/Start,Starts_Compl,Subs_Subs,Subs_Mn/Sub,Subs_unSub,Team Success_PPM,Team Success_onG,Team Success_onGA,Team Success_+/-,Team Success_+/-90,Team Success_On-Off,Matches
1,Max Aarons,eng ENG,DF,Norwich City,eng Premier League,21,2000,34,2881,85,84.2,32.0,32,89,29,2,22,2,0.53,18,69,-51,-1.59,+0.08,Matches
2,Yunis Abdelhamid,ma MAR,DF,Reims,fr Ligue 1,33,1987,34,2983,88,87.2,33.1,34,88,33,0,,0,1.12,38,41,-3,-0.09,-0.50,Matches
3,Salis Abdul Samed,gh GHA,MF,Clermont Foot,fr Ligue 1,21,2000,31,2462,79,72.0,27.4,29,82,19,2,38,1,1.10,26,43,-17,-0.62,+0.69,Matches
4,Suleiman Abdullahi,ng NGA,"FW,MF",Union Berlin,de Bundesliga,24,1996,0,,,,,0,,0,0,,3,,,,,,,Matches
5,Laurent Abergel,fr FRA,MF,Lorient,fr Ligue 1,28,1993,34,2956,87,86.4,32.8,34,87,26,0,,0,0.82,27,59,-32,-0.97,-1.75,Matches
6,Charles Abi,fr FRA,FW,Saint-Étienne,fr Ligue 1,21,2000,1,45,45,1.3,0.5,1,45,0,0,,0,1.00,0,0,0,0.00,+0.93,Matches
7,Dickson Abiama,ng NGA,FW,Greuther Fürth,de Bundesliga,22,1998,24,726,30,23.7,8.1,5,79,2,19,17,8,0.46,8,29,-21,-2.60,-1.33,Matches
8,Matthis Abline,fr FRA,FW,Rennes,fr Ligue 1,18,2003,7,103,15,3.0,1.1,1,45,0,6,10,9,1.14,0,1,-1,-0.87,-2.04,Matches
9,Abdel Abqar,ma MAR,DF,Alavés,es La Liga,22,1999,0,,,,,0,,0,0,,16,,,,,,,Matches
10,Tammy Abraham,eng ENG,FW,Roma,it Serie A,23,1997,37,3084,83,90.2,34.3,36,85,23,1,32,0,1.70,54,38,+16,+0.47,+0.47,Matches
11,Tammy Abraham,eng ENG,FW,Chelsea,eng Premier League,23,1997,0,,,,,0,,0,0,,1,,,,,,,Matches
12,Luis Abram,pe PER,DF,Granada,es La Liga,25,1996,8,560,70,16.4,6.2,6,80,4,2,39,12,1.38,8,5,+3,+0.48,+1.11,Matches
13,Salim Abubakar,ne NIG,MF,Sassuolo,it Serie A,18,2003,0,,,,,0,,0,0,,3,,,,,,,Matches
14,Francesco Acerbi,it ITA,DF,Lazio,it Serie A,33,1988,30,2536,85,74.2,28.2,29,87,27,1,7,0,1.67,60,48,+12,+0.43,-0.29,Matches
15,Ragnar Ache,de GER,MF,Eintracht Frankfurt,de Bundesliga,23,1998,13,259,20,8.5,2.9,1,72,0,12,16,6,1.23,4,4,0,0.00,+0.13,Matches
16,Mohamed Achi,fr FRA,MF,Nantes,fr Ligue 1,19,2002,1,10,10,0.3,0.1,0,,0,1,10,4,1.00,0,0,0,0.00,-0.18,Matches
17,Marcos Acuña,ar ARG,"DF,MF",Sevilla,es La Liga,29,1991,31,2260,73,66.1,25.1,26,83,17,5,22,1,1.87,32,13,+19,+0.76,+0.45,Matches
18,Marius Adamonis,lt LTU,GK,Lazio,it Serie A,24,1997,0,,,,,0,,0,0,,36,,,,,,,Matches
19,Che Adams,sct SCO,FW,Southampton,eng Premier League,25,1996,30,2039,68,59.6,22.7,23,82,13,7,22,4,1.03,25,40,-15,-0.66,-0.08,Matches
20,Tyler Adams,us USA,MF,RB Leipzig,de Bundesliga,22,1999,24,1351,56,44.2,15.0,12,84,8,12,29,6,1.88,27,14,+13,+0.87,-0.29,Matches
21,Sargis Adamyan,am ARM,"MF,FW",Hoffenheim,de Bundesliga,28,1993,13,331,25,10.8,3.7,2,76,0,11,16,3,1.85,7,6,+1,+0.27,+0.37,Matches
22,Tayo Adaramola,ie IRL,"DF,MF",Crystal Palace,eng Premier League,17,2003,0,,,,,0,,0,0,,1,,,,,,,Matches
23,Martin Adeline,fr FRA,MF,Reims,fr Ligue 1,17,2003,8,352,44,10.3,3.9,2,76,1,6,34,3,1.13,4,5,-1,-0.26,-0.26,Matches
24,Amine Adli,ma MAR,"MF,FW",Leverkusen,de Bundesliga,21,2000,25,1256,50,41.0,14.0,13,75,3,12,23,0,1.76,24,22,+2,+0.14,-1.40,Matches
25,Yacine Adli,fr FRA,"MF,FW",Bordeaux,fr Ligue 1,21,2000,36,2260,63,66.1,25.1,25,78,10,11,28,1,0.75,33,59,-26,-1.04,-0.03,Matches
26,Adrián,es ESP,GK,Liverpool,eng Premier League,34,1987,0,,,,,0,,0,0,,5,,,,,,,Matches
27,Michel Aebischer,ch SUI,MF,Bologna,it Serie A,24,1997,12,443,37,13.0,4.9,4,76,2,8,18,4,1.42,3,2,+1,+0.20,+0.57,Matches
28,Felix Afena-Gyan,gh GHA,"MF,FW",Roma,it Serie A,18,2003,17,668,39,19.5,7.4,6,66,0,11,25,8,1.65,13,9,+4,+0.54,+0.15,Matches
29,Martin Agirregabiria,es ESP,"DF,MF",Alavés,es La Liga,25,1996,24,1616,67,47.3,18.0,17,83,11,7,28,13,0.96,13,31,-18,-1.00,-0.20,Matches
30,Julen Agirrezabala,es ESP,GK,Athletic Club,es La Liga,20,2000,4,360,90,10.5,4.0,4,90,4,0,,10,1.25,5,5,0,0.00,-0.21,Matches
31,Vittorio Agostinelli,it ITA,MF,Fiorentina,it Serie A,19,2002,0,,,,,0,,0,0,,1,,,,,,,Matches
32,Lucien Agoume,fr FRA,MF,Inter,it Serie A,19,2002,0,,,,,0,,0,0,,1,,,,,,,Matches
33,Lucien Agoume,fr FRA,MF,Brest,fr Ligue 1,19,2002,27,1868,69,54.6,20.8,21,83,13,6,21,4,1.30,27,32,-5,-0.24,-0.07,Matches
34,Kevin Agudelo,co COL,"FW,MF",Genoa,it Serie A,22,1998,0,,,,,0,,0,0,,2,,,,,,,Matches
35,Kevin Agudelo,co COL,"MF,FW",Spezia,it Serie A,22,1998,23,1237,54,36.2,13.7,12,77,3,11,28,0,0.91,16,23,-7,-0.51,+0.44,Matches
36,Nayef Aguerd,ma MAR,DF,Rennes,fr Ligue 1,25,1996,31,2735,88,80.0,30.4,31,88,28,0,,0,1.94,66,29,+37,+1.22,+0.56,Matches
37,Sergio Agüero,ar ARG,FW,Barcelona,es La Liga,33,1988,4,151,38,4.4,1.7,2,65,1,2,11,0,1.00,1,2,-1,-0.60,-1.45,Matches
38,Ruben Aguilar,fr FRA,DF,Monaco,fr Ligue 1,28,1993,28,2140,76,62.6,23.8,22,88,19,6,33,8,1.96,44,24,+20,+0.84,+0.49,Matches
39,Álvaro Aguirre,es ESP,FW,Rayo Vallecano,es La Liga,21,2000,1,9,9,0.3,0.1,0,,0,1,9,0,0.00,0,0,0,0.00,+0.29,Matches
40,Naouirou Ahamada,fr FRA,MF,Stuttgart,de Bundesliga,19,2002,3,61,20,2.0,0.7,0,,0,3,20,9,0.00,1,1,0,0.00,+0.54,Matches
41,Aymeric Ahmed,km COM,MF,Strasbourg,fr Ligue 1,17,2003,0,,,,,0,,0,0,,4,,,,,,,Matches
42,Anel Ahmedhodžić,ba BIH,DF,Bordeaux,fr Ligue 1,22,1999,15,1350,90,39.5,15.0,15,90,15,0,,0,0.67,18,38,-20,-1.33,-0.51,Matches
43,Jean-Eudes Aholou,ci CIV,MF,Strasbourg,fr Ligue 1,27,1994,25,1004,40,29.4,11.2,11,64,0,14,22,6,1.76,17,13,+4,+0.36,-0.13,Matches
44,Joseph Aidoo,gh GHA,DF,Celta Vigo,es La Liga,25,1995,32,2637,82,77.1,29.3,30,87,24,2,7,3,1.22,35,31,+4,+0.14,+0.60,Matches
45,Ola Aina,ng NGA,MF,Torino,it Serie A,24,1996,21,1437,68,42.0,16.0,17,80,7,4,19,12,1.29,17,19,-2,-0.13,-0.44,Matches
46,Rayan Aït-Nouri,dz ALG,MF,Wolves,eng Premier League,20,2001,23,1828,79,53.5,20.3,20,89,17,3,13,12,1.13,25,26,-1,-0.05,+0.18,Matches
47,Kristoffer Ajer,no NOR,DF,Brentford,eng Premier League,23,1998,24,1995,83,58.3,22.2,23,85,17,1,45,3,1.29,29,32,-3,-0.14,+0.18,Matches
48,Ludovic Ajorque,fr FRA,FW,Strasbourg,fr Ligue 1,27,1994,36,2738,76,80.1,30.4,31,84,20,5,26,0,1.64,46,36,+10,+0.33,-0.60,Matches
49,Manuel Akanji,ch SUI,DF,Dortmund,de Bundesliga,26,1995,26,2261,87,73.9,25.1,25,89,23,1,45,0,2.00,64,44,+20,+0.80,-0.67,Matches
50,Carlos Akapo,gq EQG,DF,Cádiz,es La Liga,28,1993,25,1844,74,53.9,20.5,21,84,14,4,21,5,1.08,15,27,-12,-0.59,-0.36,Matches
51,Marley Aké,fr FRA,"FW,MF",Juventus,it Serie A,20,2001,4,77,19,2.3,0.9,0,,0,4,19,8,0.50,1,4,-3,-3.51,-4.13,Matches
52,Nathan Aké,nl NED,DF,Manchester City,eng Premier League,26,1995,14,923,66,27.0,10.3,10,82,8,4,25,22,2.64,19,3,+16,+1.56,-0.49,Matches
53,Ilias Akhomach,ma MAR,FW,Barcelona,es La Liga,17,2004,2,124,62,3.6,1.4,2,62,0,0,,3,3.00,1,0,+1,+0.73,-0.07,Matches
54,Maghnes Akliouche,fr FRA,MF,Monaco,fr Ligue 1,19,2002,7,54,8,1.6,0.6,0,,0,7,8,4,1.57,1,2,-1,-1.67,-2.36,Matches
55,Paul Akouokou,ci CIV,MF,Real Betis,es La Liga,23,1997,8,516,65,15.1,5.7,6,82,2,2,11,19,1.38,7,3,+4,+0.70,+0.14,Matches
56,Jean-Daniel Akpa-Akpro,ci CIV,MF,Lazio,it Serie A,28,1992,10,315,32,9.2,3.5,4,62,0,6,11,21,1.50,6,8,-2,-0.57,-1.18,Matches
57,Kevin Akpoguma,ng NGA,"DF,MF",Hoffenheim,de Bundesliga,26,1995,26,1527,59,49.9,17.0,19,71,5,7,24,4,1.50,34,30,+4,+0.24,+0.59,Matches
58,David Alaba,at AUT,DF,Real Madrid,es La Liga,29,1992,30,2642,88,77.3,29.4,30,88,27,0,,0,2.30,60,26,+34,+1.16,-0.58,Matches
59,Sofiane Alakouch,ma MAR,"DF,MF",Metz,fr Ligue 1,23,1998,4,158,40,4.6,1.8,0,,0,4,40,13,1.00,0,2,-2,-1.14,-0.26,Matches
60,Jony Álamo,es ESP,MF,Elche,es La Liga,19,2001,0,,,,,0,,0,0,,8,,,,,,,Matches
61,Tomás Alarcón,cl CHI,MF,Cádiz,es La Liga,22,1999,23,1425,62,41.7,15.8,16,81,9,7,19,5,0.96,12,23,-11,-0.69,-0.47,Matches
62,Lucas Alario,ar ARG,FW,Leverkusen,de Bundesliga,28,1992,27,655,24,21.4,7.3,5,79,3,22,12,2,1.74,17,9,+8,+1.10,+0.16,Matches
63,Jordi Alba,es ESP,DF,Barcelona,es La Liga,32,1989,30,2644,88,77.3,29.4,30,88,26,0,,1,2.00,54,32,+22,+0.75,-0.18,Matches
64,Josué Albert,gf GUF,DF,Clermont Foot,fr Ligue 1,29,1992,2,22,11,0.6,0.2,0,,0,2,11,15,0.50,0,1,-1,-4.09,-3.30,Matches
65,Luis Alberto,es ESP,MF,Lazio,it Serie A,28,1992,34,2353,69,68.8,26.1,27,80,11,7,29,1,1.74,51,35,+16,+0.61,+0.36,Matches
66,Raúl Albiol,es ESP,DF,Villarreal,es La Liga,35,1985,28,2465,88,72.1,27.4,28,88,26,0,,6,1.50,42,25,+17,+0.62,-0.23,Matches
67,Julian Albrecht,de GER,MF,Hertha BSC,de Bundesliga,19,2001,0,,,,,0,,0,0,,1,,,,,,,Matches
68,Marc Albrighton,eng ENG,"MF,FW",Leicester City,eng Premier League,31,1989,17,1132,67,33.1,12.6,11,90,11,6,24,17,1.35,16,24,-8,-0.64,-1.07,Matches
69,Paco Alcácer,es ESP,FW,Villarreal,es La Liga,27,1993,18,787,44,23.0,8.7,10,65,0,8,17,8,1.44,16,11,+5,+0.57,-0.15,Matches
70,Thiago Alcántara,es ESP,MF,Liverpool,eng Premier League,30,1991,25,1534,61,44.9,17.0,17,80,5,8,22,1,2.64,42,7,+35,+2.05,+0.48,Matches
71,Rubén Alcaraz,es ESP,MF,Cádiz,es La Liga,30,1991,14,1105,79,32.3,12.3,12,87,10,2,31,0,1.21,10,12,-2,-0.16,+0.38,Matches
72,Omar Alderete,py PAR,DF,Valencia,es La Liga,24,1996,29,2403,83,70.3,26.7,28,84,20,1,45,3,1.21,32,34,-2,-0.07,+0.19,Matches
73,Ryan Alebiosu,ng NGA,"DF,MF",Arsenal,eng Premier League,19,2001,0,,,,,0,,0,0,,1,,,,,,,Matches
74,Iván Alejo,es ESP,MF,Cádiz,es La Liga,26,1995,20,1065,53,31.1,11.8,11,73,2,9,29,7,1.20,14,9,+5,+0.42,+1.23,Matches
75,Pedro Alemañ,es ESP,MF,Valencia,es La Liga,19,2002,0,,,,,0,,0,0,,4,,,,,,,Matches
76,Doğan Alemdar,tr TUR,GK,Rennes,fr Ligue 1,18,2002,12,1080,90,31.6,12.0,12,90,12,0,,7,1.58,29,13,+16,+1.33,+0.33,Matches
77,Carles Aleñá,es ESP,MF,Getafe,es La Liga,23,1998,33,2320,70,67.8,25.8,30,76,6,3,15,1,1.12,23,20,+3,+0.12,+1.02,Matches
78,Ajibola Alese,eng ENG,DF,West Ham United,eng Premier League,20,2001,0,,,,,0,,0,0,,11,,,,,,,Matches
79,Trent Alexander-Arnold,eng ENG,DF,Liverpool,eng Premier League,22,1998,32,2853,89,83.4,31.7,32,89,30,0,,2,2.38,80,22,+58,+1.83,+0.24,Matches
80,Alfon,es ESP,FW,Celta Vigo,es La Liga,22,1999,0,,,,,0,,0,0,,1,,,,,,,Matches
81,Ángel Algobia,es ESP,MF,Getafe,es La Liga,22,1999,0,,,,,0,,0,0,,3,,,,,,,Matches
82,Mohamed Ali Cho,fr FRA,FW,Angers,fr Ligue 1,17,2004,32,1837,57,53.7,20.4,21,76,0,11,23,0,1.19,27,25,+2,+0.10,+0.84,Matches
83,Rachid Alioui,ma MAR,FW,Angers,fr Ligue 1,29,1992,0,,,,,0,,0,0,,1,,,,,,,Matches
84,Alisson,br BRA,GK,Liverpool,eng Premier League,28,1992,36,3240,90,94.7,36.0,36,90,36,0,,0,2.44,87,24,+63,+1.75,-0.75,Matches
85,Allan,br BRA,MF,Everton,eng Premier League,30,1991,28,2183,78,63.8,24.3,25,85,17,3,23,5,1.14,26,38,-12,-0.49,+0.31,Matches
86,Jim Allevinah,ga GAB,"MF,FW",Clermont Foot,fr Ligue 1,26,1995,30,1488,50,43.5,16.5,13,77,3,17,29,1,0.93,15,32,-17,-1.03,-0.38,Matches
87,Dele Alli,eng ENG,MF,Tottenham Hotspur,eng Premier League,25,1996,10,657,66,19.2,7.3,8,80,5,2,11,9,1.40,6,13,-7,-0.96,-2.13,Matches
88,Dele Alli,eng ENG,MF,Everton,eng Premier League,25,1996,11,338,31,9.9,3.8,1,66,0,10,27,7,0.91,7,10,-3,-0.80,-0.21,Matches
89,Miguel Almirón,py PAR,"MF,FW",Newcastle United,eng Premier League,27,1994,30,1716,57,50.2,19.1,19,78,5,11,21,6,1.20,16,32,-16,-0.84,-0.73,Matches
90,Marcos Alonso,es ESP,MF,Chelsea,eng Premier League,30,1990,28,2167,77,63.4,24.1,25,83,16,3,28,6,1.64,42,22,+20,+0.83,-0.82,Matches
91,Giorgio Altare,it ITA,DF,Cagliari,it Serie A,22,1998,19,1466,77,42.9,16.3,17,82,12,2,34,18,0.95,14,23,-9,-0.55,+0.60,Matches
92,Gastón Álvarez,uy URU,DF,Getafe,es La Liga,21,2000,0,,,,,0,,0,0,,15,,,,,,,Matches
93,Hugo Álvarez,es ESP,"DF,MF",Celta Vigo,es La Liga,18,2003,1,11,11,0.3,0.1,0,,0,1,11,5,3.00,0,0,0,0.00,0.00,Matches
94,Iker Álvarez,ad AND,GK,Villarreal,es La Liga,20,2001,0,,,,,0,,0,0,,10,,,,,,,Matches
95,Yeray Álvarez,es ESP,DF,Athletic Club,es La Liga,26,1995,22,1860,85,54.4,20.7,21,88,20,1,15,6,1.23,20,20,0,0.00,-0.40,Matches
96,Dani Alves,br BRA,DF,Barcelona,es La Liga,38,1983,14,1098,78,32.1,12.2,13,84,6,1,5,3,2.50,26,10,+16,+1.31,+0.77,Matches
97,Steven Alzate,co COL,MF,Brighton,eng Premier League,22,1998,9,404,45,11.8,4.5,5,69,1,4,15,18,1.11,3,7,-4,-0.89,-0.95,Matches
98,Ibrahim Amadou,fr FRA,"DF,MF",Metz,fr Ligue 1,28,1993,10,812,81,23.7,9.0,10,81,7,0,,1,0.40,3,13,-10,-1.11,-0.28,Matches
99,Emmanuel Amankwaa Akurugu,gh GHA,MF,Getafe,es La Liga,19,2001,3,79,26,2.3,0.9,1,63,0,2,8,8,1.00,2,1,+1,+1.14,+1.38,Matches
100,Daniel Amartey,gh GHA,DF,Leicester City,eng Premier League,26,1994,28,2123,76,62.1,23.6,23,88,22,5,20,6,1.50,35,40,-5,-0.21,-0.77,Matches
101,Amath,sn SEN,"MF,FW",Mallorca,es La Liga,25,1996,19,884,47,25.8,9.8,9,68,1,10,27,4,0.89,10,14,-4,-0.41,+0.41,Matches
102,Jordan Amavi,fr FRA,DF,Nice,fr Ligue 1,27,1994,8,413,52,12.1,4.6,4,77,1,4,27,5,2.25,9,3,+6,+1.31,+1.01,Matches
103,Jordan Amavi,fr FRA,"MF,DF",Marseille,fr Ligue 1,27,1994,2,128,64,3.7,1.4,2,64,0,0,,14,1.00,1,1,0,0.00,-0.68,Matches
104,Giuseppe Ambrosino,it ITA,FW,Napoli,it Serie A,17,2003,0,,,,,0,,0,0,,1,,,,,,,Matches
105,Wisdom Amey,it ITA,DF,Bologna,it Serie A,15,2005,1,71,71,2.1,0.8,1,71,0,0,,4,3.00,1,0,+1,+1.27,+1.59,Matches
106,Kelvin Amian,fr FRA,DF,Spezia,it Serie A,23,1998,32,2646,83,77.4,29.4,31,84,26,1,45,1,1.00,36,56,-20,-0.68,+0.48,Matches
107,Nadiem Amiri,de GER,MF,Genoa,it Serie A,24,1996,13,683,53,20.0,7.6,9,65,2,4,25,0,1.00,4,10,-6,-0.79,+0.10,Matches
108,Nadiem Amiri,de GER,MF,Leverkusen,de Bundesliga,24,1996,13,369,28,12.1,4.1,3,80,1,10,13,5,2.00,6,6,0,0.00,-1.10,Matches
109,Ethan Ampadu,wls WAL,"MF,DF",Venezia,it Serie A,20,2000,29,2282,79,66.7,25.4,26,84,18,3,34,0,0.69,20,44,-24,-0.95,-0.08,Matches
110,Sofyan Amrabat,ma MAR,MF,Fiorentina,it Serie A,24,1996,23,944,41,27.6,10.5,8,84,6,15,18,8,1.78,12,13,-1,-0.10,-0.42,Matches
111,Joachim Andersen,dk DEN,DF,Crystal Palace,eng Premier League,25,1996,34,2916,86,85.3,32.4,32,90,31,2,22,0,1.32,44,37,+7,+0.22,+0.75,Matches
112,Elliot Anderson,eng ENG,MF,Newcastle United,eng Premier League,18,2002,0,,,,,0,,0,0,,5,,,,,,,Matches
113,Felipe Anderson,br BRA,FW,Lazio,it Serie A,28,1993,38,2888,76,84.4,32.1,33,82,16,5,36,0,1.68,61,50,+11,+0.34,-1.01,Matches
114,Sebastian Andersson,se SWE,FW,Köln,de Bundesliga,30,1991,26,1257,48,41.1,14.0,13,77,3,13,20,1,1.38,15,17,-2,-0.14,-0.39,Matches
115,Florin Andone,ro ROU,FW,Brighton,eng Premier League,28,1993,0,,,,,0,,0,0,,1,,,,,,,Matches
116,Florin Andone,ro ROU,FW,Cádiz,es La Liga,28,1993,5,176,35,5.1,2.0,1,66,0,4,28,14,0.20,1,7,-6,-3.07,-2.79,Matches
117,Andrés Andrade Cedeño,pa PAN,DF,Arminia,de Bundesliga,22,1998,17,1046,62,34.2,11.6,12,81,9,5,15,9,1.00,12,18,-6,-0.52,+0.38,Matches
118,Benjamin André,fr FRA,MF,Lille,fr Ligue 1,30,1990,33,2752,83,80.5,30.6,33,83,21,0,,0,1.36,35,41,-6,-0.20,-1.00,Matches
119,Fredrik André Bjørkan,no NOR,DF,Hertha BSC,de Bundesliga,22,1998,9,353,39,11.5,3.9,2,90,2,7,25,1,0.56,4,16,-12,-3.06,-2.33,Matches
120,Marcos André,br BRA,"FW,MF",Valencia,es La Liga,24,1996,29,973,34,28.5,10.8,8,76,2,21,18,3,1.31,19,16,+3,+0.28,+0.57,Matches
121,Lorenzo Andrenacci,it ITA,GK,Genoa,it Serie A,26,1995,0,,,,,0,,0,0,,6,,,,,,,Matches
122,Lluis Andreu,es ESP,GK,Elche,es La Liga,22,1999,0,,,,,0,,0,0,,16,,,,,,,Matches
123,Robert Andrich,de GER,MF,Leverkusen,de Bundesliga,26,1994,26,1817,70,59.4,20.2,21,81,14,5,22,1,1.92,48,31,+17,+0.84,-0.32,Matches
124,Ángel,es ESP,GK,Granada,es La Liga,19,2002,0,,,,,0,,0,0,,1,,,,,,,Matches
125,José Ángel,es ESP,DF,Osasuna,es La Liga,31,1989,23,1083,47,31.7,12.0,12,78,4,11,13,12,1.04,14,20,-6,-0.50,-0.19,Matches
126,Vincent Angelini,sct SCO,GK,Watford,eng Premier League,17,2003,0,,,,,0,,0,0,,3,,,,,,,Matches
127,Angeliño,es ESP,"MF,DF",RB Leipzig,de Bundesliga,24,1997,29,2298,79,75.1,25.5,26,86,21,3,20,2,1.66,48,31,+17,+0.67,-1.46,Matches
128,Samuele Angori,it ITA,MF,Torino,it Serie A,17,2003,0,,,,,0,,0,0,,3,,,,,,,Matches
129,Ebenezer Annan,gh GHA,DF,Bologna,it Serie A,18,2002,1,25,25,0.7,0.3,0,,0,1,25,2,0.00,0,1,-1,-3.60,-3.33,Matches
130,Cristian Ansaldi,ar ARG,MF,Torino,it Serie A,34,1986,19,691,36,20.2,7.7,5,74,2,14,23,10,1.21,12,12,0,0.00,-0.16,Matches
131,Janis Antiste,fr FRA,"FW,MF",Spezia,it Serie A,18,2002,18,796,44,23.3,8.8,9,70,2,9,18,17,0.72,8,23,-15,-1.70,-1.18,Matches
132,Andrei Anton,it ITA,DF,Torino,it Serie A,17,2003,0,,,,,0,,0,0,,2,,,,,,,Matches
133,Waldemar Anton,de GER,DF,Stuttgart,de Bundesliga,25,1996,29,2595,89,84.8,28.8,29,89,27,0,,0,1.07,35,48,-13,-0.45,+0.52,Matches
134,Josep Antoni Gayá,es ESP,DF,Mallorca,es La Liga,21,2000,1,58,58,1.7,0.6,1,58,0,0,,17,0.00,1,4,-3,-4.66,-4.01,Matches
135,Michail Antonio,jm JAM,FW,West Ham United,eng Premier League,31,1990,36,2971,83,86.9,33.0,34,85,23,2,33,1,1.56,55,43,+12,+0.36,+0.96,Matches
136,Christopher Antwi-Adjei,gh GHA,"FW,MF",Bochum,de Bundesliga,27,1994,25,1130,45,36.9,12.6,12,77,3,13,16,4,1.04,13,19,-6,-0.48,-0.10,Matches
137,Houssem Aouar,dz ALG,MF,Lyon,fr Ligue 1,23,1998,36,2504,70,73.2,27.8,29,81,17,7,21,0,1.64,47,37,+10,+0.36,-0.13,Matches
138,Adil Aouchiche,dz ALG,MF,Saint-Étienne,fr Ligue 1,19,2002,35,1081,31,31.6,12.0,11,61,0,24,17,2,0.83,14,25,-11,-0.92,+0.01,Matches
139,Dennis Appiah,fr FRA,DF,Nantes,fr Ligue 1,29,1992,32,2099,66,61.4,23.3,22,87,19,10,18,4,1.50,31,27,+4,+0.17,-0.03,Matches
140,Mauro Arambarri,uy URU,MF,Getafe,es La Liga,25,1995,31,2663,86,77.9,29.6,31,86,27,0,,0,1.23,31,27,+4,+0.14,+1.56,Matches
141,Mattia Aramu,it ITA,"MF,FW",Venezia,it Serie A,26,1995,32,2100,66,61.4,23.3,25,75,7,7,31,0,0.81,24,39,-15,-0.64,+0.72,Matches
142,Arana,es ESP,FW,Villarreal,es La Liga,21,2000,0,,,,,0,,0,0,,1,,,,,,,Matches
143,Charles Aránguiz,cl CHI,MF,Leverkusen,de Bundesliga,32,1989,26,1578,61,51.6,17.5,16,84,10,10,23,0,2.12,46,22,+24,+1.37,+0.82,Matches
144,Néstor Araujo,mx MEX,DF,Celta Vigo,es La Liga,29,1991,34,2617,77,76.5,29.1,29,87,24,5,19,3,1.26,32,30,+2,+0.07,+0.29,Matches
145,Ronald Araújo,uy URU,DF,Barcelona,es La Liga,22,1999,30,2272,76,66.4,25.2,25,86,22,5,25,1,2.13,48,29,+19,+0.75,-0.11,Matches
146,Iván Arboleda,co COL,GK,Rayo Vallecano,es La Liga,25,1996,0,,,,,0,,0,0,,8,,,,,,,Matches
147,Cameron Archer,eng ENG,"FW,MF",Aston Villa,eng Premier League,20,2001,3,27,9,0.8,0.3,0,,0,3,9,9,1.00,1,0,+1,+3.33,+3.41,Matches
148,Alphonse Areola,fr FRA,GK,West Ham United,eng Premier League,28,1993,1,90,90,2.6,1.0,1,90,1,0,,37,0.00,0,1,-1,-1.00,-1.27,Matches
149,Jesús Areso,es ESP,DF,Osasuna,es La Liga,22,1999,3,188,63,5.5,2.1,2,86,1,1,16,15,1.00,2,5,-3,-1.44,-1.13,Matches
150,Simone Aresti,it ITA,GK,Cagliari,it Serie A,35,1986,0,,,,,0,,0,0,,36,,,,,,,Matches
151,Matias Arezo,uy URU,FW,Granada,es La Liga,18,2002,8,162,20,4.7,1.8,1,71,0,7,13,8,0.25,4,5,-1,-0.56,-0.11,Matches
152,Santiago Arias,co COL,DF,Granada,es La Liga,29,1992,12,440,37,12.9,4.9,4,78,2,8,16,8,1.50,12,9,+3,+0.61,+1.22,Matches
153,Adam Armstrong,eng ENG,FW,Southampton,eng Premier League,24,1997,23,1413,61,41.3,15.7,17,80,10,6,10,14,0.87,12,31,-19,-1.21,-0.99,Matches
154,Stuart Armstrong,sct SCO,"MF,FW",Southampton,eng Premier League,29,1992,25,1473,59,43.1,16.4,15,84,8,10,21,2,1.32,16,30,-14,-0.86,-0.39,Matches
155,Marko Arnautović,at AUT,FW,Bologna,it Serie A,32,1989,33,2694,82,78.8,29.9,32,84,20,1,13,1,1.24,35,43,-8,-0.27,+0.10,Matches
156,Maximilian Arnold,de GER,MF,Wolfsburg,de Bundesliga,27,1994,34,2994,88,97.8,33.3,34,88,31,0,,0,1.24,43,53,-10,-0.30,+1.06,Matches
157,Bright Arrey-Mbi,de GER,DF,Bayern Munich,de Bundesliga,18,2003,0,,,,,0,,0,0,,1,,,,,,,Matches
158,Bright Arrey-Mbi,de GER,DF,Köln,de Bundesliga,18,2003,0,,,,,0,,0,0,,4,,,,,,,Matches
159,Kepa Arrizabalaga,es ESP,GK,Chelsea,eng Premier League,26,1994,4,360,90,10.5,4.0,4,90,4,0,,34,1.75,6,2,+4,+1.00,-0.15,Matches
160,Tolgay Arslan,de GER,MF,Udinese,it Serie A,30,1990,30,1658,55,48.5,18.4,22,67,0,8,24,6,1.27,26,20,+6,+0.33,+0.48,Matches
161,Juan Artola,es ESP,FW,Athletic Club,es La Liga,21,2000,0,,,,,0,,0,0,,3,,,,,,,Matches
162,Santiago Arzamendia,py PAR,MF,Cádiz,es La Liga,23,1998,14,469,34,13.7,5.2,5,61,1,9,18,20,1.50,5,7,-2,-0.38,+0.04,Matches
163,Takuma Asano,jp JPN,"FW,MF",Bochum,de Bundesliga,26,1994,27,1608,60,52.5,17.9,20,72,3,7,23,1,1.52,21,25,-4,-0.22,+0.40,Matches
164,Santiago Ascacíbar,ar ARG,MF,Hertha BSC,de Bundesliga,24,1997,28,2375,85,77.6,26.4,27,87,20,1,33,6,0.96,29,52,-23,-0.87,+0.57,Matches
165,Rocco Ascone,fr FRA,FW,Lille,fr Ligue 1,17,2003,0,,,,,0,,0,0,,6,,,,,,,Matches
166,Sergio Asenjo,es ESP,GK,Villarreal,es La Liga,32,1989,6,540,90,15.8,6.0,6,90,6,0,,30,1.33,13,9,+4,+0.67,-0.02,Matches
167,Alejandro Asensio,es ESP,FW,Rayo Vallecano,es La Liga,20,2000,2,12,6,0.4,0.1,0,,0,2,6,2,0.00,0,0,0,0.00,+0.29,Matches
168,Marco Asensio,es ESP,"FW,MF",Real Madrid,es La Liga,25,1996,31,1731,56,50.6,19.2,19,79,7,12,20,2,2.39,42,13,+29,+1.51,+0.44,Matches
169,Harrison Ashby,sct SCO,"DF,MF",West Ham United,eng Premier League,19,2001,1,7,7,0.2,0.1,0,,0,1,7,7,0.00,0,1,-1,-12.86,-13.12,Matches
170,Kristoffer Askildsen,no NOR,MF,Sampdoria,it Serie A,20,2001,19,754,40,22.0,8.4,7,80,2,12,16,13,0.89,6,11,-5,-0.60,-0.19,Matches
171,Fisnik Asllani,xk KVX,FW,Hoffenheim,de Bundesliga,18,2002,2,9,5,0.3,0.1,0,,0,2,5,5,1.50,0,0,0,0.00,+0.06,Matches
172,Kristjan Asllani,al ALB,MF,Empoli,it Serie A,19,2002,23,1353,59,39.6,15.0,14,87,12,9,15,10,0.96,13,24,-11,-0.73,-0.34,Matches
173,Iago Aspas,es ESP,FW,Celta Vigo,es La Liga,33,1987,37,3087,83,90.3,34.3,36,85,26,1,11,0,1.22,41,39,+2,+0.06,+0.60,Matches
174,Lorenz Assignon,tg TOG,DF,Rennes,fr Ligue 1,21,2000,20,616,31,18.0,6.8,5,90,5,15,11,16,1.70,23,6,+17,+2.48,+1.68,Matches
175,Simon Asta,de GER,"MF,DF",Greuther Fürth,de Bundesliga,20,2001,13,783,60,25.6,8.7,9,83,6,4,10,13,0.31,9,22,-13,-1.49,+0.13,Matches
176,Youcef Atal,dz ALG,DF,Nice,fr Ligue 1,25,1996,17,1140,67,33.3,12.7,13,78,6,4,31,4,1.29,20,12,+8,+0.63,+0.32,Matches
177,Christalino Atemona,de GER,DF,Hertha BSC,de Bundesliga,19,2002,0,,,,,0,,0,0,,2,,,,,,,Matches
178,Noah Atubolu,de GER,GK,Freiburg,de Bundesliga,19,2002,0,,,,,0,,0,0,,3,,,,,,,Matches
179,Pierre-Emerick Aubameyang,ga GAB,FW,Arsenal,eng Premier League,32,1989,14,1037,74,30.3,11.5,12,83,7,2,18,0,1.64,17,16,+1,+0.09,-0.37,Matches
180,Pierre-Emerick Aubameyang,ga GAB,FW,Barcelona,es La Liga,32,1989,17,1082,64,31.6,12.0,13,74,0,4,29,0,2.24,26,10,+16,+1.33,+0.79,Matches
181,Christian Aucelli,it ITA,MF,Sassuolo,it Serie A,19,2002,0,,,,,0,,0,0,,3,,,,,,,Matches
182,Emil Audero,id IDN,GK,Sampdoria,it Serie A,24,1997,29,2560,88,74.9,28.4,29,88,27,0,,7,1.00,36,48,-12,-0.42,+0.10,Matches
183,Tommaso Augello,it ITA,DF,Sampdoria,it Serie A,26,1994,36,2395,67,70.0,26.6,25,85,15,11,25,0,1.00,30,37,-7,-0.26,+0.62,Matches
184,Jean-Kévin Augustin,fr FRA,FW,Nantes,fr Ligue 1,24,1997,7,84,12,2.5,0.9,0,,0,7,12,7,1.14,0,1,-1,-1.07,-1.29,Matches
185,Ludwig Augustinsson,se SWE,"DF,MF",Sevilla,es La Liga,27,1994,19,793,42,23.2,8.8,9,72,3,10,14,16,1.95,16,13,+3,+0.34,-0.34,Matches
186,Serge Aurier,ci CIV,DF,Villarreal,es La Liga,28,1992,19,1010,53,29.5,11.2,10,86,8,9,17,2,1.68,22,12,+10,+0.89,+0.29,Matches
187,Brandon Austin,eng ENG,GK,Tottenham Hotspur,eng Premier League,22,1999,0,,,,,0,,0,0,,4,,,,,,,Matches
188,Ezequiel Ávila,ar ARG,"FW,MF",Osasuna,es La Liga,27,1994,36,1870,52,54.7,20.8,22,73,2,14,19,0,1.22,21,22,-1,-0.05,+0.71,Matches
189,Zach Awe,eng ENG,DF,Arsenal,eng Premier League,17,2004,0,,,,,0,,0,0,,1,,,,,,,Matches
190,Taiwo Awoniyi,ng NGA,FW,Union Berlin,de Bundesliga,23,1997,31,2174,70,71.0,24.2,29,73,1,2,26,0,1.61,33,31,+2,+0.08,-0.32,Matches
191,Ramzi Aya,it ITA,DF,Salernitana,it Serie A,30,1990,2,135,68,3.9,1.5,2,68,1,0,,4,0.00,0,8,-8,-5.33,-4.32,Matches
192,Gaizka Ayesa,es ESP,GK,Real Sociedad,es La Liga,20,2001,0,,,,,0,,0,0,,5,,,,,,,Matches
193,Jordan Ayew,gh GHA,"FW,MF",Crystal Palace,eng Premier League,29,1991,31,2019,65,59.0,22.4,23,81,10,8,20,6,1.13,31,31,0,0.00,-0.26,Matches
194,Kaan Ayhan,tr TUR,DF,Sassuolo,it Serie A,26,1994,23,1354,59,39.6,15.0,14,87,13,9,15,11,1.52,27,28,-1,-0.07,-0.02,Matches
195,Eric Ayiah,gh GHA,FW,Monaco,fr Ligue 1,21,2000,0,,,,,0,,0,0,,1,,,,,,,Matches
196,Luke Ayling,eng ENG,DF,Leeds United,eng Premier League,29,1991,26,2272,87,66.4,25.2,26,87,23,0,,0,0.85,30,66,-36,-1.43,-1.35,Matches
197,Karim Azamoum,fr FRA,DF,Troyes,fr Ligue 1,31,1990,7,388,55,11.3,4.3,4,75,3,3,29,0,0.71,4,6,-2,-0.46,-0.05,Matches
198,Miguel Azeez,eng ENG,MF,Arsenal,eng Premier League,18,2002,0,,,,,0,,0,0,,4,,,,,,,Matches
199,Sardar Azmoun,ir IRN,"MF,FW",Leverkusen,de Bundesliga,26,1995,9,359,40,11.7,4.0,4,73,0,5,13,0,2.11,7,5,+2,+0.50,-0.53,Matches
200,César Azpilicueta,es ESP,"DF,MF",Chelsea,eng Premier League,31,1989,27,2070,77,60.5,23.0,24,84,16,3,20,7,1.78,36,23,+13,+0.57,-1.43,Matches
201,Ousmane Ba,sn SEN,GK,Metz,fr Ligue 1,19,2002,0,,,,,0,,0,0,,8,,,,,,,Matches
202,Kwadwo Baah,eng ENG,MF,Watford,eng Premier League,18,2003,0,,,,,0,,0,0,,3,,,,,,,Matches
203,Iddrisu Baba,gh GHA,MF,Mallorca,es La Liga,25,1996,26,1934,74,56.5,21.5,23,81,11,3,23,5,0.96,19,36,-17,-0.79,-0.19,Matches
204,Carlos Bacca,co COL,FW,Granada,es La Liga,34,1986,17,513,30,15.0,5.7,4,73,1,13,17,16,0.83,7,10,-3,-0.53,-0.09,Matches
205,Daniel Bachmann,at AUT,GK,Watford,eng Premier League,27,1994,12,1080,90,31.6,12.0,12,90,12,0,,25,0.25,10,28,-18,-1.50,-0.54,Matches
206,Loïc Bade,fr FRA,DF,Rennes,fr Ligue 1,21,2000,14,985,70,28.8,10.9,11,85,9,3,15,12,1.64,17,9,+8,+0.73,-0.53,Matches
207,Milan Badelj,hr CRO,MF,Genoa,it Serie A,32,1989,34,2844,84,83.2,31.6,34,84,24,0,,1,0.74,20,47,-27,-0.85,+0.08,Matches
208,Édgar Badía,es ESP,GK,Elche,es La Liga,29,1992,24,2160,90,63.2,24.0,24,90,24,0,,14,1.21,28,35,-7,-0.29,+0.07,Matches
209,Benoît Badiashile,fr FRA,DF,Monaco,fr Ligue 1,20,2001,24,1838,77,53.7,20.4,21,86,18,3,8,2,2.08,35,22,+13,+0.64,-0.05,Matches
210,Youssouph Badji,sn SEN,FW,Brest,fr Ligue 1,19,2001,9,135,15,3.9,1.5,1,71,0,8,8,8,0.33,2,3,-1,-0.67,-0.47,Matches
211,Miguel Baeza,es ESP,MF,Celta Vigo,es La Liga,21,2000,1,2,2,0.1,0.0,0,,0,1,2,16,0.00,0,0,0,0.00,0.00,Matches
212,Nicola Bagnolini,it ITA,GK,Bologna,it Serie A,17,2004,1,3,3,0.1,0.0,0,,0,1,3,9,3.00,0,0,0,0.00,+0.29,Matches
213,Issa Bah,lu LUX,FW,Venezia,it Serie A,19,2002,1,9,9,0.3,0.1,0,,0,1,9,1,0.00,0,0,0,0.00,+0.92,Matches
214,Stéphane Bahoken,cm CMR,FW,Angers,fr Ligue 1,29,1992,29,1099,38,32.1,12.2,12,70,0,17,15,2,1.17,15,16,-1,-0.08,+0.31,Matches
215,Leon Bailey,jm JAM,"FW,MF",Aston Villa,eng Premier League,23,1997,18,761,42,22.3,8.5,7,69,3,11,25,2,0.89,12,13,-1,-0.12,-0.08,Matches
216,Eric Bailly,ci CIV,DF,Manchester Utd,eng Premier League,27,1994,4,217,54,6.3,2.4,3,67,1,1,17,17,1.75,5,4,+1,+0.41,+0.44,Matches
217,Dénys Bain,fr FRA,DF,Brest,fr Ligue 1,28,1993,2,180,90,5.3,2.0,2,90,2,0,,17,0.00,2,6,-4,-2.00,-1.89,Matches
218,Stefan Bajic,fr FRA,GK,Saint-Étienne,fr Ligue 1,19,2001,7,510,73,14.9,5.7,4,90,4,3,50,12,0.14,4,13,-9,-1.59,-0.78,Matches
219,Nedim Bajrami,al ALB,MF,Empoli,it Serie A,22,1999,35,2054,59,60.1,22.8,23,74,5,12,29,3,1.06,33,39,-6,-0.26,+0.66,Matches
220,Cédric Bakambu,cd COD,"FW,MF",Marseille,fr Ligue 1,30,1991,12,356,30,10.4,4.0,5,57,0,7,10,3,2.25,11,10,+1,+0.25,-0.45,Matches
221,Abdoulaye Bakayoko,fr FRA,DF,Saint-Étienne,fr Ligue 1,18,2002,4,307,77,9.0,3.4,4,77,2,0,,1,1.00,4,6,-2,-0.59,+0.37,Matches
222,Tiemoué Bakayoko,fr FRA,MF,Milan,it Serie A,26,1994,14,501,36,14.6,5.6,5,63,2,9,21,15,2.29,12,9,+3,+0.54,-0.54,Matches
223,Mitchel Bakker,nl NED,"DF,MF",Leverkusen,de Bundesliga,21,2000,25,1822,73,59.5,20.2,19,86,13,6,31,1,2.00,49,29,+20,+0.99,+0.04,Matches
224,Ridle Baku,de GER,"MF,DF",Wolfsburg,de Bundesliga,23,1998,34,2446,72,79.9,27.2,28,83,18,6,21,0,1.24,40,40,0,0.00,+1.61,Matches
225,Dilane Bakwa,fr FRA,"FW,MF",Bordeaux,fr Ligue 1,18,2002,5,43,9,1.3,0.5,0,,0,5,9,4,1.40,0,2,-2,-4.19,-3.20,Matches
226,Alex Balboa,gq EQG,MF,Alavés,es La Liga,20,2001,0,,,,,0,,0,0,,2,,,,,,,Matches
227,Tommaso Baldanzi,it ITA,MF,Empoli,it Serie A,18,2003,1,18,18,0.5,0.2,0,,0,1,18,5,3.00,1,0,+1,+5.00,+5.56,Matches
228,Alejandro Balde,es ESP,DF,Barcelona,es La Liga,17,2003,5,188,38,5.5,2.1,2,65,0,3,19,13,1.40,0,4,-4,-1.91,-2.86,Matches
229,Ibrahima Baldé,fr FRA,FW,Lens,fr Ligue 1,18,2003,4,58,15,1.7,0.6,0,,0,4,15,9,0.75,1,1,0,0.00,-0.37,Matches
230,Keita Baldé,sn SEN,FW,Cagliari,it Serie A,26,1995,26,1229,47,35.9,13.7,14,71,1,12,20,3,0.58,14,23,-9,-0.66,+0.37,Matches
231,Gareth Bale,wls WAL,FW,Real Madrid,es La Liga,32,1989,5,280,56,8.2,3.1,4,66,0,1,17,8,2.20,5,3,+2,+0.64,-0.70,Matches
232,Carlos Baleba,cm CMR,MF,Lille,fr Ligue 1,17,2004,0,,,,,0,,0,0,,3,,,,,,,Matches
233,Mikel Balenziaga,es ESP,DF,Athletic Club,es La Liga,33,1988,26,2027,78,59.3,22.5,23,87,19,3,12,11,1.58,25,23,+2,+0.09,-0.23,Matches
234,Leonardo Balerdi,ar ARG,"DF,MF",Marseille,fr Ligue 1,22,1999,17,950,56,27.8,10.6,10,88,7,7,11,8,2.29,21,11,+10,+0.95,+0.40,Matches
235,Marco Ballarini,it ITA,MF,Udinese,it Serie A,20,2001,0,,,,,0,,0,0,,8,,,,,,,Matches
236,Iván Balliu,al ALB,DF,Rayo Vallecano,es La Liga,29,1992,35,3147,90,92.0,35.0,35,90,34,0,,0,1.00,35,48,-13,-0.37,-1.03,Matches
237,Fodé Ballo-Touré,sn SEN,DF,Milan,it Serie A,24,1997,10,446,45,13.0,5.0,5,73,2,5,16,22,2.50,8,9,-1,-0.20,-1.38,Matches
238,Folarin Balogun,us USA,FW,Arsenal,eng Premier League,20,2001,2,70,35,2.0,0.8,1,58,0,1,12,0,0.00,0,1,-1,-1.29,-1.66,Matches
239,Abdoulaye Bamba,ci CIV,"MF,DF",Angers,fr Ligue 1,31,1990,10,458,46,13.4,5.1,4,88,3,6,18,13,1.20,4,9,-5,-0.98,-0.80,Matches
240,Jonathan Bamba,ci CIV,MF,Lille,fr Ligue 1,25,1996,31,2428,78,71.0,27.0,28,83,10,3,31,0,1.35,31,31,0,0.00,0.00,Matches
241,Robson Bambu,br BRA,DF,Nice,fr Ligue 1,23,1997,0,,,,,0,,0,0,,2,,,,,,,Matches
242,Patrick Bamford,eng ENG,FW,Leeds United,eng Premier League,27,1993,9,559,62,16.3,6.2,7,72,4,2,28,1,1.11,7,14,-7,-1.13,-0.18,Matches
243,Filippo Bandinelli,it ITA,MF,Empoli,it Serie A,26,1995,35,1955,56,57.2,21.7,24,69,2,11,28,0,1.09,22,43,-21,-0.97,-1.03,Matches
244,Mattia Bani,it ITA,DF,Genoa,it Serie A,27,1993,17,1211,71,35.4,13.5,13,81,8,4,41,7,0.88,8,16,-8,-0.59,+0.42,Matches
245,Scott Banks,sct SCO,MF,Crystal Palace,eng Premier League,19,2001,0,,,,,0,,0,0,,1,,,,,,,Matches
246,Simon Banza,cd COD,FW,Lens,fr Ligue 1,24,1996,4,124,31,3.6,1.4,1,64,0,3,20,0,1.50,4,1,+3,+2.18,+1.88,Matches
247,Jamal Baptiste,eng ENG,DF,West Ham United,eng Premier League,17,2003,0,,,,,0,,0,0,,5,,,,,,,Matches
248,Shandon Baptiste,gd GRN,MF,Brentford,eng Premier League,23,1998,22,910,41,26.6,10.1,9,69,3,13,22,10,1.05,15,15,0,0.00,+0.29,Matches
249,Antonín Barák,cz CZE,"MF,FW",Hellas Verona,it Serie A,26,1994,29,2340,81,68.4,26.0,27,85,20,2,26,1,1.52,48,42,+6,+0.23,+0.23,Matches
250,Benedetto Barba,it ITA,DF,Napoli,it Serie A,18,2003,0,,,,,0,,0,0,,1,,,,,,,Matches
251,Barbero,es ESP,FW,Osasuna,es La Liga,22,1998,6,21,4,0.6,0.2,0,,0,6,4,22,0.83,2,3,-1,-4.29,-3.94,Matches
252,Danilo Barbosa,br BRA,DF,Nice,fr Ligue 1,25,1996,1,90,90,2.6,1.0,1,90,1,0,,8,1.00,0,0,0,0.00,-0.43,Matches
253,Barcia,es ESP,DF,Granada,es La Liga,20,2000,1,75,75,2.2,0.8,1,75,0,0,,4,1.00,0,1,-1,-1.20,-0.77,Matches
254,Bradley Barcola,fr FRA,MF,Lyon,fr Ligue 1,18,2002,11,263,24,7.7,2.9,2,70,0,9,14,8,1.82,11,5,+6,+2.05,+1.80,Matches
255,Malcolm Barcola,tg TOG,GK,Lyon,fr Ligue 1,22,1999,0,,,,,0,,0,0,,4,,,,,,,Matches
256,Melvin Bard,fr FRA,DF,Nice,fr Ligue 1,20,2000,33,2589,78,75.7,28.8,30,85,23,3,16,2,1.67,38,28,+10,+0.35,-0.30,Matches
257,Enis Bardhi,mk MKD,"MF,FW",Levante,es La Liga,26,1995,30,1701,57,49.7,18.9,17,78,6,13,29,2,0.87,27,44,-17,-0.90,-0.48,Matches
258,Francesco Bardi,it ITA,GK,Bologna,it Serie A,29,1992,2,177,89,5.2,2.0,2,89,1,0,,36,2.00,3,2,+1,+0.51,+0.84,Matches
259,Phil Bardsley,sct SCO,DF,Burnley,eng Premier League,36,1985,0,,,,,0,,0,0,,32,,,,,,,Matches
260,Keidi Bare,al ALB,MF,Espanyol,es La Liga,23,1997,25,1481,59,43.3,16.5,18,73,6,7,25,3,1.32,14,20,-6,-0.36,-0.04,Matches
261,Nicolò Barella,it ITA,MF,Inter,it Serie A,24,1997,36,2913,81,85.2,32.4,36,81,17,0,,1,2.17,74,29,+45,+1.39,+0.15,Matches
262,Gabriel Bares,ch SUI,MF,Montpellier,fr Ligue 1,20,2000,0,,,,,0,,0,0,,7,,,,,,,Matches
263,Kike Barja,es ESP,"MF,FW",Osasuna,es La Liga,24,1997,21,865,41,25.3,9.6,9,72,0,12,18,7,0.81,6,11,-5,-0.52,-0.20,Matches
264,Ross Barkley,eng ENG,MF,Chelsea,eng Premier League,27,1993,6,179,30,5.2,2.0,1,72,0,5,21,21,2.33,10,2,+8,+4.02,+3.05,Matches
265,Aymen Barkok,ma MAR,MF,Eintracht Frankfurt,de Bundesliga,23,1998,5,160,32,5.2,1.8,2,51,0,3,19,4,1.20,2,5,-3,-1.69,-1.66,Matches
266,Ashley Barnes,eng ENG,FW,Burnley,eng Premier League,31,1989,23,808,35,23.6,9.0,8,76,2,15,13,7,0.78,6,19,-13,-1.45,-1.24,Matches
267,Harvey Barnes,eng ENG,"MF,FW",Leicester City,eng Premier League,23,1997,32,2101,66,61.4,23.3,24,79,13,8,25,3,1.34,38,30,+8,+0.34,+0.68,Matches
268,Antonio Barragán,es ESP,DF,Elche,es La Liga,34,1987,16,1020,64,29.8,11.3,12,76,5,4,26,18,1.00,8,20,-12,-1.06,-1.06,Matches
269,Leandro Barreiro Martins,lu LUX,MF,Mainz 05,de Bundesliga,21,2000,31,1789,58,58.5,19.9,20,78,7,11,22,2,1.48,25,24,+1,+0.05,-0.23,Matches
270,Ander Barrenetxea,es ESP,"MF,FW",Real Sociedad,es La Liga,19,2001,11,547,50,16.0,6.1,6,61,0,5,36,1,1.09,5,8,-3,-0.49,-0.68,Matches
271,Jacob Barrett Laursen,dk DEN,"DF,MF",Arminia,de Bundesliga,26,1994,24,1632,68,53.3,18.1,20,76,8,4,27,4,0.83,12,27,-15,-0.83,-0.13,Matches
272,Pablo Barrios,es ESP,MF,Atlético Madrid,es La Liga,18,2003,0,,,,,0,,0,0,,3,,,,,,,Matches
273,Musa Barrow,gm GAM,"MF,FW",Bologna,it Serie A,22,1998,34,2134,63,62.4,23.7,25,75,5,9,30,1,1.32,26,34,-8,-0.34,-0.13,Matches
274,Abdourahmane Barry,gn GUI,DF,Greuther Fürth,de Bundesliga,21,2000,8,210,26,6.9,2.3,1,76,0,7,19,10,0.00,3,12,-9,-3.86,-2.44,Matches
275,Yacouba Barry,fr FRA,MF,Lens,fr Ligue 1,18,2002,0,,,,,0,,0,0,,1,,,,,,,Matches
276,Teddy Bartouche-Selbonne,gp GLP,GK,Lorient,fr Ligue 1,24,1997,0,,,,,0,,0,0,,1,,,,,,,Matches
277,Marc Bartra,es ESP,DF,Real Betis,es La Liga,30,1991,23,1993,87,58.3,22.1,23,87,22,0,,8,1.74,34,24,+10,+0.45,-0.31,Matches
278,Daniele Baselli,it ITA,MF,Torino,it Serie A,29,1992,6,150,25,4.4,1.7,0,,0,6,25,11,0.50,0,5,-5,-3.00,-3.28,Matches
279,Daniele Baselli,it ITA,MF,Cagliari,it Serie A,29,1992,9,290,32,8.5,3.2,2,71,0,7,21,4,1.00,3,4,-1,-0.31,+0.64,Matches
280,Toma Bašić,hr CRO,MF,Bordeaux,fr Ligue 1,24,1996,3,209,70,6.1,2.3,3,70,0,0,,0,0.67,3,3,0,0.00,+1.09,Matches
281,Toma Bašić,hr CRO,MF,Lazio,it Serie A,24,1996,29,982,34,28.7,10.9,9,73,2,20,16,7,1.69,22,21,+1,+0.09,-0.57,Matches
282,Amine Bassi,fr FRA,"MF,FW",Metz,fr Ligue 1,23,1997,5,184,37,5.4,2.0,2,68,0,3,16,13,0.80,1,3,-2,-0.98,-0.09,Matches
283,Álvaro Bastida,es ESP,MF,Cádiz,es La Liga,17,2004,6,197,33,5.8,2.2,2,69,0,4,15,14,0.67,4,6,-2,-0.91,-0.52,Matches
284,Alessandro Bastoni,it ITA,DF,Inter,it Serie A,22,1999,31,2311,75,67.6,25.7,29,78,13,2,27,1,2.35,57,18,+39,+1.52,+0.46,Matches
285,Simone Bastoni,it ITA,"MF,DF",Spezia,it Serie A,24,1996,31,2288,74,66.9,25.4,26,83,17,5,26,1,0.84,23,43,-20,-0.79,+0.01,Matches
286,Lewis Bate,eng ENG,MF,Leeds United,eng Premier League,18,2002,3,146,49,4.3,1.6,1,58,0,2,44,13,1.00,3,4,-1,-0.62,+0.37,Matches
287,Rodrigo Battaglia,ar ARG,MF,Mallorca,es La Liga,30,1991,26,1179,45,34.5,13.1,12,83,7,14,13,10,1.35,11,25,-14,-1.07,-0.55,Matches
288,Maximilian Bauer,de GER,DF,Greuther Fürth,de Bundesliga,21,2000,26,1690,65,55.2,18.8,18,87,16,8,16,4,0.65,12,54,-42,-2.24,-1.45,Matches
289,Oliver Baumann,de GER,GK,Hoffenheim,de Bundesliga,31,1990,33,2970,90,97.1,33.0,33,90,33,0,,0,1.30,52,57,-5,-0.15,-3.15,Matches
290,Timo Baumgartl,de GER,DF,Union Berlin,de Bundesliga,25,1996,25,2166,87,70.8,24.1,25,87,22,0,,4,1.44,29,33,-4,-0.17,-1.17,Matches
291,Julian Baumgartlinger,at AUT,MF,Leverkusen,de Bundesliga,33,1988,6,88,15,2.9,1.0,1,59,0,5,6,5,2.67,4,0,+4,+4.09,+3.21,Matches
292,Christoph Baumgartner,at AUT,MF,Hoffenheim,de Bundesliga,21,1999,29,1888,65,61.7,21.0,23,76,9,6,24,0,1.34,29,33,-4,-0.19,-0.34,Matches
293,Jon Bautista,es ESP,FW,Real Sociedad,es La Liga,26,1995,1,45,45,1.3,0.5,0,,0,1,45,1,0.00,2,2,0,0.00,-0.08,Matches
294,Paul Baysse,fr FRA,DF,Bordeaux,fr Ligue 1,33,1988,2,11,6,0.3,0.1,0,,0,2,6,7,2.00,0,0,0,0.00,+1.03,Matches
295,Noah Joel Sarenren Bazee,ng NGA,MF,Augsburg,de Bundesliga,24,1996,14,241,17,7.9,2.7,1,67,0,13,13,3,0.93,5,3,+2,+0.75,+1.35,Matches
296,Joffrey Bazié,bf BFA,FW,Lille,fr Ligue 1,17,2003,0,,,,,0,,0,0,,1,,,,,,,Matches
297,Luca Bazzoli,de GER,"DF,MF",Stuttgart,de Bundesliga,20,2000,0,,,,,0,,0,0,,7,,,,,,,Matches
298,Bebé,cv CPV,MF,Rayo Vallecano,es La Liga,31,1990,29,867,30,25.4,9.6,6,63,0,23,21,9,0.76,10,16,-6,-0.62,-0.45,Matches
299,Ihlas Bebou,tg TOG,"FW,MF",Hoffenheim,de Bundesliga,27,1994,28,2091,75,68.3,23.2,25,79,6,3,42,0,1.50,34,40,-6,-0.26,-0.63,Matches
300,Rodrigo Becão,br BRA,DF,Udinese,it Serie A,25,1996,35,3130,89,91.5,34.8,35,89,33,0,,0,1.34,57,49,+8,+0.23,+1.78,Matches
301,Mads Bech Sørensen,dk DEN,DF,Brentford,eng Premier League,22,1999,11,835,76,24.4,9.3,9,83,7,2,45,14,1.45,9,14,-5,-0.54,-0.43,Matches
302,Owen Beck,wls WAL,"DF,MF",Liverpool,eng Premier League,18,2002,0,,,,,0,,0,0,,3,,,,,,,Matches
303,Sheraldo Becker,sr SUR,"FW,MF",Union Berlin,de Bundesliga,26,1995,28,1758,63,57.5,19.5,22,75,4,6,19,3,1.71,30,24,+6,+0.31,+0.31,Matches
304,Jan Bednarek,pl POL,DF,Southampton,eng Premier League,25,1996,31,2629,85,76.9,29.2,30,86,26,1,45,6,1.16,33,52,-19,-0.65,-0.08,Matches
305,Donny van de Beek,nl NED,MF,Manchester Utd,eng Premier League,24,1997,8,75,9,2.2,0.8,0,,0,8,9,14,1.75,2,2,0,0.00,0.00,Matches
306,Donny van de Beek,nl NED,MF,Everton,eng Premier League,24,1997,7,483,69,14.1,5.4,5,80,3,2,43,2,0.43,4,12,-8,-1.49,-1.03,Matches
307,Asmir Begović,ba BIH,GK,Everton,eng Premier League,34,1987,3,270,90,7.9,3.0,3,90,3,0,,35,1.00,2,8,-6,-2.00,-1.51,Matches
308,Valon Behrami,ch SUI,MF,Genoa,it Serie A,36,1985,10,311,31,9.1,3.5,2,59,0,8,24,5,0.80,10,9,+1,+0.29,+1.27,Matches
309,Kevin Behrens,de GER,FW,Union Berlin,de Bundesliga,30,1991,24,499,21,16.3,5.5,2,63,0,22,17,5,1.75,13,8,+5,+0.90,+0.87,Matches
310,Youcef Belaïli,dz ALG,"MF,FW",Brest,fr Ligue 1,29,1992,13,825,63,24.1,9.2,11,68,1,2,38,1,0.85,15,16,-1,-0.11,+0.13,Matches
311,Vid Belec,si SVN,GK,Salernitana,it Serie A,31,1990,23,1938,84,56.7,21.5,21,90,21,2,24,15,0.74,15,49,-34,-1.58,-0.91,Matches
312,Ishak Belfodil,dz ALG,FW,Hertha BSC,de Bundesliga,29,1992,26,1636,63,53.5,18.2,17,77,3,9,36,4,0.96,21,38,-17,-0.94,+0.14,Matches
313,Haris Belkebla,dz ALG,MF,Brest,fr Ligue 1,27,1994,31,2310,75,67.5,25.7,26,84,19,5,24,3,1.29,32,37,-5,-0.19,+0.05,Matches
314,Yassin Belkhdim,fr FRA,MF,Angers,fr Ligue 1,19,2002,0,,,,,0,,0,0,,3,,,,,,,Matches
315,Stefan Bell,de GER,DF,Mainz 05,de Bundesliga,29,1991,33,2864,87,93.6,31.8,33,87,27,0,,0,1.39,46,41,+5,+0.16,+0.16,Matches
316,Armel Bella Kotchap,de GER,DF,Bochum,de Bundesliga,19,2001,22,1768,80,57.8,19.6,20,88,18,2,2,9,0.95,18,35,-17,-0.87,-1.07,Matches
317,Alaa Bellaarouch,ma MAR,GK,Strasbourg,fr Ligue 1,19,2002,0,,,,,0,,0,0,,5,,,,,,,Matches
318,Yuliwes Bellache,fr FRA,MF,Clermont Foot,fr Ligue 1,18,2002,0,,,,,0,,0,0,,1,,,,,,,Matches
319,Raoul Bellanova,it ITA,MF,Bordeaux,fr Ligue 1,21,2000,0,,,,,0,,0,0,,1,,,,,,,Matches
320,Raoul Bellanova,it ITA,MF,Cagliari,it Serie A,21,2000,31,2496,81,73.0,27.7,27,87,19,4,36,4,0.81,22,49,-27,-0.97,-0.29,Matches
321,Karim Bellarabi,de GER,MF,Leverkusen,de Bundesliga,31,1990,16,683,43,22.3,7.6,9,62,0,7,18,1,1.94,23,6,+17,+2.24,+1.63,Matches
322,Jean-Ricner Bellegarde,ht HAI,MF,Strasbourg,fr Ligue 1,23,1998,36,2332,65,68.2,25.9,26,83,14,10,19,0,1.67,35,30,+5,+0.19,-0.80,Matches
323,Héctor Bellerín,es ESP,"DF,MF",Arsenal,eng Premier League,26,1995,0,,,,,0,,0,0,,1,,,,,,,Matches
324,Héctor Bellerín,es ESP,DF,Real Betis,es La Liga,26,1995,23,1979,86,57.9,22.0,22,89,21,1,23,5,1.87,40,23,+17,+0.77,+0.46,Matches
325,Jude Bellingham,eng ENG,MF,Dortmund,de Bundesliga,18,2003,32,2790,87,91.2,31.0,32,87,27,0,,0,2.06,76,46,+30,+0.97,-0.03,Matches
326,George Bello,us USA,DF,Arminia,de Bundesliga,19,2002,10,434,43,14.2,4.8,3,90,3,7,23,3,0.20,2,12,-10,-2.07,-1.53,Matches
327,Jeanuël Belocian,fr FRA,DF,Rennes,fr Ligue 1,16,2005,1,12,12,0.4,0.1,0,,0,1,12,10,3.00,0,1,-1,-7.50,-8.64,Matches
328,Andrea Belotti,it ITA,FW,Torino,it Serie A,27,1993,22,1371,62,40.1,15.2,16,76,4,6,27,1,1.05,14,16,-2,-0.13,-0.44,Matches
329,Fran Beltrán,es ESP,MF,Celta Vigo,es La Liga,22,1999,37,2597,70,75.9,28.9,31,78,14,6,30,0,1.24,34,27,+7,+0.24,+1.01,Matches
330,Hatem Ben Arfa,fr FRA,"MF,FW",Lille,fr Ligue 1,34,1987,7,314,45,9.2,3.5,4,66,0,3,17,2,1.29,4,6,-2,-0.57,-0.63,Matches
331,Salim Ben Seghir,fr FRA,FW,Marseille,fr Ligue 1,18,2003,1,1,1,0.0,0.0,0,,0,1,1,15,3.00,0,0,0,0.00,-0.66,Matches
332,Wissam Ben Yedder,fr FRA,FW,Monaco,fr Ligue 1,30,1990,37,2529,68,73.9,28.1,29,79,7,8,29,0,1.84,51,28,+23,+0.82,+0.62,Matches
333,Marco Benassi,it ITA,DF,Fiorentina,it Serie A,26,1994,6,158,26,4.6,1.8,1,64,0,5,19,12,0.50,2,4,-2,-1.14,-1.42,Matches
334,Marco Benassi,it ITA,MF,Empoli,it Serie A,26,1994,12,382,32,11.2,4.2,3,64,0,9,21,3,0.42,2,10,-8,-1.88,-1.53,Matches
335,Darío Benedetto,ar ARG,"FW,MF",Marseille,fr Ligue 1,31,1990,2,54,27,1.6,0.6,0,,0,2,27,0,2.00,3,0,+3,+5.00,+4.41,Matches
336,Darío Benedetto,ar ARG,FW,Elche,es La Liga,31,1990,14,590,42,17.3,6.6,6,70,0,8,21,3,0.93,9,9,0,0.00,+0.38,Matches
337,László Bénes,sk SVK,MF,Gladbach,de Bundesliga,23,1997,13,246,19,8.0,2.7,2,62,0,11,11,17,1.31,6,6,0,0.00,+0.22,Matches
338,Carlos Benitez,es ESP,MF,Levante,es La Liga,18,2002,0,,,,,0,,0,0,,1,,,,,,,Matches
339,Walter Benítez,ar ARG,GK,Nice,fr Ligue 1,28,1993,37,3330,90,97.4,37.0,37,90,37,0,,0,1.81,52,35,+17,+0.46,+1.46,Matches
340,Iker Benito,es ESP,MF,Osasuna,es La Liga,18,2002,4,118,30,3.5,1.3,1,66,0,3,17,6,1.00,0,4,-4,-3.05,-2.78,Matches
341,Loris Benito,ch SUI,DF,Bordeaux,fr Ligue 1,29,1992,1,61,61,1.8,0.7,1,61,0,0,,1,0.00,0,0,0,0.00,+1.04,Matches
342,Pedro Benito,es ESP,FW,Cádiz,es La Liga,21,2000,1,31,31,0.9,0.3,0,,0,1,31,0,1.00,0,0,0,0.00,+0.42,Matches
343,Filip Benković,hr CRO,DF,Udinese,it Serie A,24,1997,2,8,4,0.2,0.1,0,,0,2,4,15,1.50,1,0,+1,+11.25,+11.20,Matches
344,Ismaël Bennacer,dz ALG,MF,Milan,it Serie A,23,1997,31,1525,49,44.6,16.9,15,76,4,16,24,0,2.32,29,14,+15,+0.89,-0.21,Matches
345,Keanan Bennetts,eng ENG,MF,Gladbach,de Bundesliga,22,1999,4,50,13,1.6,0.6,0,,0,4,13,19,0.50,1,0,+1,+1.80,+2.04,Matches
346,Saïd Benrahma,dz ALG,MF,West Ham United,eng Premier League,25,1995,32,2168,68,63.4,24.1,26,78,4,6,22,1,1.53,44,27,+17,+0.71,+1.28,Matches
347,Ramy Bensebaini,dz ALG,"DF,MF",Gladbach,de Bundesliga,26,1995,23,2020,88,66.0,22.4,22,90,21,1,46,0,1.09,37,48,-11,-0.49,-0.84,Matches
348,Nabil Bentaleb,dz ALG,MF,Angers,fr Ligue 1,26,1994,18,1515,84,44.3,16.8,18,84,10,0,,0,0.89,16,24,-8,-0.48,-0.33,Matches
349,Rodrigo Bentancur,uy URU,MF,Tottenham Hotspur,eng Premier League,24,1997,17,1361,80,39.8,15.1,16,83,10,1,31,0,1.88,36,12,+24,+1.59,+1.37,Matches
350,Rodrigo Bentancur,uy URU,MF,Juventus,it Serie A,24,1997,19,1155,61,33.8,12.8,13,78,5,6,23,3,2.05,18,11,+7,+0.55,+0.03,Matches
351,Christian Benteke,be BEL,FW,Crystal Palace,eng Premier League,30,1990,25,1145,46,33.5,12.7,11,82,6,14,17,12,1.16,17,20,-3,-0.24,-0.51,Matches
352,Aylan Benyahia,fr FRA,FW,Marseille,fr Ligue 1,16,2005,0,,,,,0,,0,0,,4,,,,,,,Matches
353,Karim Benzema,fr FRA,FW,Real Madrid,es La Liga,33,1987,32,2593,81,75.8,28.8,31,83,18,1,31,1,2.44,64,23,+41,+1.42,+0.55,Matches
354,Alessandro Berardi,it ITA,GK,Hellas Verona,it Serie A,30,1991,1,90,90,2.6,1.0,1,90,1,0,,30,1.00,3,3,0,0.00,-0.16,Matches
355,Domenico Berardi,it ITA,"MF,FW",Sassuolo,it Serie A,26,1994,33,2819,85,82.4,31.3,33,85,16,0,,0,1.39,57,50,+7,+0.22,+1.57,Matches
356,Yuri Berchiche,es ESP,DF,Athletic Club,es La Liga,31,1990,14,1015,73,29.7,11.3,11,87,8,3,21,3,1.64,16,10,+6,+0.53,+0.49,Matches
357,Álex Berenguer,es ESP,MF,Athletic Club,es La Liga,26,1995,34,2168,64,63.4,24.1,24,79,11,10,26,2,1.50,28,17,+11,+0.46,+0.74,Matches
358,Bartosz Bereszyński,pl POL,DF,Sampdoria,it Serie A,29,1992,35,2946,84,86.1,32.7,35,84,25,0,,0,1.03,43,51,-8,-0.24,+1.46,Matches
359,Jóhann Berg Guðmundsson,is ISL,MF,Burnley,eng Premier League,30,1990,18,1102,61,32.2,12.2,13,76,5,5,23,0,0.67,10,19,-9,-0.74,-0.35,Matches
360,Patrick Berg,no NOR,MF,Lens,fr Ligue 1,23,1997,14,307,22,9.0,3.4,2,76,1,12,13,4,2.00,6,2,+4,+1.17,+0.88,Matches
361,Mitchell van Bergen,nl NED,"FW,MF",Reims,fr Ligue 1,21,1999,20,983,49,28.7,10.9,11,61,0,9,35,5,1.15,9,11,-2,-0.18,-0.22,Matches
362,Steven Bergwijn,nl NED,"MF,FW",Tottenham Hotspur,eng Premier League,23,1997,25,565,23,16.5,6.3,4,81,1,21,12,7,1.96,9,6,+3,+0.48,-0.34,Matches
363,Etrit Berisha,al ALB,GK,Torino,it Serie A,32,1989,10,900,90,26.3,10.0,10,90,10,0,,26,1.30,7,8,-1,-0.10,-0.31,Matches
364,Valon Berisha,xk KVX,MF,Reims,fr Ligue 1,28,1993,13,455,35,13.3,5.1,5,47,0,8,27,8,0.92,2,5,-3,-0.59,-0.65,Matches
365,Federico Bernardeschi,it ITA,"MF,FW",Juventus,it Serie A,27,1994,28,1475,53,43.1,16.4,16,72,3,12,27,3,1.75,26,13,+13,+0.79,+0.47,Matches
366,Paul Bernardoni,fr FRA,GK,Angers,fr Ligue 1,24,1997,13,1170,90,34.2,13.0,13,90,13,0,,0,1.31,19,19,0,0.00,+0.44,Matches
367,Paul Bernardoni,fr FRA,GK,Saint-Étienne,fr Ligue 1,24,1997,19,1710,90,50.0,19.0,19,90,19,0,,0,1.05,25,37,-12,-0.63,+0.58,Matches
368,Juan Bernat,es ESP,"DF,MF",Paris Saint-Germain,fr Ligue 1,28,1993,15,958,64,28.0,10.6,12,76,3,3,15,7,2.33,23,10,+13,+1.22,-0.28,Matches
369,Dimitry Bertaud,cd COD,GK,Montpellier,fr Ligue 1,23,1998,11,833,76,24.4,9.3,9,90,9,2,12,25,0.82,14,20,-6,-0.65,-0.44,Matches
370,Ugo Bertelli,fr FRA,MF,Marseille,fr Ligue 1,18,2003,0,,,,,0,,0,0,,3,,,,,,,Matches
371,Jason Berthomier,fr FRA,MF,Clermont Foot,fr Ligue 1,31,1990,29,1732,60,50.6,19.2,22,72,2,7,20,1,0.83,19,30,-11,-0.57,+0.49,Matches
372,Marco Bertini,it ITA,MF,Lazio,it Serie A,18,2002,0,,,,,0,,0,0,,3,,,,,,,Matches
373,Tommaso Bertini,it ITA,GK,Atalanta,it Serie A,17,2004,0,,,,,0,,0,0,,1,,,,,,,Matches
374,Nicolò Bertola,it ITA,DF,Spezia,it Serie A,18,2003,2,35,18,1.0,0.4,0,,0,2,18,28,1.50,0,1,-1,-2.57,-1.80,Matches
375,Ryan Bertrand,eng ENG,DF,Leicester City,eng Premier League,31,1989,4,337,84,9.9,3.7,4,84,3,0,,5,0.50,5,7,-2,-0.53,-0.68,Matches
376,Daniel Bessa,it ITA,MF,Hellas Verona,it Serie A,28,1993,24,768,32,22.5,8.5,5,69,0,19,22,10,1.54,17,16,+1,+0.12,-0.05,Matches
377,Loïc Bessile,tg TOG,DF,Bordeaux,fr Ligue 1,22,1999,0,,,,,0,,0,0,,1,,,,,,,Matches
378,Beto,gw GNB,FW,Udinese,it Serie A,23,1998,28,2173,78,63.5,24.1,24,86,17,4,28,0,1.14,37,40,-3,-0.12,-0.56,Matches
379,Marcus Bettinelli,eng ENG,GK,Chelsea,eng Premier League,29,1992,0,,,,,0,,0,0,,7,,,,,,,Matches
380,Jordan Beyer,de GER,DF,Gladbach,de Bundesliga,21,2000,17,1384,81,45.2,15.4,15,89,13,2,23,6,1.53,25,19,+6,+0.39,+1.09,Matches
381,Valerio Biagini,it ITA,GK,Empoli,it Serie A,17,2003,0,,,,,0,,0,0,,1,,,,,,,Matches
382,Alessandro Bianco,it ITA,MF,Fiorentina,it Serie A,18,2002,0,,,,,0,,0,0,,5,,,,,,,Matches
383,Giulian Biancone,fr FRA,"DF,MF",Troyes,fr Ligue 1,21,2000,33,2292,69,67.0,25.5,26,83,18,7,21,0,1.03,27,33,-6,-0.24,+0.56,Matches
384,Bartosz Białek,pl POL,FW,Wolfsburg,de Bundesliga,19,2001,12,178,15,5.8,2.0,1,64,0,11,10,7,1.58,4,2,+2,+1.01,+1.42,Matches
385,José Bica,pt POR,FW,Lille,fr Ligue 1,18,2003,0,,,,,0,,0,0,,1,,,,,,,Matches
386,Ermin Bičakčić,ba BIH,DF,Hoffenheim,de Bundesliga,31,1990,1,5,5,0.2,0.1,0,,0,1,5,0,0.00,0,0,0,0.00,+0.06,Matches
387,Mads Bidstrup,dk DEN,MF,Brentford,eng Premier League,20,2001,4,41,10,1.2,0.5,0,,0,4,10,14,1.75,1,0,+1,+2.20,+2.43,Matches
388,Mika Biereth,dk DEN,FW,Arsenal,eng Premier League,18,2003,0,,,,,0,,0,0,,1,,,,,,,Matches
389,Pedro Bigas,es ESP,DF,Elche,es La Liga,30,1990,19,1551,82,45.4,17.2,19,82,13,0,,5,1.05,18,26,-8,-0.46,-0.27,Matches
390,Matteo Bignetti,at AUT,GK,Eintracht Frankfurt,de Bundesliga,17,2004,0,,,,,0,,0,0,,1,,,,,,,Matches
391,El Bilal Touré,ml MLI,"FW,MF",Reims,fr Ligue 1,19,2001,21,1194,57,34.9,13.3,15,71,2,6,22,0,1.29,17,14,+3,+0.23,+0.39,Matches
392,Luis Bilbao,es ESP,FW,Athletic Club,es La Liga,18,2003,0,,,,,0,,0,0,,1,,,,,,,Matches
393,Jean-Claude Billong,cm CMR,DF,Clermont Foot,fr Ligue 1,27,1993,15,980,65,28.7,10.9,10,90,9,5,16,10,0.40,10,28,-18,-1.65,-1.17,Matches
394,Luis Binks,eng ENG,DF,Bologna,it Serie A,19,2001,15,646,43,18.9,7.2,7,73,3,8,17,22,1.20,7,13,-6,-0.84,-0.67,Matches
395,Cristiano Biraghi,it ITA,DF,Fiorentina,it Serie A,28,1992,37,3153,85,92.2,35.0,37,85,25,0,,0,1.65,56,49,+7,+0.20,-0.14,Matches
396,Davide Biraschi,it ITA,DF,Genoa,it Serie A,27,1994,14,930,66,27.2,10.3,11,73,5,3,41,4,0.71,6,19,-13,-1.26,-0.54,Matches
397,Tom Bischof,de GER,MF,Hoffenheim,de Bundesliga,16,2005,1,14,14,0.5,0.2,0,,0,1,14,6,0.00,0,0,0,0.00,+0.06,Matches
398,Yves Bissouma,ml MLI,MF,Brighton,eng Premier League,24,1996,26,2111,81,61.7,23.5,25,83,18,1,27,4,1.54,27,28,-1,-0.04,+0.03,Matches
399,Nathan Bitumazala,fr FRA,MF,Paris Saint-Germain,fr Ligue 1,18,2002,1,11,11,0.3,0.1,0,,0,1,11,4,3.00,0,0,0,0.00,-1.43,Matches
400,Marco Bizot,nl NED,GK,Brest,fr Ligue 1,30,1991,38,3420,90,100.0,38.0,38,90,38,0,,0,1.26,49,57,-8,-0.21,,Matches
401,Bjarki Bjarkason,is ISL,MF,Venezia,it Serie A,21,2000,1,3,3,0.1,0.0,0,,0,1,3,13,0.00,0,0,0,0.00,+0.92,Matches
402,Adrian Blake,eng ENG,"FW,MF",Watford,eng Premier League,16,2005,0,,,,,0,,0,0,,1,,,,,,,Matches
403,Alejandro Blanco,es ESP,MF,Valencia,es La Liga,22,1998,0,,,,,0,,0,0,,7,,,,,,,Matches
404,Antonio Blanco,es ESP,MF,Real Madrid,es La Liga,21,2000,1,31,31,0.9,0.3,0,,0,1,31,14,3.00,2,0,+2,+5.81,+4.56,Matches
405,Rubén Blanco,es ESP,GK,Celta Vigo,es La Liga,26,1995,0,,,,,0,,0,0,,36,,,,,,,Matches
406,Ludovic Blas,fr FRA,"MF,FW",Nantes,fr Ligue 1,23,1997,35,2961,85,86.6,32.9,35,85,18,0,,0,1.46,49,41,+8,+0.24,+0.44,Matches
407,Alejandro Blesa,es ESP,MF,Levante,es La Liga,19,2002,0,,,,,0,,0,0,,11,,,,,,,Matches
408,Danny Blum,de GER,FW,Bochum,de Bundesliga,30,1991,13,346,27,11.3,3.8,2,52,0,11,22,4,1.31,4,1,+3,+0.78,+1.34,Matches
409,Myron Boadu,nl NED,FW,Monaco,fr Ligue 1,20,2001,31,960,31,28.1,10.7,7,62,0,24,22,1,1.87,18,16,+2,+0.19,-0.65,Matches
410,Jérôme Boateng,de GER,DF,Lyon,fr Ligue 1,32,1988,24,1622,68,47.4,18.0,19,79,9,5,26,4,1.75,33,28,+5,+0.28,-0.22,Matches
411,Kevin-Prince Boateng,gh GHA,"MF,FW",Hertha BSC,de Bundesliga,34,1987,18,696,39,22.7,7.7,8,61,0,10,21,6,1.11,10,13,-3,-0.39,+0.79,Matches
412,Antonin Bobichon,fr FRA,"FW,MF",Angers,fr Ligue 1,25,1995,4,38,10,1.1,0.4,0,,0,4,10,7,1.50,1,1,0,0.00,+0.29,Matches
413,Ben Bobzien,de GER,"FW,MF",Mainz 05,de Bundesliga,18,2003,0,,,,,0,,0,0,,4,,,,,,,Matches
414,Herbert Bockhorn,ug UGA,"DF,MF",Bochum,de Bundesliga,26,1995,18,850,47,27.8,9.4,7,89,6,11,21,9,0.61,7,19,-12,-1.27,-1.19,Matches
415,Pietro Boer,it ITA,GK,Roma,it Serie A,19,2002,0,,,,,0,,0,0,,23,,,,,,,Matches
416,Jean-Paul Boëtius,sr SUR,MF,Mainz 05,de Bundesliga,27,1994,33,1800,55,58.8,20.0,19,78,7,14,23,0,1.30,31,34,-3,-0.15,-0.72,Matches
417,Jeremie Boga,ci CIV,MF,Sassuolo,it Serie A,24,1997,12,670,56,19.6,7.4,8,74,2,4,20,0,1.00,8,11,-3,-0.40,-0.44,Matches
418,Jeremie Boga,ci CIV,"MF,FW",Atalanta,it Serie A,24,1997,15,764,51,22.3,8.5,7,74,2,8,31,0,0.87,10,10,0,0.00,-0.58,Matches
419,Lamare Bogarde,nl NED,"DF,MF",Aston Villa,eng Premier League,17,2004,0,,,,,0,,0,0,,1,,,,,,,Matches
420,Melayro Bogarde,sr SUR,"DF,MF",Hoffenheim,de Bundesliga,19,2002,0,,,,,0,,0,0,,2,,,,,,,Matches
421,Luka Bogdan,hr CRO,DF,Salernitana,it Serie A,25,1996,6,399,67,11.7,4.4,4,90,4,2,20,8,0.00,1,17,-16,-3.61,-2.75,Matches
422,Emil Bohinen,no NOR,MF,Salernitana,it Serie A,22,1999,11,699,64,20.4,7.8,8,79,5,3,21,5,1.45,9,8,+1,+0.13,+1.65,Matches
423,Quentin Boisgard,fr FRA,"MF,FW",Lorient,fr Ligue 1,24,1997,25,958,38,28.0,10.6,9,66,1,16,23,9,0.76,9,21,-12,-1.13,-0.54,Matches
424,Baptiste Boit,fr FRA,DF,Clermont Foot,fr Ligue 1,19,2001,0,,,,,0,,0,0,,1,,,,,,,Matches
425,Charles Boli,fr FRA,MF,Lens,fr Ligue 1,22,1998,4,32,8,0.9,0.4,0,,0,4,8,9,0.00,0,0,0,0.00,-0.37,Matches
426,Willy Boly,ci CIV,DF,Wolves,eng Premier League,30,1991,10,900,90,26.3,10.0,10,90,10,0,,14,0.80,13,20,-7,-0.70,-0.77,Matches
427,Calvin Bombo,cf CTA,MF,Troyes,fr Ligue 1,22,1999,0,,,,,0,,0,0,,1,,,,,,,Matches
428,Giacomo Bonaventura,it ITA,MF,Fiorentina,it Serie A,31,1989,31,2266,73,66.3,25.2,28,78,10,3,28,1,1.55,44,31,+13,+0.52,+0.91,Matches
429,Federico Bonazzoli,it ITA,"FW,MF",Salernitana,it Serie A,24,1997,32,1866,58,54.6,20.7,19,80,7,13,27,1,0.91,19,44,-25,-1.21,-0.05,Matches
430,Pépé Bonet,fr FRA,GK,Rennes,fr Ligue 1,18,2003,0,,,,,0,,0,0,,7,,,,,,,Matches
431,Giovanni Bonfanti,it ITA,DF,Sampdoria,it Serie A,18,2003,0,,,,,0,,0,0,,1,,,,,,,Matches
432,Tarsis Bonga,de GER,"FW,MF",Bochum,de Bundesliga,24,1997,3,17,6,0.6,0.2,0,,0,3,6,4,1.33,0,1,-1,-5.29,-4.91,Matches
433,Kevin Bonifazi,it ITA,DF,Bologna,it Serie A,25,1996,22,1210,55,35.4,13.4,14,80,8,8,12,8,1.41,18,20,-2,-0.15,+0.22,Matches
434,Solomon Bonnah,nl NED,"DF,MF",RB Leipzig,de Bundesliga,17,2003,1,6,6,0.2,0.1,0,,0,1,6,6,0.00,0,0,0,0.00,-1.03,Matches
435,Noam Bonnet,fr FRA,MF,Lyon,fr Ligue 1,19,2002,0,,,,,0,,0,0,,1,,,,,,,Matches
436,Kayne Bonnevie,fr FRA,GK,Lyon,fr Ligue 1,20,2001,0,,,,,0,,0,0,,7,,,,,,,Matches
437,Sergio Bono Juan,es ESP,DF,Elche,es La Liga,21,2000,0,,,,,0,,0,0,,1,,,,,,,Matches
438,Leonardo Bonucci,it ITA,DF,Juventus,it Serie A,34,1987,24,2005,84,58.6,22.3,22,89,21,2,19,6,1.54,32,28,+4,+0.18,-0.84,Matches
439,Sebastiaan Bornauw,be BEL,DF,Wolfsburg,de Bundesliga,22,1999,27,2007,74,65.6,22.3,23,85,18,4,14,5,0.96,31,37,-6,-0.27,+0.16,Matches
440,Rafael Borré,co COL,FW,Eintracht Frankfurt,de Bundesliga,25,1995,31,2378,77,77.7,26.4,28,82,13,3,25,1,1.32,41,40,+1,+0.04,+0.70,Matches
441,Elia Boseggia,it ITA,GK,Hellas Verona,it Serie A,17,2004,0,,,,,0,,0,0,,6,,,,,,,Matches
442,David Bosilj,si SVN,FW,Hellas Verona,it Serie A,19,2002,0,,,,,0,,0,0,,3,,,,,,,Matches
443,Sven Botman,nl NED,DF,Lille,fr Ligue 1,21,2000,25,2250,90,65.8,25.0,25,90,25,0,,1,1.60,33,33,0,0.00,0.00,Matches
444,Denis Bouanga,ga GAB,"FW,MF",Saint-Étienne,fr Ligue 1,26,1994,34,2436,72,71.2,27.1,28,80,12,6,33,0,0.85,33,62,-29,-1.07,-0.52,Matches
445,Hicham Boudaoui,dz ALG,MF,Nice,fr Ligue 1,21,1999,29,1621,56,47.4,18.0,21,71,3,8,17,5,2.00,24,14,+10,+0.56,+0.26,Matches
446,Ryad Boudebouz,dz ALG,"MF,FW",Saint-Étienne,fr Ligue 1,31,1990,30,2252,75,65.8,25.0,27,81,11,3,20,1,0.97,29,50,-21,-0.84,+0.24,Matches
447,Sofiane Boufal,ma MAR,"FW,MF",Angers,fr Ligue 1,27,1993,29,2330,80,68.1,25.9,28,82,13,1,24,0,1.00,29,42,-13,-0.50,-0.67,Matches
448,Farid Boulaya,dz ALG,"MF,FW",Metz,fr Ligue 1,28,1993,24,1526,64,44.6,17.0,18,75,7,6,31,4,0.83,16,34,-18,-1.06,-0.30,Matches
449,Teddy Boulhendi,fr FRA,GK,Nice,fr Ligue 1,20,2001,0,,,,,0,,0,0,,7,,,,,,,Matches
450,Yassine Bounou,ma MAR,GK,Sevilla,es La Liga,30,1991,31,2790,90,81.6,31.0,31,90,31,0,,2,1.77,40,24,+16,+0.52,-0.48,Matches
451,Ismaël Boura,km COM,DF,Lens,fr Ligue 1,20,2000,5,95,19,2.8,1.1,1,90,1,4,1,4,1.80,2,1,+1,+0.95,+0.60,Matches
452,Mehdi Bourabia,ma MAR,MF,Spezia,it Serie A,29,1991,8,282,35,8.2,3.1,2,83,1,6,19,11,0.50,4,8,-4,-1.28,-0.53,Matches
453,Benjamin Bourigeaud,fr FRA,"MF,FW",Rennes,fr Ligue 1,27,1994,38,3193,84,93.4,35.5,38,84,15,0,,0,1.74,70,34,+36,+1.01,-1.36,Matches
454,Redwan Bourles,fr FRA,MF,Lorient,fr Ligue 1,18,2003,4,16,4,0.5,0.2,0,,0,4,4,9,1.00,1,0,+1,+5.63,+6.39,Matches
455,Edoardo Bove,it ITA,MF,Roma,it Serie A,19,2002,11,68,6,2.0,0.8,0,,0,11,6,21,2.27,4,0,+4,+5.29,+4.97,Matches
456,Jamie Bowden,ie IRL,MF,Tottenham Hotspur,eng Premier League,20,2001,0,,,,,0,,0,0,,1,,,,,,,Matches
457,Jarrod Bowen,eng ENG,MF,West Ham United,eng Premier League,24,1996,36,2983,83,87.2,33.1,34,87,22,2,18,0,1.47,57,46,+11,+0.33,+0.74,Matches
458,Dedryck Boyata,be BEL,DF,Hertha BSC,de Bundesliga,30,1990,23,1898,83,62.0,21.1,22,86,19,1,4,1,1.17,25,40,-15,-0.71,+0.76,Matches
459,Lucas Boyé,ar ARG,FW,Elche,es La Liga,25,1996,24,1713,71,50.1,19.0,22,75,9,2,30,0,1.00,20,25,-5,-0.26,+0.11,Matches
460,Julien Boyer,fr FRA,DF,Clermont Foot,fr Ligue 1,23,1998,0,,,,,0,,0,0,,10,,,,,,,Matches
461,Domagoj Bradarić,hr CRO,DF,Lille,fr Ligue 1,21,1999,15,417,28,12.2,4.6,2,90,2,13,18,16,1.40,7,6,+1,+0.22,+0.25,Matches
462,Conor Bradley,nir NIR,"DF,MF",Liverpool,eng Premier League,18,2003,0,,,,,0,,0,0,,1,,,,,,,Matches
463,Bilal Brahimi,dz ALG,MF,Nice,fr Ligue 1,21,2000,11,378,34,11.1,4.2,2,75,0,9,25,4,1.45,9,6,+3,+0.71,+0.33,Matches
464,Bilal Brahimi,dz ALG,FW,Angers,fr Ligue 1,21,2000,9,338,38,9.9,3.8,3,78,1,6,17,1,1.11,4,5,-1,-0.27,+0.03,Matches
465,Bilal Brahimi,dz ALG,"FW,MF",Reims,fr Ligue 1,21,2000,0,,,,,0,,0,0,,2,,,,,,,Matches
466,Martin Braithwaite,dk DEN,FW,Barcelona,es La Liga,30,1991,4,235,59,6.9,2.6,3,75,1,1,11,15,2.50,6,4,+2,+0.77,-0.03,Matches
467,Julian Brandt,de GER,MF,Dortmund,de Bundesliga,25,1996,31,2078,67,67.9,23.1,22,81,8,9,34,0,2.03,63,33,+30,+1.30,+1.02,Matches
468,Jarrad Branthwaite,eng ENG,DF,Everton,eng Premier League,19,2002,6,388,65,11.3,4.3,4,72,3,2,51,20,0.17,6,13,-7,-1.62,-1.15,Matches
469,Darko Brašanac,rs SRB,MF,Osasuna,es La Liga,29,1992,35,2405,69,70.3,26.7,27,83,13,8,20,1,1.23,27,34,-7,-0.26,+0.36,Matches
470,Lilian Brassier,fr FRA,DF,Brest,fr Ligue 1,21,1999,31,2263,73,66.2,25.1,23,90,23,8,24,6,1.26,34,41,-7,-0.28,-0.20,Matches
471,Brau,es ESP,DF,Granada,es La Liga,19,2001,0,,,,,0,,0,0,,4,,,,,,,Matches
472,Claudio Bravo,cl CHI,GK,Real Betis,es La Liga,38,1983,17,1456,86,42.6,16.2,17,86,16,0,,11,1.65,30,19,+11,+0.68,+0.18,Matches
473,Iker Bravo,es ESP,FW,Leverkusen,de Bundesliga,16,2005,1,12,12,0.4,0.1,0,,0,1,12,1,1.00,1,0,+1,+7.50,+6.56,Matches
474,Fabian Bredlow,de GER,GK,Stuttgart,de Bundesliga,26,1995,4,360,90,11.8,4.0,4,90,4,0,,26,0.50,3,7,-4,-1.00,-0.53,Matches
475,Josip Brekalo,hr CRO,MF,Torino,it Serie A,23,1998,32,2286,71,66.8,25.4,26,81,12,6,32,2,1.34,27,26,+1,+0.04,-0.28,Matches
476,Josip Brekalo,hr CRO,"FW,MF",Wolfsburg,de Bundesliga,23,1998,1,21,21,0.7,0.2,0,,0,1,21,1,3.00,2,0,+2,+8.57,+8.96,Matches
477,Gleison Bremer,br BRA,DF,Torino,it Serie A,24,1997,33,2890,88,84.5,32.1,33,88,29,0,,1,1.33,39,30,+9,+0.28,+0.96,Matches
478,Diego Bri,es ESP,FW,Elche,es La Liga,18,2002,0,,,,,0,,0,0,,4,,,,,,,Matches
479,Jimmy Briand,fr FRA,FW,Bordeaux,fr Ligue 1,35,1985,17,226,13,6.6,2.5,1,62,0,16,10,8,0.88,6,2,+4,+1.59,+2.80,Matches
480,Yan Brice Eteki,cm CMR,MF,Granada,es La Liga,23,1997,12,343,29,10.0,3.8,2,56,0,10,23,14,1.33,6,6,0,0.00,+0.50,Matches
481,Alberto Brignoli,it ITA,GK,Empoli,it Serie A,29,1991,0,,,,,0,,0,0,,2,,,,,,,Matches
482,Nathan Broadhead,wls WAL,"FW,MF",Everton,eng Premier League,23,1998,0,,,,,0,,0,0,,1,,,,,,,Matches
483,Brian Brobbey,nl NED,FW,RB Leipzig,de Bundesliga,19,2002,9,131,15,4.3,1.5,1,42,0,8,11,5,0.78,4,3,+1,+0.69,-0.36,Matches
484,Armando Broja,al ALB,FW,Southampton,eng Premier League,19,2001,32,1975,62,57.7,21.9,21,82,6,11,24,0,1.13,26,37,-11,-0.50,+0.31,Matches
485,Dylan Bronn,tn TUN,DF,Metz,fr Ligue 1,26,1995,30,2545,85,74.4,28.3,28,90,27,2,13,0,0.80,28,55,-27,-0.95,-0.23,Matches
486,John Brooks,us USA,DF,Wolfsburg,de Bundesliga,28,1993,31,2615,84,85.5,29.1,29,88,24,2,32,3,1.32,38,44,-6,-0.21,+0.80,Matches
487,Daniel Brosinski,de GER,MF,Mainz 05,de Bundesliga,33,1988,11,390,35,12.7,4.3,4,81,2,7,9,21,0.91,6,10,-4,-0.92,-1.23,Matches
488,Josh Brownhill,eng ENG,MF,Burnley,eng Premier League,25,1995,35,2955,84,86.4,32.8,32,89,31,3,31,0,0.97,31,45,-14,-0.43,+0.54,Matches
489,Marcelo Brozović,hr CRO,MF,Inter,it Serie A,28,1992,35,2937,84,85.9,32.6,35,84,23,0,,0,2.34,77,26,+51,+1.56,+1.38,Matches
490,Cédric Brunner,ch SUI,DF,Arminia,de Bundesliga,27,1994,27,2183,81,71.3,24.3,26,84,19,1,11,0,1.00,21,30,-9,-0.37,+1.37,Matches
491,Bruno,br BRA,GK,Venezia,it Serie A,23,1998,0,,,,,0,,0,0,,13,,,,,,,Matches
492,Lewis Brunt,eng ENG,"DF,MF",Leicester City,eng Premier League,20,2000,1,24,24,0.7,0.3,0,,0,1,24,4,0.00,1,1,0,0.00,-0.08,Matches
493,Jacob Bruun Larsen,dk DEN,"MF,FW",Hoffenheim,de Bundesliga,22,1998,25,812,32,26.5,9.0,9,66,1,16,14,2,1.04,14,19,-5,-0.55,-0.67,Matches
494,Ante Budimir,hr CRO,FW,Osasuna,es La Liga,30,1991,28,1738,62,50.8,19.3,20,79,9,8,20,2,1.07,18,24,-6,-0.31,+0.12,Matches
495,Emi Buendía,ar ARG,"FW,MF",Aston Villa,eng Premier League,24,1996,35,1899,54,55.5,21.1,22,77,5,13,16,2,1.11,30,32,-2,-0.09,-0.09,Matches
496,Hugo Bueno,es ESP,"DF,MF",Wolves,eng Premier League,18,2002,0,,,,,0,,0,0,,4,,,,,,,Matches
497,Osman Bukari,gh GHA,"MF,FW",Nantes,fr Ligue 1,22,1998,24,1012,42,29.6,11.2,10,67,0,14,25,9,1.25,20,17,+3,+0.27,+0.12,Matches
498,Aleksander Buksa,pl POL,FW,Genoa,it Serie A,18,2003,4,63,16,1.8,0.7,0,,0,4,16,6,0.25,1,2,-1,-1.43,-0.57,Matches
499,Alessandro Buongiorno,it ITA,DF,Torino,it Serie A,22,1999,23,1181,51,34.5,13.1,12,76,5,11,24,13,1.43,22,16,+6,+0.46,+0.50,Matches
500,Sascha Burchert,de GER,GK,Greuther Fürth,de Bundesliga,31,1989,14,1260,90,41.2,14.0,14,90,14,0,,17,0.71,11,28,-17,-1.21,+0.64,Matches
501,Delano Burgzorg,sr SUR,"FW,MF",Mainz 05,de Bundesliga,22,1998,3,27,9,0.9,0.3,0,,0,3,9,1,2.00,3,0,+3,+10.00,+9.94,Matches
502,Jonathan Burkardt,de GER,"FW,MF",Mainz 05,de Bundesliga,21,2000,34,2611,77,85.3,29.0,32,80,9,2,34,0,1.35,41,39,+2,+0.07,-0.53,Matches
503,Nishan Burkart,ch SUI,"FW,MF",Freiburg,de Bundesliga,21,2000,0,,,,,0,,0,0,,4,,,,,,,Matches
504,Roman Bürki,ch SUI,GK,Dortmund,de Bundesliga,30,1990,1,90,90,2.9,1.0,1,90,1,0,,2,3.00,2,1,+1,+1.00,+0.03,Matches
505,Alessandro Burlamaqui,pe PER,MF,Valencia,es La Liga,19,2002,0,,,,,0,,0,0,,2,,,,,,,Matches
506,Dan Burn,eng ENG,DF,Newcastle United,eng Premier League,29,1992,16,1440,90,42.1,16.0,16,90,16,0,,1,1.94,20,18,+2,+0.12,+1.03,Matches
507,Dan Burn,eng ENG,DF,Brighton,eng Premier League,29,1992,13,1022,79,29.9,11.4,12,83,10,1,21,2,1.31,10,12,-2,-0.18,-0.18,Matches
508,Maxime Busi,be BEL,"DF,MF",Reims,fr Ligue 1,21,1999,18,1296,72,37.9,14.4,13,86,10,5,35,1,1.28,15,19,-4,-0.28,-0.40,Matches
509,Gianluca Busio,us USA,MF,Venezia,it Serie A,19,2002,29,1950,67,57.0,21.7,23,78,10,6,26,5,0.72,15,37,-22,-1.02,-0.22,Matches
510,Jakob Busk,dk DEN,GK,Union Berlin,de Bundesliga,27,1993,0,,,,,0,,0,0,,5,,,,,,,Matches
511,Oriol Busquets,es ESP,MF,Clermont Foot,fr Ligue 1,22,1999,9,201,22,5.9,2.2,2,65,0,7,10,18,0.44,0,6,-6,-2.69,-1.99,Matches
512,Sergio Busquets,es ESP,MF,Barcelona,es La Liga,33,1988,36,3198,89,93.5,35.5,36,89,32,0,,0,1.86,60,36,+24,+0.68,-1.76,Matches
513,Jack Butland,eng ENG,GK,Crystal Palace,eng Premier League,28,1993,9,765,85,22.4,8.5,8,90,8,1,45,29,1.11,12,13,-1,-0.12,-0.29,Matches
514,Adrián Butzke,es ESP,FW,Granada,es La Liga,22,1999,1,1,1,0.0,0.0,0,,0,1,1,9,3.00,1,0,+1,+90.00,+90.47,Matches
515,Marcin Bułka,pl POL,GK,Nice,fr Ligue 1,21,1999,1,90,90,2.6,1.0,1,90,1,0,,37,0.00,0,1,-1,-1.00,-1.46,Matches
516,Sam Byram,eng ENG,DF,Norwich City,eng Premier League,27,1993,15,1027,68,30.0,11.4,11,85,10,4,23,6,0.73,7,27,-20,-1.75,-0.21,Matches
517,Erick Cabaco,uy URU,DF,Getafe,es La Liga,26,1995,10,403,40,11.8,4.5,5,70,0,5,11,12,0.73,3,6,-3,-0.67,-0.52,Matches
518,Willy Caballero,ar ARG,GK,Southampton,eng Premier League,39,1981,2,180,90,5.3,2.0,2,90,2,0,,19,0.50,2,5,-3,-1.50,-0.92,Matches
519,Rémy Cabella,fr FRA,MF,Montpellier,fr Ligue 1,31,1990,5,313,63,9.2,3.5,3,84,1,2,31,0,0.40,4,8,-4,-1.15,-0.92,Matches
520,Jimmy Cabot,fr FRA,MF,Angers,fr Ligue 1,27,1994,24,2008,84,58.7,22.3,24,84,20,0,,0,1.21,29,27,+2,+0.09,+0.92,Matches
521,Arthur Cabral,br BRA,FW,Fiorentina,it Serie A,23,1998,14,749,54,21.9,8.3,8,78,2,6,21,2,1.57,11,11,0,0.00,-0.27,Matches
522,Jovane Cabral,cv CPV,FW,Lazio,it Serie A,23,1998,3,190,63,5.6,2.1,2,62,0,1,67,12,1.00,5,4,+1,+0.47,-0.03,Matches
523,Leandro Cabrera,uy URU,DF,Espanyol,es La Liga,30,1991,37,3330,90,97.4,37.0,37,90,37,0,,0,1.14,39,49,-10,-0.27,+2.73,Matches
524,Liberato Cacace,nz NZL,DF,Empoli,it Serie A,20,2000,10,466,47,13.6,5.2,5,77,2,5,17,5,0.90,5,9,-4,-0.77,-0.29,Matches
525,Martín Cáceres,uy URU,DF,Levante,es La Liga,34,1987,10,663,66,19.4,7.4,9,69,2,1,45,3,1.10,6,13,-7,-0.95,-0.36,Matches
526,Martín Cáceres,uy URU,"DF,MF",Cagliari,it Serie A,34,1987,14,832,59,24.3,9.2,9,76,6,5,29,0,0.64,8,17,-9,-0.97,-0.10,Matches
527,Anthony Caci,fr FRA,"DF,MF",Strasbourg,fr Ligue 1,24,1997,37,2395,65,70.0,26.6,26,85,19,11,16,0,1.68,39,24,+15,+0.56,+0.39,Matches
528,Mathieu Cafaro,fr FRA,"MF,FW",Reims,fr Ligue 1,24,1997,4,192,48,5.6,2.1,3,53,0,1,34,3,1.00,3,4,-1,-0.47,-0.47,Matches
529,Yannick Cahuzac,fr FRA,MF,Lens,fr Ligue 1,36,1985,17,618,36,18.1,6.9,6,85,2,11,10,19,1.67,14,15,-1,-0.15,-0.63,Matches
530,Felipe Caicedo,ec ECU,FW,Genoa,it Serie A,32,1988,9,284,32,8.3,3.2,1,90,1,8,24,0,0.67,6,6,0,0.00,+0.95,Matches
531,Felipe Caicedo,ec ECU,"FW,MF",Lazio,it Serie A,32,1988,0,,,,,0,,0,0,,1,,,,,,,Matches
532,Felipe Caicedo,ec ECU,"FW,MF",Inter,it Serie A,32,1988,3,23,8,0.7,0.3,0,,0,3,8,10,1.67,0,0,0,0.00,-1.38,Matches
533,Moisés Caicedo,ec ECU,MF,Brighton,eng Premier League,19,2001,8,660,83,19.3,7.3,8,83,4,0,,11,2.13,13,6,+7,+0.95,+1.25,Matches
534,Marc-Aurèle Caillard,fr FRA,GK,Metz,fr Ligue 1,27,1994,19,1542,81,45.1,17.1,17,90,17,2,6,15,0.89,16,30,-14,-0.82,+0.14,Matches
535,Jens Cajuste,se SWE,MF,Reims,fr Ligue 1,21,1999,8,364,46,10.6,4.0,4,64,0,4,28,0,0.63,4,8,-4,-0.99,-1.08,Matches
536,Cala,es ESP,DF,Cádiz,es La Liga,31,1989,14,947,68,27.7,10.5,10,85,8,4,25,20,0.80,9,23,-14,-1.33,-1.26,Matches
537,Davide Calabria,it ITA,DF,Milan,it Serie A,24,1996,26,2119,82,62.0,23.5,24,87,17,2,20,1,2.42,40,17,+23,+0.98,-0.06,Matches
538,Riccardo Calafiori,it ITA,DF,Genoa,it Serie A,19,2002,3,82,27,2.4,0.9,1,45,0,2,19,8,0.67,0,3,-3,-3.29,-2.48,Matches
539,Riccardo Calafiori,it ITA,DF,Roma,it Serie A,19,2002,6,174,29,5.1,1.9,2,72,0,4,8,12,2.50,3,3,0,0.00,-0.44,Matches
540,Mattia Caldara,it ITA,DF,Venezia,it Serie A,27,1994,31,2704,87,79.1,30.0,30,90,30,1,4,5,0.81,27,52,-25,-0.83,+0.42,Matches
541,Calderón,es ESP,DF,Real Betis,es La Liga,21,2000,1,65,65,1.9,0.7,0,,0,1,65,2,1.00,1,0,+1,+1.38,+0.82,Matches
542,Fernando Calero,es ESP,DF,Espanyol,es La Liga,25,1995,16,1090,68,31.9,12.1,13,81,8,3,12,15,0.88,11,16,-5,-0.41,-0.10,Matches
543,Duje Ćaleta-Car,hr CRO,DF,Marseille,fr Ligue 1,24,1996,26,2057,79,60.1,22.9,24,84,17,2,17,9,1.65,33,25,+8,+0.35,-0.77,Matches
544,Hakan Çalhanoğlu,tr TUR,MF,Inter,it Serie A,27,1994,34,2480,73,72.5,27.6,33,75,7,1,5,2,2.12,59,21,+38,+1.38,+0.04,Matches
545,Daniel Caligiuri,it ITA,MF,Augsburg,de Bundesliga,33,1988,28,2004,72,65.5,22.3,24,80,8,4,20,4,1.21,26,38,-12,-0.54,-0.11,Matches
546,José Callejón,es ESP,FW,Fiorentina,it Serie A,34,1987,30,1298,43,38.0,14.4,16,67,3,14,16,8,1.53,21,24,-3,-0.21,-0.67,Matches
547,Lucas Calodat,fr FRA,DF,Saint-Étienne,fr Ligue 1,19,2002,1,4,4,0.1,0.0,0,,0,1,4,0,0.00,0,1,-1,-22.50,-21.60,Matches
548,Dominic Calvert-Lewin,eng ENG,FW,Everton,eng Premier League,24,1997,17,1283,75,37.5,14.3,15,84,9,2,15,3,1.18,23,31,-8,-0.56,+0.07,Matches
549,Ibrahima Camara,es ESP,DF,Atlético Madrid,es La Liga,18,2003,0,,,,,0,,0,0,,4,,,,,,,Matches
550,Mahdi Camara,fr FRA,"MF,DF",Saint-Étienne,fr Ligue 1,23,1998,35,3073,88,89.9,34.1,34,89,30,1,46,0,0.74,36,68,-32,-0.94,-0.16,Matches
551,Mamadou Camara,sn SEN,MF,Lens,fr Ligue 1,18,2002,0,,,,,0,,0,0,,2,,,,,,,Matches
552,Mamadou Camara,ml MLI,"FW,MF",Troyes,fr Ligue 1,20,2001,3,40,13,1.2,0.4,0,,0,3,13,5,1.00,1,1,0,0.00,+0.43,Matches
553,Víctor Camarasa,es ESP,MF,Real Betis,es La Liga,27,1994,7,108,15,3.2,1.2,0,,0,7,15,2,1.86,1,2,-1,-0.83,-1.46,Matches
554,Eduardo Camavinga,fr FRA,MF,Real Madrid,es La Liga,18,2002,26,1236,48,36.1,13.7,13,71,6,13,24,8,2.42,33,13,+20,+1.46,+0.26,Matches
555,Eduardo Camavinga,fr FRA,MF,Rennes,fr Ligue 1,18,2002,4,143,36,4.2,1.6,1,68,0,3,25,0,1.25,2,4,-2,-1.26,-2.47,Matches
556,Andrea Cambiaso,it ITA,"MF,DF",Genoa,it Serie A,21,2000,26,1790,69,52.3,19.9,21,78,13,5,28,3,0.62,13,31,-18,-0.91,-0.08,Matches
557,Axel Camblan,fr FRA,FW,Brest,fr Ligue 1,17,2003,0,,,,,0,,0,0,,2,,,,,,,Matches
558,Sergio Camello,es ESP,FW,Atlético Madrid,es La Liga,20,2001,0,,,,,0,,0,0,,3,,,,,,,Matches
559,José Campaña,es ESP,MF,Levante,es La Liga,28,1993,20,1422,71,41.6,15.8,16,79,8,4,40,0,0.95,22,28,-6,-0.38,+0.48,Matches
560,Chem Campbell,wls WAL,"FW,MF",Wolves,eng Premier League,18,2002,1,13,13,0.4,0.1,0,,0,1,13,6,0.00,0,0,0,0.00,+0.13,Matches
561,Gaizka Campos Bahillo,es ESP,GK,Celta Vigo,es La Liga,24,1997,0,,,,,0,,0,0,,4,,,,,,,Matches
562,Emre Can,de GER,"DF,MF",Dortmund,de Bundesliga,27,1994,24,1690,70,55.2,18.8,19,84,14,5,19,0,2.13,45,22,+23,+1.22,+0.57,Matches
563,Sergio Canales,es ESP,MF,Real Betis,es La Liga,30,1991,34,2791,82,81.6,31.0,33,84,19,1,27,0,1.74,48,31,+17,+0.55,-0.17,Matches
564,Matteo Cancellieri,it ITA,MF,Hellas Verona,it Serie A,19,2002,12,227,19,6.6,2.5,1,61,0,11,15,19,0.17,4,6,-2,-0.79,-1.02,Matches
565,João Cancelo,pt POR,DF,Manchester City,eng Premier League,27,1994,36,3227,90,94.4,35.9,36,90,35,0,,1,2.42,88,25,+63,+1.76,-2.91,Matches
566,Fali Candé,gw GNB,"DF,MF",Metz,fr Ligue 1,23,1998,11,973,88,28.5,10.8,11,88,9,0,,0,0.64,5,18,-13,-1.20,-0.43,Matches
567,Antonio Candreva,it ITA,MF,Sampdoria,it Serie A,34,1987,36,3119,87,91.2,34.7,36,87,24,0,,0,1.00,44,56,-12,-0.35,+1.15,Matches
568,Simone Canestrelli,it ITA,DF,Empoli,it Serie A,20,2000,0,,,,,0,,0,0,,1,,,,,,,Matches
569,Gianmarco Cangiano,it ITA,FW,Bologna,it Serie A,19,2001,0,,,,,0,,0,0,,14,,,,,,,Matches
570,Lorenzo Cannavale,it ITA,FW,Salernitana,it Serie A,19,2002,0,,,,,0,,0,0,,3,,,,,,,Matches
571,Sergi Canós,es ESP,MF,Brentford,eng Premier League,24,1997,31,2083,67,60.9,23.1,25,79,9,6,19,2,1.06,25,35,-10,-0.43,-0.57,Matches
572,Álex Cantero,es ESP,"FW,MF",Levante,es La Liga,21,2000,25,610,24,17.8,6.8,4,68,0,21,16,11,0.68,15,16,-1,-0.15,+0.62,Matches
573,Todd Cantwell,eng ENG,"FW,MF",Norwich City,eng Premier League,23,1998,8,441,55,12.9,4.9,5,74,2,3,24,4,0.38,2,15,-13,-2.65,-1.20,Matches
574,Ander Capa,es ESP,"DF,MF",Athletic Club,es La Liga,29,1992,1,4,4,0.1,0.0,0,,0,1,4,29,3.00,0,0,0,0.00,-0.18,Matches
575,Pierrick Capelle,fr FRA,MF,Angers,fr Ligue 1,34,1987,30,1193,40,34.9,13.3,12,77,2,18,15,5,1.10,16,14,+2,+0.15,+0.68,Matches
576,Leonardo Capezzi,it ITA,MF,Salernitana,it Serie A,26,1995,5,175,35,5.1,1.9,2,65,0,3,15,8,0.80,3,6,-3,-1.54,-0.38,Matches
577,Capita,ao ANG,MF,Lille,fr Ligue 1,19,2002,0,,,,,0,,0,0,,1,,,,,,,Matches
578,Étienne Capoue,fr FRA,MF,Villarreal,es La Liga,33,1988,30,2290,76,67.0,25.4,26,83,15,4,33,3,1.43,36,23,+13,+0.51,-0.52,Matches
579,Gianluca Caprari,it ITA,"MF,FW",Hellas Verona,it Serie A,28,1993,35,2739,78,80.1,30.4,33,81,15,2,27,0,1.51,56,40,+16,+0.53,+1.85,Matches
580,Amay Caprice,fr FRA,DF,Marseille,fr Ligue 1,16,2004,0,,,,,0,,0,0,,1,,,,,,,Matches
581,Francesco Caputo,it ITA,FW,Sampdoria,it Serie A,33,1987,36,2790,78,81.6,31.0,31,85,19,5,33,0,0.97,41,53,-12,-0.39,+0.33,Matches
582,Francesco Caputo,it ITA,FW,Sassuolo,it Serie A,33,1987,2,156,78,4.6,1.7,2,78,0,0,,0,2.00,3,2,+1,+0.58,+0.66,Matches
583,Maxence Caqueret,fr FRA,MF,Lyon,fr Ligue 1,21,2000,31,2335,75,68.3,25.9,26,85,22,5,27,0,1.58,40,35,+5,+0.19,-0.64,Matches
584,Andrea Carboni,it ITA,DF,Cagliari,it Serie A,20,2001,30,2215,74,64.8,24.6,25,84,18,5,21,7,0.77,24,41,-17,-0.69,+0.58,Matches
585,Franco Carboni,it ITA,MF,Inter,it Serie A,18,2003,0,,,,,0,,0,0,,5,,,,,,,Matches
586,Isaac Carcelen,es ESP,"DF,MF",Cádiz,es La Liga,28,1993,25,1544,62,45.1,17.2,17,81,9,8,21,4,0.96,16,22,-6,-0.35,+0.13,Matches
587,Dani Cárdenas,es ESP,GK,Levante,es La Liga,24,1997,24,2160,90,63.2,24.0,24,90,24,0,,12,1.00,36,46,-10,-0.42,+0.65,Matches
588,Irvin Cardona,mt MLT,"FW,MF",Brest,fr Ligue 1,23,1997,32,1334,42,39.0,14.8,13,68,0,19,24,3,1.09,18,30,-12,-0.81,-0.98,Matches
589,Lazar Carević,me MNE,GK,Barcelona,es La Liga,22,1999,0,,,,,0,,0,0,,7,,,,,,,Matches
590,Igor Carioca,br BRA,"DF,MF",Lorient,fr Ligue 1,24,1996,28,1578,56,46.1,17.5,17,86,13,11,11,10,0.86,16,33,-17,-0.97,-0.43,Matches
591,Carlo,es ESP,MF,Villarreal,es La Liga,20,2001,1,7,7,0.2,0.1,0,,0,1,7,3,3.00,0,0,0,0.00,-0.69,Matches
592,Diego Carlos,br BRA,DF,Sevilla,es La Liga,28,1993,34,2957,87,86.5,32.9,34,87,30,0,,0,1.88,48,27,+21,+0.64,+0.25,Matches
593,Carmona,es ESP,"DF,MF",Sevilla,es La Liga,19,2002,1,24,24,0.7,0.3,0,,0,1,24,14,1.00,0,0,0,0.00,-0.61,Matches
594,Marc Carmona,es ESP,DF,Mallorca,es La Liga,20,2001,0,,,,,0,,0,0,,2,,,,,,,Matches
595,Matteo Carnelos,it ITA,GK,Udinese,it Serie A,18,2003,0,,,,,0,,0,0,,11,,,,,,,Matches
596,Yannick Carrasco,be BEL,"MF,FW",Atlético Madrid,es La Liga,27,1993,34,2583,76,75.5,28.7,28,83,14,6,45,0,1.91,50,34,+16,+0.56,-0.09,Matches
597,Álvaro Carreras,es ESP,"DF,MF",Manchester Utd,eng Premier League,18,2003,0,,,,,0,,0,0,,4,,,,,,,Matches
598,Coke Carrillo,es ESP,GK,Celta Vigo,es La Liga,19,2002,0,,,,,0,,0,0,,18,,,,,,,Matches
599,Guido Carrillo,ar ARG,FW,Elche,es La Liga,30,1991,29,1168,40,34.2,13.0,11,76,5,18,18,6,1.00,12,20,-8,-0.62,-0.46,Matches
600,Thomas Carrique,fr FRA,DF,Celta Vigo,es La Liga,22,1999,0,,,,,0,,0,0,,1,,,,,,,Matches
601,Scott Carson,eng ENG,GK,Manchester City,eng Premier League,35,1985,0,,,,,0,,0,0,,18,,,,,,,Matches
602,Dani Carvajal,es ESP,DF,Real Madrid,es La Liga,29,1992,24,1551,65,45.4,17.2,17,81,9,7,25,4,2.46,37,13,+24,+1.39,+0.19,Matches
603,Matis Carvalho,pt POR,GK,Montpellier,fr Ligue 1,22,1999,0,,,,,0,,0,0,,11,,,,,,,Matches
604,William Carvalho,pt POR,MF,Real Betis,es La Liga,29,1992,33,1805,55,52.8,20.1,20,79,8,13,18,2,1.82,36,25,+11,+0.55,-0.06,Matches
605,Cesare Casadei,it ITA,MF,Inter,it Serie A,18,2003,0,,,,,0,,0,0,,1,,,,,,,Matches
606,Nicolò Casale,it ITA,"DF,MF",Hellas Verona,it Serie A,23,1998,36,2586,72,75.6,28.7,30,80,18,6,33,0,1.36,42,40,+2,+0.07,-0.36,Matches
607,Casemiro,br BRA,MF,Real Madrid,es La Liga,29,1992,32,2569,80,75.1,28.5,31,82,22,1,30,2,2.13,52,23,+29,+1.02,-1.10,Matches
608,Matty Cash,pl POL,"DF,MF",Aston Villa,eng Premier League,23,1997,38,3377,89,98.7,37.5,38,89,35,0,,0,1.18,52,50,+2,+0.05,+8.43,Matches
609,Kiko Casilla,es ESP,GK,Elche,es La Liga,34,1986,14,1260,90,36.8,14.0,14,90,14,0,,20,0.93,12,17,-5,-0.36,-0.07,Matches
610,Moreto Cassamã,gw GNB,MF,Reims,fr Ligue 1,23,1998,17,801,47,23.4,8.9,11,59,0,6,25,9,1.29,11,11,0,0.00,+0.03,Matches
611,Francesco Cassata,it ITA,MF,Genoa,it Serie A,24,1997,1,7,7,0.2,0.1,0,,0,1,7,1,1.00,0,0,0,0.00,+0.87,Matches
612,Riccardo Castagnaviz,it ITA,MF,Udinese,it Serie A,18,2003,0,,,,,0,,0,0,,2,,,,,,,Matches
613,Timothy Castagne,be BEL,"DF,MF",Leicester City,eng Premier League,25,1995,27,2127,79,62.2,23.6,22,88,20,5,39,2,1.52,42,30,+12,+0.51,+1.13,Matches
614,Koen Casteels,be BEL,GK,Wolfsburg,de Bundesliga,29,1992,28,2520,90,82.4,28.0,28,90,28,0,,0,1.39,39,40,-1,-0.04,+1.63,Matches
615,Jean-Charles Castelletto,cm CMR,DF,Nantes,fr Ligue 1,26,1995,28,2510,90,73.4,27.9,28,90,26,0,,0,1.57,40,35,+5,+0.18,-0.02,Matches
616,Samu Castillejo,es ESP,MF,Milan,it Serie A,26,1995,5,125,25,3.7,1.4,1,45,0,4,20,17,2.00,6,0,+6,+4.32,+3.45,Matches
617,Gonzalo Castro,de GER,"MF,FW",Arminia,de Bundesliga,34,1987,12,436,36,14.2,4.8,4,78,1,8,15,3,0.83,3,9,-6,-1.24,-0.55,Matches
618,Javier Castro,es ESP,DF,Celta Vigo,es La Liga,20,2000,0,,,,,0,,0,0,,1,,,,,,,Matches
619,Jonny Castro,es ESP,"MF,DF",Wolves,eng Premier League,27,1994,13,1024,79,29.9,11.4,10,89,8,3,45,4,0.85,13,21,-8,-0.70,-0.82,Matches
620,Gaetano Castrovilli,it ITA,MF,Fiorentina,it Serie A,24,1997,23,1391,60,40.7,15.5,16,73,5,7,33,2,1.74,18,19,-1,-0.06,-0.46,Matches
621,Danilo Cataldi,it ITA,MF,Lazio,it Serie A,26,1994,32,1707,53,49.9,19.0,19,73,1,13,24,2,1.69,40,29,+11,+0.58,+0.16,Matches
622,Catena,es ESP,DF,Rayo Vallecano,es La Liga,26,1994,36,3240,90,94.7,36.0,36,90,36,0,,0,1.17,39,46,-7,-0.19,+1.81,Matches
623,Craig Cathcart,nir NIR,DF,Watford,eng Premier League,32,1989,31,2396,77,70.1,26.6,27,88,24,4,8,4,0.74,28,55,-27,-1.01,+0.39,Matches
624,Edinson Cavani,uy URU,FW,Manchester Utd,eng Premier League,34,1987,15,766,51,22.4,8.5,7,81,4,8,25,0,1.47,13,10,+3,+0.35,+0.45,Matches
625,Nicolò Cavuoti,it ITA,MF,Cagliari,it Serie A,18,2003,0,,,,,0,,0,0,,4,,,,,,,Matches
626,Dani Ceballos,es ESP,MF,Real Madrid,es La Liga,24,1996,11,276,25,8.1,3.1,2,80,1,9,13,6,2.64,8,2,+6,+1.96,+0.73,Matches
627,Pietro Ceccaroni,it ITA,DF,Venezia,it Serie A,25,1995,35,3122,89,91.3,34.7,35,89,34,0,,1,0.66,31,63,-32,-0.92,-0.02,Matches
628,Federico Ceccherini,it ITA,DF,Hellas Verona,it Serie A,29,1992,34,2358,69,68.9,26.2,29,74,11,5,43,2,1.44,41,41,0,0.00,-0.51,Matches
629,Emil Ceide,no NOR,FW,Sassuolo,it Serie A,19,2001,6,53,9,1.5,0.6,0,,0,6,9,8,1.67,1,3,-2,-3.40,-3.40,Matches
630,Zeki Çelik,tr TUR,DF,Lille,fr Ligue 1,24,1997,32,2696,84,78.8,30.0,30,88,27,2,23,3,1.38,38,38,0,0.00,0.00,Matches
631,Fabien Centonze,fr FRA,"MF,DF",Metz,fr Ligue 1,25,1996,19,1586,83,46.4,17.6,18,86,17,1,45,0,0.84,21,34,-13,-0.74,+0.29,Matches
632,Luca Ceppitelli,it ITA,DF,Cagliari,it Serie A,31,1989,24,1445,60,42.3,16.1,16,82,9,8,16,6,0.79,14,31,-17,-1.06,-0.28,Matches
633,Michele Cerofolini,it ITA,GK,Fiorentina,it Serie A,22,1999,0,,,,,0,,0,0,,7,,,,,,,Matches
634,Noa Cervantés,dz ALG,MF,Reims,fr Ligue 1,18,2003,0,,,,,0,,0,0,,1,,,,,,,Matches
635,Franco Cervi,ar ARG,MF,Celta Vigo,es La Liga,27,1994,33,1801,55,52.7,20.0,21,70,3,12,28,2,1.24,31,22,+9,+0.45,+0.95,Matches
636,César,es ESP,MF,Elche,es La Liga,20,2001,0,,,,,0,,0,0,,2,,,,,,,Matches
637,Damir Ceter,co COL,FW,Cagliari,it Serie A,23,1997,1,6,6,0.2,0.1,0,,0,1,6,10,0.00,0,0,0,0.00,+0.90,Matches
638,Julian Chabot,de GER,DF,Sampdoria,it Serie A,23,1998,11,490,45,14.3,5.4,4,90,4,7,19,11,1.09,3,13,-10,-1.84,-1.62,Matches
639,Julian Chabot,de GER,DF,Köln,de Bundesliga,23,1998,4,209,52,6.8,2.3,2,89,1,2,16,9,1.50,3,3,0,0.00,-0.09,Matches
640,El Chadaille Bitshiabu,fr FRA,DF,Paris Saint-Germain,fr Ligue 1,16,2005,1,5,5,0.1,0.1,0,,0,1,5,10,3.00,0,0,0,0.00,-1.42,Matches
641,Nassim Chadli,fr FRA,MF,Troyes,fr Ligue 1,20,2001,8,96,12,2.8,1.1,1,32,0,7,9,11,1.25,1,0,+1,+0.94,+1.40,Matches
642,Kayky Chagas,br BRA,MF,Manchester City,eng Premier League,18,2003,1,7,7,0.2,0.1,0,,0,1,7,2,3.00,1,0,+1,+12.86,+10.96,Matches
643,Mehdi Chahiri,ma MAR,MF,Strasbourg,fr Ligue 1,25,1996,1,16,16,0.5,0.2,0,,0,1,16,3,0.00,0,1,-1,-5.63,-6.10,Matches
644,Trevoh Chalobah,eng ENG,DF,Chelsea,eng Premier League,22,1999,20,1449,72,42.4,16.1,17,82,13,3,20,13,2.30,38,9,+29,+1.80,+1.16,Matches
645,Calum Chambers,eng ENG,DF,Arsenal,eng Premier League,26,1995,2,170,85,5.0,1.9,2,85,1,0,,4,0.00,0,7,-7,-3.71,-4.26,Matches
646,Calum Chambers,eng ENG,"DF,MF",Aston Villa,eng Premier League,26,1995,11,831,76,24.3,9.2,9,88,8,2,22,6,1.36,17,9,+8,+0.87,+1.21,Matches
647,Dylan Chambost,fr FRA,MF,Troyes,fr Ligue 1,23,1997,19,753,40,22.0,8.4,9,70,2,10,12,19,1.00,7,9,-2,-0.24,+0.23,Matches
648,Timothy Chandler,us USA,MF,Eintracht Frankfurt,de Bundesliga,31,1990,17,1212,71,39.6,13.5,15,80,8,2,5,14,1.41,18,21,-3,-0.22,-0.17,Matches
649,Chapela,es ESP,MF,Cádiz,es La Liga,22,1999,9,398,44,11.6,4.4,4,64,0,5,29,11,0.78,4,9,-5,-1.13,-0.80,Matches
650,Brendan Chardonnet,fr FRA,DF,Brest,fr Ligue 1,26,1994,32,2686,84,78.5,29.8,31,86,29,1,13,0,1.28,41,38,+3,+0.10,+1.45,Matches
651,Kgagelo Chauke,eng ENG,MF,Southampton,eng Premier League,18,2003,0,,,,,0,,0,0,,1,,,,,,,Matches
652,Xavier Chavalerin,fr FRA,MF,Troyes,fr Ligue 1,30,1991,34,2717,80,79.4,30.2,31,85,22,3,24,0,1.09,32,40,-8,-0.26,+0.76,Matches
653,Xavier Chavalerin,fr FRA,MF,Reims,fr Ligue 1,30,1991,3,220,73,6.4,2.4,2,90,2,1,40,0,1.00,3,3,0,0.00,+0.03,Matches
654,Justin Che,us USA,DF,Hoffenheim,de Bundesliga,17,2003,2,41,21,1.3,0.5,0,,0,2,21,9,0.00,0,1,-1,-2.20,-2.17,Matches
655,Chema,es ESP,MF,Getafe,es La Liga,29,1992,1,45,45,1.3,0.5,1,45,0,0,,10,0.00,0,4,-4,-8.00,-7.89,Matches
656,Rayan Cherki,fr FRA,FW,Lyon,fr Ligue 1,17,2003,16,440,28,12.9,4.9,3,72,1,13,17,7,1.63,5,8,-3,-0.61,-1.16,Matches
657,Vladislav Cherny,de GER,MF,Arminia,de Bundesliga,18,2003,0,,,,,0,,0,0,,9,,,,,,,Matches
658,Denis Cheryshev,ru RUS,MF,Valencia,es La Liga,30,1990,17,563,33,16.5,6.3,5,71,0,12,17,12,1.47,12,8,+4,+0.64,+0.92,Matches
659,Daniel Chesters,eng ENG,MF,West Ham United,eng Premier League,19,2002,1,1,1,0.0,0.0,0,,0,1,1,1,0.00,0,0,0,0.00,-0.24,Matches
660,Raman Chibsah,gh GHA,MF,Bochum,de Bundesliga,28,1993,0,,,,,0,,0,0,,7,,,,,,,Matches
661,Giorgio Chiellini,it ITA,DF,Juventus,it Serie A,36,1984,21,1354,64,39.6,15.0,16,78,11,5,22,6,1.86,18,12,+6,+0.40,-0.21,Matches
662,Federico Chiesa,it ITA,"FW,MF",Juventus,it Serie A,23,1997,14,863,62,25.2,9.6,11,73,3,3,21,0,1.79,15,11,+4,+0.42,-0.15,Matches
663,Mattia Chiesa,it ITA,GK,Hellas Verona,it Serie A,21,2000,0,,,,,0,,0,0,,16,,,,,,,Matches
664,Ben Chilwell,eng ENG,MF,Chelsea,eng Premier League,24,1996,7,542,77,15.8,6.0,6,90,6,1,2,6,2.71,19,2,+17,+2.82,+2.01,Matches
665,Chinchu,es ESP,DF,Getafe,es La Liga,19,2002,0,,,,,0,,0,0,,1,,,,,,,Matches
666,Chiquinho,pt POR,MF,Wolves,eng Premier League,21,2000,8,208,26,6.1,2.3,1,90,1,7,17,7,1.00,5,5,0,0.00,+0.14,Matches
667,Vlad Chiricheș,ro ROU,DF,Sassuolo,it Serie A,31,1989,29,2300,79,67.3,25.6,27,85,21,2,4,8,1.41,43,43,0,0.00,+0.16,Matches
668,Pedro Chirivella,es ESP,MF,Nantes,fr Ligue 1,24,1997,31,2637,85,77.1,29.3,31,85,21,0,,0,1.52,41,33,+8,+0.27,+0.39,Matches
669,Joris Chotard,fr FRA,MF,Montpellier,fr Ligue 1,19,2001,36,2935,82,85.8,32.6,33,86,22,3,28,1,1.17,42,49,-7,-0.21,+0.71,Matches
670,Hamza Choudhury,bd BAN,"MF,DF",Leicester City,eng Premier League,23,1997,6,285,48,8.3,3.2,4,66,1,2,11,25,1.33,4,4,0,0.00,-0.09,Matches
671,Benjamin Chrisene,eng ENG,DF,Aston Villa,eng Premier League,17,2004,0,,,,,0,,0,0,,7,,,,,,,Matches
672,Andreas Christensen,dk DEN,DF,Chelsea,eng Premier League,25,1996,19,1496,79,43.7,16.6,17,85,15,2,28,9,2.21,38,11,+27,+1.62,+0.88,Matches
673,Oliver Christensen,dk DEN,GK,Hertha BSC,de Bundesliga,22,1999,0,,,,,0,,0,0,,25,,,,,,,Matches
674,Max Christiansen,de GER,MF,Greuther Fürth,de Bundesliga,24,1996,27,2054,76,67.1,22.8,22,86,17,5,33,3,0.59,21,56,-35,-1.53,+0.17,Matches
675,Carney Chukwuemeka,at AUT,MF,Aston Villa,eng Premier League,17,2003,12,301,25,8.8,3.3,2,59,0,10,18,19,1.33,5,6,-1,-0.30,-0.27,Matches
676,Samuel Chukwueze,ng NGA,MF,Villarreal,es La Liga,22,1999,27,1333,49,39.0,14.8,12,78,3,15,27,0,1.63,26,14,+12,+0.81,+0.21,Matches
677,Darko Churlinov,mk MKD,"FW,MF",Stuttgart,de Bundesliga,21,2000,0,,,,,0,,0,0,,1,,,,,,,Matches
678,Víctor Chust,es ESP,DF,Cádiz,es La Liga,21,2000,25,1830,73,53.5,20.3,20,85,17,5,28,12,1.08,22,27,-5,-0.25,+0.38,Matches
679,Riccardo Ciervo,it ITA,MF,Sampdoria,it Serie A,19,2002,10,227,23,6.6,2.5,1,71,0,9,17,11,0.10,3,4,-1,-0.40,+0.05,Matches
680,Riccardo Ciervo,it ITA,MF,Sassuolo,it Serie A,19,2002,0,,,,,0,,0,0,,15,,,,,,,Matches
681,Jasper Cillessen,nl NED,GK,Valencia,es La Liga,32,1989,17,1457,86,42.6,16.2,17,86,16,0,,12,1.18,22,29,-7,-0.43,-0.52,Matches
682,Antonio Cioffi,it ITA,FW,Napoli,it Serie A,18,2002,0,,,,,0,,0,0,,1,,,,,,,Matches
683,Pathé Ciss,sn SEN,MF,Rayo Vallecano,es La Liga,27,1994,31,1097,35,32.1,12.2,11,64,1,20,20,4,1.23,11,15,-4,-0.33,-0.06,Matches
684,Mohamed Cissé,fr FRA,FW,Lens,fr Ligue 1,20,2001,0,,,,,0,,0,0,,1,,,,,,,Matches
685,Moustapha Cissé,gn GUI,FW,Atalanta,it Serie A,17,2003,3,38,13,1.1,0.4,0,,0,3,13,4,2.00,1,0,+1,+2.37,+1.94,Matches
686,Giorgio Cittadini,it ITA,DF,Atalanta,it Serie A,19,2002,2,4,2,0.1,0.0,0,,0,2,2,9,3.00,1,0,+1,+22.50,+22.08,Matches
687,Tim Civeja,al ALB,MF,Augsburg,de Bundesliga,19,2002,0,,,,,0,,0,0,,1,,,,,,,Matches
688,Ciaran Clark,ie IRL,DF,Newcastle United,eng Premier League,31,1989,13,1014,78,29.6,11.3,12,83,10,1,23,4,0.69,14,26,-12,-1.07,-0.84,Matches
689,Alexis Claude-Maurice,fr FRA,"FW,MF",Nice,fr Ligue 1,23,1998,10,209,21,6.1,2.3,0,,0,10,21,8,1.30,7,2,+5,+2.15,+1.84,Matches
690,Jonathan Clauss,fr FRA,MF,Lens,fr Ligue 1,28,1992,37,3046,82,89.1,33.8,35,86,15,2,19,0,1.68,51,42,+9,+0.27,-0.94,Matches
691,Carlos Clerc,es ESP,"DF,MF",Levante,es La Liga,29,1992,19,1514,80,44.3,16.8,18,84,13,1,6,5,0.42,16,37,-21,-1.25,-1.06,Matches
692,Tom Cleverley,eng ENG,MF,Watford,eng Premier League,31,1989,28,1616,58,47.3,18.0,20,73,5,8,21,6,0.57,20,38,-18,-1.00,+0.24,Matches
693,Nathaniel Clyne,eng ENG,DF,Crystal Palace,eng Premier League,30,1991,16,1351,84,39.5,15.0,15,90,15,1,1,17,1.56,19,12,+7,+0.47,+0.60,Matches
694,Conor Coady,eng ENG,DF,Wolves,eng Premier League,28,1993,38,3361,88,98.3,37.3,38,88,35,0,,0,1.34,37,43,-6,-0.16,-1.69,Matches
695,Nicolò Cocetta,it ITA,DF,Udinese,it Serie A,17,2003,0,,,,,0,,0,0,,2,,,,,,,Matches
696,Marcus Coco,fr FRA,"MF,FW",Nantes,fr Ligue 1,25,1996,24,930,39,27.2,10.3,9,80,1,15,14,9,1.42,8,10,-2,-0.19,-0.52,Matches
697,Lorenzo Codutti,it ITA,DF,Udinese,it Serie A,18,2003,0,,,,,0,,0,0,,1,,,,,,,Matches
698,Coke,es ESP,DF,Levante,es La Liga,34,1987,6,118,20,3.5,1.3,1,84,0,5,7,32,2.00,6,2,+4,+3.05,+3.84,Matches
699,Séamus Coleman,ie IRL,"DF,MF",Everton,eng Premier League,32,1988,30,2656,89,77.7,29.5,30,89,28,0,,4,1.13,34,50,-16,-0.54,+0.28,Matches
700,Álex Collado,es ESP,"MF,FW",Granada,es La Liga,22,1999,17,1020,60,29.8,11.3,13,71,3,4,23,2,0.88,9,16,-7,-0.62,-0.24,Matches
701,Ebrima Colley,gm GAM,"FW,MF",Spezia,it Serie A,21,2000,11,394,36,11.5,4.4,3,70,1,8,23,6,0.64,6,13,-7,-1.60,-0.91,Matches
702,Omar Colley,gm GAM,DF,Sampdoria,it Serie A,28,1992,32,2745,86,80.3,30.5,31,88,26,1,10,0,1.13,42,47,-5,-0.16,+1.44,Matches
703,Nathan Collins,ie IRL,DF,Burnley,eng Premier League,20,2001,19,1670,88,48.8,18.6,18,90,17,1,51,17,1.05,17,25,-8,-0.43,+0.13,Matches
704,Kingsley Coman,fr FRA,"MF,FW",Bayern Munich,de Bundesliga,25,1996,21,1359,65,44.4,15.1,16,78,3,5,23,0,2.48,38,17,+21,+1.39,-0.67,Matches
705,Arnau Comas,es ESP,DF,Barcelona,es La Liga,21,2000,0,,,,,0,,0,0,,1,,,,,,,Matches
706,Eray Cömert,ch SUI,DF,Valencia,es La Liga,23,1998,8,408,51,11.9,4.5,5,79,2,3,5,8,1.13,5,6,-1,-0.22,-0.10,Matches
707,Santi Comesaña,es ESP,MF,Rayo Vallecano,es La Liga,24,1996,35,2682,77,78.4,29.8,32,81,13,3,34,0,1.09,31,34,-3,-0.10,+0.87,Matches
708,Diego Conde,es ESP,GK,Getafe,es La Liga,22,1998,1,6,6,0.2,0.1,0,,0,1,6,36,3.00,1,0,+1,+15.00,+15.24,Matches
709,Aaron Connolly,ie IRL,FW,Brighton,eng Premier League,21,2000,4,156,39,4.6,1.7,1,60,0,3,32,5,1.25,2,1,+1,+0.58,+0.66,Matches
710,Andrea Consigli,it ITA,GK,Sassuolo,it Serie A,34,1987,37,3322,90,97.1,36.9,37,90,36,0,,0,1.35,64,63,+1,+0.03,+2.78,Matches
711,Abdu Conté,pt POR,"DF,MF",Troyes,fr Ligue 1,23,1998,17,1347,79,39.4,15.0,17,79,7,0,,0,0.88,12,20,-8,-0.53,-0.19,Matches
712,Bambasé Conté,de GER,MF,Hoffenheim,de Bundesliga,18,2003,0,,,,,0,,0,0,,1,,,,,,,Matches
713,Kamil Conteh,sl SLE,MF,Watford,eng Premier League,18,2002,0,,,,,0,,0,0,,1,,,,,,,Matches
714,Andrea Conti,it ITA,MF,Sampdoria,it Serie A,27,1994,7,234,33,6.8,2.6,2,71,1,5,18,4,1.29,3,6,-3,-1.15,-0.76,Matches
715,Andrea Conti,it ITA,"DF,MF",Milan,it Serie A,27,1994,1,13,13,0.4,0.1,0,,0,1,13,13,3.00,1,0,+1,+6.92,+5.95,Matches
716,Liam Cooper,sct SCO,DF,Leeds United,eng Premier League,29,1991,21,1814,86,53.0,20.2,21,86,20,0,,1,1.19,20,26,-6,-0.30,+1.44,Matches
717,Lucas Copado,de GER,FW,Bayern Munich,de Bundesliga,17,2004,1,16,16,0.5,0.2,0,,0,1,16,1,0.00,0,0,0,0.00,-1.77,Matches
718,Diego Coppola,it ITA,DF,Hellas Verona,it Serie A,17,2003,4,249,62,7.3,2.8,3,80,2,1,10,10,2.00,7,5,+2,+0.72,+0.61,Matches
719,Francis Coquelin,fr FRA,MF,Villarreal,es La Liga,30,1991,20,830,42,24.3,9.2,8,69,1,12,24,1,1.05,9,10,-1,-0.11,-1.05,Matches
720,Gabriele Corbo,it ITA,DF,Bologna,it Serie A,21,2000,0,,,,,0,,0,0,,1,,,,,,,Matches
721,Sébastien Corchia,fr FRA,"DF,MF",Nantes,fr Ligue 1,30,1990,28,1324,47,38.7,14.7,13,77,5,15,22,2,1.54,20,21,-1,-0.07,-0.41,Matches
722,Alex Cordaz,it ITA,GK,Inter,it Serie A,38,1983,0,,,,,0,,0,0,,29,,,,,,,Matches
723,Sergio Córdova,ve VEN,FW,Augsburg,de Bundesliga,23,1997,13,328,25,10.7,3.6,2,54,0,11,20,1,1.08,6,6,0,0.00,+0.56,Matches
724,Mattéo Corduan,fr FRA,MF,Angers,fr Ligue 1,19,2002,0,,,,,0,,0,0,,3,,,,,,,Matches
725,Jack Cork,eng ENG,MF,Burnley,eng Premier League,32,1989,20,1670,84,48.8,18.6,20,84,14,0,,18,1.05,19,26,-7,-0.38,+0.24,Matches
726,Maxwel Cornet,ci CIV,"FW,MF",Burnley,eng Premier League,24,1996,26,1766,68,51.6,19.6,21,76,8,5,35,2,0.81,24,24,0,0.00,+1.03,Matches
727,Maxwel Cornet,ci CIV,DF,Lyon,fr Ligue 1,24,1996,1,63,63,1.8,0.7,1,63,0,0,,0,0.00,0,2,-2,-2.86,-3.31,Matches
728,Jesús Corona,mx MEX,"FW,MF",Sevilla,es La Liga,28,1993,18,1157,64,33.8,12.9,12,76,3,6,40,0,1.44,14,10,+4,+0.31,-0.44,Matches
729,Ángel Correa,ar ARG,"FW,MF",Atlético Madrid,es La Liga,26,1995,36,1856,52,54.3,20.6,21,69,5,15,27,0,1.89,39,21,+18,+0.87,+0.64,Matches
730,Joaquín Correa,ar ARG,FW,Inter,it Serie A,26,1994,26,1025,39,30.0,11.4,12,61,0,14,21,0,2.38,26,8,+18,+1.58,+0.30,Matches
731,Thierry Correia,pt POR,"DF,MF",Valencia,es La Liga,22,1999,19,1414,74,41.3,15.7,18,78,9,1,19,1,1.21,20,11,+9,+0.57,+1.20,Matches
732,Fabio Cortinovis,it ITA,DF,Inter,it Serie A,19,2002,0,,,,,0,,0,0,,2,,,,,,,Matches
733,Danny da Costa,de GER,"MF,DF",Eintracht Frankfurt,de Bundesliga,28,1993,11,725,66,23.7,8.1,7,85,4,4,33,6,1.18,14,16,-2,-0.25,-0.17,Matches
734,David Costa,pt POR,"MF,FW",Lens,fr Ligue 1,20,2001,33,1464,44,42.8,16.3,16,74,1,17,16,5,1.48,25,21,+4,+0.25,-0.21,Matches
735,Hélder Costa,ao ANG,"FW,MF",Leeds United,eng Premier League,27,1994,1,22,22,0.6,0.2,0,,0,1,22,2,0.00,0,0,0,0.00,+0.98,Matches
736,Hélder Costa,ao ANG,MF,Valencia,es La Liga,27,1994,22,1118,51,32.7,12.4,13,80,5,9,9,11,1.27,14,23,-9,-0.72,-0.88,Matches
737,Jaume Costa,es ESP,DF,Mallorca,es La Liga,33,1988,25,1828,73,53.5,20.3,21,85,14,4,13,6,1.00,18,32,-14,-0.69,+0.05,Matches
738,Davide Costanzo,it ITA,DF,Napoli,it Serie A,19,2002,0,,,,,0,,0,0,,2,,,,,,,Matches
739,Dara Costelloe,ie IRL,"FW,MF",Burnley,eng Premier League,18,2002,0,,,,,0,,0,0,,7,,,,,,,Matches
740,Benoît Costil,fr FRA,GK,Bordeaux,fr Ligue 1,34,1987,25,2250,90,65.8,25.0,25,90,25,0,,4,0.68,34,62,-28,-1.12,-0.27,Matches
741,Grégoire Coudert,fr FRA,GK,Brest,fr Ligue 1,22,1999,0,,,,,0,,0,0,,3,,,,,,,Matches
742,Vladimír Coufal,cz CZE,DF,West Ham United,eng Premier League,28,1992,28,2209,79,64.6,24.5,25,87,21,3,13,3,1.39,42,35,+7,+0.29,+0.14,Matches
743,Kalifa Coulibaly,ml MLI,FW,Nantes,fr Ligue 1,29,1991,21,850,40,24.9,9.4,9,70,0,12,18,7,1.33,19,17,+2,+0.21,+0.04,Matches
744,Lassana Coulibaly,ml MLI,MF,Salernitana,it Serie A,25,1996,31,2332,75,68.2,25.9,29,78,18,2,32,0,0.81,20,55,-35,-1.35,-0.52,Matches
745,Mamadou Coulibaly,sn SEN,MF,Salernitana,it Serie A,22,1999,12,808,67,23.6,9.0,9,82,5,3,24,1,0.67,7,17,-10,-1.11,+0.09,Matches
746,Soumaïla Coulibaly,fr FRA,DF,Dortmund,de Bundesliga,17,2003,0,,,,,0,,0,0,,2,,,,,,,Matches
747,Tanguy Coulibaly,fr FRA,"MF,FW",Stuttgart,de Bundesliga,20,2001,21,1079,51,35.3,12.0,11,79,0,10,21,7,0.86,12,24,-12,-1.00,-0.73,Matches
748,Thibaut Courtois,be BEL,GK,Real Madrid,es La Liga,29,1992,36,3240,90,94.7,36.0,36,90,36,0,,1,2.36,79,29,+50,+1.39,+1.89,Matches
749,Philippe Coutinho,br BRA,"FW,MF",Barcelona,es La Liga,29,1992,12,503,42,14.7,5.6,5,62,0,7,27,4,1.33,7,7,0,0.00,-0.93,Matches
750,Philippe Coutinho,br BRA,"MF,FW",Aston Villa,eng Premier League,29,1992,19,1329,70,38.9,14.8,16,80,5,3,18,0,1.21,21,17,+4,+0.27,+0.53,Matches
751,Conor Coventry,ie IRL,MF,West Ham United,eng Premier League,21,2000,0,,,,,0,,0,0,,3,,,,,,,Matches
752,Matthew Cox,eng ENG,GK,Brentford,eng Premier League,18,2003,0,,,,,0,,0,0,,10,,,,,,,Matches
753,Nicolas Cozza,fr FRA,DF,Montpellier,fr Ligue 1,22,1999,34,2770,81,81.0,30.8,32,84,22,2,41,3,1.09,40,53,-13,-0.42,-0.56,Matches
754,Alessio Cragno,it ITA,GK,Cagliari,it Serie A,27,1994,35,3150,90,92.1,35.0,35,90,35,0,,0,0.80,32,63,-31,-0.89,+0.11,Matches
755,Matthew Craig,sct SCO,MF,Tottenham Hotspur,eng Premier League,18,2003,0,,,,,0,,0,0,,5,,,,,,,Matches
756,Aaron Cresswell,eng ENG,DF,West Ham United,eng Premier League,31,1989,31,2726,88,79.7,30.3,31,88,29,0,,0,1.45,44,38,+6,+0.20,-0.19,Matches
757,Charlie Cresswell,eng ENG,DF,Leeds United,eng Premier League,18,2002,5,141,28,4.1,1.6,1,90,1,4,13,26,1.40,4,4,0,0.00,+1.02,Matches
758,Domenico Criscito,it ITA,DF,Genoa,it Serie A,34,1986,20,1618,81,47.3,18.0,18,86,15,2,36,3,0.65,22,35,-13,-0.72,+0.28,Matches
759,Bryan Cristante,it ITA,MF,Roma,it Serie A,26,1995,34,2678,79,78.3,29.8,29,88,27,5,26,0,1.59,45,36,+9,+0.30,-0.55,Matches
760,Cristian,es ESP,GK,Valencia,es La Liga,23,1998,0,,,,,0,,0,0,,2,,,,,,,Matches
761,Cristo,es ESP,DF,Real Sociedad,es La Liga,21,2000,1,17,17,0.5,0.2,0,,0,1,17,3,3.00,1,0,+1,+5.29,+5.24,Matches
762,Enzo Crivelli,fr FRA,FW,Saint-Étienne,fr Ligue 1,26,1995,4,102,26,3.0,1.1,0,,0,4,26,1,0.25,2,3,-1,-0.88,+0.04,Matches
763,Domen Črnigoj,si SVN,MF,Venezia,it Serie A,25,1995,34,1881,55,55.0,20.9,22,70,4,12,29,1,0.71,20,40,-20,-0.96,-0.08,Matches
764,Giovanni Crociata,it ITA,MF,Empoli,it Serie A,23,1997,1,15,15,0.4,0.2,0,,0,1,15,0,0.00,0,0,0,0.00,+0.53,Matches
765,Juan Cruz Armada,es ESP,DF,Osasuna,es La Liga,29,1992,23,1934,84,56.5,21.5,22,87,19,1,12,9,1.13,19,27,-8,-0.37,-0.01,Matches
766,Juan Cuadrado,co COL,"MF,DF",Juventus,it Serie A,33,1988,33,2487,75,72.7,27.6,28,84,18,5,26,2,1.85,45,23,+22,+0.80,+0.99,Matches
767,Cucho,co COL,"MF,FW",Watford,eng Premier League,22,1999,25,1147,46,33.5,12.7,11,75,5,14,23,7,0.68,19,34,-15,-1.18,-0.07,Matches
768,Marc Cucurella,es ESP,"DF,MF",Getafe,es La Liga,23,1998,1,23,23,0.7,0.3,0,,0,1,23,0,0.00,0,0,0,0.00,+0.21,Matches
769,Marc Cucurella,es ESP,"DF,MF",Brighton,eng Premier League,23,1998,35,3089,88,90.3,34.3,35,88,32,0,,0,1.29,37,39,-2,-0.06,-0.06,Matches
770,Jorge Cuenca,es ESP,DF,Villarreal,es La Liga,21,1999,0,,,,,0,,0,0,,3,,,,,,,Matches
771,Jorge Cuenca,es ESP,DF,Getafe,es La Liga,21,1999,32,2683,84,78.5,29.8,31,86,26,1,10,0,1.09,26,32,-6,-0.20,+0.04,Matches
772,Mickaël Cuisance,fr FRA,MF,Bayern Munich,de Bundesliga,21,1999,1,13,13,0.4,0.1,0,,0,1,13,5,3.00,0,0,0,0.00,-1.77,Matches
773,Mickaël Cuisance,fr FRA,MF,Venezia,it Serie A,21,1999,13,918,71,26.8,10.2,13,71,2,0,,2,0.69,9,19,-10,-0.98,-0.08,Matches
774,Tiago Çukur,tr TUR,FW,Watford,eng Premier League,18,2002,0,,,,,0,,0,0,,2,,,,,,,Matches
775,Pablo Cuñat,es ESP,GK,Levante,es La Liga,19,2002,0,,,,,0,,0,0,,6,,,,,,,Matches
776,Luke Cundle,eng ENG,MF,Wolves,eng Premier League,19,2002,4,180,45,5.3,2.0,2,87,1,2,4,29,1.50,2,1,+1,+0.50,+0.67,Matches
777,Matheus Cunha,br BRA,FW,Hertha BSC,de Bundesliga,22,1999,1,64,64,2.1,0.7,1,64,0,0,,0,0.00,1,3,-2,-2.81,-1.85,Matches
778,Matheus Cunha,br BRA,FW,Atlético Madrid,es La Liga,22,1999,29,1063,37,31.1,11.8,8,70,0,21,24,1,1.59,28,14,+14,+1.19,+0.88,Matches
779,Dennis Curatolo,it ITA,FW,Inter,it Serie A,17,2004,0,,,,,0,,0,0,,2,,,,,,,Matches
780,Patrick Cutrone,it ITA,FW,Empoli,it Serie A,23,1998,28,1401,50,41.0,15.6,15,71,3,13,25,9,1.14,20,26,-6,-0.39,+0.24,Matches
781,Wylan Cyprien,fr FRA,MF,Nantes,fr Ligue 1,26,1995,24,1490,62,43.6,16.6,17,79,6,7,22,5,1.33,29,24,+5,+0.30,+0.21,Matches
782,Rafael Czichos,de GER,"DF,MF",Köln,de Bundesliga,31,1990,17,1402,82,45.8,15.6,16,86,14,1,26,0,1.47,25,24,+1,+0.06,-0.04,Matches
783,Lennart-Marten Czyborra,de GER,DF,Arminia,de Bundesliga,22,1999,4,131,33,4.3,1.5,1,76,0,3,18,6,0.50,2,3,-1,-0.69,+0.08,Matches
784,Lennart-Marten Czyborra,de GER,"DF,MF",Genoa,it Serie A,22,1999,0,,,,,0,,0,0,,1,,,,,,,Matches
785,Danilo D'Ambrosio,it ITA,DF,Inter,it Serie A,32,1988,20,1000,50,29.2,11.1,9,90,8,11,18,18,2.20,20,3,+17,+1.53,+0.23,Matches
786,Andrea D'Aniello,it ITA,GK,Cagliari,it Serie A,18,2003,0,,,,,0,,0,0,,1,,,,,,,Matches
787,Lucas Da Cunha,fr FRA,MF,Nice,fr Ligue 1,20,2001,10,393,39,11.5,4.4,5,66,0,5,13,10,2.00,7,5,+2,+0.46,+0.04,Matches
788,Lucas Da Cunha,fr FRA,"FW,MF",Clermont Foot,fr Ligue 1,20,2001,15,836,56,24.4,9.3,11,68,0,4,23,0,1.00,10,16,-6,-0.65,+0.22,Matches
789,Jacopo Da Riva,it ITA,MF,Atalanta,it Serie A,20,2000,0,,,,,0,,0,0,,1,,,,,,,Matches
790,Damien Da Silva,fr FRA,DF,Lyon,fr Ligue 1,33,1988,17,1126,66,32.9,12.5,13,79,8,4,24,15,1.82,20,9,+11,+0.88,+0.72,Matches
791,Moanes Dabbur,il ISR,"FW,MF",Hoffenheim,de Bundesliga,29,1992,27,1310,49,42.8,14.6,17,67,2,10,17,5,1.33,32,25,+7,+0.48,+0.94,Matches
792,Kouadio-Yves Dabila,ci CIV,DF,Lille,fr Ligue 1,24,1997,0,,,,,0,,0,0,,3,,,,,,,Matches
793,Colin Dagba,fr FRA,DF,Paris Saint-Germain,fr Ligue 1,22,1998,3,165,55,4.8,1.8,2,70,0,1,26,17,2.33,3,2,+1,+0.55,-0.92,Matches
794,Finn Dahmen,de GER,GK,Mainz 05,de Bundesliga,23,1998,2,180,90,5.9,2.0,2,90,2,0,,28,2.00,4,3,+1,+0.50,+0.38,Matches
795,Mahmoud Dahoud,de GER,"MF,DF",Dortmund,de Bundesliga,25,1996,22,1658,75,54.2,18.4,20,79,12,2,38,1,2.00,52,31,+21,+1.14,+0.37,Matches
796,Matevz Dajcar,it ITA,GK,Atalanta,it Serie A,19,2002,0,,,,,0,,0,0,,1,,,,,,,Matches
797,Patson Daka,zm ZAM,FW,Leicester City,eng Premier League,22,1998,23,1159,50,33.9,12.9,13,76,2,10,17,13,1.17,20,20,0,0.00,-0.12,Matches
798,Vontae Daley Campbell,eng ENG,DF,Leicester City,eng Premier League,20,2001,0,,,,,0,,0,0,,5,,,,,,,Matches
799,Stuart Dallas,nir NIR,"DF,MF",Leeds United,eng Premier League,30,1991,34,2919,86,85.4,32.4,34,86,31,0,,0,1.00,38,66,-28,-0.86,+0.75,Matches
800,Diogo Dalot,pt POR,DF,Manchester Utd,eng Premier League,22,1999,24,1801,75,52.7,20.0,19,89,18,5,21,13,1.63,28,29,-1,-0.05,-0.11,Matches
801,Elias Damergy,tn TUN,GK,Rennes,fr Ligue 1,18,2002,0,,,,,0,,0,0,,3,,,,,,,Matches
802,Mattia Damiani,it ITA,MF,Udinese,it Serie A,18,2003,0,,,,,0,,0,0,,2,,,,,,,Matches
803,Samuele Damiani,it ITA,MF,Empoli,it Serie A,23,1998,0,,,,,0,,0,0,,2,,,,,,,Matches
804,Mikkel Damsgaard,dk DEN,MF,Sampdoria,it Serie A,21,2000,11,578,53,16.9,6.4,6,80,2,5,20,2,0.82,9,10,-1,-0.16,+0.35,Matches
805,Flavius Daniliuc,at AUT,DF,Nice,fr Ligue 1,20,2001,24,1293,54,37.8,14.4,14,82,9,10,15,13,2.04,22,14,+8,+0.56,+0.22,Matches
806,Danilo,br BRA,"DF,MF",Juventus,it Serie A,30,1991,22,1893,86,55.4,21.0,22,86,20,0,,2,2.00,31,19,+12,+0.57,+0.10,Matches
807,Arnaut Danjuma,nl NED,FW,Villarreal,es La Liga,24,1997,23,1472,64,43.0,16.4,17,77,6,6,28,0,1.48,25,19,+6,+0.37,-0.56,Matches
808,Kevin Danso,at AUT,DF,Lens,fr Ligue 1,22,1998,33,2790,85,81.6,31.0,32,87,28,1,5,2,1.73,50,36,+14,+0.45,+0.45,Matches
809,Dante,br BRA,DF,Nice,fr Ligue 1,37,1983,34,2870,84,83.9,31.9,33,86,29,1,45,0,1.79,44,30,+14,+0.44,+0.11,Matches
810,Ebrima Darboe,gm GAM,MF,Roma,it Serie A,20,2001,1,63,63,1.8,0.7,1,63,0,0,,21,3.00,2,0,+2,+2.86,+2.48,Matches
811,Márton Dárdai,hu HUN,DF,Hertha BSC,de Bundesliga,19,2002,12,755,63,24.7,8.4,9,79,5,3,16,7,1.08,7,20,-13,-1.55,-0.73,Matches
812,Sergi Darder,es ESP,MF,Espanyol,es La Liga,27,1993,36,3125,87,91.4,34.7,36,87,25,0,,0,1.14,39,49,-10,-0.29,+0.63,Matches
813,Vladimír Darida,cz CZE,MF,Hertha BSC,de Bundesliga,30,1990,25,1786,71,58.4,19.8,23,76,9,2,24,5,0.88,20,42,-22,-1.11,-0.26,Matches
814,Karl Darlow,wls WAL,GK,Newcastle United,eng Premier League,30,1990,8,720,90,21.1,8.0,8,90,8,0,,26,0.63,10,15,-5,-0.62,-0.19,Matches
815,Matteo Darmian,it ITA,MF,Inter,it Serie A,31,1989,25,1507,60,44.1,16.7,18,76,9,7,19,9,2.04,34,21,+13,+0.78,-1.06,Matches
816,Josh Dasilva,eng ENG,"MF,FW",Brentford,eng Premier League,22,1998,9,257,29,7.5,2.9,2,39,0,7,26,1,0.89,4,4,0,0.00,+0.23,Matches
817,Jonathan David,ca CAN,FW,Lille,fr Ligue 1,21,2000,38,2804,74,82.0,31.2,32,82,14,6,32,0,1.45,38,34,+4,+0.13,+0.71,Matches
818,Alphonso Davies,ca CAN,"DF,MF",Bayern Munich,de Bundesliga,20,2000,22,1740,79,56.9,19.3,20,83,14,2,37,0,2.32,59,21,+38,+1.97,+0.47,Matches
819,Ben Davies,wls WAL,DF,Tottenham Hotspur,eng Premier League,28,1993,29,2538,88,74.2,28.2,28,90,26,1,31,8,1.83,57,30,+27,+0.96,+0.75,Matches
820,Tom Davies,eng ENG,MF,Everton,eng Premier League,23,1998,6,234,39,6.8,2.6,2,83,1,4,17,9,0.83,3,9,-6,-2.31,-1.83,Matches
821,Keinan Davis,eng ENG,FW,Aston Villa,eng Premier League,23,1998,1,12,12,0.4,0.1,0,,0,1,12,5,0.00,0,0,0,0.00,+0.05,Matches
822,Paweł Dawidowicz,pl POL,DF,Hellas Verona,it Serie A,26,1995,17,1198,70,35.0,13.3,13,87,12,4,18,0,1.41,29,22,+7,+0.53,+0.57,Matches
823,Craig Dawson,eng ENG,DF,West Ham United,eng Premier League,31,1990,34,2754,81,80.5,30.6,30,89,28,4,21,3,1.56,48,42,+6,+0.20,-0.21,Matches
824,Lucas De Bolle,eng ENG,MF,Newcastle United,eng Premier League,18,2002,0,,,,,0,,0,0,,4,,,,,,,Matches
825,Kevin De Bruyne,be BEL,MF,Manchester City,eng Premier League,30,1991,30,2201,73,64.4,24.5,25,84,16,5,19,3,2.30,64,22,+42,+1.72,-0.57,Matches
826,Konrad De La Fuente,us USA,"FW,MF",Marseille,fr Ligue 1,20,2001,16,785,49,23.0,8.7,9,68,0,7,25,4,2.00,14,9,+5,+0.57,-0.11,Matches
827,Tommaso De Lorenzo,it ITA,DF,Salernitana,it Serie A,17,2004,0,,,,,0,,0,0,,1,,,,,,,Matches
828,Sebastien De Maio,fr FRA,DF,Udinese,it Serie A,34,1987,2,180,90,5.3,2.0,2,90,2,0,,17,0.00,3,9,-6,-3.00,-3.25,Matches
829,Jacopo De Matteis,it ITA,GK,Salernitana,it Serie A,18,2002,0,,,,,0,,0,0,,3,,,,,,,Matches
830,Tommaso De Nipoti,it ITA,FW,Atalanta,it Serie A,18,2003,1,6,6,0.2,0.1,0,,0,1,6,2,1.00,0,0,0,0.00,-0.45,Matches
831,Rodrigo De Paul,ar ARG,MF,Atlético Madrid,es La Liga,27,1994,36,2151,60,62.9,23.9,24,77,9,12,26,1,1.81,43,24,+19,+0.79,+0.58,Matches
832,Mattia De Sciglio,it ITA,DF,Juventus,it Serie A,28,1992,20,1168,58,34.2,13.0,13,80,9,7,18,7,1.65,18,13,+5,+0.39,-0.21,Matches
833,Lorenzo De Silvestri,it ITA,"MF,DF",Bologna,it Serie A,33,1988,31,2294,74,67.1,25.5,27,82,18,4,21,1,1.23,30,44,-14,-0.55,-0.79,Matches
834,Lucas De Vega,es ESP,MF,Barcelona,es La Liga,21,2000,0,,,,,0,,0,0,,1,,,,,,,Matches
835,Koni De Winter,be BEL,DF,Juventus,it Serie A,19,2002,0,,,,,0,,0,0,,8,,,,,,,Matches
836,Saulo Decarli,ch SUI,DF,Bochum,de Bundesliga,29,1992,1,9,9,0.3,0.1,0,,0,1,9,4,0.00,0,0,0,0.00,+0.41,Matches
837,Troy Deeney,eng ENG,FW,Watford,eng Premier League,33,1988,2,25,13,0.7,0.3,0,,0,2,13,0,1.50,0,1,-1,-3.60,-2.49,Matches
838,Grégoire Defrel,mq MTQ,"FW,MF",Sassuolo,it Serie A,30,1991,38,1362,36,39.8,15.1,11,74,1,27,20,0,1.32,19,32,-13,-0.86,-1.34,Matches
839,Duccio Degl'Innocenti,it ITA,MF,Empoli,it Serie A,18,2003,0,,,,,0,,0,0,,1,,,,,,,Matches
840,Laurenz Dehl,de GER,MF,Union Berlin,de Bundesliga,19,2001,0,,,,,0,,0,0,,2,,,,,,,Matches
841,Alessandro Deiola,it ITA,MF,Cagliari,it Serie A,25,1995,33,2129,65,62.3,23.7,28,71,6,5,29,3,0.79,21,47,-26,-1.10,-0.54,Matches
842,Romain Del Castillo,fr FRA,"FW,MF",Rennes,fr Ligue 1,25,1996,3,28,9,0.8,0.3,0,,0,3,9,1,1.33,0,1,-1,-3.21,-4.36,Matches
843,Romain Del Castillo,fr FRA,MF,Brest,fr Ligue 1,25,1996,19,975,51,28.5,10.8,13,65,0,6,21,4,1.58,15,15,0,0.00,+0.29,Matches
844,Enrico Del Prato,it ITA,"DF,MF",Atalanta,it Serie A,21,1999,0,,,,,0,,0,0,,1,,,,,,,Matches
845,Thomas Delaine,fr FRA,"MF,DF",Metz,fr Ligue 1,29,1992,29,2316,80,67.7,25.7,26,86,22,3,26,1,0.90,24,40,-16,-0.62,+0.85,Matches
846,Thomas Delaney,dk DEN,MF,Sevilla,es La Liga,29,1991,26,1549,60,45.3,17.2,15,82,9,11,29,1,1.96,23,12,+11,+0.64,+0.06,Matches
847,Thomas Delaney,dk DEN,MF,Dortmund,de Bundesliga,29,1991,1,18,18,0.6,0.2,0,,0,1,18,1,3.00,0,1,-1,-5.00,-6.01,Matches
848,Liam Delap,eng ENG,FW,Manchester City,eng Premier League,18,2003,1,10,10,0.3,0.1,0,,0,1,10,3,3.00,1,0,+1,+9.00,+7.10,Matches
849,Sacha Delaye,fr FRA,MF,Montpellier,fr Ligue 1,19,2002,10,254,25,7.4,2.8,3,65,0,7,8,19,,1,9,-8,-2.83,-2.72,Matches
850,Fran Delgado,es ESP,DF,Real Betis,es La Liga,20,2001,0,,,,,0,,0,0,,3,,,,,,,Matches
851,Filippo Delli Carri,it ITA,DF,Salernitana,it Serie A,22,1999,5,334,67,9.8,3.7,3,90,3,2,32,14,0.60,1,15,-14,-3.77,-2.87,Matches
852,Dennis Deloriè,it ITA,FW,Spezia,it Serie A,16,2004,0,,,,,0,,0,0,,2,,,,,,,Matches
853,Andy Delort,dz ALG,FW,Nice,fr Ligue 1,29,1991,32,2448,77,71.6,27.2,26,87,21,6,31,0,1.66,33,30,+3,+0.11,-1.09,Matches
854,Andy Delort,dz ALG,FW,Montpellier,fr Ligue 1,29,1991,3,269,90,7.9,3.0,3,90,2,0,,0,1.33,8,7,+1,+0.33,+0.71,Matches
855,Fabian Delph,eng ENG,MF,Everton,eng Premier League,31,1989,11,662,60,19.4,7.4,8,74,2,3,24,5,1.18,6,6,0,0.00,+0.75,Matches
856,Isaías Delpupo,ar ARG,MF,Cagliari,it Serie A,18,2003,0,,,,,0,,0,0,,1,,,,,,,Matches
857,Moussa Dembélé,fr FRA,FW,Lyon,fr Ligue 1,25,1996,30,2207,74,64.5,24.5,25,84,16,5,24,0,1.77,46,31,+15,+0.61,+0.61,Matches
858,Ousmane Dembélé,fr FRA,"FW,MF",Barcelona,es La Liga,24,1997,21,1409,67,41.2,15.7,15,84,7,6,25,2,2.05,33,14,+19,+1.21,+0.72,Matches
859,Yusuf Demir,at AUT,FW,Barcelona,es La Liga,18,2003,6,192,32,5.6,2.1,2,60,0,4,18,10,1.50,2,1,+1,+0.47,-0.34,Matches
860,Merih Demiral,tr TUR,DF,Atalanta,it Serie A,23,1998,28,1917,68,56.1,21.3,22,81,16,6,22,6,1.61,30,22,+8,+0.38,-0.16,Matches
861,Kerem Demirbay,de GER,MF,Leverkusen,de Bundesliga,28,1993,29,2049,71,67.0,22.8,23,83,12,6,25,0,1.69,46,29,+17,+0.75,-0.68,Matches
862,Ermedin Demirović,ba BIH,FW,Freiburg,de Bundesliga,23,1998,31,871,28,28.5,9.7,9,64,0,22,14,2,1.71,23,13,+10,+1.03,+0.95,Matches
863,Diego Demme,de GER,MF,Napoli,it Serie A,29,1991,19,692,36,20.2,7.7,7,73,1,12,15,13,1.95,10,7,+3,+0.39,-0.93,Matches
864,Jason Denayer,be BEL,DF,Lyon,fr Ligue 1,26,1995,15,1002,67,29.3,11.1,12,80,10,3,14,2,1.53,19,18,+1,+0.09,-0.43,Matches
865,Leander Dendoncker,be BEL,MF,Wolves,eng Premier League,26,1995,30,1950,65,57.0,21.7,21,89,17,9,8,7,1.47,23,28,-5,-0.23,-0.23,Matches
866,Emmanuel Dennis,ng NGA,"FW,MF",Watford,eng Premier League,23,1997,33,2581,78,75.5,28.7,30,83,17,3,31,0,0.64,28,59,-31,-1.08,+0.21,Matches
867,Fabio Depaoli,it ITA,MF,Hellas Verona,it Serie A,24,1997,18,703,39,20.6,7.8,7,71,2,11,19,0,1.56,10,13,-3,-0.38,-0.68,Matches
868,Fabio Depaoli,it ITA,MF,Sampdoria,it Serie A,24,1997,6,112,19,3.3,1.2,1,58,0,5,11,11,0.83,2,4,-2,-1.61,-1.20,Matches
869,Mike van der Hoorn,nl NED,DF,Arminia,de Bundesliga,28,1992,1,14,14,0.5,0.2,0,,0,1,14,0,1.00,0,0,0,0.00,+0.77,Matches
870,Halil Dervişoğlu,tr TUR,FW,Brentford,eng Premier League,21,1999,0,,,,,0,,0,0,,3,,,,,,,Matches
871,Rémy Descamps,fr FRA,GK,Nantes,fr Ligue 1,25,1996,0,,,,,0,,0,0,,18,,,,,,,Matches
872,Arthur Desmas,fr FRA,GK,Clermont Foot,fr Ligue 1,27,1994,15,1304,87,38.1,14.5,15,87,14,0,,16,0.93,18,33,-15,-1.04,-0.35,Matches
873,Jacopo Desogus,it ITA,FW,Cagliari,it Serie A,18,2002,0,,,,,0,,0,0,,2,,,,,,,Matches
874,Sebastiano Desplanches,it ITA,GK,Milan,it Serie A,18,2003,0,,,,,0,,0,0,,1,,,,,,,Matches
875,Sergiño Dest,us USA,"DF,FW",Barcelona,es La Liga,20,2000,21,1512,72,44.2,16.8,17,84,9,4,20,4,1.67,23,15,+8,+0.48,-0.56,Matches
876,Mattia Destro,it ITA,FW,Genoa,it Serie A,30,1991,27,1744,65,51.0,19.4,21,74,7,6,31,3,0.93,19,32,-13,-0.67,+0.40,Matches
877,Gerard Deulofeu,es ESP,"FW,MF",Udinese,it Serie A,27,1994,34,2616,77,76.5,29.1,31,81,14,3,32,0,1.15,43,46,-3,-0.10,-0.77,Matches
878,Alfie Devine,eng ENG,MF,Tottenham Hotspur,eng Premier League,16,2004,0,,,,,0,,0,0,,3,,,,,,,Matches
879,Kiernan Dewsbury-Hall,eng ENG,MF,Leicester City,eng Premier League,22,1998,28,2105,75,61.5,23.4,23,88,19,5,17,8,1.46,37,27,+10,+0.43,+0.91,Matches
880,Jacopo Dezi,it ITA,MF,Venezia,it Serie A,29,1992,1,16,16,0.5,0.2,0,,0,1,16,0,0.00,0,0,0,0.00,+0.93,Matches
881,Samuel Di Carmine,it ITA,FW,Hellas Verona,it Serie A,32,1988,1,36,36,1.1,0.4,0,,0,1,36,0,0.00,2,1,+1,+2.50,+2.37,Matches
882,Federico Di Francesco,it ITA,"FW,MF",Empoli,it Serie A,27,1994,26,1367,53,40.0,15.2,17,68,2,9,23,4,1.08,24,26,-2,-0.13,+0.66,Matches
883,Enrico Di Gesù,it ITA,MF,Milan,it Serie A,19,2002,0,,,,,0,,0,0,,1,,,,,,,Matches
884,Giovanni Di Lorenzo,it ITA,DF,Napoli,it Serie A,27,1993,33,2869,87,83.9,31.9,33,87,29,0,,1,2.18,62,21,+41,+1.29,+0.96,Matches
885,Ángel Di María,ar ARG,"FW,MF",Paris Saint-Germain,fr Ligue 1,33,1988,26,1645,63,48.1,18.3,19,79,4,7,20,3,2.12,40,13,+27,+1.48,+0.11,Matches
886,Francesco Di Mariano,it ITA,FW,Venezia,it Serie A,25,1996,1,62,62,1.8,0.7,1,62,0,0,,0,0.00,0,1,-1,-1.45,-0.54,Matches
887,Lorenzo Di Stefano,it ITA,FW,Sampdoria,it Serie A,18,2002,0,,,,,0,,0,0,,2,,,,,,,Matches
888,Francesco Di Tacchio,it ITA,"MF,DF",Salernitana,it Serie A,31,1990,18,1255,70,36.7,13.9,14,83,10,4,25,14,0.61,9,34,-25,-1.79,-0.96,Matches
889,Boulaye Dia,sn SEN,FW,Villarreal,es La Liga,24,1996,25,1269,51,37.1,14.1,13,75,3,12,25,4,1.56,22,9,+13,+0.92,+0.38,Matches
890,Moussa Diaby,fr FRA,MF,Leverkusen,de Bundesliga,22,1999,32,2760,86,90.2,30.7,32,86,17,0,,0,2.00,77,42,+35,+1.14,+1.74,Matches
891,Yadaly Diaby,gn GUI,"FW,MF",Clermont Foot,fr Ligue 1,20,2000,5,67,13,2.0,0.7,0,,0,5,13,2,1.00,2,2,0,0.00,+0.83,Matches
892,Mouctar Diakhaby,gn GUI,DF,Valencia,es La Liga,24,1996,29,1948,67,57.0,21.6,21,85,17,8,20,4,1.31,23,35,-12,-0.55,-0.98,Matches
893,Ibrahim Diakité,gn GUI,DF,Reims,fr Ligue 1,17,2003,1,4,4,0.1,0.0,0,,0,1,4,1,1.00,0,1,-1,-22.50,-22.50,Matches
894,Abdou Diallo,sn SEN,DF,Paris Saint-Germain,fr Ligue 1,25,1996,12,877,73,25.6,9.7,10,86,8,2,11,10,2.50,23,9,+14,+1.44,+0.02,Matches
895,Amad Diallo,ci CIV,"FW,MF",Manchester Utd,eng Premier League,19,2002,0,,,,,0,,0,0,,1,,,,,,,Matches
896,Habib Diallo,sn SEN,FW,Strasbourg,fr Ligue 1,26,1995,31,1541,50,45.1,17.1,16,77,6,15,21,2,1.52,28,19,+9,+0.53,+0.14,Matches
897,Ibrahima Diallo,fr FRA,MF,Southampton,eng Premier League,22,1999,23,1023,44,29.9,11.4,10,81,7,13,17,12,1.13,13,21,-8,-0.70,-0.10,Matches
898,Habib Diarra,sn SEN,MF,Strasbourg,fr Ligue 1,17,2004,4,109,27,3.2,1.2,1,63,0,3,15,20,2.00,1,1,0,0.00,-0.46,Matches
899,Stéphane Diarra,fr FRA,"FW,MF",Lorient,fr Ligue 1,22,1998,15,525,35,15.4,5.8,5,66,0,10,19,0,1.07,8,10,-2,-0.34,+0.47,Matches
900,Rúben Dias,pt POR,DF,Manchester City,eng Premier League,24,1997,29,2402,83,70.2,26.7,27,87,24,2,32,2,2.48,69,18,+51,+1.91,-0.03,Matches
901,Krépin Diatta,sn SEN,MF,Monaco,fr Ligue 1,22,1999,8,285,36,8.3,3.2,3,60,0,5,21,0,1.13,4,4,0,0.00,-0.72,Matches
902,Amadou Diawara,gn GUI,MF,Roma,it Serie A,24,1997,4,170,43,5.0,1.9,2,68,1,2,18,25,2.25,1,1,0,0.00,-0.44,Matches
903,Brahim Díaz,ma MAR,MF,Milan,it Serie A,21,1999,31,1855,60,54.2,20.6,25,70,2,6,16,4,2.10,34,15,+19,+0.92,-0.17,Matches
904,Javier Díaz,es ESP,GK,Sevilla,es La Liga,24,1997,1,90,90,2.6,1.0,1,90,1,0,,33,1.00,1,1,0,0.00,-0.62,Matches
905,Luis Díaz,co COL,FW,Liverpool,eng Premier League,24,1997,13,958,74,28.0,10.6,11,82,4,2,26,3,2.69,25,4,+21,+1.97,+0.25,Matches
906,Víctor Díaz,es ESP,DF,Granada,es La Liga,33,1988,22,1500,68,43.9,16.7,18,78,10,4,23,11,1.09,22,32,-10,-0.60,-0.27,Matches
907,Tyler Dibling,eng ENG,MF,Southampton,eng Premier League,15,2006,0,,,,,0,,0,0,,1,,,,,,,Matches
908,Thomas Dickson-Peters,sct SCO,FW,Norwich City,eng Premier League,18,2002,0,,,,,0,,0,0,,1,,,,,,,Matches
909,Daniel Didavi,de GER,"MF,FW",Stuttgart,de Bundesliga,31,1990,10,277,28,9.1,3.1,2,68,1,8,18,5,0.90,3,6,-3,-0.97,-0.49,Matches
910,Bamba Dieng,sn SEN,"FW,MF",Marseille,fr Ligue 1,21,2000,25,975,39,28.5,10.8,11,66,1,14,18,4,1.68,22,8,+14,+1.29,+0.89,Matches
911,Eric Dier,eng ENG,DF,Tottenham Hotspur,eng Premier League,27,1994,35,3071,88,89.8,34.1,35,88,34,0,,0,1.94,64,30,+34,+1.00,+2.29,Matches
912,Elhadji Dieye,sn SEN,FW,Saint-Étienne,fr Ligue 1,19,2002,5,34,7,1.0,0.4,0,,0,5,7,2,1.20,0,1,-1,-2.65,-1.74,Matches
913,Sergio Diez Roldan,es ESP,DF,Atlético Madrid,es La Liga,18,2003,0,,,,,0,,0,0,,1,,,,,,,Matches
914,Lucas Digne,fr FRA,DF,Aston Villa,eng Premier League,28,1993,16,1269,79,37.1,14.1,16,79,13,0,,0,1.19,21,20,+1,+0.07,+0.20,Matches
915,Lucas Digne,fr FRA,DF,Everton,eng Premier League,28,1993,13,1170,90,34.2,13.0,13,90,13,0,,1,1.15,16,22,-6,-0.46,+0.22,Matches
916,Mitchell Dijks,nl NED,"MF,DF",Bologna,it Serie A,28,1993,16,694,43,20.3,7.7,7,78,4,9,16,14,0.69,9,12,-3,-0.39,-0.12,Matches
917,Javairô Dilrosun,nl NED,"MF,FW",Bordeaux,fr Ligue 1,23,1998,32,1732,54,50.6,19.2,19,75,2,13,24,2,0.84,28,40,-12,-0.62,+0.82,Matches
918,Javairô Dilrosun,nl NED,MF,Hertha BSC,de Bundesliga,23,1998,2,138,69,4.5,1.5,1,67,0,1,71,1,0.00,1,4,-3,-1.96,-1.00,Matches
919,Federico Dimarco,it ITA,"DF,MF",Inter,it Serie A,23,1997,32,1430,45,41.8,15.9,13,80,6,19,21,6,2.19,39,16,+23,+1.45,+0.14,Matches
920,Landry Dimata,be BEL,FW,Espanyol,es La Liga,23,1997,17,541,32,15.8,6.0,4,73,1,13,19,14,0.94,6,10,-4,-0.67,-0.38,Matches
921,Stole Dimitrievski,mk MKD,GK,Rayo Vallecano,es La Liga,27,1993,31,2772,89,81.1,30.8,30,90,30,1,72,6,1.32,35,36,-1,-0.03,+1.36,Matches
922,Junior Dina Ebimbe,cm CMR,MF,Paris Saint-Germain,fr Ligue 1,20,2000,10,316,32,9.2,3.5,4,66,0,6,9,20,2.60,9,1,+8,+2.28,+0.94,Matches
923,Tristan Dingomé,cm CMR,"MF,FW",Troyes,fr Ligue 1,30,1991,25,1077,43,31.5,12.0,12,71,2,13,17,3,1.24,13,13,0,0.00,+0.61,Matches
924,Sinaly Diomande,ci CIV,DF,Lyon,fr Ligue 1,20,2001,11,579,53,16.9,6.4,5,84,4,6,27,6,1.64,10,11,-1,-0.16,-0.66,Matches
925,Bachir Diop,fr FRA,FW,Troyes,fr Ligue 1,18,2002,0,,,,,0,,0,0,,3,,,,,,,Matches
926,Issa Diop,ma MAR,DF,West Ham United,eng Premier League,24,1997,13,963,74,28.2,10.7,10,90,9,3,22,21,1.62,19,19,0,0.00,-0.33,Matches
927,Sofiane Diop,ma MAR,MF,Monaco,fr Ligue 1,21,2000,30,1948,65,57.0,21.6,24,76,10,6,23,7,1.67,33,24,+9,+0.42,-0.56,Matches
928,Andy Diouf,fr FRA,MF,Rennes,fr Ligue 1,18,2003,5,14,3,0.4,0.2,0,,0,5,3,16,2.00,2,0,+2,+12.86,+11.80,Matches
929,Yehvann Diouf,sn SEN,GK,Reims,fr Ligue 1,21,1999,0,,,,,0,,0,0,,31,,,,,,,Matches
930,Assane Dioussé,sn SEN,MF,Saint-Étienne,fr Ligue 1,23,1997,4,23,6,0.7,0.3,0,,0,4,6,19,1.75,0,1,-1,-3.91,-3.01,Matches
931,Jonas Dirkner,de GER,MF,Hertha BSC,de Bundesliga,19,2002,0,,,,,0,,0,0,,1,,,,,,,Matches
932,Axel Disasi,fr FRA,DF,Monaco,fr Ligue 1,23,1998,32,2721,85,79.6,30.2,30,88,26,2,35,4,1.81,52,35,+17,+0.56,-0.47,Matches
933,Filippo Distefano,it ITA,FW,Fiorentina,it Serie A,17,2003,1,2,2,0.1,0.0,0,,0,1,2,1,3.00,0,0,0,0.00,-0.21,Matches
934,Matías Dituro,ar ARG,GK,Celta Vigo,es La Liga,34,1987,38,3420,90,100.0,38.0,38,90,38,0,,0,1.21,43,43,0,0.00,,Matches
935,Tiago Djaló,pt POR,DF,Lille,fr Ligue 1,21,2000,28,2329,83,68.1,25.9,26,88,24,2,19,6,1.46,32,27,+5,+0.19,+0.61,Matches
936,Djené,tg TOG,DF,Getafe,es La Liga,29,1991,35,3115,89,91.1,34.6,35,89,33,0,,0,1.00,30,37,-7,-0.20,+0.09,Matches
937,Moussa Djenepo,ml MLI,MF,Southampton,eng Premier League,23,1998,12,457,38,13.4,5.1,5,73,2,7,13,10,1.08,4,10,-6,-1.18,-0.63,Matches
938,Koffi Djidji,ci CIV,DF,Torino,it Serie A,28,1992,25,1735,69,50.7,19.3,21,79,13,4,19,4,1.32,24,19,+5,+0.26,+0.26,Matches
939,Alexander Djiku,gh GHA,DF,Strasbourg,fr Ligue 1,26,1994,31,2694,87,78.8,29.9,30,88,27,1,45,1,1.42,43,35,+8,+0.27,-0.85,Matches
940,Bryan Djile Nokoué,cm CMR,DF,Saint-Étienne,fr Ligue 1,19,2002,2,57,29,1.7,0.6,0,,0,2,29,6,0.50,0,1,-1,-1.58,-0.67,Matches
941,Berat Djimsiti,al ALB,DF,Atalanta,it Serie A,28,1993,31,2256,73,66.0,25.1,25,83,19,6,29,1,1.45,39,28,+11,+0.44,-0.03,Matches
942,Ouparine Djoco,gw GNB,GK,Clermont Foot,fr Ligue 1,23,1998,24,2116,88,61.9,23.5,23,90,23,1,46,14,0.96,20,36,-16,-0.68,+0.35,Matches
943,Naïs Djouahra,fr FRA,MF,Real Sociedad,es La Liga,21,1999,7,219,31,6.4,2.4,1,70,0,6,25,17,1.43,3,4,-1,-0.41,-0.52,Matches
944,Marko Dmitrović,rs SRB,GK,Sevilla,es La Liga,29,1992,6,540,90,15.8,6.0,6,90,6,0,,31,2.33,12,5,+7,+1.17,+0.67,Matches
945,Lewis Dobbin,eng ENG,"FW,MF",Everton,eng Premier League,18,2003,3,32,11,0.9,0.4,0,,0,3,11,8,1.67,1,1,0,0.00,+0.61,Matches
946,Owen Dodgson,eng ENG,"DF,MF",Burnley,eng Premier League,18,2003,0,,,,,0,,0,0,,5,,,,,,,Matches
947,Matt Doherty,ie IRL,MF,Tottenham Hotspur,eng Premier League,29,1992,15,875,58,25.6,9.7,9,80,6,6,26,13,2.13,27,11,+16,+1.65,+1.19,Matches
948,Jeremy Doku,be BEL,"MF,FW",Rennes,fr Ligue 1,19,2002,14,469,34,13.7,5.2,4,68,0,10,20,2,1.71,10,4,+6,+1.15,+0.05,Matches
949,Kasper Dolberg,dk DEN,FW,Nice,fr Ligue 1,23,1997,26,1492,57,43.6,16.6,19,70,4,7,22,5,1.92,18,14,+4,+0.24,-0.32,Matches
950,Jaume Doménech,es ESP,GK,Valencia,es La Liga,30,1990,4,343,86,10.0,3.8,3,90,3,1,73,28,1.75,8,4,+4,+1.05,+1.31,Matches
951,Brandon Domingues,fr FRA,MF,Troyes,fr Ligue 1,21,2000,11,231,21,6.8,2.6,1,73,0,10,16,7,0.91,2,3,-1,-0.39,+0.03,Matches
952,Carlos Dominguez,es ESP,DF,Celta Vigo,es La Liga,20,2001,8,344,43,10.1,3.8,3,86,2,5,17,24,2.25,6,2,+4,+1.05,+1.16,Matches
953,Mario Dominguez,es ESP,MF,Valencia,es La Liga,17,2004,2,25,13,0.7,0.3,0,,0,2,13,2,2.00,0,0,0,0.00,+0.13,Matches
954,Nicolás Domínguez,ar ARG,MF,Bologna,it Serie A,23,1998,28,2015,72,58.9,22.4,23,81,9,5,29,1,1.39,33,33,0,0.00,+0.70,Matches
955,John Donald,es ESP,DF,Elche,es La Liga,20,2000,2,180,90,5.3,2.0,2,90,2,0,,12,1.50,3,2,+1,+0.50,+0.86,Matches
956,Lee Dongjun,kr KOR,FW,Hertha BSC,de Bundesliga,24,1997,4,118,30,3.9,1.3,1,55,0,3,21,3,0.25,1,5,-4,-3.05,-2.13,Matches
957,Anastasios Donis,gr GRE,"MF,FW",Reims,fr Ligue 1,24,1996,13,370,28,10.8,4.1,3,51,0,10,22,6,1.08,5,4,+1,+0.24,+0.30,Matches
958,Gianluigi Donnarumma,it ITA,GK,Paris Saint-Germain,fr Ligue 1,22,1999,17,1530,90,44.7,17.0,17,90,17,0,,15,2.41,45,17,+28,+1.65,+0.41,Matches
959,Niklas Dorsch,de GER,MF,Augsburg,de Bundesliga,23,1998,30,2324,77,75.9,25.8,27,83,20,3,26,0,1.13,27,44,-17,-0.66,-0.66,Matches
960,Jodel Dossou,bj BEN,"MF,FW",Clermont Foot,fr Ligue 1,29,1992,35,2008,57,58.7,22.3,23,75,2,12,24,2,0.91,23,44,-21,-0.94,-0.30,Matches
961,Lohann Doucet,bf BFA,MF,Nantes,fr Ligue 1,18,2002,2,6,3,0.2,0.1,0,,0,2,3,6,1.00,0,0,0,0.00,-0.18,Matches
962,Abdoulaye Doucouré,ml MLI,MF,Everton,eng Premier League,28,1993,30,2537,85,74.2,28.2,29,87,27,1,7,1,1.13,33,47,-14,-0.50,+0.42,Matches
963,Cheick Doucouré,ml MLI,MF,Lens,fr Ligue 1,21,2000,34,2946,87,86.1,32.7,33,88,28,1,28,0,1.62,52,39,+13,+0.40,+0.21,Matches
964,Fodé Doucouré,ml MLI,DF,Reims,fr Ligue 1,20,2001,3,154,51,4.5,1.7,1,90,1,2,32,6,0.33,2,4,-2,-1.17,-1.20,Matches
965,Mamadou Doucouré,fr FRA,DF,Gladbach,de Bundesliga,23,1998,0,,,,,0,,0,0,,2,,,,,,,Matches
966,Désiré Doué,fr FRA,"FW,MF",Rennes,fr Ligue 1,16,2005,0,,,,,0,,0,0,,1,,,,,,,Matches
967,Ismaël Doukouré,fr FRA,"DF,MF",Strasbourg,fr Ligue 1,18,2003,1,17,17,0.5,0.2,0,,0,1,17,3,3.00,0,0,0,0.00,-0.45,Matches
968,Kamory Doumbia,ml MLI,MF,Reims,fr Ligue 1,18,2003,8,352,44,10.3,3.9,2,87,1,6,30,10,1.13,5,6,-1,-0.26,-0.26,Matches
969,Moussa Doumbia,ml MLI,MF,Reims,fr Ligue 1,26,1994,4,86,22,2.5,1.0,0,,0,4,22,3,1.25,4,1,+3,+3.14,+3.25,Matches
970,Souleyman Doumbia,ci CIV,"MF,DF",Angers,fr Ligue 1,24,1996,27,2219,82,64.9,24.7,27,82,15,0,,6,1.15,30,37,-7,-0.28,+0.02,Matches
971,Kieran Dowell,eng ENG,MF,Norwich City,eng Premier League,23,1997,19,912,48,26.7,10.1,11,75,3,8,11,17,0.47,8,24,-16,-1.58,+0.04,Matches
972,Tommy Doyle,eng ENG,MF,Manchester City,eng Premier League,19,2001,0,,,,,0,,0,0,,2,,,,,,,Matches
973,Bartłomiej Drągowski,pl POL,GK,Fiorentina,it Serie A,23,1997,7,556,79,16.3,6.2,7,79,6,0,,18,1.29,7,8,-1,-0.16,-0.44,Matches
974,Radu Drăgușin,ro ROU,DF,Sampdoria,it Serie A,19,2002,13,620,48,18.1,6.9,4,88,3,9,30,8,1.00,5,13,-8,-1.16,-0.87,Matches
975,Radu Drăgușin,ro ROU,DF,Salernitana,it Serie A,19,2002,7,488,70,14.3,5.4,5,90,5,2,19,10,0.71,6,14,-8,-1.48,-0.34,Matches
976,Cody Drameh,eng ENG,DF,Leeds United,eng Premier League,19,2001,3,128,43,3.7,1.4,1,90,1,2,19,7,1.00,1,6,-5,-3.52,-2.64,Matches
977,Julian Draxler,de GER,"FW,MF",Paris Saint-Germain,fr Ligue 1,27,1993,18,548,30,16.0,6.1,5,74,0,13,14,3,2.50,19,5,+14,+2.30,+1.05,Matches
978,Matthieu Dreyer,fr FRA,GK,Lorient,fr Ligue 1,32,1989,16,1440,90,42.1,16.0,16,90,16,0,,22,1.19,17,25,-8,-0.50,+0.41,Matches
979,Stefan Drljača,de GER,GK,Dortmund,de Bundesliga,22,1999,0,,,,,0,,0,0,,1,,,,,,,Matches
980,Rick van Drongelen,nl NED,DF,Union Berlin,de Bundesliga,22,1998,0,,,,,0,,0,0,,5,,,,,,,Matches
981,Domingos Duarte,pt POR,DF,Granada,es La Liga,26,1995,21,1687,80,49.3,18.7,19,85,16,2,34,4,0.81,21,31,-10,-0.53,-0.17,Matches
982,Óscar Duarte,cr CRC,DF,Levante,es La Liga,32,1989,23,1773,77,51.8,19.7,20,84,15,3,33,10,1.09,25,36,-11,-0.56,+0.21,Matches
983,Rubén Duarte,es ESP,DF,Alavés,es La Liga,25,1995,34,2621,77,76.6,29.1,31,83,19,3,13,0,0.91,25,44,-19,-0.65,+1.04,Matches
984,Leo Dubois,fr FRA,"DF,MF",Lyon,fr Ligue 1,26,1994,23,1742,76,50.9,19.4,20,82,14,3,32,6,1.39,27,26,+1,+0.05,-0.70,Matches
985,Martin Dúbravka,sk SVK,GK,Newcastle United,eng Premier League,32,1989,26,2340,90,68.4,26.0,26,90,26,0,,3,1.65,29,35,-6,-0.23,+0.77,Matches
986,Ondrej Duda,sk SVK,MF,Köln,de Bundesliga,26,1994,31,1611,52,52.6,17.9,20,72,3,11,16,1,1.48,18,31,-13,-0.73,-1.72,Matches
987,Jeremy Dudziak,tn TUN,"MF,FW",Greuther Fürth,de Bundesliga,25,1995,22,1134,52,37.1,12.6,15,70,3,7,12,3,0.64,12,26,-14,-1.11,+0.76,Matches
988,Shane Duffy,ie IRL,DF,Brighton,eng Premier League,29,1992,18,1436,80,42.0,16.0,15,90,15,3,29,12,1.39,15,19,-4,-0.25,-0.34,Matches
989,Unai Dufur,es ESP,DF,Osasuna,es La Liga,22,1999,1,90,90,2.6,1.0,1,90,1,0,,5,0.00,0,2,-2,-2.00,-1.68,Matches
990,Denzel Dumfries,nl NED,MF,Inter,it Serie A,25,1996,33,2028,61,59.3,22.5,21,83,13,12,24,5,2.15,54,14,+40,+1.78,+1.00,Matches
991,Paul Dummett,wls WAL,DF,Newcastle United,eng Premier League,29,1991,3,198,66,5.8,2.2,2,76,1,1,46,13,2.33,1,1,0,0.00,+0.50,Matches
992,Alfred Duncan,gh GHA,MF,Fiorentina,it Serie A,28,1993,33,1931,59,56.5,21.5,21,76,5,12,29,5,1.76,30,25,+5,+0.23,+0.05,Matches
993,Lewis Dunk,eng ENG,DF,Brighton,eng Premier League,29,1991,29,2573,89,75.2,28.6,29,89,28,0,,1,1.38,32,32,0,0.00,+0.21,Matches
994,Erik Durm,de GER,"DF,MF",Eintracht Frankfurt,de Bundesliga,29,1992,7,474,68,15.5,5.3,7,68,3,0,,7,1.29,3,3,0,0.00,+0.14,Matches
995,Hugo Duro,es ESP,FW,Getafe,es La Liga,21,1999,1,12,12,0.4,0.1,0,,0,1,12,2,0.00,0,0,0,0.00,+0.21,Matches
996,Hugo Duro,es ESP,"MF,FW",Valencia,es La Liga,21,1999,30,1834,61,53.6,20.4,22,76,4,8,20,1,1.20,27,28,-1,-0.05,+0.18,Matches
997,Jean-Kevin Duverne,ht HAI,DF,Brest,fr Ligue 1,24,1997,37,3007,81,87.9,33.4,33,89,31,4,18,1,1.22,44,50,-6,-0.18,+0.26,Matches
998,Paulo Dybala,ar ARG,"FW,MF",Juventus,it Serie A,27,1993,29,2061,71,60.3,22.9,26,76,11,3,28,0,1.59,33,23,+10,+0.44,-0.23,Matches
999,Edin Džeko,ba BIH,FW,Inter,it Serie A,35,1986,36,2469,69,72.2,27.4,27,82,13,9,29,2,2.17,58,20,+38,+1.39,+0.06,Matches
1000,Steeve-Mike Ebongue,fr FRA,MF,Genoa,it Serie A,20,2001,0,,,,,0,,0,0,,1,,,,,,,Matches
1001,Enzo Ebosse,cm CMR,"DF,MF",Angers,fr Ligue 1,22,1999,27,1890,70,55.3,21.0,21,85,17,6,16,4,1.00,21,33,-12,-0.57,-0.63,Matches
1002,Tyronne Ebuehi,ng NGA,DF,Venezia,it Serie A,25,1995,19,1138,60,33.3,12.6,12,79,5,7,28,4,0.68,7,18,-11,-0.87,+0.08,Matches
1003,Simone Edera,it ITA,MF,Torino,it Serie A,24,1997,0,,,,,0,,0,0,,2,,,,,,,Matches
1004,Éderson,br BRA,MF,Salernitana,it Serie A,22,1999,15,1147,76,33.5,12.7,13,79,7,2,61,1,1.27,16,18,-2,-0.16,+1.55,Matches
1005,Ederson,br BRA,GK,Manchester City,eng Premier League,27,1993,37,3330,90,97.4,37.0,37,90,37,0,,0,2.43,97,26,+71,+1.92,-0.08,Matches
1006,Odsonne Édouard,fr FRA,"FW,MF",Crystal Palace,eng Premier League,23,1998,28,1564,56,45.7,17.4,18,78,6,10,15,7,1.36,24,19,+5,+0.29,+0.34,Matches
1007,Samuel Edozie,eng ENG,"FW,MF",Manchester City,eng Premier League,18,2003,0,,,,,0,,0,0,,1,,,,,,,Matches
1008,CJ Egan-Riley,eng ENG,DF,Manchester City,eng Premier League,18,2003,1,4,4,0.1,0.0,0,,0,1,4,6,3.00,2,0,+2,+45.00,+43.13,Matches
1009,Maximilian Eggestein,de GER,MF,Freiburg,de Bundesliga,24,1996,31,2194,71,71.7,24.4,26,80,10,5,23,1,1.65,41,28,+13,+0.53,+0.64,Matches
1010,Destiny Egharevba,it ITA,FW,Fiorentina,it Serie A,18,2003,0,,,,,0,,0,0,,3,,,,,,,Matches
1011,Lilian Egloff,de GER,MF,Stuttgart,de Bundesliga,18,2002,4,31,8,1.0,0.3,0,,0,4,8,1,1.00,0,0,0,0.00,+0.53,Matches
1012,Kingsley Ehizibue,nl NED,DF,Köln,de Bundesliga,26,1995,16,681,43,22.3,7.6,6,74,2,10,24,17,1.25,12,11,+1,+0.13,+0.06,Matches
1013,Julian Eitschberger,de GER,DF,Hertha BSC,de Bundesliga,17,2004,1,45,45,1.5,0.5,1,45,0,0,,1,0.00,0,1,-1,-2.00,-1.01,Matches
1014,Albin Ekdal,se SWE,MF,Sampdoria,it Serie A,32,1989,26,1637,63,47.9,18.2,19,77,7,7,25,5,1.00,20,27,-7,-0.38,+0.12,Matches
1015,Hugo Ekitike,fr FRA,FW,Reims,fr Ligue 1,19,2002,24,1273,53,37.2,14.1,15,69,5,9,27,0,1.21,21,14,+7,+0.49,+0.83,Matches
1016,Jurgen Ekkelenkamp,nl NED,MF,Hertha BSC,de Bundesliga,21,2000,21,718,34,23.5,8.0,6,67,0,15,21,6,1.10,13,13,0,0.00,+1.31,Matches
1017,Jacques Ekomie,ga GAB,DF,Bordeaux,fr Ligue 1,17,2003,0,,,,,0,,0,0,,1,,,,,,,Matches
1018,Emmanuel Ekong,se SWE,FW,Empoli,it Serie A,19,2002,0,,,,,0,,0,0,,2,,,,,,,Matches
1019,Caleb Ekuban,gh GHA,"FW,MF",Genoa,it Serie A,27,1994,30,1716,57,50.2,19.1,18,73,7,12,34,2,0.67,13,29,-16,-0.84,+0.06,Matches
1020,Pierre Ekwah Elimby,fr FRA,MF,West Ham United,eng Premier League,19,2002,0,,,,,0,,0,0,,1,,,,,,,Matches
1021,Anthony Elanga,se SWE,MF,Manchester Utd,eng Premier League,19,2002,21,1214,58,35.5,13.5,14,78,5,7,17,3,1.43,20,17,+3,+0.22,+0.34,Matches
1022,Marvin Elimbi,fr FRA,DF,Strasbourg,fr Ligue 1,18,2003,0,,,,,0,,0,0,,11,,,,,,,Matches
1023,Alberth Elis,hn HON,"FW,MF",Bordeaux,fr Ligue 1,25,1996,20,1409,70,41.2,15.7,16,80,6,4,34,1,0.70,23,44,-21,-1.34,-0.54,Matches
1024,Rob Elliot,ie IRL,GK,Watford,eng Premier League,35,1986,0,,,,,0,,0,0,,9,,,,,,,Matches
1025,Harvey Elliott,eng ENG,MF,Liverpool,eng Premier League,18,2003,6,346,58,10.1,3.8,4,77,2,2,20,6,2.67,7,2,+5,+1.30,-0.54,Matches
1026,Elif Elmas,mk MKD,MF,Napoli,it Serie A,21,1999,37,1620,44,47.4,18.0,12,84,6,25,25,0,2.14,38,15,+23,+1.28,+0.28,Matches
1027,Mohamed Elneny,eg EGY,MF,Arsenal,eng Premier League,29,1992,14,806,58,23.6,9.0,8,90,8,6,14,19,1.71,20,17,+3,+0.33,-0.01,Matches
1028,Aritz Elustondo,es ESP,DF,Real Sociedad,es La Liga,27,1994,30,2105,70,61.5,23.4,22,88,19,8,21,6,1.77,27,21,+6,+0.26,+0.46,Matches
1029,Nico Elvedi,ch SUI,DF,Gladbach,de Bundesliga,24,1996,28,2430,87,79.4,27.0,28,87,26,0,,0,1.21,37,54,-17,-0.63,-2.06,Matches
1030,Mohamed Elyounoussi,no NOR,MF,Southampton,eng Premier League,26,1994,30,2042,68,59.7,22.7,23,82,12,7,23,5,1.10,24,35,-11,-0.48,+0.36,Matches
1031,Adri Embarba,es ESP,"MF,FW",Espanyol,es La Liga,29,1992,32,1986,62,58.1,22.1,24,75,6,8,22,6,1.19,21,23,-2,-0.09,+0.60,Matches
1032,Breel Embolo,ch SUI,"FW,MF",Gladbach,de Bundesliga,24,1997,29,2166,75,70.8,24.1,24,85,18,5,24,0,1.41,39,36,+3,+0.12,+1.13,Matches
1033,Emerson,br BRA,DF,Barcelona,es La Liga,22,1999,3,91,30,2.7,1.0,1,62,0,2,15,0,2.33,3,3,0,0.00,-0.81,Matches
1034,Emerson,br BRA,"MF,DF",Tottenham Hotspur,eng Premier League,22,1999,31,2286,74,66.8,25.4,26,85,17,5,16,3,1.81,43,26,+17,+0.67,-0.28,Matches
1035,Renaud Emond,be BEL,"MF,FW",Nantes,fr Ligue 1,29,1991,6,190,32,5.6,2.1,2,70,0,4,13,5,1.33,3,2,+1,+0.47,+0.31,Matches
1036,Youssef En-Nesyri,ma MAR,FW,Sevilla,es La Liga,24,1997,23,1277,56,37.3,14.2,15,73,3,8,24,2,1.83,13,5,+8,+0.56,-0.07,Matches
1037,Keita Endo,jp JPN,"FW,MF",Union Berlin,de Bundesliga,23,1997,4,55,14,1.8,0.6,0,,0,4,14,9,0.00,1,1,0,0.00,-0.18,Matches
1038,Wataru Endo,jp JPN,MF,Stuttgart,de Bundesliga,28,1993,33,2899,88,94.7,32.2,33,88,29,0,,0,0.97,37,57,-20,-0.62,-1.74,Matches
1039,Yannik Engelhardt,de GER,MF,Freiburg,de Bundesliga,20,2001,0,,,,,0,,0,0,,2,,,,,,,Matches
1040,Christian Eriksen,dk DEN,MF,Brentford,eng Premier League,29,1992,11,939,85,27.5,10.4,10,90,10,1,39,0,2.00,20,10,+10,+0.96,+1.61,Matches
1041,Martin Erlic,hr CRO,DF,Spezia,it Serie A,23,1998,30,2576,86,75.3,28.6,30,86,27,0,,0,1.07,29,51,-22,-0.77,+0.08,Matches
1042,Tjark Ernst,de GER,GK,Bochum,de Bundesliga,18,2003,0,,,,,0,,0,0,,1,,,,,,,Matches
1043,Gonzalo Escalante,ar ARG,MF,Lazio,it Serie A,28,1993,1,9,9,0.3,0.1,0,,0,1,9,15,3.00,0,0,0,0.00,-0.50,Matches
1044,Gonzalo Escalante,ar ARG,MF,Alavés,es La Liga,28,1993,17,1300,76,38.0,14.4,15,81,6,2,40,0,0.88,14,25,-11,-0.76,+0.21,Matches
1045,Aarón Escandell,es ESP,GK,Granada,es La Liga,25,1995,4,284,71,8.3,3.2,3,90,3,1,14,31,1.00,4,8,-4,-1.27,-0.89,Matches
1046,Sergio Escudero,es ESP,DF,Granada,es La Liga,31,1989,27,1434,53,41.9,15.9,15,83,9,12,16,3,1.26,23,22,+1,+0.06,+0.88,Matches
1047,Alfonso Espino,uy URU,DF,Cádiz,es La Liga,29,1992,37,3329,90,97.3,37.0,37,90,36,0,,0,1.03,35,51,-16,-0.43,-0.43,Matches
1048,Michael Esser,de GER,GK,Bochum,de Bundesliga,33,1987,3,270,90,8.8,3.0,3,90,3,0,,30,2.00,9,7,+2,+0.67,+1.18,Matches
1049,Estanis,es ESP,FW,Barcelona,es La Liga,17,2003,1,11,11,0.3,0.1,0,,0,1,11,0,3.00,0,0,0,0.00,-0.79,Matches
1050,Maxime Estève,fr FRA,DF,Montpellier,fr Ligue 1,19,2002,24,1857,77,54.3,20.6,20,89,17,4,21,3,0.92,18,33,-15,-0.73,-0.90,Matches
1051,Pervis Estupiñán,ec ECU,DF,Villarreal,es La Liga,23,1998,28,1575,56,46.1,17.5,17,78,7,11,22,9,1.46,30,17,+13,+0.74,+0.11,Matches
1052,Oghenekaro Etebo,ng NGA,MF,Watford,eng Premier League,25,1995,9,401,45,11.7,4.5,4,87,3,5,11,3,0.89,3,8,-5,-1.12,+0.01,Matches
1053,Jonny Evans,nir NIR,DF,Leicester City,eng Premier League,33,1988,18,1348,75,39.4,15.0,16,81,12,2,29,2,1.61,27,23,+4,+0.27,+0.31,Matches
1054,Eberechi Eze,eng ENG,"MF,FW",Crystal Palace,eng Premier League,23,1998,13,605,47,17.7,6.7,6,80,2,7,18,12,1.00,6,8,-2,-0.30,-0.49,Matches
1055,Jokin Ezkieta,es ESP,GK,Athletic Club,es La Liga,24,1996,0,,,,,0,,0,0,,27,,,,,,,Matches
1056,Abde Ezzalzouli,ma MAR,FW,Barcelona,es La Liga,19,2001,10,580,58,17.0,6.4,6,81,1,4,24,3,1.70,8,8,0,0.00,-0.95,Matches
1057,Łukasz Fabiański,pl POL,GK,West Ham United,eng Premier League,36,1985,37,3330,90,97.4,37.0,37,90,37,0,,0,1.51,60,50,+10,+0.27,+1.27,Matches
1058,Fabinho,br BRA,MF,Liverpool,eng Premier League,27,1993,29,2314,80,67.7,25.7,26,86,21,3,27,1,2.38,62,18,+44,+1.71,-0.24,Matches
1059,Fábio,br BRA,"DF,MF",Nantes,fr Ligue 1,31,1990,27,1667,62,48.7,18.5,21,73,5,6,22,1,1.52,31,26,+5,+0.27,+0.17,Matches
1060,Cesc Fàbregas,es ESP,"FW,MF",Monaco,fr Ligue 1,34,1987,2,38,19,1.1,0.4,0,,0,2,19,3,0.00,0,1,-1,-2.37,-3.06,Matches
1061,Wout Faes,be BEL,DF,Reims,fr Ligue 1,23,1998,37,3330,90,97.4,37.0,37,90,37,0,,0,1.22,42,43,-1,-0.03,-0.03,Matches
1062,Wahid Faghir,dk DEN,FW,Stuttgart,de Bundesliga,18,2003,6,123,21,4.0,1.4,0,,0,6,21,3,0.33,1,2,-1,-0.73,-0.21,Matches
1063,Nicolò Fagioli,it ITA,MF,Juventus,it Serie A,20,2001,0,,,,,0,,0,0,,1,,,,,,,Matches
1064,Romain Faivre,fr FRA,MF,Lyon,fr Ligue 1,23,1998,14,889,64,26.0,9.9,9,84,6,5,27,0,1.64,21,12,+9,+0.91,+0.70,Matches
1065,Romain Faivre,fr FRA,MF,Brest,fr Ligue 1,23,1998,21,1795,85,52.5,19.9,20,88,14,1,31,0,1.33,25,29,-4,-0.20,+0.02,Matches
1066,Radamel Falcao,co COL,FW,Rayo Vallecano,es La Liga,35,1986,22,838,38,24.5,9.3,8,75,2,14,17,4,1.00,9,12,-3,-0.32,-0.04,Matches
1067,Diego Falcinelli,it ITA,"FW,MF",Bologna,it Serie A,30,1991,6,66,11,1.9,0.7,0,,0,6,11,6,0.33,0,1,-1,-1.36,-1.10,Matches
1068,Wladimiro Falcone,it ITA,GK,Sampdoria,it Serie A,26,1995,10,855,86,25.0,9.5,9,90,9,1,45,27,0.70,10,14,-4,-0.42,+0.04,Matches
1069,Fali,es ESP,"DF,MF",Cádiz,es La Liga,27,1993,28,1803,64,52.7,20.0,23,74,11,5,22,5,1.21,20,24,-4,-0.20,+0.47,Matches
1070,Boubacar Fall,sn SEN,GK,Saint-Étienne,fr Ligue 1,20,2001,0,,,,,0,,0,0,,5,,,,,,,Matches
1071,Paolo Faragò,it ITA,"DF,MF",Cagliari,it Serie A,28,1993,1,16,16,0.5,0.2,0,,0,1,16,2,3.00,0,0,0,0.00,+0.90,Matches
1072,Omar Faraj,ps PLE,FW,Levante,es La Liga,19,2002,1,4,4,0.1,0.0,0,,0,1,4,1,3.00,0,0,0,0.00,+0.66,Matches
1073,Davide Faraoni,it ITA,MF,Hellas Verona,it Serie A,29,1991,32,2572,80,75.2,28.6,30,84,21,2,27,0,1.53,51,41,+10,+0.35,+0.77,Matches
1074,Mohamed Fares,dz ALG,"DF,FW",Torino,it Serie A,25,1996,0,,,,,0,,0,0,,1,,,,,,,Matches
1075,Mohamed Fares,dz ALG,"MF,DF",Genoa,it Serie A,25,1996,9,587,65,17.2,6.5,6,80,4,3,36,0,0.78,11,13,-2,-0.31,+0.68,Matches
1076,Diego Farias,br BRA,FW,Cagliari,it Serie A,31,1990,4,66,17,1.9,0.7,0,,0,4,17,5,0.00,0,3,-3,-4.09,-3.26,Matches
1077,Wuilker Faríñez,ve VEN,GK,Lens,fr Ligue 1,23,1998,13,1105,85,32.3,12.3,11,90,11,2,58,23,1.92,24,15,+9,+0.73,+0.54,Matches
1078,Ömer Faruk Beyaz,tr TUR,MF,Stuttgart,de Bundesliga,17,2003,4,71,18,2.3,0.8,0,,0,4,18,16,0.50,1,1,0,0.00,+0.54,Matches
1079,Noah Fatar,fr FRA,FW,Angers,fr Ligue 1,19,2002,3,5,2,0.1,0.1,0,,0,3,2,8,2.00,0,0,0,0.00,+0.29,Matches
1080,Ansu Fati,es ESP,FW,Barcelona,es La Liga,18,2002,10,336,34,9.8,3.7,3,59,0,7,23,0,1.70,8,4,+4,+1.07,+0.31,Matches
1081,Julien Faussurier,fr FRA,"MF,DF",Brest,fr Ligue 1,34,1987,16,489,31,14.3,5.4,4,83,3,12,13,18,1.25,8,8,0,0.00,+0.25,Matches
1082,Andrea Favilli,it ITA,FW,Genoa,it Serie A,24,1997,1,36,36,1.1,0.4,0,,0,1,36,1,0.00,0,2,-2,-5.00,-4.18,Matches
1083,Federico Fazio,ar ARG,DF,Salernitana,it Serie A,34,1987,16,1434,90,41.9,15.9,16,90,15,0,,0,1.25,18,26,-8,-0.50,+1.17,Matches
1084,Jacopo Fazzini,it ITA,MF,Empoli,it Serie A,18,2003,0,,,,,0,,0,0,,8,,,,,,,Matches
1085,Aleix Febas,es ESP,MF,Mallorca,es La Liga,25,1996,4,117,29,3.4,1.3,1,58,0,3,20,14,0.25,2,5,-3,-2.31,-1.65,Matches
1086,Jacopo Fedrizzi,it ITA,MF,Udinese,it Serie A,18,2003,0,,,,,0,,0,0,,2,,,,,,,Matches
1087,Josh Feeney,eng ENG,DF,Aston Villa,eng Premier League,16,2005,0,,,,,0,,0,0,,3,,,,,,,Matches
1088,Adrian Fein,de GER,MF,Greuther Fürth,de Bundesliga,22,1999,3,32,11,1.0,0.4,0,,0,3,11,5,0.00,2,2,0,0.00,+1.61,Matches
1089,Nabil Fekir,fr FRA,MF,Real Betis,es La Liga,28,1993,34,2794,82,81.7,31.0,33,84,15,1,33,1,1.71,51,32,+19,+0.61,+0.18,Matches
1090,Yassin Fekir,fr FRA,FW,Real Betis,es La Liga,24,1997,0,,,,,0,,0,0,,3,,,,,,,Matches
1091,Nicolas Feldhahn,de GER,"DF,MF",Bayern Munich,de Bundesliga,34,1986,0,,,,,0,,0,0,,1,,,,,,,Matches
1092,Felipe,br BRA,DF,Atlético Madrid,es La Liga,32,1989,26,1504,58,44.0,16.7,15,87,13,11,18,8,2.00,32,25,+7,+0.42,-0.29,Matches
1093,Luiz Felipe,it ITA,DF,Lazio,it Serie A,24,1997,31,2491,80,72.8,27.7,28,87,22,3,21,3,1.61,50,39,+11,+0.40,-0.38,Matches
1094,João Félix,pt POR,FW,Atlético Madrid,es La Liga,21,1999,24,1263,53,36.9,14.0,13,74,4,11,27,0,1.71,28,22,+6,+0.43,-0.24,Matches
1095,Ohis Felix Uduokhai,de GER,DF,Augsburg,de Bundesliga,23,1997,13,787,61,25.7,8.7,8,83,7,5,25,3,0.92,5,25,-20,-2.29,-2.41,Matches
1096,Kiko Femenía,es ESP,DF,Watford,eng Premier League,30,1991,27,2142,79,62.6,23.8,26,81,17,1,25,0,0.56,21,49,-28,-1.18,-0.12,Matches
1097,Evan Ferguson,ie IRL,FW,Brighton,eng Premier League,16,2004,1,23,23,0.7,0.3,0,,0,1,23,16,0.00,0,1,-1,-3.91,-3.89,Matches
1098,Nathan Ferguson,eng ENG,DF,Crystal Palace,eng Premier League,20,2000,1,9,9,0.3,0.1,0,,0,1,9,3,0.00,0,0,0,0.00,-0.11,Matches
1099,Bruno Fernandes,pt POR,MF,Manchester Utd,eng Premier League,26,1994,36,3111,86,91.0,34.6,35,88,26,1,31,0,1.44,49,54,-5,-0.14,-1.60,Matches
1100,Edimilson Fernandes,ch SUI,MF,Arminia,de Bundesliga,25,1996,7,283,40,9.2,3.1,2,70,0,5,29,8,0.71,3,7,-4,-1.27,-0.56,Matches
1101,Aitor Fernández,es ESP,GK,Levante,es La Liga,30,1991,13,1166,90,34.1,13.0,13,90,12,0,,22,0.62,12,29,-17,-1.31,-0.99,Matches
1102,Álex Fernández,es ESP,MF,Cádiz,es La Liga,28,1992,32,2051,64,60.0,22.8,22,83,14,10,23,4,1.00,21,32,-11,-0.48,-0.15,Matches
1103,Álvaro Fernández,es ESP,GK,Brentford,eng Premier League,23,1998,12,1080,90,31.6,12.0,12,90,12,0,,19,0.92,13,24,-11,-0.92,-1.03,Matches
1104,César Fernández,es ESP,GK,Celta Vigo,es La Liga,17,2004,0,,,,,0,,0,0,,2,,,,,,,Matches
1105,Marcos Fernández Cózar,es ESP,DF,Mallorca,es La Liga,18,2003,0,,,,,0,,0,0,,2,,,,,,,Matches
1106,Federico Fernández,ar ARG,DF,Newcastle United,eng Premier League,32,1989,7,523,75,15.3,5.8,5,87,4,2,43,11,0.86,7,12,-5,-0.86,-0.46,Matches
1107,Fernandinho,br BRA,"MF,DF",Manchester City,eng Premier League,36,1985,19,964,51,28.2,10.7,10,82,7,9,17,19,2.63,34,12,+22,+2.05,+0.19,Matches
1108,Fernando,br BRA,"MF,DF",Sevilla,es La Liga,34,1987,24,1850,77,54.1,20.6,21,85,17,3,19,0,2.08,29,17,+12,+0.58,-0.05,Matches
1109,Alex Ferrari,it ITA,DF,Sampdoria,it Serie A,27,1994,23,1643,71,48.0,18.3,20,78,8,3,26,15,1.13,21,26,-5,-0.27,+0.33,Matches
1110,Salvador Ferrer,es ESP,"DF,MF",Spezia,it Serie A,23,1998,27,1495,55,43.7,16.6,14,85,11,13,24,11,1.11,19,37,-18,-1.08,-0.52,Matches
1111,Jordan Ferri,fr FRA,MF,Montpellier,fr Ligue 1,29,1992,34,2911,86,85.1,32.3,33,88,23,1,17,0,1.24,45,49,-4,-0.12,+1.29,Matches
1112,Riccardo Fiamozzi,it ITA,DF,Empoli,it Serie A,28,1993,10,620,62,18.1,6.9,7,82,4,3,15,22,0.30,9,16,-7,-1.02,-0.60,Matches
1113,Fidel,es ESP,MF,Elche,es La Liga,31,1989,33,2261,69,66.1,25.1,29,73,7,4,36,1,1.06,21,31,-10,-0.40,-0.24,Matches
1114,Karol Fila,pl POL,"DF,MF",Strasbourg,fr Ligue 1,23,1998,16,560,35,16.4,6.2,7,69,0,9,9,16,2.13,6,10,-4,-0.64,-1.30,Matches
1115,Alfreð Finnbogason,is ISL,"FW,MF",Augsburg,de Bundesliga,32,1989,10,292,29,9.5,3.2,3,63,1,7,15,8,1.10,6,3,+3,+0.92,+1.57,Matches
1116,Luca Fiordilino,it ITA,MF,Venezia,it Serie A,25,1996,15,661,44,19.3,7.3,5,69,1,10,32,9,0.80,5,14,-9,-1.23,-0.38,Matches
1117,Vincenzo Fiorillo,it ITA,GK,Salernitana,it Serie A,31,1990,1,90,90,2.6,1.0,1,90,1,0,,19,0.00,0,5,-5,-5.00,-3.92,Matches
1118,Roberto Firmino,br BRA,FW,Liverpool,eng Premier League,29,1991,20,990,50,28.9,11.0,10,77,3,10,22,2,2.25,32,9,+23,+2.09,+0.42,Matches
1119,Junior Firpo,do DOM,"DF,MF",Leeds United,eng Premier League,24,1996,24,1711,71,50.0,19.0,19,78,11,5,47,1,0.83,18,49,-31,-1.63,-1.31,Matches
1120,Mark Flekken,nl NED,GK,Freiburg,de Bundesliga,28,1993,32,2880,90,94.1,32.0,32,90,32,0,,0,1.69,55,39,+16,+0.50,+2.50,Matches
1121,Juan Flere,ar ARG,GK,Cádiz,es La Liga,23,1998,0,,,,,0,,0,0,,8,,,,,,,Matches
1122,Ashley Fletcher,eng ENG,FW,Watford,eng Premier League,25,1995,3,30,10,0.9,0.3,0,,0,3,10,14,0.00,0,0,0,0.00,+1.14,Matches
1123,Alexis Flips,fr FRA,MF,Reims,fr Ligue 1,21,2000,25,1056,42,30.9,11.7,13,63,1,12,20,11,1.12,13,9,+4,+0.34,+0.53,Matches
1124,Alessandro Florenzi,it ITA,"DF,MF",Milan,it Serie A,30,1991,24,1152,48,33.7,12.8,12,77,3,12,19,4,2.08,23,10,+13,+1.02,+0.02,Matches
1125,Marcelo Flores,ca CAN,MF,Arsenal,eng Premier League,17,2003,0,,,,,0,,0,0,,1,,,,,,,Matches
1126,Romano Floriani,it ITA,MF,Lazio,it Serie A,18,2003,0,,,,,0,,0,0,,5,,,,,,,Matches
1127,Mattia Florio,it ITA,FW,Hellas Verona,it Serie A,17,2003,0,,,,,0,,0,0,,1,,,,,,,Matches
1128,Oliver Fobassam,de GER,DF,Greuther Fürth,de Bundesliga,18,2003,0,,,,,0,,0,0,,7,,,,,,,Matches
1129,Phil Foden,eng ENG,FW,Manchester City,eng Premier League,21,2000,28,2128,76,62.2,23.6,24,84,15,4,26,5,2.43,59,16,+43,+1.82,-0.27,Matches
1130,Mamadou Fofana,ml MLI,"DF,MF",Metz,fr Ligue 1,23,1998,1,33,33,1.0,0.4,0,,0,1,33,0,1.00,0,2,-2,-5.45,-4.60,Matches
1131,Sadik Fofana,tg TOG,MF,Leverkusen,de Bundesliga,18,2003,0,,,,,0,,0,0,,3,,,,,,,Matches
1132,Seko Fofana,ci CIV,MF,Lens,fr Ligue 1,26,1995,38,3357,88,98.2,37.3,38,88,31,0,,0,1.63,61,48,+13,+0.35,-1.08,Matches
1133,Wesley Fofana,fr FRA,DF,Leicester City,eng Premier League,20,2000,7,630,90,18.4,7.0,7,90,7,0,,2,1.43,13,7,+6,+0.86,+0.95,Matches
1134,Youssouf Fofana,fr FRA,MF,Monaco,fr Ligue 1,22,1999,33,2190,66,64.0,24.3,23,85,19,10,24,2,1.94,44,27,+17,+0.70,+0.11,Matches
1135,Thomas Foket,be BEL,"MF,DF",Reims,fr Ligue 1,26,1994,29,2235,77,65.4,24.8,26,82,16,3,36,0,1.31,25,28,-3,-0.12,-0.27,Matches
1136,Thomas Fontaine,mg MAD,DF,Lorient,fr Ligue 1,30,1991,2,167,84,4.9,1.9,2,84,1,0,,16,0.50,3,4,-1,-0.54,+0.21,Matches
1137,José Fontán,es ESP,DF,Celta Vigo,es La Liga,21,2000,9,276,31,8.1,3.1,3,75,2,6,9,25,1.00,1,4,-3,-0.98,-1.06,Matches
1138,José Fonte,pt POR,DF,Lille,fr Ligue 1,37,1983,38,3420,90,100.0,38.0,38,90,38,0,,0,1.45,48,48,0,0.00,,Matches
1139,Shaqai Forde,eng ENG,"FW,MF",Watford,eng Premier League,17,2004,0,,,,,0,,0,0,,1,,,,,,,Matches
1140,Fernando Forestieri,it ITA,"FW,MF",Udinese,it Serie A,31,1990,4,58,15,1.7,0.6,0,,0,4,15,12,0.75,4,0,+4,+6.21,+6.23,Matches
1141,Pablo Fornals,es ESP,MF,West Ham United,eng Premier League,25,1996,36,2795,78,81.7,31.1,32,85,19,4,20,0,1.39,45,38,+7,+0.23,-0.06,Matches
1142,Emil Forsberg,se SWE,MF,RB Leipzig,de Bundesliga,29,1991,31,1706,55,55.8,19.0,20,70,5,11,27,0,1.58,34,16,+18,+0.95,-0.18,Matches
1143,Adam Forshaw,eng ENG,MF,Leeds United,eng Premier League,29,1991,22,1530,70,44.7,17.0,17,83,13,5,23,4,1.05,20,41,-21,-1.24,-0.47,Matches
1144,Marcus Forss,fi FIN,FW,Brentford,eng Premier League,22,1999,7,209,30,6.1,2.3,1,90,1,6,20,16,0.86,4,4,0,0.00,+0.22,Matches
1145,Fraser Forster,eng ENG,GK,Southampton,eng Premier League,33,1988,19,1710,90,50.0,19.0,19,90,19,0,,14,1.21,25,35,-10,-0.53,+0.21,Matches
1146,Philipp Förster,de GER,"MF,FW",Stuttgart,de Bundesliga,26,1995,20,967,48,31.6,10.7,11,71,2,9,20,6,1.10,18,22,-4,-0.37,+0.23,Matches
1147,Francesco Forte,it ITA,FW,Venezia,it Serie A,28,1993,12,422,35,12.3,4.7,4,74,2,8,16,8,0.33,4,10,-6,-1.28,-0.41,Matches
1148,Hernâni Fortes,pt POR,"FW,MF",Levante,es La Liga,29,1991,0,,,,,0,,0,0,,1,,,,,,,Matches
1149,Steven Fortes,cv CPV,DF,Lens,fr Ligue 1,29,1992,1,90,90,2.6,1.0,1,90,1,0,,0,1.00,1,1,0,0.00,-0.38,Matches
1150,Ben Foster,eng ENG,GK,Watford,eng Premier League,38,1983,26,2340,90,68.4,26.0,26,90,26,0,,2,0.77,24,49,-25,-0.96,+0.54,Matches
1151,Tariqe Fosu,gh GHA,"FW,MF",Brentford,eng Premier League,25,1995,1,17,17,0.5,0.2,0,,0,1,17,7,0.00,1,0,+1,+5.29,+5.53,Matches
1152,Timothy Fosu-Mensah,nl NED,DF,Leverkusen,de Bundesliga,23,1998,6,145,24,4.7,1.6,0,,0,6,24,3,2.50,3,3,0,0.00,-1.02,Matches
1153,Dimitri Foulquier,fr FRA,DF,Granada,es La Liga,28,1993,2,180,90,5.3,2.0,2,90,2,0,,0,1.00,1,1,0,0.00,+0.47,Matches
1154,Dimitri Foulquier,fr FRA,"DF,MF",Valencia,es La Liga,28,1993,29,2342,81,68.5,26.0,25,89,23,4,31,0,1.17,30,36,-6,-0.23,-0.31,Matches
1155,Juan Foyth,ar ARG,DF,Villarreal,es La Liga,23,1998,25,1924,77,56.3,21.4,22,84,12,3,29,5,1.24,29,19,+10,+0.47,-0.49,Matches
1156,Gianluca Frabotta,it ITA,"DF,MF",Hellas Verona,it Serie A,22,1999,2,20,10,0.6,0.2,0,,0,2,10,10,1.50,0,0,0,0.00,-0.16,Matches
1157,Raphael Framberger,de GER,"DF,MF",Augsburg,de Bundesliga,25,1995,23,848,37,27.7,9.4,9,73,5,14,13,10,1.35,8,12,-4,-0.42,+0.10,Matches
1158,Denis Franchi,it ITA,GK,Paris Saint-Germain,fr Ligue 1,18,2002,0,,,,,0,,0,0,,1,,,,,,,Matches
1159,Przemysław Frankowski,pl POL,MF,Lens,fr Ligue 1,26,1995,37,2448,66,71.6,27.2,28,81,16,9,19,0,1.65,44,37,+7,+0.26,-0.39,Matches
1160,Enric Franquesa,es ESP,"DF,MF",Levante,es La Liga,24,1997,16,625,39,18.3,6.9,6,75,4,10,18,17,0.69,7,12,-5,-0.72,-0.08,Matches
1161,Fransérgio,br BRA,MF,Bordeaux,fr Ligue 1,30,1990,26,1258,48,36.8,14.0,14,75,6,12,17,8,0.69,17,47,-30,-2.15,-1.77,Matches
1162,Jakob Franz Pálsson,is ISL,DF,Venezia,it Serie A,18,2003,0,,,,,0,,0,0,,2,,,,,,,Matches
1163,Davide Franzini,it ITA,GK,Bologna,it Serie A,16,2005,0,,,,,0,,0,0,,2,,,,,,,Matches
1164,Ryan Fraser,sct SCO,"FW,MF",Newcastle United,eng Premier League,27,1994,27,1465,54,42.8,16.3,18,74,5,9,15,3,1.19,21,24,-3,-0.18,+0.51,Matches
1165,Davide Frattesi,it ITA,MF,Sassuolo,it Serie A,21,1999,36,2854,79,83.5,31.7,35,81,6,1,30,0,1.28,55,52,+3,+0.09,+0.89,Matches
1166,Fred,br BRA,MF,Manchester Utd,eng Premier League,28,1993,28,2028,72,59.3,22.5,24,81,14,4,23,3,1.75,32,31,+1,+0.04,+0.11,Matches
1167,Ryan Fredericks,eng ENG,DF,West Ham United,eng Premier League,28,1992,7,307,44,9.0,3.4,3,75,2,4,21,18,1.57,7,6,+1,+0.29,+0.06,Matches
1168,Morten Frendrup,dk DEN,"DF,MF",Genoa,it Serie A,20,2001,10,695,70,20.3,7.7,6,87,5,4,44,5,1.00,4,9,-5,-0.65,+0.28,Matches
1169,Remo Freuler,ch SUI,MF,Atalanta,it Serie A,29,1992,29,2369,82,69.3,26.3,28,83,18,1,52,5,1.38,34,35,-1,-0.04,-1.58,Matches
1170,José Friaza,es ESP,FW,Elche,es La Liga,19,2002,0,,,,,0,,0,0,,2,,,,,,,Matches
1171,Marvin Friedrich,de GER,DF,Gladbach,de Bundesliga,25,1995,8,600,75,19.6,6.7,7,82,5,1,25,2,1.38,13,11,+2,+0.30,+0.63,Matches
1172,Marvin Friedrich,de GER,DF,Union Berlin,de Bundesliga,25,1995,13,1169,90,38.2,13.0,13,90,12,0,,1,1.77,20,15,+5,+0.38,+0.34,Matches
1173,Jeremie Frimpong,nl NED,DF,Leverkusen,de Bundesliga,20,2000,25,2052,82,67.1,22.8,25,82,15,0,,1,1.76,58,35,+23,+1.01,+0.12,Matches
1174,Filippo Frison,it ITA,DF,Fiorentina,it Serie A,19,2002,0,,,,,0,,0,0,,4,,,,,,,Matches
1175,Julian Frommann,de GER,MF,Arminia,de Bundesliga,18,2003,0,,,,,0,,0,0,,1,,,,,,,Matches
1176,Christian Früchtl,de GER,GK,Bayern Munich,de Bundesliga,21,2000,1,10,10,0.3,0.1,0,,0,1,10,16,1.00,0,0,0,0.00,-1.77,Matches
1177,Jorge de Frutos,es ESP,"MF,FW",Levante,es La Liga,24,1997,25,1760,70,51.5,19.6,20,82,8,5,24,0,0.56,23,44,-21,-1.07,-0.86,Matches
1178,Leo Fuhr Hjelde,no NOR,DF,Leeds United,eng Premier League,17,2003,2,150,75,4.4,1.7,0,,0,2,75,14,1.50,2,5,-3,-1.80,-0.86,Matches
1179,Chris Führich,de GER,"MF,FW",Stuttgart,de Bundesliga,23,1998,25,1714,69,56.0,19.0,21,76,5,4,30,0,1.00,21,27,-6,-0.32,+0.49,Matches
1180,Toni Fuidias,es ESP,GK,Real Madrid,es La Liga,20,2001,0,,,,,0,,0,0,,18,,,,,,,Matches
1181,Angelo Fulgini,nc NCL,"MF,FW",Angers,fr Ligue 1,24,1996,36,2929,81,85.6,32.5,35,83,13,1,8,0,0.97,40,48,-8,-0.25,+0.30,Matches
1182,Marius Funk,de GER,GK,Greuther Fürth,de Bundesliga,25,1996,8,720,90,23.5,8.0,8,90,8,0,,10,0.00,8,30,-22,-2.75,-1.52,Matches
1183,Jacopo Furlan,it ITA,GK,Empoli,it Serie A,28,1993,0,,,,,0,,0,0,,23,,,,,,,Matches
1184,Alessio Furlanetto,it ITA,GK,Lazio,it Serie A,19,2002,0,,,,,0,,0,0,,1,,,,,,,Matches
1185,Stephan Fürstner,de GER,MF,Mainz 05,de Bundesliga,33,1987,1,5,5,0.2,0.1,0,,0,1,5,0,3.00,0,0,0,0.00,-0.15,Matches
1186,Eugenio Fusco,it ITA,GK,Cagliari,it Serie A,18,2003,0,,,,,0,,0,0,,1,,,,,,,Matches
1187,Daniel Fuzato,br BRA,GK,Roma,it Serie A,24,1997,0,,,0.0,0.0,0,,0,0,,34,1.00,0,1,-1,,,Matches
1188,Tom Gaal,de GER,DF,Gladbach,de Bundesliga,20,2001,0,,,,,0,,0,0,,4,,,,,,,Matches
1189,Matteo Gabbia,it ITA,DF,Milan,it Serie A,21,1999,8,537,67,15.7,6.0,6,82,4,2,23,28,2.00,13,7,+6,+1.01,+0.01,Matches
1190,Manolo Gabbiadini,it ITA,"FW,MF",Sampdoria,it Serie A,29,1991,18,1140,63,33.3,12.7,15,73,5,3,16,0,0.94,15,19,-4,-0.32,+0.20,Matches
1191,Mijat Gaćinović,rs SRB,MF,Hoffenheim,de Bundesliga,26,1995,4,110,28,3.6,1.2,1,45,0,3,22,9,1.00,4,2,+2,+1.64,+1.76,Matches
1192,Gianluca Gaetano,it ITA,MF,Napoli,it Serie A,21,2000,2,20,10,0.6,0.2,0,,0,2,10,0,3.00,1,0,+1,+4.50,+3.39,Matches
1193,Luca Gagliano,it ITA,FW,Cagliari,it Serie A,21,2000,2,13,7,0.4,0.1,0,,0,2,7,6,0.50,0,0,0,0.00,+0.90,Matches
1194,Roberto Gagliardini,it ITA,MF,Inter,it Serie A,27,1994,18,649,36,19.0,7.2,6,74,1,12,17,17,2.39,14,10,+4,+0.55,-1.00,Matches
1195,Riccardo Gagliolo,se SWE,"DF,MF",Salernitana,it Serie A,31,1990,17,1138,67,33.3,12.6,12,88,11,5,16,15,0.94,10,25,-15,-1.19,0.00,Matches
1196,George Gagua,ge GEO,FW,Alavés,es La Liga,19,2001,0,,,,,0,,0,0,,1,,,,,,,Matches
1197,Javi Galán,es ESP,DF,Celta Vigo,es La Liga,26,1994,37,3298,89,96.4,36.6,37,89,35,0,,0,1.22,43,43,0,0.00,0.00,Matches
1198,Iñigo Ruiz de Galarreta,es ESP,MF,Mallorca,es La Liga,27,1993,22,1378,63,40.3,15.3,17,75,2,5,20,0,1.14,12,17,-5,-0.33,+0.64,Matches
1199,Nicolas Galazzi,it ITA,MF,Venezia,it Serie A,20,2000,1,16,16,0.5,0.2,0,,0,1,16,0,0.00,0,0,0,0.00,+0.93,Matches
1200,Pablo Galdames Millán,cl CHI,MF,Genoa,it Serie A,24,1996,19,1028,54,30.1,11.4,11,74,4,8,26,10,0.74,6,20,-14,-1.23,-0.51,Matches
1201,Thiago Galhardo,br BRA,FW,Celta Vigo,es La Liga,32,1989,31,1148,37,33.6,12.8,9,76,3,22,21,2,1.06,18,17,+1,+0.08,+0.12,Matches
1202,Conor Gallagher,eng ENG,MF,Crystal Palace,eng Premier League,21,2000,34,2845,84,83.2,31.6,33,86,26,1,17,0,1.32,41,38,+3,+0.09,-0.06,Matches
1203,Gauthier Gallon,fr FRA,GK,Troyes,fr Ligue 1,28,1993,31,2790,90,81.6,31.0,31,90,31,0,,0,1.03,29,45,-16,-0.52,-0.52,Matches
1204,Pablo Gálvez,es ESP,FW,Mallorca,es La Liga,19,2001,0,,,,,0,,0,0,,2,,,,,,,Matches
1205,Cristian Gamboa,cr CRC,DF,Bochum,de Bundesliga,31,1989,23,1722,75,56.3,19.1,20,84,13,3,17,4,1.52,25,25,0,0.00,+0.94,Matches
1206,Kévin Gameiro,fr FRA,FW,Strasbourg,fr Ligue 1,34,1987,35,2385,68,69.7,26.5,28,80,10,7,21,0,1.60,39,30,+9,+0.34,-0.36,Matches
1207,Idrissa Gana Gueye,sn SEN,MF,Paris Saint-Germain,fr Ligue 1,31,1989,26,1641,63,48.0,18.2,18,83,9,8,18,3,2.08,37,19,+18,+0.99,-0.83,Matches
1208,Ignatius Ganago,cm CMR,FW,Lens,fr Ligue 1,22,1999,28,1024,37,29.9,11.4,11,67,0,17,17,3,1.64,15,16,-1,-0.09,-0.65,Matches
1209,Silvère Ganvoula M'Boussy,cg CGO,FW,Bochum,de Bundesliga,25,1996,9,153,17,5.0,1.7,0,,0,9,17,3,0.78,2,7,-5,-2.94,-2.66,Matches
1210,Matt Garbett,nz NZL,MF,Torino,it Serie A,19,2002,0,,,,,0,,0,0,,1,,,,,,,Matches
1211,Álvaro García,es ESP,MF,Rayo Vallecano,es La Liga,28,1992,36,2998,83,87.7,33.3,34,86,24,2,31,0,1.14,36,44,-8,-0.24,+0.40,Matches
1212,Álvaro García,es ESP,DF,Espanyol,es La Liga,21,2000,0,,,,,0,,0,0,,7,,,,,,,Matches
1213,Dani García,es ESP,MF,Athletic Club,es La Liga,31,1990,32,2177,68,63.7,24.2,27,76,6,5,24,2,1.41,25,22,+3,+0.12,-0.17,Matches
1214,David García,es ESP,DF,Osasuna,es La Liga,27,1994,35,3105,89,90.8,34.5,35,89,34,0,,1,1.34,37,45,-8,-0.23,+1.48,Matches
1215,Eric García,es ESP,DF,Barcelona,es La Liga,20,2001,26,2039,78,59.6,22.7,23,82,16,3,48,7,2.00,46,20,+26,+1.15,+0.89,Matches
1216,Fran Garcia,es ESP,DF,Rayo Vallecano,es La Liga,21,1999,34,3025,89,88.5,33.6,34,89,32,0,,2,1.21,36,40,-4,-0.12,+1.48,Matches
1217,Joan García,es ESP,GK,Espanyol,es La Liga,20,2001,2,108,54,3.2,1.2,1,90,1,1,18,30,0.50,1,3,-2,-1.67,-1.37,Matches
1218,Manu García,es ESP,MF,Alavés,es La Liga,23,1998,24,1077,45,31.5,12.0,10,75,3,14,24,13,0.83,9,15,-6,-0.50,+0.57,Matches
1219,Raúl García,es ESP,FW,Athletic Club,es La Liga,35,1986,35,1802,51,52.7,20.0,24,65,1,11,22,1,1.37,19,17,+2,+0.10,-0.18,Matches
1220,Rubén García,es ESP,"MF,FW",Osasuna,es La Liga,28,1993,37,2375,64,69.4,26.4,30,74,1,7,21,1,1.27,25,36,-11,-0.42,-0.16,Matches
1221,Saúl García,es ESP,DF,Alavés,es La Liga,26,1994,1,4,4,0.1,0.0,0,,0,1,4,21,3.00,0,0,0,0.00,+0.90,Matches
1222,Unai García,es ESP,DF,Osasuna,es La Liga,29,1992,18,1408,78,41.2,15.6,15,89,14,3,25,18,0.94,10,18,-8,-0.51,-0.24,Matches
1223,Alejandro Garnacho,ar ARG,MF,Manchester Utd,eng Premier League,17,2004,2,13,7,0.4,0.1,0,,0,2,7,5,0.50,0,0,0,0.00,0.00,Matches
1224,Mario Gaspar,es ESP,DF,Villarreal,es La Liga,30,1990,12,623,52,18.2,6.9,7,80,4,5,12,26,1.58,14,8,+6,+0.87,+0.22,Matches
1225,Manuel Gasparini,it ITA,GK,Udinese,it Serie A,19,2002,0,,,,,0,,0,0,,17,,,,,,,Matches
1226,Djeidi Gassama,mr MTN,"FW,MF",Paris Saint-Germain,fr Ligue 1,17,2003,1,2,2,0.1,0.0,0,,0,1,2,1,3.00,0,0,0,0.00,-1.42,Matches
1227,Nathan Gassama,ml MLI,DF,Troyes,fr Ligue 1,20,2001,0,,,,,0,,0,0,,1,,,,,,,Matches
1228,Johan Gastien,fr FRA,MF,Clermont Foot,fr Ligue 1,33,1988,32,2746,86,80.3,30.5,32,86,26,0,,0,1.03,31,48,-17,-0.56,+1.31,Matches
1229,Gavi,es ESP,"MF,FW",Barcelona,es La Liga,16,2004,34,2316,68,67.7,25.7,28,78,11,6,23,2,1.85,44,27,+17,+0.66,-0.40,Matches
1230,Dwight Gayle,eng ENG,FW,Newcastle United,eng Premier League,30,1990,8,38,5,1.1,0.4,0,,0,8,5,28,1.50,1,0,+1,+2.37,+2.87,Matches
1231,Jean-Philippe Gbamin,ci CIV,MF,Everton,eng Premier League,25,1995,3,67,22,2.0,0.7,1,45,0,2,11,13,0.67,1,2,-1,-1.34,-0.75,Matches
1232,David de Gea,es ESP,GK,Manchester Utd,eng Premier League,30,1990,38,3420,90,100.0,38.0,38,90,38,0,,0,1.53,57,57,0,0.00,,Matches
1233,Christian Gebauer,at AUT,"DF,FW",Arminia,de Bundesliga,27,1993,0,,,,,0,,0,0,,2,,,,,,,Matches
1234,Linus Gechter,de GER,"DF,MF",Hertha BSC,de Bundesliga,17,2004,13,716,55,23.4,8.0,6,86,5,7,28,6,1.23,7,23,-16,-2.01,-1.32,Matches
1235,Emrehan Gedikli,de GER,FW,Leverkusen,de Bundesliga,18,2003,0,,,,,0,,0,0,,5,,,,,,,Matches
1236,Dennis Geiger,de GER,MF,Hoffenheim,de Bundesliga,23,1998,20,1377,69,45.0,15.3,17,78,5,3,19,2,1.45,25,22,+3,+0.20,+0.46,Matches
1237,Joe Gelhardt,eng ENG,FW,Leeds United,eng Premier League,19,2002,20,746,37,21.8,8.3,5,73,2,15,25,11,0.65,11,25,-14,-1.69,-0.91,Matches
1238,Luca Gemello,it ITA,GK,Torino,it Serie A,21,2000,1,90,90,2.6,1.0,1,90,1,0,,27,3.00,4,0,+4,+4.00,+3.97,Matches
1239,Yannick Gerhardt,de GER,"MF,DF",Wolfsburg,de Bundesliga,27,1994,27,1574,58,51.4,17.5,17,80,8,10,21,6,1.44,26,28,-2,-0.11,+0.43,Matches
1240,Valère Germain,fr FRA,FW,Montpellier,fr Ligue 1,31,1990,34,1970,58,57.6,21.9,22,77,6,12,23,0,1.15,26,35,-9,-0.41,-0.22,Matches
1241,Gerson,br BRA,"MF,FW",Marseille,fr Ligue 1,24,1997,35,2544,73,74.4,28.3,29,84,16,6,18,1,1.86,46,33,+13,+0.46,-0.77,Matches
1242,Willem Geubbels,fr FRA,"MF,FW",Nantes,fr Ligue 1,19,2001,22,544,25,15.9,6.0,4,57,0,18,18,6,1.41,9,13,-4,-0.66,-1.01,Matches
1243,Hamadi Al Ghaddioui,ma MAR,FW,Stuttgart,de Bundesliga,30,1990,10,498,50,16.3,5.5,7,65,2,3,15,4,0.70,10,12,-2,-0.36,+0.20,Matches
1244,Ismaël Gharbi,tn TUN,MF,Paris Saint-Germain,fr Ligue 1,17,2004,1,2,2,0.1,0.0,0,,0,1,2,5,1.00,0,0,0,0.00,-1.42,Matches
1245,Anwar El Ghazi,nl NED,"FW,MF",Everton,eng Premier League,26,1995,2,13,7,0.4,0.1,0,,0,2,7,8,1.50,0,0,0,0.00,+0.61,Matches
1246,Anwar El Ghazi,nl NED,"MF,FW",Aston Villa,eng Premier League,26,1995,9,386,43,11.3,4.3,4,79,2,5,14,9,1.11,6,8,-2,-0.47,-0.47,Matches
1247,Lamine Ghezali,fr FRA,MF,Saint-Étienne,fr Ligue 1,22,1999,1,1,1,0.0,0.0,0,,0,1,1,0,0.00,0,1,-1,-90.00,-89.11,Matches
1248,Paolo Ghiglione,it ITA,"MF,DF",Genoa,it Serie A,24,1997,13,603,46,17.6,6.7,6,76,3,7,21,18,0.38,7,16,-9,-1.34,-0.58,Matches
1249,Saman Ghoddos,ir IRN,"FW,MF",Brentford,eng Premier League,27,1993,17,536,32,15.7,6.0,4,65,0,13,21,16,0.82,10,4,+6,+1.01,+1.44,Matches
1250,Faouzi Ghoulam,dz ALG,DF,Napoli,it Serie A,30,1991,14,332,24,9.7,3.7,3,86,2,11,7,15,2.43,7,2,+5,+1.36,+0.25,Matches
1251,Dimitris Giannoulis,gr GRE,"DF,MF",Norwich City,eng Premier League,25,1995,18,1169,65,34.2,13.0,14,80,10,4,13,19,0.78,5,27,-22,-1.69,-0.13,Matches
1252,Tomás Giaquinto,ar ARG,MF,Mallorca,es La Liga,21,2000,0,,,,,0,,0,0,,1,,,,,,,Matches
1253,Liam Gibbs,eng ENG,MF,Norwich City,eng Premier League,18,2002,0,,,,,0,,0,0,,4,,,,,,,Matches
1254,Morgan Gibbs-White,eng ENG,"FW,MF",Wolves,eng Premier League,21,2000,2,9,5,0.3,0.1,0,,0,2,5,1,0.00,0,0,0,0.00,+0.13,Matches
1255,Ben Gibson,eng ENG,DF,Norwich City,eng Premier League,28,1993,28,2494,89,72.9,27.7,28,89,27,0,,7,0.79,20,55,-35,-1.26,+1.26,Matches
1256,Niko Gießelmann,de GER,MF,Union Berlin,de Bundesliga,29,1991,28,2083,74,68.1,23.1,25,83,14,3,3,3,1.71,32,26,+6,+0.26,+0.26,Matches
1257,Rafał Gikiewicz,pl POL,GK,Augsburg,de Bundesliga,33,1987,34,3060,90,100.0,34.0,34,90,34,0,,0,1.12,39,56,-17,-0.50,,Matches
1258,Bryan Gil,es ESP,"FW,MF",Tottenham Hotspur,eng Premier League,20,2001,9,94,10,2.7,1.0,0,,0,9,10,7,1.44,2,1,+1,+0.96,+0.20,Matches
1259,Bryan Gil,es ESP,"MF,FW",Valencia,es La Liga,20,2001,13,753,58,22.0,8.4,9,75,2,4,20,2,1.31,5,8,-3,-0.36,-0.29,Matches
1260,David Gil,es ESP,GK,Cádiz,es La Liga,27,1994,0,,,,,0,,0,0,,38,,,,,,,Matches
1261,Óscar Gil,es ESP,DF,Espanyol,es La Liga,24,1997,22,1688,77,49.4,18.8,20,82,8,2,27,1,1.27,21,21,0,0.00,+0.68,Matches
1262,Mario Gila,es ESP,DF,Real Madrid,es La Liga,20,2000,2,25,13,0.7,0.3,0,,0,2,13,1,3.00,2,0,+2,+7.20,+5.95,Matches
1263,Ryan Giles,eng ENG,"DF,MF",Wolves,eng Premier League,21,2000,0,,,,,0,,0,0,,2,,,,,,,Matches
1264,Mark Gillespie,eng ENG,GK,Newcastle United,eng Premier League,29,1992,0,,,,,0,,0,0,,11,,,,,,,Matches
1265,Billy Gilmour,sct SCO,MF,Norwich City,eng Premier League,20,2001,24,1855,77,54.2,20.6,21,86,15,3,16,7,0.33,8,52,-44,-2.13,-1.16,Matches
1266,Carlos Giménez,es ESP,DF,Levante,es La Liga,18,2003,0,,,,,0,,0,0,,1,,,,,,,Matches
1267,Daniel Ginczek,de GER,FW,Wolfsburg,de Bundesliga,30,1991,2,13,7,0.4,0.1,0,,0,2,7,12,1.50,0,1,-1,-6.92,-6.63,Matches
1268,Matthias Ginter,de GER,DF,Gladbach,de Bundesliga,27,1994,28,2355,84,77.0,26.2,27,87,24,1,10,3,1.43,39,49,-10,-0.38,-0.77,Matches
1269,Nicholas Gioacchini,us USA,MF,Montpellier,fr Ligue 1,21,2000,28,497,18,14.5,5.5,3,56,0,25,13,5,1.11,9,11,-2,-0.36,-0.05,Matches
1270,Samuel Giovane,it ITA,MF,Atalanta,it Serie A,18,2003,0,,,,,0,,0,0,,1,,,,,,,Matches
1271,Sebastian Giovinco,it ITA,"FW,MF",Sampdoria,it Serie A,34,1987,2,39,20,1.1,0.4,0,,0,2,20,3,0.00,1,1,0,0.00,+0.45,Matches
1272,Jimmy Giraudon,fr FRA,DF,Troyes,fr Ligue 1,29,1992,19,1619,85,47.3,18.0,18,88,16,1,27,2,0.89,17,26,-9,-0.50,-0.15,Matches
1273,Andrei Girotto,br BRA,"DF,MF",Nantes,fr Ligue 1,29,1992,36,3146,87,92.0,35.0,36,87,32,0,,0,1.42,51,44,+7,+0.20,+0.20,Matches
1274,Olivier Giroud,fr FRA,FW,Milan,it Serie A,34,1986,29,1892,65,55.3,21.0,22,76,6,7,33,1,2.34,36,15,+21,+1.00,0.00,Matches
1275,Jamie Gittens,eng ENG,MF,Dortmund,de Bundesliga,16,2004,4,134,34,4.4,1.5,1,62,0,3,24,1,1.50,5,3,+2,+1.34,+0.39,Matches
1276,Serge Gnabry,de GER,MF,Bayern Munich,de Bundesliga,26,1995,34,2185,64,71.4,24.3,25,78,10,9,26,0,2.26,68,29,+39,+1.61,-0.55,Matches
1277,Ben Godfrey,eng ENG,DF,Everton,eng Premier League,23,1998,23,2029,88,59.3,22.5,23,88,21,0,,1,0.83,21,39,-18,-0.80,-0.47,Matches
1278,Diego Godín,uy URU,DF,Cagliari,it Serie A,35,1986,11,818,74,23.9,9.1,9,84,7,2,29,0,0.55,6,22,-16,-1.76,-1.14,Matches
1279,Alan Godoy,es ESP,FW,Alavés,es La Liga,18,2003,0,,,,,0,,0,0,,4,,,,,,,Matches
1280,Edoardo Goldaniga,it ITA,DF,Cagliari,it Serie A,27,1993,11,934,85,27.3,10.4,11,85,8,0,,4,0.82,8,19,-11,-1.06,-0.23,Matches
1281,Edoardo Goldaniga,it ITA,DF,Sassuolo,it Serie A,27,1993,1,1,1,0.0,0.0,0,,0,1,1,12,1.00,0,0,0,0.00,+0.05,Matches
1282,Pierluigi Gollini,it ITA,GK,Tottenham Hotspur,eng Premier League,26,1995,0,,,,,0,,0,0,,35,,,,,,,Matches
1283,Aleksandr Golovin,ru RUS,MF,Monaco,fr Ligue 1,25,1996,27,1502,56,43.9,16.7,17,71,2,10,29,1,1.93,30,14,+16,+0.96,+0.54,Matches
1284,André Gomes,pt POR,MF,Everton,eng Premier League,28,1993,14,619,44,18.1,6.9,7,68,2,7,21,7,1.14,10,19,-9,-1.31,-0.86,Matches
1285,Angel Gomes,eng ENG,MF,Lille,fr Ligue 1,20,2000,24,954,40,27.9,10.6,12,61,0,12,18,13,1.63,17,13,+4,+0.38,+0.52,Matches
1286,Toti Gomes,pt POR,DF,Wolves,eng Premier League,22,1999,4,360,90,10.5,4.0,4,90,4,0,,12,1.75,7,6,+1,+0.25,+0.43,Matches
1287,Dani Gómez,es ESP,FW,Levante,es La Liga,23,1998,28,1063,38,31.1,11.8,11,68,1,17,19,5,0.86,18,28,-10,-0.85,-0.27,Matches
1288,Joe Gomez,eng ENG,DF,Liverpool,eng Premier League,24,1997,8,331,41,9.7,3.7,4,79,3,4,4,21,2.50,7,3,+4,+1.09,-0.78,Matches
1289,Jonathan Gomez,us USA,DF,Real Sociedad,es La Liga,17,2003,0,,,,,0,,0,0,,1,,,,,,,Matches
1290,Anthony Gomez Mancini,fr FRA,MF,Burnley,eng Premier League,20,2001,0,,,,,0,,0,0,,1,,,,,,,Matches
1291,Maxi Gómez,uy URU,FW,Valencia,es La Liga,24,1996,29,1956,67,57.2,21.7,21,82,9,8,30,0,1.31,27,28,-1,-0.05,+0.20,Matches
1292,Moi Gómez,es ESP,"MF,FW",Villarreal,es La Liga,27,1994,29,1286,44,37.6,14.3,13,75,4,16,20,8,1.69,20,14,+6,+0.42,-0.42,Matches
1293,Papu Gómez,ar ARG,"FW,MF",Sevilla,es La Liga,33,1988,29,1784,62,52.2,19.8,19,76,6,10,34,1,1.86,29,11,+18,+0.91,+0.63,Matches
1294,Sergi Gómez,es ESP,DF,Espanyol,es La Liga,29,1992,31,2720,88,79.5,30.2,31,88,27,0,,6,1.03,34,47,-13,-0.43,-0.43,Matches
1295,Victor Gomez,es ESP,"DF,MF",Espanyol,es La Liga,21,2000,1,4,4,0.1,0.0,0,,0,1,4,0,1.00,0,0,0,0.00,+0.34,Matches
1296,Alfred Gomis,sn SEN,GK,Rennes,fr Ligue 1,27,1993,25,2250,90,65.8,25.0,25,90,25,0,,1,1.88,53,25,+28,+1.12,+0.04,Matches
1297,Antonio Gomis,es ESP,GK,Atlético Madrid,es La Liga,18,2003,0,,,,,0,,0,0,,1,,,,,,,Matches
1298,Maxime Gonalons,fr FRA,MF,Granada,es La Liga,32,1989,25,1550,62,45.3,17.2,20,72,9,5,24,1,1.00,19,25,-6,-0.35,+0.18,Matches
1299,Vagner Gonçalves,cv CPV,"FW,MF",Metz,fr Ligue 1,25,1996,3,86,29,2.5,1.0,0,,0,3,29,1,0.67,0,0,0,0.00,+0.92,Matches
1300,Cedric Gondo,ci CIV,FW,Salernitana,it Serie A,24,1996,14,699,50,20.4,7.8,10,61,0,4,22,0,0.79,4,18,-14,-1.80,-0.78,Matches
1301,Álvaro González,es ESP,"DF,MF",Marseille,fr Ligue 1,31,1990,6,451,75,13.2,5.0,5,90,5,1,1,16,1.83,7,4,+3,+0.60,-0.07,Matches
1302,Cristo González,es ESP,"FW,MF",Udinese,it Serie A,23,1997,0,,,,,0,,0,0,,1,,,,,,,Matches
1303,Diego González,es ESP,DF,Elche,es La Liga,26,1995,28,1793,64,52.4,19.9,19,85,17,9,19,8,1.25,21,26,-5,-0.25,+0.14,Matches
1304,Édgar González,es ESP,DF,Real Betis,es La Liga,24,1997,21,1464,70,42.8,16.3,14,90,14,7,29,16,2.05,32,21,+11,+0.68,+0.17,Matches
1305,Giovanni González,uy URU,DF,Mallorca,es La Liga,26,1994,9,365,41,10.7,4.1,3,82,1,6,20,8,0.78,2,9,-7,-1.73,-1.14,Matches
1306,Hugo González,es ESP,FW,Valencia,es La Liga,18,2003,0,,,,,0,,0,0,,1,,,,,,,Matches
1307,Nicolás González,es ESP,MF,Barcelona,es La Liga,19,2002,27,1114,41,32.6,12.4,12,72,2,15,17,4,2.04,21,10,+11,+0.89,+0.15,Matches
1308,Nicolás González,ar ARG,FW,Fiorentina,it Serie A,23,1998,33,2357,71,68.9,26.2,26,84,14,7,24,1,1.61,42,36,+6,+0.23,+0.06,Matches
1309,Peter González,do DOM,MF,Real Madrid,es La Liga,19,2002,3,27,9,0.8,0.3,0,,0,3,9,1,2.00,1,0,+1,+3.33,+2.06,Matches
1310,Roberto González,es ESP,MF,Real Betis,es La Liga,20,2001,4,135,34,3.9,1.5,1,79,0,3,19,6,1.75,4,1,+3,+2.00,+1.48,Matches
1311,Urko González,es ESP,"DF,MF",Real Sociedad,es La Liga,20,2001,0,,,,,0,,0,0,,2,,,,,,,Matches
1312,Charlie Goode,eng ENG,DF,Brentford,eng Premier League,25,1995,6,450,75,13.2,5.0,4,90,4,2,45,6,1.33,6,6,0,0.00,+0.24,Matches
1313,Anthony Gordon,eng ENG,"MF,FW",Everton,eng Premier League,20,2001,35,2285,65,66.8,25.4,25,83,14,10,20,2,0.91,23,40,-17,-0.67,-0.19,Matches
1314,Kaide Gordon,eng ENG,FW,Liverpool,eng Premier League,16,2004,1,9,9,0.3,0.1,0,,0,1,9,3,3.00,0,0,0,0.00,-1.79,Matches
1315,Leon Goretzka,de GER,MF,Bayern Munich,de Bundesliga,26,1995,19,1396,73,45.6,15.5,19,73,8,0,,1,2.21,43,17,+26,+1.68,-0.16,Matches
1316,Gori,es ESP,MF,Espanyol,es La Liga,19,2002,1,9,9,0.3,0.1,0,,0,1,9,4,1.00,0,0,0,0.00,+0.34,Matches
1317,Aleix Gorjon,es ESP,DF,Espanyol,es La Liga,18,2002,0,,,,,0,,0,0,,1,,,,,,,Matches
1318,Andoni Gorosabel,es ESP,DF,Real Sociedad,es La Liga,24,1996,32,2289,72,66.9,25.4,25,83,12,7,29,5,1.59,28,22,+6,+0.24,+0.47,Matches
1319,Robin Gosens,de GER,MF,Atalanta,it Serie A,27,1994,6,460,77,13.5,5.1,5,84,2,1,41,0,1.83,7,4,+3,+0.59,+0.16,Matches
1320,Robin Gosens,de GER,"DF,MF",Inter,it Serie A,27,1994,7,169,24,4.9,1.9,0,,0,7,24,4,2.43,3,1,+2,+1.07,-0.32,Matches
1321,Dan Gosling,eng ENG,MF,Watford,eng Premier League,31,1990,4,166,42,4.9,1.8,2,68,1,2,16,14,1.00,2,6,-4,-2.17,-1.09,Matches
1322,Amine Gouiri,dz ALG,"FW,MF",Nice,fr Ligue 1,21,2000,38,2754,72,80.5,30.6,32,82,16,6,23,0,1.76,43,31,+12,+0.39,-0.15,Matches
1323,Lucas Gourna-Douath,fr FRA,MF,Saint-Étienne,fr Ligue 1,17,2003,31,1804,58,52.7,20.0,20,78,8,11,23,5,1.00,26,43,-17,-0.85,+0.15,Matches
1324,Jeffrey Gouweleeuw,nl NED,DF,Augsburg,de Bundesliga,30,1991,29,2576,89,84.2,28.6,29,89,27,0,,0,1.21,34,44,-10,-0.35,+0.95,Matches
1325,Jonathan Gradit,fr FRA,DF,Lens,fr Ligue 1,28,1992,35,3067,88,89.7,34.1,35,88,29,0,,0,1.63,56,42,+14,+0.41,+0.41,Matches
1326,Jens Grahl,de GER,GK,Eintracht Frankfurt,de Bundesliga,32,1988,1,90,90,2.9,1.0,1,90,1,0,,14,0.00,0,2,-2,-2.00,-1.94,Matches
1327,Alberto Grassi,it ITA,MF,Cagliari,it Serie A,26,1995,30,2174,72,63.6,24.2,26,80,12,4,22,6,0.83,21,36,-15,-0.62,+0.75,Matches
1328,Jaume Grau,es ESP,MF,Osasuna,es La Liga,24,1997,1,3,3,0.1,0.0,0,,0,1,3,10,3.00,0,0,0,0.00,+0.37,Matches
1329,Paul Grave,de GER,GK,Bochum,de Bundesliga,20,2001,0,,,,,0,,0,0,,3,,,,,,,Matches
1330,Andrew Gravillon,gp GLP,DF,Reims,fr Ligue 1,23,1998,26,2135,82,62.4,23.7,24,87,18,2,23,0,1.31,26,25,+1,+0.04,+0.18,Matches
1331,Archie Gray,eng ENG,"DF,MF",Leeds United,eng Premier League,15,2006,0,,,,,0,,0,0,,6,,,,,,,Matches
1332,Demarai Gray,jm JAM,"MF,FW",Everton,eng Premier League,25,1996,34,2338,69,68.4,26.0,28,79,9,6,20,0,1.03,30,39,-9,-0.35,+0.82,Matches
1333,Adrian Grbić,at AUT,FW,Lorient,fr Ligue 1,24,1996,16,518,32,15.1,5.8,4,69,0,12,20,1,0.81,5,10,-5,-0.87,-0.16,Matches
1334,Ivo Grbić,hr CRO,GK,Lille,fr Ligue 1,25,1996,21,1890,90,55.3,21.0,21,90,21,0,,11,1.48,28,28,0,0.00,0.00,Matches
1335,Ivo Grbić,hr CRO,GK,Atlético Madrid,es La Liga,25,1996,0,,,,,0,,0,0,,1,,,,,,,Matches
1336,Jack Grealish,eng ENG,"FW,MF",Manchester City,eng Premier League,25,1995,26,1914,74,56.0,21.3,22,85,15,4,12,8,2.31,52,8,+44,+2.07,+0.34,Matches
1337,Etienne Green,eng ENG,GK,Saint-Étienne,fr Ligue 1,21,2000,15,1197,80,35.0,13.3,15,80,12,0,,18,0.73,13,27,-14,-1.05,-0.20,Matches
1338,Julian Green,us USA,"MF,FW",Greuther Fürth,de Bundesliga,26,1995,24,1054,44,34.4,11.7,12,71,2,12,17,9,0.38,4,34,-30,-2.56,-1.48,Matches
1339,Mason Greenwood,eng ENG,"MF,FW",Manchester Utd,eng Premier League,19,2001,18,1271,71,37.2,14.1,16,76,4,2,27,3,1.72,22,18,+4,+0.28,+0.45,Matches
1340,Sam Greenwood,eng ENG,MF,Leeds United,eng Premier League,19,2002,7,237,34,6.9,2.6,1,84,0,6,26,14,1.57,7,5,+2,+0.76,+1.86,Matches
1341,Michael Gregoritsch,at AUT,"FW,MF",Augsburg,de Bundesliga,27,1994,25,1392,56,45.5,15.5,15,77,6,10,24,6,0.84,18,29,-11,-0.71,-0.39,Matches
1342,Dominik Greif,sk SVK,GK,Mallorca,es La Liga,24,1997,1,90,90,2.6,1.0,1,90,1,0,,13,0.00,2,3,-1,-1.00,-0.30,Matches
1343,Clément Grenier,fr FRA,MF,Mallorca,es La Liga,30,1991,5,60,12,1.8,0.7,0,,0,5,12,5,1.40,2,0,+2,+3.00,+3.78,Matches
1344,Sebastian Griesbeck,de GER,"DF,MF",Greuther Fürth,de Bundesliga,30,1990,29,2439,84,79.7,27.1,28,87,25,1,4,0,0.55,20,59,-39,-1.44,+0.73,Matches
1345,Sebastian Griesbeck,de GER,"DF,MF",Union Berlin,de Bundesliga,30,1990,1,9,9,0.3,0.1,0,,0,1,9,2,3.00,0,1,-1,-10.00,-10.21,Matches
1346,Jack Grieves,eng ENG,FW,Watford,eng Premier League,16,2004,0,,,,,0,,0,0,,1,,,,,,,Matches
1347,Antoine Griezmann,fr FRA,FW,Barcelona,es La Liga,30,1991,3,263,88,7.7,2.9,3,88,2,0,,0,2.33,7,4,+3,+1.03,+0.26,Matches
1348,Antoine Griezmann,fr FRA,"FW,MF",Atlético Madrid,es La Liga,30,1991,26,1695,65,49.6,18.8,21,71,5,5,40,1,1.96,24,16,+8,+0.42,-0.31,Matches
1349,Vincenzo Grifo,it ITA,"MF,FW",Freiburg,de Bundesliga,28,1993,34,2775,82,90.7,30.8,33,84,15,1,10,0,1.62,53,42,+11,+0.36,+0.04,Matches
1350,Lennart Grill,de GER,GK,Leverkusen,de Bundesliga,22,1999,1,90,90,2.9,1.0,1,90,1,0,,14,3.00,5,2,+3,+3.00,+2.09,Matches
1351,Florian Grillitsch,at AUT,"DF,MF",Hoffenheim,de Bundesliga,25,1995,18,1496,83,48.9,16.6,16,90,15,2,31,0,1.56,29,23,+6,+0.36,+0.82,Matches
1352,Pascal Groß,de GER,MF,Brighton,eng Premier League,30,1991,29,2038,70,59.6,22.6,24,81,14,5,18,6,1.34,19,24,-5,-0.22,-0.42,Matches
1353,Carlos Gruezo,ec ECU,MF,Augsburg,de Bundesliga,26,1995,17,970,57,31.7,10.8,9,74,2,8,38,6,1.35,16,17,-1,-0.09,+0.60,Matches
1354,Vicente Guaita,es ESP,GK,Crystal Palace,eng Premier League,34,1987,30,2655,89,77.6,29.5,30,89,29,0,,5,1.27,38,33,+5,+0.17,+0.29,Matches
1355,Andrés Guardado,mx MEX,MF,Real Betis,es La Liga,34,1986,28,1393,50,40.7,15.5,17,70,5,11,18,7,1.79,22,15,+7,+0.45,-0.21,Matches
1356,Sergi Guardiola,es ESP,FW,Rayo Vallecano,es La Liga,30,1991,32,1710,53,50.0,19.0,20,74,3,12,19,3,1.09,21,25,-4,-0.21,+0.16,Matches
1357,Nemanja Gudelj,rs SRB,"DF,MF",Sevilla,es La Liga,29,1991,21,1046,50,30.6,11.6,9,82,5,12,26,13,1.86,8,9,-1,-0.09,-1.00,Matches
1358,Gabriel Gudmundsson,se SWE,"DF,MF",Lille,fr Ligue 1,22,1999,30,1344,45,39.3,14.9,15,72,4,15,18,2,1.50,14,21,-7,-0.47,-0.77,Matches
1359,Gonçalo Guedes,pt POR,"FW,MF",Valencia,es La Liga,24,1996,36,2606,72,76.2,29.0,30,83,14,6,20,1,1.25,40,42,-2,-0.07,+0.26,Matches
1360,Marc Guéhi,eng ENG,DF,Crystal Palace,eng Premier League,21,2000,36,3222,90,94.2,35.8,36,90,35,0,,1,1.25,49,43,+6,+0.17,+1.08,Matches
1361,Mattéo Guendouzi,fr FRA,MF,Marseille,fr Ligue 1,22,1999,38,3152,83,92.2,35.0,35,88,30,3,21,0,1.87,61,36,+25,+0.71,+0.71,Matches
1362,Yanis Guermouche,fr FRA,MF,Montpellier,fr Ligue 1,20,2001,3,11,4,0.3,0.1,0,,0,3,4,4,1.00,0,0,0,0.00,+0.32,Matches
1363,Javier Guerra,es ESP,MF,Valencia,es La Liga,18,2003,0,,,,,0,,0,0,,1,,,,,,,Matches
1364,Raphaël Guerreiro,pt POR,"DF,MF",Dortmund,de Bundesliga,27,1993,23,1795,78,58.7,19.9,21,82,10,2,36,0,1.78,45,36,+9,+0.45,-1.26,Matches
1365,Guido Guerrieri,it ITA,GK,Salernitana,it Serie A,25,1996,0,,,,,0,,0,0,,7,,,,,,,Matches
1366,Evann Guessand,ci CIV,FW,Nice,fr Ligue 1,20,2001,20,438,22,12.8,4.9,2,71,1,18,17,10,1.40,11,7,+4,+0.82,+0.46,Matches
1367,Ander Guevara,es ESP,MF,Real Sociedad,es La Liga,24,1997,17,867,51,25.4,9.6,11,74,3,6,9,21,1.65,10,10,0,0.00,-0.11,Matches
1368,Lamine Gueye,sn SEN,"MF,FW",Metz,fr Ligue 1,23,1998,14,555,40,16.2,6.2,7,62,0,7,17,6,0.71,7,13,-6,-0.97,-0.09,Matches
1369,Pape Gueye,sn SEN,"MF,DF",Marseille,fr Ligue 1,22,1999,28,1528,55,44.7,17.0,17,83,9,11,11,5,2.11,31,17,+14,+0.82,+0.30,Matches
1370,Angelo Guida,it ITA,FW,Salernitana,it Serie A,18,2002,0,,,,,0,,0,0,,1,,,,,,,Matches
1371,John Guidetti,se SWE,FW,Alavés,es La Liga,29,1992,10,279,28,8.2,3.1,2,60,0,8,20,14,0.30,3,7,-4,-1.29,-0.43,Matches
1372,Josuha Guilavogui,fr FRA,"MF,DF",Bordeaux,fr Ligue 1,30,1990,15,1331,89,38.9,14.8,15,89,14,0,,0,0.67,18,38,-20,-1.35,-0.53,Matches
1373,Josuha Guilavogui,fr FRA,"MF,DF",Wolfsburg,de Bundesliga,30,1990,15,942,63,30.8,10.5,10,82,6,5,24,4,1.27,9,17,-8,-0.76,-0.64,Matches
1374,Frederic Guilbert,fr FRA,"DF,MF",Aston Villa,eng Premier League,26,1994,0,,,,,0,,0,0,,1,,,,,,,Matches
1375,Frederic Guilbert,fr FRA,"DF,MF",Strasbourg,fr Ligue 1,26,1994,33,2516,76,73.6,28.0,28,86,19,5,21,0,1.70,47,30,+17,+0.61,+0.61,Matches
1376,Hugo Guillamón,es ESP,"MF,DF",Valencia,es La Liga,21,2000,31,2361,76,69.0,26.2,28,82,19,3,23,2,1.32,38,40,-2,-0.08,+0.18,Matches
1377,Bruno Guimarães,br BRA,MF,Newcastle United,eng Premier League,23,1997,17,1034,61,30.2,11.5,11,87,7,6,13,0,2.00,13,13,0,0.00,+0.68,Matches
1378,Bruno Guimarães,br BRA,MF,Lyon,fr Ligue 1,23,1997,20,1634,82,47.8,18.2,19,84,11,1,45,0,1.55,27,18,+9,+0.50,+0.19,Matches
1379,Serhou Guirassy,gn GUI,FW,Rennes,fr Ligue 1,25,1996,37,1016,27,29.7,11.3,7,70,0,30,18,1,1.78,31,14,+17,+1.51,+0.57,Matches
1380,Péter Gulácsi,hu HUN,GK,RB Leipzig,de Bundesliga,31,1990,33,2967,90,97.0,33.0,33,90,32,0,,0,1.76,71,34,+37,+1.12,+3.06,Matches
1381,Manuel Gulde,de GER,DF,Freiburg,de Bundesliga,30,1991,20,1225,61,40.0,13.6,14,77,6,6,25,9,1.65,15,19,-4,-0.29,-1.08,Matches
1382,Gerard Gumbau,es ESP,MF,Elche,es La Liga,26,1994,31,1890,61,55.3,21.0,20,79,10,11,28,2,1.06,26,35,-9,-0.43,-0.25,Matches
1383,Robert Gumny,pl POL,DF,Augsburg,de Bundesliga,23,1998,28,2272,81,74.2,25.2,27,84,20,1,12,2,1.11,28,40,-12,-0.48,+0.10,Matches
1384,İlkay Gündoğan,de GER,MF,Manchester City,eng Premier League,30,1990,27,1857,69,54.3,20.6,20,84,15,7,24,8,2.70,62,10,+52,+2.52,+1.31,Matches
1385,Angus Gunn,sct SCO,GK,Norwich City,eng Premier League,25,1996,9,810,90,23.7,9.0,9,90,9,0,,29,0.56,6,22,-16,-1.78,-0.23,Matches
1386,Patrik Gunnarsson,is ISL,GK,Brentford,eng Premier League,20,2000,0,,,,,0,,0,0,,1,,,,,,,Matches
1387,Christian Günter,de GER,"DF,MF",Freiburg,de Bundesliga,28,1993,34,3060,90,100.0,34.0,34,90,34,0,,0,1.62,58,46,+12,+0.35,,Matches
1388,Koray Günter,de GER,DF,Hellas Verona,it Serie A,26,1994,30,2411,80,70.5,26.8,29,82,23,1,26,2,1.47,44,42,+2,+0.07,-0.28,Matches
1389,Lasse Günther,de GER,MF,Augsburg,de Bundesliga,18,2003,5,161,32,5.3,1.8,1,90,1,4,18,12,0.20,1,7,-6,-3.35,-3.01,Matches
1390,Jon Guridi,es ESP,MF,Real Sociedad,es La Liga,26,1995,8,206,26,6.0,2.3,1,81,0,7,18,16,1.38,2,4,-2,-0.87,-1.01,Matches
1391,Göktan Gürpüz,de GER,MF,Dortmund,de Bundesliga,18,2003,0,,,,,0,,0,0,,3,,,,,,,Matches
1392,Malo Gusto,fr FRA,"DF,MF",Lyon,fr Ligue 1,18,2003,30,1884,63,55.1,20.9,21,82,15,9,19,7,1.70,39,29,+10,+0.48,+0.18,Matches
1393,Raúl Guti,es ESP,MF,Elche,es La Liga,24,1996,31,1627,52,47.6,18.1,17,79,8,14,21,5,1.00,16,16,0,0.00,+0.60,Matches
1394,Marcos Mauro López Gutiérrez,ar ARG,DF,Cádiz,es La Liga,30,1991,3,136,45,4.0,1.5,1,90,1,2,23,13,0.67,0,3,-3,-1.99,-1.63,Matches
1395,Miguel Gutiérrez,es ESP,DF,Real Madrid,es La Liga,20,2001,3,260,87,7.6,2.9,3,87,1,0,,8,3.00,12,3,+9,+3.12,+1.98,Matches
1396,Albert Guðmundsson,is ISL,MF,Genoa,it Serie A,24,1997,12,607,51,17.7,6.7,6,78,2,6,24,2,0.83,4,6,-2,-0.30,+0.70,Matches
1397,Joško Gvardiol,hr CRO,DF,RB Leipzig,de Bundesliga,19,2002,29,2409,83,78.7,26.8,28,85,23,1,33,3,1.76,59,28,+31,+1.16,+0.61,Matches
1398,Emmanuel Gyasi,gh GHA,"MF,FW",Spezia,it Serie A,27,1994,36,3035,84,88.7,33.7,35,86,25,1,28,0,1.00,37,58,-21,-0.62,+1.48,Matches
1399,Norbert Gyömbér,sk SVK,DF,Salernitana,it Serie A,29,1992,31,2563,83,74.9,28.5,30,85,24,1,10,3,0.90,22,51,-29,-1.02,+0.66,Matches
1400,Erling Haaland,no NOR,FW,Dortmund,de Bundesliga,21,2000,24,1911,80,62.5,21.2,21,87,14,3,27,0,2.08,58,38,+20,+0.94,-0.08,Matches
1401,Nicolas Haas,ch SUI,MF,Empoli,it Serie A,25,1996,16,1001,63,29.3,11.1,11,74,3,5,37,1,1.44,18,18,0,0.00,+0.74,Matches
1402,Janik Haberer,de GER,MF,Freiburg,de Bundesliga,27,1994,26,818,31,26.7,9.1,7,75,1,19,15,8,1.62,12,13,-1,-0.11,-0.63,Matches
1403,Alexander Hack,de GER,DF,Mainz 05,de Bundesliga,27,1993,28,2074,74,67.8,23.0,24,80,17,4,38,1,1.39,40,23,+17,+0.74,+1.83,Matches
1404,Robin Hack,de GER,"MF,FW",Arminia,de Bundesliga,22,1998,30,1364,45,44.6,15.2,13,84,6,17,16,1,0.60,9,30,-21,-1.39,-1.12,Matches
1405,Munir El Haddadi,ma MAR,"MF,FW",Sevilla,es La Liga,25,1995,16,474,30,13.9,5.3,4,55,0,12,21,16,1.94,14,8,+6,+1.14,+0.62,Matches
1406,André Hahn,de GER,"MF,FW",Augsburg,de Bundesliga,30,1990,32,2101,66,68.7,23.3,25,78,6,7,23,0,1.16,25,37,-12,-0.51,-0.04,Matches
1407,Amadou Haidara,ml MLI,MF,RB Leipzig,de Bundesliga,23,1998,20,1326,66,43.3,14.7,15,82,9,5,20,0,1.60,38,13,+25,+1.70,+1.18,Matches
1408,Massadio Haïdara,ml MLI,"MF,DF",Lens,fr Ligue 1,28,1992,20,1076,54,31.5,12.0,12,76,5,8,20,6,1.55,16,20,-4,-0.33,-1.03,Matches
1409,Gabriel Haider,at AUT,DF,Hoffenheim,de Bundesliga,19,2002,0,,,,,0,,0,0,,1,,,,,,,Matches
1410,Oualid El Hajjam,ma MAR,DF,Troyes,fr Ligue 1,30,1991,19,1072,56,31.3,11.9,12,73,2,7,27,13,1.05,15,19,-4,-0.34,+0.12,Matches
1411,Achraf Hakimi,ma MAR,"DF,MF",Paris Saint-Germain,fr Ligue 1,22,1998,32,2479,77,72.5,27.5,28,87,19,4,14,0,2.28,70,25,+45,+1.63,+0.77,Matches
1412,Redouane Halhal,ma MAR,DF,Montpellier,fr Ligue 1,18,2003,0,,,,,0,,0,0,,5,,,,,,,Matches
1413,Lewis Hall,eng ENG,"DF,MF",Chelsea,eng Premier League,16,2004,0,,,,,0,,0,0,,2,,,,,,,Matches
1414,Marcel Halstenberg,de GER,"DF,MF",RB Leipzig,de Bundesliga,29,1991,8,507,63,16.6,5.6,5,81,3,3,34,3,2.00,13,6,+7,+1.24,+0.26,Matches
1415,Mathis Hamdi,fr FRA,DF,Troyes,fr Ligue 1,17,2003,0,,,,,0,,0,0,,1,,,,,,,Matches
1416,Pierre-Yves Hamel,fr FRA,FW,Lorient,fr Ligue 1,27,1994,3,30,10,0.9,0.3,0,,0,3,10,1,1.33,0,1,-1,-3.00,-2.28,Matches
1417,Pierre-Yves Hamel,fr FRA,FW,Clermont Foot,fr Ligue 1,27,1994,17,523,31,15.3,5.8,6,70,2,11,10,5,0.53,0,18,-18,-3.10,-2.69,Matches
1418,Romain Hamouma,fr FRA,"FW,MF",Saint-Étienne,fr Ligue 1,34,1987,22,886,40,25.9,9.8,7,64,0,15,29,0,0.91,12,15,-3,-0.30,+0.83,Matches
1419,Samir Handanović,si SVN,GK,Inter,it Serie A,37,1984,37,3330,90,97.4,37.0,37,90,37,0,,1,2.27,83,30,+53,+1.43,+2.43,Matches
1420,Grant Hanley,sct SCO,DF,Norwich City,eng Premier League,29,1991,33,2897,88,84.7,32.2,33,88,31,0,,0,0.58,20,70,-50,-1.55,+0.34,Matches
1421,Reece Hannam,eng ENG,DF,Crystal Palace,eng Premier League,20,2000,0,,,,,0,,0,0,,2,,,,,,,Matches
1422,Ridgeciano Haps,sr SUR,"DF,MF",Venezia,it Serie A,28,1993,25,2056,82,60.1,22.8,24,85,18,1,25,3,0.80,16,39,-23,-1.01,-0.22,Matches
1423,Taichi Hara,jp JPN,FW,Alavés,es La Liga,22,1999,0,,,,,0,,0,0,,1,,,,,,,Matches
1424,Genki Haraguchi,jp JPN,MF,Union Berlin,de Bundesliga,30,1991,30,1755,59,57.4,19.5,23,69,0,7,23,3,1.77,29,24,+5,+0.26,+0.19,Matches
1425,Lukáš Haraslín,sk SVK,"FW,MF",Sassuolo,it Serie A,25,1996,0,,,,,0,,0,0,,1,,,,,,,Matches
1426,Amine Harit,ma MAR,"MF,FW",Marseille,fr Ligue 1,24,1997,23,1165,51,34.1,12.9,12,78,1,11,21,7,1.83,23,14,+9,+0.70,+0.06,Matches
1427,Varazdat Haroyan,am ARM,DF,Cádiz,es La Liga,28,1992,17,1437,85,42.0,16.0,16,87,13,1,53,8,0.82,13,27,-14,-0.88,-0.79,Matches
1428,Jack Harrison,eng ENG,MF,Leeds United,eng Premier League,24,1996,35,2639,75,77.2,29.3,32,77,20,3,55,2,0.89,31,68,-37,-1.26,-1.26,Matches
1429,Abdou Harroui,nl NED,MF,Sassuolo,it Serie A,23,1998,22,452,21,13.2,5.0,3,65,1,19,14,6,1.32,7,10,-3,-0.60,-0.63,Matches
1430,Fabrice Hartmann,de GER,"FW,MF",RB Leipzig,de Bundesliga,20,2001,0,,,,,0,,0,0,,1,,,,,,,Matches
1431,Luis Hartwig,de GER,FW,Bochum,de Bundesliga,18,2002,1,2,2,0.1,0.0,0,,0,1,2,2,0.00,0,0,0,0.00,+0.41,Matches
1432,Makoto Hasebe,jp JPN,DF,Eintracht Frankfurt,de Bundesliga,37,1984,18,1187,66,38.8,13.2,12,88,10,6,22,13,1.11,14,20,-6,-0.45,-0.55,Matches
1433,Hans Hateboer,nl NED,"MF,DF",Atalanta,it Serie A,27,1994,21,1386,66,40.5,15.4,16,76,8,5,35,2,1.38,25,21,+4,+0.26,-0.32,Matches
1434,Niklas Hauptmann,de GER,MF,Köln,de Bundesliga,25,1996,0,,,,,0,,0,0,,1,,,,,,,Matches
1435,Kortney Hause,eng ENG,DF,Aston Villa,eng Premier League,26,1995,7,397,57,11.6,4.4,4,87,3,3,16,19,1.14,6,9,-3,-0.68,-0.71,Matches
1436,Kai Havertz,de GER,"FW,MF",Chelsea,eng Premier League,22,1999,29,1809,62,52.9,20.1,22,77,11,7,16,6,2.00,44,18,+26,+1.29,+0.34,Matches
1437,Isaac Hayden,jm JAM,"MF,DF",Newcastle United,eng Premier League,26,1995,14,1002,72,29.3,11.1,12,82,9,2,11,3,0.36,11,25,-14,-1.26,-1.11,Matches
1438,Maxwell Haygarth,eng ENG,MF,Brentford,eng Premier League,19,2002,0,,,,,0,,0,0,,1,,,,,,,Matches
1439,Eden Hazard,be BEL,"FW,MF",Real Madrid,es La Liga,30,1991,18,717,40,21.0,8.0,7,74,1,11,18,11,1.89,11,10,+1,+0.13,-1.47,Matches
1440,Thorgan Hazard,be BEL,"MF,FW",Dortmund,de Bundesliga,28,1993,23,1337,58,43.7,14.9,14,78,6,9,28,0,2.09,32,17,+15,+1.01,+0.07,Matches
1441,Tom Heaton,eng ENG,GK,Manchester Utd,eng Premier League,35,1986,0,,,,,0,,0,0,,14,,,,,,,Matches
1442,Jonas Hector,de GER,DF,Köln,de Bundesliga,31,1990,30,2553,85,83.4,28.4,30,85,27,0,,0,1.67,43,38,+5,+0.18,+0.53,Matches
1443,Hwang Hee-chan,kr KOR,"FW,MF",Wolves,eng Premier League,25,1996,30,1816,61,53.1,20.2,20,77,4,10,29,1,1.37,19,22,-3,-0.15,-0.04,Matches
1444,Hwang Hee-chan,kr KOR,"FW,MF",RB Leipzig,de Bundesliga,25,1996,2,49,25,1.6,0.5,0,,0,2,25,0,1.50,0,0,0,0.00,-1.05,Matches
1445,Silvan Hefti,ch SUI,DF,Genoa,it Serie A,23,1997,16,1288,81,37.7,14.3,14,86,12,2,45,2,0.81,6,19,-13,-0.91,-0.06,Matches
1446,Dominique Heintz,de GER,DF,Union Berlin,de Bundesliga,27,1993,7,467,67,15.3,5.2,7,67,0,0,,5,1.43,4,7,-3,-0.58,-0.89,Matches
1447,Dominique Heintz,de GER,DF,Freiburg,de Bundesliga,27,1993,1,29,29,0.9,0.3,0,,0,1,29,10,1.00,0,0,0,0.00,-0.36,Matches
1448,Dean Henderson,eng ENG,GK,Manchester Utd,eng Premier League,24,1997,0,,,,,0,,0,0,,30,,,,,,,Matches
1449,Jordan Henderson,eng ENG,MF,Liverpool,eng Premier League,31,1990,35,2597,74,75.9,28.9,29,83,18,6,30,0,2.43,73,22,+51,+1.77,-0.09,Matches
1450,Liam Henderson,sct SCO,MF,Empoli,it Serie A,25,1996,38,2020,53,59.1,22.4,23,76,9,15,19,0,1.08,31,45,-14,-0.62,-0.24,Matches
1451,Jeff Hendrick,ie IRL,MF,Newcastle United,eng Premier League,29,1992,3,72,24,2.1,0.8,0,,0,3,24,14,0.00,1,3,-2,-2.50,-2.07,Matches
1452,Wayne Hennessey,wls WAL,GK,Burnley,eng Premier League,34,1987,2,180,90,5.3,2.0,2,90,2,0,,36,0.00,2,6,-4,-2.00,-1.58,Matches
1453,Benjamin Henrichs,de GER,MF,RB Leipzig,de Bundesliga,24,1997,22,1143,52,37.4,12.7,12,78,7,10,21,8,1.82,28,15,+13,+1.02,-0.01,Matches
1454,Henrique,br BRA,"DF,MF",Lyon,fr Ligue 1,27,1994,18,1105,61,32.3,12.3,12,81,9,6,23,17,2.11,25,13,+12,+0.98,+0.86,Matches
1455,Dalbert Henrique,br BRA,MF,Cagliari,it Serie A,27,1993,28,2081,74,60.8,23.1,27,76,10,1,33,2,0.82,22,43,-21,-0.91,-0.03,Matches
1456,Luis Henrique,br BRA,"MF,FW",Marseille,fr Ligue 1,19,2001,20,699,35,20.4,7.8,7,72,1,13,15,17,2.00,7,4,+3,+0.39,-0.34,Matches
1457,Matheus Henrique,br BRA,MF,Sassuolo,it Serie A,23,1997,25,1078,43,31.5,12.0,10,77,5,15,21,7,1.48,23,21,+2,+0.17,+0.32,Matches
1458,Rico Henry,jm JAM,"MF,DF",Brentford,eng Premier League,24,1997,34,2776,82,81.2,30.8,33,83,24,1,27,0,1.26,40,41,-1,-0.03,+0.95,Matches
1459,Thomas Henry,fr FRA,FW,Venezia,it Serie A,26,1994,33,2115,64,61.8,23.5,23,81,9,10,26,0,0.76,25,48,-23,-0.98,-0.15,Matches
1460,Christophe Hérelle,mq MTQ,DF,Brest,fr Ligue 1,28,1992,23,1932,84,56.5,21.5,23,84,16,0,,2,1.35,25,31,-6,-0.28,-0.16,Matches
1461,Jérôme Hergault,fr FRA,"DF,MF",Lorient,fr Ligue 1,35,1986,8,352,44,10.3,3.9,5,62,1,3,14,27,0.75,3,7,-4,-1.02,-0.32,Matches
1462,Kike Hermoso,es ESP,DF,Real Betis,es La Liga,21,1999,1,90,90,2.6,1.0,1,90,1,0,,2,3.00,3,1,+2,+2.00,+1.46,Matches
1463,Mario Hermoso,es ESP,DF,Atlético Madrid,es La Liga,26,1995,26,1865,72,54.5,20.7,21,82,13,5,30,6,1.63,34,31,+3,+0.14,-0.95,Matches
1464,Aridane Hernández,es ESP,DF,Osasuna,es La Liga,32,1989,15,1159,77,33.9,12.9,12,88,11,3,33,6,1.40,16,22,-6,-0.47,-0.15,Matches
1465,Lucas Hernández,fr FRA,DF,Bayern Munich,de Bundesliga,25,1996,25,2030,81,66.3,22.6,25,81,14,0,,1,2.36,67,28,+39,+1.73,-0.11,Matches
1466,Luis Hernández,es ESP,DF,Cádiz,es La Liga,32,1989,16,1366,85,39.9,15.2,15,90,15,1,16,0,1.31,15,13,+2,+0.13,+0.92,Matches
1467,Mario Hernández,es ESP,"DF,MF",Rayo Vallecano,es La Liga,22,1999,9,395,44,11.5,4.4,5,72,2,4,9,26,1.33,6,6,0,0.00,+0.33,Matches
1468,Theo Hernández,fr FRA,DF,Milan,it Serie A,23,1997,32,2711,85,79.3,30.1,30,88,26,2,39,0,2.28,58,22,+36,+1.20,+0.94,Matches
1469,Hernani,br BRA,"MF,FW",Genoa,it Serie A,27,1994,18,682,38,19.9,7.6,7,64,1,11,21,10,0.61,4,20,-16,-2.11,-1.55,Matches
1470,Ander Herrera,es ESP,MF,Paris Saint-Germain,fr Ligue 1,31,1989,19,1091,57,31.9,12.1,12,82,5,7,15,6,2.63,28,11,+17,+1.40,-0.03,Matches
1471,Héctor Herrera,mx MEX,MF,Atlético Madrid,es La Liga,31,1990,21,859,41,25.1,9.5,8,79,4,13,18,9,1.67,17,9,+8,+0.84,+0.35,Matches
1472,Sergio Herrera,es ESP,GK,Osasuna,es La Liga,28,1993,36,3240,90,94.7,36.0,36,90,36,0,,1,1.28,36,48,-12,-0.33,+0.67,Matches
1473,Yangel Herrera,ve VEN,MF,Espanyol,es La Liga,23,1998,23,1645,72,48.1,18.3,19,80,10,4,30,1,1.09,17,24,-7,-0.38,-0.08,Matches
1474,Patrick Herrmann,de GER,MF,Gladbach,de Bundesliga,30,1991,23,754,33,24.6,8.4,5,80,2,18,20,10,1.22,14,10,+4,+0.48,+0.91,Matches
1475,Son Heung-min,kr KOR,"MF,FW",Tottenham Hotspur,eng Premier League,29,1992,35,3006,86,87.9,33.4,35,86,20,0,,0,1.94,65,30,+35,+1.05,+2.35,Matches
1476,Daan Heymans,be BEL,MF,Venezia,it Serie A,22,1999,7,256,37,7.5,2.8,2,65,0,5,25,12,1.00,2,7,-5,-1.76,-0.90,Matches
1477,Aaron Hickey,sct SCO,"MF,DF",Bologna,it Serie A,19,2002,36,2820,78,82.5,31.3,34,82,17,2,24,0,1.25,34,42,-8,-0.26,+0.19,Matches
1478,Piero Hincapié,ec ECU,DF,Leverkusen,de Bundesliga,19,2002,27,1754,65,57.3,19.5,20,81,14,7,20,2,2.00,47,29,+18,+0.92,-0.11,Matches
1479,Martin Hinteregger,at AUT,DF,Eintracht Frankfurt,de Bundesliga,28,1992,27,2222,82,72.6,24.7,25,88,24,2,9,2,1.22,32,37,-5,-0.20,-0.31,Matches
1480,Marwin Hitz,ch SUI,GK,Dortmund,de Bundesliga,33,1987,5,405,81,13.2,4.5,4,90,4,1,45,28,1.20,10,12,-2,-0.44,-1.63,Matches
1481,Ki-Jana Hoever,nl NED,MF,Wolves,eng Premier League,19,2002,8,308,39,9.0,3.4,4,74,3,4,4,21,0.75,0,5,-5,-1.46,-1.46,Matches
1482,Nicolas Höfler,de GER,MF,Freiburg,de Bundesliga,31,1990,30,2600,87,85.0,28.9,30,87,26,0,,1,1.70,55,44,+11,+0.38,+0.19,Matches
1483,Jonas Hofmann,de GER,MF,Gladbach,de Bundesliga,29,1992,26,2078,80,67.9,23.1,24,85,18,2,18,0,1.31,37,48,-11,-0.48,-0.84,Matches
1484,Rob Holding,eng ENG,DF,Arsenal,eng Premier League,25,1995,15,845,56,24.7,9.4,9,84,8,6,16,21,2.07,18,14,+4,+0.43,+0.11,Matches
1485,Lucas Höler,de GER,"FW,MF",Freiburg,de Bundesliga,27,1994,34,2583,76,84.4,28.7,30,82,13,4,29,0,1.62,46,38,+8,+0.28,-0.48,Matches
1486,Mason Holgate,jm JAM,DF,Everton,eng Premier League,24,1996,25,2134,85,62.4,23.7,23,90,22,2,34,10,1.08,29,42,-13,-0.55,+0.15,Matches
1487,Gerrit Holtmann,ph PHI,"FW,MF",Bochum,de Bundesliga,26,1995,29,1840,63,60.1,20.4,23,72,4,6,30,0,1.45,25,36,-11,-0.54,-0.32,Matches
1488,Martin Hongla,cm CMR,MF,Hellas Verona,it Serie A,23,1998,18,651,36,19.0,7.2,7,72,2,11,14,11,1.28,10,15,-5,-0.69,-1.05,Matches
1489,Franck Honorat,fr FRA,"MF,FW",Brest,fr Ligue 1,24,1996,34,2899,85,84.8,32.2,34,85,21,0,,0,1.24,40,45,-5,-0.16,+0.36,Matches
1490,Justin Hoogma,nl NED,"MF,DF",Greuther Fürth,de Bundesliga,23,1998,3,270,90,8.8,3.0,3,90,3,0,,1,0.33,2,9,-7,-2.33,-0.82,Matches
1491,Sydney van Hooijdonk,nl NED,FW,Bologna,it Serie A,21,2000,4,38,10,1.1,0.4,0,,0,4,10,18,1.50,1,0,+1,+2.37,+2.69,Matches
1492,Matthew Hoppe,us USA,FW,Mallorca,es La Liga,20,2001,5,131,26,3.8,1.5,1,58,0,4,18,20,0.20,1,5,-4,-2.75,-2.12,Matches
1493,Jannes Horn,de GER,DF,Köln,de Bundesliga,24,1997,11,478,43,15.6,5.3,3,75,1,8,32,9,1.82,8,8,0,0.00,-0.10,Matches
1494,Timo Horn,de GER,GK,Köln,de Bundesliga,28,1993,13,1170,90,38.2,13.0,13,90,13,0,,13,1.38,19,21,-2,-0.15,-0.39,Matches
1495,Fraser Hornby,sct SCO,FW,Reims,fr Ligue 1,21,1999,8,350,44,10.2,3.9,4,67,0,4,21,5,0.88,0,1,-1,-0.26,-0.26,Matches
1496,Cédric Hountondji,bj BEN,DF,Clermont Foot,fr Ligue 1,27,1994,23,2034,88,59.5,22.6,23,88,22,0,,0,1.00,22,42,-20,-0.88,-0.17,Matches
1497,Conor Hourihane,ie IRL,MF,Aston Villa,eng Premier League,30,1991,0,,,,,0,,0,0,,2,,,,,,,Matches
1498,Lukáš Hrádecký,fi FIN,GK,Leverkusen,de Bundesliga,31,1989,32,2880,90,94.1,32.0,32,90,32,0,,1,1.81,73,44,+29,+0.91,-1.09,Matches
1499,Branimir Hrgota,se SWE,"FW,MF",Greuther Fürth,de Bundesliga,28,1993,34,2777,82,90.8,30.9,33,83,18,1,27,0,0.53,26,74,-48,-1.56,+0.35,Matches
1500,Petko Hristov,bg BUL,DF,Spezia,it Serie A,22,1999,17,1248,73,36.5,13.9,13,87,12,4,31,17,0.71,17,34,-17,-1.23,-0.69,Matches
1501,Ajdin Hrustic,au AUS,MF,Eintracht Frankfurt,de Bundesliga,25,1996,23,964,42,31.5,10.7,9,77,3,14,19,6,1.04,7,16,-9,-0.84,-1.05,Matches
1502,Timo Hübers,de GER,DF,Köln,de Bundesliga,25,1996,20,1740,87,56.9,19.3,20,87,17,0,,8,1.70,30,26,+4,+0.21,+0.28,Matches
1503,Benjamin Hübner,de GER,DF,Hoffenheim,de Bundesliga,32,1989,5,375,75,12.3,4.2,5,75,2,0,,9,1.80,7,4,+3,+0.72,+0.89,Matches
1504,Callum Hudson-Odoi,eng ENG,MF,Chelsea,eng Premier League,20,2000,15,962,64,28.1,10.7,11,80,3,4,20,7,1.93,24,8,+16,+1.50,+0.51,Matches
1505,Will Hughes,eng ENG,MF,Crystal Palace,eng Premier League,26,1995,16,1053,66,30.8,11.7,13,79,5,3,9,15,1.56,17,16,+1,+0.09,-0.03,Matches
1506,Mats Hummels,de GER,DF,Dortmund,de Bundesliga,32,1988,23,1765,77,57.7,19.6,20,85,15,3,21,1,2.09,48,23,+25,+1.27,+0.72,Matches
1507,Omari Hutchinson,eng ENG,MF,Arsenal,eng Premier League,17,2003,0,,,,,0,,0,0,,8,,,,,,,Matches
1508,Klemen Hvalič,si SVN,GK,Empoli,it Serie A,19,2002,0,,,,,0,,0,0,,1,,,,,,,Matches
1509,Elseid Hysaj,al ALB,DF,Lazio,it Serie A,27,1994,29,2027,70,59.3,22.5,24,81,15,5,15,7,1.48,42,40,+2,+0.09,-1.01,Matches
1510,Suk Hyun-jun,kr KOR,FW,Troyes,fr Ligue 1,30,1991,9,153,17,4.5,1.7,0,,0,9,17,2,0.78,0,2,-2,-1.18,-0.79,Matches
1511,Pierre Højbjerg,dk DEN,MF,Tottenham Hotspur,eng Premier League,25,1995,36,3196,89,93.5,35.5,36,89,33,0,,1,1.94,66,34,+32,+0.90,+2.11,Matches
1512,Iago,br BRA,"DF,MF",Augsburg,de Bundesliga,24,1997,28,2174,78,71.0,24.2,26,82,19,2,16,0,1.25,30,34,-4,-0.17,+1.15,Matches
1513,Simone Ianesi,it ITA,FW,Udinese,it Serie A,19,2002,0,,,,,0,,0,0,,6,,,,,,,Matches
1514,Carmine Iannone,it ITA,MF,Salernitana,it Serie A,20,2001,0,,,,,0,,0,0,,2,,,,,,,Matches
1515,Robert Ibáñez,es ESP,MF,Osasuna,es La Liga,28,1993,4,93,23,2.7,1.0,1,57,0,3,12,10,0.75,3,4,-1,-0.97,-0.62,Matches
1516,Roger Ibanez,br BRA,DF,Roma,it Serie A,22,1998,34,2889,85,84.5,32.1,32,90,32,2,5,1,1.62,50,39,+11,+0.34,-0.50,Matches
1517,Vicente Iborra,es ESP,MF,Villarreal,es La Liga,33,1988,20,1034,52,30.2,11.5,12,80,8,8,9,18,2.05,24,10,+14,+1.22,+0.77,Matches
1518,Mehmet Ibrahimi,de GER,FW,RB Leipzig,de Bundesliga,18,2003,0,,,,,0,,0,0,,2,,,,,,,Matches
1519,Arijon Ibrahimović,de GER,MF,Bayern Munich,de Bundesliga,15,2005,0,,,,,0,,0,0,,1,,,,,,,Matches
1520,Zlatan Ibrahimović,se SWE,FW,Milan,it Serie A,39,1981,23,1016,44,29.7,11.3,11,77,7,12,14,2,2.13,24,14,+10,+0.89,-0.16,Matches
1521,Mauro Icardi,ar ARG,FW,Paris Saint-Germain,fr Ligue 1,28,1993,24,1027,43,30.0,11.4,10,86,6,14,12,5,2.17,25,13,+12,+1.05,-0.53,Matches
1522,Adam Idah,ie IRL,"FW,MF",Norwich City,eng Premier League,20,2001,17,625,37,18.3,6.9,6,83,3,11,12,6,0.76,7,11,-4,-0.58,+1.26,Matches
1523,Hubert Idasiak,pl POL,GK,Napoli,it Serie A,19,2002,0,,,,,0,,0,0,,8,,,,,,,Matches
1524,Oussama Idrissi,ma MAR,"MF,FW",Sevilla,es La Liga,25,1996,5,127,25,3.7,1.4,2,49,0,3,10,15,1.60,3,2,+1,+0.71,+0.11,Matches
1525,Oussama Idrissi,ma MAR,MF,Cádiz,es La Liga,25,1996,12,902,75,26.4,10.0,11,82,3,1,1,5,1.25,12,10,+2,+0.20,+0.84,Matches
1526,Antonio Iervolino,it ITA,MF,Salernitana,it Serie A,18,2003,0,,,,,0,,0,0,,1,,,,,,,Matches
1527,Iglesias,es ESP,"DF,MF",Getafe,es La Liga,23,1998,20,719,36,21.0,8.0,7,73,2,13,16,18,0.75,7,14,-7,-0.88,-0.84,Matches
1528,Borja Iglesias,es ESP,FW,Real Betis,es La Liga,28,1993,33,1573,48,46.0,17.5,18,72,2,15,18,4,1.61,30,18,+12,+0.69,+0.20,Matches
1529,Jonathan Iglesias,uy URU,MF,Clermont Foot,fr Ligue 1,32,1988,15,579,39,16.9,6.4,5,81,2,10,18,3,1.00,7,15,-8,-1.24,-0.51,Matches
1530,Juan Ignacio Ramírez,uy URU,FW,Saint-Étienne,fr Ligue 1,24,1997,5,126,25,3.7,1.4,1,65,0,4,15,7,0.60,2,3,-1,-0.71,+0.21,Matches
1531,Igor,br BRA,DF,Fiorentina,it Serie A,23,1998,30,2242,75,65.6,24.9,23,90,22,7,25,8,1.77,41,30,+11,+0.44,+0.67,Matches
1532,Mohammed Ihattaren,nl NED,MF,Sampdoria,it Serie A,19,2002,0,,,,,0,,0,0,,1,,,,,,,Matches
1533,Kelechi Iheanacho,ng NGA,FW,Leicester City,eng Premier League,24,1996,26,1264,49,37.0,14.0,13,76,4,13,21,9,1.12,18,25,-7,-0.50,-0.92,Matches
1534,Danylo Ihnatenko,ua UKR,MF,Bordeaux,fr Ligue 1,24,1997,11,692,63,20.2,7.7,7,90,7,4,16,1,1.00,12,13,-1,-0.13,+1.12,Matches
1535,Jonathan Ikone,fr FRA,FW,Fiorentina,it Serie A,23,1998,17,649,38,19.0,7.2,7,65,0,10,20,2,1.41,10,11,-1,-0.14,-0.43,Matches
1536,Jonathan Ikone,fr FRA,"MF,FW",Lille,fr Ligue 1,23,1998,18,1062,59,31.1,11.8,13,75,1,5,17,0,1.39,14,15,-1,-0.08,-0.12,Matches
1537,Ivan Ilić,rs SRB,MF,Hellas Verona,it Serie A,20,2001,32,2526,79,73.9,28.1,30,83,16,2,19,0,1.28,46,45,+1,+0.04,-0.47,Matches
1538,Luka Ilić,rs SRB,MF,Troyes,fr Ligue 1,22,1999,0,,,,,0,,0,0,,2,,,,,,,Matches
1539,Josip Iličić,si SVN,"MF,FW",Atalanta,it Serie A,33,1988,20,841,42,24.6,9.3,8,65,0,12,27,1,1.90,23,8,+15,+1.61,+1.54,Matches
1540,Samuel Iling-Junior,eng ENG,MF,Juventus,it Serie A,17,2003,0,,,,,0,,0,0,,1,,,,,,,Matches
1541,Asier Illarramendi,es ESP,MF,Real Sociedad,es La Liga,31,1990,8,374,47,10.9,4.2,6,61,0,2,4,14,1.63,4,5,-1,-0.24,-0.36,Matches
1542,Stefan Ilsanker,at AUT,"DF,MF",Eintracht Frankfurt,de Bundesliga,32,1989,12,266,22,8.7,3.0,3,66,1,9,7,17,1.92,5,6,-1,-0.34,-0.24,Matches
1543,Ciro Immobile,it ITA,FW,Lazio,it Serie A,31,1990,31,2711,87,79.3,30.1,31,87,25,0,,0,1.77,64,43,+21,+0.70,+0.95,Matches
1544,Burak İnce,tr TUR,FW,Arminia,de Bundesliga,17,2004,5,139,28,4.5,1.5,1,65,0,4,19,3,0.40,1,4,-3,-1.94,-1.23,Matches
1545,Danny Ings,eng ENG,FW,Aston Villa,eng Premier League,29,1992,30,1898,63,55.5,21.1,22,79,7,8,20,3,1.23,29,26,+3,+0.14,+0.44,Matches
1546,Marcus Ingvartsen,dk DEN,MF,Union Berlin,de Bundesliga,25,1996,2,122,61,4.0,1.4,2,61,0,0,,0,1.00,3,3,0,0.00,-0.18,Matches
1547,Marcus Ingvartsen,dk DEN,"MF,FW",Mainz 05,de Bundesliga,25,1996,26,680,26,22.2,7.6,6,61,0,20,16,1,1.27,11,12,-1,-0.13,-0.36,Matches
1548,Bonke Innocent,ng NGA,MF,Lorient,fr Ligue 1,25,1996,12,874,73,25.6,9.7,11,78,6,1,18,3,1.17,7,11,-4,-0.41,+0.44,Matches
1549,Lorenzo Insigne,it ITA,"MF,FW",Napoli,it Serie A,30,1991,32,2290,72,67.0,25.4,28,76,4,4,42,1,2.16,50,21,+29,+1.14,+0.02,Matches
1550,Nikita Iosifov,ru RUS,FW,Villarreal,es La Liga,20,2001,1,1,1,0.0,0.0,0,,0,1,1,5,3.00,0,0,0,0.00,-0.68,Matches
1551,Iurie Iovu,md MDA,DF,Cagliari,it Serie A,19,2002,0,,,,,0,,0,0,,3,,,,,,,Matches
1552,Tim Iroegbunam,eng ENG,MF,Aston Villa,eng Premier League,18,2003,3,92,31,2.7,1.0,1,72,0,2,10,19,2.33,1,0,+1,+0.98,+1.06,Matches
1553,Iru,es ESP,GK,Athletic Club,es La Liga,22,1998,0,,,,,0,,0,0,,1,,,,,,,Matches
1554,Alexander Isak,se SWE,FW,Real Sociedad,es La Liga,21,1999,32,2140,67,62.6,23.8,26,76,5,6,27,1,1.56,21,21,0,0.00,-0.21,Matches
1555,Isco,es ESP,"MF,FW",Real Madrid,es La Liga,29,1992,14,331,24,9.7,3.7,3,62,0,11,13,14,2.21,11,2,+9,+2.45,+1.28,Matches
1556,Wilson Isidor,ht HAI,"FW,MF",Monaco,fr Ligue 1,20,2000,4,50,13,1.5,0.6,0,,0,4,13,7,1.50,0,0,0,0.00,-0.67,Matches
1557,Ardian Ismajli,al ALB,DF,Empoli,it Serie A,24,1996,20,1272,64,37.2,14.1,13,87,12,7,21,13,0.85,18,35,-17,-1.20,-1.08,Matches
1558,Franco Israel,uy URU,GK,Juventus,it Serie A,21,2000,0,,,,,0,,0,0,,1,,,,,,,Matches
1559,Hiroki Ito,jp JPN,DF,Stuttgart,de Bundesliga,22,1999,29,2348,81,76.7,26.1,26,88,23,3,23,3,0.79,27,45,-18,-0.69,-0.69,Matches
1560,Cedric Itten,ch SUI,FW,Greuther Fürth,de Bundesliga,24,1996,12,635,53,20.8,7.1,7,76,3,5,21,3,0.25,5,14,-9,-1.28,+0.39,Matches
1561,Gian-Luca Itter,de GER,"DF,MF",Greuther Fürth,de Bundesliga,22,1999,24,1455,61,47.5,16.2,16,82,11,8,19,2,0.54,12,36,-24,-1.48,+0.20,Matches
1562,Alex Iwobi,ng NGA,"MF,DF",Everton,eng Premier League,25,1996,28,2035,73,59.5,22.6,22,86,15,6,23,7,1.32,27,38,-11,-0.49,+0.29,Matches
1563,Armando Izzo,it ITA,DF,Torino,it Serie A,29,1992,11,526,48,15.4,5.8,6,72,2,5,19,21,0.91,3,5,-2,-0.34,-0.56,Matches
1564,Nael Jaby,fr FRA,MF,Clermont Foot,fr Ligue 1,20,2001,0,,,,,0,,0,0,,9,,,,,,,Matches
1565,Nicolas Jackson,sn SEN,FW,Villarreal,es La Liga,20,2001,9,165,18,4.8,1.8,0,,0,9,18,2,1.89,3,3,0,0.00,-0.72,Matches
1566,Lee Jae-sung,kr KOR,"MF,FW",Mainz 05,de Bundesliga,28,1992,27,1436,53,46.9,16.0,19,69,1,8,15,2,1.41,25,20,+5,+0.31,+0.31,Matches
1567,Paul Jaeckel,de GER,DF,Union Berlin,de Bundesliga,23,1998,24,2047,85,66.9,22.7,22,90,22,2,34,8,1.88,34,29,+5,+0.22,+0.13,Matches
1568,Guillem Jaime,es ESP,DF,Barcelona,es La Liga,22,1999,0,,,,,0,,0,0,,2,,,,,,,Matches
1569,Mato Jajalo,ba BIH,MF,Udinese,it Serie A,33,1988,22,629,29,18.4,7.0,6,69,2,16,13,15,1.50,13,10,+3,+0.43,+0.43,Matches
1570,Kristijan Jakić,hr CRO,MF,Eintracht Frankfurt,de Bundesliga,24,1997,26,1879,72,61.4,20.9,21,81,13,5,35,1,1.35,29,32,-3,-0.14,-0.07,Matches
1571,Karl Jakob Hein,ee EST,GK,Arsenal,eng Premier League,19,2002,0,,,,,0,,0,0,,1,,,,,,,Matches
1572,Ismail Jakobs,sn SEN,"DF,MF",Monaco,fr Ligue 1,21,1999,28,1203,43,35.2,13.4,10,78,6,18,24,8,1.82,20,13,+7,+0.52,-0.21,Matches
1573,Marin Jakoliš,hr CRO,FW,Angers,fr Ligue 1,24,1996,10,229,23,6.7,2.5,2,65,0,8,13,3,0.70,1,4,-3,-1.18,-0.95,Matches
1574,Adam Jakubech,sk SVK,GK,Lille,fr Ligue 1,24,1997,0,,,,,0,,0,0,,21,,,,,,,Matches
1575,Eldin Jakupović,ch SUI,GK,Leicester City,eng Premier League,36,1984,0,,,,,0,,0,0,,9,,,,,,,Matches
1576,Abdel Jalil Medioub,dz ALG,DF,Bordeaux,fr Ligue 1,23,1997,10,622,62,18.2,6.9,6,88,4,4,24,18,1.20,12,20,-8,-1.16,-0.16,Matches
1577,Daniel James,wls WAL,MF,Manchester Utd,eng Premier League,23,1997,2,126,63,3.7,1.4,2,63,0,0,,1,3.00,5,1,+4,+2.86,+2.97,Matches
1578,Daniel James,wls WAL,"FW,MF",Leeds United,eng Premier League,23,1997,32,2366,74,69.2,26.3,29,78,18,3,33,0,1.00,31,48,-17,-0.65,+1.06,Matches
1579,Reece James,eng ENG,MF,Chelsea,eng Premier League,21,1999,26,1864,72,54.5,20.7,22,81,17,4,23,1,1.73,41,21,+20,+0.97,-0.36,Matches
1580,Vitaly Janelt,de GER,MF,Brentford,eng Premier League,23,1998,31,2298,74,67.2,25.5,27,80,13,4,32,1,1.29,35,37,-2,-0.08,+0.40,Matches
1581,Jakub Jankto,cz CZE,"MF,DF",Getafe,es La Liga,25,1996,14,587,42,17.2,6.5,6,74,3,8,18,10,0.87,9,12,-3,-0.46,-0.30,Matches
1582,Pontus Jansson,se SWE,DF,Brentford,eng Premier League,30,1991,37,3321,90,97.1,36.9,37,90,36,0,,0,1.16,46,56,-10,-0.27,-2.09,Matches
1583,Tony Jantschke,de GER,DF,Gladbach,de Bundesliga,31,1990,3,225,75,7.4,2.5,3,75,1,0,,17,2.00,3,2,+1,+0.40,+0.65,Matches
1584,Adnan Januzaj,be BEL,"MF,FW",Real Sociedad,es La Liga,26,1995,33,1625,49,47.5,18.1,17,72,1,16,25,0,1.61,13,14,-1,-0.06,-0.26,Matches
1585,Léo Jardim,br BRA,GK,Lille,fr Ligue 1,26,1995,17,1530,90,44.7,17.0,17,90,17,0,,5,1.41,20,20,0,0.00,0.00,Matches
1586,Paweł Jaroszyński,pl POL,DF,Salernitana,it Serie A,26,1994,13,516,40,15.1,5.7,4,86,2,9,19,12,0.46,6,20,-14,-2.44,-1.48,Matches
1587,Jason,es ESP,MF,Alavés,es La Liga,27,1994,14,678,48,19.8,7.5,10,63,1,4,12,5,1.00,6,10,-4,-0.53,+0.45,Matches
1588,Jason,es ESP,MF,Valencia,es La Liga,27,1994,5,75,15,2.2,0.8,1,45,0,4,8,9,1.20,4,3,+1,+1.20,+1.36,Matches
1589,Dennis Jastrzembski,pl POL,MF,Hertha BSC,de Bundesliga,21,2000,8,225,28,7.4,2.5,1,45,0,7,26,5,1.38,5,8,-3,-1.20,-0.22,Matches
1590,Luis Javier Suárez,co COL,FW,Granada,es La Liga,23,1997,37,2844,77,83.2,31.6,34,82,19,3,22,0,1.03,33,51,-18,-0.57,-0.73,Matches
1591,Raed Jaziri,it ITA,MF,Udinese,it Serie A,18,2003,0,,,,,0,,0,0,,1,,,,,,,Matches
1592,Corentin Jean,fr FRA,FW,Lens,fr Ligue 1,26,1995,17,255,15,7.5,2.8,1,72,0,16,11,10,1.12,7,5,+2,+0.71,+0.36,Matches
1593,Dany Jean,ht HAI,MF,Strasbourg,fr Ligue 1,18,2002,0,,,,,0,,0,0,,1,,,,,,,Matches
1594,Danley Jean-Jacques,ht HAI,MF,Metz,fr Ligue 1,21,2000,0,,,,,0,,0,0,,6,,,,,,,Matches
1595,Julian Jeanvier,gn GUI,DF,Brentford,eng Premier League,29,1992,0,,,,,0,,0,0,,6,,,,,,,Matches
1596,Jemerson,br BRA,DF,Metz,fr Ligue 1,28,1992,15,1202,80,35.1,13.4,15,80,10,0,,6,0.53,6,26,-20,-1.50,-0.93,Matches
1597,Jack Jenkins,eng ENG,MF,Leeds United,eng Premier League,19,2002,0,,,,,0,,0,0,,9,,,,,,,Matches
1598,Fredrik Jensen,fi FIN,MF,Augsburg,de Bundesliga,23,1997,12,418,35,13.7,4.6,2,64,0,10,29,2,1.08,5,6,-1,-0.22,+0.33,Matches
1599,Mathias Jensen,dk DEN,MF,Brentford,eng Premier League,25,1996,31,1601,52,46.8,17.8,19,72,8,12,20,4,1.00,15,30,-15,-0.84,-1.19,Matches
1600,Moritz Jenz,de GER,DF,Lorient,fr Ligue 1,22,1999,17,1381,81,40.4,15.3,16,86,13,1,1,8,1.06,16,29,-13,-0.85,-0.19,Matches
1601,Gabriel Jesus,br BRA,FW,Manchester City,eng Premier League,24,1997,28,1877,67,54.9,20.9,21,84,13,7,17,6,2.43,50,15,+35,+1.68,-0.54,Matches
1602,Juan Jesus,br BRA,DF,Napoli,it Serie A,30,1991,21,1278,61,37.4,14.2,14,88,13,7,6,17,1.86,22,15,+7,+0.49,-1.02,Matches
1603,Álvaro Jiménez,es ESP,MF,Cádiz,es La Liga,26,1995,9,234,26,6.8,2.6,1,45,0,8,24,11,0.33,2,9,-7,-2.69,-2.44,Matches
1604,Raúl Jiménez,mx MEX,FW,Wolves,eng Premier League,30,1991,34,2631,77,76.9,29.2,30,85,20,4,22,0,1.24,28,28,0,0.00,+0.57,Matches
1605,Pere Joan,es ESP,GK,Mallorca,es La Liga,19,2002,0,,,,,0,,0,0,,3,,,,,,,Matches
1606,João Pedro,br BRA,"FW,MF",Watford,eng Premier League,19,2001,28,1644,59,48.1,18.3,15,84,10,13,29,1,0.46,19,35,-16,-0.88,+0.49,Matches
1607,Joaquín,es ESP,MF,Real Betis,es La Liga,40,1981,21,471,22,13.8,5.2,2,72,0,19,17,12,1.57,12,5,+7,+1.34,+0.88,Matches
1608,John Joe,ie IRL,MF,Getafe,es La Liga,17,2003,0,,,,,0,,0,0,,1,,,,,,,Matches
1609,Joelinton,br BRA,"MF,FW",Newcastle United,eng Premier League,24,1996,35,2558,73,74.8,28.4,30,83,24,5,14,1,1.31,34,46,-12,-0.42,+0.20,Matches
1610,Jofre,es ESP,MF,Espanyol,es La Liga,20,2001,3,20,7,0.6,0.2,0,,0,3,7,5,1.33,2,0,+2,+9.00,+9.40,Matches
1611,Marco John,de GER,MF,Hoffenheim,de Bundesliga,19,2002,2,42,21,1.4,0.5,0,,0,2,21,4,1.50,3,0,+3,+6.43,+6.58,Matches
1612,Dennis Johnsen,no NOR,"FW,MF",Venezia,it Serie A,23,1998,26,1445,56,42.3,16.1,17,69,3,9,30,3,0.73,13,27,-14,-0.87,+0.08,Matches
1613,Ben Johnson,eng ENG,"DF,MF",West Ham United,eng Premier League,21,2000,20,1397,70,40.8,15.5,16,84,13,4,14,12,1.70,23,18,+5,+0.32,+0.14,Matches
1614,Curtis Jones,eng ENG,MF,Liverpool,eng Premier League,20,2001,15,851,57,24.9,9.5,10,77,4,5,16,10,2.47,26,9,+17,+1.80,+0.01,Matches
1615,Phil Jones,eng ENG,DF,Manchester Utd,eng Premier League,29,1992,4,163,41,4.8,1.8,2,68,1,2,14,20,1.00,0,3,-3,-1.66,-1.74,Matches
1616,Frenkie de Jong,nl NED,MF,Barcelona,es La Liga,24,1997,32,2476,77,72.4,27.5,30,81,17,2,28,1,2.00,49,30,+19,+0.69,-0.36,Matches
1617,Luuk de Jong,nl NED,"FW,MF",Barcelona,es La Liga,30,1990,21,654,31,19.1,7.3,6,78,2,15,12,13,1.48,12,3,+9,+1.24,+0.56,Matches
1618,Luuk de Jong,nl NED,FW,Sevilla,es La Liga,30,1990,0,,,,,0,,0,0,,1,,,,,,,Matches
1619,Jony,es ESP,MF,Lazio,it Serie A,30,1991,0,,,,,0,,0,0,,1,,,,,,,Matches
1620,Joan Jordán,es ESP,MF,Sevilla,es La Liga,27,1994,36,2514,70,73.5,27.9,31,75,11,5,36,1,1.89,38,21,+17,+0.61,+0.01,Matches
1621,Bruno Jordão,pt POR,MF,Wolves,eng Premier League,22,1998,0,,,,,0,,0,0,,4,,,,,,,Matches
1622,Kaio Jorge,br BRA,FW,Juventus,it Serie A,19,2002,9,121,13,3.5,1.3,0,,0,9,13,11,1.89,4,2,+2,+1.49,+1.00,Matches
1623,Jorginho,it ITA,MF,Chelsea,eng Premier League,29,1991,29,2273,78,66.5,25.3,26,84,18,3,28,7,2.07,53,17,+36,+1.43,+0.88,Matches
1624,Josan,es ESP,"MF,DF",Elche,es La Liga,31,1989,31,1211,39,35.4,13.5,10,75,4,21,22,7,1.10,17,24,-7,-0.52,-0.32,Matches
1625,Willian José,br BRA,FW,Real Betis,es La Liga,29,1991,32,1604,50,46.9,17.8,19,72,3,13,18,2,1.84,30,18,+12,+0.67,+0.18,Matches
1626,Joseda,es ESP,DF,Levante,es La Liga,20,2001,0,,,,,0,,0,0,,1,,,,,,,Matches
1627,Joselu,es ESP,FW,Alavés,es La Liga,31,1990,37,3122,84,91.3,34.7,35,87,30,2,38,0,0.84,30,58,-28,-0.81,+1.00,Matches
1628,Josema,es ESP,DF,Elche,es La Liga,25,1996,6,183,31,5.4,2.0,1,77,0,5,21,12,1.33,3,5,-2,-0.98,-0.71,Matches
1629,Lenny Joseph,ht HAI,"FW,MF",Metz,fr Ligue 1,20,2000,8,153,19,4.5,1.7,0,,0,8,19,12,0.50,0,3,-3,-1.76,-0.91,Matches
1630,Diogo Jota,pt POR,FW,Liverpool,eng Premier League,24,1996,35,2364,68,69.1,26.3,27,80,10,8,25,1,2.37,58,19,+39,+1.48,-0.99,Matches
1631,Stevan Jovetić,me MNE,"FW,MF",Hertha BSC,de Bundesliga,31,1989,18,1017,57,33.2,11.3,13,67,5,5,28,3,0.39,11,26,-15,-1.33,-0.49,Matches
1632,Luka Jović,rs SRB,FW,Real Madrid,es La Liga,23,1997,15,369,25,10.8,4.1,1,60,0,14,22,12,2.07,13,2,+11,+2.68,+1.56,Matches
1633,Miguel Juan Llambrich,es ESP,DF,Espanyol,es La Liga,25,1996,2,70,35,2.0,0.8,1,57,0,1,13,27,1.50,0,2,-2,-2.57,-2.28,Matches
1634,José Juan Macías,mx MEX,FW,Getafe,es La Liga,21,1999,7,201,29,5.9,2.2,2,56,0,5,18,4,0.14,1,4,-3,-1.34,-1.20,Matches
1635,Juanmi,es ESP,MF,Real Betis,es La Liga,28,1993,33,2131,65,62.3,23.7,26,75,2,7,27,3,1.67,42,21,+21,+0.89,+0.82,Matches
1636,Gideon Jung,de GER,DF,Greuther Fürth,de Bundesliga,26,1994,5,142,28,4.6,1.6,1,90,1,4,13,5,0.40,1,7,-6,-3.80,-2.32,Matches
1637,Andreas Jungdal,dk DEN,GK,Milan,it Serie A,19,2002,0,,,,,0,,0,0,,8,,,,,,,Matches
1638,Flavio Junior Bianchi,it ITA,FW,Genoa,it Serie A,21,2000,7,314,45,9.2,3.5,4,61,0,3,23,5,0.29,1,7,-6,-1.72,-0.94,Matches
1639,Lago Junior,ci CIV,MF,Mallorca,es La Liga,30,1990,6,177,30,5.2,2.0,1,75,0,5,20,7,1.00,1,7,-6,-3.05,-2.47,Matches
1640,Hamed Junior Traorè,ci CIV,MF,Sassuolo,it Serie A,21,2000,31,1775,57,51.9,19.7,21,74,3,10,21,1,1.39,35,31,+4,+0.20,+0.53,Matches
1641,Vinicius Júnior,br BRA,"FW,MF",Real Madrid,es La Liga,21,2000,35,2690,77,78.7,29.9,30,86,15,5,21,0,2.34,65,22,+43,+1.44,+0.70,Matches
1642,James Justin,eng ENG,DF,Leicester City,eng Premier League,23,1998,13,998,77,29.2,11.1,11,85,10,2,34,2,1.46,20,13,+7,+0.63,+0.78,Matches
1643,Ferran Jutglà,es ESP,FW,Barcelona,es La Liga,22,1999,6,301,50,8.8,3.3,4,73,1,2,4,2,2.00,6,3,+3,+0.90,+0.12,Matches
1644,Jens Jønsson,dk DEN,MF,Cádiz,es La Liga,28,1993,22,1303,59,38.1,14.5,17,68,1,5,31,11,0.86,9,19,-10,-0.69,-0.44,Matches
1645,Filip Jørgensen,dk DEN,GK,Villarreal,es La Liga,19,2002,0,,,,,0,,0,0,,14,,,,,,,Matches
1646,Mathias Jørgensen,dk DEN,DF,Brentford,eng Premier League,31,1990,8,518,65,15.1,5.8,6,77,5,2,29,6,1.25,8,10,-2,-0.35,-0.16,Matches
1647,Kanfory Kaba,fr FRA,DF,Strasbourg,fr Ligue 1,17,2004,0,,,,,0,,0,0,,1,,,,,,,Matches
1648,Ozan Kabak,tr TUR,DF,Norwich City,eng Premier League,21,2000,11,922,84,27.0,10.2,11,84,9,0,,8,0.18,4,25,-21,-2.05,-0.61,Matches
1649,Christian Kabasele,be BEL,DF,Watford,eng Premier League,30,1991,16,1193,75,34.9,13.3,12,90,12,4,28,15,0.69,10,30,-20,-1.51,-0.58,Matches
1650,Issa Kaboré,bf BFA,"DF,MF",Troyes,fr Ligue 1,20,2001,31,2254,73,65.9,25.0,26,80,15,5,33,1,1.03,27,32,-5,-0.20,+0.65,Matches
1651,Anton Kade,de GER,MF,Hertha BSC,de Bundesliga,17,2004,4,77,19,2.5,0.9,0,,0,4,19,5,1.50,0,2,-2,-2.34,-1.37,Matches
1652,Pavel Kadeřábek,cz CZE,"MF,DF",Hoffenheim,de Bundesliga,29,1992,19,1195,63,39.1,13.3,14,72,5,5,37,0,1.53,16,20,-4,-0.30,-0.40,Matches
1653,Tino Kadewere,zw ZIM,"MF,FW",Lyon,fr Ligue 1,25,1996,15,506,34,14.8,5.6,3,80,0,12,22,11,1.33,10,5,+5,+0.89,+0.58,Matches
1654,Florian Kainz,at AUT,MF,Köln,de Bundesliga,28,1992,32,2320,73,75.8,25.8,31,74,2,1,32,0,1.56,33,36,-3,-0.12,-0.85,Matches
1655,Gaël Kakuta,cd COD,"MF,FW",Lens,fr Ligue 1,30,1991,29,1673,58,48.9,18.6,20,74,1,9,22,1,1.76,27,22,+5,+0.27,-0.19,Matches
1656,Sasa Kalajdzic,at AUT,FW,Stuttgart,de Bundesliga,24,1997,15,1221,81,39.9,13.6,13,89,12,2,32,1,1.00,16,21,-5,-0.37,+0.27,Matches
1657,Arnaud Kalimuendo,fr FRA,FW,Paris Saint-Germain,fr Ligue 1,19,2002,2,8,4,0.2,0.1,0,,0,2,4,2,3.00,1,0,+1,+11.25,+9.85,Matches
1658,Arnaud Kalimuendo,fr FRA,FW,Lens,fr Ligue 1,19,2002,32,2148,67,62.8,23.9,27,75,5,5,26,0,1.72,40,28,+12,+0.50,+0.36,Matches
1659,Nikola Kalinić,hr CRO,FW,Hellas Verona,it Serie A,33,1988,14,406,29,11.9,4.5,4,57,0,10,18,3,1.57,8,9,-1,-0.22,-0.43,Matches
1660,Ali Kalla,fr FRA,DF,Angers,fr Ligue 1,23,1998,0,,,,,0,,0,0,,7,,,,,,,Matches
1661,Yayah Kallon,sl SLE,"MF,FW",Genoa,it Serie A,20,2001,15,636,42,18.6,7.1,5,72,2,10,28,6,0.73,11,13,-2,-0.28,+0.72,Matches
1662,Samuel Kalu,ng NGA,"MF,FW",Bordeaux,fr Ligue 1,23,1997,11,328,30,9.6,3.6,3,46,0,8,24,3,0.82,5,6,-1,-0.27,+0.83,Matches
1663,Samuel Kalu,ng NGA,FW,Watford,eng Premier League,23,1997,4,222,56,6.5,2.5,2,88,1,2,24,7,0.25,1,6,-5,-2.03,-0.96,Matches
1664,Pierre Kalulu,fr FRA,DF,Milan,it Serie A,21,2000,28,1944,69,56.8,21.6,21,85,18,7,22,10,2.21,35,9,+26,+1.20,+0.47,Matches
1665,Daichi Kamada,jp JPN,MF,Eintracht Frankfurt,de Bundesliga,24,1996,32,2139,67,69.9,23.8,23,83,9,9,27,1,1.13,35,29,+6,+0.25,+1.23,Matches
1666,Abu Kamara,eng ENG,"FW,MF",Norwich City,eng Premier League,18,2003,0,,,,,0,,0,0,,1,,,,,,,Matches
1667,Boubacar Kamara,fr FRA,"MF,DF",Marseille,fr Ligue 1,21,1999,34,2778,82,81.2,30.9,31,87,26,3,26,2,1.97,53,31,+22,+0.71,+0.29,Matches
1668,Hassane Kamara,ci CIV,"MF,DF",Nice,fr Ligue 1,27,1994,11,544,49,15.9,6.0,7,73,2,4,8,5,2.09,7,4,+3,+0.50,+0.09,Matches
1669,Hassane Kamara,ci CIV,DF,Watford,eng Premier League,27,1994,19,1623,85,47.5,18.0,18,88,15,1,45,0,0.47,10,36,-26,-1.44,-0.59,Matches
1670,Oliver Kamdem,cm CMR,DF,Clermont Foot,fr Ligue 1,18,2002,0,,,,,0,,0,0,,2,,,,,,,Matches
1671,Dimitrije Kamenović,rs SRB,DF,Lazio,it Serie A,21,2000,1,45,45,1.3,0.5,0,,0,1,45,13,1.00,1,1,0,0.00,-0.51,Matches
1672,Kevin Kampl,si SVN,MF,RB Leipzig,de Bundesliga,30,1990,27,1899,70,62.1,21.1,25,75,10,2,13,4,1.37,39,23,+16,+0.76,-0.71,Matches
1673,Jean-Armel Kana-Biyik,cm CMR,DF,Metz,fr Ligue 1,32,1989,10,664,66,19.4,7.4,8,77,3,2,25,1,1.00,3,14,-11,-1.49,-0.74,Matches
1674,Nordine Kandil,fr FRA,MF,Strasbourg,fr Ligue 1,19,2001,5,90,18,2.6,1.0,0,,0,5,18,18,1.40,6,3,+3,+3.00,+2.62,Matches
1675,Harry Kane,eng ENG,FW,Tottenham Hotspur,eng Premier League,28,1993,37,3232,87,94.5,35.9,36,89,35,1,19,0,1.84,66,40,+26,+0.72,-0.71,Matches
1676,Cheikh Kané Sarr,sn SEN,GK,Granada,es La Liga,21,2000,0,,,,,0,,0,0,,6,,,,,,,Matches
1677,Lee Kang-in,kr KOR,MF,Mallorca,es La Liga,20,2001,30,1411,47,41.3,15.7,15,73,2,15,21,3,0.80,16,28,-12,-0.77,-0.09,Matches
1678,N'Golo Kanté,fr FRA,MF,Chelsea,eng Premier League,30,1991,26,1773,68,51.8,19.7,21,79,11,5,22,1,1.92,34,19,+15,+0.76,-0.77,Matches
1679,Stefanos Kapino,gr GRE,GK,Arminia,de Bundesliga,27,1994,1,90,90,2.9,1.0,1,90,1,0,,29,3.00,2,0,+2,+2.00,+2.85,Matches
1680,Atakan Karazor,tr TUR,MF,Stuttgart,de Bundesliga,24,1996,24,1898,79,62.0,21.1,23,82,15,1,16,4,1.29,24,35,-11,-0.52,+0.02,Matches
1681,Michał Karbownik,pl POL,"DF,MF",Brighton,eng Premier League,20,2001,0,,,,,0,,0,0,,1,,,,,,,Matches
1682,Jon Karrikaburu,es ESP,FW,Real Sociedad,es La Liga,18,2002,0,,,,,0,,0,0,,2,,,,,,,Matches
1683,Rick Karsdorp,nl NED,"MF,DF",Roma,it Serie A,26,1995,36,2883,80,84.3,32.0,32,86,21,4,29,0,1.75,49,34,+15,+0.47,+0.30,Matches
1684,Denso Kasius,nl NED,MF,Bologna,it Serie A,18,2002,7,180,26,5.3,2.0,1,61,0,6,20,8,0.57,1,3,-2,-1.00,-0.75,Matches
1685,Grigoris Kastanos,cy CYP,"MF,FW",Salernitana,it Serie A,23,1998,27,1348,50,39.4,15.0,16,69,4,11,22,6,1.11,16,32,-16,-1.07,+0.19,Matches
1686,Silas Katompa,cd COD,"MF,FW",Stuttgart,de Bundesliga,22,1998,9,277,31,9.1,3.1,3,53,0,6,20,0,0.89,3,11,-8,-2.60,-2.28,Matches
1687,Noah Katterbach,de GER,"DF,MF",Köln,de Bundesliga,20,2001,1,16,16,0.5,0.2,0,,0,1,16,0,0.00,0,1,-1,-5.63,-5.74,Matches
1688,Eiji Kawashima,jp JPN,GK,Strasbourg,fr Ligue 1,38,1983,1,90,90,2.6,1.0,1,90,1,0,,33,3.00,2,0,+2,+2.00,+1.59,Matches
1689,Edo Kayembe,cd COD,MF,Watford,eng Premier League,23,1998,13,799,61,23.4,8.9,9,80,4,4,20,7,0.23,3,17,-14,-1.58,-0.58,Matches
1690,Moise Kean,it ITA,FW,Everton,eng Premier League,21,2000,1,1,1,0.0,0.0,0,,0,1,1,0,1.00,0,0,0,0.00,+0.61,Matches
1691,Moise Kean,it ITA,FW,Juventus,it Serie A,21,2000,32,1098,34,32.1,12.2,12,66,1,20,15,0,2.03,19,14,+5,+0.41,-0.17,Matches
1692,Michael Keane,eng ENG,DF,Everton,eng Premier League,28,1993,32,2792,87,81.6,31.0,31,88,29,1,73,4,1.09,36,55,-19,-0.61,-0.04,Matches
1693,Ilan Kebbal,dz ALG,"MF,FW",Reims,fr Ligue 1,23,1998,31,1772,57,51.8,19.7,21,69,3,10,31,7,1.32,24,21,+3,+0.15,+0.37,Matches
1694,Wajdi Kechrida,tn TUN,"MF,DF",Salernitana,it Serie A,25,1995,17,952,56,27.8,10.6,10,78,6,7,25,7,0.47,8,29,-21,-1.99,-1.11,Matches
1695,Thilo Kehrer,de GER,DF,Paris Saint-Germain,fr Ligue 1,24,1996,27,1513,56,44.2,16.8,16,84,11,11,15,8,2.56,42,17,+25,+1.49,+0.12,Matches
1696,Habib Keita,ml MLI,MF,Lyon,fr Ligue 1,19,2002,3,7,2,0.2,0.1,0,,0,3,2,22,1.00,0,2,-2,-25.71,-26.16,Matches
1697,Naby Keïta,gn GUI,MF,Liverpool,eng Premier League,26,1995,23,1173,51,34.3,13.0,14,74,4,9,16,6,2.43,30,6,+24,+1.84,+0.08,Matches
1698,Yannik Keitel,de GER,MF,Freiburg,de Bundesliga,21,2000,12,504,42,16.5,5.6,5,76,2,7,18,5,1.83,7,8,-1,-0.18,-0.64,Matches
1699,Caoimhín Kelleher,ie IRL,GK,Liverpool,eng Premier League,22,1998,2,180,90,5.3,2.0,2,90,2,0,,34,2.00,7,2,+5,+2.50,+0.75,Matches
1700,Martin Kelly,eng ENG,"DF,MF",Crystal Palace,eng Premier League,31,1990,0,,,,,0,,0,0,,29,,,,,,,Matches
1701,Marc-Oliver Kempf,de GER,DF,Hertha BSC,de Bundesliga,26,1995,12,1051,88,34.3,11.7,12,88,11,0,,0,0.92,14,19,-5,-0.43,+0.87,Matches
1702,Marc-Oliver Kempf,de GER,DF,Stuttgart,de Bundesliga,26,1995,12,840,70,27.5,9.3,10,82,7,2,12,2,1.08,13,21,-8,-0.86,-0.45,Matches
1703,Kenedy,br BRA,MF,Chelsea,eng Premier League,25,1996,1,58,58,1.7,0.6,1,58,0,0,,7,3.00,1,0,+1,+1.55,+0.43,Matches
1704,Nohan Kenneh,lr LBR,"DF,MF",Leeds United,eng Premier League,18,2003,0,,,0.0,0.0,0,,0,0,,13,3.00,3,2,+1,,,Matches
1705,Jonjoe Kenny,eng ENG,DF,Everton,eng Premier League,24,1997,15,1018,68,29.8,11.3,11,87,9,4,14,22,0.67,10,24,-14,-1.24,-0.90,Matches
1706,Dimitrios Keramitsis,gr GRE,DF,Roma,it Serie A,17,2004,1,1,1,0.0,0.0,0,,0,1,1,6,3.00,0,0,0,0.00,-0.42,Matches
1707,Timo Kern,de GER,MF,Bayern Munich,de Bundesliga,31,1990,0,,,,,0,,0,0,,1,,,,,,,Matches
1708,Kaine Kesler-Hayden,eng ENG,"DF,MF",Aston Villa,eng Premier League,18,2002,0,,,,,0,,0,0,,2,,,,,,,Matches
1709,Franck Kessié,ci CIV,MF,Milan,it Serie A,24,1996,31,2308,74,67.5,25.6,25,84,18,6,34,0,2.26,43,21,+22,+0.86,-0.44,Matches
1710,Omar Khailoti,it ITA,DF,Bologna,it Serie A,19,2001,0,,,,,0,,0,0,,1,,,,,,,Matches
1711,Saîf-Eddine Khaoui,tn TUN,"MF,FW",Clermont Foot,fr Ligue 1,26,1995,23,927,40,27.1,10.3,9,70,0,14,21,3,0.70,10,25,-15,-1.46,-0.88,Matches
1712,Wahbi Khazri,tn TUN,"FW,MF",Saint-Étienne,fr Ligue 1,30,1991,30,2225,74,65.1,24.7,26,81,10,4,27,0,0.97,28,46,-18,-0.73,+0.55,Matches
1713,Rani Khedira,tn TUN,MF,Union Berlin,de Bundesliga,27,1994,32,2757,86,90.1,30.6,32,86,24,0,,1,1.78,47,36,+11,+0.36,+1.84,Matches
1714,Kiké,es ESP,FW,Osasuna,es La Liga,31,1989,33,1862,56,54.4,20.7,18,83,8,15,25,1,1.27,20,30,-10,-0.48,-0.25,Matches
1715,Luca Kilian,de GER,DF,Mainz 05,de Bundesliga,21,1999,1,1,1,0.0,0.0,0,,0,1,1,1,3.00,0,0,0,0.00,-0.15,Matches
1716,Luca Kilian,de GER,DF,Köln,de Bundesliga,21,1999,30,2281,76,74.5,25.3,25,87,21,5,22,2,1.50,39,34,+5,+0.20,+0.43,Matches
1717,Max Kilman,eng ENG,DF,Wolves,eng Premier League,24,1997,30,2687,90,78.6,29.9,30,90,28,0,,2,1.53,27,25,+2,+0.07,+0.93,Matches
1718,Joshua Kimmich,de GER,"MF,DF",Bayern Munich,de Bundesliga,26,1995,28,2474,88,80.8,27.5,28,88,24,0,,0,2.21,80,32,+48,+1.75,-0.10,Matches
1719,Presnel Kimpembe,fr FRA,DF,Paris Saint-Germain,fr Ligue 1,25,1995,30,2576,86,75.3,28.6,29,88,25,1,16,3,2.17,64,31,+33,+1.15,-1.09,Matches
1720,Joshua King,no NOR,"FW,MF",Watford,eng Premier League,29,1992,32,2248,70,65.7,25.0,27,81,20,5,12,1,0.59,23,47,-24,-0.96,+0.50,Matches
1721,Alex Kirk,eng ENG,DF,Arsenal,eng Premier League,18,2002,0,,,,,0,,0,0,,1,,,,,,,Matches
1722,Kaur Kivila,ee EST,GK,Hellas Verona,it Serie A,17,2003,0,,,,,0,,0,0,,2,,,,,,,Matches
1723,Jakub Kiwior,pl POL,MF,Spezia,it Serie A,21,2000,22,1964,89,57.4,21.8,21,90,21,1,74,8,1.09,24,35,-11,-0.50,+0.67,Matches
1724,Sofian Kiyine,ma MAR,"MF,FW",Venezia,it Serie A,23,1997,26,1239,48,36.2,13.8,14,63,4,12,29,4,0.62,17,28,-11,-0.80,+0.19,Matches
1725,Simon Kjær,dk DEN,DF,Milan,it Serie A,32,1989,11,802,73,23.5,8.9,10,76,8,1,45,2,2.09,19,15,+4,+0.45,-0.72,Matches
1726,Kristoffer Klaesson,no NOR,GK,Leeds United,eng Premier League,20,2000,1,36,36,1.1,0.4,0,,0,1,36,37,3.00,3,0,+3,+7.50,+8.56,Matches
1727,Daniel Klein,de GER,GK,Augsburg,de Bundesliga,20,2001,0,,,,,0,,0,0,,2,,,,,,,Matches
1728,Philipp Klement,de GER,MF,Stuttgart,de Bundesliga,28,1992,6,338,56,11.0,3.8,3,72,0,3,40,3,0.67,7,8,-1,-0.27,+0.30,Matches
1729,Mateusz Klich,pl POL,MF,Leeds United,eng Premier League,31,1990,33,2073,63,60.6,23.0,26,71,7,7,33,4,0.97,24,51,-27,-1.17,-0.50,Matches
1730,Thibault Klidje,tg TOG,FW,Bordeaux,fr Ligue 1,20,2001,5,86,17,2.5,1.0,0,,0,5,17,5,0.40,0,2,-2,-2.09,-1.09,Matches
1731,Mateo Klimowicz,de GER,"MF,FW",Stuttgart,de Bundesliga,21,2000,15,603,40,19.7,6.7,7,67,1,8,17,9,0.80,10,11,-1,-0.15,+0.47,Matches
1732,Niklas Klinger,de GER,GK,Wolfsburg,de Bundesliga,25,1995,0,,,,,0,,0,0,,6,,,,,,,Matches
1733,Fabian Klos,de GER,FW,Arminia,de Bundesliga,33,1987,25,1420,57,46.4,15.8,14,79,3,11,28,1,0.96,11,21,-10,-0.63,+0.24,Matches
1734,Lukas Klostermann,de GER,"DF,MF",RB Leipzig,de Bundesliga,25,1996,23,1648,72,53.9,18.3,17,86,12,6,31,3,1.83,43,19,+24,+1.31,+0.61,Matches
1735,Justin Kluivert,nl NED,MF,Nice,fr Ligue 1,22,1999,27,1868,69,54.6,20.8,24,75,5,3,25,1,1.70,25,23,+2,+0.10,-0.72,Matches
1736,Lukas Klünter,de GER,"MF,DF",Hertha BSC,de Bundesliga,25,1996,5,194,39,6.3,2.2,2,61,1,3,24,5,0.80,0,3,-3,-1.39,-0.42,Matches
1737,Ansgar Knauff,de GER,MF,Dortmund,de Bundesliga,19,2002,5,114,23,3.7,1.3,0,,0,5,23,10,1.80,2,1,+1,+0.79,-0.19,Matches
1738,Ansgar Knauff,de GER,MF,Eintracht Frankfurt,de Bundesliga,19,2002,12,759,63,24.8,8.4,8,82,3,4,26,2,1.08,11,10,+1,+0.12,+0.31,Matches
1739,Robin Knoche,de GER,DF,Union Berlin,de Bundesliga,29,1992,33,2970,90,97.1,33.0,33,90,33,0,,0,1.73,50,43,+7,+0.21,+1.21,Matches
1740,Matthias Köbbing,de GER,GK,Köln,de Bundesliga,24,1997,0,,,,,0,,0,0,,1,,,,,,,Matches
1741,Gregor Kobel,ch SUI,GK,Dortmund,de Bundesliga,23,1997,29,2565,88,83.8,28.5,29,88,28,0,,0,2.17,73,39,+34,+1.19,+1.37,Matches
1742,Robin Koch,de GER,"MF,DF",Leeds United,eng Premier League,25,1996,20,1574,79,46.0,17.5,17,85,15,3,42,1,1.05,21,40,-19,-1.09,-0.21,Matches
1743,Giorgi Kochorashvili,ge GEO,MF,Levante,es La Liga,22,1999,0,,,,,0,,0,0,,1,,,,,,,Matches
1744,Samuel Koeberlé,fr FRA,MF,Reims,fr Ligue 1,16,2004,1,1,1,0.0,0.0,0,,0,1,1,1,3.00,0,0,0,0.00,+0.03,Matches
1745,Philippe Koffi,ci CIV,FW,Reims,fr Ligue 1,19,2002,10,375,38,11.0,4.2,3,73,0,7,22,5,1.20,4,4,0,0.00,+0.03,Matches
1746,Rudy Kohon,fr FRA,DF,Troyes,fr Ligue 1,17,2004,0,,,,,0,,0,0,,2,,,,,,,Matches
1747,Dominik Kohr,de GER,MF,Mainz 05,de Bundesliga,27,1994,22,1614,73,52.7,17.9,19,79,6,3,38,0,1.50,30,21,+9,+0.50,+0.75,Matches
1748,Koba Koindredi,fr FRA,MF,Valencia,es La Liga,19,2001,10,181,18,5.3,2.0,1,51,0,9,14,14,0.90,5,5,0,0.00,+0.14,Matches
1749,Koke,es ESP,MF,Atlético Madrid,es La Liga,29,1992,31,2508,81,73.3,27.9,29,85,23,2,28,1,1.77,50,34,+16,+0.57,-0.02,Matches
1750,Aleksandr Kokorin,ru RUS,"FW,MF",Fiorentina,it Serie A,30,1991,6,55,9,1.6,0.6,0,,0,6,9,21,1.50,1,2,-1,-1.64,-1.88,Matches
1751,Aleksandar Kolarov,rs SRB,DF,Inter,it Serie A,35,1985,3,42,14,1.2,0.5,0,,0,3,14,20,3.00,1,1,0,0.00,-1.39,Matches
1752,Sead Kolašinac,ba BIH,DF,Arsenal,eng Premier League,28,1993,2,91,46,2.7,1.0,1,90,1,1,1,2,1.50,0,5,-5,-4.95,-5.43,Matches
1753,Sead Kolašinac,ba BIH,DF,Marseille,fr Ligue 1,28,1993,14,440,31,12.9,4.9,6,58,0,8,12,3,2.21,9,7,+2,+0.41,-0.29,Matches
1754,Luca Koleosho,it ITA,MF,Espanyol,es La Liga,16,2004,1,1,1,0.0,0.0,0,,0,1,1,0,1.00,0,0,0,0.00,+0.34,Matches
1755,Randal Kolo Muani,fr FRA,"FW,MF",Nantes,fr Ligue 1,22,1998,36,2948,82,86.2,32.8,34,86,21,2,16,1,1.53,49,39,+10,+0.31,+0.88,Matches
1756,Timothée Kolodziejczak,fr FRA,"DF,MF",Saint-Étienne,fr Ligue 1,29,1991,30,2565,86,75.0,28.5,30,86,25,0,,3,0.90,33,52,-19,-0.67,+1.02,Matches
1757,Ghislain Konan,ci CIV,"MF,DF",Reims,fr Ligue 1,25,1995,28,2418,86,70.7,26.9,28,86,24,0,,1,1.32,28,26,+2,+0.07,+0.34,Matches
1758,Ibrahima Konaté,fr FRA,DF,Liverpool,eng Premier League,22,1999,11,990,90,28.9,11.0,11,90,11,0,,26,2.27,28,10,+18,+1.64,-0.22,Matches
1759,Geoffrey Kondogbia,cf CTA,"MF,DF",Atlético Madrid,es La Liga,28,1993,28,1882,67,55.0,20.9,21,82,13,7,24,1,1.71,33,24,+9,+0.43,-0.33,Matches
1760,Ibrahima Koné,ml MLI,FW,Lorient,fr Ligue 1,22,1999,16,732,46,21.4,8.1,6,83,2,10,24,0,1.19,12,13,-1,-0.12,+0.78,Matches
1761,Manu Koné,fr FRA,MF,Gladbach,de Bundesliga,20,2001,27,2183,81,71.3,24.3,26,83,12,1,30,1,1.44,43,40,+3,+0.12,+1.15,Matches
1762,Youssouf Koné,ml MLI,"DF,MF",Troyes,fr Ligue 1,26,1995,21,980,47,28.7,10.9,11,73,5,10,18,5,1.05,8,18,-10,-0.92,-0.70,Matches
1763,Ezri Konsa,eng ENG,DF,Aston Villa,eng Premier League,23,1997,29,2477,85,72.4,27.5,29,85,24,0,,3,1.21,36,41,-5,-0.18,-0.47,Matches
1764,Teun Koopmeiners,nl NED,MF,Atalanta,it Serie A,23,1998,30,2126,71,62.2,23.6,23,84,17,7,27,4,1.60,43,27,+16,+0.68,+0.61,Matches
1765,Nils-Jonathan Körber,de GER,GK,Hertha BSC,de Bundesliga,24,1996,0,,,,,0,,0,0,,6,,,,,,,Matches
1766,Laurent Koscielny,fr FRA,DF,Bordeaux,fr Ligue 1,35,1985,11,933,85,27.3,10.4,11,85,8,0,,1,0.91,13,22,-9,-0.87,+0.22,Matches
1767,Odilon Kossounou,ci CIV,DF,Leverkusen,de Bundesliga,20,2001,27,1793,66,58.6,19.9,20,86,16,7,12,2,2.00,43,24,+19,+0.95,-0.04,Matches
1768,Filip Kostić,rs SRB,MF,Eintracht Frankfurt,de Bundesliga,28,1992,31,2522,81,82.4,28.0,28,86,23,3,35,0,1.19,40,42,-2,-0.07,+0.26,Matches
1769,Rominigue Kouamé,ml MLI,MF,Troyes,fr Ligue 1,24,1996,34,2968,87,86.8,33.0,34,87,26,0,,1,1.03,34,46,-12,-0.36,+0.43,Matches
1770,Tomáš Koubek,cz CZE,GK,Augsburg,de Bundesliga,28,1992,0,,,,,0,,0,0,,32,,,,,,,Matches
1771,Kalidou Koulibaly,sn SEN,DF,Napoli,it Serie A,30,1991,27,2405,89,70.3,26.7,27,89,25,0,,0,2.30,58,19,+39,+1.46,+1.10,Matches
1772,Jules Koundé,fr FRA,DF,Sevilla,es La Liga,22,1998,32,2736,86,80.0,30.4,31,87,28,1,33,0,1.81,45,25,+20,+0.66,+0.26,Matches
1773,Christos Kourfalidis,gr GRE,MF,Cagliari,it Serie A,18,2002,2,18,9,0.5,0.2,0,,0,2,9,4,2.00,0,1,-1,-5.00,-4.13,Matches
1774,Boubakar Kouyaté,ml MLI,DF,Metz,fr Ligue 1,24,1997,30,2665,89,77.9,29.6,30,89,29,0,,0,0.93,30,49,-19,-0.64,+1.15,Matches
1775,Cheikhou Kouyaté,sn SEN,MF,Crystal Palace,eng Premier League,31,1989,27,1974,73,57.7,21.9,23,83,14,4,19,6,1.33,27,28,-1,-0.05,-0.36,Matches
1776,Mateo Kovačić,hr CRO,MF,Chelsea,eng Premier League,27,1994,25,1558,62,45.6,17.3,16,82,11,9,28,0,2.04,39,10,+29,+1.68,+1.00,Matches
1777,Viktor Kovalenko,ua UKR,MF,Spezia,it Serie A,25,1996,26,1325,51,38.7,14.7,16,73,6,10,15,6,1.08,12,25,-13,-0.88,-0.15,Matches
1778,Emil Krafth,se SWE,DF,Newcastle United,eng Premier League,26,1994,20,1634,82,47.8,18.2,18,88,12,2,27,15,1.60,21,20,+1,+0.06,+1.01,Matches
1779,Alex Král,cz CZE,MF,West Ham United,eng Premier League,23,1998,1,1,1,0.0,0.0,0,,0,1,1,31,3.00,1,0,+1,+90.00,+89.79,Matches
1780,Andrej Kramarić,hr CRO,"FW,MF",Hoffenheim,de Bundesliga,30,1991,32,2707,85,88.5,30.1,30,89,25,2,26,0,1.25,46,56,-10,-0.33,-2.37,Matches
1781,Christoph Kramer,de GER,MF,Gladbach,de Bundesliga,30,1991,18,748,42,24.4,8.3,7,78,4,11,19,6,1.56,9,17,-8,-0.96,-1.00,Matches
1782,Jean-Philippe Krasso,ci CIV,FW,Saint-Étienne,fr Ligue 1,24,1997,16,453,28,13.2,5.0,5,59,0,11,15,5,0.56,8,13,-5,-0.99,-0.08,Matches
1783,Filip Krastev,bg BUL,MF,Troyes,fr Ligue 1,19,2001,0,,,,,0,,0,0,,2,,,,,,,Matches
1784,Julian Kristoffersen,no NOR,FW,Salernitana,it Serie A,24,1997,1,7,7,0.2,0.1,0,,0,1,7,1,0.00,0,0,0,0.00,+1.19,Matches
1785,Toni Kroos,de GER,MF,Real Madrid,es La Liga,31,1990,28,2103,75,61.5,23.4,25,81,15,3,22,2,2.14,37,18,+19,+0.81,-1.24,Matches
1786,Florian Krüger,de GER,"MF,FW",Arminia,de Bundesliga,22,1999,27,1129,42,36.9,12.5,12,74,2,15,16,2,0.93,13,19,-6,-0.48,+0.45,Matches
1787,Tim Krul,nl NED,GK,Norwich City,eng Premier League,33,1988,29,2610,90,76.3,29.0,29,90,29,0,,3,0.59,17,62,-45,-1.55,+0.23,Matches
1788,Rade Krunić,ba BIH,MF,Milan,it Serie A,27,1993,28,1416,51,41.4,15.7,15,75,5,13,23,5,2.39,32,12,+20,+1.27,+0.46,Matches
1789,Max Kruse,de GER,"MF,FW",Wolfsburg,de Bundesliga,33,1988,14,1128,81,36.9,12.5,14,81,5,0,,0,1.50,25,20,+5,+0.40,+1.14,Matches
1790,Max Kruse,de GER,"FW,MF",Union Berlin,de Bundesliga,33,1988,16,1270,79,41.5,14.1,16,79,3,0,,2,1.94,22,14,+8,+0.57,+0.67,Matches
1791,Lukas Kübler,de GER,"DF,MF",Freiburg,de Bundesliga,28,1992,29,2327,80,76.0,25.9,27,85,13,2,22,1,1.69,45,34,+11,+0.43,+0.30,Matches
1792,Takefusa Kubo,jp JPN,"MF,FW",Mallorca,es La Liga,20,2001,28,1605,57,46.9,17.8,17,78,3,11,26,1,1.04,20,33,-13,-0.73,-0.03,Matches
1793,Juraj Kucka,sk SVK,MF,Watford,eng Premier League,34,1987,26,1920,74,56.1,21.3,22,84,15,4,19,2,0.62,18,34,-16,-0.75,+0.87,Matches
1794,Mykola Kukharevych,ua UKR,FW,Troyes,fr Ligue 1,20,2001,2,15,8,0.4,0.2,0,,0,2,8,2,0.50,0,0,0,0.00,+0.42,Matches
1795,Dejan Kulusevski,se SWE,"MF,FW",Tottenham Hotspur,eng Premier League,21,2000,18,1261,70,36.9,14.0,14,81,4,4,32,0,1.94,35,11,+24,+1.71,+1.50,Matches
1796,Dejan Kulusevski,se SWE,"MF,FW",Juventus,it Serie A,21,2000,20,772,39,22.6,8.6,5,76,2,15,26,2,1.90,16,9,+7,+0.82,+0.37,Matches
1797,Marash Kumbulla,al ALB,DF,Roma,it Serie A,21,2000,17,1025,60,30.0,11.4,13,79,8,4,1,18,2.18,15,11,+4,+0.35,-0.10,Matches
1798,Justin Kumi,it ITA,MF,Sassuolo,it Serie A,17,2004,0,,,,,0,,0,0,,1,,,,,,,Matches
1799,Fabian Kunze,de GER,MF,Arminia,de Bundesliga,23,1998,22,1260,57,41.2,14.0,13,80,8,9,24,6,1.09,8,18,-10,-0.71,+0.09,Matches
1800,Layvin Kurzawa,fr FRA,DF,Paris Saint-Germain,fr Ligue 1,28,1992,0,,,,,0,,0,0,,2,,,,,,,Matches
1801,Enock Kwateng,fr FRA,"DF,MF",Bordeaux,fr Ligue 1,24,1997,29,2002,69,58.5,22.2,22,86,17,7,17,3,0.90,34,53,-19,-0.85,+0.42,Matches
1802,Grejohn Kyei,fr FRA,FW,Clermont Foot,fr Ligue 1,25,1995,14,396,28,11.6,4.4,4,67,0,10,13,1,1.00,2,9,-7,-1.59,-0.88,Matches
1803,Giorgos Kyriakopoulos,gr GRE,"DF,MF",Sassuolo,it Serie A,25,1996,29,1975,68,57.7,21.9,22,86,17,7,12,5,1.17,40,39,+1,+0.05,+0.23,Matches
1804,Adrián de la Fuente,es ESP,DF,Villarreal,es La Liga,22,1999,0,,,,,0,,0,0,,2,,,,,,,Matches
1805,Andrea La Mantia,it ITA,FW,Empoli,it Serie A,30,1991,18,488,27,14.3,5.4,3,68,0,15,19,20,1.06,8,9,-1,-0.18,+0.40,Matches
1806,Ronny Labonne,mq MTQ,DF,Lorient,fr Ligue 1,23,1997,0,,,,,0,,0,0,,1,,,,,,,Matches
1807,Gaëtan Laborde,fr FRA,MF,Montpellier,fr Ligue 1,27,1994,4,341,85,10.0,3.8,4,85,2,0,,0,1.00,9,8,+1,+0.26,+0.64,Matches
1808,Gaëtan Laborde,fr FRA,FW,Rennes,fr Ligue 1,27,1994,34,2729,80,79.8,30.3,32,84,16,2,27,0,1.79,65,30,+35,+1.15,+0.24,Matches
1809,Alexandre Lacazette,fr FRA,"FW,MF",Arsenal,eng Premier League,30,1991,30,1782,59,52.1,19.8,20,80,6,10,18,5,1.80,36,17,+19,+0.96,+1.29,Matches
1810,Tom Lacoux,fr FRA,MF,Bordeaux,fr Ligue 1,19,2002,13,907,70,26.5,10.1,11,76,2,2,38,10,1.31,16,19,-3,-0.30,+0.99,Matches
1811,Lenny Lacroix,fr FRA,DF,Metz,fr Ligue 1,18,2003,3,200,67,5.8,2.2,2,78,1,1,45,7,2.33,5,3,+2,+0.90,+1.91,Matches
1812,Maxence Lacroix,fr FRA,DF,Wolfsburg,de Bundesliga,21,2000,29,2491,86,81.4,27.7,29,86,23,0,,0,1.10,32,47,-15,-0.54,-1.17,Matches
1813,Riccardo Ladinetti,it ITA,MF,Cagliari,it Serie A,20,2000,0,,,,,0,,0,0,,4,,,,,,,Matches
1814,Alban Lafont,ci CIV,GK,Nantes,fr Ligue 1,22,1999,38,3420,90,100.0,38.0,38,90,38,0,,0,1.45,55,48,+7,+0.18,,Matches
1815,Víctor Laguardia,es ESP,DF,Alavés,es La Liga,31,1989,34,3042,89,88.9,33.8,34,89,32,0,,2,0.88,31,56,-25,-0.74,+1.40,Matches
1816,Konrad Laimer,at AUT,MF,RB Leipzig,de Bundesliga,24,1997,26,1240,48,40.5,13.8,15,67,1,11,21,3,1.81,38,20,+18,+1.31,+0.47,Matches
1817,Stefan Lainer,at AUT,"MF,DF",Gladbach,de Bundesliga,28,1992,21,1471,70,48.1,16.3,19,76,7,2,12,2,1.33,26,30,-4,-0.24,-0.07,Matches
1818,Diego Lainez,mx MEX,MF,Real Betis,es La Liga,21,2000,7,140,20,4.1,1.6,1,45,0,6,16,20,2.00,1,2,-1,-0.64,-1.27,Matches
1819,Adam Lallana,eng ENG,MF,Brighton,eng Premier League,33,1988,24,1561,65,45.6,17.3,18,81,10,6,18,10,1.50,21,20,+1,+0.06,+0.20,Matches
1820,Manu Lama,es ESP,DF,Atlético Madrid,es La Liga,20,2001,0,,,,,0,,0,0,,1,,,,,,,Matches
1821,Vassilis Lambropoulos,gr GRE,DF,Bochum,de Bundesliga,31,1990,13,1168,90,38.2,13.0,13,90,12,0,,13,1.38,15,21,-6,-0.46,-0.08,Matches
1822,Érik Lamela,ar ARG,"FW,MF",Sevilla,es La Liga,29,1992,20,1015,51,29.7,11.3,10,69,2,10,33,1,1.85,19,5,+14,+1.24,+0.90,Matches
1823,Mohamed Lamine Bayo,gn GUI,FW,Clermont Foot,fr Ligue 1,23,1998,32,2413,75,70.6,26.8,27,84,11,5,29,0,1.00,33,44,-11,-0.41,+1.38,Matches
1824,Didier Lamkel Zé,cm CMR,FW,Metz,fr Ligue 1,24,1996,9,605,67,17.7,6.7,8,74,3,1,12,0,0.89,6,10,-4,-0.60,+0.36,Matches
1825,Sam Lammers,nl NED,FW,Atalanta,it Serie A,24,1997,2,38,19,1.1,0.4,0,,0,2,19,0,2.00,1,1,0,0.00,-0.45,Matches
1826,Sam Lammers,nl NED,FW,Eintracht Frankfurt,de Bundesliga,24,1997,15,517,34,16.9,5.7,5,63,0,10,20,9,1.00,4,9,-5,-0.87,-0.91,Matches
1827,Tariq Lamptey,gh GHA,"MF,DF",Brighton,eng Premier League,20,2000,30,1561,52,45.6,17.3,16,79,7,14,22,3,1.20,14,21,-7,-0.40,-0.65,Matches
1828,Lanchi,es ESP,DF,Villarreal,es La Liga,20,2001,0,,,,,0,,0,0,,1,,,,,,,Matches
1829,Jannis Lang,de GER,DF,Wolfsburg,de Bundesliga,19,2002,0,,,,,0,,0,0,,1,,,,,,,Matches
1830,Manuel Lanzini,ar ARG,MF,West Ham United,eng Premier League,28,1993,30,1786,60,52.2,19.8,19,82,7,11,20,6,1.30,32,29,+3,+0.15,-0.18,Matches
1831,Aymeric Laporte,es ESP,DF,Manchester City,eng Premier League,27,1994,33,2828,86,82.7,31.4,33,86,27,0,,2,2.52,87,23,+64,+2.04,+0.67,Matches
1832,Julien Laporte,fr FRA,DF,Lorient,fr Ligue 1,27,1993,33,2891,88,84.5,32.1,33,88,31,0,,0,1.06,29,49,-20,-0.62,+0.74,Matches
1833,Yasser Larouci,dz ALG,DF,Troyes,fr Ligue 1,20,2001,12,341,28,10.0,3.8,2,79,0,10,18,4,1.08,5,7,-2,-0.53,-0.12,Matches
1834,Gautier Larsonneur,fr FRA,GK,Brest,fr Ligue 1,24,1997,0,,,0.0,0.0,0,,0,0,,36,1.00,1,1,0,,,Matches
1835,Kevin Lasagna,it ITA,"MF,FW",Hellas Verona,it Serie A,28,1992,28,1184,42,34.6,13.2,11,72,4,17,23,6,1.18,20,25,-5,-0.38,-0.82,Matches
1836,Jamaal Lascelles,eng ENG,DF,Newcastle United,eng Premier League,27,1993,26,2058,79,60.2,22.9,22,89,21,4,25,8,1.08,25,44,-19,-0.83,-0.90,Matches
1837,Bryan Lasme,fr FRA,"FW,MF",Arminia,de Bundesliga,22,1998,23,877,38,28.7,9.7,7,73,2,16,23,6,0.65,9,12,-3,-0.31,+0.64,Matches
1838,Paul Lasne,fr FRA,MF,Brest,fr Ligue 1,32,1989,15,847,56,24.8,9.4,9,82,4,6,18,5,1.20,13,15,-2,-0.21,0.00,Matches
1839,Juanmi Latasa,es ESP,FW,Real Madrid,es La Liga,20,2001,1,9,9,0.3,0.1,0,,0,1,9,2,1.00,0,0,0,0.00,-1.29,Matches
1840,Toni Lato,es ESP,DF,Valencia,es La Liga,23,1997,11,590,54,17.3,6.6,7,62,3,4,39,4,1.09,5,9,-4,-0.61,-0.58,Matches
1841,Armand Lauriente,fr FRA,"FW,MF",Lorient,fr Ligue 1,22,1998,35,2477,71,72.4,27.5,28,81,5,7,28,0,1.00,26,40,-14,-0.51,+0.83,Matches
1842,Roméo Lavia,be BEL,MF,Manchester City,eng Premier League,17,2004,0,,,,,0,,0,0,,9,,,,,,,Matches
1843,Marcel Lavinier,eng ENG,DF,Tottenham Hotspur,eng Premier League,20,2000,0,,,,,0,,0,0,,1,,,,,,,Matches
1844,Jamie Lawrence,de GER,DF,Bayern Munich,de Bundesliga,18,2002,0,,,,,0,,0,0,,1,,,,,,,Matches
1845,Roman Lazar,,GK,Venezia,it Serie A,17,2004,0,,,,,0,,0,0,,4,,,,,,,Matches
1846,Marko Lazetić,rs SRB,FW,Milan,it Serie A,17,2004,0,,,,,0,,0,0,,4,,,,,,,Matches
1847,Darko Lazović,rs SRB,MF,Hellas Verona,it Serie A,30,1990,34,2766,81,80.9,30.7,32,84,19,2,45,1,1.41,55,48,+7,+0.23,+0.37,Matches
1848,Manuel Lazzari,it ITA,DF,Lazio,it Serie A,27,1993,31,1665,54,48.7,18.5,16,81,9,15,25,3,1.61,39,30,+9,+0.49,-0.03,Matches
1849,Théo Le Bris,fr FRA,MF,Lorient,fr Ligue 1,18,2002,4,61,15,1.8,0.7,0,,0,4,15,11,1.00,0,2,-2,-2.95,-2.25,Matches
1850,Jérémy Le Douaron,fr FRA,"FW,MF",Brest,fr Ligue 1,23,1998,32,1446,45,42.3,16.1,16,71,2,16,19,1,1.13,19,21,-2,-0.12,+0.15,Matches
1851,Enzo Le Fée,fr FRA,"MF,FW",Lorient,fr Ligue 1,21,2000,36,2194,61,64.2,24.4,25,79,10,11,20,0,0.92,19,41,-22,-0.90,-0.46,Matches
1852,Vincent Le Goff,fr FRA,"DF,MF",Lorient,fr Ligue 1,31,1989,34,3060,90,89.5,34.0,34,90,34,0,,0,1.06,33,54,-21,-0.62,+1.13,Matches
1853,Maxime Le Marchand,fr FRA,DF,Strasbourg,fr Ligue 1,31,1989,12,860,72,25.1,9.6,9,90,9,3,17,4,1.67,17,9,+8,+0.84,+0.52,Matches
1854,Robin Le Normand,es ESP,DF,Real Sociedad,es La Liga,24,1996,37,3330,90,97.4,37.0,37,90,37,0,,0,1.59,37,37,0,0.00,-3.00,Matches
1855,Antonio Leal,es ESP,DF,Levante,es La Liga,22,1999,0,,,,,0,,0,0,,4,,,,,,,Matches
1856,Patrick Leal,us USA,MF,Venezia,it Serie A,18,2003,1,2,2,0.1,0.0,0,,0,1,2,0,1.00,0,0,0,0.00,+0.92,Matches
1857,Rafael Leão,pt POR,MF,Milan,it Serie A,22,1999,34,2605,77,76.2,28.9,31,80,13,3,42,1,2.32,54,20,+34,+1.17,+0.73,Matches
1858,Jean-Louis Leca,fr FRA,GK,Lens,fr Ligue 1,35,1985,27,2313,86,67.6,25.7,27,86,25,0,,7,1.41,38,33,+5,+0.19,-0.54,Matches
1859,Benjamin Lecomte,fr FRA,GK,Atlético Madrid,es La Liga,30,1991,0,,,0.0,0.0,0,,0,0,,35,3.00,4,3,+1,,,Matches
1860,Jeremías Ledesma,ar ARG,GK,Cádiz,es La Liga,28,1993,38,3420,90,100.0,38.0,38,90,38,0,,0,1.03,35,51,-16,-0.42,,Matches
1861,Pierre Lees-Melou,fr FRA,MF,Norwich City,eng Premier League,28,1993,33,2265,69,66.2,25.2,27,79,15,6,21,4,0.55,17,55,-38,-1.51,+0.28,Matches
1862,Alexis Lefebvre,fr FRA,MF,Troyes,fr Ligue 1,18,2003,0,,,,,0,,0,0,,3,,,,,,,Matches
1863,Wu Lei,cn CHN,"MF,FW",Espanyol,es La Liga,29,1991,23,474,21,13.9,5.3,4,52,0,19,14,14,1.22,2,7,-5,-0.95,-0.70,Matches
1864,Maxim Leitsch,de GER,DF,Bochum,de Bundesliga,23,1998,19,1538,81,50.3,17.1,17,90,17,2,4,1,1.53,20,22,-2,-0.12,+0.59,Matches
1865,Lucas Leiva,br BRA,MF,Lazio,it Serie A,34,1987,35,1697,48,49.6,18.9,19,74,5,16,19,2,1.77,36,27,+9,+0.48,-0.05,Matches
1866,Florian Lejeune,fr FRA,DF,Alavés,es La Liga,30,1991,30,2699,90,78.9,30.0,30,90,29,0,,2,0.83,28,54,-26,-0.87,+0.13,Matches
1867,Iñigo Lekue,es ESP,DF,Athletic Club,es La Liga,28,1993,25,1925,77,56.3,21.4,22,84,18,3,28,8,1.20,19,23,-4,-0.19,-0.85,Matches
1868,Thomas Lemar,fr FRA,MF,Atlético Madrid,es La Liga,25,1995,24,1440,60,42.1,16.0,17,71,5,7,34,0,1.88,25,25,0,0.00,-1.00,Matches
1869,Félix Lemaréchal,fr FRA,MF,Monaco,fr Ligue 1,17,2003,1,9,9,0.3,0.1,0,,0,1,9,8,0.00,0,1,-1,-10.00,-10.69,Matches
1870,Mario Lemina,ga GAB,MF,Nice,fr Ligue 1,27,1993,32,1967,61,57.5,21.9,24,75,8,8,20,1,1.63,30,24,+6,+0.27,-0.34,Matches
1871,Fabien Lemoine,fr FRA,MF,Lorient,fr Ligue 1,34,1987,21,1117,53,32.7,12.4,13,79,3,8,12,0,0.95,14,21,-7,-0.56,+0.26,Matches
1872,Tim Lemperle,de GER,FW,Köln,de Bundesliga,19,2002,13,149,11,4.9,1.7,0,,0,13,11,10,1.23,4,5,-1,-0.60,-0.73,Matches
1873,Ruben Lendinez,es ESP,DF,Valencia,es La Liga,18,2003,4,137,34,4.0,1.5,1,90,1,3,16,7,0.75,2,6,-4,-2.63,-2.60,Matches
1874,Clément Lenglet,fr FRA,DF,Barcelona,es La Liga,26,1995,21,826,39,24.2,9.2,7,87,5,14,16,14,1.81,13,12,+1,+0.11,-0.90,Matches
1875,Aaron Lennon,eng ENG,"MF,FW",Burnley,eng Premier League,34,1987,28,1551,55,45.4,17.2,17,81,8,11,15,7,1.00,12,25,-13,-0.75,-0.47,Matches
1876,Bernd Leno,de GER,GK,Arsenal,eng Premier League,29,1992,4,360,90,10.5,4.0,4,90,4,0,,29,0.75,1,9,-8,-2.00,-2.62,Matches
1877,Christopher Lenz,de GER,"MF,DF",Eintracht Frankfurt,de Bundesliga,26,1994,15,664,44,21.7,7.4,6,83,4,9,18,1,1.20,8,8,0,0.00,+0.15,Matches
1878,Marc Leonard,sct SCO,MF,Brighton,eng Premier League,19,2001,0,,,,,0,,0,0,,10,,,,,,,Matches
1879,Léo Leroy,fr FRA,MF,Montpellier,fr Ligue 1,21,2000,24,626,26,18.3,7.0,7,68,1,17,9,13,0.75,5,18,-13,-1.87,-1.90,Matches
1880,Alexandre Letellier,fr FRA,GK,Paris Saint-Germain,fr Ligue 1,30,1990,1,8,8,0.2,0.1,0,,0,1,8,3,3.00,0,0,0,0.00,-1.42,Matches
1881,Robert Lewandowski,pl POL,FW,Bayern Munich,de Bundesliga,32,1988,34,2946,87,96.3,32.7,34,87,28,0,,0,2.26,92,36,+56,+1.71,-1.45,Matches
1882,Jamie Leweling,de GER,"FW,MF",Greuther Fürth,de Bundesliga,20,2001,33,1959,59,64.0,21.8,22,80,11,11,19,0,0.55,21,50,-29,-1.33,+0.71,Matches
1883,Harry Lewis,eng ENG,GK,Southampton,eng Premier League,23,1997,0,,,,,0,,0,0,,4,,,,,,,Matches
1884,Jamal Lewis,nir NIR,DF,Newcastle United,eng Premier League,23,1998,5,262,52,7.7,2.9,4,64,2,1,7,14,0.80,3,4,-1,-0.34,+0.14,Matches
1885,Luca Lezzerini,it ITA,GK,Venezia,it Serie A,26,1995,6,495,83,14.5,5.5,6,83,5,0,,7,1.17,5,9,-4,-0.73,+0.23,Matches
1886,Ben Lhassine Kone,ci CIV,MF,Torino,it Serie A,21,2000,1,81,81,2.4,0.9,0,,0,1,81,12,0.00,0,1,-1,-1.11,-1.27,Matches
1887,Yanis Lhery,fr FRA,FW,Saint-Étienne,fr Ligue 1,18,2003,5,72,14,2.1,0.8,0,,0,5,14,0,0.00,0,3,-3,-3.75,-2.89,Matches
1888,Dimitri Liénard,fr FRA,"DF,MF",Strasbourg,fr Ligue 1,33,1988,33,2044,62,59.8,22.7,23,81,11,10,18,1,1.70,35,28,+7,+0.31,-0.35,Matches
1889,Philipp Lienhart,at AUT,DF,Freiburg,de Bundesliga,25,1996,32,2870,90,93.8,31.9,32,90,30,0,,0,1.59,55,44,+11,+0.34,-0.13,Matches
1890,Matthijs de Ligt,nl NED,DF,Juventus,it Serie A,21,1999,31,2674,86,78.2,29.7,29,89,27,2,53,6,1.97,47,29,+18,+0.61,+0.36,Matches
1891,Isaac Lihadji,fr FRA,MF,Lille,fr Ligue 1,19,2002,13,238,18,7.0,2.6,2,64,0,11,10,20,1.08,8,3,+5,+1.89,+2.03,Matches
1892,Anderson Lima,br BRA,MF,Lazio,it Serie A,21,1999,4,65,16,1.9,0.7,0,,0,4,16,12,1.75,1,0,+1,+1.38,+0.90,Matches
1893,Anthony Limbombe,be BEL,"FW,MF",Nantes,fr Ligue 1,27,1994,0,,,,,0,,0,0,,1,,,,,,,Matches
1894,Andreas Linde,se SWE,GK,Greuther Fürth,de Bundesliga,28,1993,12,1080,90,35.3,12.0,12,90,12,0,,4,0.67,9,24,-15,-1.25,+0.52,Matches
1895,Victor Lindelöf,se SWE,DF,Manchester Utd,eng Premier League,27,1994,28,2355,84,68.9,26.2,26,89,25,2,16,5,1.39,38,47,-9,-0.34,-1.10,Matches
1896,Jesper Lindstrøm,dk DEN,"MF,FW",Eintracht Frankfurt,de Bundesliga,21,2000,29,1976,68,64.6,22.0,26,72,5,3,31,2,1.34,28,27,+1,+0.05,+0.46,Matches
1897,Karol Linetty,pl POL,MF,Torino,it Serie A,26,1995,16,896,56,26.2,10.0,11,70,2,5,26,20,1.25,10,9,+1,+0.10,-0.04,Matches
1898,Jesse Lingard,eng ENG,MF,Manchester Utd,eng Premier League,28,1992,16,367,23,10.7,4.1,2,64,0,14,17,16,1.44,9,13,-4,-0.98,-1.10,Matches
1899,Pol Lirola,es ESP,"DF,MF",Marseille,fr Ligue 1,23,1997,34,1770,52,51.8,19.7,19,80,8,15,16,1,1.85,30,18,+12,+0.61,-0.10,Matches
1900,Valentino Livramento,eng ENG,DF,Southampton,eng Premier League,18,2002,28,2202,79,64.4,24.5,25,87,22,3,10,0,1.14,25,42,-17,-0.69,-0.18,Matches
1901,Dejan Ljubicic,at AUT,MF,Köln,de Bundesliga,23,1997,30,1969,66,64.3,21.9,22,79,8,8,28,0,1.50,37,27,+10,+0.46,+1.03,Matches
1902,Javier Llabrés,es ESP,MF,Mallorca,es La Liga,18,2002,5,132,26,3.9,1.5,1,73,0,4,15,16,0.00,0,2,-2,-1.36,-0.68,Matches
1903,Diego Llorente,es ESP,DF,Leeds United,eng Premier League,27,1993,28,2340,84,68.4,26.0,28,84,24,0,,2,1.18,27,44,-17,-0.65,+1.01,Matches
1904,Marcos Llorente,es ESP,"MF,DF",Atlético Madrid,es La Liga,26,1995,29,2447,84,71.5,27.2,29,84,20,0,,0,1.93,40,26,+14,+0.51,-0.23,Matches
1905,Hugo Lloris,fr FRA,GK,Tottenham Hotspur,eng Premier League,34,1986,38,3420,90,100.0,38.0,38,90,38,0,,0,1.87,69,40,+29,+0.76,,Matches
1906,Lucas Llort,fr FRA,DF,Saint-Étienne,fr Ligue 1,22,1999,0,,,,,0,,0,0,,1,,,,,,,Matches
1907,Giovani Lo Celso,ar ARG,"FW,MF",Villarreal,es La Liga,25,1996,16,994,62,29.1,11.0,11,77,4,5,30,0,1.69,19,10,+9,+0.81,+0.18,Matches
1908,Giovani Lo Celso,ar ARG,MF,Tottenham Hotspur,eng Premier League,25,1996,9,238,26,7.0,2.6,2,67,0,7,15,4,1.78,3,5,-2,-0.76,-1.63,Matches
1909,Julen Lobete,es ESP,FW,Real Sociedad,es La Liga,20,2000,13,284,22,8.3,3.2,2,73,1,11,13,9,1.92,6,4,+2,+0.63,+0.61,Matches
1910,Stanislav Lobotka,sk SVK,MF,Napoli,it Serie A,26,1994,23,1686,73,49.3,18.7,19,85,13,4,20,6,2.13,37,16,+21,+1.12,-0.02,Matches
1911,Jürgen Locadia,cw CUW,FW,Bochum,de Bundesliga,27,1993,11,444,40,14.5,4.9,4,71,0,7,23,1,1.09,9,7,+2,+0.41,+0.96,Matches
1912,Jürgen Locadia,cw CUW,FW,Brighton,eng Premier League,27,1993,1,23,23,0.7,0.3,0,,0,1,23,8,1.00,0,0,0,0.00,+0.05,Matches
1913,Manuel Locatelli,it ITA,MF,Juventus,it Serie A,23,1998,31,2160,70,63.2,24.0,23,83,15,8,31,0,1.74,37,22,+15,+0.62,+0.27,Matches
1914,Bradley Locko,fr FRA,"MF,DF",Reims,fr Ligue 1,19,2002,24,1011,42,29.6,11.2,11,59,3,13,28,12,1.29,19,21,-2,-0.18,-0.22,Matches
1915,Renan Lodi,br BRA,"DF,MF",Atlético Madrid,es La Liga,23,1998,29,1181,41,34.5,13.1,13,63,3,16,23,7,1.86,17,13,+4,+0.30,-0.42,Matches
1916,Ruben Loftus-Cheek,eng ENG,MF,Chelsea,eng Premier League,25,1996,24,1394,58,40.8,15.5,13,86,10,11,25,6,1.88,30,21,+9,+0.58,-0.93,Matches
1917,Eldin Lolic,ba BIH,GK,Cagliari,it Serie A,17,2004,0,,,,,0,,0,0,,2,,,,,,,Matches
1918,Irvyn Lomami,fr FRA,DF,Lyon,fr Ligue 1,17,2003,0,,,,,0,,0,0,,6,,,,,,,Matches
1919,Niklas Lomb,de GER,GK,Leverkusen,de Bundesliga,28,1993,0,,,,,0,,0,0,,14,,,,,,,Matches
1920,Andy Lonergan,ie IRL,GK,Everton,eng Premier League,37,1983,0,,,,,0,,0,0,,11,,,,,,,Matches
1921,Kevin Long,ie IRL,DF,Burnley,eng Premier League,30,1990,6,410,68,12.0,4.6,4,90,4,2,25,24,0.67,3,7,-4,-0.88,-0.43,Matches
1922,Shane Long,ie IRL,FW,Southampton,eng Premier League,34,1987,13,308,24,9.0,3.4,3,71,0,10,10,18,1.23,6,5,+1,+0.29,+1.02,Matches
1923,Sean Longstaff,eng ENG,MF,Newcastle United,eng Premier League,23,1997,24,1464,61,42.8,16.3,15,86,12,9,20,13,1.29,19,29,-10,-0.61,-0.25,Matches
1924,Ademola Lookman,ng NGA,"MF,FW",Leicester City,eng Premier League,23,1997,26,1453,56,42.5,16.1,16,73,3,10,29,7,1.12,28,31,-3,-0.19,-0.46,Matches
1925,Anthony Lopes,pt POR,GK,Lyon,fr Ligue 1,30,1990,34,2982,88,87.2,33.1,34,88,32,0,,0,1.56,51,45,+6,+0.18,-1.67,Matches
1926,Alberto López,es ESP,GK,Sevilla,es La Liga,17,2003,0,,,,,0,,0,0,,3,,,,,,,Matches
1927,David López,es ESP,"MF,DF",Espanyol,es La Liga,31,1989,18,743,41,21.7,8.3,8,72,1,10,17,8,1.22,4,7,-3,-0.36,-0.03,Matches
1928,Diego López,es ESP,GK,Espanyol,es La Liga,39,1981,36,3177,88,92.9,35.3,36,88,34,0,,0,1.17,39,49,-10,-0.28,+0.83,Matches
1929,Diego López,es ESP,MF,Valencia,es La Liga,19,2002,0,,,,,0,,0,0,,2,,,,,,,Matches
1930,Diego López,es ESP,MF,Getafe,es La Liga,19,2001,0,,,,,0,,0,0,,2,,,,,,,Matches
1931,Javi López,es ESP,DF,Alavés,es La Liga,19,2002,9,462,51,13.5,5.1,4,87,3,5,23,21,0.11,3,12,-9,-1.75,-0.99,Matches
1932,Jesús López,es ESP,GK,Elche,es La Liga,18,2002,0,,,,,0,,0,0,,1,,,,,,,Matches
1933,Luis López,es ESP,GK,Real Madrid,es La Liga,20,2001,0,,,,,0,,0,0,,8,,,,,,,Matches
1934,Maxime Lopez,fr FRA,MF,Sassuolo,it Serie A,23,1997,35,2938,84,85.9,32.6,33,88,29,2,18,0,1.34,55,56,-1,-0.03,+0.16,Matches
1935,Pau López,es ESP,GK,Marseille,fr Ligue 1,26,1994,29,2610,90,76.3,29.0,29,90,29,0,,7,1.76,45,31,+14,+0.48,-0.74,Matches
1936,Unai López,es ESP,MF,Rayo Vallecano,es La Liga,25,1995,27,1160,43,33.9,12.9,13,67,3,14,21,0,1.37,14,24,-10,-0.78,-0.74,Matches
1937,Dion Lopy,sn SEN,MF,Reims,fr Ligue 1,19,2002,26,1642,63,48.0,18.2,19,78,9,7,22,7,1.23,16,23,-7,-0.38,-0.69,Matches
1938,Samuel Loric,fr FRA,MF,Lorient,fr Ligue 1,21,2000,3,269,90,7.9,3.0,3,90,2,0,,15,0.00,0,5,-5,-1.67,-1.02,Matches
1939,Anthony Losilla,fr FRA,MF,Bochum,de Bundesliga,35,1986,33,2935,89,95.9,32.6,33,89,31,0,,0,1.24,37,50,-13,-0.40,+0.32,Matches
1940,Jonas Lössl,dk DEN,GK,Brentford,eng Premier League,32,1989,2,180,90,5.3,2.0,2,90,2,0,,10,0.00,2,5,-3,-1.50,-1.36,Matches
1941,Marcel Lotka,pl POL,GK,Hertha BSC,de Bundesliga,20,2001,10,885,89,28.9,9.8,9,90,9,1,75,3,0.70,9,20,-11,-1.12,-0.17,Matches
1942,Jordan Lotomba,ch SUI,DF,Nice,fr Ligue 1,22,1998,30,1782,59,52.1,19.8,19,81,10,11,23,7,1.67,26,15,+11,+0.56,+0.28,Matches
1943,Johaneko Louisjean,fr FRA,DF,Bordeaux,fr Ligue 1,17,2004,1,12,12,0.4,0.1,0,,0,1,12,1,3.00,0,0,0,0.00,+1.03,Matches
1944,Mamadou Loum,sn SEN,MF,Alavés,es La Liga,24,1996,32,2312,72,67.6,25.7,26,84,16,6,23,0,0.91,27,43,-16,-0.62,+0.84,Matches
1945,Adrien Louveau,fr FRA,MF,Lens,fr Ligue 1,21,2000,0,,,,,0,,0,0,,4,,,,,,,Matches
1946,Imran Louza,ma MAR,MF,Watford,eng Premier League,22,1999,20,1416,71,41.4,15.7,17,77,8,3,37,9,0.50,12,38,-26,-1.65,-0.89,Matches
1947,Matteo Lovato,it ITA,DF,Atalanta,it Serie A,21,2000,6,305,51,8.9,3.4,3,82,2,3,20,9,2.33,7,3,+4,+1.18,+0.80,Matches
1948,Matteo Lovato,it ITA,DF,Cagliari,it Serie A,21,2000,16,1238,77,36.2,13.8,14,83,10,2,39,1,1.25,15,21,-6,-0.44,+0.72,Matches
1949,Eduard Löwen,de GER,MF,Bochum,de Bundesliga,24,1997,26,1416,54,46.3,15.7,15,80,4,11,20,1,1.19,19,25,-6,-0.38,+0.06,Matches
1950,Matthew Lowton,eng ENG,DF,Burnley,eng Premier League,32,1989,25,1772,71,51.8,19.7,20,87,17,5,6,12,1.00,18,30,-12,-0.61,-0.23,Matches
1951,Anthony Lozano,hn HON,"FW,MF",Cádiz,es La Liga,28,1993,31,1672,54,48.9,18.6,21,71,4,10,18,2,1.10,21,25,-4,-0.22,+0.40,Matches
1952,Hirving Lozano,mx MEX,"MF,FW",Napoli,it Serie A,26,1995,30,1613,54,47.2,17.9,20,69,2,10,24,1,2.03,42,12,+30,+1.67,+1.03,Matches
1953,Jean Lucas,br BRA,MF,Monaco,fr Ligue 1,23,1998,28,1445,52,42.3,16.1,18,73,4,10,13,10,1.75,21,15,+6,+0.37,-0.49,Matches
1954,Anderson Lucoqui,ao ANG,"MF,DF",Mainz 05,de Bundesliga,24,1997,13,743,57,24.3,8.3,9,80,6,4,6,11,1.31,5,10,-5,-0.61,-0.99,Matches
1955,Florentino Luís,pt POR,MF,Getafe,es La Liga,21,1999,22,992,45,29.0,11.0,9,85,4,13,18,13,1.23,7,15,-8,-0.73,-0.73,Matches
1956,José Luis Gayà,es ESP,DF,Valencia,es La Liga,26,1995,24,1871,78,54.7,20.8,22,83,16,2,21,0,1.33,31,32,-1,-0.05,+0.18,Matches
1957,José Luis Morales,es ESP,"FW,MF",Levante,es La Liga,34,1987,35,2719,78,79.5,30.2,31,84,20,4,30,0,0.97,42,54,-12,-0.40,+1.27,Matches
1958,José Luis Palomino,ar ARG,DF,Atalanta,it Serie A,31,1990,34,2672,79,78.1,29.7,30,86,25,4,26,1,1.59,54,40,+14,+0.47,+0.11,Matches
1959,Luismi,es ESP,MF,Sevilla,es La Liga,20,2001,2,13,7,0.4,0.1,0,,0,2,7,13,1.00,0,0,0,0.00,-0.61,Matches
1960,Douglas Luiz,br BRA,MF,Aston Villa,eng Premier League,23,1998,34,2715,80,79.4,30.2,31,86,22,3,20,0,1.24,43,38,+5,+0.17,+1.06,Matches
1961,Romelu Lukaku,be BEL,FW,Chelsea,eng Premier League,28,1993,26,1589,61,46.5,17.7,16,86,11,10,22,3,1.88,33,14,+19,+1.08,-0.10,Matches
1962,Castello Lukeba,fr FRA,DF,Lyon,fr Ligue 1,18,2002,24,2095,87,61.3,23.3,24,87,22,0,,7,1.67,42,29,+13,+0.56,+0.42,Matches
1963,Dodi Lukebakio,be BEL,MF,Hertha BSC,de Bundesliga,23,1997,3,176,59,5.8,2.0,2,75,1,1,26,0,0.00,1,5,-4,-2.05,-1.11,Matches
1964,Dodi Lukebakio,be BEL,"MF,FW",Wolfsburg,de Bundesliga,23,1997,19,882,46,28.8,9.8,7,81,4,12,27,10,0.95,12,21,-9,-0.92,-0.84,Matches
1965,Saša Lukić,rs SRB,MF,Torino,it Serie A,24,1996,35,2982,85,87.2,33.1,34,87,29,1,29,0,1.40,41,35,+6,+0.18,+0.39,Matches
1966,Levi Lumeka,eng ENG,MF,Troyes,fr Ligue 1,22,1998,5,67,13,2.0,0.7,0,,0,5,13,5,0.40,0,1,-1,-1.34,-0.94,Matches
1967,Andriy Lunin,ua UKR,GK,Real Madrid,es La Liga,22,1999,2,180,90,5.3,2.0,2,90,2,0,,32,0.50,1,2,-1,-0.50,-1.89,Matches
1968,Andrey Lunyov,ru RUS,GK,Leverkusen,de Bundesliga,29,1991,1,90,90,2.9,1.0,1,90,1,0,,23,3.00,2,1,+1,+1.00,+0.03,Matches
1969,Sebastiano Luperto,it ITA,DF,Empoli,it Serie A,24,1996,24,1958,82,57.3,21.8,22,88,20,2,11,8,1.21,30,40,-10,-0.46,+0.16,Matches
1970,Andreas Luthe,de GER,GK,Union Berlin,de Bundesliga,34,1987,27,2430,90,79.4,27.0,27,90,27,0,,3,1.48,37,39,-2,-0.07,-1.22,Matches
1971,Zito Luvumbo,ao ANG,"FW,MF",Cagliari,it Serie A,19,2002,0,,,,,0,,0,0,,3,,,,,,,Matches
1972,Lyanco,br BRA,DF,Southampton,eng Premier League,24,1997,15,911,61,26.6,10.1,9,90,9,6,17,9,1.07,11,20,-9,-0.89,-0.35,Matches
1973,Babis Lykogiannis,gr GRE,"MF,DF",Cagliari,it Serie A,27,1993,28,1817,65,53.1,20.2,21,80,12,7,18,9,0.79,17,36,-19,-0.94,-0.10,Matches
1974,Alexis Mac Allister,ar ARG,"MF,FW",Brighton,eng Premier League,22,1998,33,2123,64,62.1,23.6,22,86,18,11,21,5,1.33,31,29,+2,+0.08,+0.36,Matches
1975,Deiver Machado,co COL,MF,Lens,fr Ligue 1,27,1993,22,523,24,15.3,5.8,5,68,1,17,11,6,1.68,13,6,+7,+1.20,+0.99,Matches
1976,Darwin Machís,ve VEN,"MF,FW",Granada,es La Liga,28,1993,25,1376,55,40.2,15.3,16,70,3,9,28,5,0.96,18,22,-4,-0.26,+0.31,Matches
1977,Yvann Macon,fr FRA,"DF,MF",Saint-Étienne,fr Ligue 1,22,1998,22,1529,70,44.7,17.0,19,77,9,3,20,3,0.77,15,34,-19,-1.12,-0.36,Matches
1978,James Maddison,eng ENG,"MF,FW",Leicester City,eng Premier League,24,1996,35,2459,70,71.9,27.3,28,82,14,7,22,0,1.40,48,41,+7,+0.26,+0.63,Matches
1979,Niki Mäenpää,fi FIN,GK,Venezia,it Serie A,36,1985,17,1485,87,43.4,16.5,16,90,16,1,45,13,0.59,13,27,-14,-0.85,+0.13,Matches
1980,Pablo Maffeo,es ESP,DF,Mallorca,es La Liga,24,1997,35,2945,84,86.1,32.7,35,84,26,0,,0,1.11,33,47,-14,-0.43,+2.04,Matches
1981,Louis Mafouta,cf CTA,FW,Metz,fr Ligue 1,27,1994,15,525,35,15.4,5.8,5,62,0,10,21,2,0.60,4,10,-6,-1.03,-0.16,Matches
1982,Gabriel Magalhães,br BRA,DF,Arsenal,eng Premier League,23,1997,35,3063,88,89.6,34.0,35,88,31,0,,0,1.97,61,37,+24,+0.71,+3.48,Matches
1983,Giulio Maggiore,it ITA,MF,Spezia,it Serie A,23,1998,35,2819,81,82.4,31.3,33,82,17,2,53,0,0.94,36,54,-18,-0.57,+1.22,Matches
1984,Edmond-Paris Maghoma,eng ENG,MF,Brentford,eng Premier League,20,2001,0,,,,,0,,0,0,,4,,,,,,,Matches
1985,Matej Maglica,hr CRO,DF,Stuttgart,de Bundesliga,22,1998,1,6,6,0.2,0.1,0,,0,1,6,0,0.00,0,0,0,0.00,+0.53,Matches
1986,Francesco Magnanelli,it ITA,MF,Sassuolo,it Serie A,36,1984,12,271,23,7.9,3.0,2,65,0,10,14,22,1.42,5,10,-5,-1.66,-1.75,Matches
1987,Giangiacomo Magnani,it ITA,DF,Hellas Verona,it Serie A,25,1995,14,530,38,15.5,5.9,5,60,1,9,25,4,1.36,16,11,+5,+0.85,+0.82,Matches
1988,Giangiacomo Magnani,it ITA,DF,Sampdoria,it Serie A,25,1995,4,239,60,7.0,2.7,3,75,2,1,14,12,0.00,0,4,-4,-1.51,-1.14,Matches
1989,Hugo Magnetti,fr FRA,MF,Brest,fr Ligue 1,23,1998,28,1463,52,42.8,16.3,16,79,8,12,17,10,1.32,22,23,-1,-0.06,+0.26,Matches
1990,Yohann Magnin,fr FRA,"MF,DF",Clermont Foot,fr Ligue 1,24,1997,24,1717,72,50.2,19.1,19,84,15,5,24,0,0.96,20,34,-14,-0.73,+0.16,Matches
1991,Óttar Magnús Karlsson,is ISL,FW,Venezia,it Serie A,24,1997,0,,,,,0,,0,0,,1,,,,,,,Matches
1992,Frank Magri,cm CMR,FW,Angers,fr Ligue 1,21,1999,0,,,,,0,,0,0,,1,,,,,,,Matches
1993,Harry Maguire,eng ENG,DF,Manchester Utd,eng Premier League,28,1993,30,2515,84,73.5,27.9,28,88,26,2,21,3,1.67,46,41,+5,+0.18,+0.68,Matches
1994,Riyad Mahrez,dz ALG,FW,Manchester City,eng Premier League,30,1991,28,1498,54,43.8,16.6,15,84,10,13,18,8,2.39,44,14,+30,+1.80,-0.21,Matches
1995,Arne Maier,de GER,MF,Augsburg,de Bundesliga,22,1999,29,1864,64,60.9,20.7,21,79,8,8,26,0,1.17,24,35,-11,-0.53,-0.08,Matches
1996,Habib Maïga,ci CIV,MF,Metz,fr Ligue 1,25,1996,17,1267,75,37.0,14.1,16,78,8,1,25,0,0.82,18,26,-8,-0.57,+0.52,Matches
1997,Mike Maignan,fr FRA,GK,Milan,it Serie A,26,1995,32,2880,90,84.2,32.0,32,90,32,0,,0,2.28,55,21,+34,+1.06,+0.40,Matches
1998,Ainsley Maitland-Niles,eng ENG,MF,Arsenal,eng Premier League,23,1997,8,268,34,7.8,3.0,2,86,1,6,16,9,2.00,2,4,-2,-0.67,-1.10,Matches
1999,Ainsley Maitland-Niles,eng ENG,"MF,DF",Roma,it Serie A,23,1997,8,487,61,14.2,5.4,7,67,1,1,15,10,1.38,10,8,+2,+0.37,-0.06,Matches
2000,Josh Maja,ng NGA,FW,Bordeaux,fr Ligue 1,22,1998,2,9,5,0.3,0.1,0,,0,2,5,1,1.50,0,3,-3,-30.00,-29.05,Matches
2001,Radosław Majecki,pl POL,GK,Monaco,fr Ligue 1,21,1999,0,,,,,0,,0,0,,22,,,,,,,Matches
2002,Abdul Majeed Waris,gh GHA,"MF,FW",Strasbourg,fr Ligue 1,29,1991,15,327,22,9.6,3.6,2,79,1,13,13,14,1.27,8,5,+3,+0.83,+0.42,Matches
2003,Lovro Majer,hr CRO,MF,Rennes,fr Ligue 1,23,1998,29,1832,63,53.6,20.4,21,79,5,8,22,0,1.76,52,19,+33,+1.62,+1.11,Matches
2004,Morré Makadji,fr FRA,DF,Venezia,it Serie A,17,2004,0,,,,,0,,0,0,,4,,,,,,,Matches
2005,Jean-Victor Makengo,fr FRA,MF,Udinese,it Serie A,23,1998,33,2351,71,68.7,26.1,26,80,13,7,38,2,1.30,40,36,+4,+0.15,+0.24,Matches
2006,Béni Makouana,cg CGO,FW,Montpellier,fr Ligue 1,18,2002,23,322,14,9.4,3.6,1,90,1,22,11,10,0.61,2,9,-7,-1.96,-1.81,Matches
2007,Nemanja Maksimović,rs SRB,MF,Getafe,es La Liga,26,1995,35,2936,84,85.8,32.6,34,86,26,1,17,1,0.97,25,37,-12,-0.37,-1.11,Matches
2008,Nikola Maksimović,rs SRB,DF,Genoa,it Serie A,29,1991,14,1115,80,32.6,12.4,13,84,11,1,20,2,1.00,10,16,-6,-0.48,+0.57,Matches
2009,Tidiane Malbec,fr FRA,GK,Bordeaux,fr Ligue 1,19,2001,0,,,,,0,,0,0,,3,,,,,,,Matches
2010,Kévin Malcuit,ma MAR,"MF,DF",Napoli,it Serie A,30,1991,8,288,36,8.4,3.2,2,87,1,6,19,18,1.63,4,7,-3,-0.94,-2.26,Matches
2011,Daniel Maldini,it ITA,MF,Milan,it Serie A,19,2001,8,148,19,4.3,1.6,2,52,0,6,8,22,2.25,2,2,0,0.00,-1.05,Matches
2012,Youssef Maleh,ma MAR,MF,Fiorentina,it Serie A,22,1998,28,1019,36,29.8,11.3,11,62,1,17,20,9,1.71,23,17,+6,+0.53,+0.45,Matches
2013,Donyell Malen,nl NED,FW,Dortmund,de Bundesliga,22,1999,27,1684,62,55.0,18.7,20,76,3,7,23,0,2.07,44,25,+19,+1.02,+0.10,Matches
2014,Ruslan Malinovskyi,ua UKR,"MF,FW",Atalanta,it Serie A,28,1993,30,1592,53,46.5,17.7,19,67,3,11,28,1,1.40,31,23,+8,+0.45,+0.01,Matches
2015,Hugo Mallo,es ESP,DF,Celta Vigo,es La Liga,30,1991,21,1826,87,53.4,20.3,21,87,17,0,,1,1.24,23,25,-2,-0.10,-0.21,Matches
2016,Lennard Maloney,us USA,"DF,MF",Dortmund,de Bundesliga,21,1999,2,9,5,0.3,0.1,0,,0,2,5,2,3.00,0,0,0,0.00,-0.97,Matches
2017,Mickael Malsa,mq MTQ,MF,Levante,es La Liga,25,1995,26,1143,44,33.4,12.7,11,77,3,15,20,6,1.12,22,33,-11,-0.87,-0.31,Matches
2018,Giorgi Mamardashvili,ge GEO,GK,Valencia,es La Liga,20,2000,18,1620,90,47.4,18.0,18,90,18,0,,17,1.22,18,20,-2,-0.11,+0.04,Matches
2019,Rey Manaj,al ALB,FW,Barcelona,es La Liga,24,1997,0,,,,,0,,0,0,,3,,,,,,,Matches
2020,Rey Manaj,al ALB,FW,Spezia,it Serie A,24,1997,30,1768,59,51.7,19.6,19,79,7,11,24,3,1.13,22,36,-14,-0.71,+0.16,Matches
2021,Vincent Manceau,fr FRA,DF,Angers,fr Ligue 1,32,1989,28,2361,84,69.0,26.2,25,90,24,3,37,9,1.18,34,36,-2,-0.08,+0.69,Matches
2022,Gianluca Mancini,it ITA,DF,Roma,it Serie A,25,1996,33,2878,87,84.2,32.0,33,87,27,0,,1,1.67,45,35,+10,+0.31,-0.68,Matches
2023,Leonardo Mancuso,it ITA,FW,Empoli,it Serie A,29,1992,8,425,53,12.4,4.7,5,67,0,3,29,14,0.50,2,9,-7,-1.48,-1.09,Matches
2024,Steve Mandanda,fr FRA,GK,Marseille,fr Ligue 1,36,1985,9,810,90,23.7,9.0,9,90,9,0,,28,2.22,18,7,+11,+1.22,+0.74,Matches
2025,Reinildo Mandava,mz MOZ,DF,Lille,fr Ligue 1,27,1994,18,1524,85,44.6,16.9,18,85,13,0,,0,1.50,22,26,-4,-0.24,-0.43,Matches
2026,Reinildo Mandava,mz MOZ,DF,Atlético Madrid,es La Liga,27,1994,17,1298,76,38.0,14.4,15,82,11,2,35,0,2.06,27,12,+15,+1.04,+0.74,Matches
2027,Aïssa Mandi,dz ALG,DF,Villarreal,es La Liga,29,1991,17,1375,81,40.2,15.3,14,90,14,3,38,19,1.88,28,15,+13,+0.85,+0.28,Matches
2028,Rolando Mandragora,it ITA,MF,Torino,it Serie A,24,1997,21,1319,63,38.6,14.7,16,78,10,5,16,4,1.14,17,10,+7,+0.48,+0.56,Matches
2029,Anthony Mandrea,dz ALG,GK,Angers,fr Ligue 1,24,1996,10,900,90,26.3,10.0,10,90,10,0,,16,1.20,13,14,-1,-0.10,+0.26,Matches
2030,Balla Manè,it ITA,DF,Napoli,it Serie A,17,2003,0,,,,,0,,0,0,,1,,,,,,,Matches
2031,Sadio Mané,sn SEN,FW,Liverpool,eng Premier League,29,1992,34,2819,83,82.4,31.3,32,87,25,2,18,0,2.35,76,24,+52,+1.66,-0.74,Matches
2032,Eliaquim Mangala,fr FRA,DF,Saint-Étienne,fr Ligue 1,30,1991,14,1179,84,34.5,13.1,14,84,10,0,,0,1.07,17,30,-13,-0.99,-0.11,Matches
2033,Orel Mangala,be BEL,MF,Stuttgart,de Bundesliga,23,1998,28,1853,66,60.6,20.6,22,76,8,6,30,2,0.89,23,31,-8,-0.39,+0.36,Matches
2034,Thomas Mangani,fr FRA,MF,Angers,fr Ligue 1,34,1987,33,2193,66,64.1,24.4,25,82,16,8,18,4,1.12,31,34,-3,-0.12,+0.46,Matches
2035,Ricardo Mangas,pt POR,"DF,MF",Bordeaux,fr Ligue 1,23,1998,29,2353,81,68.8,26.1,27,86,20,2,9,3,1.00,44,64,-20,-0.76,+0.84,Matches
2036,Vito Mannone,it ITA,GK,Monaco,fr Ligue 1,33,1988,0,,,,,0,,0,0,,17,,,,,,,Matches
2037,Kostas Manolas,gr GRE,DF,Napoli,it Serie A,30,1991,4,313,78,9.2,3.5,3,90,3,1,43,5,3.00,8,2,+6,+1.73,+0.65,Matches
2038,Javier Manquillo,es ESP,DF,Newcastle United,eng Premier League,27,1994,19,1257,66,36.8,14.0,15,82,9,4,8,11,1.05,14,27,-13,-0.93,-0.72,Matches
2039,José Manuel,es ESP,DF,Levante,es La Liga,22,1999,0,,,,,0,,0,0,,2,,,,,,,Matches
2040,Gor Manvelyan,am ARM,MF,Nantes,fr Ligue 1,19,2002,0,,,,,0,,0,0,,9,,,,,,,Matches
2041,Myziane Maolida,km COM,"FW,MF",Nice,fr Ligue 1,22,1999,1,34,34,1.0,0.4,0,,0,1,34,1,3.00,1,0,+1,+2.65,+2.25,Matches
2042,Myziane Maolida,km COM,"MF,FW",Hertha BSC,de Bundesliga,22,1999,14,776,55,25.4,8.6,9,69,1,5,30,9,1.07,9,19,-10,-1.16,-0.21,Matches
2043,Faitout Maouassa,fr FRA,"DF,MF",Rennes,fr Ligue 1,23,1998,0,,,,,0,,0,0,,1,,,,,,,Matches
2044,Sekou Mara,fr FRA,FW,Bordeaux,fr Ligue 1,19,2002,26,905,35,26.5,10.1,8,71,1,18,19,7,0.85,17,22,-5,-0.50,+0.72,Matches
2045,Nikola Maraš,rs SRB,DF,Rayo Vallecano,es La Liga,25,1995,16,1044,65,30.5,11.6,11,87,9,5,18,17,1.25,11,18,-7,-0.60,-0.45,Matches
2046,Fernando Marçal,br BRA,MF,Wolves,eng Premier League,32,1989,18,1449,81,42.4,16.1,17,85,12,1,3,14,1.56,10,14,-4,-0.25,-0.20,Matches
2047,Marcelo,br BRA,DF,Real Madrid,es La Liga,33,1988,12,525,44,15.4,5.8,5,82,2,7,17,12,2.25,10,0,+10,+1.71,+0.50,Matches
2048,Marcelo,br BRA,DF,Bordeaux,fr Ligue 1,34,1987,11,898,82,26.3,10.0,11,82,7,0,,1,0.55,11,21,-10,-1.00,+0.03,Matches
2049,Marcelo,br BRA,DF,Lyon,fr Ligue 1,34,1987,2,180,90,5.3,2.0,2,90,2,0,,0,0.50,1,4,-3,-1.50,-2.00,Matches
2050,Solly March,eng ENG,MF,Brighton,eng Premier League,27,1994,31,1746,56,51.1,19.4,17,83,10,14,25,6,1.23,26,23,+3,+0.15,+0.42,Matches
2051,Marchena,es ESP,MF,Real Betis,es La Liga,19,2002,0,,,,,0,,0,0,,1,,,,,,,Matches
2052,Federico Marchetti,it ITA,GK,Genoa,it Serie A,38,1983,0,,,,,0,,0,0,,25,,,,,,,Matches
2053,Riccardo Marchizza,it ITA,DF,Empoli,it Serie A,23,1998,19,1346,71,39.4,15.0,16,77,8,3,41,3,1.16,20,34,-14,-0.94,-0.68,Matches
2054,Gian Marco Ferrari,it ITA,DF,Sassuolo,it Serie A,29,1992,36,3124,87,91.3,34.7,35,89,32,1,14,1,1.31,59,63,-4,-0.12,-0.72,Matches
2055,Iván Marcone,ar ARG,MF,Elche,es La Liga,31,1990,20,809,40,23.7,9.0,10,69,2,10,12,13,1.00,7,16,-9,-1.00,-0.90,Matches
2056,Óscar de Marcos,es ESP,DF,Athletic Club,es La Liga,32,1989,22,1679,76,49.1,18.7,19,82,9,3,40,12,1.50,27,13,+14,+0.75,+1.11,Matches
2057,Davide Marfella,it ITA,GK,Napoli,it Serie A,21,1999,1,11,11,0.3,0.1,0,,0,1,11,34,3.00,0,0,0,0.00,-1.14,Matches
2058,Lucas Margueron,fr FRA,GK,Clermont Foot,fr Ligue 1,20,2001,0,,,,,0,,0,0,,7,,,,,,,Matches
2059,José Mari,es ESP,MF,Cádiz,es La Liga,33,1987,11,386,35,11.3,4.3,4,64,0,7,19,4,1.73,6,3,+3,+0.70,+1.26,Matches
2060,Pablo Marí,es ESP,DF,Udinese,it Serie A,27,1993,15,1341,89,39.2,14.9,15,89,14,0,,2,1.33,24,21,+3,+0.20,+0.20,Matches
2061,Pablo Marí,es ESP,DF,Arsenal,eng Premier League,27,1993,2,180,90,5.3,2.0,2,90,2,0,,4,0.00,0,4,-4,-2.00,-2.47,Matches
2062,José María Giménez,uy URU,DF,Atlético Madrid,es La Liga,26,1995,24,2042,85,59.7,22.7,24,85,19,0,,5,2.21,39,22,+17,+0.75,+0.42,Matches
2063,Mariano,do DOM,FW,Real Madrid,es La Liga,27,1993,9,342,38,10.0,3.8,3,77,1,6,19,15,2.11,8,4,+4,+1.05,-0.26,Matches
2064,Rafa Marín,es ESP,DF,Real Madrid,es La Liga,19,2002,0,,,,,0,,0,0,,4,,,,,,,Matches
2065,Răzvan Marin,ro ROU,MF,Cagliari,it Serie A,25,1996,36,2816,78,82.3,31.3,31,87,26,5,25,0,0.83,30,58,-28,-0.89,0.00,Matches
2066,Guillermo Maripán,cl CHI,DF,Monaco,fr Ligue 1,27,1994,26,1832,70,53.6,20.4,21,86,18,5,4,4,1.92,36,19,+17,+0.84,+0.38,Matches
2067,Dilan Markanday,eng ENG,"FW,MF",Tottenham Hotspur,eng Premier League,19,2001,0,,,,,0,,0,0,,1,,,,,,,Matches
2068,Mika Mármol,es ESP,DF,Barcelona,es La Liga,20,2001,1,1,1,0.0,0.0,0,,0,1,1,1,1.00,0,0,0,0.00,-0.79,Matches
2069,Omar Marmoush,eg EGY,"FW,MF",Wolfsburg,de Bundesliga,22,1999,2,24,12,0.8,0.3,0,,0,2,12,1,3.00,0,0,0,0.00,+0.33,Matches
2070,Omar Marmoush,eg EGY,"FW,MF",Stuttgart,de Bundesliga,22,1999,21,1571,75,51.3,17.5,19,78,5,2,43,0,1.33,23,26,-3,-0.17,+0.73,Matches
2071,Christian Marques,ch SUI,DF,Wolves,eng Premier League,18,2003,0,,,,,0,,0,0,,2,,,,,,,Matches
2072,Marquinhos,br BRA,DF,Paris Saint-Germain,fr Ligue 1,27,1994,32,2861,89,83.7,31.8,32,89,31,0,,1,2.13,67,28,+39,+1.23,-1.19,Matches
2073,Unai Marrero,es ESP,GK,Real Sociedad,es La Liga,19,2001,0,,,,,0,,0,0,,1,,,,,,,Matches
2074,Filip Marschall,eng ENG,GK,Aston Villa,eng Premier League,18,2003,0,,,,,0,,0,0,,1,,,,,,,Matches
2075,Roger Martí,es ESP,FW,Levante,es La Liga,30,1991,29,2115,73,61.8,23.5,25,81,12,4,23,0,1.00,27,42,-15,-0.64,+0.05,Matches
2076,Anthony Martial,fr FRA,"MF,FW",Manchester Utd,eng Premier League,25,1995,8,212,27,6.2,2.4,2,57,0,6,16,5,2.13,6,3,+3,+1.27,+1.36,Matches
2077,Anthony Martial,fr FRA,"FW,MF",Sevilla,es La Liga,25,1995,9,490,54,14.3,5.4,7,61,0,2,31,0,1.22,7,2,+5,+0.92,+0.37,Matches
2078,Martín,es ESP,MF,Cádiz,es La Liga,22,1999,6,115,19,3.4,1.3,1,54,0,5,12,7,0.33,1,1,0,0.00,+0.44,Matches
2079,Aarón Martín,es ESP,MF,Mainz 05,de Bundesliga,24,1997,28,2292,82,74.9,25.5,25,88,20,3,31,3,1.46,44,35,+9,+0.35,+0.82,Matches
2080,Ander Martin,es ESP,MF,Real Sociedad,es La Liga,20,2000,5,88,18,2.6,1.0,1,58,0,4,8,8,1.40,2,2,0,0.00,-0.08,Matches
2081,Andrés Martín,es ESP,FW,Rayo Vallecano,es La Liga,22,1999,7,186,27,5.4,2.1,1,73,0,6,19,13,1.00,0,4,-4,-1.94,-1.74,Matches
2082,Carlos Martín,es ESP,"FW,MF",Atlético Madrid,es La Liga,19,2002,1,6,6,0.2,0.1,0,,0,1,6,9,3.00,1,0,+1,+15.00,+14.45,Matches
2083,Iván Martín,es ESP,MF,Alavés,es La Liga,22,1999,6,166,28,4.9,1.8,2,45,0,4,19,15,0.83,2,4,-2,-1.08,-0.20,Matches
2084,Jonas Martin,fr FRA,MF,Rennes,fr Ligue 1,31,1990,29,2105,73,61.5,23.4,24,85,12,5,15,2,1.86,52,25,+27,+1.15,+0.13,Matches
2085,Gabriel Martinelli,br BRA,"MF,FW",Arsenal,eng Premier League,20,2001,29,1860,64,54.4,20.7,21,80,9,8,21,7,1.72,34,25,+9,+0.44,+0.20,Matches
2086,Emiliano Martínez,ar ARG,GK,Aston Villa,eng Premier League,28,1992,36,3240,90,94.7,36.0,36,90,36,0,,0,1.25,50,48,+2,+0.06,+2.06,Matches
2087,Iñigo Martínez,es ESP,DF,Athletic Club,es La Liga,30,1991,27,2341,87,68.5,26.0,26,88,23,1,45,0,1.70,28,18,+10,+0.38,+0.63,Matches
2088,Javi Martínez,es ESP,MF,Osasuna,es La Liga,21,1999,26,879,34,25.7,9.8,9,67,1,17,16,12,1.46,13,16,-3,-0.31,+0.08,Matches
2089,Josep Martinez,es ESP,GK,RB Leipzig,de Bundesliga,23,1998,1,90,90,2.9,1.0,1,90,1,0,,33,0.00,1,3,-2,-2.00,-3.12,Matches
2090,Lautaro Martínez,ar ARG,FW,Inter,it Serie A,23,1997,35,2282,65,66.7,25.4,28,76,4,7,22,1,2.14,60,25,+35,+1.38,+0.04,Matches
2091,Pablo Martínez,es ESP,MF,Levante,es La Liga,23,1998,13,656,50,19.2,7.3,7,72,2,6,25,5,0.46,5,14,-9,-1.23,-0.71,Matches
2092,Pau Martínez,es ESP,FW,Osasuna,es La Liga,20,2000,0,,,,,0,,0,0,,1,,,,,,,Matches
2093,Lucas Martínez Quarta,ar ARG,DF,Fiorentina,it Serie A,25,1996,20,1431,72,41.8,15.9,16,85,13,4,19,15,1.60,26,23,+3,+0.19,-0.04,Matches
2094,Roger Martínez,es ESP,MF,Espanyol,es La Liga,17,2004,0,,,,,0,,0,0,,2,,,,,,,Matches
2095,Gelson Martins,pt POR,MF,Monaco,fr Ligue 1,26,1995,32,1905,60,55.7,21.2,24,70,1,8,29,2,1.66,34,18,+16,+0.76,+0.22,Matches
2096,Adam Marušić,me MNE,DF,Lazio,it Serie A,28,1992,33,2721,82,79.6,30.2,30,87,26,3,37,2,1.73,63,41,+22,+0.73,+1.11,Matches
2097,Omar Mascarell,gq EQG,MF,Elche,es La Liga,28,1993,32,2493,78,72.9,27.7,30,82,15,2,17,2,1.13,28,39,-11,-0.40,-0.30,Matches
2098,Andrea Masiello,it ITA,DF,Genoa,it Serie A,35,1986,7,515,74,15.1,5.7,6,82,4,1,24,25,0.43,4,11,-7,-1.22,-0.42,Matches
2099,Adam Masina,ma MAR,DF,Watford,eng Premier League,27,1994,15,1077,72,31.5,12.0,13,80,11,2,16,18,0.67,17,26,-9,-0.75,+0.55,Matches
2100,Erhan Mašović,rs SRB,DF,Bochum,de Bundesliga,22,1998,20,1552,78,50.7,17.2,17,90,17,3,7,11,1.75,21,22,-1,-0.06,+0.72,Matches
2101,Roberto Massimo,de GER,MF,Stuttgart,de Bundesliga,20,2000,19,877,46,28.7,9.7,11,70,3,8,13,3,1.05,15,18,-3,-0.31,+0.31,Matches
2102,Davide Mastrantonio,it ITA,GK,Roma,it Serie A,17,2004,0,,,,,0,,0,0,,3,,,,,,,Matches
2103,Arthur Masuaku,cd COD,"MF,DF",West Ham United,eng Premier League,27,1993,13,650,50,19.0,7.2,6,81,4,7,23,16,1.31,7,12,-5,-0.69,-1.15,Matches
2104,Asan Mata,al ALB,MF,Sassuolo,it Serie A,17,2003,0,,,,,0,,0,0,,3,,,,,,,Matches
2105,Jaime Mata,es ESP,FW,Getafe,es La Liga,32,1988,22,672,31,19.6,7.5,4,68,0,18,22,3,0.91,5,10,-5,-0.67,-0.57,Matches
2106,Juan Mata,es ESP,MF,Manchester Utd,eng Premier League,33,1988,7,235,34,6.9,2.6,2,72,0,5,18,22,1.00,4,4,0,0.00,0.00,Matches
2107,Pape Matar Sarr,sn SEN,MF,Metz,fr Ligue 1,18,2002,33,2129,65,62.3,23.7,22,83,15,11,27,0,0.79,26,49,-23,-0.97,-0.21,Matches
2108,Eliot Matazo,be BEL,MF,Monaco,fr Ligue 1,19,2002,18,790,44,23.1,8.8,8,78,3,10,16,16,1.89,15,9,+6,+0.68,+0.03,Matches
2109,Aleš Matějů,cz CZE,"DF,MF",Venezia,it Serie A,25,1996,9,727,81,21.3,8.1,9,81,5,0,,4,0.56,9,15,-6,-0.74,+0.23,Matches
2110,Jean-Philippe Mateta,fr FRA,FW,Crystal Palace,eng Premier League,24,1997,22,1145,52,33.5,12.7,13,74,1,9,20,8,1.18,20,14,+6,+0.47,+0.55,Matches
2111,Nemanja Matić,rs SRB,MF,Manchester Utd,eng Premier League,32,1988,23,1382,60,40.4,15.4,16,80,7,7,15,10,1.48,22,26,-4,-0.26,-0.44,Matches
2112,Joël Matip,cm CMR,DF,Liverpool,eng Premier League,29,1991,31,2790,90,81.6,31.0,31,90,31,0,,4,2.48,76,21,+55,+1.77,-0.08,Matches
2113,Chrislain Matsima,fr FRA,DF,Monaco,fr Ligue 1,19,2002,7,134,19,3.9,1.5,1,45,0,6,15,15,1.86,1,2,-1,-0.67,-1.38,Matches
2114,Remi Matthews,eng ENG,GK,Crystal Palace,eng Premier League,27,1994,0,,,,,0,,0,0,,7,,,,,,,Matches
2115,Azor Matusiwa,nl NED,MF,Reims,fr Ligue 1,23,1998,29,2463,85,72.0,27.4,29,85,23,0,,0,1.31,31,28,+3,+0.11,+0.49,Matches
2116,Neal Maupay,fr FRA,FW,Brighton,eng Premier League,24,1996,32,2276,71,66.5,25.3,25,84,19,7,24,5,1.25,25,31,-6,-0.24,-0.55,Matches
2117,Aïman Maurer,ma MAR,MF,Clermont Foot,fr Ligue 1,16,2004,0,,,,,0,,0,0,,2,,,,,,,Matches
2118,Stephy Mavididi,eng ENG,"MF,FW",Montpellier,fr Ligue 1,23,1998,30,2299,77,67.2,25.5,27,82,7,3,26,1,1.27,31,37,-6,-0.23,+0.25,Matches
2119,Konstantinos Mavropanos,gr GRE,DF,Stuttgart,de Bundesliga,23,1997,31,2705,87,88.4,30.1,31,87,26,0,,0,1.03,39,54,-15,-0.50,+0.26,Matches
2120,Eric Maxim Choupo-Moting,cm CMR,MF,Bayern Munich,de Bundesliga,32,1989,20,377,19,12.3,4.2,1,66,0,19,16,2,1.90,10,5,+5,+1.19,-0.65,Matches
2121,Luís Maximiano,pt POR,GK,Granada,es La Liga,22,1999,35,3136,90,91.7,34.8,35,90,34,0,,2,1.03,43,55,-12,-0.34,+1.24,Matches
2122,Borja Mayoral,es ESP,FW,Getafe,es La Liga,24,1997,18,1044,58,30.5,11.6,11,76,2,7,30,0,1.17,13,10,+3,+0.26,+0.68,Matches
2123,Borja Mayoral,es ESP,FW,Roma,it Serie A,24,1997,5,96,19,2.8,1.1,1,63,0,4,8,11,1.20,2,0,+2,+1.87,+1.50,Matches
2124,Derek Mazou-Sacko,fr FRA,MF,Troyes,fr Ligue 1,16,2004,2,3,2,0.1,0.0,0,,0,2,2,4,3.00,0,0,0,0.00,+0.42,Matches
2125,Pasquale Mazzocchi,it ITA,DF,Venezia,it Serie A,26,1995,18,1243,69,36.3,13.8,15,79,10,3,17,1,0.78,15,25,-10,-0.72,+0.31,Matches
2126,Pasquale Mazzocchi,it ITA,"MF,DF",Salernitana,it Serie A,26,1995,15,1269,85,37.1,14.1,15,85,9,0,,0,1.07,16,23,-7,-0.50,+1.09,Matches
2127,Kevin Mbabu,ch SUI,"DF,MF",Wolfsburg,de Bundesliga,26,1995,24,1391,58,45.5,15.5,14,83,9,10,23,9,1.25,11,25,-14,-0.91,-1.07,Matches
2128,Kylian Mbappé,fr FRA,FW,Paris Saint-Germain,fr Ligue 1,22,1998,35,3023,86,88.4,33.6,34,88,24,1,21,0,2.34,86,30,+56,+1.67,+2.12,Matches
2129,Ibrahima Mbaye,sn SEN,MF,Bologna,it Serie A,26,1994,6,108,18,3.2,1.2,1,62,0,5,9,24,1.50,0,3,-3,-2.50,-2.28,Matches
2130,Yannis Mbemba,ga GAB,DF,Nantes,fr Ligue 1,20,2001,2,5,3,0.1,0.1,0,,0,2,3,7,1.50,0,0,0,0.00,-0.18,Matches
2131,Amadou Mbengue,sn SEN,DF,Metz,fr Ligue 1,19,2002,12,610,51,17.8,6.8,5,78,4,7,32,12,0.58,5,15,-10,-1.48,-0.71,Matches
2132,Luke Mbete-Tatu,eng ENG,DF,Manchester City,eng Premier League,17,2003,0,,,,,0,,0,0,,14,,,,,,,Matches
2133,Bryan Mbeumo,cm CMR,FW,Brentford,eng Premier League,21,1999,35,2905,83,84.9,32.3,34,85,22,1,29,1,1.23,41,47,-6,-0.19,+0.16,Matches
2134,Hianga'a Mbock,fr FRA,MF,Brest,fr Ligue 1,21,1999,14,799,57,23.4,8.9,9,81,7,5,15,17,0.79,11,16,-5,-0.56,-0.46,Matches
2135,Jason Mbock,fr FRA,FW,Angers,fr Ligue 1,21,1999,1,17,17,0.5,0.2,0,,0,1,17,2,0.00,0,0,0,0.00,+0.29,Matches
2136,Jordi Mboula,es ESP,"MF,FW",Mallorca,es La Liga,22,1999,11,434,39,12.7,4.8,5,68,0,6,16,10,1.09,4,6,-2,-0.41,+0.34,Matches
2137,Moustapha Mbow,sn SEN,DF,Reims,fr Ligue 1,21,2000,1,90,90,2.6,1.0,1,90,1,0,,8,1.00,1,1,0,0.00,+0.03,Matches
2138,Nathanael Mbuku,cd COD,"FW,MF",Reims,fr Ligue 1,19,2002,31,1418,46,41.5,15.8,18,62,2,13,23,7,1.19,17,16,+1,+0.06,+0.15,Matches
2139,James McArthur,sct SCO,MF,Crystal Palace,eng Premier League,33,1987,21,1439,69,42.1,16.0,15,87,11,6,22,1,1.43,22,15,+7,+0.44,+0.57,Matches
2140,James Mcatee,eng ENG,MF,Manchester City,eng Premier League,18,2002,2,20,10,0.6,0.2,0,,0,2,10,11,3.00,1,0,+1,+4.50,+2.59,Matches
2141,Kasey McAteer,ie IRL,MF,Leicester City,eng Premier League,19,2001,1,3,3,0.1,0.0,0,,0,1,3,4,3.00,0,0,0,0.00,-0.08,Matches
2142,Liam McCarron,sct SCO,DF,Leeds United,eng Premier League,20,2001,1,10,10,0.3,0.1,0,,0,1,10,10,0.00,0,1,-1,-9.00,-8.05,Matches
2143,Alex McCarthy,eng ENG,GK,Southampton,eng Premier League,31,1989,17,1530,90,44.7,17.0,17,90,17,0,,1,0.94,16,27,-11,-0.65,-0.03,Matches
2144,Jon McCracken,sct SCO,GK,Norwich City,eng Premier League,21,2000,0,,,,,0,,0,0,,1,,,,,,,Matches
2145,Tom McGill,eng ENG,GK,Brighton,eng Premier League,21,2000,0,,,,,0,,0,0,,3,,,,,,,Matches
2146,John McGinn,sct SCO,MF,Aston Villa,eng Premier League,26,1994,35,3090,88,90.4,34.3,35,88,32,0,,0,1.23,45,48,-3,-0.09,-0.36,Matches
2147,Joseph McGlynn,eng ENG,MF,Burnley,eng Premier League,18,2002,0,,,,,0,,0,0,,2,,,,,,,Matches
2148,Michael McGovern,nir NIR,GK,Norwich City,eng Premier League,37,1984,0,,,,,0,,0,0,,6,,,,,,,Matches
2149,Weston McKennie,us USA,MF,Juventus,it Serie A,22,1998,21,1369,65,40.0,15.2,15,81,9,6,25,2,1.67,20,16,+4,+0.26,-0.44,Matches
2150,Stuart McKinstry,sct SCO,MF,Leeds United,eng Premier League,18,2002,1,4,4,0.1,0.0,0,,0,1,4,8,0.00,0,0,0,0.00,+0.97,Matches
2151,Kenny McLean,sct SCO,MF,Norwich City,eng Premier League,29,1992,31,2706,87,79.1,30.1,29,89,27,2,58,1,0.58,20,62,-42,-1.40,+1.00,Matches
2152,Dwight McNeil,eng ENG,MF,Burnley,eng Premier League,21,1999,38,3107,82,90.8,34.5,35,87,26,3,21,0,0.92,31,49,-18,-0.52,-0.23,Matches
2153,Scott McTominay,sct SCO,MF,Manchester Utd,eng Premier League,24,1996,30,2387,80,69.8,26.5,28,84,20,2,13,1,1.47,40,37,+3,+0.11,+0.37,Matches
2154,Daylam Meddah,fr FRA,DF,Angers,fr Ligue 1,18,2002,0,,,,,0,,0,0,,3,,,,,,,Matches
2155,Gary Medel,cl CHI,DF,Bologna,it Serie A,33,1987,33,2823,86,82.5,31.4,32,88,24,1,23,1,1.18,35,46,-11,-0.35,-0.35,Matches
2156,Facundo Medina,ar ARG,DF,Lens,fr Ligue 1,22,1999,31,2593,84,75.8,28.8,30,86,25,1,12,1,1.71,48,36,+12,+0.42,+0.20,Matches
2157,Nathan de Medina,be BEL,DF,Arminia,de Bundesliga,23,1997,19,775,41,25.3,8.6,7,81,5,12,18,10,0.79,5,20,-15,-1.74,-1.31,Matches
2158,Oscar Medina,,GK,Alavés,es La Liga,,,0,,,,,0,,0,0,,1,,,,,,,Matches
2159,Fernando Medrano,es ESP,DF,Celta Vigo,es La Liga,21,2000,0,,,,,0,,0,0,,6,,,,,,,Matches
2160,Ben Mee,eng ENG,DF,Burnley,eng Premier League,31,1989,21,1839,88,53.8,20.4,21,88,20,0,,0,0.90,20,25,-5,-0.24,+0.55,Matches
2161,Admir Mehmedi,ch SUI,"FW,MF",Wolfsburg,de Bundesliga,30,1991,1,4,4,0.1,0.0,0,,0,1,4,4,3.00,0,0,0,0.00,+0.32,Matches
2162,Bamo Meïté,ci CIV,DF,Lorient,fr Ligue 1,19,2001,0,,,,,0,,0,0,,5,,,,,,,Matches
2163,Hannibal Mejbri,tn TUN,MF,Manchester Utd,eng Premier League,18,2003,2,68,34,2.0,0.8,1,61,0,1,7,5,0.00,0,2,-2,-2.65,-2.70,Matches
2164,Farid El Melali,dz ALG,MF,Angers,fr Ligue 1,24,1997,2,14,7,0.4,0.2,0,,0,2,7,6,0.50,0,0,0,0.00,+0.29,Matches
2165,Filippo Melegoni,it ITA,MF,Genoa,it Serie A,22,1999,25,980,39,28.7,10.9,10,65,2,15,22,9,0.76,4,15,-11,-1.01,-0.20,Matches
2166,Óscar Melendo,es ESP,MF,Espanyol,es La Liga,23,1997,21,990,47,28.9,11.0,14,59,0,7,24,17,0.95,16,20,-4,-0.36,-0.03,Matches
2167,Gonzalo Melero,es ESP,MF,Levante,es La Liga,27,1994,29,1692,58,49.5,18.8,20,73,6,9,26,1,0.97,25,39,-14,-0.74,-0.17,Matches
2168,Birger Meling,no NOR,DF,Rennes,fr Ligue 1,26,1994,31,1829,59,53.5,20.3,20,83,13,11,15,3,2.00,46,19,+27,+1.33,+0.48,Matches
2169,Arthur Melo,br BRA,MF,Juventus,it Serie A,24,1996,20,962,48,28.1,10.7,11,76,5,9,14,7,2.00,22,7,+15,+1.40,+1.22,Matches
2170,Memphis,nl NED,FW,Barcelona,es La Liga,27,1994,28,1851,66,54.1,20.6,20,85,15,8,19,1,1.75,31,21,+10,+0.49,-0.66,Matches
2171,José Menargues,es ESP,DF,Valencia,es La Liga,19,2002,0,,,,,0,,0,0,,5,,,,,,,Matches
2172,Houboulang Mendes,gw GNB,DF,Lorient,fr Ligue 1,23,1998,36,3220,89,94.2,35.8,36,89,33,0,,1,0.94,32,60,-28,-0.78,-0.78,Matches
2173,Nuno Mendes,pt POR,DF,Paris Saint-Germain,fr Ligue 1,19,2002,27,1658,61,48.5,18.4,18,85,12,9,14,6,2.07,42,19,+23,+1.25,-0.33,Matches
2174,Pedro Mendes,pt POR,DF,Montpellier,fr Ligue 1,30,1990,1,16,16,0.5,0.2,0,,0,1,16,2,0.00,0,0,0,0.00,+0.32,Matches
2175,Thiago Mendes,br BRA,"MF,DF",Lyon,fr Ligue 1,29,1992,29,1863,64,54.5,20.7,21,81,14,8,22,4,1.52,33,32,+1,+0.05,-0.76,Matches
2176,Tomás Mendes,es ESP,MF,Alavés,es La Liga,16,2004,1,9,9,0.3,0.1,0,,0,1,9,5,0.00,0,0,0,0.00,+0.90,Matches
2177,Brais Méndez,es ESP,MF,Celta Vigo,es La Liga,24,1997,37,3021,82,88.3,33.6,36,83,20,1,45,0,1.22,38,33,+5,+0.15,+1.28,Matches
2178,Édgar Méndez,es ESP,"MF,FW",Alavés,es La Liga,31,1990,32,1614,50,47.2,17.9,17,73,3,15,25,0,0.78,19,36,-17,-0.95,-0.10,Matches
2179,Antoine Mendy,sn SEN,DF,Nice,fr Ligue 1,17,2004,0,,,,,0,,0,0,,5,,,,,,,Matches
2180,Arial Mendy,sn SEN,"DF,MF",Clermont Foot,fr Ligue 1,26,1994,18,792,44,23.2,8.8,9,73,2,9,15,18,0.94,6,20,-14,-1.59,-1.01,Matches
2181,Batista Mendy,fr FRA,"MF,DF",Angers,fr Ligue 1,21,2000,34,2413,71,70.6,26.8,27,83,16,7,26,2,1.06,32,41,-9,-0.34,-0.16,Matches
2182,Benjamin Mendy,fr FRA,DF,Manchester City,eng Premier League,27,1994,1,78,78,2.3,0.9,1,78,0,0,,1,0.00,0,1,-1,-1.15,-3.15,Matches
2183,Edouard Mendy,sn SEN,GK,Chelsea,eng Premier League,29,1992,34,3060,90,89.5,34.0,34,90,34,0,,0,1.97,70,31,+39,+1.15,+0.15,Matches
2184,Ferland Mendy,fr FRA,DF,Real Madrid,es La Liga,26,1995,22,1734,79,50.7,19.3,20,84,14,2,24,2,2.36,41,12,+29,+1.51,+0.44,Matches
2185,Nampalys Mendy,sn SEN,MF,Leicester City,eng Premier League,29,1992,14,1032,74,30.2,11.5,12,81,7,2,30,3,1.57,20,15,+5,+0.44,+0.51,Matches
2186,Gideon Mensah,gh GHA,"DF,MF",Bordeaux,fr Ligue 1,23,1998,23,1208,53,35.3,13.4,13,79,8,10,18,7,0.48,14,35,-21,-1.56,-0.83,Matches
2187,Jorge Meré,es ESP,DF,Köln,de Bundesliga,24,1997,8,490,61,16.0,5.4,5,74,3,3,40,9,1.13,7,11,-4,-0.73,-0.98,Matches
2188,Alex Meret,it ITA,GK,Napoli,it Serie A,24,1997,7,619,88,18.1,6.9,7,88,6,0,,25,2.29,16,6,+10,+1.45,+0.39,Matches
2189,Fran Mérida,es ESP,MF,Espanyol,es La Liga,31,1990,10,266,27,7.8,3.0,3,58,0,7,13,24,0.91,1,6,-5,-1.69,-1.46,Matches
2190,Mikel Merino,es ESP,MF,Real Sociedad,es La Liga,25,1996,34,2890,85,84.5,32.1,33,87,26,1,20,0,1.79,40,24,+16,+0.50,+2.71,Matches
2191,Quentin Merlin,fr FRA,"DF,MF",Nantes,fr Ligue 1,19,2002,28,1926,69,56.3,21.4,21,87,16,7,14,5,1.54,34,28,+6,+0.28,+0.22,Matches
2192,Martín Merquelanz,es ESP,MF,Rayo Vallecano,es La Liga,26,1995,4,173,43,5.1,1.9,3,48,0,1,30,0,1.00,4,1,+3,+1.56,+1.95,Matches
2193,Yıldırım Mert Çetin,tr TUR,DF,Hellas Verona,it Serie A,24,1997,2,46,23,1.3,0.5,0,,0,2,23,13,2.00,1,0,+1,+1.96,+1.82,Matches
2194,Dries Mertens,be BEL,"FW,MF",Napoli,it Serie A,34,1987,30,1384,46,40.5,15.4,16,72,3,14,17,3,1.83,36,11,+25,+1.63,+0.83,Matches
2195,Illan Meslier,fr FRA,GK,Leeds United,eng Premier League,21,2000,38,3384,89,98.9,37.6,38,89,37,0,,0,1.00,39,79,-40,-1.06,-8.56,Matches
2196,Lionel Messi,ar ARG,"FW,MF",Paris Saint-Germain,fr Ligue 1,34,1987,26,2153,83,63.0,23.9,24,88,22,2,27,0,2.12,54,23,+31,+1.30,-0.34,Matches
2197,Junior Messias,br BRA,MF,Milan,it Serie A,30,1991,26,1428,55,41.8,15.9,14,70,2,12,37,1,2.08,30,13,+17,+1.07,+0.12,Matches
2198,Metinho,br BRA,MF,Troyes,fr Ligue 1,18,2003,0,,,,,0,,0,0,,2,,,,,,,Matches
2199,Thomas Meunier,be BEL,"DF,MF",Dortmund,de Bundesliga,29,1991,17,1402,82,45.8,15.6,17,82,12,0,,1,2.00,39,27,+12,+0.77,-0.37,Matches
2200,Mexer,mz MOZ,DF,Bordeaux,fr Ligue 1,32,1988,16,1227,77,35.9,13.6,14,87,13,2,6,2,0.94,20,37,-17,-1.25,-0.34,Matches
2201,Marco Meyerhöfer,de GER,"DF,MF",Greuther Fürth,de Bundesliga,25,1995,26,2280,88,74.5,25.3,25,90,25,1,30,0,0.62,21,59,-38,-1.50,+0.35,Matches
2202,Matt Miazga,us USA,DF,Alavés,es La Liga,26,1995,11,833,76,24.4,9.3,9,90,9,2,12,21,0.73,3,15,-12,-1.30,-0.53,Matches
2203,Kingsley Michael,ng NGA,MF,Bologna,it Serie A,21,1999,2,76,38,2.2,0.8,1,59,0,1,17,1,1.00,1,0,+1,+1.18,+1.51,Matches
2204,Sven Michel,de GER,FW,Union Berlin,de Bundesliga,31,1990,13,338,26,11.0,3.8,2,77,0,11,17,1,1.54,6,6,0,0.00,-0.20,Matches
2205,Edouard Michut,fr FRA,MF,Paris Saint-Germain,fr Ligue 1,18,2003,5,70,14,2.0,0.8,0,,0,5,14,10,2.60,2,0,+2,+2.57,+1.17,Matches
2206,Francesco Migliardi,it ITA,DF,Sampdoria,it Serie A,18,2003,0,,,,,0,,0,0,,1,,,,,,,Matches
2207,Miguel,es ESP,"FW,MF",Alavés,es La Liga,21,1999,22,829,38,24.2,9.2,10,70,1,12,11,13,0.68,8,13,-5,-0.54,+0.46,Matches
2208,Miguelito,es ESP,DF,Mallorca,es La Liga,20,2001,0,,,,,0,,0,0,,1,,,,,,,Matches
2209,Valentin Mihaila,ro ROU,"FW,MF",Atalanta,it Serie A,21,2000,5,76,15,2.2,0.8,0,,0,5,15,11,1.40,1,0,+1,+1.18,+0.75,Matches
2210,Mikael,br BRA,FW,Salernitana,it Serie A,22,1999,7,87,12,2.5,1.0,0,,0,7,12,9,1.29,1,0,+1,+1.03,+2.28,Matches
2211,Hilmir Mikaelsson,is ISL,FW,Venezia,it Serie A,17,2004,1,18,18,0.5,0.2,0,,0,1,18,0,1.00,0,0,0,0.00,+0.93,Matches
2212,Georges Mikautadze,ge GEO,FW,Metz,fr Ligue 1,20,2000,1,1,1,0.0,0.0,0,,0,1,1,1,1.00,0,1,-1,-90.00,-89.13,Matches
2213,William Mikelbrencis,fr FRA,"MF,DF",Metz,fr Ligue 1,17,2004,9,610,68,17.8,6.8,8,66,2,1,79,6,0.89,5,15,-10,-1.48,-0.71,Matches
2214,Alberto Milan,it ITA,GK,Torino,it Serie A,18,2003,0,,,,,0,,0,0,,2,,,,,,,Matches
2215,Nikola Milenković,rs SRB,DF,Fiorentina,it Serie A,23,1997,34,2926,86,85.6,32.5,34,86,29,0,,2,1.56,46,41,+5,+0.15,-0.39,Matches
2216,Arkadiusz Milik,pl POL,"FW,MF",Marseille,fr Ligue 1,27,1994,23,1416,62,41.4,15.7,15,82,5,8,22,3,1.70,20,13,+7,+0.44,-0.36,Matches
2217,Sergej Milinković-Savić,rs SRB,MF,Lazio,it Serie A,26,1995,37,3100,84,90.6,34.4,36,85,26,1,45,0,1.73,75,52,+23,+0.67,+1.79,Matches
2218,Vanja Milinković-Savić,rs SRB,GK,Torino,it Serie A,24,1997,27,2430,90,71.1,27.0,27,90,27,0,,8,1.26,35,33,+2,+0.07,-0.20,Matches
2219,Éder Militão,br BRA,DF,Real Madrid,es La Liga,23,1998,34,3031,89,88.6,33.7,34,89,32,0,,2,2.18,63,30,+33,+0.98,-2.72,Matches
2220,Luka Milivojević,rs SRB,MF,Crystal Palace,eng Premier League,30,1991,15,774,52,22.6,8.6,9,71,1,6,23,14,1.33,13,16,-3,-0.35,-0.59,Matches
2221,Luis Milla,es ESP,MF,Granada,es La Liga,26,1994,34,2773,82,81.1,30.8,33,83,21,1,45,0,1.09,37,45,-8,-0.26,+0.99,Matches
2222,Pere Milla,es ESP,"FW,MF",Elche,es La Liga,28,1992,32,1644,51,48.1,18.3,17,77,8,15,22,5,1.16,22,24,-2,-0.11,+0.40,Matches
2223,Enzo Millot,fr FRA,MF,Stuttgart,de Bundesliga,19,2002,6,53,9,1.7,0.6,0,,0,6,9,5,0.33,1,1,0,0.00,+0.54,Matches
2224,James Milner,eng ENG,"MF,DF",Liverpool,eng Premier League,35,1986,24,853,36,24.9,9.5,9,77,4,15,11,8,2.63,27,6,+21,+2.22,+0.57,Matches
2225,Santi Mina,es ESP,FW,Celta Vigo,es La Liga,25,1995,33,2367,72,69.2,26.3,30,76,14,3,25,0,1.18,28,25,+3,+0.11,+0.37,Matches
2226,Yerry Mina,co COL,DF,Everton,eng Premier League,26,1994,13,846,65,24.7,9.4,11,73,8,2,23,1,1.62,12,10,+2,+0.21,+1.09,Matches
2227,Takumi Minamino,jp JPN,FW,Liverpool,eng Premier League,26,1995,11,186,17,5.4,2.1,1,90,1,10,10,15,2.55,6,1,+5,+2.42,+0.67,Matches
2228,Tyrone Mings,eng ENG,DF,Aston Villa,eng Premier League,28,1993,36,3189,89,93.2,35.4,35,90,35,1,39,0,1.22,49,49,0,0.00,+0.78,Matches
2229,Óscar Mingueza,es ESP,DF,Barcelona,es La Liga,22,1999,19,894,47,26.1,9.9,9,79,3,10,18,16,1.74,13,10,+3,+0.30,-0.66,Matches
2230,Ignasi Miquel,es ESP,DF,Getafe,es La Liga,28,1992,0,,,,,0,,0,0,,3,,,,,,,Matches
2231,Rafa Mir,es ESP,FW,Sevilla,es La Liga,24,1997,34,1808,53,52.9,20.1,18,78,9,16,25,0,1.82,35,23,+12,+0.60,-0.02,Matches
2232,Jorge Miramón,es ESP,"DF,MF",Levante,es La Liga,32,1989,29,1977,68,57.8,22.0,22,85,15,7,16,4,1.10,28,43,-15,-0.68,-0.06,Matches
2233,Aleksei Miranchuk,ru RUS,"MF,FW",Atalanta,it Serie A,25,1995,19,772,41,22.6,8.6,7,63,1,12,28,14,1.42,12,13,-1,-0.12,-0.73,Matches
2234,Juan Miranda,es ESP,DF,Real Betis,es La Liga,21,2000,13,783,60,22.9,8.7,9,83,6,4,9,17,1.54,10,6,+4,+0.46,-0.15,Matches
2235,Antonio Mirante,it ITA,GK,Milan,it Serie A,38,1983,0,,,,,0,,0,0,,29,,,,,,,Matches
2236,Fabio Miretti,it ITA,MF,Juventus,it Serie A,17,2003,6,321,54,9.4,3.6,4,79,1,2,3,7,1.67,6,4,+2,+0.56,+0.04,Matches
2237,Filippo Missori,it ITA,MF,Roma,it Serie A,17,2004,0,,,,,0,,0,0,,2,,,,,,,Matches
2238,Tyrick Mitchell,eng ENG,DF,Crystal Palace,eng Premier League,21,1999,36,3101,86,90.7,34.5,35,88,32,1,18,1,1.22,45,43,+2,+0.06,-0.51,Matches
2239,Stefan Mitrović,rs SRB,DF,Getafe,es La Liga,31,1990,32,2667,83,78.0,29.6,31,85,24,1,24,4,1.09,31,32,-1,-0.03,+0.80,Matches
2240,Maximilian Mittelstädt,de GER,"DF,MF",Hertha BSC,de Bundesliga,24,1997,24,1493,62,48.8,16.6,16,80,8,8,26,7,1.08,19,32,-13,-0.78,+0.42,Matches
2241,Kaito Mizuta,jp JPN,MF,Mainz 05,de Bundesliga,21,2000,0,,,,,0,,0,0,,1,,,,,,,Matches
2242,Henrikh Mkhitaryan,am ARM,MF,Roma,it Serie A,32,1989,31,2495,80,73.0,27.7,29,84,18,2,36,1,1.81,42,28,+14,+0.51,+0.31,Matches
2243,Jakub Moder,pl POL,"MF,FW",Brighton,eng Premier League,22,1999,28,1701,61,49.7,18.9,19,81,10,9,18,2,1.18,17,23,-6,-0.32,-0.53,Matches
2244,Anthony Modeste,fr FRA,FW,Köln,de Bundesliga,33,1988,32,2606,81,85.2,29.0,31,83,18,1,30,0,1.63,46,41,+5,+0.17,+0.57,Matches
2245,Marco Modolo,it ITA,DF,Venezia,it Serie A,32,1989,6,392,65,11.5,4.4,4,90,4,2,16,20,1.17,4,6,-2,-0.46,+0.52,Matches
2246,Luka Modrić,hr CRO,MF,Real Madrid,es La Liga,35,1985,28,2032,73,59.4,22.6,25,79,6,3,22,2,2.29,47,20,+27,+1.20,-0.23,Matches
2247,Terem Moffi,ng NGA,FW,Lorient,fr Ligue 1,22,1999,37,2711,73,79.3,30.1,34,78,7,3,25,0,0.97,26,49,-23,-0.76,-0.13,Matches
2248,Karim Mohamed,km COM,DF,Clermont Foot,fr Ligue 1,20,2001,0,,,,,0,,0,0,,6,,,,,,,Matches
2249,Kevin Möhwald,de GER,MF,Union Berlin,de Bundesliga,28,1993,16,354,22,11.6,3.9,3,49,0,13,16,13,1.44,2,9,-7,-1.78,-2.21,Matches
2250,Johan Mojica,co COL,"DF,MF",Elche,es La Liga,28,1992,33,2855,87,83.5,31.7,32,89,28,1,13,1,1.18,33,40,-7,-0.22,+0.58,Matches
2251,Clinton Mola,eng ENG,DF,Stuttgart,de Bundesliga,20,2001,3,113,38,3.7,1.3,1,60,0,2,27,16,1.00,0,4,-4,-3.19,-2.76,Matches
2252,Jorge Molina,es ESP,FW,Granada,es La Liga,39,1982,35,1966,56,57.5,21.8,19,84,10,16,23,2,0.97,29,35,-6,-0.27,+0.41,Matches
2253,Nahuel Molina,ar ARG,MF,Udinese,it Serie A,23,1998,35,2638,75,77.1,29.3,31,82,16,4,21,0,1.34,50,46,+4,+0.14,+0.25,Matches
2254,Cristian Molinaro,it ITA,DF,Venezia,it Serie A,38,1983,8,548,69,16.0,6.1,6,83,4,2,26,16,0.63,6,13,-7,-1.15,-0.27,Matches
2255,Marco Molla,al ALB,GK,Bologna,it Serie A,19,2002,0,,,,,0,,0,0,,12,,,,,,,Matches
2256,Victor Mollejo,es ESP,"FW,MF",Mallorca,es La Liga,20,2001,0,,,,,0,,0,0,,3,,,,,,,Matches
2257,Florent Mollet,fr FRA,MF,Montpellier,fr Ligue 1,29,1991,35,2630,75,76.9,29.2,32,81,12,3,16,1,0.97,31,44,-13,-0.44,-0.56,Matches
2258,Jon Moncayola,es ESP,MF,Osasuna,es La Liga,23,1998,36,2915,81,85.2,32.4,33,86,21,3,22,1,1.22,30,41,-11,-0.34,+0.20,Matches
2259,Monchu,es ESP,MF,Granada,es La Liga,21,1999,14,668,48,19.5,7.4,7,77,3,7,18,7,1.21,6,11,-5,-0.67,-0.28,Matches
2260,Thomas Monconduit,fr FRA,MF,Lorient,fr Ligue 1,30,1991,34,2248,66,65.7,25.0,26,80,12,8,22,1,0.97,27,39,-12,-0.48,+0.75,Matches
2261,Daniele Montevago,it ITA,FW,Sampdoria,it Serie A,18,2003,0,,,,,0,,0,0,,2,,,,,,,Matches
2262,Gonzalo Montiel,ar ARG,DF,Sevilla,es La Liga,24,1997,18,1066,59,31.2,11.8,15,67,6,3,20,12,1.72,16,11,+5,+0.42,-0.27,Matches
2263,Lorenzo Montipò,it ITA,GK,Hellas Verona,it Serie A,25,1996,34,3060,90,89.5,34.0,34,90,34,0,,2,1.44,57,50,+7,+0.21,+0.46,Matches
2264,Ángel Montoro,es ESP,MF,Granada,es La Liga,33,1988,24,1331,55,38.9,14.8,13,73,4,11,34,3,0.67,17,30,-13,-0.88,-0.71,Matches
2265,Martín Montoya,es ESP,DF,Real Betis,es La Liga,30,1991,6,518,86,15.1,5.8,6,86,5,0,,8,1.33,9,8,+1,+0.17,-0.48,Matches
2266,Kris Moore,eng ENG,DF,Leeds United,eng Premier League,17,2003,0,,,,,0,,0,0,,4,,,,,,,Matches
2267,Wesley Moraes,br BRA,FW,Aston Villa,eng Premier League,24,1996,1,1,1,0.0,0.0,0,,0,1,1,1,3.00,0,0,0,0.00,+0.05,Matches
2268,Álvaro Morata,es ESP,"FW,MF",Juventus,it Serie A,28,1992,35,2302,66,67.3,25.6,26,79,7,9,28,1,1.83,37,20,+17,+0.66,+0.42,Matches
2269,Jan Morávek,cz CZE,MF,Augsburg,de Bundesliga,31,1989,17,471,28,15.4,5.2,5,54,0,12,17,4,1.41,3,7,-4,-0.76,-0.31,Matches
2270,Jon Morcillo,es ESP,MF,Athletic Club,es La Liga,22,1998,7,54,8,1.6,0.6,0,,0,7,8,12,1.00,1,1,0,0.00,-0.19,Matches
2271,Jérémy Morel,mg MAD,DF,Lorient,fr Ligue 1,37,1984,9,604,67,17.7,6.7,6,90,6,3,21,5,0.67,4,8,-4,-0.60,+0.17,Matches
2272,Alberto Moreno,es ESP,MF,Atlético Madrid,es La Liga,19,2002,0,,,,,0,,0,0,,1,,,,,,,Matches
2273,Alberto Moreno,es ESP,"MF,DF",Villarreal,es La Liga,29,1992,24,1223,51,35.8,13.6,13,75,3,11,23,3,1.58,19,9,+10,+0.74,+0.08,Matches
2274,Álex Moreno,es ESP,DF,Real Betis,es La Liga,28,1993,30,2404,80,70.3,26.7,28,84,22,2,22,2,1.80,49,30,+19,+0.71,+0.45,Matches
2275,Gerard Moreno,es ESP,FW,Villarreal,es La Liga,29,1992,17,1191,70,34.8,13.2,14,78,9,3,35,1,1.35,22,14,+8,+0.60,-0.12,Matches
2276,Jorge Moreno,es ESP,DF,Rayo Vallecano,es La Liga,20,2001,0,,,,,0,,0,0,,3,,,,,,,Matches
2277,Marco Moreno,es ESP,DF,Atlético Madrid,es La Liga,20,2001,0,,,,,0,,0,0,,2,,,,,,,Matches
2278,Sergio Moreno,es ESP,FW,Rayo Vallecano,es La Liga,22,1999,0,,,,,0,,0,0,,5,,,,,,,Matches
2279,Tete Morente,es ESP,MF,Elche,es La Liga,24,1996,32,1632,51,47.7,18.1,18,70,3,14,27,5,1.06,21,22,-1,-0.06,+0.50,Matches
2280,Marlon Morgenstern,de GER,DF,Hertha BSC,de Bundesliga,20,2001,0,,,,,0,,0,0,,1,,,,,,,Matches
2281,Ilaix Moriba,gn GUI,MF,RB Leipzig,de Bundesliga,18,2003,2,32,16,1.0,0.4,0,,0,2,16,9,1.50,0,0,0,0.00,-1.04,Matches
2282,Ilaix Moriba,gn GUI,MF,Valencia,es La Liga,18,2003,14,818,58,23.9,9.1,9,74,4,5,30,0,1.07,6,11,-5,-0.55,-0.55,Matches
2283,Manu Morlanes,es ESP,MF,Espanyol,es La Liga,22,1999,27,1144,42,33.5,12.7,11,67,2,16,26,3,1.15,24,23,+1,+0.08,+0.63,Matches
2284,Raúl Moro,es ESP,FW,Lazio,it Serie A,18,2002,11,201,18,5.9,2.2,1,45,0,10,16,24,1.36,1,4,-3,-1.34,-1.96,Matches
2285,Loren Morón,es ESP,"FW,MF",Espanyol,es La Liga,27,1993,21,563,27,16.5,6.3,4,64,0,17,18,15,1.00,5,10,-5,-0.80,-0.55,Matches
2286,Loren Morón,es ESP,FW,Real Betis,es La Liga,27,1993,1,4,4,0.1,0.0,0,,0,1,4,1,1.00,0,0,0,0.00,-0.58,Matches
2287,James Morris,eng ENG,DF,Watford,eng Premier League,19,2001,0,,,,,0,,0,0,,8,,,,,,,Matches
2288,Morro,es ESP,GK,Rayo Vallecano,es La Liga,20,2000,0,,,,,0,,0,0,,2,,,,,,,Matches
2289,Tyler Morton,eng ENG,MF,Liverpool,eng Premier League,18,2002,2,66,33,1.9,0.7,1,59,0,1,7,7,2.00,1,1,0,0.00,-1.82,Matches
2290,Cristhian Mosquera,es ESP,DF,Valencia,es La Liga,17,2004,6,212,35,6.2,2.4,3,60,1,3,11,16,0.83,1,5,-4,-1.70,-1.67,Matches
2291,Yerson Mosquera,co COL,DF,Wolves,eng Premier League,20,2001,0,,,,,0,,0,0,,5,,,,,,,Matches
2292,Lebo Mothiba,za RSA,"MF,FW",Troyes,fr Ligue 1,25,1996,13,522,40,15.3,5.8,5,61,0,8,27,0,1.15,6,5,+1,+0.17,+0.70,Matches
2293,Lebo Mothiba,za RSA,FW,Strasbourg,fr Ligue 1,25,1996,1,1,1,0.0,0.0,0,,0,1,1,2,3.00,0,0,0,0.00,-0.45,Matches
2294,Nemanja Motika,rs SRB,FW,Bayern Munich,de Bundesliga,18,2003,0,,,,,0,,0,0,,1,,,,,,,Matches
2295,Andrei Motoc,md MDA,DF,Salernitana,it Serie A,19,2002,1,90,90,2.6,1.0,1,90,1,0,,2,0.00,0,3,-3,-3.00,-1.86,Matches
2296,Baptiste Mouazan,fr FRA,MF,Lorient,fr Ligue 1,19,2001,3,96,32,2.8,1.1,1,62,0,2,17,7,0.33,0,3,-3,-2.81,-2.14,Matches
2297,Aimen Moueffek,fr FRA,"MF,FW",Saint-Étienne,fr Ligue 1,20,2001,14,432,31,12.6,4.8,4,60,0,10,19,3,1.36,5,5,0,0.00,+1.05,Matches
2298,Youssoufa Moukoko,de GER,FW,Dortmund,de Bundesliga,16,2004,16,223,14,7.3,2.5,1,56,0,15,11,7,1.75,7,5,+2,+0.81,-0.18,Matches
2299,Harold Moukoudi,cm CMR,DF,Saint-Étienne,fr Ligue 1,23,1997,24,1661,69,48.6,18.5,17,83,15,7,35,3,0.38,16,40,-24,-1.30,-0.74,Matches
2300,Louie Moulden,eng ENG,GK,Wolves,eng Premier League,19,2002,0,,,,,0,,0,0,,9,,,,,,,Matches
2301,Jessy Moulin,fr FRA,GK,Troyes,fr Ligue 1,35,1986,7,630,90,18.4,7.0,7,90,7,0,,18,0.88,8,9,-1,-0.14,+0.34,Matches
2302,Steve Mounié,bj BEN,FW,Brest,fr Ligue 1,26,1994,35,2312,66,67.6,25.7,25,83,14,10,23,0,1.23,34,38,-4,-0.16,+0.17,Matches
2303,Mason Mount,eng ENG,MF,Chelsea,eng Premier League,22,1999,32,2363,74,69.1,26.3,27,85,20,5,16,3,1.97,56,25,+31,+1.18,+0.16,Matches
2304,Lucas Moura,br BRA,"MF,FW",Tottenham Hotspur,eng Premier League,28,1992,34,1775,52,51.9,19.7,19,80,6,15,17,2,1.88,29,21,+8,+0.41,-0.74,Matches
2305,Lys Mousset,fr FRA,"MF,FW",Salernitana,it Serie A,25,1996,6,160,27,4.7,1.8,2,52,0,4,14,1,0.83,4,6,-2,-1.13,+0.06,Matches
2306,João Moutinho,pt POR,MF,Wolves,eng Premier League,34,1986,35,2970,85,86.8,33.0,34,87,28,1,12,1,1.37,32,40,-8,-0.24,-0.84,Matches
2307,Louis Mouton,fr FRA,MF,Saint-Étienne,fr Ligue 1,19,2002,0,,,,,0,,0,0,,3,,,,,,,Matches
2308,Samuel Moutoussamy,cd COD,MF,Nantes,fr Ligue 1,24,1996,30,1509,50,44.1,16.8,16,82,10,14,14,4,1.33,23,20,+3,+0.18,-0.01,Matches
2309,Loris Mouyokolo,fr FRA,DF,Lorient,fr Ligue 1,20,2001,0,,,,,0,,0,0,,5,,,,,,,Matches
2310,Toni Moya,es ESP,MF,Alavés,es La Liga,23,1998,28,1386,50,40.5,15.4,17,74,4,11,12,9,0.64,8,27,-19,-1.23,-0.57,Matches
2311,Filippo Mozzo,it ITA,MF,Venezia,it Serie A,17,2004,0,,,,,0,,0,0,,1,,,,,,,Matches
2312,Exauce Mpembele Boula,fr FRA,MF,Lille,fr Ligue 1,19,2002,0,,,,,0,,0,0,,1,,,,,,,Matches
2313,Samuel Mráz,sk SVK,FW,Spezia,it Serie A,24,1997,2,54,27,1.6,0.6,0,,0,2,27,0,0.50,0,2,-2,-3.33,-2.58,Matches
2314,Nordi Mukiele,fr FRA,"MF,DF",RB Leipzig,de Bundesliga,23,1997,28,1842,66,60.2,20.5,21,81,12,7,20,4,1.64,46,26,+20,+0.98,-0.13,Matches
2315,Mert Müldür,tr TUR,DF,Sassuolo,it Serie A,22,1999,31,2046,66,59.8,22.7,24,83,16,7,7,6,1.42,35,43,-8,-0.35,-0.74,Matches
2316,Florian Müller,de GER,GK,Stuttgart,de Bundesliga,23,1997,30,2700,90,88.2,30.0,30,90,30,0,,1,1.03,38,52,-14,-0.47,+0.53,Matches
2317,Thomas Müller,de GER,MF,Bayern Munich,de Bundesliga,31,1989,32,2558,80,83.6,28.4,32,80,12,0,,0,2.31,87,32,+55,+1.94,+1.04,Matches
2318,Bali Mumba,eng ENG,"DF,MF",Norwich City,eng Premier League,19,2001,1,45,45,1.3,0.5,0,,0,1,45,5,0.00,0,3,-3,-6.00,-4.45,Matches
2319,Marshall Munetsi,zw ZIM,"MF,DF",Reims,fr Ligue 1,25,1996,24,1885,79,55.1,20.9,20,85,17,4,45,0,1.33,28,24,+4,+0.19,+0.48,Matches
2320,Iker Muniain,es ESP,MF,Athletic Club,es La Liga,28,1992,35,2785,80,81.4,30.9,34,81,15,1,19,2,1.46,35,27,+8,+0.26,+0.40,Matches
2321,Aihen Muñoz,es ESP,DF,Real Sociedad,es La Liga,23,1997,20,1342,67,39.2,14.9,15,84,9,5,16,11,1.95,19,18,+1,+0.07,-0.02,Matches
2322,Louis Munteanu,ro ROU,FW,Fiorentina,it Serie A,19,2002,0,,,,,0,,0,0,,11,,,,,,,Matches
2323,Luis Muriel,co COL,"FW,MF",Atalanta,it Serie A,30,1991,27,1539,57,45.0,17.1,17,71,2,10,33,4,1.44,31,21,+10,+0.58,+0.25,Matches
2324,Jeison Murillo,co COL,DF,Celta Vigo,es La Liga,29,1992,19,1117,59,32.7,12.4,12,83,8,7,18,12,1.00,12,22,-10,-0.81,-1.20,Matches
2325,Vedat Muriqi,xk KVX,FW,Mallorca,es La Liga,27,1994,16,1438,90,42.0,16.0,16,90,15,0,,0,1.19,18,28,-10,-0.63,+0.15,Matches
2326,Vedat Muriqi,xk KVX,FW,Lazio,it Serie A,27,1994,11,215,20,6.3,2.4,1,79,0,10,14,12,1.55,2,7,-5,-2.09,-2.77,Matches
2327,Jacob Murphy,eng ENG,"FW,MF",Newcastle United,eng Premier League,26,1995,33,1473,45,43.1,16.4,13,84,9,20,19,5,1.24,24,35,-11,-0.67,-0.35,Matches
2328,Nicola Murru,it ITA,DF,Sampdoria,it Serie A,26,1994,22,983,45,28.7,10.9,13,66,1,9,14,15,0.64,15,24,-9,-0.82,-0.53,Matches
2329,Anthony Musaba,nl NED,"FW,MF",Monaco,fr Ligue 1,20,2000,0,,,,,0,,0,0,,1,,,,,,,Matches
2330,Yunus Musah,us USA,"MF,FW",Valencia,es La Liga,18,2002,29,1259,43,36.8,14.0,13,75,1,16,17,5,1.31,13,18,-5,-0.36,-0.36,Matches
2331,Torben Müsel,de GER,"FW,MF",Gladbach,de Bundesliga,22,1999,1,5,5,0.2,0.1,0,,0,1,5,8,3.00,0,0,0,0.00,+0.21,Matches
2332,Jamal Musiala,de GER,MF,Bayern Munich,de Bundesliga,18,2003,30,1465,49,47.9,16.3,12,78,5,18,29,2,2.33,44,16,+28,+1.72,-0.09,Matches
2333,Malcom Musquet,fr FRA,MF,Lens,fr Ligue 1,19,2002,0,,,,,0,,0,0,,1,,,,,,,Matches
2334,Juan Musso,ar ARG,GK,Atalanta,it Serie A,27,1994,33,2932,89,85.7,32.6,33,89,32,0,,4,1.70,61,42,+19,+0.58,+0.95,Matches
2335,Shkodran Mustafi,de GER,DF,Levante,es La Liga,29,1992,11,658,60,19.2,7.3,8,77,5,3,13,1,0.64,5,12,-7,-0.96,-0.37,Matches
2336,Gabriel Mutombo,fr FRA,DF,Troyes,fr Ligue 1,25,1996,0,,,,,0,,0,0,,6,,,,,,,Matches
2337,Junior Mwanga,fr FRA,DF,Bordeaux,fr Ligue 1,18,2003,1,90,90,2.6,1.0,1,90,1,0,,1,3.00,4,2,+2,+2.00,+3.11,Matches
2338,Enock Mwepu,zm ZAM,MF,Brighton,eng Premier League,23,1998,18,996,55,29.1,11.1,12,72,5,6,22,6,1.83,18,13,+5,+0.45,+0.71,Matches
2339,Vitaliy Mykolenko,ua UKR,"DF,MF",Everton,eng Premier League,22,1999,13,1055,81,30.8,11.7,12,85,10,1,32,4,1.08,14,17,-3,-0.26,+0.51,Matches
2340,Joakim Mæhle,dk DEN,MF,Atalanta,it Serie A,24,1997,26,1471,57,43.0,16.3,15,81,9,11,24,6,1.77,37,24,+13,+0.80,+0.61,Matches
2341,Obite N'Dicka,ci CIV,DF,Eintracht Frankfurt,de Bundesliga,21,1999,32,2857,89,93.4,31.7,32,89,31,0,,1,1.22,43,46,-3,-0.09,+0.35,Matches
2342,Kévin N'Doram,fr FRA,MF,Metz,fr Ligue 1,25,1996,19,1235,65,36.1,13.7,16,72,7,3,27,0,0.68,13,28,-15,-1.09,-0.31,Matches
2343,Eric N'Jo,fr FRA,DF,Troyes,fr Ligue 1,17,2004,2,98,49,2.9,1.1,0,,0,2,49,2,1.50,3,1,+2,+1.84,+2.32,Matches
2344,Vital N'Simba,cd COD,DF,Clermont Foot,fr Ligue 1,28,1993,34,2789,82,81.5,31.0,31,87,27,3,30,0,0.94,31,50,-19,-0.61,+1.10,Matches
2345,Nacho,es ESP,DF,Real Madrid,es La Liga,31,1990,28,1555,56,45.5,17.3,17,87,14,11,7,8,2.25,42,19,+23,+1.33,+0.08,Matches
2346,Mickael Nade,fr FRA,DF,Saint-Étienne,fr Ligue 1,22,1999,30,2563,85,74.9,28.5,29,87,24,1,45,8,0.83,30,58,-28,-0.98,-0.25,Matches
2347,Bilal Nadir,ma MAR,MF,Marseille,fr Ligue 1,17,2003,0,,,,,0,,0,0,,2,,,,,,,Matches
2348,Guédé Nadje,fr FRA,FW,Angers,fr Ligue 1,17,2003,1,3,3,0.1,0.0,0,,0,1,3,1,0.00,0,0,0,0.00,+0.29,Matches
2349,Yannis Nahounou,fr FRA,DF,Nice,fr Ligue 1,17,2004,0,,,,,0,,0,0,,2,,,,,,,Matches
2350,Marvelous Nakamba,zw ZIM,MF,Aston Villa,eng Premier League,27,1994,16,904,57,26.4,10.0,10,77,5,6,22,8,0.94,15,20,-5,-0.50,-0.61,Matches
2351,Anas Namri,fr FRA,FW,Troyes,fr Ligue 1,19,2001,0,,,,,0,,0,0,,3,,,,,,,Matches
2352,Nahitan Nández,uy URU,MF,Cagliari,it Serie A,25,1995,21,1523,73,44.5,16.9,16,86,14,5,30,0,0.52,16,32,-16,-0.95,-0.09,Matches
2353,Nani,pt POR,"MF,FW",Venezia,it Serie A,34,1986,10,287,29,8.4,3.2,3,64,0,7,14,7,0.20,4,8,-4,-1.25,-0.36,Matches
2354,Paul Nardi,fr FRA,GK,Lorient,fr Ligue 1,27,1994,22,1980,90,57.9,22.0,22,90,22,0,,16,0.77,18,38,-20,-0.91,-0.41,Matches
2355,Nikolas Nartey,dk DEN,MF,Stuttgart,de Bundesliga,21,2000,8,404,51,13.2,4.5,4,80,2,4,21,4,1.00,2,8,-6,-1.34,-0.93,Matches
2356,Matija Nastasić,rs SRB,DF,Fiorentina,it Serie A,28,1993,5,219,44,6.4,2.4,2,90,2,3,13,24,0.80,1,7,-6,-2.47,-2.86,Matches
2357,Lapo Nava,it ITA,GK,Milan,it Serie A,17,2004,0,,,,,0,,0,0,,2,,,,,,,Matches
2358,Manuel Navarro,es ESP,MF,Rayo Vallecano,es La Liga,20,2000,0,,,,,0,,0,0,,4,,,,,,,Matches
2359,Roberto Navarro,es ESP,"MF,FW",Real Sociedad,es La Liga,19,2002,6,199,33,5.8,2.2,3,54,0,3,12,12,1.67,2,3,-1,-0.45,-0.56,Matches
2360,Ximo Navarro,es ESP,DF,Alavés,es La Liga,31,1990,18,1347,75,39.4,15.0,16,81,11,2,27,5,0.89,10,23,-13,-0.87,+0.04,Matches
2361,Jesús Navas,es ESP,DF,Sevilla,es La Liga,35,1985,25,1786,71,52.2,19.8,19,84,14,6,32,0,1.76,29,16,+13,+0.66,+0.10,Matches
2362,Keylor Navas,cr CRC,GK,Paris Saint-Germain,fr Ligue 1,34,1986,21,1856,88,54.3,20.6,21,88,19,0,,11,2.14,43,18,+25,+1.21,-0.46,Matches
2363,Papa Ndiaga Yade,mr MTN,"MF,FW",Metz,fr Ligue 1,21,2000,18,696,39,20.4,7.7,5,79,3,13,23,16,0.56,3,16,-13,-1.68,-0.99,Matches
2364,Maissa Ndiaye,sn SEN,DF,Roma,it Serie A,19,2002,0,,,,,0,,0,0,,2,,,,,,,Matches
2365,Wilfred Ndidi,ng NGA,"MF,DF",Leicester City,eng Premier League,24,1996,19,1618,85,47.3,18.0,18,88,16,1,30,2,1.32,26,26,0,0.00,-0.15,Matches
2366,Tanguy Ndombele,fr FRA,MF,Tottenham Hotspur,eng Premier League,24,1996,9,484,54,14.2,5.4,6,74,1,3,14,6,1.22,6,11,-5,-0.93,-1.97,Matches
2367,Tanguy Ndombele,fr FRA,MF,Lyon,fr Ligue 1,24,1996,11,701,64,20.5,7.8,7,81,2,4,33,1,1.55,10,10,0,0.00,-0.50,Matches
2368,Dan Ndoye,ch SUI,FW,Nice,fr Ligue 1,20,2000,3,205,68,6.0,2.3,2,90,2,1,25,0,2.33,4,0,+4,+1.76,+1.42,Matches
2369,Paul Nebel,de GER,MF,Mainz 05,de Bundesliga,18,2002,10,228,23,7.5,2.5,2,67,0,8,12,11,1.30,3,1,+2,+0.79,+0.69,Matches
2370,Álvaro Negredo,es ESP,FW,Cádiz,es La Liga,35,1985,34,2157,63,63.1,24.0,24,81,15,10,21,4,1.00,22,30,-8,-0.33,+0.24,Matches
2371,Benjamin Nelson,eng ENG,DF,Leicester City,eng Premier League,17,2004,0,,,,,0,,0,0,,3,,,,,,,Matches
2372,Reiss Nelson,eng ENG,"FW,MF",Arsenal,eng Premier League,21,1999,1,20,20,0.6,0.2,0,,0,1,20,1,0.00,0,1,-1,-4.50,-4.87,Matches
2373,David Nemeth,at AUT,DF,Mainz 05,de Bundesliga,20,2001,6,311,52,10.2,3.5,2,82,1,4,37,20,1.00,6,8,-2,-0.58,-0.81,Matches
2374,Filippo Neri,it ITA,GK,Venezia,it Serie A,18,2002,0,,,,,0,,0,0,,8,,,,,,,Matches
2375,Ilija Nestorovski,mk MKD,FW,Udinese,it Serie A,31,1990,7,188,27,5.5,2.1,1,89,0,6,17,21,1.86,8,0,+8,+3.83,+3.97,Matches
2376,Neto,br BRA,GK,Barcelona,es La Liga,32,1989,3,270,90,7.9,3.0,3,90,3,0,,33,2.33,7,4,+3,+1.00,+0.23,Matches
2377,Pedro Neto,pt POR,"FW,MF",Wolves,eng Premier League,21,2000,13,466,36,13.6,5.2,5,59,0,8,21,0,0.85,4,14,-10,-1.93,-2.08,Matches
2378,Luca Netz,de GER,"MF,DF",Gladbach,de Bundesliga,18,2003,24,1396,58,45.6,15.5,17,74,5,7,19,8,1.46,28,22,+6,+0.39,+1.09,Matches
2379,Manuel Neuer,de GER,GK,Bayern Munich,de Bundesliga,35,1986,28,2510,90,82.0,27.9,28,90,27,0,,1,2.50,87,26,+61,+2.19,+2.35,Matches
2380,Florian Neuhaus,de GER,MF,Gladbach,de Bundesliga,24,1997,29,2121,73,69.3,23.6,24,82,13,5,32,5,1.31,40,45,-5,-0.21,-0.02,Matches
2381,Carlos Neva,es ESP,DF,Granada,es La Liga,25,1996,26,2108,81,61.6,23.4,24,84,15,2,41,2,1.04,19,37,-18,-0.77,-0.84,Matches
2382,Rúben Neves,pt POR,MF,Wolves,eng Premier League,24,1997,33,2661,81,77.8,29.6,31,86,27,2,3,0,1.33,27,34,-7,-0.24,-0.47,Matches
2383,Neymar,br BRA,"FW,MF",Paris Saint-Germain,fr Ligue 1,29,1992,22,1851,84,54.1,20.6,22,84,12,0,,0,2.09,47,23,+24,+1.17,-0.55,Matches
2384,Yvan Neyou,cm CMR,MF,Saint-Étienne,fr Ligue 1,24,1997,16,936,59,27.4,10.4,12,71,4,4,20,0,0.38,7,25,-18,-1.73,-1.11,Matches
2385,Jeremy Ngakia,,DF,Watford,eng Premier League,20,2000,16,903,56,26.4,10.0,9,81,5,7,24,17,0.63,8,19,-11,-1.10,+0.05,Matches
2386,Jessic Ngankam,de GER,FW,Greuther Fürth,de Bundesliga,21,2000,6,341,57,11.1,3.8,4,76,0,2,20,1,0.33,4,8,-4,-1.06,+0.60,Matches
2387,Simon Ngapandouetnbu,cm CMR,GK,Marseille,fr Ligue 1,18,2003,0,,,,,0,,0,0,,5,,,,,,,Matches
2388,Opa Nguette,sn SEN,"MF,FW",Metz,fr Ligue 1,27,1994,26,1048,40,30.6,11.6,10,70,0,16,22,5,0.81,14,24,-10,-0.86,+0.05,Matches
2389,Aurélien Nguiamba,fr FRA,MF,Spezia,it Serie A,22,1999,3,51,17,1.5,0.6,0,,0,3,17,17,0.33,0,1,-1,-1.76,-0.99,Matches
2390,Sikou Niakaté,ml MLI,DF,Metz,fr Ligue 1,22,1999,12,661,55,19.3,7.3,8,68,4,4,29,14,1.25,11,11,0,0.00,+1.11,Matches
2391,Moussa Niakhate,sn SEN,DF,Mainz 05,de Bundesliga,25,1996,30,2567,86,83.9,28.5,29,88,28,1,15,0,1.40,45,37,+8,+0.28,+0.83,Matches
2392,Ibrahima Niane,sn SEN,FW,Metz,fr Ligue 1,22,1999,26,1582,61,46.3,17.6,20,69,6,6,35,8,0.85,19,28,-9,-0.51,+0.71,Matches
2393,M'Baye Niang,sn SEN,FW,Bordeaux,fr Ligue 1,26,1994,22,777,35,22.7,8.6,7,70,1,15,19,4,0.50,9,18,-9,-1.04,-0.02,Matches
2394,Tanguy Nianzou,fr FRA,DF,Bayern Munich,de Bundesliga,19,2002,17,582,34,19.0,6.5,6,70,3,11,15,14,2.53,18,4,+14,+2.16,+0.49,Matches
2395,Cheikh Niasse,sn SEN,MF,Lille,fr Ligue 1,21,2000,4,44,11,1.3,0.5,0,,0,4,11,10,2.50,0,2,-2,-4.09,-4.14,Matches
2396,Florian Niederlechner,de GER,FW,Augsburg,de Bundesliga,30,1990,26,1165,45,38.1,12.9,13,64,1,13,25,1,1.00,19,27,-8,-0.62,-0.19,Matches
2397,Håvard Nielsen,no NOR,"FW,MF",Greuther Fürth,de Bundesliga,28,1993,26,1367,53,44.7,15.2,14,70,2,12,32,0,0.65,13,43,-30,-1.98,-0.70,Matches
2398,Saúl Ñíguez,es ESP,MF,Chelsea,eng Premier League,26,1994,10,480,48,14.0,5.3,5,72,3,5,24,23,2.40,14,6,+8,+1.50,+0.43,Matches
2399,Saúl Ñíguez,es ESP,MF,Atlético Madrid,es La Liga,26,1994,3,201,67,5.9,2.2,2,90,2,1,21,0,2.33,4,2,+2,+0.90,+0.34,Matches
2400,Dimitris Nikolaou,gr GRE,DF,Spezia,it Serie A,22,1998,36,3240,90,94.7,36.0,36,90,36,0,,1,1.00,39,64,-25,-0.69,+1.81,Matches
2401,Joakim Nilsson,se SWE,DF,Arminia,de Bundesliga,27,1994,31,2735,88,89.4,30.4,31,88,27,0,,2,0.90,25,45,-20,-0.66,+1.00,Matches
2402,Casimir Ninga,td CHA,FW,Angers,fr Ligue 1,28,1993,16,409,26,12.0,4.5,3,76,0,13,14,15,0.81,2,6,-4,-0.88,-0.67,Matches
2403,Fernando Niño,es ESP,FW,Mallorca,es La Liga,20,2000,23,884,38,25.8,9.8,9,69,2,14,19,12,0.87,9,20,-11,-1.12,-0.55,Matches
2404,Justin Njinmah,de GER,"FW,MF",Dortmund,de Bundesliga,20,2000,0,,,,,0,,0,0,,1,,,,,,,Matches
2405,Eddie Nketiah,eng ENG,FW,Arsenal,eng Premier League,22,1999,21,835,40,24.4,9.3,8,82,4,13,14,5,1.76,18,18,0,0.00,-0.45,Matches
2406,Nicolas Nkoulou,cm CMR,DF,Watford,eng Premier League,31,1990,3,168,56,4.9,1.9,2,77,1,1,15,2,2.00,6,2,+4,+2.14,+3.44,Matches
2407,Niels Nkounkou,fr FRA,"DF,MF",Everton,eng Premier League,20,2000,0,,,,,0,,0,0,,1,,,,,,,Matches
2408,Christopher Nkunku,fr FRA,"MF,FW",RB Leipzig,de Bundesliga,23,1997,34,2723,80,89.0,30.3,31,84,18,3,41,0,1.71,65,34,+31,+1.02,-0.04,Matches
2409,Felix Nmecha,de GER,MF,Wolfsburg,de Bundesliga,20,2000,16,323,20,10.6,3.6,1,58,0,15,18,11,1.06,3,6,-3,-0.84,-0.57,Matches
2410,Lukas Nmecha,de GER,"FW,MF",Wolfsburg,de Bundesliga,22,1998,25,1627,65,53.2,18.1,18,80,7,7,26,0,1.24,26,30,-4,-0.22,+0.22,Matches
2411,Mark Noble,eng ENG,MF,West Ham United,eng Premier League,34,1987,11,332,30,9.7,3.7,3,76,1,8,13,22,1.45,5,5,0,0.00,-0.26,Matches
2412,Peru Nolaskoain,es ESP,"DF,MF",Athletic Club,es La Liga,22,1998,1,1,1,0.0,0.0,0,,0,1,1,1,3.00,0,0,0,0.00,-0.18,Matches
2413,Nolito,es ESP,MF,Celta Vigo,es La Liga,34,1986,32,1384,43,40.5,15.4,15,65,1,17,24,4,1.19,12,21,-9,-0.59,-0.98,Matches
2414,Arnaud Nordin,fr FRA,"MF,FW",Saint-Étienne,fr Ligue 1,23,1998,36,1874,52,54.8,20.8,20,70,3,16,30,0,0.89,26,41,-15,-0.72,+0.44,Matches
2415,Håvard Nordtveit,no NOR,DF,Hoffenheim,de Bundesliga,31,1990,11,304,28,9.9,3.4,1,90,1,10,21,8,1.55,4,7,-3,-0.89,-0.92,Matches
2416,Mathias Normann,no NOR,MF,Norwich City,eng Premier League,25,1996,23,1645,72,48.1,18.3,20,78,10,3,30,1,0.65,13,40,-27,-1.48,+0.25,Matches
2417,Will Norris,eng ENG,GK,Burnley,eng Premier League,27,1993,0,,,,,0,,0,0,,9,,,,,,,Matches
2418,Connor Noß,ie IRL,MF,Gladbach,de Bundesliga,20,2001,3,52,17,1.7,0.6,0,,0,3,17,19,1.67,1,2,-1,-1.73,-1.55,Matches
2419,Hugo Novoa,es ESP,MF,RB Leipzig,de Bundesliga,18,2003,8,136,17,4.4,1.5,1,54,0,7,12,15,2.38,2,0,+2,+1.32,+0.31,Matches
2420,Soma Novothny,hu HUN,FW,Bochum,de Bundesliga,27,1994,6,80,13,2.6,0.9,0,,0,6,13,6,1.00,3,0,+3,+3.38,+3.89,Matches
2421,Jean-Pierre Nsame,cm CMR,FW,Venezia,it Serie A,28,1993,11,245,22,7.2,2.7,1,63,0,10,18,4,0.36,2,4,-2,-0.73,+0.20,Matches
2422,Gael Nsombi,fr FRA,FW,Lyon,fr Ligue 1,18,2003,0,,,,,0,,0,0,,2,,,,,,,Matches
2423,Randy Nteka,ao ANG,"MF,FW",Rayo Vallecano,es La Liga,23,1997,34,1462,43,42.7,16.2,16,68,0,18,21,1,1.12,19,20,-1,-0.06,+0.40,Matches
2424,Alexander Nübel,de GER,GK,Monaco,fr Ligue 1,24,1996,38,3420,90,100.0,38.0,38,90,38,0,,0,1.82,65,40,+25,+0.66,,Matches
2425,Kasim Nuhu,gh GHA,DF,Hoffenheim,de Bundesliga,26,1995,3,5,2,0.2,0.1,0,,0,3,2,9,1.33,0,0,0,0.00,+0.06,Matches
2426,Unai Núñez,es ESP,DF,Athletic Club,es La Liga,24,1997,9,622,69,18.2,6.9,7,84,6,2,19,24,0.89,8,11,-3,-0.43,-0.76,Matches
2427,Hans Nunoo Sarpei,gh GHA,DF,Greuther Fürth,de Bundesliga,22,1998,8,643,80,21.0,7.1,7,87,6,1,33,9,0.13,7,22,-15,-2.10,-0.65,Matches
2428,Bram Nuytinck,nl NED,DF,Udinese,it Serie A,31,1990,27,2033,75,59.4,22.6,23,85,17,4,21,6,1.26,37,36,+1,+0.04,-0.09,Matches
2429,Simeon Nwankwo,ng NGA,FW,Salernitana,it Serie A,29,1992,19,842,44,24.6,9.4,10,65,2,9,22,0,0.42,7,26,-19,-2.03,-1.12,Matches
2430,Gerzino Nyamsi,cm CMR,DF,Strasbourg,fr Ligue 1,24,1997,34,2984,88,87.3,33.2,33,90,33,1,14,0,1.74,54,33,+21,+0.63,+1.46,Matches
2431,Allan Nyom,cm CMR,DF,Getafe,es La Liga,33,1988,5,244,49,7.1,2.7,3,76,1,2,8,14,1.60,3,3,0,0.00,+0.23,Matches
2432,M'Bala Nzola,ao ANG,FW,Spezia,it Serie A,24,1996,21,1068,51,31.2,11.9,10,87,8,11,18,5,0.95,12,20,-8,-0.67,+0.17,Matches
2433,Christian Nørgaard,dk DEN,MF,Brentford,eng Premier League,27,1994,35,3054,87,89.3,33.9,35,87,30,0,,0,1.29,44,51,-7,-0.21,+0.04,Matches
2434,Tommi O'Reilly,eng ENG,MF,Aston Villa,eng Premier League,17,2003,0,,,,,0,,0,0,,4,,,,,,,Matches
2435,Adam Obert,sk SVK,DF,Cagliari,it Serie A,18,2002,6,274,46,8.0,3.0,3,78,1,3,14,17,0.83,3,3,0,0.00,+0.97,Matches
2436,Joel Obi,ng NGA,MF,Salernitana,it Serie A,30,1991,21,1143,54,33.4,12.7,12,72,3,9,31,11,0.43,8,26,-18,-1.42,-0.35,Matches
2437,Jan Oblak,si SVN,GK,Atlético Madrid,es La Liga,28,1993,38,3420,90,100.0,38.0,38,90,38,0,,0,1.87,65,43,+22,+0.58,,Matches
2438,Marvin Obuz,de GER,MF,Köln,de Bundesliga,19,2002,0,,,,,0,,0,0,,4,,,,,,,Matches
2439,Lucas Ocampos,ar ARG,"FW,MF",Sevilla,es La Liga,27,1994,30,2125,71,62.1,23.6,23,84,14,7,28,1,1.73,30,20,+10,+0.42,-0.48,Matches
2440,Bastian Oczipka,de GER,"MF,DF",Union Berlin,de Bundesliga,32,1989,18,932,52,30.5,10.4,9,89,5,9,15,9,1.78,17,18,-1,-0.10,-0.39,Matches
2441,Brian Oddei,it ITA,FW,Sassuolo,it Serie A,18,2002,2,8,4,0.2,0.1,0,,0,2,4,11,1.50,1,0,+1,+11.25,+11.33,Matches
2442,Álvaro Odriozola,es ESP,DF,Fiorentina,it Serie A,25,1995,25,1733,69,50.7,19.3,18,84,12,7,32,5,1.56,34,28,+6,+0.31,+0.20,Matches
2443,Álvaro Odriozola,es ESP,DF,Real Madrid,es La Liga,25,1995,0,,,,,0,,0,0,,2,,,,,,,Matches
2444,Odeluga Offiah,eng ENG,DF,Brighton,eng Premier League,18,2002,0,,,,,0,,0,0,,9,,,,,,,Matches
2445,Angelo Ogbonna,it ITA,DF,West Ham United,eng Premier League,33,1988,11,921,84,26.9,10.2,11,84,10,0,,0,2.09,21,11,+10,+0.98,+1.01,Matches
2446,Florent Ogier,fr FRA,DF,Clermont Foot,fr Ligue 1,32,1989,30,2429,81,71.0,27.0,29,84,23,1,1,5,0.90,30,45,-15,-0.56,+0.90,Matches
2447,Mazeed Ogungbo,ie IRL,DF,Arsenal,eng Premier League,18,2002,0,,,,,0,,0,0,,2,,,,,,,Matches
2448,Stefano Okaka,it ITA,FW,Udinese,it Serie A,31,1989,2,22,11,0.6,0.2,0,,0,2,11,0,2.00,2,0,+2,+8.18,+8.16,Matches
2449,David Okereke,ng NGA,"FW,MF",Venezia,it Serie A,23,1997,32,2053,64,60.0,22.8,24,76,8,8,28,0,0.72,19,40,-21,-0.92,0.00,Matches
2450,Armstrong Okoflex,ie IRL,MF,West Ham United,eng Premier League,19,2002,0,,,,,0,,0,0,,10,,,,,,,Matches
2451,Arthur Okonkwo,eng ENG,GK,Arsenal,eng Premier League,19,2001,0,,,,,0,,0,0,,7,,,,,,,Matches
2452,Yllan Okou,fr FRA,DF,Monaco,fr Ligue 1,18,2002,0,,,,,0,,0,0,,2,,,,,,,Matches
2453,Masaya Okugawa,jp JPN,"MF,FW",Arminia,de Bundesliga,25,1996,33,2531,77,82.7,28.1,30,82,13,3,23,1,0.85,23,37,-14,-0.50,+1.54,Matches
2454,Olasagasti,es ESP,MF,Real Sociedad,es La Liga,20,2000,0,,,,,0,,0,0,,1,,,,,,,Matches
2455,Lucas Olaza,uy URU,"DF,MF",Elche,es La Liga,27,1994,5,295,59,8.6,3.3,3,90,3,2,13,10,1.80,5,4,+1,+0.31,+0.68,Matches
2456,Oier Olazábal,es ESP,GK,Espanyol,es La Liga,31,1989,2,135,68,3.9,1.5,1,90,1,1,45,22,1.50,0,1,-1,-0.67,-0.34,Matches
2457,Mathias Olesen,lu LUX,MF,Köln,de Bundesliga,20,2001,3,17,6,0.6,0.2,0,,0,3,6,6,2.33,0,0,0,0.00,-0.09,Matches
2458,Michael Olise,fr FRA,"FW,MF",Crystal Palace,eng Premier League,19,2001,26,1141,44,33.4,12.7,12,76,4,14,16,2,1.23,18,14,+4,+0.32,+0.32,Matches
2459,Christian Oliva,uy URU,MF,Cagliari,it Serie A,25,1996,4,48,12,1.4,0.5,0,,0,4,12,14,0.25,0,1,-1,-1.87,-0.99,Matches
2460,Brian Oliván,es ESP,DF,Mallorca,es La Liga,27,1994,28,2189,78,64.0,24.3,24,89,22,4,13,8,1.18,24,39,-15,-0.62,+0.26,Matches
2461,Sérgio Oliveira,pt POR,MF,Roma,it Serie A,29,1992,14,892,64,26.1,9.9,13,68,2,1,7,1,1.86,12,13,-1,-0.10,-0.71,Matches
2462,Mathías Olivera,uy URU,"DF,MF",Getafe,es La Liga,23,1997,32,2803,88,82.0,31.1,32,88,28,0,,0,1.06,24,28,-4,-0.13,+0.46,Matches
2463,Jan Oliveras,es ESP,DF,Roma,it Serie A,17,2004,0,,,,,0,,0,0,,1,,,,,,,Matches
2464,Andrea Oliveri,it ITA,MF,Atalanta,it Serie A,18,2003,0,,,,,0,,0,0,,4,,,,,,,Matches
2465,Dani Olmo,es ESP,"MF,FW",RB Leipzig,de Bundesliga,23,1998,19,743,39,24.3,8.3,7,71,1,12,21,1,1.84,22,14,+8,+0.97,-0.08,Matches
2466,Robin Olsen,se SWE,GK,Aston Villa,eng Premier League,31,1990,1,90,90,2.6,1.0,1,90,1,0,,17,0.00,2,3,-1,-1.00,-0.97,Matches
2467,Warmed Omari,km COM,DF,Rennes,fr Ligue 1,21,2000,34,2796,82,81.8,31.1,31,89,28,3,16,3,1.65,73,35,+38,+1.22,+0.65,Matches
2468,Jonas Omlin,ch SUI,GK,Montpellier,fr Ligue 1,27,1994,29,2587,89,75.6,28.7,29,89,27,0,,0,1.17,35,41,-6,-0.21,+0.44,Matches
2469,Andrew Omobamidele,ie IRL,DF,Norwich City,eng Premier League,19,2002,5,382,76,11.2,4.2,4,90,4,1,22,9,0.60,3,9,-6,-1.41,+0.22,Matches
2470,Tobi Omole,eng ENG,DF,Tottenham Hotspur,eng Premier League,21,1999,0,,,,,0,,0,0,,1,,,,,,,Matches
2471,Amadou Onana,be BEL,MF,Lille,fr Ligue 1,19,2001,32,1359,42,39.7,15.1,11,83,6,21,21,4,1.59,23,17,+6,+0.40,+0.66,Matches
2472,Jean Onana,cm CMR,MF,Bordeaux,fr Ligue 1,21,2000,23,1832,80,53.6,20.4,23,80,9,0,,1,0.65,31,47,-16,-0.79,+0.52,Matches
2473,Jean Onana,cm CMR,MF,Lille,fr Ligue 1,21,2000,0,,,,,0,,0,0,,1,,,,,,,Matches
2474,Karim Onisiwo,at AUT,FW,Mainz 05,de Bundesliga,29,1992,31,2361,76,77.2,26.2,28,82,10,3,26,0,1.35,39,35,+4,+0.15,+0.02,Matches
2475,Javier Ontiveros,es ESP,"FW,MF",Osasuna,es La Liga,23,1997,3,39,13,1.1,0.4,0,,0,3,13,10,0.00,0,2,-2,-4.62,-4.30,Matches
2476,Tyler Onyango,eng ENG,MF,Everton,eng Premier League,18,2003,3,28,9,0.8,0.3,0,,0,3,9,2,0.33,0,0,0,0.00,+0.61,Matches
2477,Frank Onyeka,ng NGA,MF,Brentford,eng Premier League,23,1998,20,1045,52,30.6,11.6,12,72,1,8,23,6,1.40,12,19,-7,-0.60,-0.56,Matches
2478,Willi Orban,hu HUN,DF,RB Leipzig,de Bundesliga,28,1992,30,2642,88,86.3,29.4,30,88,26,0,,0,1.73,63,29,+34,+1.16,+0.94,Matches
2479,Jandro Orellana,es ESP,MF,Barcelona,es La Liga,20,2000,0,,,,,0,,0,0,,3,,,,,,,Matches
2480,Divock Origi,be BEL,"FW,MF",Liverpool,eng Premier League,26,1995,7,133,19,3.9,1.5,0,,0,7,19,11,2.57,11,0,+11,+7.44,+5.88,Matches
2481,Riccardo Orsolini,it ITA,"FW,MF",Bologna,it Serie A,24,1997,29,1785,62,52.2,19.8,21,77,6,8,20,8,1.03,21,24,-3,-0.15,+0.29,Matches
2482,Stefan Ortega,de GER,GK,Arminia,de Bundesliga,28,1992,33,2970,90,97.1,33.0,33,90,33,0,,0,0.76,25,53,-28,-0.85,-2.85,Matches
2483,Pedro Ortiz,es ESP,MF,Sevilla,es La Liga,20,2000,1,7,7,0.2,0.1,0,,0,1,7,1,3.00,0,0,0,0.00,-0.61,Matches
2484,Victor Osimhen,ng NGA,FW,Napoli,it Serie A,22,1998,27,1983,73,58.0,22.0,23,82,9,4,24,0,2.19,42,16,+26,+1.18,+0.12,Matches
2485,Milutin Osmajić,me MNE,FW,Cádiz,es La Liga,22,1999,10,257,26,7.5,2.9,2,57,0,8,18,6,0.80,2,5,-3,-1.05,-0.68,Matches
2486,David Ospina,co COL,GK,Napoli,it Serie A,32,1988,31,2790,90,81.6,31.0,31,90,31,0,,5,2.03,58,25,+33,+1.06,-0.36,Matches
2487,Patrick Osterhage,de GER,MF,Bochum,de Bundesliga,21,2000,13,599,46,19.6,6.7,6,77,3,7,20,16,0.69,9,11,-2,-0.30,+0.14,Matches
2488,Tomáš Ostrák,cz CZE,MF,Köln,de Bundesliga,21,2000,5,31,6,1.0,0.3,0,,0,5,6,14,1.60,3,2,+1,+2.90,+2.84,Matches
2489,Otávio,br BRA,MF,Bordeaux,fr Ligue 1,27,1994,16,1147,72,33.5,12.7,13,80,8,3,34,2,0.81,16,30,-14,-1.10,-0.11,Matches
2490,Paulo Otávio,br BRA,"MF,DF",Wolfsburg,de Bundesliga,26,1994,7,362,52,11.8,4.0,5,57,1,2,38,1,1.00,3,7,-4,-0.99,-0.76,Matches
2491,Dango Ouattara,bf BFA,"MF,FW",Lorient,fr Ligue 1,19,2002,25,812,32,23.7,9.0,7,76,3,18,16,1,0.80,8,18,-10,-1.11,-0.49,Matches
2492,Guemissongui Ouattara,,,Strasbourg,fr Ligue 1,16,2005,0,,,,,0,,0,0,,1,,,,,,,Matches
2493,Remi Oudin,fr FRA,"MF,FW",Bordeaux,fr Ligue 1,24,1996,33,1737,53,50.8,19.3,20,71,2,13,24,2,0.82,26,53,-27,-1.40,-0.76,Matches
2494,Alexandre Oukidja,dz ALG,GK,Metz,fr Ligue 1,33,1988,21,1875,89,54.8,20.8,21,89,19,0,,13,0.67,19,39,-20,-0.96,-0.14,Matches
2495,Salah Oulad M'Hand,nl NED,MF,Arsenal,eng Premier League,17,2003,0,,,,,0,,0,0,,5,,,,,,,Matches
2496,Azzedine Ounahi,ma MAR,MF,Angers,fr Ligue 1,21,2000,32,1633,51,47.7,18.1,16,85,10,16,17,1,0.97,19,34,-15,-0.83,-1.03,Matches
2497,Adam Ounas,dz ALG,MF,Napoli,it Serie A,24,1996,15,326,22,9.5,3.6,1,90,1,14,17,6,1.60,6,4,+2,+0.55,-0.64,Matches
2498,Jesús Owono,gq EQG,GK,Alavés,es La Liga,20,2001,1,90,90,2.6,1.0,1,90,1,0,,2,1.00,1,1,0,0.00,+0.92,Matches
2499,Reece Oxford,eng ENG,DF,Augsburg,de Bundesliga,22,1998,30,2693,90,88.0,29.9,30,90,29,0,,0,1.23,35,45,-10,-0.33,+1.38,Matches
2500,Alex Oxlade-Chamberlain,eng ENG,"MF,FW",Liverpool,eng Premier League,27,1993,17,785,46,23.0,8.7,9,64,0,8,26,12,2.41,15,7,+8,+0.92,-1.13,Matches
2501,Mikel Oyarzabal,es ESP,"MF,FW",Real Sociedad,es La Liga,24,1997,22,1671,76,48.9,18.6,19,83,11,3,30,0,1.59,18,22,-4,-0.22,-0.58,Matches
2502,Ambroise Oyongo,cm CMR,"DF,MF",Montpellier,fr Ligue 1,30,1991,11,659,60,19.3,7.3,7,81,4,4,22,11,0.91,6,14,-8,-1.09,-0.96,Matches
2503,Salih Özcan,tr TUR,MF,Köln,de Bundesliga,23,1998,31,2312,75,75.6,25.7,26,86,23,5,13,2,1.55,36,36,0,0.00,-0.36,Matches
2504,Levin Öztunalı,de GER,MF,Union Berlin,de Bundesliga,25,1996,18,572,32,18.7,6.4,5,66,0,13,19,8,1.39,6,11,-5,-0.79,-1.18,Matches
2505,Antonio Pacheco,es ESP,MF,Villarreal,es La Liga,19,2002,0,,,,,0,,0,0,,2,,,,,,,Matches
2506,Fernando Pacheco,es ESP,GK,Alavés,es La Liga,29,1992,34,3053,90,89.3,33.9,34,90,33,0,,1,0.85,29,60,-31,-0.91,-0.18,Matches
2507,Jon Pacheco,es ESP,DF,Real Sociedad,es La Liga,20,2001,10,381,38,11.1,4.2,4,79,3,6,11,25,2.00,8,4,+4,+0.94,+0.97,Matches
2508,Gonçalo Paciência,pt POR,FW,Eintracht Frankfurt,de Bundesliga,26,1994,18,516,29,16.9,5.7,4,72,2,14,16,8,0.83,4,10,-6,-1.05,-1.12,Matches
2509,Daniele Padelli,it ITA,GK,Udinese,it Serie A,35,1985,3,270,90,7.9,3.0,3,90,3,0,,34,1.00,6,8,-2,-0.67,-0.81,Matches
2510,Simone Pafundi,it ITA,FW,Udinese,it Serie A,15,2006,1,23,23,0.7,0.3,0,,0,1,23,1,3.00,0,0,0,0.00,-0.08,Matches
2511,Pablo Pagis,fr FRA,MF,Lorient,fr Ligue 1,18,2002,0,,,,,0,,0,0,,1,,,,,,,Matches
2512,Mattia Pagliuca,it ITA,FW,Bologna,it Serie A,19,2002,0,,,,,0,,0,0,,1,,,,,,,Matches
2513,Vincent Pajot,fr FRA,MF,Metz,fr Ligue 1,30,1990,30,2311,77,67.6,25.7,27,82,17,3,36,0,0.80,23,45,-22,-0.86,+0.12,Matches
2514,Exequiel Palacios,ar ARG,MF,Leverkusen,de Bundesliga,22,1998,23,1097,48,35.8,12.2,12,74,3,11,19,3,1.83,25,15,+10,+0.82,-0.23,Matches
2515,Helibelton Palacios,co COL,DF,Elche,es La Liga,28,1993,26,1931,74,56.5,21.5,22,84,17,4,21,5,0.96,22,28,-6,-0.28,+0.08,Matches
2516,Isaac Palazón Camacho,es ESP,MF,Rayo Vallecano,es La Liga,26,1994,34,2288,67,66.9,25.4,27,76,7,7,35,1,1.21,26,26,0,0.00,+0.87,Matches
2517,Nicolas Pallois,fr FRA,DF,Nantes,fr Ligue 1,33,1987,30,2447,82,71.5,27.2,29,84,25,1,5,1,1.50,39,31,+8,+0.29,+0.39,Matches
2518,Cole Palmer,eng ENG,FW,Manchester City,eng Premier League,19,2002,4,123,31,3.6,1.4,1,86,0,3,12,20,3.00,6,0,+6,+4.39,+2.56,Matches
2519,Erik Palmer-Brown,us USA,DF,Troyes,fr Ligue 1,24,1997,21,1734,83,50.7,19.3,19,88,15,2,34,5,1.00,17,26,-9,-0.47,-0.09,Matches
2520,Emerson Palmieri,it ITA,"DF,MF",Chelsea,eng Premier League,26,1994,1,5,5,0.1,0.1,0,,0,1,5,0,3.00,0,0,0,0.00,-1.13,Matches
2521,Emerson Palmieri,it ITA,"DF,MF",Lyon,fr Ligue 1,26,1994,29,2264,78,66.2,25.2,26,84,19,3,31,4,1.59,42,39,+3,+0.12,-0.81,Matches
2522,Luca Palmiero,it ITA,MF,Napoli,it Serie A,25,1996,0,,,,,0,,0,0,,2,,,,,,,Matches
2523,Luigi Palomba,it ITA,DF,Cagliari,it Serie A,18,2003,0,,,,,0,,0,0,,1,,,,,,,Matches
2524,Martin Palumbo,no NOR,MF,Udinese,it Serie A,19,2002,0,,,,,0,,0,0,,1,,,,,,,Matches
2525,Martin Palumbo,no NOR,MF,Juventus,it Serie A,19,2002,1,13,13,0.4,0.1,0,,0,1,13,0,1.00,0,1,-1,-6.92,-7.48,Matches
2526,Simone Panada,it ITA,MF,Atalanta,it Serie A,19,2002,0,,,,,0,,0,0,,2,,,,,,,Matches
2527,Goran Pandev,mk MKD,FW,Genoa,it Serie A,38,1983,20,843,42,24.6,9.4,7,69,2,13,28,3,0.55,11,19,-8,-0.85,+0.02,Matches
2528,Yannick Pandor,km COM,GK,Lens,fr Ligue 1,20,2001,0,,,,,0,,0,0,,6,,,,,,,Matches
2529,Ivor Pandur,hr CRO,GK,Hellas Verona,it Serie A,21,2000,3,270,90,7.9,3.0,3,90,3,0,,20,1.00,5,6,-1,-0.33,-0.53,Matches
2530,Miloš Pantović,rs SRB,"MF,FW",Bochum,de Bundesliga,25,1996,28,1533,55,50.1,17.0,18,72,3,10,24,4,1.36,18,22,-4,-0.23,+0.35,Matches
2531,Antonios Papadopoulos,de GER,"DF,MF",Dortmund,de Bundesliga,21,1999,2,17,9,0.6,0.2,0,,0,2,9,9,1.50,0,1,-1,-5.29,-6.30,Matches
2532,Merveille Papela,de GER,MF,Mainz 05,de Bundesliga,20,2001,5,83,17,2.7,0.9,0,,0,5,17,10,0.60,1,2,-1,-1.08,-1.27,Matches
2533,Lucas Paquetá,br BRA,"MF,FW",Lyon,fr Ligue 1,23,1997,35,2699,77,78.9,30.0,32,82,18,3,24,1,1.57,54,39,+15,+0.50,+0.50,Matches
2534,Rubén Pardo,es ESP,MF,Bordeaux,fr Ligue 1,28,1992,1,6,6,0.2,0.1,0,,0,1,6,1,1.00,0,0,0,0.00,+1.03,Matches
2535,Aitor Paredes,es ESP,DF,Athletic Club,es La Liga,21,2000,0,,,,,0,,0,0,,4,,,,,,,Matches
2536,Kevin Paredes,us USA,MF,Wolfsburg,de Bundesliga,18,2003,2,16,8,0.5,0.2,0,,0,2,8,5,3.00,0,0,0,0.00,+0.33,Matches
2537,Leandro Paredes,ar ARG,MF,Paris Saint-Germain,fr Ligue 1,27,1994,15,838,56,24.5,9.3,10,77,3,5,13,3,2.40,21,6,+15,+1.61,+0.25,Matches
2538,Daniel Parejo,es ESP,MF,Villarreal,es La Liga,32,1989,33,2704,82,79.1,30.0,32,83,23,1,35,1,1.58,54,32,+22,+0.73,+0.23,Matches
2539,Fabiano Parisi,it ITA,DF,Empoli,it Serie A,20,2000,25,1477,59,43.2,16.4,16,80,9,9,22,7,1.12,22,27,-5,-0.30,+0.39,Matches
2540,Raúl Parra,es ESP,DF,Cádiz,es La Liga,21,1999,2,88,44,2.6,1.0,1,75,0,1,13,8,2.00,2,1,+1,+1.02,+1.48,Matches
2541,Thomas Partey,gh GHA,MF,Arsenal,eng Premier League,28,1993,24,2028,85,59.3,22.5,23,87,17,1,29,0,2.08,40,25,+15,+0.67,+0.79,Matches
2542,Mario Pašalić,hr CRO,"MF,FW",Atalanta,it Serie A,26,1995,37,2002,54,58.5,22.2,24,74,5,13,18,0,1.57,41,19,+22,+0.99,+1.31,Matches
2543,Felix Passlack,de GER,DF,Dortmund,de Bundesliga,23,1998,10,472,47,15.4,5.2,5,78,2,5,17,17,1.90,12,9,+3,+0.57,-0.47,Matches
2544,Alfonso Pastor,es ESP,GK,Sevilla,es La Liga,20,2000,0,,,,,0,,0,0,,7,,,,,,,Matches
2545,Javier Pastore,ar ARG,MF,Elche,es La Liga,32,1989,13,525,40,15.4,5.8,6,61,0,7,23,12,0.50,3,12,-9,-1.54,-1.45,Matches
2546,Charlie Patino,eng ENG,MF,Arsenal,eng Premier League,17,2003,0,,,,,0,,0,0,,6,,,,,,,Matches
2547,Patric,es ESP,DF,Lazio,it Serie A,28,1993,24,1649,69,48.2,18.3,19,81,11,5,23,11,1.80,40,27,+13,+0.71,+0.40,Matches
2548,Rui Patrício,pt POR,GK,Roma,it Serie A,33,1988,38,3420,90,100.0,38.0,38,90,38,0,,0,1.66,59,43,+16,+0.42,,Matches
2549,Nathan Patterson,sct SCO,DF,Everton,eng Premier League,19,2001,0,,,,,0,,0,0,,6,,,,,,,Matches
2550,Paulinho,br BRA,MF,Leverkusen,de Bundesliga,21,2000,24,1218,51,39.8,13.5,14,74,3,10,18,8,1.79,30,19,+11,+0.81,-0.26,Matches
2551,Gabriel Paulista,br BRA,DF,Valencia,es La Liga,30,1990,19,1592,84,46.5,17.7,19,84,15,0,,2,1.42,22,17,+5,+0.28,+0.78,Matches
2552,Benjamin Pavard,fr FRA,"DF,MF",Bayern Munich,de Bundesliga,25,1996,25,2076,83,67.8,23.1,24,86,18,1,22,3,2.28,58,25,+33,+1.43,-1.04,Matches
2553,Strahinja Pavlović,rs SRB,DF,Monaco,fr Ligue 1,20,2001,7,451,64,13.2,5.0,5,87,4,2,7,10,1.57,7,7,0,0.00,-0.76,Matches
2554,Leonardo Pavoletti,it ITA,FW,Cagliari,it Serie A,32,1988,33,1518,46,44.4,16.9,14,80,5,19,21,2,0.79,14,30,-16,-0.95,-0.10,Matches
2555,Dimitri Payet,fr FRA,"FW,MF",Marseille,fr Ligue 1,34,1987,31,2592,84,75.8,28.8,28,89,22,3,37,0,1.87,45,30,+15,+0.52,-0.57,Matches
2556,Yeferson Paz,co COL,DF,Sassuolo,it Serie A,19,2002,0,,,,,0,,0,0,,3,,,,,,,Matches
2557,Myles Peart-Harris,eng ENG,MF,Brentford,eng Premier League,18,2002,0,,,,,0,,0,0,,4,,,,,,,Matches
2558,Damiano Pecile,ca CAN,MF,Venezia,it Serie A,19,2002,0,,,,,0,,0,0,,2,,,,,,,Matches
2559,Mads Pedersen,dk DEN,"MF,DF",Augsburg,de Bundesliga,24,1996,29,1391,48,45.5,15.5,15,69,2,14,26,2,1.31,18,26,-8,-0.52,-0.03,Matches
2560,Alfonso Pedraza,es ESP,DF,Villarreal,es La Liga,25,1996,28,1701,61,49.7,18.9,19,78,8,9,24,9,1.50,33,18,+15,+0.79,+0.22,Matches
2561,Pedri,es ESP,MF,Barcelona,es La Liga,18,2002,12,885,74,25.9,9.8,10,82,4,2,33,0,2.67,28,9,+19,+1.93,+1.54,Matches
2562,Pedro,es ESP,FW,Lazio,it Serie A,34,1987,32,2033,64,59.4,22.6,25,73,10,7,31,0,1.66,47,39,+8,+0.35,-0.36,Matches
2563,João Pedro,it ITA,FW,Cagliari,it Serie A,29,1992,37,3323,90,97.2,36.9,37,90,35,0,,0,0.73,32,67,-35,-0.95,-1.88,Matches
2564,Adrià Pedrosa,es ESP,DF,Espanyol,es La Liga,23,1998,31,2720,88,79.5,30.2,31,88,27,0,,0,1.23,34,40,-6,-0.20,+0.70,Matches
2565,Gianluca Pegolo,it ITA,GK,Sassuolo,it Serie A,40,1981,1,90,90,2.6,1.0,1,90,1,0,,37,0.00,0,3,-3,-3.00,-3.03,Matches
2566,Peter Pekarík,sk SVK,DF,Hertha BSC,de Bundesliga,34,1986,27,2234,83,73.0,24.8,26,84,20,1,45,4,0.85,27,50,-23,-0.93,+0.27,Matches
2567,Pietro Pellegri,it ITA,FW,Torino,it Serie A,20,2001,9,216,24,6.3,2.4,1,70,0,8,18,3,1.00,1,5,-4,-1.67,-1.92,Matches
2568,Pietro Pellegri,it ITA,FW,Milan,it Serie A,20,2001,6,131,22,3.8,1.5,1,14,0,5,23,6,2.50,5,2,+3,+2.06,+1.10,Matches
2569,Lorenzo Pellegrini,it ITA,MF,Roma,it Serie A,25,1996,28,2289,82,66.9,25.4,27,84,15,1,32,0,1.64,40,30,+10,+0.39,-0.08,Matches
2570,Luca Pellegrini,it ITA,"DF,MF",Juventus,it Serie A,22,1999,18,1107,62,32.4,12.3,15,68,4,3,28,17,2.22,21,8,+13,+1.06,+0.78,Matches
2571,Facundo Pellistri,uy URU,"MF,FW",Alavés,es La Liga,19,2001,21,672,32,19.6,7.5,6,62,0,15,20,14,0.76,4,10,-6,-0.80,+0.11,Matches
2572,Federico Peluso,it ITA,DF,Sassuolo,it Serie A,37,1984,2,11,6,0.3,0.1,0,,0,2,6,33,1.50,0,0,0,0.00,+0.05,Matches
2573,Timothee Pembele,fr FRA,"DF,MF",Bordeaux,fr Ligue 1,18,2002,26,1414,54,41.3,15.7,17,74,5,9,18,2,0.96,18,35,-17,-1.08,-0.09,Matches
2574,Iñaki Peña,es ESP,GK,Barcelona,es La Liga,22,1999,0,,,,,0,,0,0,,18,,,,,,,Matches
2575,Rubén Peña,es ESP,MF,Villarreal,es La Liga,30,1991,7,132,19,3.9,1.5,1,68,0,6,11,18,1.57,1,0,+1,+0.68,0.00,Matches
2576,Nicolas Penneteau,fr FRA,GK,Reims,fr Ligue 1,40,1981,0,,,,,0,,0,0,,11,,,,,,,Matches
2577,Philipp Pentke,de GER,GK,Hoffenheim,de Bundesliga,36,1985,1,90,90,2.9,1.0,1,90,1,0,,16,3.00,6,3,+3,+3.00,+3.15,Matches
2578,Nicolas Pépé,ci CIV,MF,Arsenal,eng Premier League,26,1995,20,696,35,20.4,7.7,5,90,5,15,16,15,1.90,11,9,+2,+0.26,-0.10,Matches
2579,Ricardo Pepi,us USA,"FW,MF",Augsburg,de Bundesliga,18,2003,11,477,43,15.6,5.3,4,71,0,7,27,5,0.73,5,8,-3,-0.57,-0.08,Matches
2580,Alberto Perea,es ESP,MF,Cádiz,es La Liga,30,1990,18,777,43,22.7,8.6,8,72,3,10,20,12,0.61,7,16,-9,-1.04,-0.80,Matches
2581,Andreas Pereira,br BRA,MF,Manchester Utd,eng Premier League,25,1996,0,,,,,0,,0,0,,1,,,,,,,Matches
2582,Brayann Pereira,fr FRA,DF,Lens,fr Ligue 1,18,2003,2,15,8,0.4,0.2,0,,0,2,8,6,0.50,0,0,0,0.00,-0.37,Matches
2583,Danilo Pereira,pt POR,MF,Paris Saint-Germain,fr Ligue 1,29,1991,27,2038,75,59.6,22.6,22,88,19,5,21,9,2.33,57,24,+33,+1.46,+0.09,Matches
2584,Mathias Pereira Lage,pt POR,"MF,DF",Angers,fr Ligue 1,24,1996,24,1040,43,30.4,11.6,11,79,2,13,13,9,1.08,15,21,-6,-0.52,-0.33,Matches
2585,Ricardo Pereira,pt POR,"DF,MF",Leicester City,eng Premier League,27,1993,14,991,71,29.0,11.0,13,75,9,1,21,10,1.57,19,20,-1,-0.09,-0.24,Matches
2586,Gastón Pereiro,uy URU,"FW,MF",Cagliari,it Serie A,26,1995,29,975,34,28.5,10.8,9,76,3,20,15,9,0.79,11,18,-7,-0.65,+0.35,Matches
2587,Luan Peres Petroni,br BRA,DF,Marseille,fr Ligue 1,27,1994,34,2679,79,78.3,29.8,29,89,26,5,18,2,1.82,50,25,+25,+0.84,+0.84,Matches
2588,Dor Peretz,il ISR,MF,Venezia,it Serie A,26,1995,18,585,33,17.1,6.5,4,69,0,14,22,16,0.72,5,12,-7,-1.08,-0.19,Matches
2589,Roberto Pereyra,ar ARG,"MF,FW",Udinese,it Serie A,30,1991,24,1794,75,52.5,19.9,22,79,13,2,33,1,1.25,32,28,+4,+0.20,+0.26,Matches
2590,Alejandro Pérez,es ESP,DF,Espanyol,es La Liga,20,2001,0,,,,,0,,0,0,,1,,,,,,,Matches
2591,Ayoze Pérez,es ESP,MF,Leicester City,eng Premier League,28,1993,14,445,32,13.0,4.9,6,54,0,8,15,18,1.14,9,12,-3,-0.61,-0.79,Matches
2592,Carles Pérez,es ESP,MF,Roma,it Serie A,23,1998,19,554,29,16.2,6.2,3,72,0,16,21,16,1.05,13,2,+11,+1.79,+1.63,Matches
2593,Charlie Perez,es ESP,GK,Valencia,es La Liga,19,2002,0,,,,,0,,0,0,,2,,,,,,,Matches
2594,Iñigo Pérez,es ESP,MF,Osasuna,es La Liga,33,1988,10,338,34,9.9,3.8,4,66,0,6,12,28,1.30,2,7,-5,-1.33,-1.07,Matches
2595,Juan Pérez,es ESP,GK,Osasuna,es La Liga,25,1996,2,180,90,5.3,2.0,2,90,2,0,,31,0.50,1,3,-2,-1.00,-0.67,Matches
2596,Kike Pérez,es ESP,"MF,FW",Elche,es La Liga,24,1997,12,519,43,15.2,5.8,5,76,0,7,20,4,1.08,7,5,+2,+0.35,+0.78,Matches
2597,Lucas Pérez,es ESP,FW,Elche,es La Liga,32,1988,18,1266,70,37.0,14.1,16,75,3,2,30,0,1.11,17,20,-3,-0.21,+0.16,Matches
2598,Lucas Pérez,es ESP,"FW,MF",Alavés,es La Liga,32,1988,0,,,,,0,,0,0,,1,,,,,,,Matches
2599,Lucas Pérez,es ESP,FW,Cádiz,es La Liga,32,1988,15,1060,71,31.0,11.8,11,86,5,4,28,1,1.20,12,10,+2,+0.17,+0.86,Matches
2600,Nehuén Pérez,ar ARG,DF,Udinese,it Serie A,21,2000,20,1692,85,49.5,18.8,19,87,15,1,36,12,1.20,31,32,-1,-0.05,-0.26,Matches
2601,Nehuén Pérez,ar ARG,DF,Atlético Madrid,es La Liga,21,2000,0,,,,,0,,0,0,,1,,,,,,,Matches
2602,Pablo Pérez,es ESP,DF,Sevilla,es La Liga,19,2001,0,,,,,0,,0,0,,1,,,,,,,Matches
2603,Mattia Perin,it ITA,GK,Juventus,it Serie A,28,1992,5,405,81,11.8,4.5,5,81,4,0,,32,1.40,7,7,0,0.00,-0.60,Matches
2604,Ivan Perišić,hr CRO,MF,Inter,it Serie A,32,1989,35,2821,81,82.5,31.3,35,81,16,0,,2,2.14,64,25,+39,+1.24,-0.71,Matches
2605,Sonny Perkins,eng ENG,"FW,MF",West Ham United,eng Premier League,17,2004,1,4,4,0.1,0.0,0,,0,1,4,4,0.00,0,0,0,0.00,-0.24,Matches
2606,Diego Perotti,ar ARG,MF,Salernitana,it Serie A,33,1988,11,287,26,8.4,3.2,1,59,0,10,23,4,0.91,3,6,-3,-0.94,+0.27,Matches
2607,Romain Perraud,fr FRA,"DF,MF",Southampton,eng Premier League,23,1997,20,1623,81,47.5,18.0,18,87,14,2,30,15,1.00,21,33,-12,-0.67,-0.06,Matches
2608,Lucas Perrin,fr FRA,DF,Strasbourg,fr Ligue 1,22,1998,31,2502,81,73.2,27.8,29,86,22,2,5,4,1.65,43,34,+9,+0.32,-0.46,Matches
2609,Mario Perrone,it ITA,DF,Salernitana,it Serie A,18,2003,1,15,15,0.4,0.2,0,,0,1,15,2,0.00,0,0,0,0.00,+1.19,Matches
2610,Pavao Pervan,at AUT,GK,Wolfsburg,de Bundesliga,33,1987,6,540,90,17.6,6.0,6,90,6,0,,28,0.50,4,14,-10,-1.67,-1.63,Matches
2611,Matteo Pessina,it ITA,"MF,FW",Atalanta,it Serie A,24,1997,27,1438,53,42.0,16.0,18,69,3,9,22,7,1.67,23,22,+1,+0.06,-0.66,Matches
2612,Andrea Petagna,it ITA,FW,Napoli,it Serie A,26,1995,24,586,24,17.1,6.5,4,75,1,20,14,11,2.17,11,6,+5,+0.77,-0.44,Matches
2613,Nils Petersen,de GER,FW,Freiburg,de Bundesliga,32,1988,22,580,26,19.0,6.4,3,67,0,19,20,5,1.68,17,10,+7,+1.09,+0.90,Matches
2614,Danijel Petković,me MNE,GK,Angers,fr Ligue 1,28,1993,15,1350,90,39.5,15.0,15,90,15,0,,22,0.80,12,22,-10,-0.67,-0.62,Matches
2615,Denis Petrić,rs SRB,GK,Nantes,fr Ligue 1,33,1988,0,,,,,0,,0,0,,21,,,,,,,Matches
2616,Léo Pétrot,fr FRA,DF,Lorient,fr Ligue 1,24,1997,22,1815,83,53.1,20.2,21,86,16,1,1,11,0.82,19,35,-16,-0.79,-0.12,Matches
2617,Njegoš Petrović,rs SRB,MF,Granada,es La Liga,22,1999,15,918,61,26.8,10.2,10,82,5,5,20,0,0.73,12,23,-11,-1.08,-0.86,Matches
2618,Jens Petter Hauge,no NOR,"MF,FW",Eintracht Frankfurt,de Bundesliga,21,1999,26,1040,40,34.0,11.6,9,75,4,17,22,3,1.00,14,17,-3,-0.26,-0.22,Matches
2619,Alex Petxa,es ESP,DF,Athletic Club,es La Liga,24,1997,17,412,24,12.0,4.6,1,90,1,16,20,19,1.59,5,8,-3,-0.66,-0.95,Matches
2620,Germán Pezzella,ar ARG,DF,Real Betis,es La Liga,30,1991,23,1988,86,58.1,22.1,22,87,18,1,77,7,1.65,32,20,+12,+0.54,-0.09,Matches
2621,Giuseppe Pezzella,it ITA,"MF,DF",Atalanta,it Serie A,23,1997,21,1072,51,31.3,11.9,10,81,5,11,24,11,1.71,18,12,+6,+0.50,+0.08,Matches
2622,Leonardo Pezzola,it ITA,DF,Empoli,it Serie A,19,2002,0,,,,,0,,0,0,,5,,,,,,,Matches
2623,Immanuel Pherai,sr SUR,"FW,MF",Dortmund,de Bundesliga,20,2001,1,1,1,0.0,0.0,0,,0,1,1,1,3.00,0,0,0,0.00,-0.97,Matches
2624,Luca Philipp,de GER,GK,Hoffenheim,de Bundesliga,20,2000,0,,,,,0,,0,0,,19,,,,,,,Matches
2625,Maximilian Philipp,de GER,MF,Wolfsburg,de Bundesliga,27,1994,22,963,44,31.5,10.7,12,64,0,10,20,8,1.27,13,13,0,0.00,+0.47,Matches
2626,Guillaume Philippe Renault,it ITA,MF,Atalanta,it Serie A,19,2002,0,,,,,0,,0,0,,1,,,,,,,Matches
2627,Romain Philippoteaux,fr FRA,"FW,MF",Brest,fr Ligue 1,33,1988,1,24,24,0.7,0.3,0,,0,1,24,3,0.00,0,1,-1,-3.75,-3.56,Matches
2628,Kalvin Phillips,eng ENG,MF,Leeds United,eng Premier League,25,1995,20,1596,80,46.7,17.7,18,86,16,2,29,3,1.20,18,25,-7,-0.39,+1.09,Matches
2629,Nathaniel Phillips,eng ENG,DF,Liverpool,eng Premier League,24,1997,0,,,,,0,,0,0,,4,,,,,,,Matches
2630,Jaden Philogene Bidace,eng ENG,"FW,MF",Aston Villa,eng Premier League,19,2002,1,5,5,0.1,0.1,0,,0,1,5,8,3.00,0,0,0,0.00,+0.05,Matches
2631,Jérôme Phojo,fr FRA,DF,Clermont Foot,fr Ligue 1,28,1993,1,6,6,0.2,0.1,0,,0,1,6,10,3.00,0,0,0,0.00,+0.82,Matches
2632,Edoardo Piana,it ITA,GK,Udinese,it Serie A,17,2003,0,,,,,0,,0,0,,8,,,,,,,Matches
2633,Krzysztof Piątek,pl POL,FW,Hertha BSC,de Bundesliga,26,1995,9,347,39,11.3,3.9,4,63,0,5,19,3,1.11,4,6,-2,-0.52,+0.54,Matches
2634,Krzysztof Piątek,pl POL,FW,Fiorentina,it Serie A,26,1995,14,733,52,21.4,8.1,9,71,1,5,18,4,1.50,7,11,-4,-0.49,-0.89,Matches
2635,Pablo Piatti,ar ARG,MF,Elche,es La Liga,32,1989,10,312,31,9.1,3.5,3,67,0,7,16,21,1.00,3,7,-4,-1.15,-0.92,Matches
2636,Cristiano Piccini,it ITA,DF,Valencia,es La Liga,28,1992,6,322,54,9.4,3.6,3,73,0,3,35,4,2.00,7,9,-2,-0.56,-0.47,Matches
2637,Roberto Piccoli,it ITA,FW,Genoa,it Serie A,20,2001,5,218,44,6.4,2.4,2,72,1,3,25,1,0.40,1,5,-4,-1.65,-0.84,Matches
2638,Roberto Piccoli,it ITA,FW,Atalanta,it Serie A,20,2001,12,196,16,5.7,2.2,1,84,0,11,10,9,1.75,4,2,+2,+0.92,+0.50,Matches
2639,Jordan Pickford,eng ENG,GK,Everton,eng Premier League,27,1994,35,3150,90,92.1,35.0,35,90,35,0,,0,1.03,41,58,-17,-0.49,+1.51,Matches
2640,Pablo Picón,es ESP,GK,Levante,es La Liga,21,2000,0,,,,,0,,0,0,,1,,,,,,,Matches
2641,Jérémy Pied,fr FRA,"DF,FW",Lille,fr Ligue 1,32,1989,2,13,7,0.4,0.1,0,,0,2,7,27,1.50,1,0,+1,+6.92,+6.95,Matches
2642,Amos Pieper,de GER,DF,Arminia,de Bundesliga,23,1998,27,2379,88,77.7,26.4,27,88,24,0,,5,0.85,21,41,-20,-0.76,+0.04,Matches
2643,Edoardo Pieragnolo,it ITA,"DF,MF",Sassuolo,it Serie A,18,2003,0,,,,,0,,0,0,,1,,,,,,,Matches
2644,Christian Pierobon,it ITA,MF,Hellas Verona,it Serie A,19,2002,0,,,,,0,,0,0,,4,,,,,,,Matches
2645,Ronaël Pierre-Gabriel,fr FRA,DF,Brest,fr Ligue 1,23,1998,30,2548,85,74.5,28.3,29,87,20,1,30,2,1.23,38,44,-6,-0.21,-0.01,Matches
2646,Erik Pieters,nl NED,DF,Burnley,eng Premier League,32,1988,12,730,61,21.3,8.1,8,86,7,4,10,13,0.92,7,5,+2,+0.25,+0.95,Matches
2647,Tomás Pina Isla,es ESP,MF,Alavés,es La Liga,33,1987,29,1444,50,42.2,16.0,16,76,3,13,17,4,0.83,12,32,-20,-1.25,-0.61,Matches
2648,Andrea Pinamonti,it ITA,FW,Empoli,it Serie A,22,1999,36,2869,80,83.9,31.9,32,87,25,4,22,0,1.06,44,59,-15,-0.47,+0.35,Matches
2649,Andrea Pinamonti,it ITA,FW,Inter,it Serie A,22,1999,0,,,,,0,,0,0,,1,,,,,,,Matches
2650,Orbelín Pineda,mx MEX,"FW,MF",Celta Vigo,es La Liga,25,1996,7,99,14,2.9,1.1,0,,0,7,14,11,0.71,1,1,0,0.00,0.00,Matches
2651,Diego Piñeiro,es ESP,GK,Real Madrid,es La Liga,17,2004,0,,,,,0,,0,0,,9,,,,,,,Matches
2652,Ethan Pinnock,jm JAM,DF,Brentford,eng Premier League,28,1993,32,2694,84,78.8,29.9,32,84,28,0,,0,1.13,35,43,-8,-0.27,-0.27,Matches
2653,Yeremi Pino,es ESP,"MF,FW",Villarreal,es La Liga,18,2002,31,1678,54,49.1,18.6,21,70,3,10,22,2,1.55,31,20,+11,+0.59,-0.18,Matches
2654,Carlo Pinsoglio,it ITA,GK,Juventus,it Serie A,31,1990,1,45,45,1.3,0.5,0,,0,1,45,35,0.00,0,1,-1,-2.00,-2.56,Matches
2655,Riccardo Pinzi,it ITA,MF,Udinese,it Serie A,17,2003,1,1,1,0.0,0.0,0,,0,1,1,3,3.00,0,0,0,0.00,-0.08,Matches
2656,Gerard Piqué,es ESP,DF,Barcelona,es La Liga,34,1987,27,2092,77,61.2,23.2,25,83,19,2,13,1,1.96,44,19,+25,+1.08,+0.74,Matches
2657,Marcelo Pitaluga,br BRA,GK,Liverpool,eng Premier League,18,2002,0,,,,,0,,0,0,,2,,,,,,,Matches
2658,Marko Pjaca,hr CRO,MF,Torino,it Serie A,26,1995,24,1149,48,33.6,12.8,13,72,4,11,20,7,1.38,16,17,-1,-0.08,-0.32,Matches
2659,Miralem Pjanić,ba BIH,MF,Barcelona,es La Liga,31,1990,0,,,,,0,,0,0,,1,,,,,,,Matches
2660,Marvin Plattenhardt,de GER,"DF,MF",Hertha BSC,de Bundesliga,29,1992,21,1637,78,53.5,18.2,19,84,16,2,19,4,1.33,20,30,-10,-0.55,+0.97,Matches
2661,Alassane Pléa,fr FRA,"MF,FW",Gladbach,de Bundesliga,28,1993,33,2070,63,67.6,23.0,24,80,12,9,15,1,1.27,41,45,-4,-0.17,+0.10,Matches
2662,Alessandro Plizzari,it ITA,GK,Milan,it Serie A,21,2000,0,,,,,0,,0,0,,2,,,,,,,Matches
2663,Tommaso Pobega,it ITA,MF,Torino,it Serie A,22,1999,33,2240,68,65.5,24.9,24,85,17,9,23,1,1.33,28,29,-1,-0.04,-0.50,Matches
2664,Tommaso Pobega,it ITA,MF,Milan,it Serie A,22,1999,0,,,,,0,,0,0,,1,,,,,,,Matches
2665,Daniel Podence,pt POR,"FW,MF",Wolves,eng Premier League,25,1995,26,1484,57,43.4,16.5,15,83,4,11,22,3,1.73,26,12,+14,+0.85,+1.73,Matches
2666,Suf Podgoreanu,il ISR,MF,Spezia,it Serie A,19,2002,5,113,23,3.3,1.3,1,58,0,4,14,13,1.20,4,5,-1,-0.80,-0.01,Matches
2667,Paul Pogba,fr FRA,MF,Manchester Utd,eng Premier League,28,1993,20,1349,67,39.4,15.0,16,78,9,4,27,0,1.50,26,22,+4,+0.27,+0.44,Matches
2668,Joel Pohjanpalo,fi FIN,FW,Leverkusen,de Bundesliga,26,1994,2,12,6,0.4,0.1,0,,0,2,6,1,2.00,1,0,+1,+7.50,+6.56,Matches
2669,Matteo Politano,it ITA,"MF,FW",Napoli,it Serie A,27,1993,33,1650,50,48.2,18.3,20,67,0,13,24,2,2.15,25,16,+9,+0.49,-1.24,Matches
2670,Julian Pollersbeck,de GER,GK,Lyon,fr Ligue 1,26,1994,6,436,73,12.7,4.8,4,90,4,2,38,29,1.83,15,6,+9,+1.86,+1.68,Matches
2671,Sebastian Polter,de GER,FW,Bochum,de Bundesliga,30,1991,33,2341,71,76.5,26.0,27,80,13,6,29,0,1.27,26,34,-8,-0.31,+0.44,Matches
2672,Ezequiel Ponce,ar ARG,FW,Elche,es La Liga,24,1997,13,667,51,19.5,7.4,5,80,3,8,33,0,1.23,11,7,+4,+0.54,+1.06,Matches
2673,Marin Pongračić,hr CRO,DF,Wolfsburg,de Bundesliga,23,1997,0,,,,,0,,0,0,,1,,,,,,,Matches
2674,Marin Pongračić,hr CRO,DF,Dortmund,de Bundesliga,23,1997,17,827,49,27.0,9.2,9,76,5,8,18,14,2.24,19,12,+7,+0.76,-0.29,Matches
2675,Pere Pons,es ESP,MF,Alavés,es La Liga,28,1993,27,1366,51,39.9,15.2,17,70,0,10,17,3,0.85,9,26,-17,-1.12,-0.38,Matches
2676,Nick Pope,eng ENG,GK,Burnley,eng Premier League,29,1992,36,3240,90,94.7,36.0,36,90,36,0,,0,0.97,32,47,-15,-0.42,+1.58,Matches
2677,Manolo Portanova,it ITA,MF,Genoa,it Serie A,21,2000,24,1322,55,38.7,14.7,17,67,2,7,27,10,0.79,5,15,-10,-0.68,+0.31,Matches
2678,Portu,es ESP,"MF,FW",Real Sociedad,es La Liga,29,1992,37,1590,43,46.5,17.7,17,71,1,20,19,1,1.68,17,16,+1,+0.06,-0.04,Matches
2679,Stefan Posch,at AUT,DF,Hoffenheim,de Bundesliga,24,1997,28,2199,79,71.9,24.4,26,84,20,2,12,4,1.57,42,40,+2,+0.08,+0.50,Matches
2680,Sergio Postigo,es ESP,DF,Levante,es La Liga,32,1988,13,848,65,24.8,9.4,10,80,6,3,18,7,1.31,13,23,-10,-1.06,-0.54,Matches
2681,Yussuf Poulsen,dk DEN,"FW,MF",RB Leipzig,de Bundesliga,27,1994,25,1079,43,35.3,12.0,12,66,2,13,22,1,2.00,23,7,+16,+1.33,+0.47,Matches
2682,Gaëtan Poussin,fr FRA,GK,Bordeaux,fr Ligue 1,22,1999,13,1170,90,34.2,13.0,13,90,13,0,,23,1.08,18,29,-11,-0.85,+0.27,Matches
2683,Darío Poveda,es ESP,FW,Getafe,es La Liga,24,1997,15,380,25,11.1,4.2,3,76,1,12,13,3,1.00,5,4,+1,+0.24,+0.50,Matches
2684,José Pozo,es ESP,"FW,MF",Rayo Vallecano,es La Liga,25,1996,5,72,14,2.1,0.8,0,,0,5,14,11,0.80,1,1,0,0.00,+0.30,Matches
2685,Alejandro Pozo Pozo,es ESP,"DF,MF",Sevilla,es La Liga,22,1999,0,,,,,0,,0,0,,1,,,,,,,Matches
2686,Dennis Praet,be BEL,MF,Torino,it Serie A,27,1994,23,1539,67,45.0,17.1,17,81,7,6,28,0,1.74,28,20,+8,+0.47,+0.61,Matches
2687,Dennis Praet,be BEL,MF,Leicester City,eng Premier League,27,1994,0,,,,,0,,0,0,,3,,,,,,,Matches
2688,Mateusz Praszelik,pl POL,MF,Hellas Verona,it Serie A,20,2000,2,25,13,0.7,0.3,0,,0,2,13,10,1.50,1,0,+1,+3.60,+3.47,Matches
2689,Abdón Prats,es ESP,FW,Mallorca,es La Liga,28,1992,23,641,28,18.7,7.1,6,61,0,17,16,14,1.04,9,16,-7,-0.98,-0.34,Matches
2690,Sanjin Prcić,ba BIH,MF,Strasbourg,fr Ligue 1,27,1993,32,2186,68,63.9,24.3,27,76,11,5,25,4,1.81,43,25,+18,+0.74,+0.81,Matches
2691,Nicolas de Préville,fr FRA,"FW,MF",Metz,fr Ligue 1,30,1991,27,1969,73,57.6,21.9,24,79,7,3,28,0,0.85,23,37,-14,-0.64,+0.60,Matches
2692,Isaac Price,nir NIR,MF,Everton,eng Premier League,17,2003,1,14,14,0.4,0.2,0,,0,1,14,4,0.00,0,1,-1,-6.43,-5.85,Matches
2693,Manuel Prietl,at AUT,"MF,DF",Arminia,de Bundesliga,29,1991,26,2123,82,69.4,23.6,23,89,22,3,26,2,0.69,17,41,-24,-1.02,-0.83,Matches
2694,Alejandro Primo,es ESP,GK,Levante,es La Liga,17,2004,1,90,90,2.6,1.0,1,90,1,0,,1,3.00,3,1,+2,+2.00,+2.73,Matches
2695,Grischa Prömel,de GER,MF,Union Berlin,de Bundesliga,26,1995,29,2422,84,79.2,26.9,28,86,21,1,19,0,1.79,42,31,+11,+0.41,+1.11,Matches
2696,Nick Proschwitz,de GER,FW,Hoffenheim,de Bundesliga,34,1986,1,27,27,0.9,0.3,0,,0,1,27,0,0.00,0,1,-1,-3.33,-3.30,Matches
2697,Ivan Provedel,it ITA,GK,Spezia,it Serie A,27,1994,31,2761,89,80.7,30.7,31,89,30,0,,7,1.03,33,52,-19,-0.62,+0.88,Matches
2698,Javi Puado,es ESP,"MF,FW",Espanyol,es La Liga,23,1998,30,2245,75,65.6,24.9,26,82,10,4,32,0,0.93,26,38,-12,-0.48,-0.40,Matches
2699,Marc Pubill,es ESP,"DF,MF",Levante,es La Liga,18,2003,11,512,47,15.0,5.7,5,79,2,6,20,9,0.73,9,17,-8,-1.41,-0.88,Matches
2700,Tymoteusz Puchacz,pl POL,"DF,MF",Union Berlin,de Bundesliga,22,1999,0,,,,,0,,0,0,,2,,,,,,,Matches
2701,Antonio Puertas,es ESP,"MF,FW",Granada,es La Liga,29,1992,33,2261,69,66.1,25.1,25,79,8,8,36,5,1.09,27,34,-7,-0.28,+0.50,Matches
2702,Riqui Puig,es ESP,MF,Barcelona,es La Liga,21,1999,15,487,32,14.2,5.4,2,90,2,13,24,23,1.73,7,4,+3,+0.55,-0.27,Matches
2703,Teemu Pukki,fi FIN,FW,Norwich City,eng Premier League,31,1990,37,3253,88,95.1,36.1,37,88,29,0,,0,0.59,22,79,-57,-1.58,+0.58,Matches
2704,Erick Pulgar,cl CHI,MF,Fiorentina,it Serie A,27,1994,6,341,57,10.0,3.8,4,80,2,2,10,6,1.50,5,6,-1,-0.26,-0.53,Matches
2705,Christian Pulisic,us USA,"MF,FW",Chelsea,eng Premier League,22,1998,22,1290,59,37.7,14.3,13,85,9,9,20,5,1.77,27,10,+17,+1.19,+0.09,Matches
2706,Afimico Pululu,cd COD,"FW,MF",Greuther Fürth,de Bundesliga,22,1999,8,70,9,2.3,0.8,0,,0,8,9,4,0.75,0,3,-3,-3.86,-2.32,Matches
2707,Ignacio Pussetto,ar ARG,"FW,MF",Udinese,it Serie A,25,1995,28,1204,43,35.2,13.4,11,68,1,17,27,7,1.14,15,23,-8,-0.60,-1.04,Matches
2708,Niklas Pyyhtiä,fi FIN,MF,Bologna,it Serie A,17,2003,1,19,19,0.6,0.2,0,,0,1,19,4,0.00,0,0,0,0.00,+0.29,Matches
2709,Przemysław Płacheta,pl POL,"MF,FW",Norwich City,eng Premier League,23,1998,12,504,42,14.7,5.6,6,71,0,6,13,12,0.33,1,12,-11,-1.96,-0.42,Matches
2710,Yacine Qasmi,ma MAR,FW,Rayo Vallecano,es La Liga,30,1991,1,4,4,0.1,0.0,0,,0,1,4,8,0.00,0,0,0,0.00,+0.29,Matches
2711,Fabio Quagliarella,it ITA,FW,Sampdoria,it Serie A,38,1983,33,1664,50,48.7,18.5,19,73,7,14,19,3,0.91,22,34,-12,-0.65,-0.39,Matches
2712,Jarell Quansah,eng ENG,DF,Liverpool,eng Premier League,18,2003,0,,,,,0,,0,0,,1,,,,,,,Matches
2713,Ferrán Quetglas,es ESP,GK,Mallorca,es La Liga,16,2005,0,,,,,0,,0,0,,3,,,,,,,Matches
2714,Quini,es ESP,DF,Granada,es La Liga,31,1989,32,2304,72,67.4,25.6,27,82,19,5,19,4,1.00,28,41,-13,-0.51,-0.19,Matches
2715,Nacho Quintana,es ESP,FW,Sevilla,es La Liga,20,2001,0,,,,,0,,0,0,,11,,,,,,,Matches
2716,Adrian Quintela,es ESP,GK,Rayo Vallecano,es La Liga,20,2001,0,,,,,0,,0,0,,1,,,,,,,Matches
2717,Dani Raba,es ESP,"FW,MF",Villarreal,es La Liga,25,1995,7,89,13,2.6,1.0,0,,0,7,13,10,1.14,0,3,-3,-3.03,-3.82,Matches
2718,Dani Raba,es ESP,"FW,MF",Granada,es La Liga,25,1995,2,26,13,0.8,0.3,0,,0,2,13,5,0.50,0,1,-1,-3.46,-3.04,Matches
2719,Adrien Rabiot,fr FRA,MF,Juventus,it Serie A,26,1995,32,2285,71,66.8,25.4,28,80,17,4,10,2,1.81,30,25,+5,+0.20,-0.99,Matches
2720,Uroš Račić,rs SRB,MF,Valencia,es La Liga,23,1998,28,1206,43,35.3,13.4,13,74,4,15,17,9,1.39,19,22,-3,-0.22,-0.14,Matches
2721,Nemanja Radoja,rs SRB,MF,Levante,es La Liga,28,1993,19,1214,64,35.5,13.5,17,70,5,2,14,13,1.05,17,27,-10,-0.74,-0.13,Matches
2722,Nemanja Radonjić,rs SRB,"FW,MF",Marseille,fr Ligue 1,25,1996,1,18,18,0.5,0.2,0,,0,1,18,1,1.00,0,0,0,0.00,-0.66,Matches
2723,Ivan Radovanović,rs SRB,"DF,MF",Salernitana,it Serie A,32,1988,14,1053,75,30.8,11.7,12,81,9,2,40,0,1.07,12,17,-5,-0.43,+1.09,Matches
2724,Ionuț Radu,ro ROU,GK,Inter,it Serie A,24,1997,1,90,90,2.6,1.0,1,90,1,0,,37,0.00,1,2,-1,-1.00,-2.43,Matches
2725,Ștefan Radu,ro ROU,DF,Lazio,it Serie A,34,1986,10,556,56,16.3,6.2,6,79,3,4,20,23,1.40,12,11,+1,+0.16,-0.40,Matches
2726,Boris Radunović,rs SRB,GK,Cagliari,it Serie A,25,1996,3,270,90,7.9,3.0,3,90,3,0,,33,0.75,2,6,-4,-1.33,-0.48,Matches
2727,Sidney Raebiger,de GER,MF,RB Leipzig,de Bundesliga,16,2005,1,4,4,0.1,0.0,0,,0,1,4,10,3.00,0,0,0,0.00,-1.03,Matches
2728,Rafinha,br BRA,"FW,MF",Paris Saint-Germain,fr Ligue 1,28,1993,5,220,44,6.4,2.4,3,72,1,2,2,9,3.00,5,2,+3,+1.23,-0.21,Matches
2729,Rafinha,br BRA,"MF,FW",Real Sociedad,es La Liga,28,1993,17,1050,62,30.7,11.7,13,71,0,4,31,0,1.53,10,10,0,0.00,-0.11,Matches
2730,Ugo Raghouber,fr FRA,MF,Lille,fr Ligue 1,18,2003,0,,,,,0,,0,0,,3,,,,,,,Matches
2731,Antonino Ragusa,it ITA,"FW,MF",Hellas Verona,it Serie A,31,1990,0,,,,,0,,0,0,,15,,,,,,,Matches
2732,Antonio Raillo,es ESP,DF,Mallorca,es La Liga,29,1991,17,1530,90,44.7,17.0,17,90,17,0,,0,1.18,20,30,-10,-0.59,+0.22,Matches
2733,Antonio Raimondo,it ITA,FW,Bologna,it Serie A,17,2004,1,74,74,2.2,0.8,1,74,0,0,,3,3.00,1,0,+1,+1.22,+1.54,Matches
2734,Marco Raina,it ITA,GK,Juventus,it Serie A,19,2002,0,,,,,0,,0,0,,1,,,,,,,Matches
2735,Predrag Rajković,rs SRB,GK,Reims,fr Ligue 1,25,1995,38,3420,90,100.0,38.0,38,90,38,0,,0,1.21,43,44,-1,-0.03,,Matches
2736,Jesurun Rak Sakyi,eng ENG,MF,Crystal Palace,eng Premier League,18,2002,2,80,40,2.3,0.9,1,66,0,1,14,5,1.50,1,0,+1,+1.13,+1.04,Matches
2737,Ivan Rakitić,hr CRO,MF,Sevilla,es La Liga,33,1988,35,2182,62,63.8,24.2,26,75,12,9,27,1,1.74,30,19,+11,+0.45,-0.42,Matches
2738,Diant Ramaj,de GER,GK,Eintracht Frankfurt,de Bundesliga,19,2001,1,90,90,2.9,1.0,1,90,1,0,,19,1.00,1,1,0,0.00,+0.12,Matches
2739,Jonás Ramalho,es ESP,DF,Osasuna,es La Liga,28,1993,3,243,81,7.1,2.7,3,81,1,0,,23,0.67,1,2,-1,-0.37,0.00,Matches
2740,Simon Ramet,fr FRA,MF,Lille,fr Ligue 1,18,2003,0,,,,,0,,0,0,,1,,,,,,,Matches
2741,Adil Rami,fr FRA,DF,Troyes,fr Ligue 1,35,1985,17,1171,69,34.2,13.0,14,78,8,3,26,2,1.06,8,21,-13,-1.00,-0.88,Matches
2742,Sandro Ramírez,es ESP,FW,Getafe,es La Liga,26,1995,29,1462,50,42.7,16.2,19,65,0,10,23,1,1.14,14,15,-1,-0.06,+0.26,Matches
2743,Yoel Ramírez,es ESP,GK,Osasuna,es La Liga,19,2002,0,,,,,0,,0,0,,1,,,,,,,Matches
2744,Dario Ramos,es ESP,GK,Osasuna,es La Liga,21,1999,0,,,,,0,,0,0,,7,,,,,,,Matches
2745,Guilherme Ramos,pt POR,DF,Arminia,de Bundesliga,23,1997,13,906,70,29.6,10.1,9,90,9,4,24,19,0.62,8,16,-8,-0.79,-0.04,Matches
2746,Sergio Ramos,es ESP,DF,Paris Saint-Germain,fr Ligue 1,35,1986,12,801,67,23.4,8.9,8,90,8,4,20,2,2.50,31,6,+25,+2.81,+1.81,Matches
2747,Aaron Ramsdale,eng ENG,GK,Arsenal,eng Premier League,23,1998,34,3060,90,89.5,34.0,34,90,34,0,,2,1.94,60,39,+21,+0.62,+2.62,Matches
2748,Aaron Ramsey,eng ENG,MF,Aston Villa,eng Premier League,18,2003,0,,,,,0,,0,0,,3,,,,,,,Matches
2749,Aaron Ramsey,wls WAL,MF,Juventus,it Serie A,30,1990,3,99,33,2.9,1.1,1,59,0,2,20,6,1.33,2,3,-1,-0.91,-1.48,Matches
2750,Jacob Ramsey,eng ENG,MF,Aston Villa,eng Premier League,20,2001,34,2467,73,72.1,27.4,29,80,14,5,28,1,1.21,40,35,+5,+0.18,+0.84,Matches
2751,Darren Randolph,ie IRL,GK,West Ham United,eng Premier League,34,1987,0,,,,,0,,0,0,,3,,,,,,,Matches
2752,Luca Ranieri,it ITA,DF,Fiorentina,it Serie A,22,1999,0,,,,,0,,0,0,,1,,,,,,,Matches
2753,Luca Ranieri,it ITA,"DF,MF",Salernitana,it Serie A,22,1999,27,2103,78,61.5,23.4,25,81,10,2,34,2,0.81,20,47,-27,-1.16,+0.07,Matches
2754,Andrea Ranocchia,it ITA,DF,Inter,it Serie A,33,1988,6,341,57,10.0,3.8,3,90,3,3,24,30,2.67,9,4,+5,+1.32,-0.05,Matches
2755,Filippo Ranocchia,it ITA,MF,Juventus,it Serie A,20,2001,0,,,,,0,,0,0,,2,,,,,,,Matches
2756,Raphinha,br BRA,"MF,FW",Leeds United,eng Premier League,24,1996,35,2915,83,85.2,32.4,34,84,26,1,45,0,1.00,34,68,-34,-1.05,-0.52,Matches
2757,Tobias Raschl,de GER,MF,Greuther Fürth,de Bundesliga,21,2000,10,597,60,19.5,6.6,7,78,3,3,17,4,0.40,4,8,-4,-0.60,+1.22,Matches
2758,Tobias Raschl,de GER,MF,Dortmund,de Bundesliga,21,2000,0,,,,,0,,0,0,,1,,,,,,,Matches
2759,Elba Rashani,xk KVX,"MF,FW",Clermont Foot,fr Ligue 1,28,1993,29,1759,61,51.4,19.5,22,73,4,7,21,0,0.97,22,31,-9,-0.46,+0.73,Matches
2760,Marcus Rashford,eng ENG,"MF,FW",Manchester Utd,eng Premier League,23,1997,25,1235,49,36.1,13.7,13,75,3,12,21,3,1.36,18,28,-10,-0.73,-1.14,Matches
2761,Milot Rashica,xk KVX,"MF,FW",Norwich City,eng Premier League,25,1996,31,2229,72,65.2,24.8,25,83,11,6,27,1,0.65,20,56,-36,-1.45,+0.44,Matches
2762,Giacomo Raspadori,it ITA,"MF,FW",Sassuolo,it Serie A,21,2000,36,2740,76,80.1,30.4,32,81,16,4,37,0,1.28,51,47,+4,+0.13,+0.93,Matches
2763,Raúl,es ESP,FW,Real Betis,es La Liga,20,2000,1,1,1,0.0,0.0,0,,0,1,1,1,3.00,0,0,0,0.00,-0.58,Matches
2764,David Raum,de GER,"MF,DF",Hoffenheim,de Bundesliga,23,1998,32,2757,86,90.1,30.6,31,88,26,1,31,0,1.34,52,57,-5,-0.16,-1.05,Matches
2765,Nicola Rauti,it ITA,FW,Torino,it Serie A,21,2000,0,,,,,0,,0,0,,2,,,,,,,Matches
2766,Jules Raux,fr FRA,GK,Lille,fr Ligue 1,17,2003,0,,,,,0,,0,0,,1,,,,,,,Matches
2767,Nicola Ravaglia,it ITA,GK,Sampdoria,it Serie A,32,1988,1,5,5,0.1,0.1,0,,0,1,5,34,3.00,0,1,-1,-18.00,-17.58,Matches
2768,David Raya,es ESP,GK,Brentford,eng Premier League,25,1995,24,2160,90,63.2,24.0,24,90,24,0,,0,1.46,33,27,+6,+0.25,+1.25,Matches
2769,Ante Rebić,hr CRO,"FW,MF",Milan,it Serie A,27,1993,24,891,37,26.1,9.9,6,71,3,18,26,2,2.38,14,8,+6,+0.61,-0.53,Matches
2770,Rebollo,es ESP,GK,Real Betis,es La Liga,21,1999,0,,,,,0,,0,0,,1,,,,,,,Matches
2771,Arkadiusz Reca,pl POL,"DF,MF",Spezia,it Serie A,26,1995,25,1772,71,51.8,19.7,22,77,13,3,26,1,1.00,18,31,-13,-0.66,+0.27,Matches
2772,Lluís Recasens,es ESP,DF,Espanyol,es La Liga,19,2002,1,45,45,1.3,0.5,0,,0,1,45,0,0.00,0,2,-2,-4.00,-3.71,Matches
2773,Iker Recio,es ESP,DF,Rayo Vallecano,es La Liga,20,2001,0,,,,,0,,0,0,,5,,,,,,,Matches
2774,Nathan Redmond,eng ENG,"MF,FW",Southampton,eng Premier League,27,1994,27,1833,68,53.6,20.4,20,84,14,7,21,3,0.93,25,33,-8,-0.39,+0.51,Matches
2775,Sergio Reguilón,es ESP,"MF,DF",Tottenham Hotspur,eng Premier League,24,1996,25,1916,77,56.0,21.3,22,82,13,3,40,6,1.92,32,25,+7,+0.33,-0.99,Matches
2776,Manolo Reina,es ESP,GK,Mallorca,es La Liga,36,1985,21,1890,90,55.3,21.0,21,90,21,0,,13,1.30,25,31,-6,-0.29,+0.95,Matches
2777,Pepe Reina,es ESP,GK,Lazio,it Serie A,38,1982,15,1350,90,39.5,15.0,15,90,15,0,,23,1.47,29,29,0,0.00,-0.83,Matches
2778,Jeff Reine-Adélaïde,fr FRA,MF,Lyon,fr Ligue 1,23,1998,10,198,20,5.8,2.2,1,70,0,9,14,2,1.70,8,3,+5,+2.27,+1.99,Matches
2779,Reinier,br BRA,MF,Dortmund,de Bundesliga,19,2002,13,162,12,5.3,1.8,1,66,0,12,8,17,1.77,2,6,-4,-2.22,-3.37,Matches
2780,Karim Rekik,nl NED,DF,Sevilla,es La Liga,26,1994,18,1098,61,32.1,12.2,11,86,9,7,22,4,2.06,19,8,+11,+0.90,+0.44,Matches
2781,Álex Remiro,es ESP,GK,Real Sociedad,es La Liga,26,1995,35,3150,90,92.1,35.0,35,90,35,0,,3,1.60,34,32,+2,+0.06,-0.28,Matches
2782,Melvyn Remy,fr FRA,DF,Venezia,it Serie A,18,2003,0,,,,,0,,0,0,,1,,,,,,,Matches
2783,Sebastien Renot,fr FRA,GK,Troyes,fr Ligue 1,31,1989,0,,,,,0,,0,0,,19,,,,,,,Matches
2784,Panagiotis Retsos,gr GRE,DF,Hellas Verona,it Serie A,22,1998,5,55,11,1.6,0.6,1,5,0,4,13,7,2.00,1,1,0,0.00,-0.16,Matches
2785,Panagiotis Retsos,gr GRE,DF,Leverkusen,de Bundesliga,22,1998,4,32,8,1.0,0.4,0,,0,4,8,14,1.75,0,1,-1,-2.81,-3.82,Matches
2786,Marco Reus,de GER,"MF,FW",Dortmund,de Bundesliga,32,1989,29,2503,86,81.8,27.8,29,86,18,0,,0,2.10,73,45,+28,+1.01,+0.20,Matches
2787,Elvis Rexhbeçaj,xk KVX,MF,Bochum,de Bundesliga,23,1997,32,2542,79,83.1,28.2,30,82,13,2,37,0,1.28,31,41,-10,-0.35,+0.34,Matches
2788,Gio Reyna,us USA,"MF,FW",Dortmund,de Bundesliga,18,2002,10,439,44,14.3,4.9,6,57,1,4,24,0,1.90,12,8,+4,+0.82,-0.18,Matches
2789,Bryan Reynolds,us USA,DF,Roma,it Serie A,20,2001,1,2,2,0.1,0.0,0,,0,1,2,10,3.00,1,0,+1,+45.00,+44.61,Matches
2790,Nico Ribaudo,es ESP,"MF,FW",Espanyol,es La Liga,20,2001,31,1116,36,32.6,12.4,7,65,0,24,28,4,1.23,15,14,+1,+0.08,+0.63,Matches
2791,Tiago Ribeiro,pt POR,MF,Monaco,fr Ligue 1,19,2002,1,2,2,0.1,0.0,0,,0,1,2,0,0.00,0,1,-1,-45.00,-45.68,Matches
2792,Franck Ribéry,fr FRA,"MF,FW",Salernitana,it Serie A,38,1983,23,1421,62,41.5,15.8,16,77,5,7,28,0,0.88,13,29,-16,-1.01,+0.29,Matches
2793,Samuele Ricci,it ITA,MF,Torino,it Serie A,19,2001,12,722,60,21.1,8.0,9,76,4,3,12,4,1.42,10,8,+2,+0.25,+0.15,Matches
2794,Samuele Ricci,it ITA,MF,Empoli,it Serie A,19,2001,21,1530,73,44.7,17.0,17,82,11,4,35,0,1.24,29,35,-6,-0.35,+0.31,Matches
2795,Declan Rice,eng ENG,MF,West Ham United,eng Premier League,22,1999,36,3179,88,93.0,35.3,35,90,35,1,29,0,1.47,56,49,+7,+0.20,-0.55,Matches
2796,Chris Richards,us USA,DF,Hoffenheim,de Bundesliga,21,2000,19,1304,69,42.6,14.5,13,87,12,6,30,1,1.42,24,28,-4,-0.28,-0.38,Matches
2797,Chris Richards,us USA,DF,Bayern Munich,de Bundesliga,21,2000,1,3,3,0.1,0.0,0,,0,1,3,2,3.00,0,0,0,0.00,-1.77,Matches
2798,Omar Richards,eng ENG,"DF,MF",Bayern Munich,de Bundesliga,23,1998,12,438,37,14.3,4.9,5,60,1,7,19,19,2.42,13,5,+8,+1.64,-0.14,Matches
2799,Taylor Richards,eng ENG,MF,Brighton,eng Premier League,20,2000,2,25,13,0.7,0.3,0,,0,2,13,14,0.00,0,0,0,0.00,+0.05,Matches
2800,Lewis Richardson,eng ENG,"FW,MF",Burnley,eng Premier League,18,2003,0,,,,,0,,0,0,,5,,,,,,,Matches
2801,Richarlison,br BRA,"FW,MF",Everton,eng Premier League,24,1997,30,2523,84,73.8,28.0,28,88,21,2,34,0,1.13,33,46,-13,-0.46,+0.54,Matches
2802,Marco Richter,de GER,"MF,FW",Hertha BSC,de Bundesliga,23,1997,30,1704,57,55.7,18.9,19,72,2,11,30,2,1.00,20,31,-11,-0.58,+0.95,Matches
2803,Diego Rico,es ESP,DF,Real Sociedad,es La Liga,28,1993,21,1644,78,48.1,18.3,19,86,14,2,8,3,1.38,13,13,0,0.00,-0.15,Matches
2804,Sergio Rico,es ESP,GK,Mallorca,es La Liga,27,1993,14,1260,90,36.8,14.0,14,90,14,0,,4,0.86,15,29,-14,-1.00,-0.46,Matches
2805,Sergio Rico,es ESP,GK,Paris Saint-Germain,fr Ligue 1,27,1993,1,23,23,0.7,0.3,0,,0,1,23,6,3.00,2,1,+1,+3.91,+2.51,Matches
2806,Jaïro Riedewald,nl NED,MF,Crystal Palace,eng Premier League,24,1996,3,118,39,3.5,1.3,1,76,0,2,21,15,0.00,2,5,-3,-2.29,-2.48,Matches
2807,Manuel Riemann,de GER,GK,Bochum,de Bundesliga,32,1988,31,2790,90,91.2,31.0,31,90,31,0,,0,1.16,29,45,-16,-0.52,-1.18,Matches
2808,Lasse Rieß,de GER,GK,Mainz 05,de Bundesliga,20,2001,0,,,,,0,,0,0,,4,,,,,,,Matches
2809,Tomás Rincón,ve VEN,MF,Torino,it Serie A,33,1988,7,163,23,4.8,1.8,1,56,0,6,18,11,1.14,5,3,+2,+1.10,+1.02,Matches
2810,Tomás Rincón,ve VEN,MF,Sampdoria,it Serie A,33,1988,17,1166,69,34.1,13.0,13,80,5,4,33,0,0.76,11,20,-9,-0.69,-0.38,Matches
2811,Luis Rioja,es ESP,"MF,FW",Alavés,es La Liga,27,1993,37,3111,84,91.0,34.6,36,85,18,1,45,0,0.84,29,57,-28,-0.81,+0.94,Matches
2812,Renaud Ripart,fr FRA,"MF,FW",Troyes,fr Ligue 1,28,1993,28,1893,68,55.4,21.0,22,79,7,6,25,1,0.89,22,30,-8,-0.38,+0.09,Matches
2813,Mihailo Ristić,rs SRB,DF,Montpellier,fr Ligue 1,25,1995,29,1803,62,52.7,20.0,19,86,15,10,17,2,1.24,30,29,+1,+0.05,+0.77,Matches
2814,Matt Ritchie,sct SCO,"DF,MF",Newcastle United,eng Premier League,31,1989,18,1337,74,39.1,14.9,14,88,13,4,25,12,0.67,15,36,-21,-1.41,-1.54,Matches
2815,Maxence Rivera,fr FRA,MF,Saint-Étienne,fr Ligue 1,19,2002,1,5,5,0.1,0.1,0,,0,1,5,4,1.00,0,0,0,0.00,+0.92,Matches
2816,Alessio Rizza,it ITA,DF,Empoli,it Serie A,18,2003,0,,,,,0,,0,0,,3,,,,,,,Matches
2817,Rober,es ESP,DF,Levante,es La Liga,26,1995,27,2010,74,58.8,22.3,21,88,17,6,28,9,1.07,39,41,-2,-0.09,+1.38,Matches
2818,Sergi Roberto,es ESP,"MF,DF",Barcelona,es La Liga,29,1992,9,400,44,11.7,4.4,4,62,0,5,31,1,1.33,7,7,0,0.00,-0.89,Matches
2819,Connor Roberts,wls WAL,DF,Burnley,eng Premier League,25,1995,21,1692,81,49.5,18.8,19,87,17,2,23,4,1.14,15,23,-8,-0.43,+0.15,Matches
2820,Haydon Roberts,eng ENG,"DF,MF",Brighton,eng Premier League,19,2002,0,,,,,0,,0,0,,14,,,,,,,Matches
2821,Patrick Roberts,eng ENG,"FW,MF",Troyes,fr Ligue 1,24,1997,1,14,14,0.4,0.2,0,,0,1,14,5,0.00,0,1,-1,-6.43,-6.03,Matches
2822,Tyler Roberts,wls WAL,"MF,FW",Leeds United,eng Premier League,22,1999,23,987,43,28.9,11.0,7,84,4,16,25,4,0.83,9,26,-17,-1.55,-0.81,Matches
2823,Andrew Robertson,sct SCO,DF,Liverpool,eng Premier League,27,1994,29,2537,87,74.2,28.2,29,87,25,0,,4,2.41,71,20,+51,+1.81,+0.08,Matches
2824,Joel Robles,es ESP,GK,Real Betis,es La Liga,31,1990,0,,,,,0,,0,0,,21,,,,,,,Matches
2825,Marc Roca,es ESP,MF,Bayern Munich,de Bundesliga,24,1996,9,379,42,12.4,4.2,4,76,0,5,15,15,2.44,15,2,+13,+3.09,+1.51,Matches
2826,Rubén Rochina,es ESP,"MF,FW",Granada,es La Liga,30,1991,15,743,50,21.7,8.3,8,80,5,7,15,4,0.67,11,12,-1,-0.12,+0.42,Matches
2827,Cimo Röcker,de GER,DF,Hertha BSC,de Bundesliga,27,1994,1,22,22,0.7,0.2,0,,0,1,22,3,0.00,0,2,-2,-8.18,-7.23,Matches
2828,Enzo Roco,cl CHI,DF,Elche,es La Liga,28,1992,30,2552,85,74.6,28.4,29,87,25,1,33,4,1.10,29,40,-11,-0.39,-0.28,Matches
2829,Stian Rode Gregersen,no NOR,DF,Bordeaux,fr Ligue 1,26,1995,24,1953,81,57.1,21.7,22,87,18,2,25,1,1.00,28,47,-19,-0.88,+0.35,Matches
2830,Sebastian Rode,de GER,MF,Eintracht Frankfurt,de Bundesliga,30,1990,17,759,45,24.8,8.4,10,58,0,7,26,3,1.35,16,11,+5,+0.59,+0.94,Matches
2831,Joe Rodon,wls WAL,DF,Tottenham Hotspur,eng Premier League,23,1997,3,89,30,2.6,1.0,0,,0,3,30,29,2.00,0,3,-3,-3.03,-3.90,Matches
2832,Rodri,es ESP,MF,Real Betis,es La Liga,21,2000,21,881,42,25.8,9.8,10,63,0,11,23,12,1.62,16,14,+2,+0.20,-0.50,Matches
2833,Rodri,es ESP,MF,Manchester City,eng Premier League,25,1996,33,2884,87,84.3,32.0,33,87,29,0,,2,2.52,83,22,+61,+1.90,-0.11,Matches
2834,Rodrigo,es ESP,"MF,FW",Leeds United,eng Premier League,30,1991,31,2265,73,66.2,25.2,27,78,16,4,37,2,1.06,25,37,-12,-0.48,+1.47,Matches
2835,Gerson Rodrigues,lu LUX,"FW,MF",Troyes,fr Ligue 1,26,1995,12,848,71,24.8,9.4,9,85,6,3,27,1,0.92,5,15,-10,-1.06,-0.85,Matches
2836,Kévin Rodrigues,pt POR,"DF,MF",Rayo Vallecano,es La Liga,27,1994,13,435,33,12.7,4.8,5,74,1,8,8,24,1.31,3,13,-10,-2.07,-2.04,Matches
2837,Adrian Rodriguez,es ESP,GK,Alavés,es La Liga,20,2000,0,,,,,0,,0,0,,1,,,,,,,Matches
2838,Ángel Rodríguez,es ESP,"FW,MF",Mallorca,es La Liga,34,1987,29,1544,53,45.1,17.2,19,68,1,10,25,4,0.90,18,25,-7,-0.41,+0.55,Matches
2839,Óscar Rodríguez Arnaiz,es ESP,"MF,FW",Getafe,es La Liga,23,1998,18,943,52,27.6,10.5,9,79,1,9,26,0,1.17,12,9,+3,+0.29,+0.69,Matches
2840,Óscar Rodríguez Arnaiz,es ESP,"MF,FW",Sevilla,es La Liga,23,1998,11,417,38,12.2,4.6,4,75,1,7,17,8,2.09,5,2,+3,+0.65,+0.05,Matches
2841,Damián Rodríguez,es ESP,MF,Celta Vigo,es La Liga,18,2003,0,,,,,0,,0,0,,1,,,,,,,Matches
2842,Dani Rodríguez,es ESP,MF,Mallorca,es La Liga,33,1988,36,2832,79,82.8,31.5,33,84,20,3,23,1,1.08,29,43,-14,-0.44,+1.54,Matches
2843,Guido Rodríguez,ar ARG,MF,Real Betis,es La Liga,27,1994,32,2529,79,73.9,28.1,29,85,23,3,20,3,1.78,49,26,+23,+0.82,+0.92,Matches
2844,Jay Rodriguez,eng ENG,FW,Burnley,eng Premier League,32,1989,29,1382,48,40.4,15.4,13,80,5,16,21,2,0.90,13,15,-2,-0.13,+0.62,Matches
2845,Ricardo Rodríguez,ch SUI,DF,Torino,it Serie A,28,1992,34,2473,73,72.3,27.5,28,84,22,6,20,1,1.26,30,29,+1,+0.04,-0.34,Matches
2846,Rodrygo,br BRA,FW,Real Madrid,es La Liga,20,2001,33,1523,46,44.5,16.9,17,68,2,16,23,1,2.21,38,13,+25,+1.48,+0.34,Matches
2847,Mads Roerslev,dk DEN,"MF,DF",Brentford,eng Premier League,22,1999,21,1240,59,36.3,13.8,12,89,11,9,19,15,1.29,17,27,-10,-0.73,-0.81,Matches
2848,Marko Rog,hr CRO,MF,Cagliari,it Serie A,26,1995,8,311,39,9.1,3.5,2,57,0,6,33,0,0.63,2,5,-3,-0.87,+0.03,Matches
2849,Rogério,br BRA,DF,Sassuolo,it Serie A,23,1998,23,1729,75,50.6,19.2,19,86,14,4,25,11,1.30,31,35,-4,-0.21,-0.31,Matches
2850,Joan Rojas,es ESP,DF,Atlético Madrid,es La Liga,21,2000,0,,,,,0,,0,0,,1,,,,,,,Matches
2851,Filippo Romagna,it ITA,DF,Sassuolo,it Serie A,24,1997,0,,,,,0,,0,0,,1,,,,,,,Matches
2852,Alessio Romagnoli,it ITA,DF,Milan,it Serie A,26,1995,19,1409,74,41.2,15.7,16,86,14,3,9,10,2.16,25,16,+9,+0.57,-0.72,Matches
2853,Simone Romagnoli,it ITA,DF,Empoli,it Serie A,31,1990,19,1497,79,43.8,16.6,17,86,15,2,15,14,1.00,20,27,-7,-0.42,+0.19,Matches
2854,Leo Román,es ESP,GK,Mallorca,es La Liga,21,2000,2,180,90,5.3,2.0,2,90,2,0,,13,0.00,0,5,-5,-2.50,-1.89,Matches
2855,Cristian Romero,ar ARG,DF,Tottenham Hotspur,eng Premier League,23,1998,22,1844,84,53.9,20.5,21,88,19,1,1,2,1.64,38,25,+13,+0.63,-0.28,Matches
2856,Iván Romero,es ESP,FW,Sevilla,es La Liga,20,2001,5,178,36,5.2,2.0,2,62,0,3,18,20,2.20,4,1,+3,+1.52,+0.96,Matches
2857,Luka Romero,ar ARG,MF,Lazio,it Serie A,16,2004,8,84,11,2.5,0.9,0,,0,8,11,21,2.13,2,1,+1,+1.07,+0.59,Matches
2858,Sergio Romero,ar ARG,GK,Venezia,it Serie A,34,1987,16,1440,90,42.1,16.0,16,90,16,0,,1,0.81,16,33,-17,-1.06,-0.24,Matches
2859,Oriol Romeu,es ESP,MF,Southampton,eng Premier League,29,1991,36,2889,80,84.5,32.1,34,84,21,2,14,1,1.08,40,52,-12,-0.37,+1.66,Matches
2860,Cristiano Ronaldo,pt POR,FW,Manchester Utd,eng Premier League,36,1985,30,2456,82,71.8,27.3,27,88,21,3,28,0,1.63,40,41,-1,-0.04,-0.13,Matches
2861,Cristiano Ronaldo,pt POR,"FW,MF",Juventus,it Serie A,36,1985,1,31,31,0.9,0.3,0,,0,1,31,0,1.00,0,1,-1,-2.90,-3.46,Matches
2862,Salomón Rondón,ve VEN,FW,Everton,eng Premier League,31,1989,20,790,40,23.1,8.8,8,78,5,12,14,10,0.85,8,16,-8,-0.91,-0.40,Matches
2863,Valentin Rongier,fr FRA,"DF,MF",Marseille,fr Ligue 1,26,1994,32,2194,69,64.2,24.4,25,84,15,7,15,3,1.78,43,23,+20,+0.82,+0.45,Matches
2864,Marten de Roon,nl NED,"MF,DF",Atalanta,it Serie A,30,1991,30,2548,85,74.5,28.3,28,88,26,2,37,1,1.67,53,39,+14,+0.49,+0.18,Matches
2865,Unai Ropero,es ESP,FW,Alavés,es La Liga,19,2001,1,12,12,0.4,0.1,0,,0,1,12,0,0.00,0,0,0,0.00,+0.90,Matches
2866,Pablo Rosario,do DOM,MF,Nice,fr Ligue 1,24,1997,36,2729,76,79.8,30.3,31,84,19,5,25,0,1.83,42,29,+13,+0.43,+0.04,Matches
2867,Antonio Rosati,it ITA,GK,Fiorentina,it Serie A,38,1983,0,,,,,0,,0,0,,28,,,,,,,Matches
2868,Romario Rösch,de GER,MF,Mainz 05,de Bundesliga,22,1999,1,1,1,0.0,0.0,0,,0,1,1,1,3.00,0,0,0,0.00,-0.15,Matches
2869,Danny Rose,eng ENG,DF,Watford,eng Premier League,31,1990,8,689,86,20.1,7.7,7,87,6,1,79,7,0.50,5,16,-11,-1.44,-0.38,Matches
2870,Francesco Rossi,it ITA,GK,Atalanta,it Serie A,30,1991,1,37,37,1.1,0.4,0,,0,1,37,35,0.00,1,1,0,0.00,-0.45,Matches
2871,Tom Rothe,de GER,MF,Dortmund,de Bundesliga,16,2004,2,94,47,3.1,1.0,1,87,0,1,7,1,1.50,6,2,+4,+3.83,+2.95,Matches
2872,Jérôme Roussillon,gp GLP,"MF,DF",Wolfsburg,de Bundesliga,28,1993,26,1775,68,58.0,19.7,18,84,8,8,34,3,1.15,25,24,+1,+0.05,+0.89,Matches
2873,Davy Rouyard,gp GLP,GK,Bordeaux,fr Ligue 1,21,1999,0,,,,,0,,0,0,,8,,,,,,,Matches
2874,Nicolò Rovella,it ITA,MF,Genoa,it Serie A,19,2001,21,1468,70,42.9,16.3,16,83,12,5,28,4,0.67,15,27,-12,-0.74,+0.23,Matches
2875,William Rovida,it ITA,GK,Inter,it Serie A,18,2003,0,,,,,0,,0,0,,1,,,,,,,Matches
2876,Jonathan Rowe,eng ENG,"FW,MF",Norwich City,eng Premier League,18,2003,13,223,17,6.5,2.5,0,,0,13,17,8,0.23,2,5,-3,-1.21,+0.42,Matches
2877,Amir Rrahmani,xk KVX,DF,Napoli,it Serie A,27,1994,33,2927,89,85.6,32.5,33,89,32,0,,4,1.94,60,28,+32,+0.98,-1.02,Matches
2878,Ruan,br BRA,DF,Sassuolo,it Serie A,22,1999,10,214,21,6.3,2.4,0,,0,10,21,9,1.90,2,5,-3,-1.26,-1.29,Matches
2879,Rubén,es ESP,DF,Espanyol,es La Liga,20,2001,4,150,38,4.4,1.7,1,90,1,3,20,4,1.00,2,3,-1,-0.60,-0.27,Matches
2880,John Ruddy,eng ENG,GK,Wolves,eng Premier League,34,1986,2,135,68,3.9,1.5,1,90,1,1,45,36,0.50,1,3,-2,-1.33,-1.25,Matches
2881,Antonio Rüdiger,de GER,DF,Chelsea,eng Premier League,28,1993,34,3035,89,88.7,33.7,34,89,33,0,,1,1.91,68,27,+41,+1.22,+0.75,Matches
2882,Sebastian Rudy,de GER,MF,Hoffenheim,de Bundesliga,31,1990,21,773,37,25.3,8.6,7,74,3,14,18,4,1.14,21,18,+3,+0.35,+0.55,Matches
2883,Kevin Rüegg,ch SUI,"DF,MF",Hellas Verona,it Serie A,22,1998,0,,,,,0,,0,0,,18,,,,,,,Matches
2884,Daniele Rugani,it ITA,DF,Juventus,it Serie A,27,1994,12,879,73,25.7,9.8,9,86,8,3,35,23,2.17,14,9,+5,+0.51,-0.02,Matches
2885,Matteo Ruggeri,it ITA,"MF,DF",Salernitana,it Serie A,19,2002,14,676,48,19.8,7.5,8,69,2,6,21,0,0.71,7,15,-8,-1.07,+0.15,Matches
2886,Mário Rui,pt POR,DF,Napoli,it Serie A,30,1991,34,2992,88,87.5,33.2,34,88,24,0,,1,2.03,67,29,+38,+1.14,+0.09,Matches
2887,Aitor Ruibal,es ESP,"MF,DF",Real Betis,es La Liga,25,1996,19,856,45,25.0,9.5,9,68,1,10,24,17,1.53,7,11,-4,-0.42,-1.33,Matches
2888,Isma Ruiz,es ESP,MF,Granada,es La Liga,20,2001,8,283,35,8.3,3.1,3,70,0,5,14,23,1.00,4,5,-1,-0.32,+0.14,Matches
2889,Fabián Ruiz Peña,es ESP,MF,Napoli,it Serie A,25,1996,32,2384,75,69.7,26.5,29,80,12,3,19,1,2.25,56,17,+39,+1.47,+1.12,Matches
2890,Víctor Ruiz,es ESP,DF,Real Betis,es La Liga,32,1989,18,1424,79,41.6,15.8,17,83,15,1,7,13,1.72,28,17,+11,+0.70,+0.20,Matches
2891,Gerónimo Rulli,ar ARG,GK,Villarreal,es La Liga,29,1992,32,2880,90,84.2,32.0,32,90,32,0,,6,1.59,50,28,+22,+0.69,+0.02,Matches
2892,Timothé Rupil,lu LUX,MF,Mainz 05,de Bundesliga,18,2003,0,,,,,0,,0,0,,1,,,,,,,Matches
2893,Lukas Rupp,de GER,MF,Norwich City,eng Premier League,30,1991,19,769,40,22.5,8.5,7,69,2,12,24,7,0.58,3,16,-13,-1.52,+0.11,Matches
2894,Alessandro Russo,it ITA,MF,Salernitana,it Serie A,17,2003,1,29,29,0.8,0.3,0,,0,1,29,2,0.00,0,0,0,0.00,+1.19,Matches
2895,Antonio Russo,it ITA,GK,Salernitana,it Serie A,21,2000,0,,,,,0,,0,0,,14,,,,,,,Matches
2896,Franco Russo,ar ARG,DF,Mallorca,es La Liga,26,1994,19,1464,77,42.8,16.3,17,85,14,2,6,12,1.16,13,18,-5,-0.31,+0.70,Matches
2897,Fabian Rüth,de GER,DF,Hoffenheim,de Bundesliga,20,2001,0,,,,,0,,0,0,,1,,,,,,,Matches
2898,Georginio Rutter,fr FRA,"FW,MF",Hoffenheim,de Bundesliga,19,2002,33,1611,49,52.6,17.9,13,74,3,20,32,0,1.39,39,36,+3,+0.17,+0.48,Matches
2899,Mathew Ryan,au AUS,GK,Real Sociedad,es La Liga,29,1992,3,270,90,7.9,3.0,3,90,3,0,,32,2.00,6,5,+1,+0.33,+0.28,Matches
2900,Julian Ryerson,no NOR,"MF,DF",Union Berlin,de Bundesliga,23,1997,28,1429,51,46.7,15.9,13,89,11,15,18,3,1.71,28,25,+3,+0.19,+0.02,Matches
2901,Frederik Rønnow,dk DEN,GK,Union Berlin,de Bundesliga,28,1992,7,630,90,20.6,7.0,7,90,7,0,,26,2.43,13,5,+8,+1.14,+1.22,Matches
2902,José Sá,pt POR,GK,Wolves,eng Premier League,28,1993,37,3285,89,96.1,36.5,37,89,36,0,,1,1.35,37,40,-3,-0.08,+1.25,Matches
2903,Roli Pereira de Sa,fr FRA,MF,Nantes,fr Ligue 1,24,1996,17,573,34,16.8,6.4,5,66,0,12,20,10,1.53,5,8,-3,-0.47,-0.79,Matches
2904,Youssouf Sabaly,sn SEN,DF,Real Betis,es La Liga,28,1993,10,788,79,23.0,8.8,9,87,8,1,1,7,1.70,10,8,+2,+0.23,-0.46,Matches
2905,Mathys Saban,fr FRA,MF,Saint-Étienne,fr Ligue 1,19,2002,3,73,24,2.1,0.8,0,,0,3,24,1,0.33,1,1,0,0.00,+0.94,Matches
2906,Stefano Sabelli,it ITA,MF,Genoa,it Serie A,28,1993,7,348,50,10.2,3.9,5,54,0,2,39,10,0.71,2,8,-6,-1.55,-0.76,Matches
2907,Abdelhamid Sabiri,ma MAR,"MF,FW",Sampdoria,it Serie A,24,1996,14,893,64,26.1,9.9,9,85,6,5,26,1,0.93,11,13,-2,-0.20,+0.33,Matches
2908,Marcel Sabitzer,at AUT,"MF,DF",Bayern Munich,de Bundesliga,27,1994,25,905,36,29.6,10.1,8,68,1,17,21,0,2.16,25,11,+14,+1.39,-0.53,Matches
2909,Marcel Sabitzer,at AUT,"FW,MF",RB Leipzig,de Bundesliga,27,1994,2,49,25,1.6,0.5,0,,0,2,25,0,1.50,0,0,0,0.00,-1.05,Matches
2910,Falaye Sacko,ml MLI,DF,Saint-Étienne,fr Ligue 1,26,1995,9,667,74,19.5,7.4,8,80,7,1,27,0,1.44,10,8,+2,+0.27,+1.48,Matches
2911,Alexis Saelemaekers,be BEL,MF,Milan,it Serie A,22,1999,36,1865,52,54.5,20.7,22,69,6,14,24,2,2.28,37,21,+16,+0.77,-0.50,Matches
2912,Moïse Sahi Dion,ci CIV,FW,Strasbourg,fr Ligue 1,19,2001,8,128,16,3.7,1.4,0,,0,8,16,15,1.75,3,1,+2,+1.41,+1.00,Matches
2913,Yakine Said Mmadi,km COM,DF,Marseille,fr Ligue 1,17,2004,0,,,,,0,,0,0,,3,,,,,,,Matches
2914,Rafiki Said,km COM,"FW,MF",Brest,fr Ligue 1,21,2000,14,122,9,3.6,1.4,0,,0,14,9,13,1.07,0,3,-3,-2.21,-2.08,Matches
2915,Wesley Saïd,fr FRA,"FW,MF",Lens,fr Ligue 1,26,1995,21,654,31,19.1,7.3,7,57,0,14,18,3,1.86,15,7,+8,+1.10,+0.91,Matches
2916,Allan Saint-Maximin,fr FRA,"FW,MF",Newcastle United,eng Premier League,24,1997,35,2804,80,82.0,31.2,31,87,20,4,29,0,1.20,35,54,-19,-0.61,-0.76,Matches
2917,Ivan Saio,it ITA,GK,Sampdoria,it Serie A,19,2002,0,,,,,0,,0,0,,3,,,,,,,Matches
2918,Romain Saïss,ma MAR,DF,Wolves,eng Premier League,31,1990,31,2705,87,79.1,30.1,31,87,27,0,,2,1.32,26,30,-4,-0.13,-0.01,Matches
2919,Bukayo Saka,eng ENG,"MF,FW",Arsenal,eng Premier League,19,2001,38,2978,78,87.1,33.1,36,81,16,2,27,0,1.82,52,39,+13,+0.39,+0.39,Matches
2920,Mamadou Sakho,fr FRA,DF,Montpellier,fr Ligue 1,31,1990,29,2575,89,75.3,28.6,29,89,26,0,,0,1.28,39,42,-3,-0.10,+0.85,Matches
2921,Bakary Sako,ml MLI,FW,Saint-Étienne,fr Ligue 1,33,1988,7,156,22,4.6,1.7,1,38,0,6,20,7,0.71,1,3,-2,-1.15,-0.24,Matches
2922,Jacopo Sala,it ITA,MF,Spezia,it Serie A,29,1991,18,880,49,25.7,9.8,13,59,0,5,23,8,0.78,10,17,-7,-0.72,+0.10,Matches
2923,Mohamed Salah,eg EGY,FW,Liverpool,eng Premier League,29,1992,35,2762,79,80.8,30.7,30,87,25,5,28,0,2.37,77,22,+55,+1.79,+0.01,Matches
2924,Kike Salas,es ESP,DF,Sevilla,es La Liga,19,2002,0,,,,,0,,0,0,,11,,,,,,,Matches
2925,Eddie Salcedo,it ITA,"MF,FW",Spezia,it Serie A,19,2001,12,429,36,12.5,4.8,5,68,0,7,13,7,0.83,2,10,-8,-1.68,-1.02,Matches
2926,William Saliba,fr FRA,"DF,MF",Marseille,fr Ligue 1,20,2001,36,3240,90,94.7,36.0,36,90,36,0,,1,1.86,59,38,+21,+0.58,-1.42,Matches
2927,Dikeni-Rafid Salifou,tg TOG,MF,Augsburg,de Bundesliga,18,2003,0,,,,,0,,0,0,,4,,,,,,,Matches
2928,Romain Salin,fr FRA,GK,Rennes,fr Ligue 1,37,1984,1,90,90,2.6,1.0,1,90,1,0,,23,0.00,0,2,-2,-2.00,-3.19,Matches
2929,Mohammed Salisu,gh GHA,DF,Southampton,eng Premier League,22,1999,34,2972,87,86.9,33.0,33,88,32,1,54,2,1.09,42,57,-15,-0.45,+1.35,Matches
2930,Roland Sallai,hu HUN,"MF,FW",Freiburg,de Bundesliga,24,1997,31,1551,50,50.7,17.2,18,71,1,13,21,0,1.58,26,24,+2,+0.12,-0.48,Matches
2931,Yoann Salmier,gf GUF,DF,Troyes,fr Ligue 1,28,1992,31,2668,86,78.0,29.6,30,88,26,1,14,0,1.06,28,40,-12,-0.40,+0.07,Matches
2932,Salvi,es ESP,MF,Cádiz,es La Liga,30,1991,23,1395,61,40.8,15.5,17,74,6,6,24,9,1.09,13,20,-7,-0.45,-0.05,Matches
2933,Lazar Samardzic,rs SRB,MF,Udinese,it Serie A,19,2002,22,490,22,14.3,5.4,1,90,1,21,19,15,1.00,10,5,+5,+0.92,+0.98,Matches
2934,Diadie Samassékou,ml MLI,MF,Hoffenheim,de Bundesliga,25,1996,24,1655,69,54.1,18.4,21,76,5,3,18,6,1.63,32,30,+2,+0.11,+0.36,Matches
2935,Mama Samba Baldé,gw GNB,"MF,FW",Troyes,fr Ligue 1,25,1995,30,1717,57,50.2,19.1,20,73,4,10,26,0,0.90,21,30,-9,-0.47,-0.10,Matches
2936,Albert Sambi Lokonga,be BEL,MF,Arsenal,eng Premier League,21,1999,19,1134,60,33.2,12.6,12,83,9,7,20,18,1.74,11,11,0,0.00,-0.51,Matches
2937,Junior Sambia,fr FRA,"DF,MF",Montpellier,fr Ligue 1,24,1996,30,1533,51,44.8,17.0,16,82,7,14,16,5,1.23,23,28,-5,-0.29,+0.04,Matches
2938,Luigi Samele,it ITA,FW,Sassuolo,it Serie A,19,2002,2,5,3,0.1,0.1,0,,0,2,3,3,0.50,1,0,+1,+18.00,+18.08,Matches
2939,Fede San Emeterio,es ESP,MF,Cádiz,es La Liga,24,1997,12,830,69,24.3,9.2,10,78,2,2,25,0,1.42,9,10,-1,-0.11,+0.41,Matches
2940,Antonio Sanabria,py PAR,FW,Torino,it Serie A,25,1996,29,1803,62,52.7,20.0,22,76,6,7,19,3,1.24,29,20,+9,+0.45,+0.67,Matches
2941,Oihan Sancet,es ESP,FW,Athletic Club,es La Liga,21,2000,27,1422,53,41.6,15.8,16,71,0,11,26,0,1.37,23,17,+6,+0.38,+0.33,Matches
2942,Renato Sanches,pt POR,"MF,FW",Lille,fr Ligue 1,23,1997,25,1651,66,48.3,18.3,20,79,11,5,16,0,1.40,24,20,+4,+0.22,+0.42,Matches
2943,Alexis Sánchez,cl CHI,FW,Inter,it Serie A,32,1988,27,881,33,25.8,9.8,7,74,2,20,18,6,2.07,18,10,+8,+0.82,-0.74,Matches
2944,Antonio Sánchez,es ESP,MF,Mallorca,es La Liga,24,1997,29,1616,56,47.3,18.0,19,72,1,10,25,6,0.93,12,31,-19,-1.06,-0.66,Matches
2945,Davinson Sánchez,co COL,DF,Tottenham Hotspur,eng Premier League,25,1996,23,1631,71,47.7,18.1,17,90,17,6,17,14,2.00,33,16,+17,+0.94,+0.33,Matches
2946,Germán Sánchez,es ESP,DF,Granada,es La Liga,34,1986,32,2299,72,67.2,25.5,25,85,21,7,24,2,0.97,30,47,-17,-0.67,-0.67,Matches
2947,Juanlu Sánchez,es ESP,"DF,MF",Sevilla,es La Liga,17,2003,1,5,5,0.1,0.1,0,,0,1,5,9,1.00,0,0,0,0.00,-0.61,Matches
2948,Manu Sánchez,es ESP,DF,Osasuna,es La Liga,20,2000,33,2257,68,66.0,25.1,25,85,14,8,17,3,1.36,24,29,-5,-0.20,+0.50,Matches
2949,Pepe Sánchez,es ESP,DF,Granada,es La Liga,21,2000,0,,,,,0,,0,0,,12,,,,,,,Matches
2950,Robert Sánchez,es ESP,GK,Brighton,eng Premier League,23,1997,37,3329,90,97.3,37.0,37,90,36,0,,0,1.38,42,42,0,0.00,+1.98,Matches
2951,Jadon Sancho,eng ENG,"MF,FW",Manchester Utd,eng Premier League,21,2000,29,1900,66,55.6,21.1,20,81,11,9,31,3,1.55,29,28,+1,+0.05,+0.11,Matches
2952,Dion Sanderson,eng ENG,DF,Wolves,eng Premier League,21,1999,0,,,,,0,,0,0,,1,,,,,,,Matches
2953,Philippe Sandler,nl NED,DF,Troyes,fr Ligue 1,24,1997,2,70,35,2.0,0.8,1,57,0,1,13,0,0.50,1,2,-1,-1.29,-0.88,Matches
2954,Alex Sandro,br BRA,DF,Juventus,it Serie A,30,1991,28,1780,64,52.0,19.8,17,85,13,11,31,4,1.61,26,25,+1,+0.05,-0.99,Matches
2955,Leroy Sané,de GER,MF,Bayern Munich,de Bundesliga,25,1996,32,1976,62,64.6,22.0,22,76,8,10,30,0,2.38,68,21,+47,+2.14,+1.06,Matches
2956,Mattia Sangalli,it ITA,MF,Inter,it Serie A,19,2002,0,,,,,0,,0,0,,5,,,,,,,Matches
2957,Lassina Sangare,ci CIV,MF,Valencia,es La Liga,19,2001,0,,,,,0,,0,0,,1,,,,,,,Matches
2958,Oier Sanjurjo,es ESP,MF,Osasuna,es La Liga,35,1986,25,758,30,22.2,8.4,8,70,1,17,11,12,1.58,11,15,-4,-0.47,-0.14,Matches
2959,Mohamed Sankoh,nl NED,FW,Stuttgart,de Bundesliga,17,2003,1,4,4,0.1,0.0,0,,0,1,4,0,3.00,0,0,0,0.00,+0.53,Matches
2960,Morgan Sanson,fr FRA,MF,Aston Villa,eng Premier League,26,1994,10,356,36,10.4,4.0,3,71,0,7,20,17,1.30,2,8,-6,-1.52,-1.63,Matches
2961,Nicola Sansone,it ITA,"FW,MF",Bologna,it Serie A,29,1991,27,896,33,26.2,10.0,6,66,1,21,24,8,1.22,19,20,-1,-0.10,+0.26,Matches
2962,Baptiste Santamaria,fr FRA,MF,Freiburg,de Bundesliga,26,1995,1,21,21,0.7,0.2,0,,0,1,21,0,1.00,0,0,0,0.00,-0.36,Matches
2963,Baptiste Santamaria,fr FRA,"MF,DF",Rennes,fr Ligue 1,26,1995,34,2518,74,73.6,28.0,28,86,23,6,20,1,1.71,62,36,+26,+0.93,-0.67,Matches
2964,Federico Santander,py PAR,FW,Bologna,it Serie A,30,1991,7,67,10,2.0,0.7,0,,0,7,10,16,1.29,2,2,0,0.00,+0.30,Matches
2965,Yellu Santiago,es ESP,MF,Valencia,es La Liga,17,2004,3,82,27,2.4,0.9,0,,0,3,27,2,0.33,0,3,-3,-3.29,-3.24,Matches
2966,Samir Santos,br BRA,DF,Udinese,it Serie A,26,1994,17,1421,84,41.5,15.8,17,84,12,0,,0,1.12,21,25,-4,-0.25,-0.57,Matches
2967,Samir Santos,br BRA,DF,Watford,eng Premier League,26,1994,19,1673,88,48.9,18.6,19,88,16,0,,0,0.53,11,36,-25,-1.34,-0.42,Matches
2968,Sergio Santos,es ESP,DF,Real Madrid,es La Liga,20,2001,1,11,11,0.3,0.1,0,,0,1,11,0,3.00,1,0,+1,+8.18,+6.91,Matches
2969,Antonio Santurro,do DOM,GK,Udinese,it Serie A,29,1992,0,,,,,0,,0,0,,3,,,,,,,Matches
2970,Alvaro Sanz,es ESP,MF,Barcelona,es La Liga,20,2001,2,29,15,0.8,0.3,0,,0,2,15,5,2.00,0,1,-1,-3.10,-3.93,Matches
2971,Iván Sanz,es ESP,,Alavés,es La Liga,18,2003,0,,,,,0,,0,0,,1,,,,,,,Matches
2972,Riccardo Saponara,it ITA,FW,Fiorentina,it Serie A,29,1991,29,1284,44,37.5,14.3,13,73,3,16,21,7,1.69,30,13,+17,+1.19,+1.57,Matches
2973,Ivan Šaponjić,rs SRB,FW,Atlético Madrid,es La Liga,23,1997,0,,,,,0,,0,0,,4,,,,,,,Matches
2974,Pablo Sarabia,es ESP,"FW,MF",Paris Saint-Germain,fr Ligue 1,29,1992,2,22,11,0.6,0.2,0,,0,2,11,0,3.00,1,0,+1,+4.09,+2.69,Matches
2975,Marcelo Saracchi,uy URU,DF,Levante,es La Liga,23,1998,4,186,47,5.4,2.1,2,69,0,2,25,6,1.75,7,4,+3,+1.45,+2.23,Matches
2976,Josh Sargent,us USA,"FW,MF",Norwich City,eng Premier League,21,2000,26,1572,60,46.0,17.5,18,79,5,8,19,0,0.62,11,33,-22,-1.26,+0.64,Matches
2977,Jeremy Sarmiento,ec ECU,MF,Brighton,eng Premier League,19,2002,5,48,10,1.4,0.5,1,12,0,4,9,7,0.80,0,2,-2,-3.75,-3.75,Matches
2978,Bouna Sarr,sn SEN,"DF,MF",Bayern Munich,de Bundesliga,29,1992,5,64,13,2.1,0.7,0,,0,5,13,11,2.20,4,0,+4,+5.63,+3.94,Matches
2979,Ismaila Sarr,sn SEN,"MF,FW",Watford,eng Premier League,23,1998,22,1861,85,54.4,20.7,21,86,17,1,45,0,0.77,15,40,-25,-1.21,-0.17,Matches
2980,Malang Sarr,fr FRA,DF,Chelsea,eng Premier League,22,1999,8,546,68,16.0,6.1,6,85,4,2,18,21,2.00,6,7,-1,-0.16,-1.54,Matches
2981,Jacopo Sassi,it ITA,GK,Atalanta,it Serie A,18,2003,0,,,,,0,,0,0,,2,,,,,,,Matches
2982,Joan Sastre Vanrell,es ESP,DF,Mallorca,es La Liga,24,1997,7,258,37,7.5,2.9,2,90,2,5,16,10,0.86,3,10,-7,-2.44,-1.87,Matches
2983,Giacomo Satalino,it ITA,GK,Sassuolo,it Serie A,22,1999,1,8,8,0.2,0.1,0,,0,1,8,28,0.00,0,0,0,0.00,+0.05,Matches
2984,Martin Satriano,uy URU,FW,Inter,it Serie A,20,2001,4,38,10,1.1,0.4,0,,0,4,10,9,2.50,1,0,+1,+2.37,+1.01,Matches
2985,Martin Satriano,uy URU,FW,Brest,fr Ligue 1,20,2001,15,932,62,27.3,10.4,11,76,1,4,23,0,1.53,14,12,+2,+0.19,+0.55,Matches
2986,Charlie Savage,wls WAL,MF,Manchester Utd,eng Premier League,18,2003,0,,,,,0,,0,0,,1,,,,,,,Matches
2987,Téji Savanier,fr FRA,MF,Montpellier,fr Ligue 1,29,1991,29,2414,83,70.6,26.8,28,85,20,1,30,0,1.24,39,40,-1,-0.04,+0.95,Matches
2988,Esteban Saveljich,me MNE,DF,Rayo Vallecano,es La Liga,30,1991,21,1700,81,49.7,18.9,21,81,12,0,,6,1.29,22,20,+2,+0.11,+0.79,Matches
2989,Stefan Savić,me MNE,DF,Atlético Madrid,es La Liga,30,1991,28,2440,87,71.3,27.1,28,87,27,0,,2,2.11,48,24,+24,+0.89,+1.07,Matches
2990,Joe Scally,us USA,"MF,DF",Gladbach,de Bundesliga,18,2002,30,1909,64,62.4,21.2,20,87,16,10,16,3,1.23,31,41,-10,-0.47,-0.71,Matches
2991,Giorgio Scalvini,it ITA,"DF,MF",Atalanta,it Serie A,17,2003,18,763,42,22.3,8.5,9,69,2,9,16,14,1.33,12,16,-4,-0.47,-1.18,Matches
2992,Gianluca Scamacca,it ITA,FW,Sassuolo,it Serie A,22,1999,36,2146,60,62.7,23.8,25,77,9,11,20,0,1.33,44,42,+2,+0.08,+0.37,Matches
2993,Dane Scarlett,eng ENG,FW,Tottenham Hotspur,eng Premier League,17,2004,1,4,4,0.1,0.0,0,,0,1,4,23,3.00,0,0,0,0.00,-0.76,Matches
2994,Kevin Schade,de GER,"MF,FW",Freiburg,de Bundesliga,19,2001,21,831,40,27.2,9.2,7,70,0,14,24,3,1.57,20,8,+12,+1.30,+1.30,Matches
2995,András Schäfer,hu HUN,MF,Union Berlin,de Bundesliga,22,1999,8,239,30,7.8,2.7,1,67,0,7,25,1,2.00,4,3,+1,+0.38,+0.22,Matches
2996,Leon Schaffran,de GER,GK,Greuther Fürth,de Bundesliga,23,1998,0,,,,,0,,0,0,,8,,,,,,,Matches
2997,Fabian Schär,ch SUI,DF,Newcastle United,eng Premier League,29,1991,25,2158,86,63.1,24.0,25,86,22,0,,13,1.56,26,32,-6,-0.25,+0.61,Matches
2998,Louis Schaub,at AUT,MF,Köln,de Bundesliga,26,1994,28,654,23,21.4,7.3,6,62,0,22,13,6,1.68,15,14,+1,+0.14,+0.06,Matches
2999,Kjell Scherpen,nl NED,GK,Brighton,eng Premier League,21,2000,0,,,,,0,,0,0,,8,,,,,,,Matches
3000,Andrea Schiavone,it ITA,MF,Salernitana,it Serie A,28,1993,14,571,41,16.7,6.3,5,76,2,9,21,7,0.21,2,18,-16,-2.52,-1.61,Matches
3001,Patrik Schick,cz CZE,FW,Leverkusen,de Bundesliga,25,1996,27,2076,77,67.8,23.1,26,79,5,1,26,0,1.96,60,35,+25,+1.08,+0.35,Matches
3002,Kingsley Schindler,gh GHA,DF,Köln,de Bundesliga,28,1993,18,349,19,11.4,3.9,1,69,0,17,16,9,1.61,13,4,+9,+2.32,+2.52,Matches
3003,Xaver Schlager,at AUT,MF,Wolfsburg,de Bundesliga,23,1997,14,1040,74,34.0,11.6,13,77,4,1,33,0,1.71,19,16,+3,+0.26,+0.88,Matches
3004,Keven Schlotterbeck,de GER,DF,Freiburg,de Bundesliga,24,1997,12,315,26,10.3,3.5,3,83,2,9,7,18,1.92,6,6,0,0.00,-0.39,Matches
3005,Nico Schlotterbeck,de GER,DF,Freiburg,de Bundesliga,21,1999,32,2785,87,91.0,30.9,32,87,28,0,,0,1.69,55,37,+18,+0.58,+2.55,Matches
3006,Jeffrey Schlupp,gh GHA,"MF,FW",Crystal Palace,eng Premier League,28,1992,32,1851,58,54.1,20.6,20,84,13,12,14,4,1.25,23,19,+4,+0.19,+0.19,Matches
3007,Kasper Schmeichel,dk DEN,GK,Leicester City,eng Premier League,34,1986,37,3330,90,97.4,37.0,37,90,37,0,,1,1.32,57,58,-1,-0.03,-4.03,Matches
3008,Jonathan Schmid,fr FRA,"MF,DF",Freiburg,de Bundesliga,31,1990,13,588,45,19.2,6.5,6,79,3,7,16,5,1.62,10,8,+2,+0.31,-0.06,Matches
3009,Dominic Schmidt,de GER,DF,Augsburg,de Bundesliga,20,2001,0,,,,,0,,0,0,,2,,,,,,,Matches
3010,Kenneth Schmidt,de GER,DF,Freiburg,de Bundesliga,19,2002,0,,,,,0,,0,0,,1,,,,,,,Matches
3011,Benno Schmitz,de GER,DF,Köln,de Bundesliga,26,1994,31,2421,78,79.1,26.9,29,82,16,2,19,1,1.58,39,41,-2,-0.07,-0.78,Matches
3012,David Schnegg,at AUT,DF,Venezia,it Serie A,22,1998,4,142,36,4.2,1.6,2,55,0,2,17,10,1.00,1,2,-1,-0.63,+0.30,Matches
3013,Morgan Schneiderlin,fr FRA,MF,Nice,fr Ligue 1,31,1989,20,649,32,19.0,7.2,5,76,4,15,18,8,1.65,12,5,+7,+0.97,+0.68,Matches
3014,Florian Schock,de GER,GK,Stuttgart,de Bundesliga,20,2001,0,,,,,0,,0,0,,7,,,,,,,Matches
3015,Alessandro Schöpf,at AUT,"MF,FW",Arminia,de Bundesliga,27,1994,31,2397,77,78.3,26.6,27,85,17,4,26,1,0.84,21,44,-23,-0.86,-0.46,Matches
3016,Jerdy Schouten,nl NED,MF,Bologna,it Serie A,24,1997,17,1392,82,40.7,15.5,16,85,12,1,28,1,1.24,15,20,-5,-0.32,-0.06,Matches
3017,Mika Schroers,de GER,"FW,MF",Gladbach,de Bundesliga,19,2002,0,,,,,0,,0,0,,1,,,,,,,Matches
3018,Arne Schulz,de GER,GK,Arminia,de Bundesliga,18,2003,0,,,,,0,,0,0,,7,,,,,,,Matches
3019,Nico Schulz,de GER,DF,Dortmund,de Bundesliga,28,1993,16,836,52,27.3,9.3,9,81,6,7,15,8,2.13,26,10,+16,+1.72,+1.03,Matches
3020,Marvin Schwäbe,de GER,GK,Köln,de Bundesliga,26,1995,21,1890,90,61.8,21.0,21,90,21,0,,10,1.62,33,28,+5,+0.24,+0.39,Matches
3021,Alexander Schwolow,de GER,GK,Hertha BSC,de Bundesliga,29,1992,25,2175,87,71.1,24.2,25,87,24,0,,0,1.04,28,51,-23,-0.95,+0.17,Matches
3022,Paolo Sciortino,fr FRA,MF,Marseille,fr Ligue 1,17,2003,0,,,,,0,,0,0,,2,,,,,,,Matches
3023,Valentino Scotta,es ESP,DF,Sevilla,es La Liga,19,2001,1,1,1,0.0,0.0,0,,0,1,1,3,1.00,0,0,0,0.00,-0.61,Matches
3024,Simone Scuffet,it ITA,GK,Udinese,it Serie A,25,1996,0,,,,,0,,0,0,,2,,,,,,,Matches
3025,Demba Seck,sn SEN,MF,Torino,it Serie A,20,2001,6,146,24,4.3,1.6,1,60,0,5,17,9,1.33,4,1,+3,+1.85,+1.79,Matches
3026,Aleksandar Sedlar,rs SRB,DF,Mallorca,es La Liga,29,1991,10,404,40,11.8,4.5,3,90,3,7,19,13,1.00,2,9,-7,-1.56,-0.96,Matches
3027,Jacopo Segre,it ITA,MF,Torino,it Serie A,24,1997,0,,,,,0,,0,0,,2,,,,,,,Matches
3028,Paul Seguin,de GER,MF,Greuther Fürth,de Bundesliga,26,1995,27,2108,78,68.9,23.4,23,87,18,4,28,0,0.56,18,54,-36,-1.54,+0.16,Matches
3029,Alidu Seidu,gh GHA,DF,Clermont Foot,fr Ligue 1,21,2000,21,1410,67,41.2,15.7,16,83,12,5,16,13,1.14,14,25,-11,-0.70,+0.19,Matches
3030,Davie Selke,de GER,FW,Hertha BSC,de Bundesliga,26,1995,25,1004,40,32.8,11.2,10,72,2,15,19,4,1.00,11,25,-14,-1.25,-0.38,Matches
3031,Matz Sels,be BEL,GK,Strasbourg,fr Ligue 1,29,1992,37,3330,90,97.4,37.0,37,90,37,0,,0,1.62,58,43,+15,+0.41,-1.59,Matches
3032,Ken Sema,se SWE,"MF,FW",Watford,eng Premier League,27,1993,18,852,47,24.9,9.5,7,87,4,11,22,13,0.83,6,15,-9,-0.95,+0.24,Matches
3033,Nélson Semedo,pt POR,MF,Wolves,eng Premier League,27,1993,25,2131,85,62.3,23.7,25,85,19,0,,4,1.56,24,18,+6,+0.25,+1.02,Matches
3034,Lion Semić,de GER,DF,Dortmund,de Bundesliga,17,2003,1,3,3,0.1,0.0,0,,0,1,3,1,3.00,0,0,0,0.00,-0.97,Matches
3035,Adrian Šemper,hr CRO,GK,Genoa,it Serie A,23,1998,1,90,90,2.6,1.0,1,90,1,0,,34,0.00,0,1,-1,-1.00,-0.14,Matches
3036,Marvin Senaya,gh GHA,"DF,MF",Strasbourg,fr Ligue 1,20,2001,0,,,,,0,,0,0,,4,,,,,,,Matches
3037,Zsombor Senkó,hu HUN,GK,Juventus,it Serie A,18,2003,0,,,,,0,,0,0,,2,,,,,,,Matches
3038,Stefano Sensi,it ITA,"MF,FW",Sampdoria,it Serie A,25,1995,11,754,69,22.0,8.4,10,73,4,1,27,1,0.91,9,13,-4,-0.48,-0.04,Matches
3039,Stefano Sensi,it ITA,FW,Inter,it Serie A,25,1995,9,167,19,4.9,1.9,1,68,0,8,12,8,2.78,3,0,+3,+1.62,+0.26,Matches
3040,Luigi Sepe,it ITA,GK,Salernitana,it Serie A,30,1991,16,1392,87,40.7,15.5,16,87,14,0,,0,1.25,18,24,-6,-0.39,+1.34,Matches
3041,Suat Serdar,de GER,MF,Hertha BSC,de Bundesliga,24,1997,30,2218,74,72.5,24.6,27,80,13,3,22,0,0.93,25,49,-24,-0.97,+0.10,Matches
3042,Laurens Serpe,it ITA,DF,Genoa,it Serie A,20,2001,1,45,45,1.3,0.5,0,,0,1,45,5,0.00,0,2,-2,-4.00,-3.17,Matches
3043,Janni Serra,de GER,FW,Arminia,de Bundesliga,23,1998,26,1117,43,36.5,12.4,15,63,1,11,16,4,0.96,12,21,-9,-0.73,+0.06,Matches
3044,Javier Serrano,es ESP,MF,Atlético Madrid,es La Liga,18,2003,5,68,14,2.0,0.8,1,45,0,4,6,15,2.60,1,0,+1,+1.32,+0.76,Matches
3045,Nicolás Serrano,es ESP,MF,Athletic Club,es La Liga,18,2003,14,317,23,9.3,3.5,3,74,1,11,9,17,1.14,3,6,-3,-0.85,-1.14,Matches
3046,Zidan Sertdemir,dk DEN,MF,Leverkusen,de Bundesliga,16,2005,3,18,6,0.6,0.2,0,,0,3,6,4,1.33,1,0,+1,+5.00,+4.05,Matches
3047,Ryan Sessegnon,eng ENG,MF,Tottenham Hotspur,eng Premier League,21,2000,15,1047,70,30.6,11.6,13,74,4,2,41,7,2.00,26,10,+16,+1.38,+0.88,Matches
3048,Nils Seufert,de GER,MF,Greuther Fürth,de Bundesliga,24,1997,4,99,25,3.2,1.1,1,57,0,3,14,9,0.75,0,3,-3,-2.73,-1.18,Matches
3049,Salva Sevilla,es ESP,MF,Mallorca,es La Liga,37,1984,28,1507,54,44.1,16.7,17,73,1,11,23,6,0.96,19,29,-10,-0.60,+0.20,Matches
3050,Stephan El Shaarawy,it ITA,MF,Roma,it Serie A,28,1992,27,1055,39,30.8,11.7,8,69,1,19,26,4,1.48,16,14,+2,+0.17,-0.36,Matches
3051,Eniss Shabani,al ALB,MF,Mainz 05,de Bundesliga,18,2003,0,,,,,0,,0,0,,1,,,,,,,Matches
3052,Jamie Shackleton,eng ENG,"DF,MF",Leeds United,eng Premier League,21,1999,14,709,51,20.7,7.9,7,75,3,7,26,14,0.86,9,14,-5,-0.63,+0.43,Matches
3053,Xherdan Shaqiri,ch SUI,MF,Lyon,fr Ligue 1,29,1991,11,679,62,19.9,7.5,9,71,1,2,18,7,2.18,13,7,+6,+0.80,+0.50,Matches
3054,Luke Shaw,eng ENG,"DF,MF",Manchester Utd,eng Premier League,26,1995,20,1601,80,46.8,17.8,19,83,15,1,17,2,1.50,31,24,+7,+0.39,+0.74,Matches
3055,Jonjo Shelvey,eng ENG,MF,Newcastle United,eng Premier League,29,1992,24,1983,83,58.0,22.0,22,89,19,2,17,1,1.50,28,31,-3,-0.14,+0.80,Matches
3056,Aimar Sher,iq IRQ,MF,Spezia,it Serie A,18,2002,1,45,45,1.3,0.5,0,,0,1,45,16,0.00,0,1,-1,-2.00,-1.23,Matches
3057,Eldor Shomurodov,uz UZB,"FW,MF",Roma,it Serie A,26,1995,28,784,28,22.9,8.7,5,77,1,23,17,9,1.39,21,14,+7,+0.80,+0.50,Matches
3058,Shola Shoretire,eng ENG,"FW,MF",Manchester Utd,eng Premier League,17,2004,1,16,16,0.5,0.2,0,,0,1,16,1,0.00,0,0,0,0.00,0.00,Matches
3059,Mahame Siby,ml MLI,MF,Strasbourg,fr Ligue 1,25,1996,2,17,9,0.5,0.2,0,,0,2,9,7,1.50,0,1,-1,-5.29,-5.77,Matches
3060,Aboubakar Sidibé,fr FRA,FW,Clermont Foot,fr Ligue 1,25,1996,1,6,6,0.2,0.1,0,,0,1,6,1,0.00,0,0,0,0.00,+0.82,Matches
3061,Ahmed Sidibé,fr FRA,MF,Saint-Étienne,fr Ligue 1,19,2002,0,,,,,0,,0,0,,1,,,,,,,Matches
3062,Alassane Sidibe,ci CIV,MF,Atalanta,it Serie A,19,2002,1,6,6,0.2,0.1,0,,0,1,6,0,1.00,0,0,0,0.00,-0.45,Matches
3063,Djibril Sidibé,fr FRA,DF,Monaco,fr Ligue 1,29,1992,17,949,56,27.7,10.5,12,71,6,5,19,15,1.53,17,13,+4,+0.38,-0.39,Matches
3064,Sidnei,br BRA,DF,Real Betis,es La Liga,31,1989,0,,,,,0,,0,0,,1,,,,,,,Matches
3065,Kaj Sierhuis,nl NED,FW,Reims,fr Ligue 1,23,1998,2,80,40,2.3,0.9,1,59,0,1,21,0,1.00,1,0,+1,+1.13,+1.18,Matches
3066,Francisco Sierralta,cl CHI,DF,Watford,eng Premier League,24,1997,5,427,85,12.5,4.7,5,85,4,0,,11,0.00,1,9,-8,-1.69,-0.63,Matches
3067,Arnór Sigurðsson,is ISL,"FW,MF",Venezia,it Serie A,22,1999,9,183,20,5.4,2.0,0,,0,9,20,12,0.44,3,5,-2,-0.98,-0.07,Matches
3068,Kiliann Sildillia,fr FRA,MF,Freiburg,de Bundesliga,19,2002,7,169,24,5.5,1.9,1,90,1,6,13,13,1.57,4,3,+1,+0.53,+0.19,Matches
3069,Adrien Silva,pt POR,MF,Sampdoria,it Serie A,32,1989,17,1083,64,31.7,12.0,12,81,6,5,23,0,1.00,21,21,0,0.00,+0.65,Matches
3070,André Silva,pt POR,FW,RB Leipzig,de Bundesliga,25,1995,33,2076,63,67.8,23.1,24,77,9,9,26,1,1.67,49,28,+21,+0.91,-0.37,Matches
3071,Bernardo Silva,pt POR,"MF,FW",Manchester City,eng Premier League,26,1994,35,2857,82,83.5,31.7,33,86,27,2,12,3,2.49,75,23,+52,+1.64,-1.72,Matches
3072,Caio Henrique Oliveira Silva,br BRA,"DF,MF",Monaco,fr Ligue 1,24,1997,34,2662,78,77.8,29.6,31,83,20,3,26,3,1.85,53,31,+22,+0.74,+0.39,Matches
3073,David Silva,es ESP,"MF,FW",Real Sociedad,es La Liga,35,1986,25,1720,69,50.3,19.1,22,75,5,3,23,1,1.76,24,11,+13,+0.68,+1.21,Matches
3074,Fábio Silva,pt POR,FW,Wolves,eng Premier League,19,2002,22,572,26,16.7,6.4,6,76,2,16,7,15,1.41,9,7,+2,+0.31,+0.54,Matches
3075,Florent da Silva,fr FRA,MF,Lyon,fr Ligue 1,18,2003,0,,,,,0,,0,0,,1,,,,,,,Matches
3076,Gabriel Silva,br BRA,"DF,MF",Saint-Étienne,fr Ligue 1,30,1991,13,713,55,20.8,7.9,9,71,5,4,19,13,0.62,7,16,-9,-1.14,-0.27,Matches
3077,Jonathan Silva,ar ARG,DF,Getafe,es La Liga,27,1994,9,226,25,6.6,2.5,1,73,0,8,19,13,0.56,0,7,-7,-2.79,-2.76,Matches
3078,Rui Silva,pt POR,GK,Real Betis,es La Liga,27,1994,22,1964,89,57.4,21.8,21,90,21,1,74,14,1.68,32,21,+11,+0.50,-0.18,Matches
3079,Thiago Silva,br BRA,DF,Chelsea,eng Premier League,36,1984,32,2650,83,77.5,29.4,28,88,26,4,49,4,1.81,59,28,+31,+1.05,-0.35,Matches
3080,Marco Silvestri,it ITA,GK,Udinese,it Serie A,30,1991,35,3150,90,92.1,35.0,35,90,35,0,,0,1.26,55,50,+5,+0.14,+0.81,Matches
3081,Mohamed Simakan,fr FRA,DF,RB Leipzig,de Bundesliga,21,2000,28,2009,72,65.7,22.3,23,81,15,5,30,2,1.82,47,20,+27,+1.21,+0.52,Matches
3082,Giovanni Simeone,ar ARG,FW,Hellas Verona,it Serie A,26,1995,35,2653,76,77.6,29.5,32,80,16,3,30,1,1.51,51,37,+14,+0.47,+1.41,Matches
3083,Giovanni Simeone,ar ARG,FW,Cagliari,it Serie A,26,1995,1,7,7,0.2,0.1,0,,0,1,7,0,1.00,0,0,0,0.00,+0.90,Matches
3084,Giuliano Simeone,ar ARG,"FW,MF",Atlético Madrid,es La Liga,18,2002,1,1,1,0.0,0.0,0,,0,1,1,13,1.00,0,0,0,0.00,-0.58,Matches
3085,Dynel Simeu,eng ENG,DF,Southampton,eng Premier League,19,2002,0,,,,,0,,0,0,,3,,,,,,,Matches
3086,Ellis Simms,eng ENG,FW,Everton,eng Premier League,20,2001,1,61,61,1.8,0.7,1,61,0,0,,6,1.00,0,0,0,0.00,+0.62,Matches
3087,Moses Simon,ng NGA,"MF,FW",Nantes,fr Ligue 1,26,1995,30,2332,78,68.2,25.9,29,80,7,1,21,2,1.43,34,28,+6,+0.23,+0.15,Matches
3088,Unai Simón,es ESP,GK,Athletic Club,es La Liga,24,1997,34,3060,90,89.5,34.0,34,90,34,0,,0,1.47,38,31,+7,+0.21,+0.21,Matches
3089,Xavi Simons,nl NED,FW,Paris Saint-Germain,fr Ligue 1,18,2003,6,132,22,3.9,1.5,1,65,0,5,13,12,2.67,1,0,+1,+0.68,-0.77,Matches
3090,Wilfried Singo,ci CIV,MF,Torino,it Serie A,20,2000,35,2607,74,76.2,29.0,32,79,15,3,22,0,1.31,34,28,+6,+0.21,+0.32,Matches
3091,Viljami Sinisalo,fi FIN,GK,Aston Villa,eng Premier League,19,2001,0,,,,,0,,0,0,,2,,,,,,,Matches
3092,Daley Sinkgraven,nl NED,DF,Leverkusen,de Bundesliga,26,1995,12,351,29,11.5,3.9,3,76,0,9,14,18,2.17,9,2,+7,+1.79,+0.93,Matches
3093,Tobias Sippel,de GER,GK,Gladbach,de Bundesliga,33,1988,1,90,90,2.9,1.0,1,90,1,0,,33,1.00,1,1,0,0.00,+0.21,Matches
3094,Hugo Siquet,be BEL,"DF,MF",Freiburg,de Bundesliga,19,2002,1,22,22,0.7,0.2,0,,0,1,22,7,0.00,0,3,-3,-12.27,-12.72,Matches
3095,Salvatore Sirigu,it ITA,GK,Genoa,it Serie A,34,1987,37,3330,90,97.4,37.0,37,90,37,0,,1,0.76,27,59,-32,-0.86,+0.14,Matches
3096,Issouf Sissokho,ml MLI,MF,Bordeaux,fr Ligue 1,19,2002,7,436,62,12.7,4.8,6,72,2,1,4,5,0.29,3,11,-8,-1.65,-0.72,Matches
3097,Ibrahima Sissoko,ml MLI,"MF,DF",Strasbourg,fr Ligue 1,23,1997,35,2303,66,67.3,25.6,26,82,13,9,19,0,1.63,43,28,+15,+0.59,+0.43,Matches
3098,Moussa Sissoko,fr FRA,MF,Watford,eng Premier League,31,1989,36,3220,89,94.2,35.8,36,89,35,0,,0,0.56,31,73,-42,-1.17,-0.72,Matches
3099,Moussa Sissoko,fr FRA,MF,Tottenham Hotspur,eng Premier League,31,1989,0,,,,,0,,0,0,,1,,,,,,,Matches
3100,Nelson Sissoko,ml MLI,DF,Saint-Étienne,fr Ligue 1,24,1997,1,45,45,1.3,0.5,1,45,0,0,,1,0.00,1,1,0,0.00,+0.93,Matches
3101,Sambou Sissoko,fr FRA,MF,Reims,fr Ligue 1,22,1999,8,176,22,5.1,2.0,0,,0,8,22,7,1.13,3,5,-2,-1.02,-1.05,Matches
3102,Antonio Sivera,es ESP,GK,Alavés,es La Liga,24,1996,4,277,69,8.1,3.1,3,90,3,1,7,33,1.00,1,4,-3,-0.97,-0.09,Matches
3103,Ellyes Skhiri,tn TUN,"MF,DF",Köln,de Bundesliga,26,1995,22,1820,83,59.5,20.2,20,88,18,2,27,0,1.64,33,25,+8,+0.40,+0.76,Matches
3104,Oliver Skipp,eng ENG,MF,Tottenham Hotspur,eng Premier League,20,2000,18,1350,75,39.5,15.0,14,87,12,4,34,1,1.78,21,13,+8,+0.53,-0.38,Matches
3105,Leo Skiri Østigård,no NOR,DF,Genoa,it Serie A,21,1999,15,1172,78,34.3,13.0,13,85,12,2,35,1,0.93,5,19,-14,-1.08,-0.31,Matches
3106,Łukasz Skorupski,pl POL,GK,Bologna,it Serie A,30,1991,36,3240,90,94.7,36.0,36,90,36,0,,0,1.17,41,53,-12,-0.33,-0.83,Matches
3107,Andreas Skov Olsen,dk DEN,MF,Bologna,it Serie A,21,1999,18,747,42,21.8,8.3,6,74,2,12,26,2,1.33,13,16,-3,-0.36,-0.09,Matches
3108,Robert Skov,dk DEN,MF,Hoffenheim,de Bundesliga,25,1996,12,368,31,12.0,4.1,3,71,1,9,17,4,0.75,5,11,-6,-1.47,-1.60,Matches
3109,Milan Škriniar,sk SVK,DF,Inter,it Serie A,26,1995,35,3150,90,92.1,35.0,35,90,35,0,,3,2.20,77,32,+45,+1.29,-1.05,Matches
3110,Petar Škuletić,rs SRB,FW,Montpellier,fr Ligue 1,31,1990,0,,,,,0,,0,0,,4,,,,,,,Matches
3111,Cieran Slicker,sct SCO,GK,Manchester City,eng Premier League,18,2002,0,,,,,0,,0,0,,3,,,,,,,Matches
3112,Islam Slimani,dz ALG,FW,Lyon,fr Ligue 1,33,1988,12,573,48,16.8,6.4,6,72,1,6,23,2,1.33,7,9,-2,-0.31,-0.85,Matches
3113,Thierry Small,eng ENG,"DF,MF",Southampton,eng Premier League,16,2004,0,,,,,0,,0,0,,3,,,,,,,Matches
3114,William Smallbone,ie IRL,"MF,FW",Southampton,eng Premier League,21,2000,4,133,33,3.9,1.5,2,57,0,2,10,12,0.25,3,5,-2,-1.35,-0.75,Matches
3115,Chris Smalling,eng ENG,DF,Roma,it Serie A,31,1989,27,2091,77,61.1,23.2,23,89,21,4,12,3,1.59,35,28,+7,+0.30,-0.31,Matches
3116,Justin Smith,ca CAN,MF,Nice,fr Ligue 1,18,2003,0,,,,,0,,0,0,,10,,,,,,,Matches
3117,Emile Smith Rowe,eng ENG,MF,Arsenal,eng Premier League,21,2000,33,1921,58,56.2,21.3,21,80,10,12,19,2,1.73,28,28,0,0.00,-0.78,Matches
3118,Cédric Soares,pt POR,DF,Arsenal,eng Premier League,29,1991,21,1486,71,43.5,16.5,16,86,12,5,24,12,1.86,22,27,-5,-0.30,-1.14,Matches
3119,Danilo Soares,br BRA,DF,Bochum,de Bundesliga,29,1991,30,2564,85,83.8,28.5,30,85,26,0,,1,1.30,32,41,-9,-0.32,+0.59,Matches
3120,Rubén Sobrino,es ESP,"FW,MF",Valencia,es La Liga,29,1992,1,14,14,0.4,0.2,0,,0,1,14,2,3.00,0,0,0,0.00,+0.13,Matches
3121,Rubén Sobrino,es ESP,"FW,MF",Cádiz,es La Liga,29,1992,33,1861,56,54.4,20.7,19,82,9,14,22,1,1.06,18,31,-13,-0.63,-0.46,Matches
3122,Alex Sola,es ESP,"DF,FW",Real Sociedad,es La Liga,22,1999,2,41,21,1.2,0.5,0,,0,2,21,3,3.00,0,0,0,0.00,-0.08,Matches
3123,Augusto Solari,ar ARG,MF,Celta Vigo,es La Liga,29,1992,26,714,27,20.9,7.9,4,56,0,22,22,7,1.12,5,12,-7,-0.88,-1.12,Matches
3124,Roberto Soldado,es ESP,FW,Levante,es La Liga,36,1985,18,664,37,19.4,7.4,7,68,0,11,17,7,0.78,10,14,-4,-0.54,+0.14,Matches
3125,Carlos Soler,es ESP,MF,Valencia,es La Liga,24,1997,32,2474,77,72.3,27.5,28,83,15,4,39,0,1.41,38,33,+5,+0.18,+1.13,Matches
3126,Marco Soler,es ESP,DF,Elche,es La Liga,21,2000,0,,,,,0,,0,0,,3,,,,,,,Matches
3127,Marco Somma,it ITA,DF,Sampdoria,it Serie A,19,2002,0,,,,,0,,0,0,,3,,,,,,,Matches
3128,Yann Sommer,ch SUI,GK,Gladbach,de Bundesliga,32,1988,33,2970,90,97.1,33.0,33,90,33,0,,1,1.33,53,60,-7,-0.21,-0.21,Matches
3129,Maximilian Somnitz,de GER,MF,Union Berlin,de Bundesliga,18,2003,0,,,,,0,,0,0,,1,,,,,,,Matches
3130,Son,es ESP,"DF,MF",Levante,es La Liga,27,1994,26,1971,76,57.6,21.9,22,83,13,4,36,9,1.04,31,40,-9,-0.41,+0.58,Matches
3131,Brandon Soppy,fr FRA,MF,Udinese,it Serie A,19,2002,28,777,28,22.7,8.6,7,65,0,21,15,8,1.04,13,12,+1,+0.12,+0.05,Matches
3132,David Soria,es ESP,GK,Getafe,es La Liga,28,1993,38,3414,90,99.8,37.9,38,90,37,0,,0,1.03,32,41,-9,-0.24,-15.24,Matches
3133,Roberto Soriano,it ITA,MF,Bologna,it Serie A,30,1991,35,2622,75,76.7,29.1,32,79,14,3,32,0,1.20,36,40,-4,-0.14,+0.65,Matches
3134,Alberto Soro,es ESP,"MF,FW",Granada,es La Liga,22,1999,16,578,36,16.9,6.4,7,68,1,9,11,18,1.06,11,13,-2,-0.31,+0.16,Matches
3135,Borna Sosa,hr CRO,"MF,DF",Stuttgart,de Bundesliga,23,1998,28,2498,89,81.6,27.8,28,89,26,0,,0,1.04,36,47,-11,-0.40,+0.72,Matches
3136,Hugo Sotelo,es ESP,MF,Celta Vigo,es La Liga,17,2003,1,2,2,0.1,0.0,0,,0,1,2,4,3.00,0,1,-1,-45.00,-45.03,Matches
3137,Florian Sotoca,fr FRA,"FW,MF",Lens,fr Ligue 1,30,1990,35,2480,71,72.5,27.6,28,81,11,7,30,1,1.77,48,36,+12,+0.44,+0.24,Matches
3138,Riccardo Sottil,it ITA,FW,Fiorentina,it Serie A,22,1999,24,1239,52,36.2,13.8,14,73,2,10,21,9,1.50,16,19,-3,-0.22,-0.67,Matches
3139,Cheick Souaré,fr FRA,MF,Marseille,fr Ligue 1,18,2002,0,,,,,0,,0,0,,1,,,,,,,Matches
3140,Tomáš Souček,cz CZE,MF,West Ham United,eng Premier League,26,1995,35,3062,87,89.5,34.0,34,90,33,1,14,1,1.43,51,46,+5,+0.15,-0.86,Matches
3141,Matìas Soulé,ar ARG,"FW,MF",Juventus,it Serie A,18,2003,2,5,3,0.1,0.1,0,,0,2,3,7,2.00,0,0,0,0.00,-0.53,Matches
3142,Sambou Soumano,sn SEN,FW,Lorient,fr Ligue 1,20,2001,21,447,21,13.1,5.0,4,66,0,17,11,3,0.81,6,6,0,0.00,+0.85,Matches
3143,Adama Soumaoro,fr FRA,DF,Bologna,it Serie A,29,1992,28,2266,81,66.3,25.2,26,86,23,2,19,5,1.25,27,26,+1,+0.04,+0.98,Matches
3144,Lassine Soumaoro,ml MLI,DF,Troyes,fr Ligue 1,18,2002,0,,,,,0,,0,0,,1,,,,,,,Matches
3145,Boubakary Soumaré,fr FRA,MF,Leicester City,eng Premier League,22,1999,19,1102,58,32.2,12.2,12,77,6,7,26,7,1.37,19,27,-8,-0.65,-1.08,Matches
3146,Madyan Sounni,fr FRA,FW,Lyon,fr Ligue 1,18,2002,0,,,,,0,,0,0,,1,,,,,,,Matches
3147,Arnaud Souquet,fr FRA,DF,Montpellier,fr Ligue 1,29,1992,34,2334,69,68.2,25.9,27,83,14,7,13,3,1.18,35,39,-4,-0.15,+0.51,Matches
3148,Djibril Sow,ch SUI,MF,Eintracht Frankfurt,de Bundesliga,24,1997,31,2415,78,78.9,26.8,28,84,18,3,19,0,1.32,36,36,0,0.00,+0.56,Matches
3149,Noé Sow,sn SEN,DF,Brest,fr Ligue 1,22,1998,0,,,,,0,,0,0,,9,,,,,,,Matches
3150,Saidou Sow,gn GUI,DF,Saint-Étienne,fr Ligue 1,19,2002,13,989,76,28.9,11.0,11,83,9,2,36,9,0.62,13,27,-14,-1.27,-0.50,Matches
3151,Samba Sow,ml MLI,MF,Lens,fr Ligue 1,32,1989,0,,,,,0,,0,0,,2,,,,,,,Matches
3152,Çağlar Söyüncü,tr TUR,DF,Leicester City,eng Premier League,25,1996,28,2497,89,73.0,27.7,28,89,27,0,,8,1.32,41,44,-3,-0.11,-0.69,Matches
3153,Jonathan Spedalieri,it ITA,DF,Napoli,it Serie A,19,2002,0,,,,,0,,0,0,,1,,,,,,,Matches
3154,Leonardo Spinazzola,it ITA,MF,Roma,it Serie A,28,1993,3,127,42,3.7,1.4,2,63,0,1,1,4,1.33,3,1,+2,+1.42,+1.03,Matches
3155,Marco Sportiello,it ITA,GK,Atalanta,it Serie A,29,1992,5,450,90,13.2,5.0,5,90,5,0,,31,0.50,3,6,-3,-0.60,-1.21,Matches
3156,Tony Springett,ie IRL,MF,Norwich City,eng Premier League,18,2002,3,141,47,4.1,1.6,1,66,0,2,38,3,0.00,0,6,-6,-3.83,-2.32,Matches
3157,Jerry St. Juste,nl NED,DF,Mainz 05,de Bundesliga,24,1996,8,604,76,19.7,6.7,7,80,6,1,45,2,1.25,7,4,+3,+0.45,+0.37,Matches
3158,Anton Stach,de GER,MF,Mainz 05,de Bundesliga,22,1998,29,1861,64,60.8,20.7,20,83,9,9,22,2,1.17,31,33,-2,-0.10,-0.62,Matches
3159,Kostas Stafylidis,gr GRE,"DF,MF",Bochum,de Bundesliga,27,1993,24,1388,58,45.4,15.4,15,80,7,9,22,3,1.33,15,27,-12,-0.78,-0.67,Matches
3160,Luca Stanga,it ITA,DF,Milan,it Serie A,19,2002,1,3,3,0.1,0.0,0,,0,1,3,3,3.00,0,0,0,0.00,-1.00,Matches
3161,Josip Stanišić,hr CRO,"DF,MF",Bayern Munich,de Bundesliga,21,2000,13,644,50,21.0,7.2,6,78,2,7,25,10,2.46,25,9,+16,+2.24,+0.60,Matches
3162,Niklas Stark,de GER,DF,Hertha BSC,de Bundesliga,26,1995,26,2031,78,66.4,22.6,22,89,21,4,20,1,1.15,26,44,-18,-0.80,+0.60,Matches
3163,Jason Steele,eng ENG,GK,Brighton,eng Premier League,30,1990,1,90,90,2.6,1.0,1,90,1,0,,32,0.00,0,2,-2,-2.00,-2.00,Matches
3164,Jed Steer,eng ENG,GK,Aston Villa,eng Premier League,28,1992,1,90,90,2.6,1.0,1,90,1,0,,18,0.00,0,3,-3,-3.00,-3.03,Matches
3165,Renato Steffen,ch SUI,MF,Wolfsburg,de Bundesliga,29,1991,20,967,48,31.6,10.7,13,64,1,7,19,11,1.55,8,18,-10,-0.93,-0.89,Matches
3166,Zack Steffen,us USA,GK,Manchester City,eng Premier League,26,1995,1,90,90,2.6,1.0,1,90,1,0,,29,3.00,2,0,+2,+2.00,+0.08,Matches
3167,Calvin Stengs,nl NED,MF,Nice,fr Ligue 1,22,1998,24,1073,45,31.4,11.9,11,76,1,13,19,8,1.71,14,8,+6,+0.50,+0.12,Matches
3168,Pascal Stenzel,de GER,DF,Stuttgart,de Bundesliga,25,1996,16,899,56,29.4,10.0,9,80,6,7,26,11,0.88,9,14,-5,-0.50,+0.04,Matches
3169,Dale Stephens,eng ENG,MF,Burnley,eng Premier League,32,1989,3,124,41,3.6,1.4,1,90,1,2,17,16,1.33,0,0,0,0.00,+0.52,Matches
3170,Jack Stephens,eng ENG,DF,Southampton,eng Premier League,27,1994,11,811,74,23.7,9.0,9,84,8,2,28,11,0.73,8,19,-11,-1.22,-0.77,Matches
3171,Raheem Sterling,eng ENG,"FW,MF",Manchester City,eng Premier League,26,1994,30,2128,71,62.2,23.6,23,85,17,7,24,7,2.43,64,17,+47,+1.99,+0.18,Matches
3172,Finley Stevens,wls WAL,DF,Brentford,eng Premier League,18,2003,1,15,15,0.4,0.2,0,,0,1,15,22,0.00,0,0,0,0.00,+0.21,Matches
3173,Angelo Stiller,de GER,MF,Hoffenheim,de Bundesliga,20,2001,26,1693,65,55.3,18.8,18,83,12,8,24,5,1.23,33,39,-6,-0.32,-0.58,Matches
3174,Lars Stindl,de GER,"MF,FW",Gladbach,de Bundesliga,32,1988,26,1629,63,53.2,18.1,20,77,7,6,14,1,1.42,29,23,+6,+0.33,+1.15,Matches
3175,Riccardo Stivanello,it ITA,DF,Bologna,it Serie A,17,2004,1,45,45,1.3,0.5,0,,0,1,45,4,3.00,1,0,+1,+2.00,+2.32,Matches
3176,Kevin Stöger,at AUT,MF,Mainz 05,de Bundesliga,27,1993,23,419,18,13.7,4.7,1,90,1,22,15,10,1.22,6,3,+3,+0.64,+0.58,Matches
3177,Petar Stojanović,si SVN,DF,Empoli,it Serie A,25,1995,33,2735,83,80.0,30.4,32,85,23,1,28,1,1.18,39,48,-9,-0.30,+1.15,Matches
3178,Denis Stojković,rs SRB,FW,Torino,it Serie A,18,2002,0,,,,,0,,0,0,,1,,,,,,,Matches
3179,John Stones,eng ENG,DF,Manchester City,eng Premier League,27,1994,14,1119,80,32.7,12.4,12,89,11,2,27,13,2.50,30,6,+24,+1.93,+0.01,Matches
3180,James Storer,eng ENG,GK,Wolves,eng Premier League,19,2001,0,,,,,0,,0,0,,1,,,,,,,Matches
3181,Thomas Strakosha,al ALB,GK,Lazio,it Serie A,26,1995,23,2070,90,60.5,23.0,23,90,23,0,,15,1.83,48,29,+19,+0.83,+0.83,Matches
3182,Diego Stramaccioni,it ITA,DF,Juventus,it Serie A,20,2001,0,,,,,0,,0,0,,2,,,,,,,Matches
3183,Stefan Strandberg,no NOR,DF,Salernitana,it Serie A,31,1990,11,933,85,27.3,10.4,11,85,10,0,,0,0.64,8,19,-11,-1.06,+0.17,Matches
3184,Robert Street,eng ENG,"FW,MF",Crystal Palace,eng Premier League,19,2001,0,,,,,0,,0,0,,2,,,,,,,Matches
3185,Dávid Strelec,sk SVK,"MF,FW",Spezia,it Serie A,20,2001,10,502,50,14.7,5.6,7,62,1,3,22,15,0.40,4,8,-4,-0.72,+0.08,Matches
3186,Tobias Strobl,de GER,MF,Augsburg,de Bundesliga,31,1990,5,323,65,10.6,3.6,4,70,2,1,45,2,0.80,5,6,-1,-0.28,+0.25,Matches
3187,Kevin Strootman,nl NED,MF,Cagliari,it Serie A,31,1990,10,640,64,18.7,7.1,7,77,2,3,33,6,0.70,9,14,-5,-0.70,+0.24,Matches
3188,Pascal Struijk,nl NED,DF,Leeds United,eng Premier League,21,1999,29,2055,71,60.1,22.8,22,86,20,7,24,2,1.00,25,52,-27,-1.18,-0.52,Matches
3189,Jens Stryger Larsen,dk DEN,"MF,DF",Udinese,it Serie A,30,1991,11,684,62,20.0,7.6,8,76,2,3,25,0,1.00,7,12,-5,-0.66,-0.92,Matches
3190,Leo Štulac,si SVN,MF,Empoli,it Serie A,26,1994,23,833,36,24.4,9.3,8,67,1,15,20,14,1.39,14,20,-6,-0.65,-0.16,Matches
3191,Stefano Sturaro,it ITA,MF,Genoa,it Serie A,28,1993,25,1766,71,51.6,19.6,24,72,8,1,45,0,0.81,8,25,-17,-0.87,0.00,Matches
3192,Damián Suárez,uy URU,"DF,MF",Getafe,es La Liga,33,1988,35,2711,77,79.3,30.1,31,84,19,4,26,1,1.11,26,28,-2,-0.07,+0.70,Matches
3193,Denis Suárez,es ESP,MF,Celta Vigo,es La Liga,27,1994,38,2819,74,82.4,31.3,33,79,13,5,40,0,1.21,39,38,+1,+0.03,+0.18,Matches
3194,Luis Suárez,uy URU,FW,Atlético Madrid,es La Liga,34,1987,35,1835,52,53.7,20.4,20,73,5,15,25,2,1.83,35,26,+9,+0.44,-0.30,Matches
3195,Mario Suárez,es ESP,DF,Rayo Vallecano,es La Liga,34,1987,14,712,51,20.8,7.9,8,86,7,6,4,23,1.07,5,15,-10,-1.26,-1.23,Matches
3196,Mathías Suárez,uy URU,DF,Montpellier,fr Ligue 1,25,1996,0,,,,,0,,0,0,,11,,,,,,,Matches
3197,Isaac Success,ng NGA,FW,Udinese,it Serie A,25,1996,22,911,41,26.6,10.1,11,65,1,11,18,2,1.23,19,19,0,0.00,-0.11,Matches
3198,Niklas Süle,de GER,"DF,MF",Bayern Munich,de Bundesliga,25,1995,28,1837,66,60.0,20.4,19,87,15,9,20,0,2.29,64,22,+42,+2.06,+0.73,Matches
3199,Kamaldeen Sulemana,gh GHA,"MF,FW",Rennes,fr Ligue 1,19,2002,20,1015,51,29.7,11.3,11,70,1,9,27,1,1.55,22,9,+13,+1.15,+0.07,Matches
3200,Crysencio Summerville,nl NED,"FW,MF",Leeds United,eng Premier League,19,2001,6,130,22,3.8,1.4,0,,0,6,22,19,0.83,3,1,+2,+1.38,+2.45,Matches
3201,Vladyslav Supriaha,ua UKR,FW,Sampdoria,it Serie A,21,2000,1,22,22,0.6,0.2,0,,0,1,22,10,3.00,0,0,0,0.00,+0.45,Matches
3202,Suso,es ESP,"FW,MF",Sevilla,es La Liga,27,1993,8,384,48,11.2,4.3,6,54,0,2,30,1,1.88,8,6,+2,+0.47,-0.15,Matches
3203,Bosko Sutalo,hr CRO,"DF,MF",Hellas Verona,it Serie A,21,2000,24,920,38,26.9,10.2,6,77,4,18,26,9,1.21,14,20,-6,-0.59,-1.02,Matches
3204,Bosko Sutalo,hr CRO,DF,Atalanta,it Serie A,21,2000,0,,,,,0,,0,0,,1,,,,,,,Matches
3205,Mattias Svanberg,se SWE,MF,Bologna,it Serie A,22,1999,36,2564,71,75.0,28.5,31,79,15,5,26,1,1.11,25,42,-17,-0.60,-1.23,Matches
3206,Michael Svoboda,at AUT,DF,Venezia,it Serie A,22,1998,18,1236,69,36.1,13.7,13,85,10,5,26,17,0.78,14,29,-15,-1.09,-0.27,Matches
3207,Zak Swanson,eng ENG,DF,Arsenal,eng Premier League,20,2000,0,,,,,0,,0,0,,15,,,,,,,Matches
3208,Abdoulaye Sylla,gn GUI,DF,Nantes,fr Ligue 1,21,2000,2,157,79,4.6,1.7,2,79,1,0,,18,0.50,3,4,-1,-0.57,-0.79,Matches
3209,Mamadou Sylla,sn SEN,FW,Alavés,es La Liga,27,1994,13,394,30,11.5,4.4,4,56,0,9,19,7,0.46,4,7,-3,-0.69,+0.24,Matches
3210,Mamadou Sylla,sn SEN,FW,Rayo Vallecano,es La Liga,27,1994,12,253,21,7.4,2.8,1,64,0,11,17,4,0.25,0,8,-8,-2.85,-2.76,Matches
3211,Ádám Szalai,hu HUN,FW,Mainz 05,de Bundesliga,33,1987,12,260,22,8.5,2.9,2,67,0,10,13,0,1.83,4,0,+4,+1.38,+1.35,Matches
3212,Wojciech Szczęsny,pl POL,GK,Juventus,it Serie A,31,1990,33,2970,90,86.8,33.0,33,90,33,0,,4,1.91,50,29,+21,+0.64,+0.84,Matches
3213,Dominik Szoboszlai,hu HUN,MF,RB Leipzig,de Bundesliga,20,2000,31,1543,50,50.4,17.1,15,79,5,16,23,3,1.58,32,24,+8,+0.47,-1.14,Matches
3214,Jakob Sørensen,dk DEN,"MF,DF",Norwich City,eng Premier League,23,1998,10,604,60,17.7,6.7,6,78,5,4,34,17,0.70,2,18,-16,-2.38,-0.95,Matches
3215,Alexander Sørloth,no NOR,FW,Real Sociedad,es La Liga,25,1995,33,1763,53,51.5,19.6,20,78,8,13,16,0,1.58,23,18,+5,+0.26,+0.36,Matches
3216,Tachi,es ESP,DF,Alavés,es La Liga,23,1997,5,239,48,7.0,2.7,2,88,1,3,21,17,0.60,0,5,-5,-1.88,-1.06,Matches
3217,Jonathan Tah,de GER,DF,Leverkusen,de Bundesliga,25,1996,33,2878,87,94.1,32.0,33,87,29,0,,0,1.85,76,45,+31,+0.97,-0.02,Matches
3218,Waniss Taibi,fr FRA,MF,Angers,fr Ligue 1,19,2002,7,132,19,3.9,1.5,1,77,0,6,9,21,1.43,1,0,+1,+0.68,+1.01,Matches
3219,Flavien Tait,fr FRA,MF,Rennes,fr Ligue 1,28,1993,28,2125,76,62.1,23.6,24,85,14,4,21,1,1.71,44,23,+21,+0.89,-0.57,Matches
3220,Adrien Tameze,cm CMR,MF,Hellas Verona,it Serie A,27,1994,38,2574,68,75.3,28.6,26,85,16,12,30,0,1.39,44,36,+8,+0.28,+0.49,Matches
3221,Japhet Tanganga,eng ENG,"DF,MF",Tottenham Hotspur,eng Premier League,22,1999,11,735,67,21.5,8.2,10,73,4,1,8,7,2.18,11,8,+3,+0.37,-0.50,Matches
3222,Renato Tapia,pe PER,MF,Celta Vigo,es La Liga,26,1995,29,1412,49,41.3,15.7,13,78,6,16,25,2,1.34,11,20,-9,-0.57,-0.98,Matches
3223,Edmond Tapsoba,bf BFA,DF,Leverkusen,de Bundesliga,22,1999,22,1814,82,59.3,20.2,19,90,19,3,35,1,1.73,43,26,+17,+0.84,-0.31,Matches
3224,Florian Tardieu,fr FRA,MF,Troyes,fr Ligue 1,29,1992,30,2632,88,77.0,29.2,29,90,29,1,22,0,0.90,28,39,-11,-0.38,+0.19,Matches
3225,Matt Targett,eng ENG,"DF,MF",Aston Villa,eng Premier League,25,1995,17,1431,84,41.8,15.9,17,84,14,0,,3,0.94,16,28,-12,-0.75,-1.21,Matches
3226,Matt Targett,eng ENG,DF,Newcastle United,eng Premier League,25,1995,16,1440,90,42.1,16.0,16,90,16,0,,0,1.94,22,19,+3,+0.19,+1.14,Matches
3227,Oussama Targhalline,ma MAR,MF,Marseille,fr Ligue 1,19,2002,2,5,3,0.1,0.1,0,,0,2,3,19,3.00,0,0,0,0.00,-0.66,Matches
3228,James Tarkowski,eng ENG,DF,Burnley,eng Premier League,28,1992,35,3106,89,90.8,34.5,35,89,34,0,,0,0.89,30,51,-21,-0.61,-1.18,Matches
3229,César Tárrega,es ESP,DF,Valencia,es La Liga,19,2002,0,,,,,0,,0,0,,5,,,,,,,Matches
3230,Ciprian Tătărușanu,ro ROU,GK,Milan,it Serie A,35,1986,6,540,90,15.8,6.0,6,90,6,0,,30,2.17,14,10,+4,+0.67,-0.40,Matches
3231,Niklas Tauer,de GER,"MF,DF",Mainz 05,de Bundesliga,20,2001,11,487,44,15.9,5.4,6,68,2,5,16,8,0.73,3,6,-3,-0.55,-0.83,Matches
3232,Nuno Tavares,pt POR,DF,Arsenal,eng Premier League,21,2000,22,1176,53,34.4,13.1,13,83,10,9,11,16,1.77,25,19,+6,+0.46,+0.18,Matches
3233,Charlie Taylor,eng ENG,DF,Burnley,eng Premier League,27,1993,31,2731,88,79.9,30.3,30,90,30,1,31,0,0.84,28,48,-20,-0.66,-0.79,Matches
3234,Loum Tchaouna,fr FRA,"FW,MF",Rennes,fr Ligue 1,17,2003,10,87,9,2.5,1.0,0,,0,10,9,18,1.60,2,3,-1,-1.03,-2.20,Matches
3235,Enzo Tchato,cm CMR,DF,Montpellier,fr Ligue 1,18,2002,1,8,8,0.2,0.1,0,,0,1,8,3,,1,0,+1,+11.25,+11.59,Matches
3236,Warren Tchimbembé,cg CGO,MF,Metz,fr Ligue 1,23,1998,9,205,23,6.0,2.3,1,67,0,8,17,7,1.22,0,3,-3,-1.32,-0.45,Matches
3237,Aurélien Tchouaméni,fr FRA,MF,Monaco,fr Ligue 1,21,2000,35,2929,84,85.6,32.5,33,87,29,2,29,0,1.89,58,33,+25,+0.77,+0.77,Matches
3238,Bryan Teixeira,cv CPV,FW,Clermont Foot,fr Ligue 1,20,2000,0,,,,,0,,0,0,,2,,,,,,,Matches
3239,Mathys Tel,fr FRA,"FW,MF",Rennes,fr Ligue 1,16,2005,7,56,8,1.6,0.6,0,,0,7,8,13,1.43,2,1,+1,+1.61,+0.51,Matches
3240,Jordan Tell,gp GLP,FW,Clermont Foot,fr Ligue 1,24,1997,15,290,19,8.5,3.2,1,75,0,14,15,4,1.20,6,6,0,0.00,+0.89,Matches
3241,Nathan Tella,ng NGA,"MF,FW",Southampton,eng Premier League,22,1999,14,804,57,23.5,8.9,10,74,1,4,15,14,0.79,14,18,-4,-0.45,+0.24,Matches
3242,Alex Telles,br BRA,DF,Manchester Utd,eng Premier League,28,1992,21,1660,79,48.5,18.4,18,88,16,3,25,8,1.57,26,26,0,0.00,0.00,Matches
3243,Cristian Tello,es ESP,MF,Real Betis,es La Liga,29,1991,23,819,36,23.9,9.1,5,77,2,18,24,12,1.48,15,14,+1,+0.11,-0.62,Matches
3244,Nahuel Tenaglia,ar ARG,DF,Alavés,es La Liga,25,1996,14,1073,77,31.4,11.9,12,85,10,2,24,2,0.79,10,21,-11,-0.92,-0.04,Matches
3245,Arnau Tenas,es ESP,GK,Barcelona,es La Liga,20,2001,0,,,,,0,,0,0,,17,,,,,,,Matches
3246,Marc Tenas,es ESP,MF,Alavés,es La Liga,20,2001,3,54,18,1.6,0.6,0,,0,3,18,0,1.00,0,2,-2,-3.33,-2.48,Matches
3247,Marc-André ter Stegen,de GER,GK,Barcelona,es La Liga,29,1992,35,3150,90,92.1,35.0,35,90,35,0,,0,1.89,61,34,+27,+0.77,-0.23,Matches
3248,Filippo Terracciano,it ITA,DF,Hellas Verona,it Serie A,18,2003,1,7,7,0.2,0.1,0,,0,1,7,2,1.00,0,0,0,0.00,-0.16,Matches
3249,Pietro Terracciano,it ITA,GK,Fiorentina,it Serie A,31,1990,32,2862,89,83.7,31.8,31,90,31,1,72,5,1.66,52,43,+9,+0.28,+0.44,Matches
3250,Martin Terrier,fr FRA,"FW,MF",Rennes,fr Ligue 1,24,1997,37,2779,75,81.3,30.9,37,75,7,0,,0,1.78,68,26,+42,+1.36,+1.36,Matches
3251,Aleksa Terzić,rs SRB,DF,Fiorentina,it Serie A,21,1999,14,274,20,8.0,3.0,1,90,1,13,14,24,2.07,4,3,+1,+0.33,+0.13,Matches
3252,Robert Tesche,de GER,MF,Bochum,de Bundesliga,34,1987,11,349,32,11.4,3.9,5,53,1,6,14,13,1.09,1,16,-15,-3.87,-3.90,Matches
3253,Tanner Tessmann,us USA,MF,Venezia,it Serie A,19,2001,20,680,34,19.9,7.6,6,65,2,14,21,17,0.75,3,12,-9,-1.19,-0.34,Matches
3254,Tetê,br BRA,"FW,MF",Lyon,fr Ligue 1,21,2000,9,583,65,17.0,6.5,7,78,3,2,18,0,2.11,19,11,+8,+1.23,+1.01,Matches
3255,Cedric Teuchert,de GER,"FW,MF",Union Berlin,de Bundesliga,24,1997,6,105,18,3.4,1.2,0,,0,6,18,2,0.83,3,3,0,0.00,-0.18,Matches
3256,Arthur Theate,be BEL,DF,Bologna,it Serie A,21,2000,31,2424,78,70.9,26.9,28,84,22,3,24,3,1.03,29,36,-7,-0.26,+0.10,Matches
3257,Jan Thielmann,de GER,"MF,FW",Köln,de Bundesliga,19,2002,29,1192,41,39.0,13.2,10,75,2,19,23,0,1.45,20,22,-2,-0.15,-0.39,Matches
3258,Sada Thioub,sn SEN,"FW,MF",Angers,fr Ligue 1,26,1995,1,3,3,0.1,0.0,0,,0,1,3,6,3.00,0,0,0,0.00,+0.29,Matches
3259,Sada Thioub,sn SEN,MF,Saint-Étienne,fr Ligue 1,26,1995,17,950,56,27.8,10.6,11,71,1,6,27,1,1.18,17,16,+1,+0.09,+1.41,Matches
3260,Bobby Thomas,eng ENG,DF,Burnley,eng Premier League,20,2001,0,,,,,0,,0,0,,24,,,,,,,Matches
3261,Luke Thomas,eng ENG,"DF,MF",Leicester City,eng Premier League,20,2001,22,1912,87,55.9,21.2,21,88,20,1,60,5,1.27,32,35,-3,-0.14,-0.50,Matches
3262,Romain Thomas,fr FRA,DF,Angers,fr Ligue 1,33,1988,30,2563,85,74.9,28.5,29,87,25,1,27,2,1.13,32,39,-7,-0.25,+0.17,Matches
3263,Adrien Thomasson,fr FRA,MF,Strasbourg,fr Ligue 1,27,1993,31,2389,77,69.9,26.5,27,85,17,4,24,0,1.61,45,33,+12,+0.45,+0.02,Matches
3264,Erik Thommy,de GER,MF,Stuttgart,de Bundesliga,26,1994,11,274,25,9.0,3.0,1,56,0,10,22,9,1.00,1,6,-5,-1.64,-1.22,Matches
3265,Dominic Thompson,eng ENG,MF,Brentford,eng Premier League,21,2000,2,146,73,4.3,1.6,2,73,0,0,,11,0.00,0,3,-3,-1.85,-1.71,Matches
3266,Morten Thorsby,no NOR,MF,Sampdoria,it Serie A,25,1996,35,2943,84,86.1,32.7,35,84,25,0,,0,0.91,41,58,-17,-0.52,-0.52,Matches
3267,Matheus Thuler,br BRA,DF,Montpellier,fr Ligue 1,22,1999,16,855,53,25.0,9.5,10,77,5,6,15,16,1.25,13,19,-6,-0.63,-0.42,Matches
3268,Khéphren Thuram,fr FRA,MF,Nice,fr Ligue 1,20,2001,36,1901,53,55.6,21.1,20,82,9,16,17,1,1.69,23,19,+4,+0.19,-0.52,Matches
3269,Marcus Thuram,fr FRA,"FW,MF",Gladbach,de Bundesliga,23,1997,21,979,47,32.0,10.9,9,75,3,12,25,1,1.38,15,28,-13,-1.20,-1.45,Matches
3270,Alexis Tibidi,fr FRA,MF,Stuttgart,de Bundesliga,17,2003,13,385,30,12.6,4.3,2,70,0,11,22,5,0.54,4,10,-6,-1.40,-1.00,Matches
3271,Cheikh Tidiane Sabaly,sn SEN,FW,Metz,fr Ligue 1,22,1999,6,150,25,4.4,1.7,2,58,0,4,9,5,1.00,4,2,+2,+1.20,+2.19,Matches
3272,Youri Tielemans,be BEL,MF,Leicester City,eng Premier League,24,1997,32,2631,82,76.9,29.2,29,88,24,3,27,1,1.47,52,42,+10,+0.34,+1.14,Matches
3273,Kieran Tierney,sct SCO,DF,Arsenal,eng Premier League,24,1997,22,1915,87,56.0,21.3,22,87,18,0,,4,1.91,33,21,+12,+0.56,+0.50,Matches
3274,Steffen Tigges,de GER,FW,Dortmund,de Bundesliga,23,1998,9,112,12,3.7,1.2,0,,0,9,12,7,2.00,6,2,+4,+3.21,+2.33,Matches
3275,Malik Tillman,us USA,MF,Bayern Munich,de Bundesliga,19,2002,4,104,26,3.4,1.2,1,74,0,3,10,13,2.25,2,2,0,0.00,-1.83,Matches
3276,Timothy Tillman,us USA,MF,Greuther Fürth,de Bundesliga,22,1999,29,2004,69,65.5,22.3,23,80,4,6,26,5,0.59,21,47,-26,-1.17,+1.22,Matches
3277,David Timor,es ESP,MF,Getafe,es La Liga,31,1989,7,341,49,10.0,3.8,3,75,1,4,29,8,0.29,0,7,-7,-1.85,-1.82,Matches
3278,Mircea Ţîrlea,ro ROU,DF,Alavés,es La Liga,21,2000,1,15,15,0.4,0.2,0,,0,1,15,3,0.00,0,0,0,0.00,+0.90,Matches
3279,Eljon Toci,al ALB,FW,Fiorentina,it Serie A,18,2003,0,,,,,0,,0,0,,1,,,,,,,Matches
3280,Jean-Clair Todibo,fr FRA,DF,Nice,fr Ligue 1,21,1999,36,3115,87,91.1,34.6,35,89,33,1,2,1,1.83,49,35,+14,+0.40,-0.19,Matches
3281,Umut Tohumcu,de GER,MF,Hoffenheim,de Bundesliga,16,2004,1,5,5,0.2,0.1,0,,0,1,5,0,0.00,0,0,0,0.00,+0.06,Matches
3282,Karl Toko Ekambi,cm CMR,"MF,FW",Lyon,fr Ligue 1,28,1992,30,2296,77,67.1,25.5,26,84,15,4,26,0,1.60,49,32,+17,+0.67,+0.83,Matches
3283,Corentin Tolisso,fr FRA,"MF,DF",Bayern Munich,de Bundesliga,26,1994,15,703,47,23.0,7.8,8,68,2,7,23,4,2.67,25,9,+16,+2.05,+0.37,Matches
3284,Jeremy Toljan,de GER,DF,Sassuolo,it Serie A,26,1994,20,1399,70,40.9,15.5,15,84,12,5,28,5,1.25,30,25,+5,+0.32,+0.63,Matches
3285,Rafael Tolói,it ITA,DF,Atalanta,it Serie A,30,1990,20,1438,72,42.0,16.0,16,84,12,4,26,1,1.80,33,22,+11,+0.69,+0.42,Matches
3286,Raúl de Tomás,es ESP,FW,Espanyol,es La Liga,26,1994,34,2914,86,85.2,32.4,33,87,19,1,45,0,1.21,37,44,-7,-0.22,+0.85,Matches
3287,Tiago Tomás,pt POR,FW,Stuttgart,de Bundesliga,19,2002,14,1075,77,35.1,11.9,13,82,6,1,10,0,1.07,15,19,-4,-0.33,+0.30,Matches
3288,Takehiro Tomiyasu,jp JPN,DF,Arsenal,eng Premier League,22,1998,21,1679,80,49.1,18.7,20,84,16,1,1,1,1.95,30,20,+10,+0.54,+0.38,Matches
3289,Takehiro Tomiyasu,jp JPN,DF,Bologna,it Serie A,22,1998,1,10,10,0.3,0.1,0,,0,1,10,0,1.00,0,0,0,0.00,+0.29,Matches
3290,James Tomkins,eng ENG,DF,Crystal Palace,eng Premier League,32,1989,8,547,68,16.0,6.1,6,88,5,2,9,19,1.00,6,11,-5,-0.82,-1.10,Matches
3291,Jonathan Tomkinson,us USA,DF,Norwich City,eng Premier League,19,2002,0,,,,,0,,0,0,,6,,,,,,,Matches
3292,Fikayo Tomori,eng ENG,DF,Milan,it Serie A,23,1997,31,2718,88,79.5,30.2,30,90,28,1,32,1,2.45,56,20,+36,+1.19,+0.94,Matches
3293,Sandro Tonali,it ITA,MF,Milan,it Serie A,21,2000,36,2600,72,76.0,28.9,31,80,18,5,22,1,2.31,54,18,+36,+1.25,+1.03,Matches
3294,Lorenzo Tonelli,it ITA,DF,Sampdoria,it Serie A,31,1990,0,,,,,0,,0,0,,1,,,,,,,Matches
3295,Lorenzo Tonelli,it ITA,DF,Empoli,it Serie A,31,1990,14,870,62,25.4,9.7,8,82,7,6,36,11,1.21,14,19,-5,-0.52,+0.01,Matches
3296,Ivan Toney,eng ENG,FW,Brentford,eng Premier League,25,1996,33,2909,88,85.1,32.3,32,90,32,1,29,0,1.24,43,47,-4,-0.12,+0.58,Matches
3297,Giacomo Toniolo,it ITA,GK,Hellas Verona,it Serie A,17,2004,0,,,,,0,,0,0,,1,,,,,,,Matches
3298,Ernesto Torregrossa,ve VEN,FW,Sampdoria,it Serie A,29,1992,10,116,12,3.4,1.3,0,,0,10,12,4,0.50,2,3,-1,-0.78,-0.34,Matches
3299,Lucas Torreira,uy URU,MF,Fiorentina,it Serie A,25,1996,31,2195,71,64.2,24.4,26,81,12,5,20,3,1.52,42,32,+10,+0.41,+0.56,Matches
3300,Raúl Torrente,es ESP,DF,Granada,es La Liga,19,2001,18,1282,71,37.5,14.2,15,80,12,3,27,11,0.94,15,20,-5,-0.35,+0.15,Matches
3301,Ferrán Torres,es ESP,FW,Barcelona,es La Liga,21,2000,18,1412,78,41.3,15.7,17,80,10,1,45,0,2.28,31,11,+20,+1.27,+0.83,Matches
3302,Ferrán Torres,es ESP,FW,Manchester City,eng Premier League,21,2000,4,303,76,8.9,3.4,4,76,2,0,,3,2.25,8,1,+7,+2.08,+0.17,Matches
3303,Óliver Torres,es ESP,"MF,FW",Sevilla,es La Liga,26,1994,26,1008,39,29.5,11.2,11,64,1,15,20,3,1.85,19,16,+3,+0.27,-0.48,Matches
3304,Pau Torres,es ESP,DF,Villarreal,es La Liga,24,1997,33,2855,87,83.5,31.7,33,87,30,0,,1,1.58,54,33,+21,+0.66,-0.13,Matches
3305,Roberto Torres,es ESP,"MF,FW",Osasuna,es La Liga,32,1989,28,809,29,23.7,9.0,6,76,0,22,16,10,0.96,10,14,-4,-0.44,-0.10,Matches
3306,Lucas Torró,es ESP,MF,Osasuna,es La Liga,27,1994,33,2725,83,79.7,30.3,32,85,22,1,18,2,1.30,27,36,-9,-0.30,+0.35,Matches
3307,Jordan Torunarigha,de GER,DF,Hertha BSC,de Bundesliga,23,1997,7,483,69,15.8,5.4,6,79,4,1,7,5,1.29,8,9,-1,-0.19,+0.97,Matches
3308,Cenk Tosun,tr TUR,"FW,MF",Everton,eng Premier League,30,1991,1,7,7,0.2,0.1,0,,0,1,7,7,0.00,0,0,0,0.00,+0.61,Matches
3309,Abdoulaye Touré,gn GUI,MF,Genoa,it Serie A,27,1994,8,430,54,12.6,4.8,6,67,1,2,14,10,0.75,4,9,-5,-1.05,-0.20,Matches
3310,Almamy Touré,ml MLI,"MF,DF",Eintracht Frankfurt,de Bundesliga,25,1996,10,506,51,16.5,5.6,5,68,1,5,33,14,1.50,6,8,-2,-0.36,-0.29,Matches
3311,Lucas Tousart,fr FRA,MF,Hertha BSC,de Bundesliga,24,1997,30,1962,65,64.1,21.8,22,86,18,8,9,1,0.90,23,58,-35,-1.61,-1.69,Matches
3312,Yoann Touzghar,tn TUN,FW,Troyes,fr Ligue 1,34,1986,28,1457,52,42.6,16.2,16,72,1,12,26,1,0.93,16,23,-7,-0.43,-0.02,Matches
3313,Andros Townsend,eng ENG,MF,Everton,eng Premier League,30,1991,21,1455,69,42.5,16.2,17,82,11,4,15,4,1.00,14,30,-16,-0.99,-0.67,Matches
3314,Lisandru Tramoni,fr FRA,MF,Cagliari,it Serie A,18,2003,0,,,,,0,,0,0,,1,,,,,,,Matches
3315,Adama Traoré,es ESP,FW,Barcelona,es La Liga,25,1996,11,382,35,11.2,4.2,4,72,1,7,14,6,2.00,12,7,+5,+1.18,+0.44,Matches
3316,Adama Traoré,es ESP,"FW,MF",Wolves,eng Premier League,25,1996,20,1067,53,31.2,11.9,10,85,5,10,22,1,1.55,9,10,-1,-0.08,+0.07,Matches
3317,Amadou Traore,fr FRA,FW,Bordeaux,fr Ligue 1,19,2002,1,19,19,0.6,0.2,0,,0,1,19,1,0.00,0,2,-2,-9.47,-8.49,Matches
3318,Bertrand Traoré,bf BFA,FW,Aston Villa,eng Premier League,25,1995,9,220,24,6.4,2.4,1,79,0,8,18,10,0.44,2,3,-1,-0.41,-0.38,Matches
3319,Boubacar Traoré,ml MLI,MF,Metz,fr Ligue 1,19,2001,27,1726,64,50.5,19.2,17,86,14,10,27,6,0.81,14,31,-17,-0.89,+0.02,Matches
3320,Charles Traore,ml MLI,DF,Nantes,fr Ligue 1,29,1992,16,718,45,21.0,8.0,7,88,5,9,11,7,1.50,11,10,+1,+0.13,-0.07,Matches
3321,Hamari Traoré,ml MLI,DF,Rennes,fr Ligue 1,29,1992,33,2890,88,84.5,32.1,33,88,25,0,,2,1.73,62,36,+26,+0.81,-1.91,Matches
3322,Ismaël Traoré,ci CIV,DF,Angers,fr Ligue 1,34,1986,37,3215,87,94.0,35.7,36,89,35,1,2,0,1.08,41,51,-10,-0.28,+0.16,Matches
3323,Kevin Trapp,de GER,GK,Eintracht Frankfurt,de Bundesliga,31,1990,32,2880,90,94.1,32.0,32,90,32,0,,0,1.28,44,46,-2,-0.06,+0.94,Matches
3324,Miguel Trauco,pe PER,"DF,MF",Saint-Étienne,fr Ligue 1,28,1992,17,1112,65,32.5,12.4,12,80,7,5,31,5,0.71,11,25,-14,-1.13,-0.31,Matches
3325,Óscar Trejo,ar ARG,MF,Rayo Vallecano,es La Liga,33,1988,32,2007,63,58.7,22.3,24,72,2,8,36,1,1.16,23,22,+1,+0.04,+0.81,Matches
3326,Trézéguet,eg EGY,"FW,MF",Aston Villa,eng Premier League,26,1994,1,11,11,0.3,0.1,0,,0,1,11,3,0.00,0,1,-1,-8.18,-8.16,Matches
3327,Manu Trigueros,es ESP,"MF,FW",Villarreal,es La Liga,29,1991,35,2178,62,63.7,24.2,27,74,6,8,21,1,1.69,51,22,+29,+1.20,+1.42,Matches
3328,Simone Trimboli,it ITA,MF,Sampdoria,it Serie A,19,2002,5,65,13,1.9,0.7,0,,0,5,13,30,0.60,1,2,-1,-1.38,-0.96,Matches
3329,Christopher Trimmel,at AUT,MF,Union Berlin,de Bundesliga,34,1987,25,1990,80,65.0,22.1,23,85,14,2,15,8,1.88,32,25,+7,+0.32,+0.40,Matches
3330,Francisco Trincão,pt POR,"FW,MF",Wolves,eng Premier League,21,1999,28,1336,48,39.1,14.8,16,74,1,12,12,9,1.21,13,15,-2,-0.13,-0.01,Matches
3331,Filippo Tripi,it ITA,MF,Roma,it Serie A,19,2002,0,,,,,0,,0,0,,6,,,,,,,Matches
3332,Kieran Trippier,eng ENG,DF,Newcastle United,eng Premier League,30,1990,6,429,72,12.5,4.8,5,81,3,1,23,1,2.17,8,5,+3,+0.63,+1.26,Matches
3333,Kieran Trippier,eng ENG,"MF,DF",Atlético Madrid,es La Liga,30,1990,15,976,65,28.5,10.8,12,73,7,3,33,1,1.73,13,13,0,0.00,-0.81,Matches
3334,William Troost-Ekong,ng NGA,DF,Watford,eng Premier League,27,1993,17,1390,82,40.6,15.4,15,90,15,2,20,11,0.76,19,30,-11,-0.71,+0.71,Matches
3335,Leandro Trossard,be BEL,"FW,MF",Brighton,eng Premier League,26,1994,34,2805,83,82.0,31.2,32,86,23,2,33,1,1.29,34,33,+1,+0.03,+0.47,Matches
3336,Alexis Trouillet,fr FRA,MF,Nice,fr Ligue 1,20,2000,0,,,,,0,,0,0,,1,,,,,,,Matches
3337,Adrien Truffert,fr FRA,DF,Rennes,fr Ligue 1,19,2001,30,1639,55,47.9,18.2,18,81,9,12,16,6,1.70,42,23,+19,+1.04,-0.12,Matches
3338,Philipp Tschauner,de GER,GK,RB Leipzig,de Bundesliga,35,1985,1,3,3,0.1,0.0,0,,0,1,3,13,3.00,0,0,0,0.00,-1.03,Matches
3339,Kostas Tsimikas,gr GRE,DF,Liverpool,eng Premier League,25,1996,13,877,67,25.6,9.7,9,90,8,4,17,23,2.15,23,6,+17,+1.74,-0.06,Matches
3340,Axel Tuanzebe,cd COD,DF,Aston Villa,eng Premier League,23,1997,9,508,56,14.9,5.6,6,83,5,3,4,8,1.44,6,10,-4,-0.71,-0.77,Matches
3341,Axel Tuanzebe,cd COD,DF,Napoli,it Serie A,23,1997,1,11,11,0.3,0.1,0,,0,1,11,9,3.00,0,0,0,0.00,-1.14,Matches
3342,Ozan Tufan,tr TUR,MF,Watford,eng Premier League,26,1995,7,334,48,9.8,3.7,4,61,0,3,30,9,0.57,4,9,-5,-1.35,-0.24,Matches
3343,Ed Turns,wls WAL,DF,Brighton,eng Premier League,18,2002,0,,,,,0,,0,0,,2,,,,,,,Matches
3344,Mattia Turra,it ITA,MF,Hellas Verona,it Serie A,18,2002,0,,,,,0,,0,0,,2,,,,,,,Matches
3345,Beñat Turrientes,es ESP,MF,Real Sociedad,es La Liga,19,2002,8,207,26,6.1,2.3,1,83,0,7,18,13,1.50,2,2,0,0.00,-0.08,Matches
3346,Tuta,br BRA,DF,Eintracht Frankfurt,de Bundesliga,22,1999,26,2183,84,71.3,24.3,26,84,19,0,,4,1.31,36,37,-1,-0.04,+0.27,Matches
3347,Harry Tyrer,eng ENG,GK,Everton,eng Premier League,19,2001,0,,,,,0,,0,0,,2,,,,,,,Matches
3348,Christos Tzolis,gr GRE,"MF,FW",Norwich City,eng Premier League,19,2002,14,336,24,9.8,3.7,3,60,0,11,14,16,0.86,0,9,-9,-2.41,-0.89,Matches
3349,Destiny Udogie,it ITA,"MF,DF",Udinese,it Serie A,18,2002,35,2477,71,72.4,27.5,29,80,16,6,26,1,1.23,50,39,+11,+0.40,+1.16,Matches
3350,Matthieu Udol,fr FRA,DF,Metz,fr Ligue 1,25,1996,12,1007,84,29.4,11.2,11,90,11,1,17,0,0.58,12,26,-14,-1.25,-0.51,Matches
3351,Ike Ugbo,ca CAN,FW,Troyes,fr Ligue 1,22,1998,14,814,58,23.8,9.0,11,70,1,3,15,1,1.00,10,15,-5,-0.55,-0.17,Matches
3352,Lesley Ugochukwu,fr FRA,MF,Rennes,fr Ligue 1,17,2004,18,405,23,11.8,4.5,3,84,1,15,10,13,1.72,5,9,-4,-0.89,-2.26,Matches
3353,Hwang Ui-jo,kr KOR,FW,Bordeaux,fr Ligue 1,28,1992,32,2508,78,73.3,27.9,29,83,9,3,35,0,0.78,38,65,-27,-0.97,+0.22,Matches
3354,Anthony Ujah,ng NGA,FW,Union Berlin,de Bundesliga,30,1990,3,35,12,1.1,0.4,0,,0,3,12,10,0.00,0,0,0,0.00,-0.18,Matches
3355,Samir Ujkani,xk KVX,GK,Empoli,it Serie A,33,1988,0,,,,,0,,0,0,,35,,,,,,,Matches
3356,Maximilian Ullmann,at AUT,"MF,DF",Venezia,it Serie A,25,1996,5,246,49,7.2,2.7,2,90,2,3,22,10,0.20,3,6,-3,-1.10,-0.19,Matches
3357,Sven Ulreich,de GER,GK,Bayern Munich,de Bundesliga,32,1988,6,540,90,17.6,6.0,6,90,6,0,,18,1.17,10,11,-1,-0.17,-2.35,Matches
3358,Samuel Umtiti,fr FRA,DF,Barcelona,es La Liga,27,1993,1,90,90,2.6,1.0,1,90,1,0,,22,1.00,2,2,0,0.00,-0.81,Matches
3359,Enes Ünal,tr TUR,FW,Getafe,es La Liga,24,1997,37,2798,76,81.8,31.1,33,81,14,4,28,0,1.03,28,35,-7,-0.23,-0.08,Matches
3360,Luca Unbehaun,de GER,GK,Dortmund,de Bundesliga,20,2001,0,,,,,0,,0,0,,2,,,,,,,Matches
3361,Cengiz Ünder,tr TUR,"FW,MF",Marseille,fr Ligue 1,24,1997,32,2200,69,64.3,24.4,25,81,10,7,26,1,1.81,40,22,+18,+0.74,+0.22,Matches
3362,Dayot Upamecano,fr FRA,DF,Bayern Munich,de Bundesliga,22,1998,28,2211,79,72.3,24.6,25,86,23,3,17,4,2.39,63,26,+37,+1.51,-0.93,Matches
3363,Benjamin Uphoff,de GER,GK,Freiburg,de Bundesliga,27,1993,2,180,90,5.9,2.0,2,90,2,0,,31,0.50,3,7,-4,-2.00,-2.50,Matches
3364,Kacper Urbanski,pl POL,MF,Bologna,it Serie A,16,2004,1,45,45,1.3,0.5,0,,0,1,45,0,3.00,1,0,+1,+2.00,+2.32,Matches
3365,Jonas Urbig,de GER,GK,Köln,de Bundesliga,17,2003,0,,,,,0,,0,0,,11,,,,,,,Matches
3366,Jere Uronen,fi FIN,"DF,MF",Brest,fr Ligue 1,27,1994,15,878,59,25.7,9.8,10,79,4,5,18,17,0.87,8,15,-7,-0.72,-0.68,Matches
3367,Mark Uth,de GER,"MF,FW",Köln,de Bundesliga,29,1991,30,2025,68,66.2,22.5,24,79,3,6,22,0,1.50,41,32,+9,+0.40,+0.92,Matches
3368,Myrto Uzuni,al ALB,"MF,FW",Granada,es La Liga,26,1995,15,856,57,25.0,9.5,9,71,2,6,36,1,0.93,12,19,-7,-0.74,-0.38,Matches
3369,Antonio Vacca,it ITA,MF,Venezia,it Serie A,31,1990,21,1064,51,31.1,11.8,15,57,0,6,35,2,0.81,17,19,-2,-0.17,+1.09,Matches
3370,Álvaro Vadillo,es ESP,"FW,MF",Espanyol,es La Liga,26,1994,3,7,2,0.2,0.1,0,,0,3,2,9,0.33,0,0,0,0.00,+0.34,Matches
3371,Harvey Vale,ie IRL,MF,Chelsea,eng Premier League,17,2003,0,,,,,0,,0,0,,3,,,,,,,Matches
3372,Enzo Valentim,fr FRA,DF,Reims,fr Ligue 1,20,2000,0,,,,,0,,0,0,,2,,,,,,,Matches
3373,Óscar Valentín,es ESP,MF,Rayo Vallecano,es La Liga,26,1994,35,2569,73,75.1,28.5,29,82,13,6,30,2,1.11,28,38,-10,-0.35,-0.24,Matches
3374,Germán Valera,es ESP,"FW,MF",Real Sociedad,es La Liga,19,2002,3,51,17,1.5,0.6,0,,0,3,17,2,2.33,1,1,0,0.00,-0.08,Matches
3375,Yan Valery,tn TUN,DF,Southampton,eng Premier League,22,1999,5,370,74,10.8,4.1,3,90,3,2,50,29,0.80,2,7,-5,-1.22,-0.66,Matches
3376,Martin Valjent,sk SVK,DF,Mallorca,es La Liga,25,1995,36,3181,88,93.0,35.3,36,88,34,0,,1,1.08,36,59,-23,-0.65,+0.86,Matches
3377,Jesús Vallejo,es ESP,DF,Real Madrid,es La Liga,24,1997,5,341,68,10.0,3.8,4,83,3,1,8,26,2.00,11,2,+9,+2.38,+1.21,Matches
3378,Manu Vallejo,es ESP,"MF,FW",Alavés,es La Liga,24,1997,11,370,34,10.8,4.1,2,71,0,9,25,4,0.18,3,14,-11,-2.68,-2.00,Matches
3379,Manu Vallejo,es ESP,"FW,MF",Valencia,es La Liga,24,1997,9,98,11,2.9,1.1,0,,0,9,11,13,0.56,6,1,+5,+4.59,+4.86,Matches
3380,Federico Valverde,uy URU,MF,Real Madrid,es La Liga,23,1998,31,1833,59,53.6,20.4,19,83,11,12,21,2,2.26,44,19,+25,+1.23,-0.13,Matches
3381,Virgil van Dijk,nl NED,DF,Liverpool,eng Premier League,30,1991,34,3060,90,89.5,34.0,34,90,34,0,,1,2.41,84,21,+63,+1.85,+0.60,Matches
3382,Vanderson,br BRA,"MF,DF",Monaco,fr Ligue 1,20,2001,17,1120,66,32.7,12.4,12,80,6,5,31,0,2.00,24,12,+12,+0.96,+0.46,Matches
3383,Zinho Vanheusden,be BEL,DF,Genoa,it Serie A,22,1999,14,989,71,28.9,11.0,11,83,8,3,25,4,0.57,8,25,-17,-1.55,-0.95,Matches
3384,Fabio Vanni,fr FRA,GK,Marseille,fr Ligue 1,19,2002,0,,,,,0,,0,0,,1,,,,,,,Matches
3385,Jonathan Varane,mq MTQ,MF,Lens,fr Ligue 1,19,2001,1,1,1,0.0,0.0,0,,0,1,1,9,0.00,0,0,0,0.00,-0.37,Matches
3386,Raphaël Varane,fr FRA,DF,Manchester Utd,eng Premier League,28,1993,22,1831,83,53.5,20.3,20,90,20,2,16,2,1.73,30,22,+8,+0.39,+0.85,Matches
3387,Jamie Vardy,eng ENG,FW,Leicester City,eng Premier League,34,1987,25,1806,72,52.8,20.1,20,85,15,5,23,2,1.56,37,27,+10,+0.50,+0.89,Matches
3388,Ruben Vargas,ch SUI,"MF,FW",Augsburg,de Bundesliga,22,1998,29,1984,68,64.8,22.0,26,72,3,3,39,0,1.00,22,36,-14,-0.64,-0.38,Matches
3389,Thibaut Vargas,fr FRA,"DF,MF",Montpellier,fr Ligue 1,21,2000,0,,,,,0,,0,0,,1,,,,,,,Matches
3390,Sebastian Vasiliadis,gr GRE,MF,Arminia,de Bundesliga,23,1997,19,1193,63,39.0,13.3,16,69,4,3,28,2,0.89,11,18,-7,-0.53,+0.39,Matches
3391,Johan Vásquez,mx MEX,DF,Genoa,it Serie A,22,1998,28,2279,81,66.6,25.3,27,83,22,1,35,7,0.71,14,31,-17,-0.67,+0.59,Matches
3392,Denis Vavro,sk SVK,DF,Lazio,it Serie A,25,1996,1,8,8,0.2,0.1,0,,0,1,8,12,3.00,0,0,0,0.00,-0.50,Matches
3393,José Luis García Vayá,es ESP,MF,Levante,es La Liga,22,1998,29,2012,69,58.8,22.4,23,83,14,6,19,5,1.07,29,39,-10,-0.45,+0.51,Matches
3394,Jesus Vazquez,es ESP,"MF,DF",Valencia,es La Liga,18,2003,15,813,54,23.8,9.0,8,78,3,7,27,20,1.00,7,12,-5,-0.55,-0.55,Matches
3395,Kevin Vázquez,es ESP,DF,Celta Vigo,es La Liga,28,1993,17,1334,78,39.0,14.8,16,81,10,1,45,18,1.06,16,15,+1,+0.07,+0.11,Matches
3396,Lucas Vázquez,es ESP,DF,Real Madrid,es La Liga,30,1991,29,1833,63,53.6,20.4,20,83,11,9,20,8,2.24,39,18,+21,+1.03,-0.56,Matches
3397,Matías Vecino,uy URU,MF,Inter,it Serie A,29,1991,17,377,22,11.0,4.2,2,78,1,15,15,18,2.18,12,4,+8,+1.91,+0.61,Matches
3398,Koke Vegas,es ESP,GK,Levante,es La Liga,25,1995,0,,,,,0,,0,0,,1,,,,,,,Matches
3399,Gabriel Veiga,es ESP,MF,Celta Vigo,es La Liga,19,2002,7,108,15,3.2,1.2,0,,0,7,15,4,1.86,0,3,-3,-2.50,-2.58,Matches
3400,Miguel Veloso,pt POR,MF,Hellas Verona,it Serie A,35,1986,22,1343,61,39.3,14.9,17,73,8,5,19,3,1.50,24,25,-1,-0.07,-0.37,Matches
3401,Joël Veltman,nl NED,"DF,MF",Brighton,eng Premier League,29,1992,34,2874,85,84.0,31.9,33,86,26,1,45,1,1.24,31,39,-8,-0.25,-1.24,Matches
3402,Micky van de Ven,nl NED,DF,Wolfsburg,de Bundesliga,20,2001,5,189,38,6.2,2.1,2,69,0,3,17,11,2.20,3,3,0,0.00,+0.34,Matches
3403,Unai Vencedor Paris,es ESP,MF,Athletic Club,es La Liga,20,2000,34,2383,70,69.7,26.5,29,78,13,5,27,0,1.44,28,26,+2,+0.08,-0.36,Matches
3404,Lorenzo Venuti,it ITA,DF,Fiorentina,it Serie A,26,1995,23,1571,68,45.9,17.5,20,77,11,3,14,12,1.87,26,21,+5,+0.29,+0.14,Matches
3405,Daniele Verde,it ITA,"MF,FW",Spezia,it Serie A,25,1996,33,1957,59,57.2,21.7,21,77,7,12,29,2,0.94,31,46,-15,-0.69,+0.23,Matches
3406,Simone Verdi,it ITA,"FW,MF",Torino,it Serie A,29,1992,3,46,15,1.3,0.5,0,,0,3,15,6,1.00,3,2,+1,+1.96,+1.85,Matches
3407,Simone Verdi,it ITA,"MF,FW",Salernitana,it Serie A,29,1992,15,829,55,24.2,9.2,11,68,0,4,20,1,1.07,10,17,-7,-0.76,+0.56,Matches
3408,Gonzalo Verdú,es ESP,DF,Elche,es La Liga,32,1988,19,1397,74,40.8,15.5,16,82,11,3,29,11,1.55,18,15,+3,+0.19,+0.86,Matches
3409,Jordan Veretout,fr FRA,MF,Roma,it Serie A,28,1993,36,2319,64,67.8,25.8,26,82,9,10,20,0,1.58,44,29,+15,+0.58,+0.50,Matches
3410,Edoardo Vergani,it ITA,MF,Salernitana,it Serie A,20,2001,6,102,17,3.0,1.1,1,61,0,5,8,13,0.17,2,4,-2,-1.76,-0.60,Matches
3411,Antonio Vergara,it ITA,MF,Napoli,it Serie A,18,2003,0,,,,,0,,0,0,,3,,,,,,,Matches
3412,Vincent Vermeij,nl NED,FW,Freiburg,de Bundesliga,26,1994,1,3,3,0.1,0.0,0,,0,1,3,2,1.00,0,0,0,0.00,-0.35,Matches
3413,Marco Verratti,it ITA,MF,Paris Saint-Germain,fr Ligue 1,28,1992,24,1937,81,56.6,21.5,23,83,12,1,29,0,1.92,47,22,+25,+1.16,-0.60,Matches
3414,Valerio Verre,it ITA,MF,Sampdoria,it Serie A,27,1994,11,420,38,12.3,4.7,6,51,0,5,23,0,1.36,6,11,-5,-1.07,-0.71,Matches
3415,Valerio Verre,it ITA,MF,Empoli,it Serie A,27,1994,8,310,39,9.1,3.4,4,63,0,4,15,4,0.88,2,5,-3,-0.87,-0.38,Matches
3416,Freddie Veseli,al ALB,DF,Salernitana,it Serie A,28,1992,9,596,66,17.4,6.6,8,73,4,1,12,10,0.56,5,15,-10,-1.51,-0.39,Matches
3417,Mikel Vesga,es ESP,MF,Athletic Club,es La Liga,28,1993,32,1358,42,39.7,15.1,17,67,4,15,14,5,1.53,16,16,0,0.00,-0.31,Matches
3418,Jannik Vestergaard,dk DEN,DF,Leicester City,eng Premier League,28,1992,10,567,57,16.6,6.3,6,85,5,4,14,15,1.20,12,16,-4,-0.63,-0.86,Matches
3419,Rúben Vezo,pt POR,DF,Levante,es La Liga,27,1994,32,2420,76,70.8,26.9,27,86,23,5,20,2,0.84,35,55,-20,-0.74,-0.29,Matches
3420,Guglielmo Vicario,it ITA,GK,Empoli,it Serie A,24,1996,38,3420,90,100.0,38.0,38,90,38,0,,0,1.08,50,70,-20,-0.53,,Matches
3421,Aleix Vidal,es ESP,"DF,MF",Espanyol,es La Liga,31,1989,31,1901,61,55.6,21.1,21,80,9,10,22,1,1.06,21,34,-13,-0.62,-0.62,Matches
3422,Arturo Vidal,cl CHI,MF,Inter,it Serie A,34,1987,28,741,26,21.7,8.2,2,85,0,26,22,2,2.29,16,5,+11,+1.34,-0.04,Matches
3423,Nacho Vidal,es ESP,DF,Osasuna,es La Liga,26,1995,35,2902,83,84.9,32.2,33,87,27,2,10,1,1.31,32,40,-8,-0.25,+0.79,Matches
3424,Gabriel Vidovic,hr CRO,MF,Bayern Munich,de Bundesliga,17,2003,3,36,12,1.2,0.4,0,,0,3,12,0,1.33,0,0,0,0.00,-1.79,Matches
3425,Ronaldo Vieira,gw GNB,MF,Sampdoria,it Serie A,23,1998,14,495,35,14.5,5.5,4,77,0,10,19,4,1.14,6,6,0,0.00,+0.52,Matches
3426,Nick Viergever,nl NED,DF,Greuther Fürth,de Bundesliga,31,1989,24,2133,89,69.7,23.7,24,89,23,0,,0,0.54,19,50,-31,-1.31,+0.92,Matches
3427,Luca Vignali,it ITA,MF,Spezia,it Serie A,25,1996,2,85,43,2.5,0.9,1,79,0,1,6,0,0.50,1,5,-4,-4.24,-3.53,Matches
3428,Emanuel Vignato,it ITA,MF,Bologna,it Serie A,20,2000,24,594,25,17.4,6.6,3,68,0,21,19,11,1.08,10,13,-3,-0.45,-0.20,Matches
3429,Dídac Vilà,es ESP,DF,Espanyol,es La Liga,32,1989,9,203,23,5.9,2.3,1,90,1,8,14,23,0.67,1,4,-3,-1.33,-1.05,Matches
3430,Tonny Vilhena,nl NED,"MF,FW",Espanyol,es La Liga,26,1995,17,928,55,27.1,10.3,13,65,0,4,21,0,0.88,9,15,-6,-0.58,-0.33,Matches
3431,Daniel Villahermosa,es ESP,MF,Espanyol,es La Liga,20,2001,1,23,23,0.7,0.3,0,,0,1,23,2,1.00,0,0,0,0.00,+0.34,Matches
3432,Asier Villalibre,es ESP,FW,Athletic Club,es La Liga,23,1997,19,548,29,16.0,6.1,3,80,1,16,19,3,1.53,8,8,0,0.00,-0.22,Matches
3433,Gonzalo Villar,es ESP,MF,Getafe,es La Liga,23,1998,10,298,30,8.7,3.3,2,82,1,8,17,8,0.70,2,6,-4,-1.21,-1.09,Matches
3434,Gonzalo Villar,es ESP,MF,Roma,it Serie A,23,1998,0,,,,,0,,0,0,,12,,,,,,,Matches
3435,Matías Viña,uy URU,"DF,MF",Roma,it Serie A,23,1997,26,1565,60,45.8,17.4,18,80,9,8,16,8,1.77,26,24,+2,+0.12,-0.56,Matches
3436,Nicolas Viola,it ITA,MF,Bologna,it Serie A,31,1989,6,102,17,3.0,1.1,1,51,0,5,10,18,0.17,1,3,-2,-1.76,-1.52,Matches
3437,Samuele Vitale,it ITA,GK,Sassuolo,it Serie A,18,2002,0,,,,,0,,0,0,,4,,,,,,,Matches
3438,Mattia Viti,it ITA,DF,Empoli,it Serie A,19,2002,20,1491,75,43.6,16.6,16,87,14,4,27,14,1.35,24,24,0,0.00,+0.93,Matches
3439,Vitolo,es ESP,MF,Getafe,es La Liga,31,1989,7,221,32,6.5,2.5,1,45,0,6,29,15,0.43,1,3,-2,-0.81,-0.65,Matches
3440,Daniel Vivian,es ESP,DF,Athletic Club,es La Liga,22,1999,24,1986,83,58.1,22.1,22,89,21,2,20,4,1.67,28,23,+5,+0.23,+0.10,Matches
3441,Dušan Vlahović,rs SRB,FW,Fiorentina,it Serie A,21,2000,21,1857,88,54.3,20.6,21,88,17,0,,0,1.67,39,28,+11,+0.53,+0.71,Matches
3442,Dušan Vlahović,rs SRB,FW,Juventus,it Serie A,21,2000,15,1076,72,31.5,12.0,12,83,6,3,26,0,1.87,20,11,+9,+0.75,+0.33,Matches
3443,Nikola Vlašić,hr CRO,MF,West Ham United,eng Premier League,23,1997,19,560,29,16.4,6.2,6,62,0,13,14,13,1.37,7,10,-3,-0.48,-0.86,Matches
3444,Rok Vodišek,si SVN,GK,Genoa,it Serie A,22,1998,0,,,,,0,,0,0,,5,,,,,,,Matches
3445,Andreas Voglsammer,de GER,FW,Union Berlin,de Bundesliga,29,1992,32,882,28,28.8,9.8,5,68,0,27,20,1,1.69,13,14,-1,-0.10,-0.39,Matches
3446,Kevin Vogt,de GER,DF,Hoffenheim,de Bundesliga,29,1991,30,2569,86,84.0,28.5,29,88,27,1,13,2,1.33,48,52,-4,-0.14,-0.51,Matches
3447,Robin Voisine,fr FRA,DF,Nantes,fr Ligue 1,19,2002,0,,,,,0,,0,0,,1,,,,,,,Matches
3448,Mërgim Vojvoda,xk KVX,MF,Torino,it Serie A,26,1995,29,1976,68,57.8,22.0,22,81,14,7,27,7,1.55,26,21,+5,+0.23,+0.23,Matches
3449,Kevin Volland,de GER,"MF,FW",Monaco,fr Ligue 1,29,1992,34,2436,72,71.2,27.1,29,79,10,5,30,0,1.85,50,27,+23,+0.85,+0.67,Matches
3450,Cristian Volpato,it ITA,MF,Roma,it Serie A,17,2003,3,38,13,1.1,0.4,0,,0,3,13,5,0.67,2,0,+2,+4.74,+4.36,Matches
3451,Aster Vranckx,be BEL,MF,Wolfsburg,de Bundesliga,18,2002,24,1141,48,37.3,12.7,12,75,5,12,20,6,0.96,15,22,-7,-0.55,-0.36,Matches
3452,Stefan de Vrij,nl NED,DF,Inter,it Serie A,29,1992,30,2410,80,70.5,26.8,28,85,23,2,9,2,2.13,64,27,+37,+1.38,+0.05,Matches
3453,Šime Vrsaljko,hr CRO,"DF,MF",Atlético Madrid,es La Liga,29,1992,21,914,44,26.7,10.2,10,62,4,11,27,10,1.86,18,12,+6,+0.59,+0.02,Matches
3454,Nikola Vukčević,me MNE,MF,Levante,es La Liga,29,1991,6,118,20,3.5,1.3,0,,0,6,20,26,1.17,1,3,-2,-1.53,-0.90,Matches
3455,Matěj Vydra,cz CZE,FW,Burnley,eng Premier League,29,1992,22,679,31,19.9,7.5,5,71,1,17,19,0,1.14,7,7,0,0.00,+0.62,Matches
3456,Maxime Wackers,fr FRA,DF,Lille,fr Ligue 1,23,1998,0,,,,,0,,0,0,,1,,,,,,,Matches
3457,Robert Wagner,de GER,MF,Freiburg,de Bundesliga,18,2003,0,,,,,0,,0,0,,4,,,,,,,Matches
3458,Elye Wahi,ci CIV,"FW,MF",Montpellier,fr Ligue 1,18,2003,33,1786,54,52.2,19.8,21,71,5,12,24,2,1.18,32,28,+4,+0.20,+1.08,Matches
3459,Walace,br BRA,MF,Udinese,it Serie A,26,1995,36,2970,83,86.8,33.0,33,88,27,3,26,0,1.28,55,54,+1,+0.03,-0.37,Matches
3460,Theo Walcott,eng ENG,MF,Southampton,eng Premier League,32,1989,9,379,42,11.1,4.2,5,66,0,4,12,14,1.33,7,8,-1,-0.24,+0.44,Matches
3461,Luca Waldschmidt,de GER,MF,Wolfsburg,de Bundesliga,25,1996,14,717,51,23.4,8.0,9,68,2,5,21,6,0.57,4,15,-11,-1.38,-1.38,Matches
3462,Kyle Walker,eng ENG,DF,Manchester City,eng Premier League,31,1990,20,1755,88,51.3,19.5,20,88,19,0,,7,2.20,42,14,+28,+1.44,-1.00,Matches
3463,Kyle Walker-Peters,eng ENG,DF,Southampton,eng Premier League,24,1997,32,2633,82,77.0,29.3,29,89,27,3,16,5,1.00,33,49,-16,-0.55,+0.37,Matches
3464,Sam Waller,eng ENG,GK,Burnley,eng Premier League,17,2003,0,,,,,0,,0,0,,1,,,,,,,Matches
3465,Gil-Linnart Walther,de GER,FW,Wolfsburg,de Bundesliga,18,2003,0,,,,,0,,0,0,,1,,,,,,,Matches
3466,Sebastian Walukiewicz,pl POL,DF,Cagliari,it Serie A,21,2000,7,302,43,8.8,3.4,4,61,0,3,20,7,0.29,3,8,-5,-1.49,-0.65,Matches
3467,Aaron Wan-Bissaka,cd COD,"DF,MF",Manchester Utd,eng Premier League,23,1997,20,1793,90,52.4,19.9,20,90,19,0,,10,1.25,29,35,-6,-0.30,-0.63,Matches
3468,Paul Wanner,at AUT,MF,Bayern Munich,de Bundesliga,15,2005,4,39,10,1.3,0.4,0,,0,4,10,5,2.25,1,0,+1,+2.31,+0.55,Matches
3469,Danny Ward,wls WAL,GK,Leicester City,eng Premier League,28,1993,1,90,90,2.6,1.0,1,90,1,0,,31,3.00,5,1,+4,+4.00,+4.03,Matches
3470,Joel Ward,eng ENG,DF,Crystal Palace,eng Premier League,31,1989,28,2487,89,72.7,27.6,27,90,27,1,57,5,1.29,37,37,0,0.00,-0.39,Matches
3471,James Ward-Prowse,eng ENG,MF,Southampton,eng Premier League,26,1994,36,3215,89,94.0,35.7,36,89,34,0,,0,1.00,40,63,-23,-0.64,-0.20,Matches
3472,Magnus Warming,dk DEN,FW,Torino,it Serie A,21,2000,4,58,15,1.7,0.6,0,,0,4,15,23,0.75,0,0,0,0.00,-0.13,Matches
3473,Daniel Wass,dk DEN,"DF,MF",Atlético Madrid,es La Liga,32,1989,1,45,45,1.3,0.5,0,,0,1,45,9,0.00,1,1,0,0.00,-0.59,Matches
3474,Daniel Wass,dk DEN,MF,Valencia,es La Liga,32,1989,19,1582,83,46.3,17.6,19,83,9,0,,0,1.32,24,28,-4,-0.23,-0.18,Matches
3475,Ollie Watkins,eng ENG,FW,Aston Villa,eng Premier League,25,1995,35,2952,84,86.3,32.8,33,88,28,2,23,0,1.20,46,48,-2,-0.06,-0.06,Matches
3476,Timothy Weah,us USA,"MF,FW",Lille,fr Ligue 1,21,2000,29,1616,56,47.3,18.0,17,80,9,12,21,1,1.34,23,29,-6,-0.33,-0.63,Matches
3477,Adam Webster,eng ENG,DF,Brighton,eng Premier League,26,1995,22,1434,65,41.9,15.9,16,81,13,6,22,4,1.73,21,20,+1,+0.06,+0.20,Matches
3478,Wout Weghorst,nl NED,FW,Wolfsburg,de Bundesliga,28,1992,18,1553,86,50.8,17.3,17,90,17,1,23,0,1.00,15,29,-14,-0.81,-0.99,Matches
3479,Wout Weghorst,nl NED,FW,Burnley,eng Premier League,28,1992,20,1450,73,42.4,16.1,17,81,7,3,26,0,1.15,14,20,-6,-0.37,+0.22,Matches
3480,Victor Wehbi,br BRA,GK,Cádiz,es La Liga,18,2002,0,,,,,0,,0,0,,1,,,,,,,Matches
3481,Mitchell Weiser,de GER,"DF,MF",Leverkusen,de Bundesliga,27,1994,0,,,,,0,,0,0,,2,,,,,,,Matches
3482,Noah Weißhaupt,de GER,"FW,MF",Freiburg,de Bundesliga,19,2001,10,97,10,3.2,1.1,0,,0,10,10,10,1.50,4,3,+1,+0.93,+0.59,Matches
3483,Danny Welbeck,eng ENG,"FW,MF",Brighton,eng Premier League,30,1990,25,1478,59,43.2,16.4,15,80,8,10,28,1,1.40,24,16,+8,+0.49,+0.95,Matches
3484,Reece Welch,eng ENG,DF,Everton,eng Premier League,17,2003,0,,,,,0,,0,0,,6,,,,,,,Matches
3485,Wendell,br BRA,"DF,MF",Leverkusen,de Bundesliga,28,1993,0,,,,,0,,0,0,,1,,,,,,,Matches
3486,Axel Werner,ar ARG,GK,Elche,es La Liga,25,1996,0,,,,,0,,0,0,,12,,,,,,,Matches
3487,Timo Werner,de GER,"FW,MF",Chelsea,eng Premier League,25,1996,21,1283,61,37.5,14.3,15,80,7,6,13,7,1.90,26,17,+9,+0.63,-0.80,Matches
3488,Ashley Westwood,eng ENG,MF,Burnley,eng Premier League,31,1990,27,2287,85,66.9,25.4,26,87,23,1,31,0,0.67,20,40,-20,-0.79,-0.87,Matches
3489,Charlie Whitaker,eng ENG,"FW,MF",Everton,eng Premier League,17,2003,0,,,,,0,,0,0,,1,,,,,,,Matches
3490,Ben White,eng ENG,DF,Arsenal,eng Premier League,23,1997,32,2880,90,84.2,32.0,32,90,32,0,,2,1.88,52,35,+17,+0.53,+1.20,Matches
3491,Harvey White,eng ENG,MF,Tottenham Hotspur,eng Premier League,19,2001,0,,,,,0,,0,0,,19,,,,,,,Matches
3492,Joe White,eng ENG,MF,Newcastle United,eng Premier League,18,2002,0,,,,,0,,0,0,,3,,,,,,,Matches
3493,Silvan Widmer,ch SUI,"MF,DF",Mainz 05,de Bundesliga,28,1993,33,2920,88,95.4,32.4,33,88,28,0,,0,1.36,46,43,+3,+0.09,-1.19,Matches
3494,Georginio Wijnaldum,nl NED,"MF,FW",Paris Saint-Germain,fr Ligue 1,30,1990,31,1653,53,48.3,18.4,18,79,6,13,18,3,2.29,51,20,+31,+1.69,+0.52,Matches
3495,Jetro Willems,nl NED,"DF,MF",Greuther Fürth,de Bundesliga,27,1994,24,1598,67,52.2,17.8,20,73,3,4,32,7,0.50,15,39,-24,-1.35,+0.50,Matches
3496,Brandon Williams,eng ENG,DF,Manchester Utd,eng Premier League,20,2000,0,,,,,0,,0,0,,1,,,,,,,Matches
3497,Brandon Williams,eng ENG,DF,Norwich City,eng Premier League,20,2000,26,2120,82,62.0,23.6,23,88,19,3,32,6,0.69,16,52,-36,-1.53,+0.20,Matches
3498,Iñaki Williams,gh GHA,FW,Athletic Club,es La Liga,27,1994,38,2777,73,81.2,30.9,32,82,18,6,26,0,1.45,33,25,+8,+0.26,+0.40,Matches
3499,Neco Williams,wls WAL,"DF,MF",Liverpool,eng Premier League,20,2001,1,8,8,0.2,0.1,0,,0,1,8,12,3.00,1,0,+1,+11.25,+9.48,Matches
3500,Nico Williams,es ESP,MF,Athletic Club,es La Liga,19,2002,34,1337,39,39.1,14.9,11,71,1,23,24,0,1.44,19,15,+4,+0.27,+0.14,Matches
3501,Rhys Williams,eng ENG,DF,Liverpool,eng Premier League,20,2001,0,,,,,0,,0,0,,1,,,,,,,Matches
3502,Joe Willock,eng ENG,MF,Newcastle United,eng Premier League,21,1999,29,2038,70,59.6,22.6,24,81,9,5,18,2,1.28,26,36,-10,-0.44,+0.08,Matches
3503,Callum Wilson,eng ENG,FW,Newcastle United,eng Premier League,29,1992,18,1386,77,40.5,15.4,16,84,11,2,18,0,0.83,16,32,-16,-1.04,-0.95,Matches
3504,Josh Wilson-Esbrand,eng ENG,DF,Manchester City,eng Premier League,18,2002,0,,,,,0,,0,0,,6,,,,,,,Matches
3505,Patrick Wimmer,at AUT,"MF,FW",Arminia,de Bundesliga,20,2001,31,2052,66,67.1,22.8,27,72,7,4,28,2,0.84,20,37,-17,-0.75,+0.06,Matches
3506,Jonas Wind,dk DEN,"FW,MF",Wolfsburg,de Bundesliga,22,1999,14,1180,84,38.6,13.1,14,84,7,0,,0,1.50,23,20,+3,+0.23,+0.90,Matches
3507,Marten Winkler,de GER,MF,Hertha BSC,de Bundesliga,18,2002,1,26,26,0.8,0.3,0,,0,1,26,1,0.00,0,0,0,0.00,+1.01,Matches
3508,Harry Winks,eng ENG,MF,Tottenham Hotspur,eng Premier League,25,1996,19,912,48,26.7,10.1,9,84,6,10,15,16,1.58,15,15,0,0.00,-1.04,Matches
3509,Frederik Winther,dk DEN,DF,Augsburg,de Bundesliga,20,2001,4,328,82,10.7,3.6,3,90,3,1,58,22,1.00,6,7,-1,-0.27,+0.25,Matches
3510,Florian Wirtz,de GER,MF,Leverkusen,de Bundesliga,18,2003,24,1851,77,60.5,20.6,22,83,8,2,18,0,1.79,55,34,+21,+1.02,+0.13,Matches
3511,Yoane Wissa,cd COD,FW,Brentford,eng Premier League,24,1996,30,1284,43,37.5,14.3,12,78,5,18,19,3,1.30,20,22,-2,-0.14,+0.11,Matches
3512,Axel Witsel,be BEL,"MF,DF",Dortmund,de Bundesliga,32,1989,29,1941,67,63.4,21.6,22,83,12,7,17,4,2.24,50,32,+18,+0.83,-0.37,Matches
3513,Hannes Wolf,at AUT,MF,Gladbach,de Bundesliga,22,1999,7,307,44,10.0,3.4,2,58,0,5,38,11,1.43,3,7,-4,-1.17,-1.07,Matches
3514,Marius Wolf,de GER,"MF,DF",Dortmund,de Bundesliga,26,1995,27,1321,49,43.2,14.7,15,73,2,12,19,2,2.00,35,24,+11,+0.75,-0.39,Matches
3515,Luca Wollschläger,de GER,FW,Hertha BSC,de Bundesliga,18,2003,2,16,8,0.5,0.2,0,,0,2,8,1,0.50,0,1,-1,-5.63,-4.65,Matches
3516,Jeong Woo-yeong,kr KOR,"MF,FW",Freiburg,de Bundesliga,21,1999,32,1782,56,58.2,19.8,23,70,0,9,18,0,1.59,28,29,-1,-0.05,-0.97,Matches
3517,Chris Wood,nz NZL,FW,Burnley,eng Premier League,29,1991,17,1367,80,40.0,15.2,17,80,6,0,,0,0.65,15,26,-11,-0.72,-0.37,Matches
3518,Chris Wood,nz NZL,FW,Newcastle United,eng Premier League,29,1991,17,1327,78,38.8,14.7,15,86,12,2,22,1,1.88,17,15,+2,+0.14,+1.00,Matches
3519,Ben Woodburn,wls WAL,"FW,MF",Liverpool,eng Premier League,21,1999,0,,,,,0,,0,0,,1,,,,,,,Matches
3520,Freddie Woodman,eng ENG,GK,Newcastle United,eng Premier League,24,1997,4,360,90,10.5,4.0,4,90,4,0,,1,0.25,5,12,-7,-1.75,-1.43,Matches
3521,Christopher Wooh,cm CMR,DF,Lens,fr Ligue 1,19,2001,14,1050,75,30.7,11.7,11,89,9,3,24,23,1.07,16,17,-1,-0.09,-0.66,Matches
3522,Joscha Wosz,de GER,MF,RB Leipzig,de Bundesliga,19,2002,1,9,9,0.3,0.1,0,,0,1,9,10,3.00,0,0,0,0.00,-1.03,Matches
3523,Paweł Wszołek,pl POL,"DF,MF",Union Berlin,de Bundesliga,29,1992,0,,,,,0,,0,0,,2,,,,,,,Matches
3524,Xeka,pt POR,MF,Lille,fr Ligue 1,26,1994,23,1619,70,47.3,18.0,19,82,13,4,13,4,1.74,21,18,+3,+0.17,+0.32,Matches
3525,Granit Xhaka,ch SUI,MF,Arsenal,eng Premier League,28,1992,27,2327,86,68.0,25.9,27,86,23,0,,0,1.78,46,35,+11,+0.43,+0.26,Matches
3526,Rubén Yáñez,es ESP,GK,Getafe,es La Liga,27,1993,0,,,,,0,,0,0,,36,,,,,,,Matches
3527,Sekou Yansané,fr FRA,FW,Paris Saint-Germain,fr Ligue 1,18,2003,1,16,16,0.5,0.2,0,,0,1,16,1,1.00,1,0,+1,+5.63,+4.22,Matches
3528,Andriy Yarmolenko,ua UKR,MF,West Ham United,eng Premier League,31,1989,19,316,17,9.2,3.5,1,72,0,18,14,16,1.42,3,4,-1,-0.28,-0.57,Matches
3529,Yusuf Yazıcı,tr TUR,"MF,FW",Lille,fr Ligue 1,24,1997,15,509,34,14.9,5.7,5,71,0,10,16,3,1.33,8,13,-5,-0.88,-1.04,Matches
3530,Kelvin Yeboah,it ITA,"FW,MF",Genoa,it Serie A,21,2000,17,850,50,24.9,9.4,9,71,3,8,26,0,0.94,5,11,-6,-0.64,+0.31,Matches
3531,Gerard Yepes,es ESP,MF,Sampdoria,it Serie A,18,2002,4,21,5,0.6,0.2,0,,0,4,5,14,0.25,0,0,0,0.00,+0.45,Matches
3532,Burak Yılmaz,tr TUR,FW,Lille,fr Ligue 1,36,1985,31,2211,71,64.6,24.6,25,84,12,6,17,1,1.58,31,27,+4,+0.16,+0.46,Matches
3533,Okay Yokuşlu,tr TUR,"DF,MF",Getafe,es La Liga,27,1994,11,465,42,13.6,5.2,5,80,3,6,11,5,1.09,1,4,-3,-0.58,-0.43,Matches
3534,Okay Yokuşlu,tr TUR,DF,Celta Vigo,es La Liga,27,1994,8,140,18,4.1,1.6,1,90,1,7,7,9,2.13,3,0,+3,+1.93,+2.01,Matches
3535,Leny Yoro,fr FRA,DF,Lille,fr Ligue 1,15,2005,1,13,13,0.4,0.1,0,,0,1,13,4,3.00,1,0,+1,+6.92,+6.95,Matches
3536,Maya Yoshida,jp JPN,DF,Sampdoria,it Serie A,32,1988,26,1823,70,53.3,20.3,19,86,16,7,27,5,0.81,27,42,-15,-0.74,-0.63,Matches
3537,Amin Younes,de GER,"FW,MF",Eintracht Frankfurt,de Bundesliga,27,1993,0,,,,,0,,0,0,,1,,,,,,,Matches
3538,Ashley Young,eng ENG,"DF,FW",Aston Villa,eng Premier League,36,1985,24,1250,52,36.5,13.9,10,83,6,14,30,12,1.38,19,19,0,0.00,+0.08,Matches
3539,Nathan Young-Coombes,eng ENG,FW,Brentford,eng Premier League,18,2003,1,4,4,0.1,0.0,0,,0,1,4,7,3.00,0,0,0,0.00,+0.21,Matches
3540,Zaydou Youssouf,km COM,MF,Saint-Étienne,fr Ligue 1,22,1999,30,1553,52,45.4,17.3,18,70,2,12,25,5,0.93,14,35,-21,-1.22,-0.54,Matches
3541,Mattia Zaccagni,it ITA,MF,Hellas Verona,it Serie A,26,1995,2,180,90,5.3,2.0,2,90,2,0,,0,0.00,3,6,-3,-1.50,-1.75,Matches
3542,Mattia Zaccagni,it ITA,FW,Lazio,it Serie A,26,1995,29,1876,65,54.9,20.8,21,80,11,8,23,0,1.72,48,24,+24,+1.15,+1.44,Matches
3543,Gioele Zacchi,it ITA,GK,Sassuolo,it Serie A,18,2003,0,,,,,0,,0,0,,2,,,,,,,Matches
3544,Dan-Axel Zagadou,fr FRA,DF,Dortmund,de Bundesliga,22,1999,15,952,63,31.1,10.6,10,84,8,5,22,3,1.87,29,17,+12,+1.13,+0.24,Matches
3545,Wilfried Zaha,ci CIV,"FW,MF",Crystal Palace,eng Premier League,28,1992,33,2760,84,80.7,30.7,31,87,28,2,26,0,1.30,38,33,+5,+0.16,+0.30,Matches
3546,Denis Zakaria,ch SUI,"MF,DF",Gladbach,de Bundesliga,24,1996,16,1395,87,45.6,15.5,15,90,15,1,45,0,1.13,22,27,-5,-0.32,-0.21,Matches
3547,Denis Zakaria,ch SUI,MF,Juventus,it Serie A,24,1996,9,597,66,17.5,6.6,6,80,4,3,40,1,1.89,11,7,+4,+0.60,+0.09,Matches
3548,Joseba Zaldúa,es ESP,"DF,MF",Real Sociedad,es La Liga,29,1992,24,1172,49,34.3,13.0,14,74,5,10,14,10,1.63,14,17,-3,-0.23,-0.47,Matches
3549,Nicola Zalewski,pl POL,MF,Roma,it Serie A,19,2002,16,793,50,23.2,8.8,9,70,0,7,23,18,1.63,12,7,+5,+0.57,+0.19,Matches
3550,Andre-Frank Zambo Anguissa,cm CMR,MF,Napoli,it Serie A,25,1995,25,1926,77,56.3,21.4,21,89,18,4,16,0,2.08,43,16,+27,+1.26,+0.30,Matches
3551,Nicolò Zaniolo,it ITA,"FW,MF",Roma,it Serie A,22,1999,28,1971,70,57.6,21.9,23,79,8,5,33,2,1.61,28,24,+4,+0.18,-0.56,Matches
3552,Alessandro Zanoli,it ITA,DF,Napoli,it Serie A,20,2000,12,457,38,13.4,5.1,5,81,4,7,7,21,2.00,11,6,+5,+0.98,-0.17,Matches
3553,Mattia Zanotti,it ITA,"DF,MF",Inter,it Serie A,18,2003,1,9,9,0.3,0.1,0,,0,1,9,3,3.00,0,0,0,0.00,-1.37,Matches
3554,Duván Zapata,co COL,FW,Atalanta,it Serie A,30,1991,24,1722,72,50.4,19.1,20,80,9,4,33,2,1.50,35,31,+4,+0.21,-0.48,Matches
3555,Gabriele Zappa,it ITA,"MF,DF",Cagliari,it Serie A,21,1999,25,1144,46,33.5,12.7,11,81,5,14,18,11,0.56,11,26,-15,-1.18,-0.43,Matches
3556,Davide Zappacosta,it ITA,"MF,DF",Atalanta,it Serie A,29,1992,34,2345,69,68.6,26.1,29,78,14,5,19,1,1.38,43,36,+7,+0.27,-0.57,Matches
3557,Bryan Zaragoza,es ESP,"FW,MF",Granada,es La Liga,19,2001,0,,,,,0,,0,0,,3,,,,,,,Matches
3558,Oier Zarraga,es ESP,MF,Athletic Club,es La Liga,22,1999,31,1166,38,34.1,13.0,8,77,3,23,24,2,1.45,15,13,+2,+0.15,-0.05,Matches
3559,Antonio Zarzana,es ESP,FW,Sevilla,es La Liga,19,2002,0,,,,,0,,0,0,,4,,,,,,,Matches
3560,Simone Zaza,it ITA,FW,Torino,it Serie A,30,1991,10,129,13,3.8,1.4,0,,0,10,13,6,1.10,0,0,0,0.00,-0.14,Matches
3561,Akim Zedadka,dz ALG,DF,Clermont Foot,fr Ligue 1,26,1995,38,3337,88,97.6,37.1,37,90,35,1,19,0,0.95,38,69,-31,-0.84,-0.84,Matches
3562,Deyovaisio Zeefuik,nl NED,"DF,MF",Hertha BSC,de Bundesliga,23,1998,11,565,51,18.5,6.3,6,70,3,5,29,2,1.18,9,18,-9,-1.43,-0.53,Matches
3563,Marvin Zeegelaar,nl NED,"DF,MF",Udinese,it Serie A,30,1990,14,643,46,18.8,7.1,6,84,5,8,17,22,1.21,9,15,-6,-0.84,-1.13,Matches
3564,Arber Zeneli,xk KVX,FW,Reims,fr Ligue 1,26,1995,9,409,45,12.0,4.5,4,62,0,5,32,1,1.56,8,7,+1,+0.22,+0.28,Matches
3565,Robin Zentner,de GER,GK,Mainz 05,de Bundesliga,26,1994,32,2880,90,94.1,32.0,32,90,32,0,,2,1.31,46,42,+4,+0.12,-0.38,Matches
3566,Andi Zeqiri,ch SUI,FW,Augsburg,de Bundesliga,22,1999,22,1016,46,33.2,11.3,11,67,1,11,26,2,0.91,13,18,-5,-0.44,+0.09,Matches
3567,Andi Zeqiri,ch SUI,FW,Brighton,eng Premier League,22,1999,0,,,,,0,,0,0,,3,,,,,,,Matches
3568,Mehdi Zerkane,dz ALG,MF,Bordeaux,fr Ligue 1,22,1999,6,83,14,2.4,0.9,0,,0,6,14,4,0.67,2,5,-3,-3.25,-2.28,Matches
3569,Edon Zhegrova,xk KVX,MF,Lille,fr Ligue 1,22,1999,13,481,37,14.1,5.3,5,67,1,8,18,4,1.08,7,8,-1,-0.19,-0.22,Matches
3570,Luca Zidane,dz ALG,GK,Rayo Vallecano,es La Liga,23,1998,8,645,81,18.9,7.2,8,81,7,0,,29,0.13,4,13,-9,-1.26,-1.19,Matches
3571,Piotr Zieliński,pl POL,MF,Napoli,it Serie A,27,1994,35,2086,60,61.0,23.2,26,73,7,9,20,1,2.00,41,24,+17,+0.73,-1.02,Matches
3572,Noah Zilliox,fr FRA,DF,Metz,fr Ligue 1,18,2003,0,,,,,0,,0,0,,2,,,,,,,Matches
3573,David Zima,cz CZE,DF,Torino,it Serie A,20,2000,20,1314,66,38.4,14.6,13,87,11,7,26,15,1.55,20,19,+1,+0.07,-0.10,Matches
3574,Christoph Zimmermann,de GER,DF,Norwich City,eng Premier League,28,1993,3,157,52,4.6,1.7,2,51,0,1,55,10,0.00,0,8,-8,-4.59,-3.12,Matches
3575,Oleksandr Zinchenko,ua UKR,DF,Manchester City,eng Premier League,24,1996,15,1047,70,30.6,11.6,10,90,10,5,29,17,2.67,49,9,+40,+3.44,+2.19,Matches
3576,Hakim Ziyech,ma MAR,"MF,FW",Chelsea,eng Premier League,28,1993,23,1319,57,38.6,14.7,14,82,8,9,19,13,1.91,22,12,+10,+0.68,-0.73,Matches
3577,Jeroen Zoet,nl NED,GK,Spezia,it Serie A,30,1991,7,630,90,18.4,7.0,7,90,7,0,,29,0.57,8,19,-11,-1.57,-0.96,Matches
3578,Simon Zoller,de GER,"FW,MF",Bochum,de Bundesliga,30,1991,10,596,60,19.5,6.6,6,84,4,4,23,0,1.00,9,12,-3,-0.45,-0.05,Matches
3579,Nadir Zortea,it ITA,"MF,DF",Salernitana,it Serie A,22,1999,29,1410,49,41.2,15.7,13,79,6,16,24,6,0.79,14,29,-15,-0.96,+0.39,Matches
3580,Tanguy Zoukrou,fr FRA,DF,Troyes,fr Ligue 1,18,2003,4,77,19,2.3,0.9,0,,0,4,19,4,1.00,0,3,-3,-3.51,-3.16,Matches
3581,Kurt Zouma,fr FRA,DF,West Ham United,eng Premier League,26,1994,24,2078,87,60.8,23.1,24,87,22,0,,1,1.50,33,29,+4,+0.17,-0.16,Matches
3582,Kurt Zouma,fr FRA,DF,Chelsea,eng Premier League,26,1994,0,,,,,0,,0,0,,2,,,,,,,Matches
3583,Petar Zovko,ba BIH,GK,Spezia,it Serie A,19,2002,1,29,29,0.8,0.3,0,,0,1,29,36,0.00,1,2,-1,-3.10,-2.33,Matches
3584,Igor Zubeldia,es ESP,DF,Real Sociedad,es La Liga,24,1997,26,1648,63,48.2,18.3,19,82,12,7,12,7,1.46,17,25,-8,-0.44,-1.00,Matches
3585,Martín Zubimendi,es ESP,MF,Real Sociedad,es La Liga,22,1999,36,2591,72,75.8,28.8,26,90,25,10,25,0,1.67,30,30,0,0.00,-0.33,Matches
3586,Federico Zuccon,it ITA,MF,Atalanta,it Serie A,18,2003,0,,,,,0,,0,0,,2,,,,,,,Matches
3587,Emanuele Zuelli,it ITA,MF,Juventus,it Serie A,19,2001,0,,,,,0,,0,0,,1,,,,,,,Matches
3588,Szymon Żurkowski,pl POL,MF,Empoli,it Serie A,23,1997,35,2307,66,67.5,25.6,29,76,11,6,19,2,1.17,36,43,-7,-0.27,+0.78,Matches
3589,Martin Ødegaard,no NOR,MF,Arsenal,eng Premier League,22,1998,36,2785,77,81.4,30.9,32,84,20,4,26,0,1.92,53,39,+14,+0.45,+0.59,Matches
3590,Milan Đurić,ba BIH,FW,Salernitana,it Serie A,31,1990,33,2165,66,63.3,24.1,23,81,9,10,30,0,0.85,22,39,-17,-0.71,+1.30,Matches
3591,Filip Đuričić,rs SRB,MF,Sassuolo,it Serie A,29,1992,12,671,56,19.6,7.5,9,70,1,3,15,3,0.92,8,10,-2,-0.27,-0.27,Matches
