Rk,Player,Nation,Pos,Squad,Comp,Age,Born,Playing Time_MP,Playing Time_Min,Playing Time_Mn/MP,Playing Time_Min%,Playing Time_90s,Starts_Starts,Starts_Mn/Start,Starts_Compl,Subs_Subs,Subs_Mn/Sub,Subs_unSub,Team Success_PPM,Team Success_onG,Team Success_onGA,Team Success_+/-,Team Success_+/-90,Team Success_On-Off,Matches
1,Brenden Aaronson,us USA,MF,Leeds United,eng Premier League,21,2000,36,2372,66,69.4,26.4,28,78,8,8,22,2,0.86,35,59,-24,-0.91,-0.40,Matches
2,Paxten Aaronson,us USA,MF,Eintracht Frankfurt,de Bundesliga,18,2003,7,173,25,5.7,1.9,0,,0,7,25,6,1.14,4,0,+4,+2.08,+2.02,Matches
3,James Abankwah,ie IRL,DF,Udinese,it Serie A,18,2004,2,63,32,1.8,0.7,1,58,0,1,5,33,0.00,0,0,0,0.00,+0.03,Matches
4,George Abbott,eng ENG,MF,Tottenham Hotspur,eng Premier League,16,2005,1,1,1,0.0,0.0,0,,0,1,1,1,3.00,1,0,+1,+90.00,+89.84,Matches
5,Yunis Abdelhamid,ma MAR,DF,Reims,fr Ligue 1,34,1987,37,3330,90,97.4,37.0,37,90,37,0,,0,1.38,45,42,+3,+0.08,+3.08,Matches
6,Himad Abdelli,dz ALG,"MF,FW",Angers,fr Ligue 1,22,1999,30,2137,71,62.5,23.7,24,83,14,6,23,6,0.33,21,49,-28,-1.18,+0.22,Matches
7,Salis Abdul Samed,gh GHA,MF,Lens,fr Ligue 1,22,2000,33,2894,88,84.6,32.2,33,88,30,0,,0,2.24,59,22,+37,+1.15,+0.81,Matches
8,Laurent Abergel,fr FRA,MF,Lorient,fr Ligue 1,29,1993,29,2342,81,68.5,26.0,28,83,19,1,26,0,1.72,38,35,+3,+0.12,+0.45,Matches
9,Oliver Abildgaard,dk DEN,MF,Hellas Verona,it Serie A,26,1996,13,592,46,17.3,6.6,6,80,5,7,16,5,1.08,2,11,-9,-1.37,-0.76,Matches
10,Terry Ablade,fi FIN,FW,Fulham,eng Premier League,20,2001,0,,,,,0,,0,0,,2,,,,,,,Matches
11,Matthis Abline,fr FRA,FW,Auxerre,fr Ligue 1,19,2003,19,806,42,23.6,9.0,8,73,1,11,20,1,1.11,7,14,-7,-0.78,-0.06,Matches
12,Matthis Abline,fr FRA,"FW,MF",Rennes,fr Ligue 1,19,2003,11,107,10,3.1,1.2,0,,0,11,10,4,2.27,5,0,+5,+4.21,+3.53,Matches
13,Abner,br BRA,DF,Real Betis,es La Liga,22,2000,13,607,47,17.7,6.7,7,74,3,6,15,8,1.08,7,10,-3,-0.44,-0.70,Matches
14,Zakaria Aboukhlal,ma MAR,"MF,FW",Toulouse,fr Ligue 1,22,2000,37,2473,67,72.3,27.5,28,80,12,9,26,0,1.27,38,45,-7,-0.25,-0.35,Matches
15,Tammy Abraham,eng ENG,FW,Roma,it Serie A,24,1997,38,2189,58,64.0,24.3,24,77,7,14,24,0,1.66,31,24,+7,+0.29,-0.08,Matches
16,Christian Acella,it ITA,MF,Cremonese,it Serie A,20,2002,1,15,15,0.4,0.2,0,,0,1,15,25,0.00,0,1,-1,-6.00,-5.15,Matches
17,Francesco Acerbi,it ITA,DF,Inter,it Serie A,34,1988,31,2425,78,70.9,26.9,25,90,24,6,31,3,1.94,53,30,+23,+0.85,+0.31,Matches
18,Álvaro Aceves,es ESP,GK,Valladolid,es La Liga,19,2003,1,13,13,0.4,0.1,0,,0,1,13,13,0.00,0,0,0,0.00,+0.79,Matches
19,Mohamed Achi,fr FRA,MF,Nantes,fr Ligue 1,20,2002,2,36,18,1.1,0.4,0,,0,2,18,6,0.50,1,0,+1,+2.50,+3.01,Matches
20,Marcos Acuña,ar ARG,DF,Sevilla,es La Liga,30,1991,30,1912,64,55.9,21.2,21,79,10,9,28,0,1.33,28,34,-6,-0.28,-0.22,Matches
21,Marius Adamonis,lt LTU,GK,Lazio,it Serie A,25,1997,0,,,,,0,,0,0,,38,,,,,,,Matches
22,Che Adams,sct SCO,FW,Southampton,eng Premier League,26,1996,28,1992,71,58.2,22.1,23,82,13,5,22,1,0.71,18,41,-23,-1.04,-0.16,Matches
23,Tyler Adams,us USA,MF,Leeds United,eng Premier League,23,1999,24,2156,90,63.0,24.0,24,90,23,0,,0,0.96,28,36,-8,-0.33,+1.23,Matches
24,Sargis Adamyan,am ARM,FW,Köln,de Bundesliga,29,1993,24,644,27,21.0,7.2,4,62,0,20,20,4,1.13,10,16,-6,-0.84,-0.88,Matches
25,Tosin Adarabioyo,eng ENG,DF,Fulham,eng Premier League,24,1997,25,2085,83,61.0,23.2,23,90,23,2,8,13,1.44,36,39,-3,-0.13,-0.47,Matches
26,Tayo Adaramola,ie IRL,"DF,MF",Crystal Palace,eng Premier League,18,2003,0,,,,,0,,0,0,,2,,,,,,,Matches
27,Martin Adeline,fr FRA,MF,Reims,fr Ligue 1,18,2003,5,107,21,3.1,1.2,0,,0,5,21,10,1.40,3,5,-2,-1.68,-1.74,Matches
28,Karim Adeyemi,de GER,"MF,FW",Dortmund,de Bundesliga,20,2002,24,1386,58,45.3,15.4,20,64,2,4,27,1,2.17,41,17,+24,+1.56,+0.75,Matches
29,Amine Adli,ma MAR,"FW,MF",Leverkusen,de Bundesliga,22,2000,26,1435,55,46.9,15.9,16,74,1,10,26,1,1.69,29,17,+12,+0.75,+0.97,Matches
30,Yacine Adli,fr FRA,MF,Milan,it Serie A,22,2000,6,144,24,4.2,1.6,1,59,0,5,17,32,1.17,2,4,-2,-1.25,-1.88,Matches
31,Adrián,es ESP,GK,Liverpool,eng Premier League,35,1987,0,,,,,0,,0,0,,12,,,,,,,Matches
32,Daniel Adu-Adjei,eng ENG,FW,Bournemouth,eng Premier League,17,2005,0,,,,,0,,0,0,,3,,,,,,,Matches
33,Michel Aebischer,ch SUI,"MF,FW",Bologna,it Serie A,25,1997,32,1542,48,45.1,17.1,18,72,5,14,17,6,1.50,23,26,-3,-0.18,-0.51,Matches
34,Felix Afena-Gyan,gh GHA,"FW,MF",Cremonese,it Serie A,19,2003,23,817,36,23.9,9.1,7,63,1,16,24,11,0.78,9,13,-4,-0.44,+0.56,Matches
35,Felix Afena-Gyan,gh GHA,FW,Roma,it Serie A,19,2003,0,,,,,0,,0,0,,2,,,,,,,Matches
36,Loïc Affamah,fr FRA,FW,Nantes,fr Ligue 1,20,2002,0,,,,,0,,0,0,,2,,,,,,,Matches
37,Emmanuel Agbadou,ci CIV,DF,Reims,fr Ligue 1,25,1997,29,2388,82,69.8,26.5,27,87,24,2,20,0,1.14,33,33,0,0.00,0.00,Matches
38,Julen Agirrezabala,es ESP,GK,Athletic Club,es La Liga,21,2000,8,675,84,19.7,7.5,7,90,7,1,45,26,0.75,5,6,-1,-0.13,-0.30,Matches
39,Lucien Agoume,fr FRA,MF,Troyes,fr Ligue 1,20,2002,15,1094,73,32.0,12.2,14,78,8,1,9,6,0.40,9,29,-20,-1.65,-1.03,Matches
40,Lucien Agoume,fr FRA,MF,Inter,it Serie A,20,2002,0,,,,,0,,0,0,,3,,,,,,,Matches
41,Felix Agu,ng NGA,"DF,MF",Werder Bremen,de Bundesliga,22,1999,3,49,16,1.6,0.5,0,,0,3,16,9,1.33,1,2,-1,-1.84,-1.48,Matches
42,Álvaro Aguado,es ESP,MF,Valladolid,es La Liga,26,1996,34,1888,56,55.2,21.0,18,78,11,16,31,4,1.15,19,36,-17,-0.81,-0.05,Matches
43,Kevin Agudelo,co COL,"MF,FW",Spezia,it Serie A,23,1998,34,2131,63,62.3,23.7,23,78,6,11,31,2,0.74,20,38,-18,-0.76,+0.15,Matches
44,Nayef Aguerd,ma MAR,DF,West Ham United,eng Premier League,26,1996,18,1595,89,46.6,17.7,17,89,16,1,76,3,1.06,23,28,-5,-0.28,+0.11,Matches
45,Ruben Aguilar,fr FRA,DF,Monaco,fr Ligue 1,29,1993,20,1172,59,34.3,13.0,14,76,7,6,19,5,1.95,16,21,-5,-0.38,-1.06,Matches
46,Naouirou Ahamada,fr FRA,MF,Crystal Palace,eng Premier League,20,2002,8,94,12,2.7,1.0,0,,0,8,12,3,0.38,0,2,-2,-1.91,-1.73,Matches
47,Naouirou Ahamada,fr FRA,MF,Stuttgart,de Bundesliga,20,2002,17,1398,82,45.7,15.5,17,82,6,0,,0,0.94,17,26,-9,-0.58,-0.42,Matches
48,Amar Ahmed,se SWE,FW,Troyes,fr Ligue 1,18,2004,1,20,20,0.6,0.2,0,,0,1,20,2,1.00,0,0,0,0.00,+0.95,Matches
49,Jean-Eudes Aholou,ci CIV,MF,Strasbourg,fr Ligue 1,28,1994,30,1300,43,38.0,14.4,16,67,1,14,16,5,1.03,17,22,-5,-0.35,-0.22,Matches
50,Antonis Aidonis,de GER,DF,Stuttgart,de Bundesliga,21,2001,0,,,,,0,,0,0,,5,,,,,,,Matches
51,Joseph Aidoo,gh GHA,DF,Celta Vigo,es La Liga,26,1995,35,3119,89,91.2,34.7,35,89,33,0,,0,1.14,40,48,-8,-0.23,+0.37,Matches
52,Ola Aina,ng NGA,MF,Torino,it Serie A,25,1996,19,876,46,25.6,9.7,9,75,4,10,20,3,1.53,9,7,+2,+0.21,+0.24,Matches
53,Rayan Aït-Nouri,dz ALG,"DF,MF",Wolves,eng Premier League,21,2001,21,1076,51,31.5,12.0,9,81,4,12,29,7,1.00,8,18,-10,-0.84,-0.18,Matches
54,Emanuel Aiwum,at AUT,DF,Cremonese,it Serie A,21,2000,23,1653,72,48.3,18.4,17,87,14,6,29,13,0.61,13,30,-17,-0.93,-0.11,Matches
55,Kristoffer Ajer,no NOR,DF,Brentford,eng Premier League,24,1998,9,763,85,22.3,8.5,9,85,6,0,,10,1.11,7,14,-7,-0.83,-1.47,Matches
56,Ludovic Ajorque,fr FRA,"FW,MF",Mainz 05,de Bundesliga,28,1994,17,1211,71,39.6,13.5,15,79,3,2,15,0,1.47,23,22,+1,+0.07,+0.17,Matches
57,Ludovic Ajorque,fr FRA,FW,Strasbourg,fr Ligue 1,28,1994,13,771,59,22.5,8.6,9,77,4,4,20,1,0.62,12,18,-6,-0.70,-0.63,Matches
58,Manuel Akanji,ch SUI,"DF,MF",Manchester City,eng Premier League,27,1995,29,2287,79,66.9,25.4,24,88,22,5,36,1,2.52,63,23,+40,+1.57,-0.09,Matches
59,Nathan Aké,nl NED,DF,Manchester City,eng Premier League,27,1995,26,1873,72,54.8,20.8,22,82,16,4,16,4,2.23,53,15,+38,+1.83,+0.49,Matches
60,Sergio Akieme,es ESP,DF,Almería,es La Liga,24,1997,29,2297,79,67.2,25.5,27,84,23,2,9,4,0.93,31,45,-14,-0.55,-0.39,Matches
61,Ebenezer Akinsanmiro,ng NGA,MF,Inter,it Serie A,17,2004,0,,,,,0,,0,0,,3,,,,,,,Matches
62,Babatunde Akinsola,ng NGA,MF,Valladolid,es La Liga,19,2003,1,11,11,0.3,0.1,0,,0,1,11,4,0.00,0,1,-1,-8.18,-7.42,Matches
63,Salim Akkal,fr FRA,MF,Angers,fr Ligue 1,22,2000,0,,,,,0,,0,0,,1,,,,,,,Matches
64,Maghnes Akliouche,fr FRA,"MF,FW",Monaco,fr Ligue 1,20,2002,11,402,37,11.8,4.5,5,61,0,6,16,16,1.82,6,4,+2,+0.45,+0.15,Matches
65,Paul Akouokou,ci CIV,"MF,DF",Real Betis,es La Liga,24,1997,12,447,37,13.1,5.0,3,89,2,9,20,19,1.67,2,6,-4,-0.81,-1.08,Matches
66,Jean-Daniel Akpa-Akpro,ci CIV,MF,Empoli,it Serie A,29,1992,24,1356,57,39.6,15.1,16,72,2,8,26,0,1.29,17,20,-3,-0.20,+0.19,Matches
67,Kevin Akpoguma,ng NGA,DF,Hoffenheim,de Bundesliga,27,1995,28,1950,70,63.7,21.7,21,81,14,7,35,3,1.04,21,29,-8,-0.37,-0.29,Matches
68,David Alaba,at AUT,DF,Real Madrid,es La Liga,30,1992,23,1838,80,53.7,20.4,21,86,16,2,19,3,2.30,49,18,+31,+1.52,+1.06,Matches
69,Ángel Alarcón,es ESP,FW,Barcelona,es La Liga,18,2004,4,25,6,0.7,0.3,0,,0,4,6,10,2.25,0,0,0,0.00,-1.33,Matches
70,Tomás Alarcón,cl CHI,MF,Cádiz,es La Liga,23,1999,4,223,56,6.5,2.5,2,83,1,2,29,4,0.00,0,7,-7,-2.83,-2.37,Matches
71,Lucas Alario,ar ARG,FW,Eintracht Frankfurt,de Bundesliga,29,1992,20,331,17,10.8,3.7,2,78,1,18,10,9,1.25,5,9,-4,-1.09,-1.42,Matches
72,Jordi Alba,es ESP,DF,Barcelona,es La Liga,33,1989,24,1419,59,41.5,15.8,14,83,6,10,26,12,2.17,27,8,+19,+1.21,-0.19,Matches
73,Luis Alberto,es ESP,MF,Lazio,it Serie A,29,1992,35,2442,70,71.4,27.1,27,82,16,8,27,2,1.94,49,19,+30,+1.11,+1.11,Matches
74,Raúl Albiol,es ESP,DF,Villarreal,es La Liga,36,1985,25,2119,85,62.0,23.5,24,88,22,1,15,2,1.52,29,23,+6,+0.25,-0.64,Matches
75,Marc Albrighton,eng ENG,MF,Leicester City,eng Premier League,32,1989,6,237,40,6.9,2.6,1,67,0,5,34,13,1.67,3,3,0,0.00,+0.48,Matches
76,Thiago Alcántara,es ESP,MF,Liverpool,eng Premier League,31,1991,18,1254,70,36.7,13.9,14,82,9,4,25,0,1.72,22,23,-1,-0.07,-1.28,Matches
77,Carlos Alcaraz,ar ARG,"MF,FW",Southampton,eng Premier League,19,2002,18,1029,57,30.1,11.4,13,70,2,5,24,2,0.72,15,25,-10,-0.87,+0.14,Matches
78,Rubén Alcaraz,es ESP,MF,Cádiz,es La Liga,31,1991,31,2043,66,59.7,22.7,22,80,10,9,31,0,1.29,18,26,-8,-0.35,+0.63,Matches
79,Omar Alderete,py PAR,DF,Getafe,es La Liga,25,1996,25,2047,82,59.9,22.7,23,87,19,2,23,6,1.04,19,24,-5,-0.22,+0.17,Matches
80,Iván Alejo,es ESP,MF,Cádiz,es La Liga,27,1995,31,1311,42,38.3,14.6,13,69,2,18,23,2,1.06,8,26,-18,-1.24,-1.02,Matches
81,Doğan Alemdar,tr TUR,GK,Rennes,fr Ligue 1,19,2002,6,406,68,11.9,4.5,4,90,4,2,23,32,1.67,7,8,-1,-0.22,-1.15,Matches
82,Carles Aleñá,es ESP,"MF,FW",Getafe,es La Liga,24,1998,35,2119,61,62.0,23.5,26,75,7,9,20,0,1.00,17,27,-10,-0.42,-0.36,Matches
83,Kyle Alex John,eng ENG,"DF,MF",Everton,eng Premier League,21,2001,0,,,,,0,,0,0,,2,,,,,,,Matches
84,Trent Alexander-Arnold,eng ENG,DF,Liverpool,eng Premier League,23,1998,37,2923,79,85.5,32.5,34,85,23,3,16,1,1.78,70,44,+26,+0.80,+0.44,Matches
85,Alejandro Alfaro,es ESP,MF,Elche,es La Liga,20,2002,1,15,15,0.4,0.2,0,,0,1,15,1,0.00,0,0,0,0.00,+0.98,Matches
86,Ángel Algobia,es ESP,MF,Getafe,es La Liga,23,1999,26,1138,44,33.3,12.6,11,71,3,15,24,10,1.19,17,15,+2,+0.16,+0.67,Matches
87,Mohamed Ali Cho,fr FRA,"FW,MF",Real Sociedad,es La Liga,18,2004,19,587,31,17.2,6.5,5,61,0,14,20,5,1.89,11,9,+2,+0.31,-0.14,Matches
88,Faride Alidou,de GER,FW,Eintracht Frankfurt,de Bundesliga,21,2001,15,182,12,5.9,2.0,0,,0,15,12,10,1.13,3,4,-1,-0.49,-0.71,Matches
89,Alisson,br BRA,GK,Liverpool,eng Premier League,29,1992,37,3330,90,97.4,37.0,37,90,37,0,,0,1.78,71,43,+28,+0.76,+0.76,Matches
90,Allan,br BRA,"DF,MF",Everton,eng Premier League,31,1991,0,,,,,0,,0,0,,5,,,,,,,Matches
91,Jim Allevinah,ga GAB,MF,Clermont Foot,fr Ligue 1,27,1995,36,2244,62,65.6,24.9,25,80,11,11,22,0,1.56,24,33,-9,-0.36,-0.74,Matches
92,Dele Alli,eng ENG,"FW,MF",Everton,eng Premier League,26,1996,2,40,20,1.2,0.4,0,,0,2,20,1,0.00,1,1,0,0.00,+0.61,Matches
93,Téo Allix,fr FRA,DF,Montpellier,fr Ligue 1,18,2004,0,,,,,0,,0,0,,4,,,,,,,Matches
94,Pasquale Allocca,it ITA,GK,Salernitana,it Serie A,17,2005,0,,,,,0,,0,0,,1,,,,,,,Matches
95,Domingos André Ribeiro Almeida,pt POR,MF,Valencia,es La Liga,22,2000,34,2539,75,74.2,28.2,29,84,14,5,23,2,1.15,30,32,-2,-0.07,+0.03,Matches
96,Miguel Almirón,py PAR,FW,Newcastle United,eng Premier League,28,1994,34,2491,73,72.8,27.7,29,81,6,5,26,0,1.74,42,22,+20,+0.72,-0.73,Matches
97,Nando Almodóvar,es ESP,GK,Cádiz,es La Liga,18,2003,0,,,,,0,,0,0,,1,,,,,,,Matches
98,José Alonso Lara,es ESP,MF,Real Betis,es La Liga,22,2000,0,,,,,0,,0,0,,1,,,,,,,Matches
99,Marcos Alonso,es ESP,DF,Barcelona,es La Liga,31,1990,24,1172,49,34.3,13.0,11,80,8,13,22,10,2.29,22,11,+11,+0.84,-0.72,Matches
100,Mickaël Alphonse,gp GLP,DF,Ajaccio,fr Ligue 1,33,1989,26,1361,52,39.8,15.1,14,81,9,12,19,6,0.73,7,29,-22,-1.45,-0.19,Matches
101,Agustín Álvarez,uy URU,FW,Sassuolo,it Serie A,21,2001,22,368,17,10.8,4.1,1,53,0,21,15,13,0.86,6,9,-3,-0.73,-0.41,Matches
102,Éder Álvarez Balanta,co COL,MF,Schalke 04,de Bundesliga,29,1993,6,238,40,7.8,2.6,3,50,0,3,29,3,1.50,2,3,-1,-0.38,+0.74,Matches
103,Carlos Álvarez,es ESP,MF,Sevilla,es La Liga,18,2003,1,10,10,0.3,0.1,0,,0,1,10,7,3.00,0,1,-1,-9.00,-8.84,Matches
104,Gastón Álvarez,uy URU,DF,Getafe,es La Liga,22,2000,22,1501,68,43.9,16.7,16,86,10,6,22,14,1.41,17,15,+2,+0.12,+0.73,Matches
105,Hugo Álvarez,es ESP,"DF,MF",Celta Vigo,es La Liga,19,2003,0,,,,,0,,0,0,,2,,,,,,,Matches
106,Iker Álvarez,ad AND,GK,Villarreal,es La Liga,21,2001,0,,,,,0,,0,0,,17,,,,,,,Matches
107,Julián Álvarez,ar ARG,"MF,FW",Manchester City,eng Premier League,22,2000,31,1465,47,42.8,16.3,13,85,8,18,20,6,2.42,37,16,+21,+1.29,-0.55,Matches
108,Yeray Álvarez,es ESP,DF,Athletic Club,es La Liga,27,1995,28,2332,83,68.2,25.9,27,86,21,1,12,2,1.50,33,30,+3,+0.12,+0.03,Matches
109,Diego Alves,br BRA,GK,Celta Vigo,es La Liga,37,1985,0,,,,,0,,0,0,,6,,,,,,,Matches
110,Steven Alzate,co COL,MF,Brighton,eng Premier League,23,1998,0,,,,,0,,0,0,,5,,,,,,,Matches
111,Ibrahim Amadou,fr FRA,DF,Angers,fr Ligue 1,29,1993,7,424,61,12.4,4.7,4,90,4,3,21,4,0.14,5,9,-4,-0.85,+0.47,Matches
112,Selim Amallah,ma MAR,"MF,FW",Valladolid,es La Liga,25,1996,7,267,38,7.8,3.0,3,56,0,4,25,2,1.14,6,4,+2,+0.67,+1.59,Matches
113,Emmanuel Amankwaa Akurugu,gh GHA,DF,Getafe,es La Liga,20,2001,0,,,,,0,,0,0,,1,,,,,,,Matches
114,Daniel Amartey,gh GHA,DF,Leicester City,eng Premier League,27,1994,20,1610,81,47.1,17.9,18,87,16,2,22,15,0.80,20,26,-6,-0.34,+0.21,Matches
115,Amath,sn SEN,"MF,FW",Mallorca,es La Liga,26,1996,28,1227,44,35.9,13.6,12,68,3,16,26,3,1.25,13,14,-1,-0.07,+0.13,Matches
116,Lorenzo Amatucci,it ITA,MF,Fiorentina,it Serie A,18,2004,0,,,,,0,,0,0,,4,,,,,,,Matches
117,Jordan Amavi,fr FRA,DF,Getafe,es La Liga,28,1994,5,200,40,5.8,2.2,1,58,0,4,36,23,0.80,2,2,0,0.00,+0.31,Matches
118,Lukáš Ambros,cz CZE,MF,Wolfsburg,de Bundesliga,18,2004,1,17,17,0.6,0.2,0,,0,1,17,8,0.00,0,2,-2,-10.59,-10.91,Matches
119,Wisdom Amey,it ITA,DF,Bologna,it Serie A,16,2005,0,,,,,0,,0,0,,7,,,,,,,Matches
120,Kelvin Amian,fr FRA,"DF,MF",Spezia,it Serie A,24,1998,30,2372,79,69.4,26.4,26,87,22,4,31,0,0.73,21,42,-21,-0.80,+0.06,Matches
121,Bruno Amione,ar ARG,DF,Hellas Verona,it Serie A,20,2002,1,58,58,1.7,0.6,1,58,0,0,,3,0.00,2,3,-1,-1.55,-0.83,Matches
122,Bruno Amione,ar ARG,DF,Sampdoria,it Serie A,20,2002,26,2086,80,61.0,23.2,25,83,17,1,22,6,0.62,17,42,-25,-1.08,+0.41,Matches
123,Nadiem Amiri,de GER,"MF,FW",Leverkusen,de Bundesliga,25,1996,25,977,39,31.9,10.9,9,75,2,16,19,4,1.44,19,20,-1,-0.09,-0.48,Matches
124,Samuel Amo-Ameyaw,eng ENG,"FW,MF",Southampton,eng Premier League,16,2006,1,4,4,0.1,0.0,0,,0,1,4,0,1.00,0,0,0,0.00,+0.97,Matches
125,Ethan Ampadu,wls WAL,"DF,MF",Spezia,it Serie A,21,2000,31,2639,85,77.2,29.3,31,85,22,0,,0,0.75,22,42,-20,-0.68,+0.59,Matches
126,Ethan Ampadu,wls WAL,"DF,MF",Chelsea,eng Premier League,21,2000,0,,,,,0,,0,0,,3,,,,,,,Matches
127,Sofyan Amrabat,ma MAR,MF,Fiorentina,it Serie A,25,1996,29,1998,69,58.4,22.2,24,79,11,5,23,4,1.41,29,27,+2,+0.09,-0.42,Matches
128,Ayoub Amraoui,ma MAR,DF,Nice,fr Ligue 1,18,2004,7,294,42,8.6,3.3,3,75,2,4,17,4,1.71,5,3,+2,+0.61,+0.35,Matches
129,Joseph Anang,gh GHA,GK,West Ham United,eng Premier League,22,2000,0,,,,,0,,0,0,,7,,,,,,,Matches
130,Joachim Andersen,dk DEN,DF,Crystal Palace,eng Premier League,26,1996,32,2782,87,81.3,30.9,32,87,30,0,,0,1.31,35,37,-2,-0.06,+0.92,Matches
131,Djavan Anderson,sr SUR,"DF,MF",Lazio,it Serie A,27,1995,0,,,,,0,,0,0,,1,,,,,,,Matches
132,Elliot Anderson,eng ENG,MF,Newcastle United,eng Premier League,19,2002,22,410,19,12.0,4.6,3,58,0,19,12,12,1.82,8,7,+1,+0.22,-0.80,Matches
133,Felipe Anderson,br BRA,FW,Lazio,it Serie A,29,1993,38,2958,78,86.5,32.9,35,82,23,3,28,0,1.95,48,24,+24,+0.73,-0.44,Matches
134,Benjamin André,fr FRA,MF,Lille,fr Ligue 1,31,1990,34,2916,86,85.3,32.4,33,88,28,1,23,0,1.76,55,35,+20,+0.62,+0.44,Matches
135,Marcos André,br BRA,FW,Valencia,es La Liga,25,1996,17,447,26,13.1,5.0,3,52,0,14,21,5,0.76,9,7,+2,+0.40,+0.55,Matches
136,Komnen Andrić,rs SRB,FW,Clermont Foot,fr Ligue 1,27,1995,34,1446,43,42.3,16.1,16,74,2,18,15,0,1.38,14,26,-12,-0.75,-1.11,Matches
137,Robert Andrich,de GER,MF,Leverkusen,de Bundesliga,27,1994,29,2406,83,78.6,26.7,28,85,24,1,15,0,1.55,50,38,+12,+0.45,+1.00,Matches
138,Matteo Angeli,it ITA,DF,Bologna,it Serie A,19,2002,0,,,,,0,,0,0,,3,,,,,,,Matches
139,Angeliño,es ESP,MF,Hoffenheim,de Bundesliga,25,1997,33,2617,79,85.5,29.1,30,86,23,3,13,0,1.09,38,51,-13,-0.45,-1.26,Matches
140,Fabrizio Angileri,ar ARG,DF,Getafe,es La Liga,28,1994,15,585,39,17.1,6.5,7,70,2,8,12,15,1.13,7,15,-8,-1.23,-1.14,Matches
141,Samuele Angori,it ITA,MF,Empoli,it Serie A,18,2003,0,,,,,0,,0,0,,2,,,,,,,Matches
142,Jaidon Anthony,eng ENG,MF,Bournemouth,eng Premier League,22,1999,30,1257,42,36.8,14.0,11,76,4,19,22,8,0.97,9,29,-20,-1.43,-0.85,Matches
143,Janis Antiste,fr FRA,"FW,MF",Sassuolo,it Serie A,19,2002,2,52,26,1.5,0.6,0,,0,2,26,13,1.50,2,1,+1,+1.73,+2.13,Matches
144,Waldemar Anton,de GER,DF,Stuttgart,de Bundesliga,26,1996,34,2934,86,95.9,32.6,34,86,27,0,,0,0.97,43,54,-11,-0.34,+0.38,Matches
145,Josep Antoni Gayá,es ESP,DF,Mallorca,es La Liga,22,2000,2,98,49,2.9,1.1,1,90,1,1,8,19,1.50,0,3,-3,-2.76,-2.67,Matches
146,José Antonio,es ESP,MF,Cádiz,es La Liga,18,2004,2,46,23,1.3,0.5,0,,0,2,23,4,0.00,0,1,-1,-1.96,-1.37,Matches
147,Marcos Antônio,br BRA,MF,Lazio,it Serie A,22,2000,16,594,37,17.4,6.6,6,70,1,10,18,21,1.75,7,6,+1,+0.15,-0.77,Matches
148,Michail Antonio,jm JAM,FW,West Ham United,eng Premier League,32,1990,33,1829,55,53.5,20.3,21,75,2,12,22,1,1.09,23,30,-7,-0.34,-0.01,Matches
149,Antony,br BRA,MF,Manchester Utd,eng Premier League,22,2000,25,1802,72,52.7,20.0,23,76,6,2,30,0,1.88,29,21,+8,+0.40,+0.01,Matches
150,Valentin Antov,bg BUL,DF,Monza,it Serie A,21,2000,9,306,34,8.9,3.4,2,75,1,7,22,28,0.89,6,8,-2,-0.59,-0.53,Matches
151,Christopher Antwi-Adjei,gh GHA,"FW,MF",Bochum,de Bundesliga,28,1994,29,1981,68,64.7,22.0,22,81,10,7,29,2,1.21,32,40,-8,-0.36,+1.64,Matches
152,Anuar,ma MAR,"MF,FW",Valladolid,es La Liga,27,1995,3,210,70,6.1,2.3,3,70,1,0,,3,0.33,2,5,-3,-1.29,-0.53,Matches
153,Houssem Aouar,dz ALG,"MF,FW",Lyon,fr Ligue 1,24,1998,16,526,33,15.4,5.8,6,57,0,10,18,10,1.88,8,6,+2,+0.34,-0.16,Matches
154,Adil Aouchiche,dz ALG,MF,Lorient,fr Ligue 1,20,2002,11,250,23,7.3,2.8,1,73,0,10,18,14,0.82,3,5,-2,-0.72,-0.75,Matches
155,Ayman Aourir,de GER,MF,Leverkusen,de Bundesliga,17,2004,0,,,,,0,,0,0,,1,,,,,,,Matches
156,Arvin Appiah,eng ENG,MF,Almería,es La Liga,21,2001,0,,,,,0,,0,0,,3,,,,,,,Matches
157,Dennis Appiah,fr FRA,"DF,MF",Nantes,fr Ligue 1,30,1992,15,795,53,23.2,8.8,9,76,3,6,18,0,0.87,8,16,-8,-0.91,-0.56,Matches
158,Stredair Appuah,fr FRA,FW,Nantes,fr Ligue 1,18,2004,5,66,13,1.9,0.7,0,,0,5,13,0,0.80,1,1,0,0.00,+0.48,Matches
159,Ylies Aradj,fr FRA,DF,Toulouse,fr Ligue 1,17,2005,0,,,,,0,,0,0,,2,,,,,,,Matches
160,Mauro Arambarri,uy URU,MF,Getafe,es La Liga,26,1995,13,992,76,29.0,11.0,13,76,5,0,,0,1.08,11,18,-7,-0.64,-0.49,Matches
161,Egoitz Arana,es ESP,GK,Real Sociedad,es La Liga,20,2002,0,,,,,0,,0,0,,5,,,,,,,Matches
162,Charles Aránguiz,cl CHI,MF,Leverkusen,de Bundesliga,33,1989,10,493,49,16.1,5.5,4,60,0,6,42,0,0.80,7,10,-3,-0.55,-0.93,Matches
163,Ronald Araújo,uy URU,DF,Barcelona,es La Liga,23,1999,22,1800,82,52.6,20.0,21,85,16,1,24,2,2.45,42,5,+37,+1.85,+1.13,Matches
164,Matías Árbol,es ESP,GK,Sevilla,es La Liga,19,2002,0,,,,,0,,0,0,,12,,,,,,,Matches
165,Cameron Archer,eng ENG,"FW,MF",Aston Villa,eng Premier League,21,2001,6,49,8,1.4,0.5,0,,0,6,8,8,1.17,0,1,-1,-1.84,-2.00,Matches
166,Taïryk Arconte,fr FRA,FW,Brest,fr Ligue 1,18,2003,4,128,32,3.7,1.4,1,66,0,3,21,17,0.25,2,2,0,0.00,+0.27,Matches
167,Alphonse Areola,fr FRA,GK,West Ham United,eng Premier League,29,1993,5,309,62,9.0,3.4,2,90,2,3,43,30,0.80,5,7,-2,-0.58,-0.26,Matches
168,Adu Ares,es ESP,MF,Athletic Club,es La Liga,20,2001,8,84,11,2.5,0.9,0,,0,8,11,7,0.63,1,3,-2,-2.14,-2.30,Matches
169,Joe Aribo,ng NGA,"MF,FW",Southampton,eng Premier League,26,1996,21,1224,58,35.8,13.6,13,77,3,8,28,8,0.57,13,24,-11,-0.81,+0.26,Matches
170,Adam Armstrong,eng ENG,"MF,FW",Southampton,eng Premier League,25,1997,30,1335,45,39.0,14.8,14,73,0,16,20,4,0.80,17,24,-7,-0.47,+0.82,Matches
171,Stuart Armstrong,sct SCO,MF,Southampton,eng Premier League,30,1992,32,1408,44,41.2,15.6,14,70,0,18,24,3,0.56,11,34,-23,-1.47,-0.84,Matches
172,Marko Arnautović,at AUT,FW,Bologna,it Serie A,33,1989,21,1530,73,44.7,17.0,18,81,10,3,22,2,1.24,22,24,-2,-0.12,-0.40,Matches
173,Maximilian Arnold,de GER,MF,Wolfsburg,de Bundesliga,28,1994,32,2767,86,90.4,30.7,32,86,24,0,,0,1.47,53,44,+9,+0.29,+0.29,Matches
174,Mohamed El Arouch,fr FRA,MF,Lyon,fr Ligue 1,18,2004,1,2,2,0.1,0.0,0,,0,1,2,7,3.00,1,0,+1,+45.00,+44.55,Matches
175,Sergio Arribas,es ESP,MF,Real Madrid,es La Liga,20,2001,2,19,10,0.6,0.2,0,,0,2,10,1,1.50,0,1,-1,-4.74,-5.80,Matches
176,Kepa Arrizabalaga,es ESP,GK,Chelsea,eng Premier League,27,1994,29,2565,88,75.0,28.5,29,88,28,0,,7,1.14,27,33,-6,-0.21,+0.11,Matches
177,Roberto Arroyo,es ESP,FW,Valladolid,es La Liga,18,2003,1,15,15,0.4,0.2,0,,0,1,15,3,0.00,0,1,-1,-6.00,-5.23,Matches
178,Tolgay Arslan,de GER,MF,Udinese,it Serie A,31,1990,36,1211,34,35.4,13.5,12,60,0,24,21,0,1.28,12,16,-4,-0.30,-0.42,Matches
179,Ricard Artero,es ESP,MF,Girona,es La Liga,19,2003,7,133,19,3.9,1.5,0,,0,7,19,19,2.00,2,2,0,0.00,-0.08,Matches
180,Santiago Arzamendia,py PAR,"DF,MF",Cádiz,es La Liga,24,1998,12,483,40,14.1,5.4,5,81,3,7,11,26,0.92,1,15,-14,-2.61,-2.33,Matches
181,Takuma Asano,jp JPN,"MF,FW",Bochum,de Bundesliga,27,1994,25,1713,69,56.0,19.0,21,75,4,4,33,0,0.88,24,38,-14,-0.74,+0.47,Matches
182,Santiago Ascacíbar,ar ARG,MF,Cremonese,it Serie A,25,1997,13,727,56,21.3,8.1,7,74,3,6,35,3,0.31,6,11,-5,-0.62,+0.32,Matches
183,Sergio Asenjo,es ESP,GK,Valladolid,es La Liga,33,1989,10,900,90,26.3,10.0,10,90,10,0,,20,0.80,7,21,-14,-1.40,-0.83,Matches
184,Marco Asensio,es ESP,"FW,MF",Real Madrid,es La Liga,26,1996,31,1442,47,42.2,16.0,15,80,7,16,16,6,1.90,34,16,+18,+1.12,+0.17,Matches
185,Harrison Ashby,sct SCO,"DF,MF",West Ham United,eng Premier League,20,2001,0,,,,,0,,0,0,,3,,,,,,,Matches
186,Harrison Ashby,sct SCO,"DF,MF",Newcastle United,eng Premier League,20,2001,0,,,,,0,,0,0,,2,,,,,,,Matches
187,Kristoffer Askildsen,no NOR,MF,Lecce,it Serie A,21,2001,21,728,35,21.3,8.1,7,63,0,14,21,15,1.19,9,10,-1,-0.12,+0.28,Matches
188,Fisnik Asllani,xk KVX,FW,Hoffenheim,de Bundesliga,19,2002,8,167,21,5.5,1.9,0,,0,8,21,2,0.38,1,3,-2,-1.08,-0.86,Matches
189,Kristjan Asllani,al ALB,MF,Inter,it Serie A,20,2002,20,592,30,17.3,6.6,5,69,1,15,16,18,2.05,9,10,-1,-0.15,-1.11,Matches
190,Iago Aspas,es ESP,FW,Celta Vigo,es La Liga,34,1987,37,2868,78,83.9,31.9,31,89,27,6,20,0,1.16,36,46,-10,-0.31,-0.31,Matches
191,Lorenz Assignon,tg TOG,DF,Rennes,fr Ligue 1,22,2000,12,261,22,7.6,2.9,2,81,1,10,10,9,2.42,5,3,+2,+0.69,-0.11,Matches
192,Ander Astralaga,es ESP,GK,Barcelona,es La Liga,18,2004,0,,,,,0,,0,0,,2,,,,,,,Matches
193,Youcef Atal,dz ALG,"DF,MF",Nice,fr Ligue 1,26,1996,18,779,43,22.8,8.7,8,66,2,10,25,2,1.56,10,6,+4,+0.46,+0.22,Matches
194,Valentin Atangana Edoa,fr FRA,MF,Reims,fr Ligue 1,16,2005,7,174,25,5.1,1.9,2,64,0,5,9,5,1.00,0,5,-5,-2.59,-2.72,Matches
195,Noah Atubolu,de GER,GK,Freiburg,de Bundesliga,20,2002,0,,,,,0,,0,0,,8,,,,,,,Matches
196,Pierre-Emerick Aubameyang,ga GAB,"FW,MF",Barcelona,es La Liga,33,1989,1,9,9,0.3,0.1,0,,0,1,9,2,1.00,0,0,0,0.00,-1.32,Matches
197,Pierre-Emerick Aubameyang,ga GAB,FW,Chelsea,eng Premier League,33,1989,15,554,37,16.2,6.2,5,62,0,10,24,5,1.07,3,8,-5,-0.81,-0.69,Matches
198,Emil Audero,id IDN,GK,Sampdoria,it Serie A,25,1997,25,2250,90,65.8,25.0,25,90,25,0,,0,0.48,11,39,-28,-1.12,+0.34,Matches
199,Tommaso Augello,it ITA,"MF,DF",Sampdoria,it Serie A,27,1994,37,3061,83,89.5,34.0,35,85,28,2,45,1,0.51,23,64,-41,-1.21,+0.30,Matches
200,Ludwig Augustinsson,se SWE,DF,Mallorca,es La Liga,28,1994,4,132,33,3.9,1.5,1,71,0,3,20,6,0.00,1,4,-3,-2.05,-1.96,Matches
201,Ludwig Augustinsson,se SWE,DF,Aston Villa,eng Premier League,28,1994,3,77,26,2.3,0.9,1,44,0,2,17,9,1.67,1,0,+1,+1.17,+1.06,Matches
202,Carlos Augusto,br BRA,MF,Monza,it Serie A,23,1999,35,3083,88,90.1,34.3,35,88,31,0,,0,1.40,45,46,-1,-0.03,+0.77,Matches
203,Serge Aurier,ci CIV,"DF,MF",Nottingham Forest,eng Premier League,29,1992,24,1943,81,56.8,21.6,22,84,16,2,45,0,1.38,24,31,-7,-0.32,+1.08,Matches
204,Brandon Austin,eng ENG,GK,Tottenham Hotspur,eng Premier League,23,1999,0,,,,,0,,0,0,,15,,,,,,,Matches
205,Mathias Autret,fr FRA,MF,Auxerre,fr Ligue 1,31,1991,23,1290,56,37.7,14.3,16,72,0,7,19,12,0.83,15,26,-11,-0.77,-0.05,Matches
206,Ezequiel Ávila,ar ARG,"FW,MF",Osasuna,es La Liga,28,1994,29,1709,59,50.0,19.0,23,68,1,6,23,3,1.31,18,17,+1,+0.05,+0.37,Matches
207,Cédric Avinel,gp GLP,DF,Ajaccio,fr Ligue 1,35,1986,24,1794,75,52.5,19.9,19,88,18,5,23,11,0.63,11,40,-29,-1.45,-0.24,Matches
208,Taiwo Awoniyi,ng NGA,FW,Nottingham Forest,eng Premier League,24,1997,27,1404,52,41.1,15.6,17,71,0,10,19,2,0.93,19,29,-10,-0.64,+0.25,Matches
209,Yasin Ayari,se SWE,MF,Brighton,eng Premier League,18,2003,3,67,22,2.0,0.7,1,45,0,2,11,12,2.00,2,2,0,0.00,-0.51,Matches
210,Mehmet Aydin,de GER,"MF,DF",Schalke 04,de Bundesliga,20,2002,16,567,35,18.5,6.3,3,78,1,13,26,9,0.75,5,12,-7,-1.11,-0.06,Matches
211,André Ayew,gh GHA,FW,Nottingham Forest,eng Premier League,32,1989,13,316,24,9.2,3.5,1,78,0,12,20,5,0.69,5,10,-5,-1.42,-0.70,Matches
212,Jordan Ayew,gh GHA,"FW,MF",Crystal Palace,eng Premier League,30,1991,38,2714,71,79.4,30.2,31,82,17,7,24,0,1.18,32,41,-9,-0.30,-0.30,Matches
213,Kaan Ayhan,tr TUR,DF,Sassuolo,it Serie A,27,1994,10,545,55,15.9,6.1,5,90,5,5,19,8,1.40,6,11,-5,-0.83,-0.54,Matches
214,Luke Ayling,eng ENG,DF,Leeds United,eng Premier League,30,1991,29,2054,71,60.1,22.8,22,89,21,7,14,4,0.79,27,48,-21,-0.92,-0.33,Matches
215,Ayman Azhil,ma MAR,MF,Leverkusen,de Bundesliga,21,2001,1,1,1,0.0,0.0,0,,0,1,1,10,3.00,0,0,0,0.00,-0.24,Matches
216,Sardar Azmoun,ir IRN,"FW,MF",Leverkusen,de Bundesliga,27,1995,23,927,40,30.3,10.3,8,81,3,15,19,3,1.22,13,17,-4,-0.39,-0.89,Matches
217,César Azpilicueta,es ESP,"DF,MF",Chelsea,eng Premier League,32,1989,25,1527,61,44.6,17.0,16,82,12,9,23,6,1.12,17,21,-4,-0.24,0.00,Matches
218,Sanoussy Ba,de GER,FW,RB Leipzig,de Bundesliga,18,2004,1,1,1,0.0,0.0,0,,0,1,1,18,3.00,0,0,0,0.00,-0.68,Matches
219,Iddrisu Baba,gh GHA,MF,Mallorca,es La Liga,26,1996,29,1705,59,49.9,18.9,20,76,10,9,21,6,1.45,14,23,-9,-0.48,-0.63,Matches
220,Srđan Babić,rs SRB,DF,Almería,es La Liga,26,1996,34,2998,88,87.7,33.3,33,89,32,1,45,3,1.15,42,56,-14,-0.42,+0.01,Matches
221,Loïc Bade,fr FRA,DF,Sevilla,es La Liga,22,2000,19,1449,76,42.4,16.1,16,88,15,3,11,1,1.84,24,16,+8,+0.50,+1.18,Matches
222,Loïc Bade,fr FRA,DF,Rennes,fr Ligue 1,22,2000,1,90,90,2.6,1.0,1,90,1,0,,4,3.00,2,1,+1,+1.00,+0.22,Matches
223,Loïc Bade,fr FRA,DF,Nottingham Forest,eng Premier League,22,2000,0,,,,,0,,0,0,,1,,,,,,,Matches
224,Édgar Badía,es ESP,GK,Elche,es La Liga,30,1992,36,3240,90,94.7,36.0,36,90,36,0,,0,0.69,29,63,-34,-0.94,+0.56,Matches
225,Benoît Badiashile,fr FRA,DF,Chelsea,eng Premier League,21,2001,11,905,82,26.5,10.1,10,90,10,1,5,7,1.55,11,9,+2,+0.20,+0.59,Matches
226,Benoît Badiashile,fr FRA,DF,Monaco,fr Ligue 1,21,2001,11,839,76,24.5,9.3,9,87,8,2,27,2,1.55,20,15,+5,+0.54,+0.29,Matches
227,Alex Baena,es ESP,"MF,FW",Villarreal,es La Liga,21,2001,35,1947,56,56.9,21.6,19,81,9,16,26,0,1.71,32,23,+9,+0.42,-0.19,Matches
228,Jaime Báez,uy URU,MF,Cremonese,it Serie A,27,1995,2,96,48,2.8,1.1,1,61,0,1,35,13,0.00,0,2,-2,-1.87,-1.04,Matches
229,Miguel Baeza,es ESP,MF,Celta Vigo,es La Liga,22,2000,0,,,,,0,,0,0,,3,,,,,,,Matches
230,Nicola Bagnolini,it ITA,GK,Bologna,it Serie A,18,2004,0,,,,,0,,0,0,,12,,,,,,,Matches
231,Leon Bailey,jm JAM,"FW,MF",Aston Villa,eng Premier League,24,1997,33,1967,60,57.5,21.9,26,70,4,7,21,0,1.61,27,32,-5,-0.23,-0.85,Matches
232,Eric Bailly,ci CIV,DF,Marseille,fr Ligue 1,28,1994,17,543,32,15.9,6.0,5,64,1,12,19,7,2.06,8,10,-2,-0.33,-1.24,Matches
233,Dénys Bain,fr FRA,DF,Auxerre,fr Ligue 1,29,1993,2,126,63,3.7,1.4,1,90,1,1,36,14,0.50,2,3,-1,-0.71,+0.02,Matches
234,Brandon Baiye,be BEL,MF,Clermont Foot,fr Ligue 1,21,2000,7,51,7,1.5,0.6,0,,0,7,7,8,1.71,2,2,0,0.00,+0.11,Matches
235,Stefan Bajcetic,es ESP,MF,Liverpool,eng Premier League,17,2004,11,526,48,15.4,5.8,6,78,0,5,12,10,2.09,11,4,+7,+1.20,+0.54,Matches
236,Nedim Bajrami,al ALB,"MF,FW",Empoli,it Serie A,23,1999,19,940,49,27.5,10.4,8,80,4,11,27,1,1.21,8,14,-6,-0.57,-0.36,Matches
237,Nedim Bajrami,al ALB,FW,Sassuolo,it Serie A,23,1999,18,819,46,23.9,9.1,7,71,1,11,29,0,1.39,9,19,-10,-1.10,-0.96,Matches
238,Cédric Bakambu,cd COD,FW,Marseille,fr Ligue 1,31,1991,3,59,20,1.7,0.7,0,,0,3,20,2,2.33,1,1,0,0.00,-0.72,Matches
239,Elias Bakatukanda,de GER,DF,Köln,de Bundesliga,18,2004,0,,,,,0,,0,0,,2,,,,,,,Matches
240,Tiemoué Bakayoko,fr FRA,MF,Milan,it Serie A,27,1994,3,41,14,1.2,0.5,0,,0,3,14,30,2.00,1,1,0,0.00,-0.56,Matches
241,Mitchel Bakker,nl NED,"MF,DF",Leverkusen,de Bundesliga,22,2000,28,1659,59,54.2,18.4,19,80,11,9,15,4,1.50,33,28,+5,+0.27,+0.08,Matches
242,Ridle Baku,de GER,"DF,MF",Wolfsburg,de Bundesliga,24,1998,33,2580,78,84.3,28.7,29,86,23,4,25,0,1.48,52,41,+11,+0.38,+0.76,Matches
243,Tommaso Baldanzi,it ITA,MF,Empoli,it Serie A,19,2003,26,1772,68,51.8,19.7,24,72,6,2,28,5,1.15,17,23,-6,-0.30,+0.02,Matches
244,Alejandro Balde,es ESP,DF,Barcelona,es La Liga,18,2003,33,2471,75,72.3,27.5,30,81,21,3,9,4,2.45,48,15,+33,+1.20,-0.41,Matches
245,Ibrahima Baldé,fr FRA,FW,Lens,fr Ligue 1,19,2003,0,,,,,0,,0,0,,1,,,,,,,Matches
246,Thierno Balde,fr FRA,"MF,DF",Troyes,fr Ligue 1,20,2002,31,2153,69,63.0,23.9,25,83,13,6,15,1,0.65,28,52,-24,-1.00,-0.15,Matches
247,Gabriele Baldi,it ITA,GK,Roma,it Serie A,17,2004,0,,,,,0,,0,0,,1,,,,,,,Matches
248,Carlos Baleba,cm CMR,"MF,FW",Lille,fr Ligue 1,18,2004,19,478,25,14.0,5.3,5,72,0,14,9,13,2.05,9,4,+5,+0.94,+0.45,Matches
249,Mikel Balenziaga,es ESP,DF,Athletic Club,es La Liga,34,1988,3,115,38,3.4,1.3,1,69,0,2,23,27,1.00,1,3,-2,-1.57,-1.73,Matches
250,Leonardo Balerdi,ar ARG,DF,Marseille,fr Ligue 1,23,1999,35,2639,75,77.2,29.3,30,82,24,5,36,1,1.89,51,31,+20,+0.68,-0.12,Matches
251,Dominic Ballard,eng ENG,FW,Southampton,eng Premier League,17,2005,2,26,13,0.8,0.3,0,,0,2,13,0,0.50,0,0,0,0.00,+0.98,Matches
252,Iván Balliu,al ALB,DF,Rayo Vallecano,es La Liga,30,1992,37,3232,87,94.5,35.9,37,87,31,0,,0,1.30,43,47,-4,-0.11,+1.80,Matches
253,Fodé Ballo-Touré,sn SEN,"DF,MF",Milan,it Serie A,25,1997,10,523,52,15.3,5.8,5,90,5,5,15,24,1.80,6,8,-2,-0.34,-1.06,Matches
254,Kofi Balmer,nir NIR,DF,Crystal Palace,eng Premier League,21,2000,0,,,,,0,,0,0,,3,,,,,,,Matches
255,Folarin Balogun,us USA,FW,Reims,fr Ligue 1,21,2001,37,2999,81,87.7,33.3,34,86,19,3,29,0,1.35,42,37,+5,+0.15,+1.22,Matches
256,Abdoulaye Bamba,ci CIV,DF,Angers,fr Ligue 1,32,1990,21,1364,65,39.9,15.2,12,90,12,9,32,14,0.52,17,36,-19,-1.25,+0.02,Matches
257,Jonathan Bamba,ci CIV,MF,Lille,fr Ligue 1,26,1996,34,2783,82,81.4,30.9,32,86,23,2,24,0,1.76,54,41,+13,+0.42,-0.71,Matches
258,Patrick Bamford,eng ENG,FW,Leeds United,eng Premier League,28,1993,28,1515,54,44.3,16.8,18,70,2,10,26,0,0.82,23,31,-8,-0.48,+0.56,Matches
259,Lameck Banda,zm ZAM,"FW,MF",Lecce,it Serie A,21,2001,36,1636,45,47.8,18.2,19,69,3,17,19,1,0.97,14,20,-6,-0.33,+0.02,Matches
260,Mauro Bandeira,pt POR,MF,Arsenal,eng Premier League,18,2003,0,,,,,0,,0,0,,2,,,,,,,Matches
261,Filippo Bandinelli,it ITA,MF,Empoli,it Serie A,27,1995,35,2263,65,66.2,25.1,28,74,3,7,26,1,1.17,24,27,-3,-0.12,+0.58,Matches
262,Léo Baptistão,br BRA,"FW,MF",Almería,es La Liga,29,1992,28,1726,62,50.5,19.2,24,69,1,4,19,1,1.29,28,30,-2,-0.10,+0.64,Matches
263,Shandon Baptiste,gd GRN,MF,Brentford,eng Premier League,24,1998,23,618,27,18.1,6.9,4,68,0,19,18,5,1.35,12,6,+6,+0.87,+0.68,Matches
264,Antonín Barák,cz CZE,MF,Hellas Verona,it Serie A,27,1994,1,25,25,0.7,0.3,0,,0,1,25,0,0.00,0,1,-1,-3.60,-2.88,Matches
265,Antonín Barák,cz CZE,MF,Fiorentina,it Serie A,27,1994,30,1799,60,52.6,20.0,21,78,6,9,18,4,1.33,25,26,-1,-0.05,-0.66,Matches
266,Andrea Barberis,it ITA,MF,Monza,it Serie A,28,1993,9,338,38,9.9,3.8,3,75,2,6,19,27,1.11,4,9,-5,-1.33,-1.36,Matches
267,Tommaso Barbieri,it ITA,MF,Juventus,it Serie A,19,2002,3,109,36,3.2,1.2,2,51,0,1,8,8,1.00,0,2,-2,-1.65,-2.33,Matches
268,Barcia,es ESP,DF,Celta Vigo,es La Liga,21,2000,0,,,,,0,,0,0,,1,,,,,,,Matches
269,Bradley Barcola,fr FRA,"FW,MF",Lyon,fr Ligue 1,19,2002,26,1440,55,42.1,16.0,15,83,8,11,18,5,1.69,34,18,+16,+1.00,+0.91,Matches
270,Melvin Bard,fr FRA,"DF,MF",Nice,fr Ligue 1,21,2000,33,2456,74,71.8,27.3,28,83,19,5,28,2,1.42,31,32,-1,-0.04,-1.16,Matches
271,Francesco Bardi,it ITA,GK,Bologna,it Serie A,30,1992,1,90,90,2.6,1.0,1,90,1,0,,36,3.00,3,0,+3,+3.00,+2.97,Matches
272,Keidi Bare,al ALB,MF,Espanyol,es La Liga,24,1997,18,503,28,14.7,5.6,4,60,0,14,19,7,0.89,5,12,-7,-1.25,-0.94,Matches
273,Nicolò Barella,it ITA,MF,Inter,it Serie A,25,1997,35,2613,75,76.4,29.0,31,81,17,4,23,2,1.80,51,31,+20,+0.69,-0.31,Matches
274,Kike Barja,es ESP,"FW,MF",Osasuna,es La Liga,25,1997,27,1312,49,38.4,14.6,15,70,1,12,22,11,1.30,19,18,+1,+0.07,+0.32,Matches
275,Ross Barkley,eng ENG,"MF,FW",Nice,fr Ligue 1,28,1993,27,960,36,28.1,10.7,9,73,3,18,17,4,1.48,12,15,-3,-0.28,-0.79,Matches
276,Aymen Barkok,ma MAR,MF,Mainz 05,de Bundesliga,24,1998,23,584,25,19.1,6.5,3,76,0,20,18,10,1.43,12,11,+1,+0.15,+0.23,Matches
277,Harvey Barnes,eng ENG,"MF,FW",Leicester City,eng Premier League,24,1997,34,2711,80,79.3,30.1,32,83,21,2,27,0,0.88,42,51,-9,-0.30,+0.72,Matches
278,Leandro Barreiro Martins,lu LUX,MF,Mainz 05,de Bundesliga,22,2000,31,2141,69,70.0,23.8,25,81,14,6,21,2,1.39,41,36,+5,+0.21,+0.80,Matches
279,Enzo Barrenechea,ar ARG,MF,Juventus,it Serie A,21,2001,3,158,53,4.6,1.8,3,53,0,0,,7,3.00,4,4,0,0.00,-0.63,Matches
280,Ander Barrenetxea,es ESP,"DF,MF",Real Sociedad,es La Liga,20,2001,23,878,38,25.7,9.8,9,65,0,14,21,5,2.00,14,5,+9,+0.92,+0.67,Matches
281,Mickaël Barreto,fr FRA,MF,Ajaccio,fr Ligue 1,31,1991,20,1325,66,38.7,14.7,15,79,8,5,27,2,0.60,6,34,-28,-1.90,-0.91,Matches
282,Pablo Barrios,es ESP,MF,Atlético Madrid,es La Liga,19,2003,21,724,34,21.2,8.0,6,64,1,15,23,5,2.05,13,9,+4,+0.50,-0.60,Matches
283,Musa Barrow,gm GAM,"MF,FW",Bologna,it Serie A,23,1998,32,1960,61,57.3,21.8,26,72,9,6,14,2,1.59,26,31,-5,-0.23,-0.78,Matches
284,Yacouba Barry,fr FRA,MF,Lens,fr Ligue 1,19,2002,0,,,,,0,,0,0,,2,,,,,,,Matches
285,Teddy Bartouche-Selbonne,gp GLP,GK,Lorient,fr Ligue 1,25,1997,0,,,,,0,,0,0,,13,,,,,,,Matches
286,Federico Baschirotto,it ITA,DF,Lecce,it Serie A,25,1996,37,3330,90,97.4,37.0,37,90,37,0,,0,0.97,33,44,-11,-0.30,+1.70,Matches
287,Toma Bašić,hr CRO,MF,Lazio,it Serie A,25,1996,25,513,21,15.0,5.7,4,51,0,21,15,13,2.00,5,6,-1,-0.18,-1.14,Matches
288,Matteo Bassi,it ITA,MF,Udinese,it Serie A,18,2004,0,,,,,0,,0,0,,3,,,,,,,Matches
289,Alberto Basso,it ITA,FW,Cremonese,it Serie A,18,2004,1,16,16,0.5,0.2,0,,0,1,16,8,0.00,0,0,0,0.00,+0.87,Matches
290,Gil Bastião Dias,pt POR,FW,Stuttgart,de Bundesliga,25,1996,7,398,57,13.0,4.4,6,59,0,1,45,3,0.57,3,8,-5,-1.13,-0.89,Matches
291,Álvaro Bastida,es ESP,MF,Cádiz,es La Liga,18,2004,0,,,,,0,,0,0,,1,,,,,,,Matches
292,Alessandro Bastoni,it ITA,DF,Inter,it Serie A,23,1999,29,2157,74,63.1,24.0,26,80,16,3,25,8,1.90,42,25,+17,+0.71,-0.15,Matches
293,Simone Bastoni,it ITA,"MF,DF",Spezia,it Serie A,25,1996,19,1189,63,34.8,13.2,15,74,3,4,22,3,0.89,12,22,-10,-0.76,+0.09,Matches
294,Rodrigo Battaglia,ar ARG,MF,Mallorca,es La Liga,31,1991,15,686,46,20.1,7.6,8,73,2,7,14,9,1.47,5,6,-1,-0.13,+0.03,Matches
295,Maximilian Bauer,de GER,DF,Augsburg,de Bundesliga,22,2000,27,1846,68,60.3,20.5,20,84,17,7,25,6,1.11,25,41,-16,-0.78,-0.41,Matches
296,Oliver Baumann,de GER,GK,Hoffenheim,de Bundesliga,32,1990,34,3060,90,100.0,34.0,34,90,34,0,,0,1.06,48,57,-9,-0.26,,Matches
297,Timo Baumgartl,de GER,DF,Union Berlin,de Bundesliga,26,1996,8,562,70,18.4,6.2,6,82,3,2,37,9,1.38,7,10,-3,-0.48,-1.06,Matches
298,Julian Baumgartlinger,at AUT,MF,Augsburg,de Bundesliga,34,1988,16,554,35,18.1,6.2,3,90,3,13,22,11,0.69,9,17,-8,-1.30,-0.83,Matches
299,Christoph Baumgartner,at AUT,"MF,FW",Hoffenheim,de Bundesliga,22,1999,33,2567,78,83.9,28.5,33,78,14,0,,0,1.09,40,49,-9,-0.32,-0.32,Matches
300,Cyrille Bayala,bf BFA,MF,Ajaccio,fr Ligue 1,26,1996,33,2009,61,58.7,22.3,25,72,7,8,26,1,0.76,8,42,-34,-1.52,-0.44,Matches
301,Brian Bayeye,cd COD,MF,Torino,it Serie A,22,2000,2,64,32,1.9,0.7,1,54,0,1,10,35,1.00,0,2,-2,-2.81,-2.89,Matches
302,Noah Joel Sarenren Bazee,ng NGA,"FW,MF",Augsburg,de Bundesliga,25,1996,2,20,10,0.7,0.2,0,,0,2,10,8,1.50,0,0,0,0.00,+0.62,Matches
303,Gavin Bazunu,ie IRL,GK,Southampton,eng Premier League,20,2002,32,2880,90,84.2,32.0,32,90,32,0,,6,0.75,27,56,-29,-0.91,+0.43,Matches
304,Luca Bazzoli,de GER,"DF,MF",Stuttgart,de Bundesliga,21,2000,0,,,,,0,,0,0,,1,,,,,,,Matches
305,Yoann Beaka,fr FRA,MF,Troyes,fr Ligue 1,19,2003,0,,,,,0,,0,0,,1,,,,,,,Matches
306,Bebé,cv CPV,"FW,MF",Rayo Vallecano,es La Liga,32,1990,4,60,15,1.8,0.7,0,,0,4,15,13,0.25,1,1,0,0.00,+0.21,Matches
307,Ihlas Bebou,tg TOG,"FW,MF",Hoffenheim,de Bundesliga,28,1994,19,1416,75,46.3,15.7,17,79,6,2,39,0,0.95,21,25,-4,-0.25,+0.02,Matches
308,Rodrigo Becão,br BRA,DF,Udinese,it Serie A,26,1996,28,2484,89,72.6,27.6,28,89,25,0,,0,1.50,38,31,+7,+0.25,+1.02,Matches
309,Mads Bech Sørensen,dk DEN,DF,Nice,fr Ligue 1,23,1999,0,,,,,0,,0,0,,4,,,,,,,Matches
310,Mads Bech Sørensen,dk DEN,DF,Brentford,eng Premier League,23,1999,4,21,5,0.6,0.2,0,,0,4,5,3,2.00,1,0,+1,+4.29,+3.99,Matches
311,Julius Beck,dk DEN,MF,Spezia,it Serie A,17,2005,1,10,10,0.3,0.1,0,,0,1,10,23,0.00,0,1,-1,-9.00,-8.21,Matches
312,Sheraldo Becker,sr SUR,FW,Union Berlin,de Bundesliga,27,1995,34,2554,75,83.5,28.4,33,76,4,1,33,0,1.82,41,32,+9,+0.32,-0.39,Matches
313,Jan Bednarek,pl POL,DF,Southampton,eng Premier League,26,1996,20,1672,84,48.9,18.6,20,84,17,0,,3,0.55,16,39,-23,-1.24,-0.52,Matches
314,Jan Bednarek,pl POL,DF,Aston Villa,eng Premier League,26,1996,3,100,33,2.9,1.1,1,45,0,2,28,10,1.33,0,1,-1,-0.90,-1.06,Matches
315,Donny van de Beek,nl NED,MF,Manchester Utd,eng Premier League,25,1997,7,167,24,4.9,1.9,2,55,0,5,12,4,1.71,3,3,0,0.00,-0.42,Matches
316,Asmir Begović,ba BIH,GK,Everton,eng Premier League,35,1987,1,90,90,2.6,1.0,1,90,1,0,,37,3.00,1,0,+1,+1.00,+1.65,Matches
317,Yanis Begraoui,ma MAR,MF,Toulouse,fr Ligue 1,21,2001,3,65,22,1.9,0.7,1,45,0,2,10,11,0.00,1,4,-3,-4.15,-4.07,Matches
318,Kevin Behrens,de GER,FW,Union Berlin,de Bundesliga,31,1991,33,1535,47,50.2,17.1,17,71,1,16,21,0,1.85,30,23,+7,+0.41,+0.06,Matches
319,Alexis Beka Beka,fr FRA,MF,Nice,fr Ligue 1,21,2001,14,545,39,15.9,6.1,7,63,0,7,14,19,1.29,5,9,-4,-0.66,-1.13,Matches
320,Jérémie Bela,ao ANG,MF,Clermont Foot,fr Ligue 1,29,1993,19,743,39,21.7,8.3,7,73,2,12,20,9,1.00,8,10,-2,-0.24,-0.18,Matches
321,Reda Belahyane,ma MAR,MF,Nice,fr Ligue 1,18,2004,4,182,46,5.3,2.0,1,90,1,3,31,14,1.00,0,2,-2,-0.99,-1.35,Matches
322,Youcef Belaïli,dz ALG,"MF,FW",Ajaccio,fr Ligue 1,30,1992,17,1150,68,33.6,12.8,15,74,2,2,21,0,0.88,12,23,-11,-0.86,+0.73,Matches
323,Youcef Belaïli,dz ALG,"MF,FW",Brest,fr Ligue 1,30,1992,6,356,59,10.4,4.0,4,69,0,2,40,1,0.83,6,10,-4,-1.01,-0.83,Matches
324,Haris Belkebla,dz ALG,MF,Brest,fr Ligue 1,28,1994,38,2656,70,77.7,29.5,30,84,20,8,18,0,1.16,31,43,-12,-0.41,-0.64,Matches
325,Yassin Belkhdim,fr FRA,MF,Angers,fr Ligue 1,20,2002,0,,,,,0,,0,0,,2,,,,,,,Matches
326,Stefan Bell,de GER,DF,Mainz 05,de Bundesliga,30,1991,30,2395,80,78.3,26.6,26,88,22,4,30,2,1.40,43,40,+3,+0.11,+0.65,Matches
327,Armel Bella Kotchap,de GER,DF,Southampton,eng Premier League,20,2001,24,1879,78,54.9,20.9,24,78,18,0,,2,0.71,18,39,-21,-1.01,-0.07,Matches
328,Raoul Bellanova,it ITA,MF,Inter,it Serie A,22,2000,18,496,28,14.5,5.5,3,73,0,15,18,20,2.00,10,8,+2,+0.36,-0.47,Matches
329,Karim Bellarabi,de GER,MF,Leverkusen,de Bundesliga,32,1990,8,85,11,2.8,0.9,1,45,0,7,6,8,1.50,0,1,-1,-1.06,-1.33,Matches
330,Jean-Ricner Bellegarde,ht HAI,"MF,FW",Strasbourg,fr Ligue 1,24,1998,30,2419,81,70.7,26.9,29,82,18,1,33,0,1.07,37,45,-8,-0.30,-0.30,Matches
331,Héctor Bellerín,es ESP,DF,Barcelona,es La Liga,27,1995,3,143,48,4.2,1.6,1,90,1,2,27,8,3.00,4,0,+4,+2.52,+1.25,Matches
332,Jude Bellingham,eng ENG,MF,Dortmund,de Bundesliga,19,2003,31,2691,87,87.9,29.9,30,89,28,1,25,1,2.06,73,40,+33,+1.10,-0.36,Matches
333,Vicente Bellmunt,es ESP,GK,Getafe,es La Liga,22,2000,0,,,,,0,,0,0,,1,,,,,,,Matches
334,Paul Bellon,fr FRA,MF,Lorient,fr Ligue 1,22,2000,0,,,,,0,,0,0,,2,,,,,,,Matches
335,Jeanuël Belocian,fr FRA,DF,Rennes,fr Ligue 1,17,2005,8,506,63,14.8,5.6,6,81,2,2,12,20,2.63,16,3,+13,+2.31,+1.79,Matches
336,Andrea Belotti,it ITA,FW,Roma,it Serie A,28,1993,31,1146,37,33.5,12.7,11,70,2,20,19,2,1.58,19,17,+2,+0.16,-0.24,Matches
337,Fran Beltrán,es ESP,MF,Celta Vigo,es La Liga,23,1999,36,2855,79,83.5,31.7,33,84,22,3,28,0,1.17,35,44,-9,-0.28,-0.12,Matches
338,Eliesse Ben Seghir,ma MAR,"FW,MF",Monaco,fr Ligue 1,17,2005,19,1052,55,30.8,11.7,13,67,0,6,30,2,1.79,21,18,+3,+0.26,-0.09,Matches
339,Salim Ben Seghir,fr FRA,FW,Marseille,fr Ligue 1,19,2003,1,4,4,0.1,0.0,0,,0,1,4,3,3.00,0,0,0,0.00,-0.71,Matches
340,Wissam Ben Yedder,fr FRA,FW,Monaco,fr Ligue 1,31,1990,32,2114,66,61.8,23.5,28,72,9,4,23,4,1.53,48,38,+10,+0.43,+0.29,Matches
341,Marco Benassi,it ITA,DF,Fiorentina,it Serie A,27,1994,2,93,47,2.7,1.0,1,70,0,1,23,2,1.50,2,2,0,0.00,-0.27,Matches
342,Marco Benassi,it ITA,MF,Cremonese,it Serie A,27,1994,15,998,67,29.2,11.1,11,81,7,4,27,1,0.87,9,21,-12,-1.08,-0.30,Matches
343,Iker Benito,es ESP,MF,Osasuna,es La Liga,19,2002,4,176,44,5.1,2.0,2,72,0,2,17,5,2.25,2,0,+2,+1.02,+1.22,Matches
344,Filip Benković,hr CRO,DF,Udinese,it Serie A,25,1997,0,,,,,0,,0,0,,4,,,,,,,Matches
345,Ismaël Bennacer,dz ALG,MF,Milan,it Serie A,24,1997,28,2007,72,58.7,22.3,24,79,13,4,26,1,1.82,38,21,+17,+0.76,+0.51,Matches
346,Rhys Bennett,eng ENG,DF,Manchester Utd,eng Premier League,18,2003,0,,,,,0,,0,0,,1,,,,,,,Matches
347,Saïd Benrahma,dz ALG,"MF,FW",West Ham United,eng Premier League,26,1995,35,2069,59,60.5,23.0,22,77,8,13,28,3,0.89,25,31,-6,-0.26,+0.21,Matches
348,Ramy Bensebaini,dz ALG,DF,Gladbach,de Bundesliga,27,1995,28,2481,89,81.1,27.6,28,89,22,0,,0,1.43,44,40,+4,+0.15,+1.23,Matches
349,Nabil Bentaleb,dz ALG,MF,Angers,fr Ligue 1,27,1994,30,2489,83,72.8,27.7,29,85,23,1,15,0,0.43,24,64,-40,-1.45,-0.67,Matches
350,Rodrigo Bentancur,uy URU,MF,Tottenham Hotspur,eng Premier League,25,1997,18,1500,83,43.9,16.7,17,86,10,1,33,0,1.89,33,24,+9,+0.54,+0.63,Matches
351,Daniel Bentley,eng ENG,GK,Wolves,eng Premier League,29,1993,2,180,90,5.3,2.0,2,90,2,0,,16,0.50,1,3,-2,-1.00,-0.31,Matches
352,Karim Benzema,fr FRA,FW,Real Madrid,es La Liga,34,1987,24,2038,85,59.6,22.6,24,85,18,0,,0,2.08,46,17,+29,+1.28,+0.63,Matches
353,Alessandro Berardi,it ITA,GK,Hellas Verona,it Serie A,31,1991,0,,,,,0,,0,0,,34,,,,,,,Matches
354,Domenico Berardi,it ITA,"FW,MF",Sassuolo,it Serie A,27,1994,26,1866,72,54.6,20.7,22,80,11,4,24,1,1.12,30,32,-2,-0.10,+0.60,Matches
355,Yuri Berchiche,es ESP,DF,Athletic Club,es La Liga,32,1990,29,2406,83,70.4,26.7,27,87,24,2,28,1,1.10,23,32,-9,-0.34,-1.49,Matches
356,Álex Berenguer,es ESP,MF,Athletic Club,es La Liga,27,1995,37,2297,62,67.2,25.5,26,78,10,11,25,1,1.30,30,33,-3,-0.12,-0.68,Matches
357,Bartosz Bereszyński,pl POL,"DF,MF",Sampdoria,it Serie A,30,1992,15,1198,80,35.0,13.3,15,80,10,0,,1,0.60,8,20,-12,-0.90,+0.52,Matches
358,Bartosz Bereszyński,pl POL,DF,Napoli,it Serie A,30,1992,3,166,55,4.9,1.8,2,76,1,1,15,18,1.33,3,4,-1,-0.54,-1.93,Matches
359,Patrick Berg,no NOR,"DF,MF",Lens,fr Ligue 1,24,1997,3,25,8,0.7,0.3,0,,0,3,8,1,3.00,0,2,-2,-7.20,-8.29,Matches
360,Mitchell van Bergen,nl NED,"MF,FW",Reims,fr Ligue 1,22,1999,28,905,32,26.5,10.1,6,74,2,22,21,2,1.39,13,15,-2,-0.20,-0.27,Matches
361,Tom Berger,de GER,MF,Werder Bremen,de Bundesliga,21,2001,0,,,,,0,,0,0,,6,,,,,,,Matches
362,Etrit Berisha,al ALB,GK,Torino,it Serie A,33,1989,0,,,,,0,,0,0,,13,,,,,,,Matches
363,Medon Berisha,al ALB,MF,Lecce,it Serie A,18,2003,0,,,,,0,,0,0,,1,,,,,,,Matches
364,Mergim Berisha,de GER,FW,Augsburg,de Bundesliga,24,1998,23,1679,73,54.9,18.7,20,81,9,3,19,0,1.22,24,32,-8,-0.43,+0.42,Matches
365,Stan Berkani,dz ALG,MF,Clermont Foot,fr Ligue 1,18,2003,0,,,,,0,,0,0,,4,,,,,,,Matches
366,Emilio Bernard,es ESP,GK,Valencia,es La Liga,22,1999,0,,,,,0,,0,0,,2,,,,,,,Matches
367,Quentin Bernard,fr FRA,DF,Auxerre,fr Ligue 1,33,1989,7,630,90,18.4,7.0,7,90,7,0,,10,0.86,8,12,-4,-0.57,+0.20,Matches
368,Paul Bernardoni,fr FRA,GK,Angers,fr Ligue 1,25,1997,27,2430,90,71.1,27.0,27,90,27,0,,11,0.30,21,62,-41,-1.52,-0.88,Matches
369,Lorenzo Bernasconi,it ITA,MF,Atalanta,it Serie A,18,2003,0,,,,,0,,0,0,,8,,,,,,,Matches
370,Juan Bernat,es ESP,"MF,DF",Paris Saint-Germain,fr Ligue 1,29,1993,28,1648,59,48.2,18.3,18,80,10,10,21,7,2.36,40,19,+21,+1.15,-0.28,Matches
371,Victor Bernth Kristiansen,dk DEN,DF,Leicester City,eng Premier League,19,2002,12,892,74,26.1,9.9,11,81,7,1,3,2,0.92,14,21,-7,-0.71,-0.35,Matches
372,Dimitry Bertaud,cd COD,GK,Montpellier,fr Ligue 1,24,1998,0,,,,,0,,0,0,,7,,,,,,,Matches
373,Jason Berthomier,fr FRA,MF,Clermont Foot,fr Ligue 1,32,1990,2,23,12,0.7,0.3,0,,0,2,12,2,3.00,0,0,0,0.00,+0.11,Matches
374,Marco Bertini,it ITA,MF,Lazio,it Serie A,19,2002,1,1,1,0.0,0.0,0,,0,1,1,21,3.00,0,0,0,0.00,-0.79,Matches
375,Tommaso Bertini,it ITA,GK,Atalanta,it Serie A,18,2004,0,,,,,0,,0,0,,6,,,,,,,Matches
376,Nicolò Bertola,it ITA,DF,Spezia,it Serie A,19,2003,0,,,,,0,,0,0,,2,,,,,,,Matches
377,Beto,gw GNB,FW,Udinese,it Serie A,24,1998,33,2129,65,62.3,23.7,23,80,11,10,28,0,1.27,25,31,-6,-0.25,-0.60,Matches
378,Marcus Bettinelli,eng ENG,GK,Chelsea,eng Premier League,30,1992,0,,,,,0,,0,0,,17,,,,,,,Matches
379,Owen Bevan,wls WAL,DF,Bournemouth,eng Premier League,18,2003,1,9,9,0.3,0.1,0,,0,1,9,0,0.00,0,1,-1,-10.00,-9.13,Matches
380,Jordan Beyer,de GER,DF,Gladbach,de Bundesliga,22,2000,0,,,,,0,,0,0,,2,,,,,,,Matches
381,Matteo Bianchetti,it ITA,DF,Cremonese,it Serie A,29,1993,25,2132,85,62.3,23.7,22,89,20,3,59,9,0.60,26,46,-20,-0.84,+0.06,Matches
382,Alessandro Bianco,it ITA,MF,Fiorentina,it Serie A,19,2002,7,153,22,4.5,1.7,2,54,0,5,9,30,1.71,3,1,+2,+1.18,+0.96,Matches
383,Giulian Biancone,fr FRA,"DF,MF",Nottingham Forest,eng Premier League,22,2000,2,17,9,0.5,0.2,0,,0,2,9,8,0.50,0,1,-1,-5.29,-4.53,Matches
384,Bartosz Białek,pl POL,FW,Wolfsburg,de Bundesliga,20,2001,0,,,,,0,,0,0,,1,,,,,,,Matches
385,Ermin Bičakčić,ba BIH,DF,Hoffenheim,de Bundesliga,32,1990,9,265,29,8.7,2.9,0,,0,9,29,10,1.11,5,11,-6,-2.04,-1.94,Matches
386,Pedro Bigas,es ESP,DF,Elche,es La Liga,31,1990,28,2020,72,59.1,22.4,25,77,17,3,28,4,0.57,12,42,-30,-1.34,-0.89,Matches
387,Jaka Bijol,si SVN,DF,Udinese,it Serie A,23,1999,32,2728,85,79.8,30.3,32,85,28,0,,3,1.19,34,38,-4,-0.13,-0.52,Matches
388,El Bilal Touré,ml MLI,FW,Almería,es La Liga,20,2001,21,1264,60,37.0,14.0,15,73,1,6,27,3,1.10,23,23,0,0.00,+0.67,Matches
389,El Bilal Touré,ml MLI,FW,Reims,fr Ligue 1,20,2001,3,91,30,2.7,1.0,1,63,0,2,14,2,0.33,0,4,-4,-3.96,-4.06,Matches
390,Philip Billing,dk DEN,"MF,FW",Bournemouth,eng Premier League,26,1996,36,2764,77,80.8,30.7,34,79,11,2,36,0,1.06,32,53,-21,-0.68,+1.10,Matches
391,Jean-Claude Billong,cm CMR,DF,Clermont Foot,fr Ligue 1,28,1993,1,23,23,0.7,0.3,0,,0,1,23,3,0.00,0,0,0,0.00,+0.11,Matches
392,Cristiano Biraghi,it ITA,DF,Fiorentina,it Serie A,29,1992,33,2551,77,74.6,28.3,30,84,21,3,14,5,1.55,37,35,+2,+0.07,-0.76,Matches
393,Samuele Birindelli,it ITA,MF,Monza,it Serie A,23,1999,31,1400,45,40.9,15.6,14,68,4,17,26,6,1.45,17,25,-8,-0.51,-0.69,Matches
394,Veljko Birmančević,rs SRB,"MF,FW",Toulouse,fr Ligue 1,24,1998,25,444,18,13.0,4.9,2,57,0,23,14,7,1.16,5,10,-5,-1.01,-0.98,Matches
395,Tom Bischof,de GER,MF,Hoffenheim,de Bundesliga,17,2005,11,315,29,10.3,3.5,3,62,0,8,16,10,0.45,6,7,-1,-0.29,-0.02,Matches
396,Nathan Bishop,eng ENG,GK,Manchester Utd,eng Premier League,22,1999,0,,,,,0,,0,0,,4,,,,,,,Matches
397,Yves Bissouma,ml MLI,MF,Tottenham Hotspur,eng Premier League,25,1996,23,1010,44,29.5,11.2,10,81,4,13,15,2,1.57,20,20,0,0.00,-0.26,Matches
398,Kristijan Bistrović,hr CRO,MF,Lecce,it Serie A,24,1998,11,461,42,13.5,5.1,5,68,0,6,20,5,1.09,4,5,-1,-0.20,+0.17,Matches
399,Junior Bita,gq EQG,MF,Athletic Club,es La Liga,17,2005,0,,,,,0,,0,0,,3,,,,,,,Matches
400,Leonardo Bittencourt,de GER,MF,Werder Bremen,de Bundesliga,28,1993,25,1629,65,53.2,18.1,22,71,4,3,26,1,1.12,26,27,-1,-0.06,+0.70,Matches
401,Marco Bizot,nl NED,GK,Brest,fr Ligue 1,31,1991,37,3330,90,97.4,37.0,37,90,37,0,,0,1.16,44,54,-10,-0.27,-0.27,Matches
402,Antonio Blanco,es ESP,MF,Cádiz,es La Liga,22,2000,3,158,53,4.6,1.8,2,67,0,1,25,9,0.00,1,6,-5,-2.85,-2.35,Matches
403,Lautaro Blanco,ar ARG,"DF,MF",Elche,es La Liga,23,1999,17,872,51,25.5,9.7,9,70,2,8,31,6,1.00,9,16,-7,-0.72,+0.34,Matches
404,Rubén Blanco,es ESP,GK,Marseille,fr Ligue 1,27,1995,6,495,83,14.5,5.5,6,83,5,0,,32,1.00,8,6,+2,+0.36,-0.41,Matches
405,Ludovic Blas,fr FRA,"MF,FW",Nantes,fr Ligue 1,24,1997,37,2813,76,82.3,31.3,30,87,20,7,31,1,0.97,32,36,-4,-0.13,+1.95,Matches
406,Janis Blaswich,de GER,GK,RB Leipzig,de Bundesliga,31,1991,26,2340,90,76.5,26.0,26,90,26,0,,7,2.00,48,29,+19,+0.73,+0.23,Matches
407,Miha Blažič,si SVN,DF,Angers,fr Ligue 1,29,1993,24,1979,82,57.9,22.0,22,87,20,2,36,9,0.54,15,40,-25,-1.14,+0.30,Matches
408,Joaquín Blázquez,ar ARG,GK,Brest,fr Ligue 1,21,2001,1,90,90,2.6,1.0,1,90,1,0,,33,1.00,0,0,0,0.00,+0.27,Matches
409,Marco Bleve,it ITA,GK,Lecce,it Serie A,26,1995,0,,,,,0,,0,0,,38,,,,,,,Matches
410,Alexis Blin,fr FRA,MF,Lecce,it Serie A,25,1996,35,2376,68,69.5,26.4,26,80,13,9,32,2,1.00,22,29,-7,-0.27,+0.25,Matches
411,Daley Blind,nl NED,DF,Bayern Munich,de Bundesliga,32,1990,4,134,34,4.4,1.5,1,90,1,3,15,15,2.25,3,5,-2,-1.34,-3.07,Matches
412,Myron Boadu,nl NED,FW,Monaco,fr Ligue 1,21,2001,12,295,25,8.6,3.3,3,64,1,9,11,13,1.75,6,6,0,0.00,-0.35,Matches
413,Jérôme Boateng,de GER,DF,Lyon,fr Ligue 1,33,1988,8,428,54,12.5,4.8,6,67,1,2,12,14,1.88,8,6,+2,+0.42,-0.06,Matches
414,Kevin-Prince Boateng,gh GHA,MF,Hertha BSC,de Bundesliga,35,1987,16,467,29,15.3,5.2,5,61,0,11,15,13,0.44,5,12,-7,-1.35,-0.65,Matches
415,Antonin Bobichon,fr FRA,"FW,MF",Angers,fr Ligue 1,26,1995,3,18,6,0.5,0.2,0,,0,3,6,3,0.33,0,0,0,0.00,+1.27,Matches
416,Ben Bobzien,de GER,"FW,MF",Mainz 05,de Bundesliga,19,2003,0,,,,,0,,0,0,,6,,,,,,,Matches
417,Pietro Boer,it ITA,GK,Roma,it Serie A,20,2002,0,,,,,0,,0,0,,38,,,,,,,Matches
418,Jean-Paul Boëtius,sr SUR,MF,Hertha BSC,de Bundesliga,28,1994,21,1050,50,34.3,11.7,10,74,3,11,28,3,1.05,13,23,-10,-0.86,-0.10,Matches
419,Jeremie Boga,ci CIV,"MF,FW",Atalanta,it Serie A,25,1997,23,782,34,22.9,8.7,5,70,1,18,24,10,1.57,19,14,+5,+0.58,+0.13,Matches
420,Lamare Bogarde,nl NED,"DF,MF",Aston Villa,eng Premier League,18,2004,0,,,,,0,,0,0,,3,,,,,,,Matches
421,Emil Bohinen,no NOR,MF,Salernitana,it Serie A,23,1999,24,832,35,24.3,9.2,9,62,0,15,18,5,1.21,15,13,+2,+0.22,+0.77,Matches
422,Quentin Boisgard,fr FRA,MF,Lorient,fr Ligue 1,25,1997,5,184,37,5.4,2.0,1,67,0,4,29,7,1.20,2,0,+2,+0.98,+1.06,Matches
423,Willy Boly,ci CIV,DF,Wolves,eng Premier League,31,1991,0,,,,,0,,0,0,,3,,,,,,,Matches
424,Willy Boly,ci CIV,DF,Nottingham Forest,eng Premier League,31,1991,11,685,62,20.0,7.6,9,74,5,2,11,9,1.64,6,10,-4,-0.53,+0.33,Matches
425,Giacomo Bonaventura,it ITA,MF,Fiorentina,it Serie A,32,1989,30,1911,64,55.9,21.2,21,80,9,9,25,3,1.50,28,25,+3,+0.14,-0.28,Matches
426,Federico Bonazzoli,it ITA,FW,Salernitana,it Serie A,25,1997,24,1119,47,32.7,12.4,12,71,3,12,23,14,0.88,9,14,-5,-0.40,-0.05,Matches
427,Warren Bondo,fr FRA,MF,Monza,it Serie A,18,2003,4,60,15,1.8,0.7,0,,0,4,15,15,0.75,2,2,0,0.00,+0.11,Matches
428,Tarsis Bonga,de GER,"FW,MF",Bochum,de Bundesliga,25,1997,0,,,,,0,,0,0,,2,,,,,,,Matches
429,Edvin Bongemba,fr FRA,MF,Montpellier,fr Ligue 1,18,2004,0,,,,,0,,0,0,,5,,,,,,,Matches
430,Theo Bongonda,cd COD,MF,Cádiz,es La Liga,26,1995,31,1938,63,56.7,21.5,24,72,4,7,30,5,1.19,19,25,-6,-0.28,+0.75,Matches
431,Kevin Bonifazi,it ITA,DF,Bologna,it Serie A,26,1996,13,902,69,26.4,10.0,9,86,7,4,32,12,1.23,16,17,-1,-0.10,-0.28,Matches
432,Kayne Bonnevie,fr FRA,GK,Lyon,fr Ligue 1,21,2001,0,,,,,0,,0,0,,7,,,,,,,Matches
433,Nolan Bonte,fr FRA,FW,Lens,fr Ligue 1,18,2004,0,,,,,0,,0,0,,2,,,,,,,Matches
434,Leonardo Bonucci,it ITA,DF,Juventus,it Serie A,35,1987,16,879,55,25.7,9.8,9,85,7,7,16,9,2.06,20,10,+10,+1.02,+0.56,Matches
435,Neto Borges,br BRA,"MF,DF",Clermont Foot,fr Ligue 1,25,1996,33,2833,86,82.8,31.5,33,86,28,0,,0,1.58,38,43,-5,-0.16,-0.31,Matches
436,Yvandro Borges Sanches,lu LUX,MF,Gladbach,de Bundesliga,18,2004,3,28,9,0.9,0.3,0,,0,3,9,10,1.33,1,2,-1,-3.21,-3.15,Matches
437,Sebastiaan Bornauw,be BEL,DF,Wolfsburg,de Bundesliga,23,1999,26,1928,74,63.0,21.4,23,82,18,3,11,7,1.54,41,31,+10,+0.47,+0.55,Matches
438,Théo Borne,fr FRA,GK,Angers,fr Ligue 1,20,2002,0,,,,,0,,0,0,,11,,,,,,,Matches
439,Rafael Borré,co COL,"MF,FW",Eintracht Frankfurt,de Bundesliga,26,1995,32,1078,34,35.2,12.0,10,68,2,22,18,1,1.44,12,21,-9,-0.75,-1.43,Matches
440,Erik Botheim,no NOR,"MF,FW",Salernitana,it Serie A,22,2000,28,866,31,25.3,9.6,9,65,2,19,15,10,1.29,13,16,-3,-0.31,+0.08,Matches
441,Nikolaos Botis,gr GRE,GK,Inter,it Serie A,18,2004,0,,,,,0,,0,0,,3,,,,,,,Matches
442,Sven Botman,nl NED,DF,Newcastle United,eng Premier League,22,2000,36,3127,87,91.4,34.7,35,89,33,1,1,2,1.94,64,30,+34,+0.98,+0.67,Matches
443,Kenji-Van Boto,mg MAD,"MF,DF",Auxerre,fr Ligue 1,26,1996,2,180,90,5.3,2.0,2,90,2,0,,14,3.00,5,1,+4,+2.00,+2.89,Matches
444,Kouamé Botué,bf BFA,FW,Ajaccio,fr Ligue 1,19,2002,8,229,29,6.7,2.5,2,59,0,6,19,6,0.38,1,5,-4,-1.57,-0.25,Matches
445,Badredine Bouanani,dz ALG,"FW,MF",Nice,fr Ligue 1,17,2004,19,863,45,25.2,9.6,9,71,1,10,22,3,1.63,12,7,+5,+0.52,+0.31,Matches
446,Hicham Boudaoui,dz ALG,MF,Nice,fr Ligue 1,22,1999,27,1875,69,54.8,20.8,22,78,11,5,30,2,1.78,27,14,+13,+0.62,+0.74,Matches
447,Franci Bouebari,fr FRA,MF,Strasbourg,fr Ligue 1,18,2003,2,76,38,2.2,0.8,0,,0,2,38,11,1.50,2,1,+1,+1.18,+1.43,Matches
448,Sofiane Boufal,ma MAR,"MF,FW",Angers,fr Ligue 1,28,1993,13,834,64,24.4,9.3,9,79,2,4,31,0,0.54,12,23,-11,-1.19,+0.10,Matches
449,Teddy Boulhendi,fr FRA,GK,Nice,fr Ligue 1,21,2001,0,,,,,0,,0,0,,19,,,,,,,Matches
450,Reda Boultam,nl NED,MF,Salernitana,it Serie A,24,1998,0,,,,,0,,0,0,,1,,,,,,,Matches
451,Yassine Bounou,ma MAR,GK,Sevilla,es La Liga,31,1991,25,2151,86,62.9,23.9,25,86,23,0,,12,1.04,27,42,-15,-0.63,-1.19,Matches
452,Ismaël Boura,km COM,DF,Lens,fr Ligue 1,21,2000,9,93,10,2.7,1.0,0,,0,9,10,21,1.78,5,2,+3,+2.90,+1.93,Matches
453,Mehdi Bourabia,ma MAR,MF,Spezia,it Serie A,30,1991,37,2771,75,81.0,30.8,36,76,12,1,31,1,0.82,28,49,-21,-0.68,+0.70,Matches
454,Benjamin Bourigeaud,fr FRA,"MF,FW",Rennes,fr Ligue 1,28,1994,37,3065,83,89.6,34.1,37,83,16,0,,0,1.76,64,35,+29,+0.85,+0.60,Matches
455,Edoardo Bove,it ITA,"MF,DF",Roma,it Serie A,20,2002,22,992,45,29.0,11.0,10,75,4,12,20,16,1.77,12,13,-1,-0.09,-0.57,Matches
456,Jarrod Bowen,eng ENG,"MF,FW",West Ham United,eng Premier League,25,1996,38,3233,85,94.5,35.9,36,89,30,2,19,0,1.05,40,50,-10,-0.28,+1.17,Matches
457,Lucas Boyé,ar ARG,FW,Elche,es La Liga,26,1996,35,2462,70,72.0,27.4,29,81,14,6,21,0,0.69,24,47,-23,-0.84,+0.47,Matches
458,Andrea Bozzolan,it ITA,DF,Milan,it Serie A,18,2004,0,,,,,0,,0,0,,4,,,,,,,Matches
459,Jayden Braaf,nl NED,MF,Hellas Verona,it Serie A,19,2002,6,288,48,8.4,3.2,2,75,0,4,35,14,0.33,2,4,-2,-0.62,+0.12,Matches
460,Domagoj Bradarić,hr CRO,"MF,DF",Salernitana,it Serie A,22,1999,31,2250,73,65.8,25.0,24,85,19,7,29,5,1.13,31,44,-13,-0.52,-0.44,Matches
461,Davide Bragantini,it ITA,MF,Hellas Verona,it Serie A,18,2003,0,,,,,0,,0,0,,1,,,,,,,Matches
462,Bilal Brahimi,dz ALG,"FW,MF",Nice,fr Ligue 1,22,2000,26,800,31,23.4,8.9,5,67,1,21,22,10,1.31,11,8,+3,+0.34,+0.06,Matches
463,Martin Braithwaite,dk DEN,"FW,MF",Espanyol,es La Liga,31,1991,31,2456,79,71.8,27.3,29,83,14,2,29,0,0.94,35,46,-11,-0.40,+0.16,Matches
464,Federico Brancolini,it ITA,GK,Lecce,it Serie A,21,2001,0,,,,,0,,0,0,,33,,,,,,,Matches
465,Julian Brandt,de GER,MF,Dortmund,de Bundesliga,26,1996,32,2397,75,78.3,26.6,29,80,12,3,27,0,2.09,66,28,+38,+1.43,+1.29,Matches
466,Darko Brašanac,rs SRB,MF,Osasuna,es La Liga,30,1992,25,1041,42,30.4,11.6,9,74,3,16,23,2,1.36,11,14,-3,-0.26,-0.18,Matches
467,Lilian Brassier,fr FRA,DF,Brest,fr Ligue 1,22,1999,36,3093,86,90.4,34.4,35,88,33,1,3,2,1.22,43,49,-6,-0.17,+0.93,Matches
468,Claudio Bravo,cl CHI,GK,Real Betis,es La Liga,39,1983,12,1080,90,31.6,12.0,12,90,12,0,,21,1.67,13,9,+4,+0.33,+0.29,Matches
469,Sammy Braybrooke,eng ENG,MF,Leicester City,eng Premier League,18,2004,0,,,,,0,,0,0,,3,,,,,,,Matches
470,Gabriel Brazão,br BRA,GK,Inter,it Serie A,21,2000,0,,,,,0,,0,0,,3,,,,,,,Matches
471,Fabian Bredlow,de GER,GK,Stuttgart,de Bundesliga,27,1995,15,1350,90,44.1,15.0,15,90,15,0,,18,1.13,23,23,0,0.00,+0.63,Matches
472,James Bree,eng ENG,DF,Southampton,eng Premier League,24,1997,5,367,73,10.7,4.1,4,84,2,1,32,1,0.20,6,12,-6,-1.47,-0.56,Matches
473,Josip Brekalo,hr CRO,MF,Fiorentina,it Serie A,24,1998,6,229,38,6.7,2.5,1,90,1,5,28,11,1.50,4,1,+3,+1.18,+0.98,Matches
474,Josip Brekalo,hr CRO,"MF,FW",Wolfsburg,de Bundesliga,24,1998,6,271,45,8.9,3.0,3,74,0,3,17,6,1.17,2,5,-3,-1.00,-1.38,Matches
475,Gleison Bremer,br BRA,DF,Juventus,it Serie A,25,1997,30,2634,88,77.0,29.3,30,88,24,0,,3,1.77,41,31,+10,+0.34,-1.15,Matches
476,Diego Bri,es ESP,FW,Atlético Madrid,es La Liga,19,2002,0,,,,,0,,0,0,,1,,,,,,,Matches
477,Armando Broja,al ALB,FW,Chelsea,eng Premier League,20,2001,12,294,25,8.6,3.3,2,67,0,10,16,1,1.50,5,5,0,0.00,+0.26,Matches
478,Dylan Bronn,tn TUN,DF,Salernitana,it Serie A,27,1995,24,1683,70,49.2,18.7,19,82,14,5,25,8,1.17,24,30,-6,-0.32,+0.09,Matches
479,David Brooks,wls WAL,MF,Bournemouth,eng Premier League,25,1997,6,173,29,5.1,1.9,2,55,0,4,16,5,0.00,0,4,-4,-2.08,-1.25,Matches
480,John Brooks,us USA,DF,Hoffenheim,de Bundesliga,29,1993,15,1350,90,44.1,15.0,15,90,15,0,,2,1.13,23,28,-5,-0.33,-0.12,Matches
481,Moritz Broschinski,de GER,FW,Bochum,de Bundesliga,21,2000,11,213,19,7.0,2.4,0,,0,11,19,3,1.09,5,4,+1,+0.42,+1.47,Matches
482,Marcelo Brozović,hr CRO,MF,Inter,it Serie A,29,1992,28,1770,63,51.8,19.7,19,83,11,9,22,0,1.79,35,27,+8,+0.41,-0.74,Matches
483,Maximilian Brüll,de GER,GK,Gladbach,de Bundesliga,19,2002,0,,,,,0,,0,0,,1,,,,,,,Matches
484,Cédric Brunner,ch SUI,DF,Schalke 04,de Bundesliga,28,1994,28,2315,83,75.7,25.7,28,83,18,0,,0,0.79,22,54,-32,-1.24,-0.76,Matches
485,Kevin Bruno,it ITA,MF,Sassuolo,it Serie A,17,2005,0,,,,,0,,0,0,,1,,,,,,,Matches
486,Lewis Brunt,eng ENG,"DF,MF",Leicester City,eng Premier League,21,2000,1,23,23,0.7,0.3,0,,0,1,23,6,0.00,0,1,-1,-3.91,-3.49,Matches
487,Jacob Bruun Larsen,dk DEN,FW,Hoffenheim,de Bundesliga,23,1998,12,328,27,10.7,3.6,3,67,0,9,14,5,1.25,5,8,-3,-0.82,-0.63,Matches
488,Andreas Bruus,dk DEN,"MF,DF",Troyes,fr Ligue 1,23,1999,27,1628,60,47.6,18.1,18,84,10,9,14,4,0.59,20,38,-18,-1.00,-0.09,Matches
489,Joe Bryan,eng ENG,MF,Nice,fr Ligue 1,28,1993,6,177,30,5.2,2.0,2,69,0,4,10,12,1.67,3,1,+2,+1.02,+0.77,Matches
490,Lee Buchanan,eng ENG,MF,Werder Bremen,de Bundesliga,21,2001,21,472,22,15.4,5.2,2,74,0,19,17,9,1.00,15,8,+7,+1.33,+2.03,Matches
491,Ante Budimir,hr CRO,FW,Osasuna,es La Liga,31,1991,31,1798,58,52.6,20.0,22,73,3,9,20,6,1.48,22,19,+3,+0.15,+0.59,Matches
492,Emi Buendía,ar ARG,"MF,FW",Aston Villa,eng Premier League,25,1996,38,2412,63,70.5,26.8,27,79,8,11,26,0,1.61,40,34,+6,+0.22,+0.31,Matches
493,Hugo Bueno,es ESP,DF,Wolves,eng Premier League,19,2002,21,1310,62,38.3,14.6,16,75,7,5,21,9,1.05,12,29,-17,-1.17,-0.74,Matches
494,Manu Bueno,es ESP,MF,Sevilla,es La Liga,18,2004,2,149,75,4.4,1.7,2,75,1,0,,9,0.00,1,3,-2,-1.21,-1.07,Matches
495,Santiago Bueno,uy URU,DF,Girona,es La Liga,23,1998,34,3010,89,88.0,33.4,34,89,32,0,,0,1.44,55,48,+7,+0.21,+1.09,Matches
496,Adam Buksa,pl POL,FW,Lens,fr Ligue 1,26,1996,8,101,13,3.0,1.1,0,,0,8,13,4,2.38,0,0,0,0.00,-1.06,Matches
497,Marius Bülter,de GER,"MF,FW",Schalke 04,de Bundesliga,29,1993,33,2598,79,84.9,28.9,30,83,20,3,34,0,0.91,29,60,-31,-1.07,-0.10,Matches
498,Cristian Buonaiuto,it ITA,"MF,FW",Cremonese,it Serie A,29,1992,29,980,34,28.7,10.9,7,65,1,22,24,7,0.62,10,23,-13,-1.19,-0.46,Matches
499,Facundo Buonanotte,ar ARG,MF,Brighton,eng Premier League,17,2004,13,565,43,16.5,6.3,6,69,1,7,22,6,1.54,11,12,-1,-0.16,-0.79,Matches
500,Alessandro Buongiorno,it ITA,DF,Torino,it Serie A,23,1999,34,2721,80,79.6,30.2,30,85,24,4,39,2,1.41,35,30,+5,+0.17,+0.68,Matches
501,Delano Burgzorg,sr SUR,"FW,MF",Mainz 05,de Bundesliga,23,1998,13,244,19,8.0,2.7,0,,0,13,19,11,1.08,3,5,-2,-0.74,-0.77,Matches
502,Jonathan Burkardt,de GER,"MF,FW",Mainz 05,de Bundesliga,22,2000,11,533,48,17.4,5.9,7,59,0,4,29,0,1.18,7,12,-5,-0.84,-0.99,Matches
503,Oliver Burke,sct SCO,FW,Werder Bremen,de Bundesliga,25,1997,15,268,18,8.8,3.0,1,58,0,14,15,3,1.20,11,7,+4,+1.34,+1.89,Matches
504,Dan Burn,eng ENG,DF,Newcastle United,eng Premier League,30,1992,38,3111,82,91.0,34.6,35,87,27,3,17,0,1.87,64,30,+34,+0.98,+0.69,Matches
505,Maxime Busi,be BEL,"MF,DF",Reims,fr Ligue 1,22,1999,21,1043,50,30.5,11.6,11,79,4,10,18,9,0.95,13,18,-5,-0.43,-0.62,Matches
506,Jakob Busk,dk DEN,GK,Union Berlin,de Bundesliga,28,1993,0,,,,,0,,0,0,,5,,,,,,,Matches
507,Sergio Busquets,es ESP,MF,Barcelona,es La Liga,34,1988,30,2339,78,68.4,26.0,28,81,17,2,30,4,2.43,41,11,+30,+1.15,-0.51,Matches
508,Aurélio Buta,pt POR,MF,Eintracht Frankfurt,de Bundesliga,25,1997,18,1318,73,43.1,14.6,15,83,7,3,26,1,1.11,19,21,-2,-0.14,-0.55,Matches
509,Leonardo Buta,pt POR,DF,Udinese,it Serie A,20,2002,2,16,8,0.5,0.2,0,,0,2,8,17,0.00,0,1,-1,-5.63,-5.63,Matches
510,Jack Butland,eng ENG,GK,Manchester Utd,eng Premier League,29,1993,0,,,,,0,,0,0,,12,,,,,,,Matches
511,Jack Butland,eng ENG,GK,Crystal Palace,eng Premier League,29,1993,0,,,,,0,,0,0,,2,,,,,,,Matches
512,Nathan Butler-Oyedeji,eng ENG,FW,Arsenal,eng Premier League,19,2003,0,,,,,0,,0,0,,1,,,,,,,Matches
513,Marcin Bułka,pl POL,GK,Nice,fr Ligue 1,22,1999,2,180,90,5.3,2.0,2,90,2,0,,20,0.50,1,2,-1,-0.50,-0.83,Matches
514,Willy Caballero,ar ARG,GK,Southampton,eng Premier League,40,1981,0,,,,,0,,0,0,,11,,,,,,,Matches
515,Rémy Cabella,fr FRA,MF,Lille,fr Ligue 1,32,1990,32,2525,79,73.8,28.1,28,86,15,4,31,1,1.81,45,25,+20,+0.71,+0.61,Matches
516,Jimmy Cabot,fr FRA,MF,Lens,fr Ligue 1,28,1994,11,511,46,14.9,5.7,5,81,3,6,17,0,2.18,8,6,+2,+0.35,-0.79,Matches
517,Arthur Cabral,br BRA,FW,Fiorentina,it Serie A,24,1998,28,1432,51,41.9,15.9,15,77,5,13,21,6,1.50,25,17,+8,+0.50,+0.41,Matches
518,Leandro Cabrera,uy URU,DF,Espanyol,es La Liga,31,1991,32,2669,83,78.0,29.7,31,86,27,1,1,2,1.03,40,54,-14,-0.47,-0.11,Matches
519,Liberato Cacace,nz NZL,DF,Empoli,it Serie A,21,2000,12,587,49,17.2,6.5,5,86,4,7,22,26,0.50,6,9,-3,-0.46,-0.17,Matches
520,Anthony Caci,fr FRA,"MF,DF",Mainz 05,de Bundesliga,25,1997,31,2033,66,66.4,22.6,23,83,14,8,16,3,1.26,38,38,0,0.00,+0.09,Matches
521,Cafú,pt POR,MF,Nottingham Forest,eng Premier League,29,1993,1,7,7,0.2,0.1,0,,0,1,7,1,3.00,0,0,0,0.00,+0.79,Matches
522,Federico Caia,it ITA,FW,Hellas Verona,it Serie A,19,2003,0,,,,,0,,0,0,,1,,,,,,,Matches
523,Moisés Caicedo,ec ECU,MF,Brighton,eng Premier League,20,2001,37,3139,85,91.8,34.9,34,89,30,3,35,0,1.68,62,47,+15,+0.43,-0.85,Matches
524,Tom Cairney,sct SCO,MF,Fulham,eng Premier League,31,1991,33,988,30,28.9,11.0,6,78,0,27,19,0,1.36,18,13,+5,+0.46,+0.57,Matches
525,Jens Cajuste,se SWE,MF,Reims,fr Ligue 1,22,1999,31,1530,49,44.7,17.0,14,76,2,17,28,0,1.45,16,19,-3,-0.18,-0.32,Matches
526,Cala,es ESP,DF,Cádiz,es La Liga,32,1989,3,137,46,4.0,1.5,1,72,0,2,33,9,0.67,0,3,-3,-1.97,-1.42,Matches
527,Davide Calabria,it ITA,DF,Milan,it Serie A,25,1996,25,1690,68,49.4,18.8,21,78,10,4,15,3,1.72,35,25,+10,+0.53,-0.04,Matches
528,Mattia Caldara,it ITA,DF,Spezia,it Serie A,28,1994,20,1253,63,36.6,13.9,13,87,11,7,17,15,1.10,10,22,-12,-0.86,-0.07,Matches
529,Luca Caldirola,it ITA,DF,Monza,it Serie A,31,1991,31,2353,76,68.8,26.1,27,83,17,4,31,4,1.65,36,33,+3,+0.11,+0.71,Matches
530,Fernando Calero,es ESP,"DF,MF",Espanyol,es La Liga,26,1995,27,1611,60,47.1,17.9,20,73,7,7,23,9,1.07,21,30,-9,-0.50,-0.10,Matches
531,Duje Ćaleta-Car,hr CRO,DF,Southampton,eng Premier League,25,1996,13,946,73,27.7,10.5,9,86,7,4,44,13,0.69,8,15,-7,-0.67,+0.43,Matches
532,Duje Ćaleta-Car,hr CRO,DF,Marseille,fr Ligue 1,25,1996,1,8,8,0.2,0.1,0,,0,1,8,3,3.00,0,0,0,0.00,-0.71,Matches
533,Hakan Çalhanoğlu,tr TUR,MF,Inter,it Serie A,28,1994,33,2363,72,69.1,26.3,28,80,12,5,23,2,2.06,56,25,+31,+1.18,+1.35,Matches
534,Kerim Calhanoglu,de GER,DF,Schalke 04,de Bundesliga,19,2002,3,63,21,2.1,0.7,0,,0,3,21,1,0.33,0,2,-2,-2.86,-1.84,Matches
535,Daniel Caligiuri,it ITA,MF,Augsburg,de Bundesliga,34,1988,13,290,22,9.5,3.2,2,74,1,11,13,20,0.85,2,10,-8,-2.48,-2.06,Matches
536,Alexander Callens,pe PER,DF,Girona,es La Liga,30,1992,6,120,20,3.5,1.3,0,,0,6,20,7,1.83,1,0,+1,+0.75,+0.70,Matches
537,Dominic Calvert-Lewin,eng ENG,FW,Everton,eng Premier League,25,1997,17,1165,69,34.1,12.9,15,75,4,2,20,0,0.82,12,22,-10,-0.77,-0.25,Matches
538,Dawda Camara,mr MTN,FW,Girona,es La Liga,19,2002,0,,,,,0,,0,0,,1,,,,,,,Matches
539,Mahdi Camara,fr FRA,MF,Brest,fr Ligue 1,24,1998,31,1820,59,53.2,20.2,20,75,4,11,28,2,1.13,22,30,-8,-0.40,-0.28,Matches
540,Mohamed Camara,gn GUI,MF,Roma,it Serie A,25,1997,15,696,46,20.4,7.7,8,76,1,7,13,18,1.33,5,10,-5,-0.65,-1.21,Matches
541,Mohamed Camara,ml MLI,MF,Monaco,fr Ligue 1,22,2000,29,2194,76,64.2,24.4,25,82,16,4,36,1,1.79,50,40,+10,+0.41,+0.26,Matches
542,Ousmane Camara,ml MLI,DF,Angers,fr Ligue 1,19,2003,9,521,58,15.2,5.8,6,73,3,3,28,15,0.00,5,20,-15,-2.59,-1.57,Matches
543,Ousmane Camara,gn GUI,FW,Auxerre,fr Ligue 1,20,2001,3,24,8,0.7,0.3,0,,0,3,8,1,0.00,0,0,0,0.00,+0.74,Matches
544,Ousoumane Camara,fr FRA,MF,Auxerre,fr Ligue 1,23,1998,0,,,,,0,,0,0,,2,,,,,,,Matches
545,Eduardo Camavinga,fr FRA,"MF,DF",Real Madrid,es La Liga,19,2002,37,2010,54,58.8,22.3,21,78,11,16,23,0,2.11,51,16,+35,+1.57,+1.31,Matches
546,Nicolò Cambiaghi,it ITA,"FW,MF",Empoli,it Serie A,21,2000,28,1285,46,37.6,14.3,12,74,2,16,25,3,1.32,19,12,+7,+0.49,+1.29,Matches
547,Andrea Cambiaso,it ITA,"DF,MF",Bologna,it Serie A,22,2000,32,2170,68,63.5,24.1,25,81,17,7,19,2,1.38,30,28,+2,+0.08,-0.06,Matches
548,Axel Camblan,fr FRA,FW,Brest,fr Ligue 1,18,2003,7,68,10,2.0,0.8,0,,0,7,10,9,0.86,1,0,+1,+1.32,+1.62,Matches
549,Sergio Camello,es ESP,FW,Rayo Vallecano,es La Liga,21,2001,38,2401,63,70.2,26.7,27,78,4,11,26,0,1.29,36,38,-2,-0.07,+0.45,Matches
550,Chem Campbell,wls WAL,"FW,MF",Wolves,eng Premier League,19,2002,5,74,15,2.2,0.8,0,,0,5,15,9,0.00,0,2,-2,-2.43,-1.76,Matches
551,Emre Can,de GER,MF,Dortmund,de Bundesliga,28,1994,27,1900,70,62.1,21.1,20,87,17,7,24,5,1.96,55,30,+25,+1.18,+0.10,Matches
552,Sergio Canales,es ESP,MF,Real Betis,es La Liga,31,1991,31,2402,77,70.2,26.7,28,82,14,3,40,0,1.52,31,28,+3,+0.11,-0.06,Matches
553,Matteo Cancellieri,it ITA,FW,Lazio,it Serie A,20,2002,20,256,13,7.5,2.8,1,45,0,19,11,18,1.85,6,2,+4,+1.41,+0.67,Matches
554,João Cancelo,pt POR,"DF,MF",Bayern Munich,de Bundesliga,28,1994,15,1012,67,33.1,11.2,11,80,5,4,32,1,2.07,28,16,+12,+1.07,-0.78,Matches
555,João Cancelo,pt POR,DF,Manchester City,eng Premier League,28,1994,17,1274,75,37.3,14.2,16,78,10,1,23,3,2.24,36,15,+21,+1.48,-0.19,Matches
556,Pietro Candelari,it ITA,MF,Spezia,it Serie A,17,2005,0,,,,,0,,0,0,,1,,,,,,,Matches
557,Antonio Candreva,it ITA,MF,Salernitana,it Serie A,35,1987,35,2726,78,79.7,30.3,32,83,18,3,21,0,1.17,41,46,-5,-0.17,+1.00,Matches
558,Lucas Cañizares,es ESP,GK,Real Madrid,es La Liga,20,2002,0,,,,,0,,0,0,,6,,,,,,,Matches
559,Adrian Cannavaro,it ITA,DF,Sassuolo,it Serie A,18,2004,0,,,,,0,,0,0,,1,,,,,,,Matches
560,Tom Cannon,ie IRL,FW,Everton,eng Premier League,19,2002,2,25,13,0.7,0.3,0,,0,2,13,0,0.00,0,1,-1,-3.60,-3.02,Matches
561,Sergi Canós,es ESP,"FW,MF",Brentford,eng Premier League,25,1997,5,77,15,2.3,0.9,0,,0,5,15,7,1.60,0,2,-2,-2.34,-2.71,Matches
562,Ander Capa,es ESP,DF,Athletic Club,es La Liga,30,1992,7,109,16,3.2,1.2,1,61,0,6,8,27,1.43,2,0,+2,+1.65,+1.60,Matches
563,Pierrick Capelle,fr FRA,"MF,DF",Angers,fr Ligue 1,35,1987,26,1428,55,41.8,15.9,15,79,8,11,22,3,0.58,8,26,-18,-1.13,+0.22,Matches
564,Leonardo Capezzi,it ITA,MF,Salernitana,it Serie A,27,1995,0,,,,,0,,0,0,,19,,,,,,,Matches
565,Étienne Capoue,fr FRA,MF,Villarreal,es La Liga,34,1988,28,1955,70,57.2,21.7,22,82,12,6,25,1,1.50,33,26,+7,+0.32,-0.41,Matches
566,Elio Capradossi,ug UGA,DF,Spezia,it Serie A,26,1996,0,,,,,0,,0,0,,2,,,,,,,Matches
567,Gianluca Caprari,it ITA,"MF,FW",Monza,it Serie A,29,1993,37,2441,66,71.4,27.1,32,71,5,5,32,0,1.38,33,42,-9,-0.33,-0.79,Matches
568,Francesco Caputo,it ITA,FW,Sampdoria,it Serie A,34,1987,15,1094,73,32.0,12.2,13,78,6,2,40,0,0.40,6,20,-14,-1.15,+0.13,Matches
569,Francesco Caputo,it ITA,FW,Empoli,it Serie A,34,1987,21,1708,81,49.9,19.0,20,84,7,1,34,0,1.19,22,22,0,0.00,+0.63,Matches
570,Maxence Caqueret,fr FRA,MF,Lyon,fr Ligue 1,22,2000,36,2767,77,80.9,30.7,32,83,18,4,29,1,1.64,52,39,+13,+0.42,-0.27,Matches
571,Andrea Carboni,it ITA,DF,Monza,it Serie A,21,2001,4,167,42,4.9,1.9,1,90,1,3,26,15,0.00,2,7,-5,-2.69,-2.72,Matches
572,Franco Carboni,it ITA,MF,Monza,it Serie A,19,2003,3,66,22,1.9,0.7,0,,0,3,22,15,2.00,1,0,+1,+1.36,+1.50,Matches
573,Valentin Carboni,ar ARG,MF,Inter,it Serie A,17,2005,5,25,5,0.7,0.3,0,,0,5,5,23,0.80,1,1,0,0.00,-0.77,Matches
574,Isaac Carcelen,es ESP,DF,Cádiz,es La Liga,29,1993,27,2199,81,64.3,24.4,25,84,18,2,52,2,1.26,20,22,-2,-0.08,+1.47,Matches
575,Irvin Cardona,mt MLT,"FW,MF",Augsburg,de Bundesliga,24,1997,10,318,32,10.4,3.5,0,,0,10,32,2,0.40,6,9,-3,-0.85,-0.26,Matches
576,Irvin Cardona,mt MLT,FW,Brest,fr Ligue 1,24,1997,10,233,23,6.8,2.6,1,73,0,9,18,4,0.90,1,8,-7,-2.70,-2.62,Matches
577,Igor Carioca,br BRA,"DF,MF",Lorient,fr Ligue 1,25,1996,7,456,65,13.3,5.1,5,84,2,2,17,9,1.14,4,5,-1,-0.20,-0.20,Matches
578,Carlo,es ESP,MF,Villarreal,es La Liga,21,2001,0,,,,,0,,0,0,,4,,,,,,,Matches
579,Diego Carlos,br BRA,DF,Aston Villa,eng Premier League,29,1993,3,205,68,6.0,2.3,2,90,1,1,26,11,1.00,2,3,-1,-0.44,-0.61,Matches
580,Juan Carlos,es ESP,GK,Girona,es La Liga,34,1988,10,900,90,26.3,10.0,10,90,10,0,,28,0.80,14,18,-4,-0.40,-0.65,Matches
581,José Carlos Lazo,es ESP,MF,Almería,es La Liga,26,1996,1,20,20,0.6,0.2,0,,0,1,20,1,0.00,0,1,-1,-4.50,-4.10,Matches
582,José Carlos Lazo,es ESP,MF,Espanyol,es La Liga,26,1996,10,159,16,4.6,1.8,0,,0,10,16,23,0.90,7,2,+5,+2.83,+3.44,Matches
583,Carmona,es ESP,"MF,DF",Elche,es La Liga,20,2002,9,589,65,17.2,6.5,8,72,2,1,15,0,1.00,5,10,-5,-0.76,+0.25,Matches
584,Carmona,es ESP,DF,Sevilla,es La Liga,20,2002,10,527,53,15.4,5.9,5,69,1,5,36,5,1.00,6,11,-5,-0.85,-0.79,Matches
585,Marco Carnesecchi,it ITA,GK,Cremonese,it Serie A,22,2000,27,2430,90,71.1,27.0,27,90,27,0,,4,0.78,25,47,-22,-0.81,+0.19,Matches
586,Yannick Carrasco,be BEL,"DF,MF",Atlético Madrid,es La Liga,28,1993,35,2317,66,67.7,25.7,26,77,7,9,36,1,2.06,43,25,+18,+0.70,-0.85,Matches
587,Sergio Carreira,es ESP,"DF,MF",Villarreal,es La Liga,21,2000,0,,,,,0,,0,0,,1,,,,,,,Matches
588,Coke Carrillo,es ESP,GK,Celta Vigo,es La Liga,20,2002,0,,,,,0,,0,0,,17,,,,,,,Matches
589,Scott Carson,eng ENG,GK,Manchester City,eng Premier League,36,1985,0,,,,,0,,0,0,,5,,,,,,,Matches
590,Dani Carvajal,es ESP,DF,Real Madrid,es La Liga,30,1992,27,1784,66,52.2,19.8,20,82,8,7,20,5,1.96,38,22,+16,+0.81,-0.46,Matches
591,Fabio Carvalho,pt POR,"MF,FW",Liverpool,eng Premier League,19,2002,13,347,27,10.1,3.9,4,52,0,9,16,18,1.69,9,3,+6,+1.56,+0.91,Matches
592,Matis Carvalho,pt POR,GK,Montpellier,fr Ligue 1,23,1999,2,136,68,4.0,1.5,1,90,1,1,46,5,1.50,2,3,-1,-0.66,-0.77,Matches
593,William Carvalho,pt POR,MF,Real Betis,es La Liga,30,1992,33,2438,74,71.3,27.1,31,77,14,2,22,0,1.70,35,26,+9,+0.33,+0.70,Matches
594,Marc Casado,es ESP,MF,Barcelona,es La Liga,18,2003,0,,,,,0,,0,0,,8,,,,,,,Matches
595,Nicolò Casale,it ITA,DF,Lazio,it Serie A,24,1998,29,2437,84,71.3,27.1,27,89,25,2,21,6,1.86,38,24,+14,+0.52,-0.95,Matches
596,Casemiro,br BRA,MF,Manchester Utd,eng Premier League,30,1992,28,2124,76,62.1,23.6,24,85,18,4,22,0,2.11,37,21,+16,+0.68,+0.75,Matches
597,Casemiro,br BRA,MF,Real Madrid,es La Liga,30,1992,1,8,8,0.2,0.1,0,,0,1,8,0,3.00,0,0,0,0.00,-1.03,Matches
598,Kaelan Casey,eng ENG,DF,West Ham United,eng Premier League,17,2004,0,,,,,0,,0,0,,1,,,,,,,Matches
599,Matty Cash,pl POL,DF,Aston Villa,eng Premier League,24,1997,26,1820,70,53.2,20.2,20,85,15,6,21,1,1.46,28,29,-1,-0.05,-0.39,Matches
600,Kiko Casilla,es ESP,GK,Getafe,es La Liga,35,1986,0,,,,,0,,0,0,,37,,,,,,,Matches
601,Tommaso Cassandro,it ITA,"DF,MF",Lecce,it Serie A,22,2000,1,13,13,0.4,0.1,0,,0,1,13,19,0.00,0,0,0,0.00,+0.34,Matches
602,Riccardo Castagnaviz,it ITA,MF,Udinese,it Serie A,19,2003,0,,,,,0,,0,0,,1,,,,,,,Matches
603,Timothy Castagne,be BEL,"DF,MF",Leicester City,eng Premier League,26,1995,37,3254,88,95.1,36.2,36,89,33,1,45,1,0.92,49,64,-15,-0.41,+0.67,Matches
604,Michele Castagnetti,it ITA,MF,Cremonese,it Serie A,32,1989,27,1412,52,41.3,15.7,14,74,5,13,29,6,0.78,19,29,-10,-0.64,+0.39,Matches
605,Koen Casteels,be BEL,GK,Wolfsburg,de Bundesliga,30,1992,34,3060,90,100.0,34.0,34,90,34,0,,0,1.44,57,48,+9,+0.26,,Matches
606,Valentín Castellanos,ar ARG,FW,Girona,es La Liga,23,1998,35,2597,74,75.9,28.9,33,77,8,2,22,0,1.29,43,41,+2,+0.07,-0.04,Matches
607,Jean-Charles Castelletto,cm CMR,DF,Nantes,fr Ligue 1,27,1995,32,2568,80,75.1,28.5,30,85,27,2,13,2,1.03,27,41,-14,-0.49,-0.07,Matches
608,Samu Castillejo,es ESP,"FW,MF",Valencia,es La Liga,27,1995,25,1362,54,39.8,15.1,17,70,3,8,21,4,0.88,14,15,-1,-0.07,+0.02,Matches
609,Jonny Castro,es ESP,DF,Wolves,eng Premier League,28,1994,18,1261,70,36.9,14.0,14,84,9,4,22,8,1.00,8,20,-12,-0.86,-0.23,Matches
610,Gaetano Castrovilli,it ITA,MF,Fiorentina,it Serie A,25,1997,15,718,48,21.0,8.0,7,77,2,8,22,5,1.67,17,8,+9,+1.13,+1.09,Matches
611,Danilo Cataldi,it ITA,MF,Lazio,it Serie A,27,1994,29,1921,66,56.2,21.3,26,72,4,3,18,2,1.97,37,15,+22,+1.03,+0.55,Matches
612,Catena,es ESP,DF,Rayo Vallecano,es La Liga,27,1994,35,3103,89,90.7,34.5,35,89,32,0,,0,1.34,41,48,-7,-0.20,+0.08,Matches
613,Yoann Cathline,fr FRA,MF,Lorient,fr Ligue 1,20,2002,23,1090,47,31.9,12.1,11,75,4,12,22,6,1.22,13,16,-3,-0.25,-0.32,Matches
614,Maximiliano Caufriez,be BEL,DF,Clermont Foot,fr Ligue 1,25,1997,26,2222,85,65.0,24.7,25,88,22,1,27,0,1.73,33,25,+8,+0.32,+1.23,Matches
615,Edinson Cavani,uy URU,FW,Valencia,es La Liga,35,1987,25,1449,58,42.4,16.1,20,69,4,5,14,1,0.88,18,15,+3,+0.19,+0.46,Matches
616,Denis Cazzadori,it ITA,FW,Hellas Verona,it Serie A,18,2004,0,,,,,0,,0,0,,1,,,,,,,Matches
617,Dani Ceballos,es ESP,MF,Real Madrid,es La Liga,25,1996,30,1564,52,45.7,17.4,19,74,5,11,15,3,2.17,26,14,+12,+0.69,-0.62,Matches
618,Pietro Ceccaroni,it ITA,DF,Lecce,it Serie A,26,1995,2,43,22,1.3,0.5,0,,0,2,22,16,1.50,1,1,0,0.00,+0.35,Matches
619,Federico Ceccherini,it ITA,DF,Hellas Verona,it Serie A,30,1992,22,1417,64,41.4,15.7,18,73,6,4,27,8,0.73,16,24,-8,-0.51,+0.39,Matches
620,Iván Cédric,es ESP,FW,Valladolid,es La Liga,20,2001,0,,,,,0,,0,0,,3,,,,,,,Matches
621,Assan Ceesay,gm GAM,FW,Lecce,it Serie A,28,1994,34,1812,53,53.0,20.1,20,75,4,14,22,3,0.91,13,27,-14,-0.70,-0.75,Matches
622,Emil Ceide,no NOR,FW,Sassuolo,it Serie A,20,2001,19,515,27,15.1,5.7,5,58,0,14,16,17,0.95,8,9,-1,-0.17,+0.23,Matches
623,Zeki Çelik,tr TUR,"MF,DF",Roma,it Serie A,25,1997,24,1504,63,44.0,16.7,16,81,10,8,25,8,1.79,22,17,+5,+0.30,-0.03,Matches
624,Álex Centelles,es ESP,"DF,MF",Almería,es La Liga,24,1997,15,1123,75,32.8,12.5,11,88,9,4,38,12,1.06,19,21,-2,-0.16,+0.39,Matches
625,Alberto Centis,it ITA,MF,Udinese,it Serie A,18,2004,0,,,,,0,,0,0,,3,,,,,,,Matches
626,Fabien Centonze,fr FRA,"DF,MF",Nantes,fr Ligue 1,26,1996,23,1689,73,49.4,18.8,19,81,14,4,36,3,0.96,17,22,-5,-0.27,+0.41,Matches
627,Michele Cerofolini,it ITA,GK,Fiorentina,it Serie A,23,1999,5,450,90,13.2,5.0,5,90,5,0,,33,2.60,13,3,+10,+2.00,+2.00,Matches
628,Franco Cervi,ar ARG,MF,Celta Vigo,es La Liga,28,1994,36,1894,53,55.4,21.0,21,76,6,15,21,1,1.11,19,37,-18,-0.86,-1.33,Matches
629,Julian Chabot,de GER,DF,Köln,de Bundesliga,24,1998,21,1803,86,58.9,20.0,21,86,18,0,,5,1.38,30,24,+6,+0.30,+1.09,Matches
630,Florian Chabrolle,fr FRA,MF,Ajaccio,fr Ligue 1,24,1998,7,329,47,9.6,3.7,3,90,3,4,15,15,0.43,3,12,-9,-2.46,-1.24,Matches
631,El Chadaille Bitshiabu,fr FRA,DF,Paris Saint-Germain,fr Ligue 1,17,2005,13,583,45,17.0,6.5,6,74,2,7,20,19,1.92,9,12,-3,-0.46,-2.11,Matches
632,Sofyan Chader,fr FRA,MF,Clermont Foot,fr Ligue 1,22,2000,0,,,,,0,,0,0,,1,,,,,,,Matches
633,Fares Chaïbi,dz ALG,"MF,FW",Toulouse,fr Ligue 1,19,2002,36,2340,65,68.4,26.0,24,81,8,12,33,0,1.22,38,30,+8,+0.31,+1.47,Matches
634,Nathaniel Chalobah,eng ENG,MF,Fulham,eng Premier League,27,1994,4,12,3,0.4,0.1,1,7,0,3,2,10,1.50,0,0,0,0.00,-0.05,Matches
635,Trevoh Chalobah,eng ENG,DF,Chelsea,eng Premier League,23,1999,25,1608,64,47.0,17.9,18,86,15,7,8,10,1.20,20,24,-4,-0.22,+0.02,Matches
636,Muhammed Cham,at AUT,MF,Clermont Foot,fr Ligue 1,21,2000,38,1968,52,57.5,21.9,23,74,3,15,18,0,1.55,27,32,-5,-0.23,-0.29,Matches
637,Calum Chambers,eng ENG,DF,Aston Villa,eng Premier League,27,1995,14,353,25,10.3,3.9,2,90,2,12,14,22,2.07,4,4,0,0.00,-0.15,Matches
638,Luke Chambers,eng ENG,"DF,MF",Liverpool,eng Premier League,18,2004,0,,,,,0,,0,0,,1,,,,,,,Matches
639,Timothy Chandler,us USA,"DF,MF",Eintracht Frankfurt,de Bundesliga,32,1990,6,86,14,2.8,1.0,0,,0,6,14,25,2.17,1,5,-4,-4.19,-4.49,Matches
640,Gaëtan Charbonnier,fr FRA,FW,Auxerre,fr Ligue 1,33,1988,6,254,42,7.4,2.8,3,72,1,3,13,0,0.83,3,9,-6,-2.13,-1.50,Matches
641,Brendan Chardonnet,fr FRA,DF,Brest,fr Ligue 1,27,1994,30,2491,83,72.8,27.7,27,90,27,3,20,2,1.30,31,37,-6,-0.22,+0.17,Matches
642,Shea Charles,nir NIR,"DF,MF",Manchester City,eng Premier League,18,2003,1,28,28,0.8,0.3,0,,0,1,28,1,0.00,0,1,-1,-3.21,-4.86,Matches
643,Xavier Chavalerin,fr FRA,MF,Troyes,fr Ligue 1,31,1991,34,2426,71,70.9,27.0,25,89,23,9,23,3,0.65,28,57,-29,-1.08,-0.44,Matches
644,Pep Chavarría,es ESP,MF,Rayo Vallecano,es La Liga,24,1998,16,366,23,10.7,4.1,2,68,0,14,17,18,1.75,7,7,0,0.00,+0.24,Matches
645,Justin Che,us USA,DF,Hoffenheim,de Bundesliga,18,2003,0,,,,,0,,0,0,,2,,,,,,,Matches
646,Ivane Chegra,fr FRA,MF,Ajaccio,fr Ligue 1,18,2004,6,193,32,5.6,2.1,1,45,0,5,30,1,0.67,1,5,-4,-1.87,-0.55,Matches
647,Pape Cheikh Diop,sn SEN,MF,Elche,es La Liga,24,1997,2,37,19,1.1,0.4,0,,0,2,19,10,0.33,2,1,+1,+2.43,+3.44,Matches
648,Rayan Cherki,fr FRA,"MF,FW",Lyon,fr Ligue 1,18,2003,34,1872,55,54.7,20.8,21,79,9,13,16,4,1.56,38,22,+16,+0.77,+0.65,Matches
649,Luigi Cherubini,it ITA,MF,Roma,it Serie A,18,2004,0,,,,,0,,0,0,,3,,,,,,,Matches
650,Ilyes Cheti,dz ALG,DF,Angers,fr Ligue 1,27,1995,6,207,35,6.1,2.3,2,55,0,4,24,13,0.50,1,7,-6,-2.61,-1.43,Matches
651,Lucas Chevalier,fr FRA,GK,Lille,fr Ligue 1,20,2001,32,2880,90,84.2,32.0,32,90,32,0,,6,1.78,52,31,+21,+0.66,+0.66,Matches
652,Fabio Chiarodia,it ITA,DF,Werder Bremen,de Bundesliga,17,2005,3,66,22,2.2,0.7,1,62,0,2,2,23,1.33,0,1,-1,-1.36,-1.00,Matches
653,Federico Chiesa,it ITA,"MF,FW",Juventus,it Serie A,24,1997,21,852,41,24.9,9.5,6,76,1,15,26,0,1.81,14,10,+4,+0.42,-0.24,Matches
654,Mattia Chiesa,it ITA,GK,Hellas Verona,it Serie A,22,2000,0,,,,,0,,0,0,,12,,,,,,,Matches
655,Jeremiah Chilokoa-Mullen,sct SCO,DF,Leeds United,eng Premier League,18,2004,0,,,,,0,,0,0,,3,,,,,,,Matches
656,Ben Chilwell,eng ENG,"MF,DF",Chelsea,eng Premier League,25,1996,23,1408,61,41.2,15.6,15,85,10,8,17,2,1.26,16,19,-3,-0.19,+0.08,Matches
657,Vlad Chiricheș,ro ROU,DF,Cremonese,it Serie A,32,1989,16,983,61,28.7,10.9,14,68,7,2,17,3,0.81,5,20,-15,-1.37,-0.71,Matches
658,Pedro Chirivella,es ESP,MF,Nantes,fr Ligue 1,25,1997,26,2028,78,59.3,22.5,25,80,10,1,28,2,0.96,20,29,-9,-0.40,+0.18,Matches
659,Mannah Chiwisa,zm ZAM,MF,Atalanta,it Serie A,18,2003,0,,,,,0,,0,0,,2,,,,,,,Matches
660,Joris Chotard,fr FRA,MF,Montpellier,fr Ligue 1,20,2001,35,2461,70,72.0,27.3,26,87,17,9,24,2,1.40,51,44,+7,+0.26,+0.63,Matches
661,Andreas Christensen,dk DEN,DF,Barcelona,es La Liga,26,1996,23,1760,77,51.5,19.6,22,80,15,1,6,4,2.30,33,13,+20,+1.02,-0.60,Matches
662,Oliver Christensen,dk DEN,GK,Hertha BSC,de Bundesliga,23,1999,33,2970,90,97.1,33.0,33,90,33,0,,1,0.79,40,68,-28,-0.85,-1.85,Matches
663,Ryan Christie,sct SCO,MF,Bournemouth,eng Premier League,27,1995,32,1834,57,53.6,20.4,22,74,5,10,20,6,1.09,19,36,-17,-0.83,+0.13,Matches
664,Carney Chukwuemeka,at AUT,MF,Chelsea,eng Premier League,18,2003,14,354,25,10.4,3.9,2,72,0,12,18,7,1.29,2,7,-5,-1.27,-1.15,Matches
665,Samuel Chukwueze,ng NGA,"FW,MF",Villarreal,es La Liga,23,1999,37,2339,63,68.4,26.0,27,77,9,10,25,1,1.73,42,33,+9,+0.35,-0.49,Matches
666,Chumi,es ESP,DF,Almería,es La Liga,23,1999,21,1489,71,43.5,16.5,15,89,13,6,27,9,1.10,20,30,-10,-0.60,-0.32,Matches
667,Darko Churlinov,mk MKD,"FW,MF",Stuttgart,de Bundesliga,22,2000,1,27,27,0.9,0.3,0,,0,1,27,0,1.00,0,0,0,0.00,+0.36,Matches
668,Víctor Chust,es ESP,DF,Cádiz,es La Liga,22,2000,14,965,69,28.2,10.7,10,78,8,4,48,4,0.86,7,20,-13,-1.21,-0.85,Matches
669,Aaron Ciammaglichella,it ITA,MF,Torino,it Serie A,17,2005,0,,,,,0,,0,0,,1,,,,,,,Matches
670,Dorian Ciężkowski,pl POL,GK,Cremonese,it Serie A,21,2001,0,,,,,0,,0,0,,3,,,,,,,Matches
671,Tolga Ciğerci,tr TUR,MF,Hertha BSC,de Bundesliga,30,1992,11,672,61,22.0,7.5,10,63,1,1,45,1,0.73,7,18,-11,-1.47,-0.87,Matches
672,Yanis Cimignani,fr FRA,MF,Ajaccio,fr Ligue 1,20,2002,8,279,35,8.2,3.1,3,68,1,5,15,4,0.63,3,2,+1,+0.32,+1.81,Matches
673,Daniel Ciofani,it ITA,FW,Cremonese,it Serie A,37,1985,32,1060,33,31.0,11.8,10,63,0,22,20,4,0.72,18,20,-2,-0.17,+1.01,Matches
674,Tio Cipot,si SVN,MF,Spezia,it Serie A,19,2003,8,139,17,4.1,1.5,0,,0,8,17,12,0.22,0,3,-3,-1.94,-1.17,Matches
675,Pathé Ciss,sn SEN,MF,Rayo Vallecano,es La Liga,28,1994,32,1282,40,37.5,14.2,12,77,6,20,18,6,1.47,9,27,-18,-1.26,-1.68,Matches
676,Alphadjo Cissè,it ITA,MF,Hellas Verona,it Serie A,15,2006,0,,,,,0,,0,0,,3,,,,,,,Matches
677,Souleymane Cissé,fr FRA,DF,Clermont Foot,fr Ligue 1,19,2002,2,36,18,1.1,0.4,0,,0,2,18,18,0.00,0,1,-1,-2.50,-2.42,Matches
678,Mattia Ciucci,it ITA,DF,Lecce,it Serie A,19,2002,0,,,,,0,,0,0,,4,,,,,,,Matches
679,Patrick Ciurria,it ITA,MF,Monza,it Serie A,27,1995,36,2753,76,80.5,30.6,31,85,21,5,25,2,1.44,42,35,+7,+0.23,+1.71,Matches
680,Bobby Clark,eng ENG,MF,Liverpool,eng Premier League,17,2005,1,8,8,0.2,0.1,0,,0,1,8,5,3.00,1,0,+1,+11.25,+10.54,Matches
681,Caden Clark,us USA,MF,RB Leipzig,de Bundesliga,19,2003,0,,,,,0,,0,0,,5,,,,,,,Matches
682,Alexis Claude-Maurice,fr FRA,MF,Nice,fr Ligue 1,24,1998,2,64,32,1.9,0.7,1,45,0,1,19,2,0.00,0,3,-3,-4.22,-4.59,Matches
683,Alexis Claude-Maurice,fr FRA,"MF,FW",Lens,fr Ligue 1,24,1998,20,604,30,17.7,6.7,5,66,0,15,18,6,2.45,13,6,+7,+1.04,+0.02,Matches
684,Jonathan Clauss,fr FRA,MF,Marseille,fr Ligue 1,29,1992,34,2590,76,75.7,28.8,32,79,16,2,30,0,1.94,51,27,+24,+0.83,+0.51,Matches
685,Carlos Clerc,es ESP,"DF,MF",Elche,es La Liga,30,1992,32,2639,82,77.2,29.3,31,84,21,1,22,5,0.72,24,50,-26,-0.89,+0.38,Matches
686,Nathaniel Clyne,eng ENG,DF,Crystal Palace,eng Premier League,31,1991,22,1640,75,48.0,18.2,19,84,14,3,17,8,0.77,13,23,-10,-0.55,-0.60,Matches
687,Conor Coady,eng ENG,"DF,MF",Wolves,eng Premier League,29,1993,0,,,,,0,,0,0,,1,,,,,,,Matches
688,Conor Coady,eng ENG,DF,Everton,eng Premier League,29,1993,24,2096,87,61.3,23.3,23,90,22,1,36,11,1.00,16,28,-12,-0.52,+0.23,Matches
689,Manu Cocca,ar ARG,DF,Elche,es La Liga,19,2002,0,,,,,0,,0,0,,2,,,,,,,Matches
690,Nicolò Cocetta,it ITA,DF,Udinese,it Serie A,18,2003,1,32,32,0.9,0.4,0,,0,1,32,1,0.00,0,1,-1,-2.81,-2.81,Matches
691,Marcus Coco,fr FRA,"MF,FW",Nantes,fr Ligue 1,26,1996,26,641,25,18.7,7.1,6,62,0,20,14,10,1.08,8,7,+1,+0.14,+0.76,Matches
692,Alexandre Coeff,fr FRA,DF,Auxerre,fr Ligue 1,30,1992,7,586,84,17.1,6.5,6,90,6,1,46,6,0.86,6,14,-8,-1.23,-0.59,Matches
693,Jack Colback,eng ENG,MF,Nottingham Forest,eng Premier League,32,1989,11,497,45,14.5,5.5,4,77,2,7,27,7,1.36,3,11,-8,-1.45,-0.77,Matches
694,Séamus Coleman,ie IRL,"DF,MF",Everton,eng Premier League,33,1988,23,1656,72,48.4,18.4,20,77,9,3,37,7,0.91,15,25,-10,-0.54,+0.12,Matches
695,David Čolina,hr CRO,"DF,MF",Augsburg,de Bundesliga,22,2000,7,166,24,5.4,1.8,0,,0,7,24,5,0.14,0,6,-6,-3.25,-2.79,Matches
696,Álex Collado,es ESP,MF,Elche,es La Liga,23,1999,15,722,48,21.1,8.0,8,64,2,7,30,12,,6,18,-12,-1.50,-0.66,Matches
697,Diego Collado,es ESP,"FW,MF",Villarreal,es La Liga,21,2001,2,6,3,0.2,0.1,0,,0,2,3,1,1.50,1,0,+1,+15.00,+14.53,Matches
698,Omar Colley,gm GAM,DF,Sampdoria,it Serie A,29,1992,16,1384,87,40.5,15.4,15,89,14,1,45,0,0.44,6,25,-19,-1.24,0.00,Matches
699,Nathan Collins,ie IRL,DF,Wolves,eng Premier League,21,2001,26,1814,70,53.0,20.2,19,87,18,7,23,9,1.04,16,36,-20,-0.99,-0.60,Matches
700,Leonardo Colombo,it ITA,MF,Monza,it Serie A,17,2005,0,,,,,0,,0,0,,4,,,,,,,Matches
701,Lorenzo Colombo,it ITA,FW,Lecce,it Serie A,20,2002,33,1515,46,44.3,16.8,18,69,0,15,18,4,0.97,20,18,+2,+0.12,+0.83,Matches
702,Matteo Colombo,it ITA,MF,Atalanta,it Serie A,18,2004,0,,,,,0,,0,0,,4,,,,,,,Matches
703,Andrea Colpani,it ITA,MF,Monza,it Serie A,23,1999,27,948,35,27.7,10.5,10,61,0,17,20,8,1.22,16,12,+4,+0.38,+0.67,Matches
704,Levi Colwill,eng ENG,DF,Brighton,eng Premier League,19,2003,17,1220,72,35.7,13.6,13,88,11,4,19,11,1.71,29,21,+8,+0.59,+0.14,Matches
705,Kingsley Coman,fr FRA,MF,Bayern Munich,de Bundesliga,26,1996,24,1409,59,46.0,15.7,16,71,2,8,35,3,2.17,43,11,+32,+2.04,+0.84,Matches
706,Eray Cömert,ch SUI,DF,Valencia,es La Liga,24,1998,23,1672,73,48.9,18.6,19,84,15,4,20,12,1.22,22,22,0,0.00,+0.15,Matches
707,Santi Comesaña,es ESP,MF,Rayo Vallecano,es La Liga,25,1996,35,2451,70,71.7,27.2,29,77,7,6,36,0,1.20,36,33,+3,+0.11,+1.13,Matches
708,Mattia Compagnon,it ITA,FW,Juventus,it Serie A,20,2001,0,,,,,0,,0,0,,2,,,,,,,Matches
709,Diego Conde,es ESP,GK,Getafe,es La Liga,23,1998,0,,,,,0,,0,0,,36,,,,,,,Matches
710,Martín Conde,es ESP,DF,Celta Vigo,es La Liga,19,2003,0,,,,,0,,0,0,,2,,,,,,,Matches
711,Andrea Consigli,it ITA,GK,Sassuolo,it Serie A,35,1987,35,3150,90,92.1,35.0,35,90,35,0,,1,1.26,45,55,-10,-0.29,+1.05,Matches
712,Abdu Conté,pt POR,"DF,MF",Troyes,fr Ligue 1,24,1998,19,1315,69,38.5,14.6,15,81,9,4,26,1,0.68,21,26,-5,-0.34,+0.98,Matches
713,Andrea Conti,it ITA,"DF,MF",Sampdoria,it Serie A,28,1994,1,23,23,0.7,0.3,0,,0,1,23,7,0.00,0,1,-1,-3.91,-2.69,Matches
714,Nikita Contini Baranovsky,it ITA,GK,Sampdoria,it Serie A,26,1996,0,,,,,0,,0,0,,14,,,,,,,Matches
715,Lewis Cook,eng ENG,MF,Bournemouth,eng Premier League,25,1997,28,1720,61,50.3,19.1,18,84,14,10,21,5,0.89,18,39,-21,-1.10,-0.41,Matches
716,Steve Cook,eng ENG,DF,Nottingham Forest,eng Premier League,31,1991,12,957,80,28.0,10.6,11,86,8,1,12,7,0.83,7,21,-14,-1.32,-0.73,Matches
717,Liam Cooper,sct SCO,DF,Leeds United,eng Premier League,30,1991,18,1426,79,41.7,15.8,16,85,14,2,31,7,0.56,20,32,-12,-0.76,+0.06,Matches
718,Copete,es ESP,DF,Mallorca,es La Liga,22,1999,28,2206,79,64.5,24.5,27,81,16,1,14,6,1.39,22,26,-4,-0.16,-0.01,Matches
719,Diego Coppola,it ITA,DF,Hellas Verona,it Serie A,18,2003,19,1177,62,34.4,13.1,11,85,9,8,30,10,1.00,8,16,-8,-0.61,+0.19,Matches
720,Francis Coquelin,fr FRA,MF,Villarreal,es La Liga,31,1991,16,748,47,21.9,8.3,9,68,1,7,19,1,1.38,10,6,+4,+0.48,-0.02,Matches
721,Sébastien Corchia,fr FRA,"DF,MF",Nantes,fr Ligue 1,31,1990,22,786,36,23.0,8.7,6,77,2,16,20,12,1.14,10,16,-6,-0.69,-0.28,Matches
722,Alex Cordaz,it ITA,GK,Inter,it Serie A,39,1983,1,26,26,0.8,0.3,0,,0,1,26,34,3.00,0,0,0,0.00,-0.77,Matches
723,Maxwel Cornet,ci CIV,MF,West Ham United,eng Premier League,25,1996,14,245,18,7.2,2.7,2,46,0,12,13,6,0.79,2,5,-3,-1.10,-0.82,Matches
724,Jesús Corona,mx MEX,MF,Sevilla,es La Liga,29,1993,4,111,28,3.2,1.2,1,62,0,3,16,9,0.75,3,2,+1,+0.81,+1.03,Matches
725,Adrián Corral,es ESP,DF,Atlético Madrid,es La Liga,19,2003,0,,,,,0,,0,0,,2,,,,,,,Matches
726,Ángel Correa,ar ARG,"FW,MF",Atlético Madrid,es La Liga,27,1995,35,1455,42,42.5,16.2,13,69,1,22,25,1,1.94,29,15,+14,+0.87,-0.19,Matches
727,Joaquín Correa,ar ARG,FW,Inter,it Serie A,27,1994,26,950,37,27.8,10.6,12,61,0,14,16,3,1.77,13,12,+1,+0.09,-0.93,Matches
728,Thierry Correia,pt POR,DF,Valencia,es La Liga,23,1999,27,2009,74,58.7,22.3,24,81,14,3,19,0,1.19,27,26,+1,+0.04,+0.30,Matches
729,Alessandro Cortinovis,it ITA,MF,Hellas Verona,it Serie A,21,2001,1,6,6,0.2,0.1,0,,0,1,6,8,0.00,0,0,0,0.00,+0.74,Matches
730,Danny da Costa,de GER,MF,Mainz 05,de Bundesliga,29,1993,23,1236,54,40.4,13.7,14,75,5,9,21,4,1.35,21,22,-1,-0.07,-0.07,Matches
731,David Costa,pt POR,"MF,FW",Lens,fr Ligue 1,21,2001,31,1407,45,41.1,15.6,16,70,1,15,19,4,2.10,24,8,+16,+1.02,0.00,Matches
732,Diego Costa,es ESP,FW,Wolves,eng Premier League,33,1988,23,1241,54,36.3,13.8,16,68,1,7,22,2,1.26,15,17,-2,-0.15,+0.89,Matches
733,Jaume Costa,es ESP,DF,Mallorca,es La Liga,34,1988,32,2599,81,76.0,28.9,30,84,19,2,45,1,1.44,31,32,-1,-0.03,+0.51,Matches
734,Logan Costa,cv CPV,DF,Toulouse,fr Ligue 1,21,2001,6,415,69,12.1,4.6,4,90,4,2,28,30,1.17,3,6,-3,-0.65,-0.56,Matches
735,Nuno da Costa,cv CPV,"FW,MF",Auxerre,fr Ligue 1,31,1991,33,2003,61,58.6,22.3,23,73,1,10,33,0,0.85,23,32,-9,-0.40,+0.80,Matches
736,Samu Costa,pt POR,MF,Almería,es La Liga,21,2000,32,1989,62,58.2,22.1,22,83,15,10,16,6,1.16,23,47,-24,-1.09,-1.59,Matches
737,Benoît Costil,fr FRA,GK,Auxerre,fr Ligue 1,35,1987,19,1710,90,50.0,19.0,19,90,19,0,,0,0.68,16,41,-25,-1.32,-1.16,Matches
738,Benoît Costil,fr FRA,GK,Lille,fr Ligue 1,35,1987,0,,,,,0,,0,0,,19,,,,,,,Matches
739,Grégoire Coudert,fr FRA,GK,Brest,fr Ligue 1,23,1999,0,,,,,0,,0,0,,6,,,,,,,Matches
740,Vladimír Coufal,cz CZE,"DF,MF",West Ham United,eng Premier League,29,1992,27,2136,79,62.5,23.7,24,85,18,3,33,7,1.00,27,35,-8,-0.34,+0.01,Matches
741,Lassana Coulibaly,ml MLI,MF,Salernitana,it Serie A,26,1996,35,2892,83,84.6,32.1,34,84,24,1,34,0,1.11,42,57,-15,-0.47,-0.64,Matches
742,Soumaïla Coulibaly,fr FRA,DF,Dortmund,de Bundesliga,18,2003,1,45,45,1.5,0.5,0,,0,1,45,10,1.00,1,3,-2,-4.00,-5.22,Matches
743,Tanguy Coulibaly,fr FRA,MF,Stuttgart,de Bundesliga,21,2001,14,326,23,10.7,3.6,0,,0,14,23,8,1.00,11,6,+5,+1.38,+1.94,Matches
744,Gaëtan Courtet,fr FRA,FW,Ajaccio,fr Ligue 1,33,1989,0,,,,,0,,0,0,,1,,,,,,,Matches
745,Thibaut Courtois,be BEL,GK,Real Madrid,es La Liga,30,1992,31,2790,90,81.6,31.0,31,90,31,0,,1,2.10,61,29,+32,+1.03,+0.03,Matches
746,Mathieu Coutadeur,fr FRA,MF,Ajaccio,fr Ligue 1,36,1986,27,1947,72,56.9,21.6,22,85,14,5,14,3,0.78,14,37,-23,-1.06,+0.65,Matches
747,Philippe Coutinho,br BRA,"FW,MF",Aston Villa,eng Premier League,30,1992,20,788,39,23.0,8.8,7,72,1,13,22,2,1.10,9,9,0,0.00,-0.17,Matches
748,Yan Couto,br BRA,"MF,DF",Girona,es La Liga,20,2002,25,1158,46,33.9,12.9,12,77,5,13,18,4,1.12,20,15,+5,+0.39,+0.47,Matches
749,Conor Coventry,ie IRL,MF,West Ham United,eng Premier League,22,2000,1,1,1,0.0,0.0,0,,0,1,1,10,0.00,0,0,0,0.00,+0.34,Matches
750,Matthew Cox,eng ENG,GK,Brentford,eng Premier League,19,2003,0,,,,,0,,0,0,,21,,,,,,,Matches
751,Amario Cozier-Duberry,eng ENG,"FW,MF",Arsenal,eng Premier League,17,2005,0,,,,,0,,0,0,,5,,,,,,,Matches
752,Nicolas Cozza,fr FRA,DF,Montpellier,fr Ligue 1,23,1999,17,1277,75,37.3,14.2,14,87,13,3,18,1,0.82,21,29,-8,-0.56,-1.03,Matches
753,Nicolas Cozza,fr FRA,DF,Wolfsburg,de Bundesliga,23,1999,5,100,20,3.3,1.1,0,,0,5,20,10,2.00,2,2,0,0.00,-0.27,Matches
754,Vincenzo Cozzella,it ITA,GK,Auxerre,fr Ligue 1,20,2001,0,,,,,0,,0,0,,1,,,,,,,Matches
755,Alessio Cragno,it ITA,GK,Monza,it Serie A,28,1994,1,90,90,2.6,1.0,1,90,1,0,,37,0.00,0,3,-3,-3.00,-2.97,Matches
756,Matthew Craig,sct SCO,MF,Tottenham Hotspur,eng Premier League,19,2003,1,14,14,0.4,0.2,0,,0,1,14,2,3.00,1,0,+1,+6.43,+6.27,Matches
757,Tristan Crama,fr FRA,DF,Brentford,eng Premier League,20,2001,0,,,,,0,,0,0,,4,,,,,,,Matches
758,Aaron Cresswell,eng ENG,DF,West Ham United,eng Premier League,32,1989,28,2235,80,65.4,24.8,24,88,20,4,29,8,1.11,26,32,-6,-0.24,+0.29,Matches
759,Bryan Cristante,it ITA,MF,Roma,it Serie A,27,1995,36,2938,82,85.9,32.6,34,85,26,2,24,0,1.67,36,27,+9,+0.28,-0.28,Matches
760,Cristian,es ESP,GK,Valencia,es La Liga,24,1998,0,,,,,0,,0,0,,26,,,,,,,Matches
761,Domen Črnigoj,si SVN,MF,Salernitana,it Serie A,26,1995,7,296,42,8.7,3.3,4,60,0,3,19,3,1.14,2,3,-1,-0.30,+0.07,Matches
762,Giovanni Crociata,it ITA,MF,Empoli,it Serie A,24,1997,0,,,,,0,,0,0,,4,,,,,,,Matches
763,Juan Cruz Armada,es ESP,DF,Osasuna,es La Liga,30,1992,27,2062,76,60.3,22.9,21,89,20,6,31,9,1.33,21,27,-6,-0.26,-0.33,Matches
764,Juan Cruz,es ESP,MF,Real Betis,es La Liga,22,2000,6,178,30,5.2,2.0,1,63,0,5,23,12,1.33,5,2,+3,+1.52,+1.46,Matches
765,Juan Cuadrado,co COL,"MF,DF",Juventus,it Serie A,34,1988,31,2078,67,60.8,23.1,24,77,10,7,32,0,2.03,34,15,+19,+0.82,+0.55,Matches
766,Marc Cucurella,es ESP,"DF,MF",Chelsea,eng Premier League,24,1998,24,1671,70,48.9,18.6,21,77,10,3,15,3,1.21,17,20,-3,-0.16,+0.15,Matches
767,Jorge Cuenca,es ESP,DF,Villarreal,es La Liga,22,1999,10,506,51,14.8,5.6,5,84,4,5,17,28,1.40,5,7,-2,-0.36,-1.00,Matches
768,Braian Cufré,ar ARG,"MF,DF",Mallorca,es La Liga,25,1996,5,220,44,6.4,2.4,2,90,2,3,13,13,0.80,2,2,0,0.00,+0.17,Matches
769,Mickaël Cuisance,fr FRA,MF,Sampdoria,it Serie A,22,1999,12,618,52,18.1,6.9,9,61,0,3,22,2,0.58,5,6,-1,-0.15,+1.33,Matches
770,Luke Cundle,eng ENG,MF,Wolves,eng Premier League,20,2002,0,,,,,0,,0,0,,3,,,,,,,Matches
771,Matheus Cunha,br BRA,FW,Wolves,eng Premier League,23,1999,17,965,57,28.2,10.7,12,70,1,5,26,3,1.65,13,12,+1,+0.09,+1.12,Matches
772,Matheus Cunha,br BRA,"MF,FW",Atlético Madrid,es La Liga,23,1999,11,377,34,11.0,4.2,2,68,0,9,27,2,1.82,10,6,+4,+0.95,-0.02,Matches
773,Dennis Curatolo,it ITA,FW,Inter,it Serie A,18,2004,0,,,,,0,,0,0,,5,,,,,,,Matches
774,Curro,es ESP,"FW,MF",Almería,es La Liga,26,1996,2,43,22,1.3,0.5,0,,0,2,22,1,1.50,0,2,-2,-4.19,-3.81,Matches
775,Marco D'Alessandro,it ITA,MF,Monza,it Serie A,31,1991,8,290,36,8.5,3.2,3,67,1,5,18,24,1.50,3,7,-4,-1.24,-1.24,Matches
776,Danilo D'Ambrosio,it ITA,DF,Inter,it Serie A,33,1988,15,733,49,21.4,8.1,8,72,3,7,23,17,1.80,19,12,+7,+0.86,+0.12,Matches
777,Luca D'Andrea,it ITA,FW,Sassuolo,it Serie A,17,2004,5,316,63,9.2,3.5,5,63,0,0,,16,1.40,2,4,-2,-0.57,-0.22,Matches
778,Cosimo Marco Da Graca,it ITA,FW,Juventus,it Serie A,20,2002,0,,,,,0,,0,0,,1,,,,,,,Matches
779,Damien Da Silva,fr FRA,DF,Lyon,fr Ligue 1,34,1988,7,338,48,9.9,3.8,3,75,2,4,28,11,1.71,6,6,0,0.00,-0.53,Matches
780,Moanes Dabbur,il ISR,FW,Hoffenheim,de Bundesliga,30,1992,21,933,44,30.5,10.4,8,73,2,13,27,6,1.29,20,16,+4,+0.39,+0.94,Matches
781,Michael DaCosta,es ESP,FW,Bournemouth,eng Premier League,17,2005,0,,,,,0,,0,0,,1,,,,,,,Matches
782,Andréa Dacourt,fr FRA,MF,Nice,fr Ligue 1,17,2005,1,1,1,0.0,0.0,0,,0,1,1,0,3.00,0,0,0,0.00,-0.29,Matches
783,Colin Dagba,fr FRA,"MF,DF",Strasbourg,fr Ligue 1,23,1998,21,958,46,28.0,10.6,12,61,0,9,25,6,1.33,10,13,-3,-0.28,-0.10,Matches
784,Finn Dahmen,de GER,GK,Mainz 05,de Bundesliga,24,1998,8,720,90,23.5,8.0,8,90,8,0,,26,1.38,17,16,+1,+0.12,+0.20,Matches
785,Mahmoud Dahoud,de GER,MF,Dortmund,de Bundesliga,26,1996,9,337,37,11.0,3.7,4,65,1,5,15,6,2.11,10,3,+7,+1.87,+0.81,Matches
786,Patson Daka,zm ZAM,FW,Leicester City,eng Premier League,23,1998,30,1187,40,34.7,13.2,13,65,2,17,20,7,0.83,20,25,-5,-0.38,+0.10,Matches
787,Thijs Dallinga,nl NED,FW,Toulouse,fr Ligue 1,21,2000,36,2353,65,68.8,26.1,28,75,5,8,33,1,1.22,32,36,-4,-0.15,+0.02,Matches
788,Diogo Dalot,pt POR,DF,Manchester Utd,eng Premier League,23,1999,26,2154,83,63.0,23.9,24,89,21,2,13,6,1.77,32,34,-2,-0.08,-1.29,Matches
789,Muhammed Damar,de GER,MF,Hoffenheim,de Bundesliga,18,2004,6,159,27,5.2,1.8,1,45,0,5,23,9,0.33,3,5,-2,-1.13,-0.91,Matches
790,Elias Damergy,tn TUN,GK,Rennes,fr Ligue 1,19,2002,0,,,,,0,,0,0,,3,,,,,,,Matches
791,Mikkel Damsgaard,dk DEN,"MF,FW",Brentford,eng Premier League,22,2000,26,988,38,28.9,11.0,9,66,0,17,23,9,1.50,19,14,+5,+0.46,+0.20,Matches
792,Flavius Daniliuc,at AUT,DF,Nice,fr Ligue 1,21,2001,2,91,46,2.7,1.0,1,90,1,1,1,0,0.50,0,1,-1,-0.99,-1.31,Matches
793,Flavius Daniliuc,at AUT,DF,Salernitana,it Serie A,21,2001,27,2195,81,64.2,24.4,23,87,19,4,46,4,1.00,29,39,-10,-0.41,-0.12,Matches
794,Danilo,br BRA,DF,Juventus,it Serie A,31,1991,37,3184,86,93.1,35.4,35,90,35,2,17,0,1.95,53,25,+28,+0.79,+2.70,Matches
795,Arnaut Danjuma,nl NED,FW,Villarreal,es La Liga,25,1997,10,479,48,14.0,5.3,6,69,2,4,16,2,1.40,4,7,-3,-0.56,-1.24,Matches
796,Arnaut Danjuma,nl NED,MF,Tottenham Hotspur,eng Premier League,25,1997,9,169,19,4.9,1.9,1,65,0,8,13,8,0.78,6,5,+1,+0.53,+0.37,Matches
797,Kévin Danois,fr FRA,MF,Auxerre,fr Ligue 1,18,2004,1,2,2,0.1,0.0,0,,0,1,2,12,3.00,0,0,0,0.00,+0.74,Matches
798,Kevin Danso,at AUT,DF,Lens,fr Ligue 1,23,1998,37,3232,87,94.5,35.9,37,87,35,0,,0,2.19,62,26,+36,+1.00,-0.43,Matches
799,Dante,br BRA,DF,Nice,fr Ligue 1,38,1983,37,3299,89,96.5,36.7,37,89,36,0,,0,1.54,47,36,+11,+0.30,+0.30,Matches
800,Ebrima Darboe,gm GAM,MF,Roma,it Serie A,21,2001,0,,,,,0,,0,0,,5,,,,,,,Matches
801,Márton Dárdai,hu HUN,"DF,MF",Hertha BSC,de Bundesliga,20,2002,17,947,56,30.9,10.5,11,78,6,6,15,9,1.06,12,20,-8,-0.76,+0.05,Matches
802,Sergi Darder,es ESP,MF,Espanyol,es La Liga,28,1993,38,3320,87,97.1,36.9,38,87,31,0,,0,0.97,51,64,-13,-0.35,+3.25,Matches
803,Achraf Dari,ma MAR,DF,Brest,fr Ligue 1,23,1999,18,1317,73,38.5,14.6,15,83,12,3,24,15,0.72,20,30,-10,-0.68,-0.68,Matches
804,Vladimír Darida,cz CZE,MF,Hertha BSC,de Bundesliga,31,1990,3,31,10,1.0,0.3,0,,0,3,10,7,0.67,1,1,0,0.00,+0.80,Matches
805,Karl Darlow,wls WAL,GK,Newcastle United,eng Premier League,31,1990,0,,,,,0,,0,0,,7,,,,,,,Matches
806,Matteo Darmian,it ITA,"MF,DF",Inter,it Serie A,32,1989,31,2025,65,59.2,22.5,24,80,10,7,16,5,1.84,30,22,+8,+0.36,-1.00,Matches
807,Josh Dasilva,eng ENG,MF,Brentford,eng Premier League,23,1998,36,1389,39,40.6,15.4,14,68,0,22,20,2,1.47,28,17,+11,+0.71,+0.67,Matches
808,Lulo Dasilva,es ESP,MF,Sevilla,es La Liga,19,2002,0,,,,,0,,0,0,,1,,,,,,,Matches
809,David Datro Fofana,ci CIV,FW,Chelsea,eng Premier League,19,2002,3,70,23,2.0,0.8,1,45,0,2,13,6,0.33,1,1,0,0.00,+0.24,Matches
810,Juan David Cabal,co COL,DF,Hellas Verona,it Serie A,21,2001,11,444,40,13.0,4.9,3,73,1,8,28,25,0.42,3,11,-8,-1.62,-1.02,Matches
811,Jonathan David,ca CAN,"FW,MF",Lille,fr Ligue 1,22,2000,37,3166,86,92.6,35.2,36,87,22,1,22,0,1.78,61,42,+19,+0.54,-0.17,Matches
812,Alphonso Davies,ca CAN,"DF,MF",Bayern Munich,de Bundesliga,21,2000,26,2042,79,66.7,22.7,24,82,17,2,38,0,1.92,59,25,+34,+1.50,-0.27,Matches
813,Ben Davies,wls WAL,"DF,MF",Tottenham Hotspur,eng Premier League,29,1993,31,2288,74,66.9,25.4,26,87,20,5,7,2,1.61,44,33,+11,+0.43,+0.75,Matches
814,Harvey Davies,eng ENG,GK,Liverpool,eng Premier League,18,2003,0,,,,,0,,0,0,,3,,,,,,,Matches
815,Tom Davies,eng ENG,MF,Everton,eng Premier League,24,1998,19,538,28,15.7,6.0,4,66,1,15,18,15,1.00,3,9,-6,-1.00,-0.47,Matches
816,Paweł Dawidowicz,pl POL,DF,Hellas Verona,it Serie A,27,1995,23,1632,71,47.7,18.1,20,78,14,3,26,6,1.08,16,27,-11,-0.61,+0.25,Matches
817,Craig Dawson,eng ENG,DF,West Ham United,eng Premier League,32,1990,8,720,90,21.1,8.0,8,90,8,0,,1,0.88,9,13,-4,-0.50,-0.20,Matches
818,Craig Dawson,eng ENG,DF,Wolves,eng Premier League,32,1990,17,1414,83,41.3,15.7,17,83,14,0,,1,1.41,16,18,-2,-0.13,+0.99,Matches
819,Kevin De Bruyne,be BEL,MF,Manchester City,eng Premier League,31,1991,32,2417,76,70.7,26.9,28,84,16,4,20,3,2.31,69,23,+46,+1.71,+0.37,Matches
820,Bobby De Cordova-Reid,jm JAM,"MF,DF",Fulham,eng Premier League,29,1993,36,2475,69,72.4,27.5,29,80,11,7,23,1,1.44,36,40,-4,-0.15,-0.72,Matches
821,Charles De Ketelaere,be BEL,MF,Milan,it Serie A,21,2001,32,1116,35,32.6,12.4,9,67,0,23,22,5,1.78,19,18,+1,+0.08,-0.70,Matches
822,Manuel De Luca,it ITA,FW,Sampdoria,it Serie A,24,1998,2,44,22,1.3,0.5,0,,0,2,22,7,0.50,0,1,-1,-2.05,-0.82,Matches
823,Jacopo De Matteis,it ITA,GK,Salernitana,it Serie A,19,2002,0,,,,,0,,0,0,,9,,,,,,,Matches
824,Tommaso De Nipoti,it ITA,FW,Atalanta,it Serie A,19,2003,1,4,4,0.1,0.0,0,,0,1,4,2,3.00,1,0,+1,+22.50,+22.05,Matches
825,Rodrigo De Paul,ar ARG,MF,Atlético Madrid,es La Liga,28,1994,30,1923,64,56.2,21.4,24,74,5,6,27,3,2.07,40,20,+20,+0.94,-0.09,Matches
826,Théo De Percin,mq MTQ,GK,Auxerre,fr Ligue 1,21,2001,0,,,,,0,,0,0,,3,,,,,,,Matches
827,Mattia De Sciglio,it ITA,"MF,DF",Juventus,it Serie A,29,1992,17,1042,61,30.5,11.6,11,76,4,6,34,2,2.18,17,8,+9,+0.78,+0.25,Matches
828,Lorenzo De Silvestri,it ITA,"DF,MF",Bologna,it Serie A,34,1988,15,672,45,19.6,7.5,6,76,3,9,24,17,1.27,10,11,-1,-0.13,-0.30,Matches
829,Thibault De Smet,be BEL,DF,Reims,fr Ligue 1,24,1998,22,1758,80,51.4,19.5,20,86,14,2,20,4,1.64,26,14,+12,+0.61,+1.26,Matches
830,Koni De Winter,be BEL,DF,Empoli,it Serie A,20,2002,14,1024,73,29.9,11.4,12,83,10,2,15,13,1.00,9,17,-8,-0.70,-0.55,Matches
831,Grégoire Defrel,mq MTQ,FW,Sassuolo,it Serie A,31,1991,27,1167,43,34.1,13.0,13,65,0,14,23,0,1.26,13,24,-11,-0.85,-0.73,Matches
832,Duccio Degl'Innocenti,it ITA,MF,Empoli,it Serie A,19,2003,1,3,3,0.1,0.0,0,,0,1,3,25,0.00,0,1,-1,-30.00,-29.71,Matches
833,Brecht Dejaegere,be BEL,MF,Toulouse,fr Ligue 1,31,1991,30,1809,60,52.9,20.1,25,67,0,5,26,3,1.17,33,29,+4,+0.20,+0.76,Matches
834,Jacopo Del Bello,it ITA,GK,Roma,it Serie A,17,2004,0,,,,,0,,0,0,,1,,,,,,,Matches
835,Romain Del Castillo,fr FRA,"MF,FW",Brest,fr Ligue 1,26,1996,27,1422,53,41.6,15.8,16,72,0,11,25,0,1.22,24,23,+1,+0.06,+0.56,Matches
836,Tommaso Del Lungo,it ITA,DF,Atalanta,it Serie A,18,2003,0,,,,,0,,0,0,,1,,,,,,,Matches
837,Alberto Del Moral,es ESP,MF,Villarreal,es La Liga,22,2000,1,5,5,0.1,0.1,0,,0,1,5,1,0.00,0,0,0,0.00,-0.50,Matches
838,Thomas Delaine,fr FRA,MF,Strasbourg,fr Ligue 1,30,1992,17,1069,63,31.3,11.9,13,72,2,4,34,4,0.94,18,19,-1,-0.08,+0.18,Matches
839,Thomas Delaney,dk DEN,MF,Hoffenheim,de Bundesliga,30,1991,6,298,50,9.7,3.3,4,69,1,2,11,4,1.00,2,11,-9,-2.72,-2.72,Matches
840,Thomas Delaney,dk DEN,MF,Sevilla,es La Liga,30,1991,8,309,39,9.0,3.4,2,62,0,6,31,6,0.25,2,7,-5,-1.46,-1.40,Matches
841,Liam Delap,eng ENG,FW,Manchester City,eng Premier League,19,2003,0,,,,,0,,0,0,,1,,,,,,,Matches
842,Sacha Delaye,fr FRA,MF,Montpellier,fr Ligue 1,20,2002,3,20,7,0.6,0.2,0,,0,3,7,7,1.33,2,1,+1,+4.50,+4.45,Matches
843,Fran Delgado,es ESP,DF,Real Betis,es La Liga,21,2001,1,12,12,0.4,0.1,0,,0,1,12,3,3.00,0,0,0,0.00,-0.13,Matches
844,Andy Delort,dz ALG,FW,Nice,fr Ligue 1,30,1991,14,781,56,22.8,8.7,9,78,4,5,16,0,1.36,12,9,+3,+0.35,+0.07,Matches
845,Andy Delort,dz ALG,FW,Nantes,fr Ligue 1,30,1991,12,469,39,13.7,5.2,6,56,0,6,22,0,0.75,2,9,-7,-1.34,-1.01,Matches
846,Ali Dembélé,fr FRA,DF,Torino,it Serie A,18,2004,0,,,,,0,,0,0,,3,,,,,,,Matches
847,Karamoko Dembélé,eng ENG,"FW,MF",Brest,fr Ligue 1,19,2003,15,179,12,5.2,2.0,0,,0,15,12,16,0.93,1,4,-3,-1.51,-1.31,Matches
848,Moussa Dembélé,fr FRA,FW,Lyon,fr Ligue 1,26,1996,23,877,38,25.6,9.7,8,72,3,15,20,10,1.35,11,11,0,0.00,-0.64,Matches
849,Ousmane Dembélé,fr FRA,FW,Barcelona,es La Liga,25,1997,25,1410,56,41.2,15.7,16,73,3,9,28,0,2.36,32,11,+21,+1.34,+0.04,Matches
850,Siriki Dembélé,ci CIV,"FW,MF",Bournemouth,eng Premier League,25,1996,6,110,18,3.2,1.2,0,,0,6,18,9,0.17,0,2,-2,-1.64,-0.77,Matches
851,Siriki Dembélé,ci CIV,MF,Auxerre,fr Ligue 1,25,1996,12,372,31,10.9,4.1,4,59,0,8,17,3,1.33,3,4,-1,-0.24,+0.56,Matches
852,Merih Demiral,tr TUR,DF,Atalanta,it Serie A,24,1998,28,1536,55,44.9,17.1,14,87,12,14,23,6,1.89,24,23,+1,+0.06,-0.75,Matches
853,Kerem Demirbay,de GER,MF,Leverkusen,de Bundesliga,29,1993,25,1544,62,50.5,17.2,17,79,7,8,26,7,1.36,25,26,-1,-0.06,-0.59,Matches
854,Ermedin Demirović,ba BIH,"FW,MF",Augsburg,de Bundesliga,24,1998,30,2366,79,77.3,26.3,30,79,15,0,,0,1.00,32,47,-15,-0.57,+0.21,Matches
855,Diego Demme,de GER,MF,Napoli,it Serie A,30,1991,7,146,21,4.3,1.6,2,54,0,5,8,24,2.71,1,0,+1,+0.62,-0.70,Matches
856,Sepp van den Berg,nl NED,"DF,MF",Liverpool,eng Premier League,20,2001,0,,,,,0,,0,0,,4,,,,,,,Matches
857,Sepp van den Berg,nl NED,DF,Schalke 04,de Bundesliga,20,2001,9,696,77,22.7,7.7,8,85,7,1,14,1,1.22,14,19,-5,-0.65,+0.53,Matches
858,Branco van den Boomen,nl NED,MF,Toulouse,fr Ligue 1,27,1995,35,2888,83,84.4,32.1,32,88,25,3,29,0,1.17,44,54,-10,-0.31,-0.99,Matches
859,Leander Dendoncker,be BEL,MF,Aston Villa,eng Premier League,27,1995,20,697,35,20.4,7.7,7,75,2,13,13,7,1.55,13,11,+2,+0.26,+0.16,Matches
860,Leander Dendoncker,be BEL,MF,Wolves,eng Premier League,27,1995,4,214,54,6.3,2.4,2,90,2,2,17,1,0.50,1,3,-2,-0.84,-0.14,Matches
861,Emmanuel Dennis,ng NGA,"MF,FW",Nottingham Forest,eng Premier League,24,1997,19,720,38,21.1,8.0,6,72,0,13,22,12,0.26,7,17,-10,-1.25,-0.58,Matches
862,Will Dennis,eng ENG,GK,Bournemouth,eng Premier League,22,2000,0,,,,,0,,0,0,,1,,,,,,,Matches
863,Fabio Depaoli,it ITA,MF,Hellas Verona,it Serie A,25,1997,31,2173,70,63.5,24.1,24,85,18,7,20,2,0.91,20,39,-19,-0.79,-0.14,Matches
864,Fabio Depaoli,it ITA,DF,Sampdoria,it Serie A,25,1997,3,136,45,4.0,1.5,1,90,1,2,23,1,0.33,0,5,-5,-3.31,-2.16,Matches
865,Kastriot Dermaku,al ALB,DF,Lecce,it Serie A,30,1992,1,34,34,1.0,0.4,0,,0,1,34,5,1.00,0,1,-1,-2.65,-2.33,Matches
866,Halil Dervişoğlu,tr TUR,FW,Brentford,eng Premier League,22,1999,1,8,8,0.2,0.1,0,,0,1,8,1,1.00,1,0,+1,+11.25,+10.96,Matches
867,Rémy Descamps,fr FRA,GK,Nantes,fr Ligue 1,26,1996,1,90,90,2.6,1.0,1,90,1,0,,31,1.00,2,2,0,0.00,+0.49,Matches
868,Mikkel Desler,dk DEN,DF,Toulouse,fr Ligue 1,27,1995,27,2257,84,66.0,25.1,26,86,18,1,29,2,1.37,36,35,+1,+0.04,+0.58,Matches
869,Cyriel Dessers,ng NGA,FW,Cremonese,it Serie A,27,1994,26,1587,61,46.4,17.6,19,74,7,7,27,2,0.50,15,36,-21,-1.19,-0.60,Matches
870,Sergiño Dest,us USA,DF,Milan,it Serie A,21,2000,8,329,41,9.6,3.7,2,68,1,6,32,7,1.63,10,7,+3,+0.82,+0.30,Matches
871,Mattia Destro,it ITA,FW,Empoli,it Serie A,31,1991,17,572,34,16.7,6.4,6,63,1,11,18,5,1.06,5,11,-6,-0.94,-0.75,Matches
872,Gerard Deulofeu,es ESP,FW,Udinese,it Serie A,28,1994,16,1211,76,35.4,13.5,15,80,8,1,13,0,1.69,19,15,+4,+0.30,+0.50,Matches
873,Alfie Devine,eng ENG,MF,Tottenham Hotspur,eng Premier League,17,2004,0,,,,,0,,0,0,,5,,,,,,,Matches
874,Kiernan Dewsbury-Hall,eng ENG,MF,Leicester City,eng Premier League,23,1998,31,2306,74,67.4,25.6,28,80,16,3,26,2,1.00,38,40,-2,-0.08,+1.13,Matches
875,Samuel Di Carmine,it ITA,FW,Cremonese,it Serie A,33,1988,2,28,14,0.8,0.3,0,,0,2,14,2,0.00,1,2,-1,-3.21,-2.37,Matches
876,Federico Di Francesco,it ITA,"FW,MF",Lecce,it Serie A,28,1994,36,2031,56,59.4,22.6,23,73,4,13,27,0,1.00,19,24,-5,-0.22,+0.30,Matches
877,Michele Di Gregorio,it ITA,GK,Monza,it Serie A,25,1997,37,3330,90,97.4,37.0,37,90,37,0,,1,1.41,48,49,-1,-0.03,+2.97,Matches
878,Giovanni Di Lorenzo,it ITA,DF,Napoli,it Serie A,28,1993,37,3257,88,95.2,36.2,36,90,35,1,29,1,2.41,75,24,+51,+1.41,+2.51,Matches
879,Ángel Di María,ar ARG,"FW,MF",Juventus,it Serie A,34,1988,26,1363,52,39.9,15.1,15,70,3,11,29,1,1.81,25,21,+4,+0.26,-0.57,Matches
880,Francesco Di Mariano,it ITA,"FW,MF",Lecce,it Serie A,26,1996,0,,,,,0,,0,0,,1,,,,,,,Matches
881,Boulaye Dia,sn SEN,"FW,MF",Salernitana,it Serie A,25,1996,33,2518,76,73.6,28.0,27,85,16,6,37,1,1.09,40,46,-6,-0.21,+0.58,Matches
882,Moussa Diaby,fr FRA,"FW,MF",Leverkusen,de Bundesliga,23,1999,33,2699,82,88.2,30.0,33,82,16,0,,0,1.52,49,39,+10,+0.33,+0.83,Matches
883,Mouctar Diakhaby,gn GUI,DF,Valencia,es La Liga,25,1996,29,2446,84,71.5,27.2,28,86,24,1,36,4,1.14,34,29,+5,+0.18,+0.92,Matches
884,Mamadou Diakhon,sn SEN,FW,Reims,fr Ligue 1,16,2005,2,21,11,0.6,0.2,0,,0,2,11,0,0.00,0,1,-1,-4.29,-4.31,Matches
885,Bafodé Diakité,fr FRA,DF,Lille,fr Ligue 1,21,2001,33,2653,80,77.6,29.5,29,87,25,4,31,1,1.79,48,33,+15,+0.51,-0.20,Matches
886,Ibrahim Diakité,gn GUI,DF,Reims,fr Ligue 1,18,2003,3,131,44,3.8,1.5,1,77,0,2,27,10,0.67,0,2,-2,-1.37,-1.43,Matches
887,Abdou Diallo,sn SEN,"DF,MF",RB Leipzig,de Bundesliga,26,1996,8,478,60,15.6,5.3,5,87,4,3,14,12,2.75,11,4,+7,+1.32,+0.76,Matches
888,Abdou Diallo,sn SEN,DF,Paris Saint-Germain,fr Ligue 1,26,1996,0,,,,,0,,0,0,,4,,,,,,,Matches
889,Baila Diallo,fr FRA,DF,Clermont Foot,fr Ligue 1,21,2001,6,89,15,2.6,1.0,0,,0,6,15,13,0.67,1,0,+1,+1.01,+1.15,Matches
890,Habib Diallo,sn SEN,FW,Strasbourg,fr Ligue 1,27,1995,37,2879,78,84.2,32.0,32,87,25,5,21,0,1.00,43,49,-6,-0.19,+0.15,Matches
891,Ibrahima Diallo,fr FRA,MF,Southampton,eng Premier League,23,1999,18,819,46,23.9,9.1,11,67,4,7,12,12,0.83,5,19,-14,-1.54,-0.74,Matches
892,Ismael Diallo,ci CIV,DF,Ajaccio,fr Ligue 1,25,1997,28,2176,78,63.6,24.2,25,83,17,3,31,1,0.86,18,43,-25,-1.03,+0.85,Matches
893,Habib Diarra,sn SEN,"MF,FW",Strasbourg,fr Ligue 1,18,2004,29,1626,56,47.5,18.1,18,76,6,11,24,6,1.14,27,27,0,0.00,+0.40,Matches
894,Mamady Diarra,ml MLI,MF,Cádiz,es La Liga,22,2000,2,66,33,1.9,0.7,1,61,0,1,5,2,0.00,0,1,-1,-1.36,-0.77,Matches
895,Moussa Diarra,ml MLI,DF,Toulouse,fr Ligue 1,21,2000,23,1225,53,35.8,13.6,12,85,8,11,18,13,1.61,18,20,-2,-0.15,+0.02,Matches
896,Stéphane Diarra,fr FRA,"MF,FW",Lorient,fr Ligue 1,23,1998,28,1066,38,31.2,11.8,14,62,0,14,14,9,1.46,21,22,-1,-0.08,-0.08,Matches
897,Youba Diarra,ml MLI,MF,Cádiz,es La Liga,24,1998,5,98,20,2.9,1.1,1,45,0,4,13,15,1.00,0,5,-5,-4.59,-4.10,Matches
898,Rúben Dias,pt POR,"DF,MF",Manchester City,eng Premier League,25,1997,26,1998,77,58.4,22.2,22,87,19,4,23,6,2.65,65,16,+49,+2.21,+1.45,Matches
899,Krépin Diatta,sn SEN,MF,Monaco,fr Ligue 1,23,1999,31,2072,67,60.6,23.0,22,81,8,9,32,3,1.65,44,36,+8,+0.35,+0.08,Matches
900,Mory Diaw,sn SEN,GK,Clermont Foot,fr Ligue 1,29,1993,37,3330,90,97.4,37.0,37,90,37,0,,0,1.59,44,47,-3,-0.08,+0.92,Matches
901,Brahim Díaz,ma MAR,MF,Milan,it Serie A,22,1999,33,1925,58,56.3,21.4,27,65,1,6,28,4,1.85,36,22,+14,+0.65,+0.23,Matches
902,Junior Diaz,ci CIV,DF,Nantes,fr Ligue 1,19,2003,0,,,,,0,,0,0,,9,,,,,,,Matches
903,Luis Díaz,co COL,FW,Liverpool,eng Premier League,25,1997,17,996,59,29.1,11.1,11,76,5,6,26,0,1.94,28,11,+17,+1.54,+1.13,Matches
904,Djibrail Dib,fr FRA,MF,Lyon,fr Ligue 1,20,2002,0,,,,,0,,0,0,,2,,,,,,,Matches
905,Matt Dibley-Dias,nz NZL,MF,Fulham,eng Premier League,18,2004,0,,,,,0,,0,0,,2,,,,,,,Matches
906,Thomas Didillon,fr FRA,GK,Monaco,fr Ligue 1,26,1995,0,,,,,0,,0,0,,38,,,,,,,Matches
907,Leonardo Dido,it ITA,GK,Spezia,it Serie A,18,2004,0,,,,,0,,0,0,,3,,,,,,,Matches
908,Justin Diehl,de GER,MF,Köln,de Bundesliga,17,2004,2,17,9,0.6,0.2,0,,0,2,9,2,1.50,0,0,0,0.00,+0.15,Matches
909,Bamba Dieng,sn SEN,FW,Marseille,fr Ligue 1,22,2000,10,194,19,5.7,2.2,1,78,0,9,13,1,1.90,6,3,+3,+1.39,+0.72,Matches
910,Bamba Dieng,sn SEN,"FW,MF",Lorient,fr Ligue 1,22,2000,15,747,50,21.8,8.3,9,69,0,6,21,0,1.07,7,7,0,0.00,+0.03,Matches
911,Eric Dier,eng ENG,DF,Tottenham Hotspur,eng Premier League,28,1994,33,2818,85,82.4,31.3,31,90,30,2,19,3,1.73,62,52,+10,+0.32,+0.77,Matches
912,Tim-Justin Dietrich,de GER,MF,Werder Bremen,de Bundesliga,19,2002,0,,,,,0,,0,0,,5,,,,,,,Matches
913,Florian Dietz,de GER,FW,Köln,de Bundesliga,23,1998,11,395,36,12.9,4.4,4,62,0,7,21,0,1.27,9,10,-1,-0.23,-0.09,Matches
914,Sergio Diez Roldan,es ESP,DF,Atlético Madrid,es La Liga,19,2003,0,,,,,0,,0,0,,10,,,,,,,Matches
915,Lucas Digne,fr FRA,DF,Aston Villa,eng Premier League,29,1993,28,1502,54,43.9,16.7,18,75,10,10,15,4,1.46,22,25,-3,-0.18,-0.56,Matches
916,Federico Dimarco,it ITA,"MF,DF",Inter,it Serie A,24,1997,33,2069,63,60.5,23.0,26,72,3,7,29,1,2.00,50,24,+26,+1.13,+0.93,Matches
917,Stole Dimitrievski,mk MKD,GK,Rayo Vallecano,es La Liga,28,1993,37,3324,90,97.2,36.9,37,90,36,0,,1,1.32,44,49,-5,-0.14,+2.68,Matches
918,Florian Dimmer,de GER,GK,Gladbach,de Bundesliga,17,2005,0,,,,,0,,0,0,,3,,,,,,,Matches
919,Junior Dina Ebimbe,cm CMR,MF,Eintracht Frankfurt,de Bundesliga,21,2000,19,1063,56,34.7,11.8,10,84,4,9,25,3,1.79,24,19,+5,+0.42,+0.38,Matches
920,Tristan Dingomé,cm CMR,"DF,MF",Troyes,fr Ligue 1,31,1991,8,99,12,2.9,1.1,0,,0,8,12,8,1.25,2,2,0,0.00,+0.98,Matches
921,Eren Dinkçi,de GER,MF,Werder Bremen,de Bundesliga,20,2001,17,231,14,7.5,2.6,0,,0,17,14,9,0.76,3,11,-8,-3.12,-2.96,Matches
922,Sinaly Diomande,ci CIV,DF,Lyon,fr Ligue 1,21,2001,24,1957,82,57.2,21.7,22,87,18,2,25,6,1.67,38,29,+9,+0.41,-0.14,Matches
923,Lois Diony,fr FRA,FW,Angers,fr Ligue 1,29,1992,11,506,46,14.8,5.6,5,74,2,6,23,0,1.09,5,12,-7,-1.25,+0.02,Matches
924,Edan Diop,fr FRA,MF,Monaco,fr Ligue 1,17,2004,7,223,32,6.5,2.5,1,45,0,6,30,7,1.00,6,5,+1,+0.40,+0.09,Matches
925,Issa Diop,ma MAR,DF,Fulham,eng Premier League,25,1997,25,2012,80,58.8,22.4,21,89,19,4,34,12,1.28,33,26,+7,+0.31,+0.63,Matches
926,Sofiane Diop,ma MAR,"MF,FW",Nice,fr Ligue 1,22,2000,22,1228,56,35.9,13.6,14,73,3,8,26,0,1.77,21,10,+11,+0.81,+0.81,Matches
927,Sofiane Diop,ma MAR,MF,Monaco,fr Ligue 1,22,2000,1,65,65,1.9,0.7,1,65,0,0,,2,3.00,2,1,+1,+1.38,+1.09,Matches
928,Yehvann Diouf,sn SEN,GK,Reims,fr Ligue 1,22,1999,31,2790,90,81.6,31.0,31,90,31,0,,4,1.45,35,31,+4,+0.13,+0.70,Matches
929,Axel Disasi,fr FRA,DF,Monaco,fr Ligue 1,24,1998,38,3330,88,97.4,37.0,37,89,36,1,20,0,1.71,67,56,+11,+0.30,-0.70,Matches
930,Filippo Distefano,it ITA,FW,Fiorentina,it Serie A,18,2003,0,,,,,0,,0,0,,5,,,,,,,Matches
931,Tiago Djaló,pt POR,DF,Lille,fr Ligue 1,22,2000,25,2017,81,59.0,22.4,24,83,18,1,20,0,1.68,41,24,+17,+0.76,+0.50,Matches
932,Djené,tg TOG,DF,Getafe,es La Liga,30,1991,33,2840,86,83.0,31.6,33,86,29,0,,0,1.03,27,39,-12,-0.38,-0.54,Matches
933,Moussa Djenepo,ml MLI,"DF,MF",Southampton,eng Premier League,24,1998,16,710,44,20.8,7.9,7,77,2,9,19,10,0.63,7,14,-7,-0.89,+0.11,Matches
934,Koffi Djidji,ci CIV,DF,Torino,it Serie A,29,1992,34,2424,71,70.9,26.9,26,87,19,8,21,3,1.35,27,30,-3,-0.11,-0.47,Matches
935,Alexander Djiku,gh GHA,DF,Strasbourg,fr Ligue 1,27,1994,31,2677,86,78.3,29.7,31,86,27,0,,2,1.13,40,44,-4,-0.13,+0.35,Matches
936,Berat Djimsiti,al ALB,DF,Atalanta,it Serie A,29,1993,24,1797,75,52.5,20.0,20,85,16,4,23,5,1.42,27,23,+4,+0.20,-0.58,Matches
937,Moussa Djitte,sn SEN,FW,Ajaccio,fr Ligue 1,22,1999,6,136,23,4.0,1.5,1,53,0,5,17,1,0.50,0,3,-3,-1.99,-0.67,Matches
938,Ouparine Djoco,gw GNB,GK,Clermont Foot,fr Ligue 1,24,1998,1,90,90,2.6,1.0,1,90,1,0,,30,0.00,1,2,-1,-1.00,-0.92,Matches
939,Marko Dmitrović,rs SRB,GK,Sevilla,es La Liga,30,1992,15,1269,85,37.1,14.1,13,90,13,2,50,21,1.73,20,13,+7,+0.50,+1.08,Matches
940,Alan Do Marcolino,ga GAB,FW,Rennes,fr Ligue 1,20,2002,3,19,6,0.6,0.2,0,,0,3,6,1,2.33,0,0,0,0.00,-0.79,Matches
941,Ritsu Doan,jp JPN,"MF,FW",Freiburg,de Bundesliga,24,1998,33,2424,73,79.2,26.9,30,77,5,3,34,0,1.79,45,34,+11,+0.41,+0.97,Matches
942,Dodô,br BRA,DF,Fiorentina,it Serie A,23,1998,33,2331,71,68.2,25.9,28,78,16,5,30,2,1.58,38,28,+10,+0.39,+0.39,Matches
943,Danilho Doekhi,nl NED,DF,Union Berlin,de Bundesliga,24,1998,25,2216,89,72.4,24.6,25,89,23,0,,4,1.84,37,26,+11,+0.45,+0.23,Matches
944,Matt Doherty,ie IRL,MF,Tottenham Hotspur,eng Premier League,30,1992,12,667,56,19.5,7.4,7,82,2,5,18,9,1.33,12,9,+3,+0.40,+0.27,Matches
945,Matt Doherty,ie IRL,"DF,MF",Atlético Madrid,es La Liga,30,1992,2,18,9,0.5,0.2,0,,0,2,9,17,3.00,1,0,+1,+5.00,+4.05,Matches
946,Josh Doig,sct SCO,MF,Hellas Verona,it Serie A,20,2002,22,1354,62,39.6,15.0,15,77,7,7,28,8,0.86,13,22,-9,-0.60,+0.23,Matches
947,Jeremy Doku,be BEL,"MF,FW",Rennes,fr Ligue 1,20,2002,29,1291,45,37.7,14.3,13,72,3,16,22,1,1.62,24,13,+11,+0.77,-0.04,Matches
948,Kasper Dolberg,dk DEN,FW,Hoffenheim,de Bundesliga,24,1997,13,402,31,13.1,4.5,4,60,1,9,18,2,0.38,6,14,-8,-1.79,-1.76,Matches
949,Kasper Dolberg,dk DEN,FW,Sevilla,es La Liga,24,1997,4,197,49,5.8,2.2,2,75,1,2,24,7,0.50,2,2,0,0.00,+0.20,Matches
950,Jaume Doménech,es ESP,GK,Valencia,es La Liga,31,1990,0,,,,,0,,0,0,,12,,,,,,,Matches
951,Carlos Dominguez,es ESP,DF,Celta Vigo,es La Liga,21,2001,3,108,36,3.2,1.2,1,90,1,2,9,35,3.00,2,1,+1,+0.83,+1.13,Matches
952,Javier Dominguez,es ESP,DF,Celta Vigo,es La Liga,21,2001,0,,,,,0,,0,0,,4,,,,,,,Matches
953,Mario Dominguez,es ESP,MF,Valencia,es La Liga,18,2004,0,,,,,0,,0,0,,3,,,,,,,Matches
954,Nicolás Domínguez,ar ARG,MF,Bologna,it Serie A,24,1998,31,2300,74,67.3,25.6,26,82,13,5,34,1,1.39,34,31,+3,+0.12,+0.04,Matches
955,John Donald,es ESP,"MF,DF",Elche,es La Liga,21,2000,14,1092,78,31.9,12.1,13,81,10,1,45,10,0.86,11,14,-3,-0.25,+1.07,Matches
956,Giulio Donati,it ITA,"DF,MF",Monza,it Serie A,32,1990,8,422,53,12.3,4.7,4,73,2,4,32,16,1.00,3,7,-4,-0.85,-0.85,Matches
957,Kyliane Dong,fr FRA,"MF,FW",Troyes,fr Ligue 1,17,2004,6,213,36,6.2,2.4,2,73,0,4,17,2,0.17,2,4,-2,-0.85,+0.11,Matches
958,Jordan Dongmo,cm CMR,MF,Troyes,fr Ligue 1,21,2001,2,20,10,0.6,0.2,0,,0,2,10,7,0.50,0,1,-1,-4.50,-3.57,Matches
959,Gianluigi Donnarumma,it ITA,GK,Paris Saint-Germain,fr Ligue 1,23,1999,38,3409,90,99.7,37.9,38,90,37,0,,0,2.24,89,40,+49,+1.29,+1.29,Matches
960,Niklas Dorsch,de GER,MF,Augsburg,de Bundesliga,24,1998,11,483,44,15.8,5.4,5,75,3,6,18,1,1.18,5,11,-6,-1.12,-0.59,Matches
961,Jodel Dossou,bj BEN,MF,Clermont Foot,fr Ligue 1,30,1992,9,258,29,7.5,2.9,2,77,0,7,15,8,1.00,5,3,+2,+0.70,+0.87,Matches
962,Carlos Dotor,es ESP,MF,Real Madrid,es La Liga,21,2001,0,,,,,0,,0,0,,1,,,,,,,Matches
963,Lohann Doucet,bf BFA,MF,Nantes,fr Ligue 1,19,2002,9,91,10,2.7,1.0,0,,0,9,10,12,0.89,2,0,+2,+1.98,+2.52,Matches
964,Abdoulaye Doucouré,ml MLI,MF,Everton,eng Premier League,29,1993,25,1533,61,44.8,17.0,17,84,14,8,13,4,1.20,18,26,-8,-0.47,+0.25,Matches
965,Cheick Doucouré,ml MLI,MF,Crystal Palace,eng Premier League,22,2000,34,2769,81,81.0,30.8,34,81,16,0,,1,1.24,36,41,-5,-0.16,+0.39,Matches
966,Siriné Doucouré,ml MLI,FW,Lorient,fr Ligue 1,20,2002,12,136,11,4.0,1.5,0,,0,12,11,16,1.25,4,1,+3,+1.99,+2.09,Matches
967,Désiré Doué,fr FRA,"MF,FW",Rennes,fr Ligue 1,17,2005,26,1115,43,32.6,12.4,11,68,0,15,25,3,1.73,21,14,+7,+0.57,-0.33,Matches
968,Guela Doué,ci CIV,DF,Rennes,fr Ligue 1,19,2002,2,12,6,0.4,0.1,0,,0,2,6,15,1.50,0,0,0,0.00,-0.79,Matches
969,Ismaël Doukouré,fr FRA,"DF,MF",Strasbourg,fr Ligue 1,19,2003,28,2297,82,67.2,25.5,25,87,20,3,40,9,1.11,33,34,-1,-0.04,+0.52,Matches
970,Kamory Doumbia,ml MLI,MF,Reims,fr Ligue 1,19,2003,26,1155,44,33.8,12.8,13,66,0,13,23,9,1.35,16,12,+4,+0.31,+0.47,Matches
971,Souleyman Doumbia,ci CIV,"DF,MF",Angers,fr Ligue 1,25,1996,24,1790,75,52.3,19.9,21,82,15,3,25,0,0.38,14,42,-28,-1.41,-0.30,Matches
972,Flynn Downes,eng ENG,MF,West Ham United,eng Premier League,23,1999,21,762,36,22.3,8.5,7,82,2,14,14,16,1.19,2,15,-13,-1.54,-1.54,Matches
973,Damion Downs,us USA,FW,Köln,de Bundesliga,18,2004,0,,,,,0,,0,0,,2,,,,,,,Matches
974,Kami Doyle,eng ENG,MF,Southampton,eng Premier League,16,2005,1,7,7,0.2,0.1,0,,0,1,7,1,0.00,0,0,0,0.00,+0.98,Matches
975,Bartłomiej Drągowski,pl POL,GK,Spezia,it Serie A,24,1997,34,2946,87,86.1,32.7,34,87,32,0,,3,0.80,24,54,-30,-0.92,-0.73,Matches
976,Cody Drameh,eng ENG,DF,Leeds United,eng Premier League,20,2001,1,69,69,2.0,0.8,1,69,0,0,,5,0.00,1,3,-2,-2.61,-1.86,Matches
977,Dion Drena Beljo,hr CRO,FW,Augsburg,de Bundesliga,20,2002,18,1128,63,36.9,12.5,16,69,2,2,16,1,1.06,19,27,-8,-0.64,-0.03,Matches
978,Dominick Drexler,de GER,MF,Schalke 04,de Bundesliga,32,1990,27,1366,51,44.6,15.2,16,68,3,11,25,0,0.89,18,33,-15,-0.99,+0.13,Matches
979,Domingos Duarte,pt POR,DF,Getafe,es La Liga,27,1995,31,2657,86,77.7,29.5,30,88,28,1,13,5,0.94,26,40,-14,-0.47,-0.83,Matches
980,Martin Dúbravka,sk SVK,GK,Manchester Utd,eng Premier League,33,1989,0,,,,,0,,0,0,,4,,,,,,,Matches
981,Martin Dúbravka,sk SVK,GK,Newcastle United,eng Premier League,33,1989,2,157,79,4.6,1.7,1,90,1,1,67,22,0.50,1,1,0,0.00,-0.97,Matches
982,Marvin Ducksch,de GER,FW,Werder Bremen,de Bundesliga,28,1994,34,2852,84,93.2,31.7,34,84,19,0,,0,1.06,41,57,-16,-0.50,-1.80,Matches
983,Ondrej Duda,sk SVK,MF,Hellas Verona,it Serie A,27,1994,15,1061,71,31.0,11.8,11,83,7,4,38,1,1.13,8,15,-7,-0.59,+0.21,Matches
984,Ondrej Duda,sk SVK,MF,Köln,de Bundesliga,27,1994,13,689,53,22.5,7.7,9,62,0,4,33,2,1.08,11,15,-4,-0.52,-0.48,Matches
985,Shane Duffy,ie IRL,"DF,MF",Fulham,eng Premier League,30,1992,5,20,4,0.6,0.2,0,,0,5,4,25,2.00,0,4,-4,-18.00,-18.16,Matches
986,Rémy Dugimont,fr FRA,"FW,MF",Auxerre,fr Ligue 1,36,1986,11,113,10,3.3,1.3,0,,0,11,10,11,0.82,5,2,+3,+2.39,+3.23,Matches
987,Denzel Dumfries,nl NED,MF,Inter,it Serie A,26,1996,34,2218,65,64.9,24.6,25,80,11,9,23,4,1.85,54,26,+28,+1.14,+1.06,Matches
988,Paul Dummett,wls WAL,DF,Newcastle United,eng Premier League,30,1991,0,,,,,0,,0,0,,16,,,,,,,Matches
989,Alfred Duncan,gh GHA,MF,Fiorentina,it Serie A,29,1993,25,1103,44,32.3,12.3,13,66,2,12,20,8,1.56,17,10,+7,+0.57,+0.45,Matches
990,Lewis Dunk,eng ENG,DF,Brighton,eng Premier League,30,1991,36,3239,90,94.7,36.0,36,90,35,0,,2,1.69,70,50,+20,+0.56,+1.05,Matches
991,Florent Duparchy,fr FRA,GK,Reims,fr Ligue 1,22,2000,0,,,,,0,,0,0,,3,,,,,,,Matches
992,Maxime Dupé,fr FRA,GK,Toulouse,fr Ligue 1,29,1993,38,3420,90,100.0,38.0,38,90,38,0,,0,1.26,51,57,-6,-0.16,,Matches
993,Jáder Durán,co COL,FW,Aston Villa,eng Premier League,18,2003,12,136,11,4.0,1.5,0,,0,12,11,5,1.42,3,4,-1,-0.66,-0.83,Matches
994,Pablo Durán,es ESP,FW,Celta Vigo,es La Liga,21,2001,4,36,9,1.1,0.4,0,,0,4,9,6,0.50,0,1,-1,-2.50,-2.26,Matches
995,Julien Duranville,be BEL,FW,Dortmund,de Bundesliga,16,2006,1,29,29,0.9,0.3,0,,0,1,29,1,1.00,2,0,+2,+6.21,+5.11,Matches
996,Hugo Duro,es ESP,FW,Valencia,es La Liga,22,1999,30,1385,46,40.5,15.4,12,75,6,18,27,5,1.13,16,20,-4,-0.26,-0.30,Matches
997,Jean-Kevin Duverne,ht HAI,DF,Brest,fr Ligue 1,25,1997,34,2515,74,73.5,27.9,27,88,22,7,20,4,1.24,34,38,-4,-0.14,+0.45,Matches
998,Paulo Dybala,ar ARG,"MF,FW",Roma,it Serie A,28,1993,25,1739,70,50.8,19.3,21,77,7,4,28,1,1.81,35,21,+14,+0.72,+0.83,Matches
999,Edin Džeko,ba BIH,FW,Inter,it Serie A,36,1986,33,1732,52,50.6,19.2,18,79,9,15,21,5,1.82,44,20,+24,+1.25,+0.98,Matches
1000,Malcolm Ebiowei,eng ENG,MF,Crystal Palace,eng Premier League,18,2003,3,34,11,1.0,0.4,0,,0,3,11,14,0.00,0,1,-1,-2.65,-2.43,Matches
1001,Festy Ebosele,ie IRL,MF,Udinese,it Serie A,19,2002,17,411,24,12.0,4.6,4,65,0,13,12,18,1.06,3,5,-2,-0.44,-0.47,Matches
1002,Enzo Ebosse,cm CMR,"DF,MF",Udinese,it Serie A,23,1999,20,930,47,27.2,10.3,9,77,7,11,22,4,1.15,15,14,+1,+0.10,+0.17,Matches
1003,Tyronne Ebuehi,ng NGA,DF,Empoli,it Serie A,26,1995,26,1923,74,56.2,21.4,22,84,14,4,20,7,1.42,24,24,0,0.00,+0.72,Matches
1004,Simone Edera,it ITA,MF,Torino,it Serie A,25,1997,0,,,,,0,,0,0,,1,,,,,,,Matches
1005,Éderson,br BRA,MF,Atalanta,it Serie A,23,1999,35,2215,63,64.8,24.6,25,77,10,10,30,1,1.63,37,31,+6,+0.24,-0.65,Matches
1006,Ederson,br BRA,GK,Manchester City,eng Premier League,28,1993,35,3150,90,92.1,35.0,35,90,35,0,,3,2.34,89,32,+57,+1.63,+0.30,Matches
1007,Odsonne Édouard,fr FRA,FW,Crystal Palace,eng Premier League,24,1998,35,1803,52,52.7,20.0,20,75,2,15,20,2,1.20,23,25,-2,-0.10,+0.29,Matches
1008,Samuel Edozie,eng ENG,"MF,FW",Southampton,eng Premier League,19,2003,17,567,33,16.6,6.3,5,69,0,12,19,2,0.29,5,9,-4,-0.63,+0.41,Matches
1009,Maximilian Eggestein,de GER,MF,Freiburg,de Bundesliga,25,1996,31,2451,79,80.1,27.2,27,87,17,4,25,1,1.71,36,34,+2,+0.07,-0.67,Matches
1010,Lilian Egloff,de GER,"MF,FW",Stuttgart,de Bundesliga,19,2002,10,241,24,7.9,2.7,2,63,0,8,15,16,0.90,6,6,0,0.00,+0.38,Matches
1011,Íñigo Eguaras,es ESP,MF,Almería,es La Liga,30,1992,25,967,39,28.3,10.7,10,73,4,15,16,11,1.40,11,19,-8,-0.74,-0.45,Matches
1012,Kingsley Ehizibue,nl NED,MF,Udinese,it Serie A,27,1995,27,1535,57,44.9,17.1,16,83,7,11,19,2,1.30,24,24,0,0.00,+0.05,Matches
1013,Kingsley Ehizibue,nl NED,DF,Köln,de Bundesliga,27,1995,1,61,61,2.0,0.7,1,61,0,0,,1,1.00,1,2,-1,-1.48,-1.36,Matches
1014,Julian Eitschberger,de GER,"DF,MF",Hertha BSC,de Bundesliga,18,2004,1,1,1,0.0,0.0,0,,0,1,1,2,3.00,0,0,0,0.00,+0.79,Matches
1015,Chidera Ejuke,ng NGA,"FW,MF",Hertha BSC,de Bundesliga,24,1998,20,890,45,29.1,9.9,9,69,1,11,24,0,0.90,9,12,-3,-0.30,+0.69,Matches
1016,Albin Ekdal,se SWE,MF,Spezia,it Serie A,33,1989,31,1734,56,50.7,19.3,18,79,8,13,24,1,0.97,14,29,-15,-0.78,+0.08,Matches
1017,Hugo Ekitike,fr FRA,FW,Paris Saint-Germain,fr Ligue 1,20,2002,25,1155,46,33.8,12.8,12,71,0,13,24,12,2.16,31,18,+13,+1.01,-0.42,Matches
1018,Emmanuel Ekong,se SWE,FW,Empoli,it Serie A,20,2002,2,20,10,0.6,0.2,0,,0,2,10,17,0.50,1,1,0,0.00,+0.32,Matches
1019,Anthony Elanga,se SWE,MF,Manchester Utd,eng Premier League,20,2002,16,426,27,12.5,4.7,5,59,0,11,12,11,2.13,8,2,+6,+1.27,+1.00,Matches
1020,Alberth Elis,hn HON,MF,Brest,fr Ligue 1,26,1996,10,257,26,7.5,2.9,2,62,0,8,17,6,1.30,1,6,-5,-1.75,-1.61,Matches
1021,Mikael Ellertsson,is ISL,MF,Spezia,it Serie A,20,2002,11,171,16,5.0,1.9,1,64,0,10,11,6,1.00,0,6,-6,-3.16,-2.47,Matches
1022,Harvey Elliott,eng ENG,MF,Liverpool,eng Premier League,19,2003,32,1613,50,47.2,17.9,18,72,4,14,22,5,1.66,37,20,+17,+0.95,+0.40,Matches
1023,Elif Elmas,mk MKD,"MF,FW",Napoli,it Serie A,22,1999,36,1627,45,47.6,18.1,14,79,4,22,24,1,2.39,35,10,+25,+1.38,+0.18,Matches
1024,Bartuğ Elmaz,tr TUR,MF,Marseille,fr Ligue 1,19,2003,0,,,,,0,,0,0,,23,,,,,,,Matches
1025,Mohamed Elneny,eg EGY,MF,Arsenal,eng Premier League,30,1992,5,113,23,3.3,1.3,1,90,1,4,6,4,3.00,2,2,0,0.00,-1.22,Matches
1026,Aritz Elustondo,es ESP,DF,Real Sociedad,es La Liga,28,1994,25,1449,58,42.4,16.1,16,78,8,9,22,4,2.20,26,14,+12,+0.75,+0.56,Matches
1027,Nico Elvedi,ch SUI,DF,Gladbach,de Bundesliga,25,1996,32,2826,88,92.4,31.4,32,88,30,0,,0,1.22,48,52,-4,-0.13,-0.51,Matches
1028,Rodrigo Ely,br BRA,DF,Almería,es La Liga,28,1993,36,3155,88,92.3,35.1,36,88,33,0,,0,1.03,45,61,-16,-0.46,-0.46,Matches
1029,Mohamed Elyounoussi,no NOR,MF,Southampton,eng Premier League,27,1994,33,2168,66,63.4,24.1,27,75,9,6,23,4,0.73,23,45,-22,-0.91,+0.16,Matches
1030,Adri Embarba,es ESP,"FW,MF",Almería,es La Liga,30,1992,29,1472,51,43.0,16.4,18,68,1,11,22,5,1.14,23,27,-4,-0.24,+0.31,Matches
1031,Adri Embarba,es ESP,"FW,MF",Espanyol,es La Liga,30,1992,1,35,35,1.0,0.4,0,,0,1,35,0,1.00,2,1,+1,+2.57,+3.05,Matches
1032,Breel Embolo,ch SUI,FW,Monaco,fr Ligue 1,25,1997,32,1859,58,54.4,20.7,19,80,11,13,26,0,1.72,39,32,+7,+0.34,+0.05,Matches
1033,Emerson,br BRA,"MF,DF",Tottenham Hotspur,eng Premier League,23,1999,26,1735,67,50.7,19.3,20,82,12,6,15,2,1.73,34,26,+8,+0.41,+0.47,Matches
1034,Youssef En-Nesyri,ma MAR,FW,Sevilla,es La Liga,25,1997,31,1661,54,48.6,18.5,17,76,6,14,26,6,1.42,26,22,+4,+0.22,+0.78,Matches
1035,Julio Enciso,py PAR,"MF,FW",Brighton,eng Premier League,18,2004,20,806,40,23.6,9.0,7,67,1,13,26,11,1.75,21,12,+9,+1.00,+0.66,Matches
1036,Wataru Endo,jp JPN,MF,Stuttgart,de Bundesliga,29,1993,33,2922,89,95.5,32.5,33,89,30,0,,0,1.00,43,54,-11,-0.34,+0.31,Matches
1037,Santiago Eneme,gq EQG,MF,Nantes,fr Ligue 1,21,2000,0,,,,,0,,0,0,,1,,,,,,,Matches
1038,Arne Engels,be BEL,MF,Augsburg,de Bundesliga,18,2003,18,1440,80,47.1,16.0,18,80,11,0,,0,1.06,18,32,-14,-0.87,-0.49,Matches
1039,Christian Eriksen,dk DEN,MF,Manchester Utd,eng Premier League,30,1992,28,2048,73,59.9,22.8,25,80,7,3,14,1,2.14,33,25,+8,+0.35,-0.11,Matches
1040,Martin Erlic,hr CRO,DF,Sassuolo,it Serie A,24,1998,28,2330,83,68.1,25.9,26,88,22,2,15,8,1.43,35,36,-1,-0.04,+1.03,Matches
1041,Tjark Ernst,de GER,GK,Hertha BSC,de Bundesliga,19,2003,1,90,90,2.9,1.0,1,90,1,0,,30,3.00,2,1,+1,+1.00,+1.85,Matches
1042,Gonzalo Escalante,ar ARG,MF,Cremonese,it Serie A,29,1993,9,555,62,16.2,6.2,7,72,3,2,27,5,0.44,3,13,-10,-1.62,-0.90,Matches
1043,Gonzalo Escalante,ar ARG,MF,Cádiz,es La Liga,29,1993,14,1121,80,32.8,12.5,13,83,8,1,45,1,1.57,13,13,0,0.00,+0.90,Matches
1044,Sergio Escudero,es ESP,"DF,MF",Valladolid,es La Liga,32,1989,23,1439,63,42.1,16.0,17,76,8,6,25,10,1.13,16,21,-5,-0.31,+0.82,Matches
1045,Alfonso Espino,uy URU,DF,Cádiz,es La Liga,30,1992,36,3122,87,91.3,34.7,35,89,33,1,18,1,1.17,29,43,-14,-0.40,+2.31,Matches
1046,Bernardo Espinosa,co COL,DF,Girona,es La Liga,33,1989,20,1225,61,35.8,13.6,14,82,10,6,13,16,1.05,14,26,-12,-0.88,-1.50,Matches
1047,Salvatore Esposito,it ITA,MF,Spezia,it Serie A,21,2000,15,971,65,28.4,10.8,10,84,6,5,26,5,0.44,7,18,-11,-1.02,-0.28,Matches
1048,Michael Esser,de GER,GK,Bochum,de Bundesliga,34,1987,0,,,,,0,,0,0,,26,,,,,,,Matches
1049,Estanis,es ESP,FW,Barcelona,es La Liga,18,2003,0,,,,,0,,0,0,,3,,,,,,,Matches
1050,Maxime Estève,fr FRA,DF,Montpellier,fr Ligue 1,20,2002,23,1646,72,48.1,18.3,18,86,15,5,21,4,1.17,24,29,-5,-0.27,-0.68,Matches
1051,Pervis Estupiñán,ec ECU,"DF,MF",Villarreal,es La Liga,24,1998,0,,,,,0,,0,0,,1,,,,,,,Matches
1052,Pervis Estupiñán,ec ECU,"DF,MF",Brighton,eng Premier League,24,1998,35,2675,76,78.2,29.7,31,83,20,4,25,1,1.63,59,43,+16,+0.54,+0.18,Matches
1053,Karl Etta Eyong,cm CMR,FW,Cádiz,es La Liga,18,2003,0,,,,,0,,0,0,,1,,,,,,,Matches
1054,Jonny Evans,nir NIR,DF,Leicester City,eng Premier League,34,1988,13,1051,81,30.7,11.7,12,88,10,1,1,3,0.62,17,28,-11,-0.94,-0.71,Matches
1055,Edu Expósito,es ESP,MF,Espanyol,es La Liga,25,1996,28,1160,41,33.9,12.9,13,65,0,15,21,9,0.89,21,25,-4,-0.31,+0.21,Matches
1056,Eberechi Eze,eng ENG,"MF,FW",Crystal Palace,eng Premier League,24,1998,38,2636,69,77.1,29.3,30,82,15,8,23,0,1.18,38,35,+3,+0.10,+1.48,Matches
1057,Kimberly Ezekwem,de GER,DF,Freiburg,de Bundesliga,21,2001,1,8,8,0.3,0.1,0,,0,1,8,3,0.00,0,0,0,0.00,-0.21,Matches
1058,Nicolás Ezequiel Fernández,ar ARG,"MF,DF",Elche,es La Liga,22,2000,18,514,29,15.0,5.7,3,65,1,15,21,12,0.44,5,10,-5,-0.88,+0.12,Matches
1059,Abde Ezzalzouli,ma MAR,"FW,MF",Osasuna,es La Liga,20,2001,28,1504,54,44.0,16.7,19,72,2,9,16,0,1.43,20,15,+5,+0.30,+0.77,Matches
1060,Łukasz Fabiański,pl POL,GK,West Ham United,eng Premier League,37,1985,36,3111,86,91.0,34.6,36,86,33,0,,0,1.08,37,48,-11,-0.32,+0.26,Matches
1061,Fabinho,br BRA,MF,Liverpool,eng Premier League,28,1993,36,2671,74,78.1,29.7,31,82,20,5,23,0,1.78,59,34,+25,+0.84,+0.48,Matches
1062,Fábio,br BRA,"DF,MF",Nantes,fr Ligue 1,32,1990,6,224,37,6.5,2.5,3,47,0,3,27,1,1.00,3,3,0,0.00,+0.51,Matches
1063,Noah Fadiga,sn SEN,DF,Brest,fr Ligue 1,22,1999,21,1308,62,38.2,14.5,16,77,7,5,15,2,0.86,14,23,-9,-0.62,-0.58,Matches
1064,Wout Faes,be BEL,DF,Reims,fr Ligue 1,24,1998,3,270,90,7.9,3.0,3,90,3,0,,0,0.67,3,6,-3,-1.00,-1.09,Matches
1065,Wout Faes,be BEL,DF,Leicester City,eng Premier League,24,1998,31,2786,90,81.5,31.0,31,90,30,0,,0,1.03,42,51,-9,-0.29,+0.84,Matches
1066,Ryan Fage,fr FRA,MF,Troyes,fr Ligue 1,18,2003,0,,,,,0,,0,0,,3,,,,,,,Matches
1067,Nicolò Fagioli,it ITA,MF,Juventus,it Serie A,21,2001,26,1520,58,44.4,16.9,17,76,8,9,26,8,2.00,31,16,+15,+0.89,+0.51,Matches
1068,Ralf Fährmann,de GER,GK,Schalke 04,de Bundesliga,33,1988,12,1025,85,33.5,11.4,12,85,11,0,,15,1.25,11,13,-2,-0.18,+1.33,Matches
1069,Romain Faivre,fr FRA,MF,Lorient,fr Ligue 1,24,1998,16,1246,78,36.4,13.8,14,83,6,2,40,0,1.19,14,15,-1,-0.07,-0.07,Matches
1070,Romain Faivre,fr FRA,MF,Lyon,fr Ligue 1,24,1998,10,300,30,8.8,3.3,3,67,1,7,14,5,1.60,9,5,+4,+1.20,+0.80,Matches
1071,Matteo Falasca,it ITA,DF,Roma,it Serie A,18,2004,0,,,,,0,,0,0,,2,,,,,,,Matches
1072,Radamel Falcao,co COL,FW,Rayo Vallecano,es La Liga,36,1986,27,616,23,18.0,6.8,3,75,1,24,16,5,1.11,6,9,-3,-0.44,-0.28,Matches
1073,Wladimiro Falcone,it ITA,GK,Lecce,it Serie A,27,1995,38,3420,90,100.0,38.0,38,90,38,0,,0,0.95,33,46,-13,-0.34,,Matches
1074,Fali,es ESP,"DF,MF",Cádiz,es La Liga,28,1993,25,1714,69,50.1,19.0,22,73,11,3,33,6,1.16,17,25,-8,-0.42,+0.37,Matches
1075,Fallou Fall,sn SEN,DF,Reims,fr Ligue 1,18,2004,1,32,32,0.9,0.4,0,,0,1,32,4,0.00,0,1,-1,-2.81,-2.84,Matches
1076,Mamadou Fall,sn SEN,DF,Villarreal,es La Liga,19,2002,1,30,30,0.9,0.3,0,,0,1,30,0,3.00,1,0,+1,+3.00,+2.52,Matches
1077,Alessandro Falleni,it ITA,FW,Atalanta,it Serie A,19,2003,0,,,,,0,,0,0,,1,,,,,,,Matches
1078,Davide Faraoni,it ITA,"MF,DF",Hellas Verona,it Serie A,30,1991,23,1485,65,43.4,16.5,19,74,8,4,19,3,0.88,12,36,-24,-1.45,-1.27,Matches
1079,Mohamed Fares,dz ALG,"DF,FW",Lazio,it Serie A,26,1996,0,,,,,0,,0,0,,14,,,,,,,Matches
1080,Biel Farres,es ESP,DF,Girona,es La Liga,20,2002,0,,,,,0,,0,0,,5,,,,,,,Matches
1081,Ansu Fati,es ESP,FW,Barcelona,es La Liga,19,2002,36,1393,39,40.7,15.5,12,71,1,24,22,1,2.36,36,5,+31,+2.00,+1.16,Matches
1082,Giacomo Faticanti,it ITA,MF,Roma,it Serie A,18,2004,0,,,,,0,,0,0,,5,,,,,,,Matches
1083,Costantino Favasuli,it ITA,MF,Fiorentina,it Serie A,18,2004,0,,,,,0,,0,0,,1,,,,,,,Matches
1084,Khalil Fayad,fr FRA,MF,Montpellier,fr Ligue 1,18,2004,24,718,30,21.0,8.0,7,67,2,17,15,8,1.21,17,15,+2,+0.25,+0.22,Matches
1085,Cheikh Faye,sn SEN,DF,Montpellier,fr Ligue 1,23,1999,2,37,19,1.1,0.4,0,,0,2,19,1,1.50,1,2,-1,-2.43,-2.54,Matches
1086,Federico Fazio,ar ARG,DF,Salernitana,it Serie A,35,1987,14,1074,77,31.4,11.9,12,88,10,2,8,1,1.21,19,18,+1,+0.08,+0.66,Matches
1087,Jacopo Fazzini,it ITA,MF,Empoli,it Serie A,19,2003,21,825,39,24.1,9.2,8,71,1,13,20,16,1.38,6,9,-3,-0.33,-0.02,Matches
1088,Zouhair Feddal,ma MAR,DF,Valladolid,es La Liga,33,1989,8,375,47,11.0,4.2,4,68,2,4,26,5,1.25,5,7,-2,-0.48,+0.35,Matches
1089,Nabil Fekir,fr FRA,MF,Real Betis,es La Liga,29,1993,15,961,64,28.1,10.7,12,73,5,3,28,0,1.73,19,10,+9,+0.84,+0.99,Matches
1090,Felipe,br BRA,DF,Atlético Madrid,es La Liga,33,1989,3,194,65,5.7,2.2,2,90,2,1,14,11,0.33,1,3,-2,-0.93,-2.02,Matches
1091,Felipe,br BRA,DF,Nottingham Forest,eng Premier League,33,1989,16,1418,89,41.5,15.8,15,89,13,1,84,1,0.81,20,32,-12,-0.76,+0.05,Matches
1092,Luiz Felipe,it ITA,DF,Real Betis,es La Liga,25,1997,23,1763,77,51.5,19.6,22,79,16,1,16,3,1.35,23,23,0,0.00,-0.27,Matches
1093,João Félix,pt POR,"FW,MF",Chelsea,eng Premier League,22,1999,16,941,59,27.5,10.5,11,75,3,5,22,1,0.88,11,15,-4,-0.38,-0.20,Matches
1094,João Félix,pt POR,"FW,MF",Atlético Madrid,es La Liga,22,1999,14,650,46,19.0,7.2,7,74,1,7,18,1,1.86,11,8,+3,+0.42,-0.69,Matches
1095,Ohis Felix Uduokhai,de GER,DF,Augsburg,de Bundesliga,24,1997,19,1450,76,47.4,16.1,16,86,14,3,25,1,0.95,18,27,-9,-0.56,+0.11,Matches
1096,Kiko Femenía,es ESP,DF,Villarreal,es La Liga,31,1991,20,1133,57,33.1,12.6,13,78,6,7,17,9,1.45,12,14,-2,-0.16,-0.99,Matches
1097,Evan Ferguson,ie IRL,FW,Brighton,eng Premier League,17,2004,19,950,50,27.8,10.6,10,70,1,9,28,2,1.63,21,12,+9,+0.85,+0.49,Matches
1098,Lewis Ferguson,sct SCO,MF,Bologna,it Serie A,22,1999,32,2314,72,67.7,25.7,27,82,15,5,21,4,1.50,40,30,+10,+0.39,+0.88,Matches
1099,Bruno Fernandes,pt POR,MF,Manchester Utd,eng Premier League,27,1994,37,3316,90,97.0,36.8,37,90,33,0,,0,2.03,57,39,+18,+0.49,+3.08,Matches
1100,Edimilson Fernandes,ch SUI,DF,Mainz 05,de Bundesliga,26,1996,32,2437,76,79.6,27.1,28,84,17,4,20,2,1.41,47,45,+2,+0.07,+0.51,Matches
1101,Aitor Fernández,es ESP,GK,Osasuna,es La Liga,31,1991,21,1890,90,55.3,21.0,21,90,21,0,,17,1.67,23,19,+4,+0.19,+0.72,Matches
1102,Álex Fernández,es ESP,"MF,FW",Cádiz,es La Liga,29,1992,28,1576,56,46.1,17.5,17,78,9,11,23,3,1.11,12,26,-14,-0.80,-0.36,Matches
1103,Álvaro Fernández,es ESP,GK,Espanyol,es La Liga,24,1998,11,990,90,28.9,11.0,11,90,11,0,,23,1.33,17,18,-1,-0.09,+0.50,Matches
1104,Carlos Fernández,es ESP,FW,Real Sociedad,es La Liga,26,1996,24,631,26,18.5,7.0,8,54,0,16,13,4,1.79,6,8,-2,-0.29,-0.87,Matches
1105,Marcos Fernández Cózar,es ESP,DF,Mallorca,es La Liga,19,2003,0,,,,,0,,0,0,,7,,,,,,,Matches
1106,Enzo Fernández,ar ARG,MF,Chelsea,eng Premier League,21,2001,18,1547,86,45.2,17.2,18,86,14,0,,0,0.83,16,25,-9,-0.52,-0.52,Matches
1107,Federico Fernández,ar ARG,DF,Elche,es La Liga,33,1989,1,90,90,2.6,1.0,1,90,1,0,,4,0.00,1,2,-1,-1.00,-0.03,Matches
1108,Joaquín Fernández,es ESP,DF,Valladolid,es La Liga,26,1996,27,2156,80,63.0,24.0,24,83,21,3,53,6,1.26,26,42,-16,-0.67,+0.33,Matches
1109,Nehemiah Fernandez,fr FRA,DF,Paris Saint-Germain,fr Ligue 1,17,2004,0,,,,,0,,0,0,,1,,,,,,,Matches
1110,Valery Fernández,es ESP,"MF,DF",Girona,es La Liga,22,1999,25,967,39,28.3,10.7,7,75,1,18,24,9,1.24,14,14,0,0.00,-0.11,Matches
1111,Fernando,br BRA,"MF,DF",Sevilla,es La Liga,35,1987,22,1577,72,46.1,17.5,19,81,11,3,14,2,1.50,30,24,+6,+0.34,+0.98,Matches
1112,Fernando,es ESP,GK,Almería,es La Liga,32,1990,37,3285,89,96.1,36.5,37,89,36,0,,1,1.11,48,61,-13,-0.36,+1.64,Matches
1113,Ichem Ferrah,fr FRA,FW,Lille,fr Ligue 1,16,2005,0,,,,,0,,0,0,,2,,,,,,,Matches
1114,Alex Ferrari,it ITA,DF,Sampdoria,it Serie A,28,1994,12,868,72,25.4,9.6,10,83,7,2,20,3,0.17,4,18,-14,-1.45,-0.29,Matches
1115,Alex Ferrari,it ITA,DF,Cremonese,it Serie A,28,1994,16,1007,63,29.4,11.2,13,74,5,3,15,4,0.88,10,21,-11,-0.98,-0.16,Matches
1116,Gabriele Ferrarini,it ITA,DF,Monza,it Serie A,22,2000,0,,,,,0,,0,0,,1,,,,,,,Matches
1117,Andrea Ferraris,it ITA,FW,Monza,it Serie A,19,2003,0,,,,,0,,0,0,,1,,,,,,,Matches
1118,Salvador Ferrer,es ESP,MF,Spezia,it Serie A,24,1998,5,136,27,4.0,1.5,0,,0,5,27,27,1.17,1,3,-2,-1.32,-0.53,Matches
1119,Jordan Ferri,fr FRA,MF,Montpellier,fr Ligue 1,30,1992,34,2738,81,80.1,30.4,32,84,20,2,28,0,1.26,52,50,+2,+0.07,-0.07,Matches
1120,Fidel,es ESP,"MF,FW",Elche,es La Liga,32,1989,27,1714,63,50.1,19.0,21,73,4,6,30,1,0.81,14,29,-15,-0.79,+0.37,Matches
1121,Karol Fila,pl POL,DF,Strasbourg,fr Ligue 1,24,1998,2,47,24,1.4,0.5,0,,0,2,24,1,0.50,2,0,+2,+3.83,+4.10,Matches
1122,Ryan Finnigan,eng ENG,MF,Southampton,eng Premier League,18,2003,0,,,,,0,,0,0,,2,,,,,,,Matches
1123,Matteo Fiorenza,it ITA,GK,Torino,it Serie A,19,2003,0,,,,,0,,0,0,,27,,,,,,,Matches
1124,Vincenzo Fiorillo,it ITA,GK,Salernitana,it Serie A,32,1990,1,90,90,2.6,1.0,1,90,1,0,,32,3.00,3,2,+1,+1.00,+1.41,Matches
1125,Roberto Firmino,br BRA,FW,Liverpool,eng Premier League,30,1991,25,1213,49,35.5,13.5,13,73,3,12,22,0,1.64,28,17,+11,+0.82,+0.12,Matches
1126,Junior Firpo,do DOM,DF,Leeds United,eng Premier League,25,1996,19,1368,72,40.0,15.2,14,86,10,5,32,11,0.74,17,33,-16,-1.05,-0.44,Matches
1127,Kilian Fischer,de GER,DF,Wolfsburg,de Bundesliga,21,2000,10,502,50,16.4,5.6,5,86,2,5,14,15,2.20,6,8,-2,-0.36,-0.75,Matches
1128,Mark Flekken,nl NED,GK,Freiburg,de Bundesliga,29,1993,34,3060,90,100.0,34.0,34,90,34,0,,0,1.74,51,44,+7,+0.21,,Matches
1129,Junior Flemmings,jm JAM,"FW,MF",Toulouse,fr Ligue 1,26,1996,0,,,,,0,,0,0,,1,,,,,,,Matches
1130,Florian Flick,de GER,MF,Schalke 04,de Bundesliga,22,2000,8,512,64,16.7,5.7,5,85,4,3,30,7,0.63,6,12,-6,-1.05,0.00,Matches
1131,Alexis Flips,fr FRA,"MF,DF",Reims,fr Ligue 1,22,2000,33,1978,60,57.8,22.0,28,68,4,5,17,3,1.45,29,23,+6,+0.27,+0.65,Matches
1132,Alessandro Florenzi,it ITA,DF,Milan,it Serie A,31,1991,6,203,34,5.9,2.3,2,73,1,4,14,8,1.33,3,1,+2,+0.89,+0.36,Matches
1133,Romano Floriani,it ITA,MF,Lazio,it Serie A,19,2003,0,,,,,0,,0,0,,2,,,,,,,Matches
1134,Phil Foden,eng ENG,"FW,MF",Manchester City,eng Premier League,22,2000,32,1842,58,53.9,20.5,22,77,11,10,15,1,2.31,49,15,+34,+1.66,+0.12,Matches
1135,Seko Fofana,ci CIV,MF,Lens,fr Ligue 1,27,1995,35,3073,88,89.9,34.1,34,89,28,1,45,1,2.20,58,25,+33,+0.97,-0.59,Matches
1136,Wesley Fofana,fr FRA,DF,Leicester City,eng Premier League,21,2000,2,180,90,5.3,2.0,2,90,2,0,,0,0.50,4,6,-2,-1.00,-0.58,Matches
1137,Wesley Fofana,fr FRA,DF,Chelsea,eng Premier League,21,2000,15,1183,79,34.6,13.1,12,85,7,3,54,1,1.00,13,18,-5,-0.38,-0.22,Matches
1138,Yahia Fofana,ci CIV,GK,Angers,fr Ligue 1,21,2000,11,990,90,28.9,11.0,11,90,11,0,,16,0.91,12,19,-7,-0.64,+0.88,Matches
1139,Youssouf Fofana,fr FRA,MF,Monaco,fr Ligue 1,23,1999,36,3086,86,90.2,34.3,35,87,32,1,45,0,1.78,65,48,+17,+0.50,+1.84,Matches
1140,Thomas Foket,be BEL,DF,Reims,fr Ligue 1,27,1994,24,1976,82,57.8,22.0,23,85,16,1,13,0,1.46,28,25,+3,+0.14,+0.32,Matches
1141,Alessandro Fontanarosa,it ITA,DF,Inter,it Serie A,19,2003,0,,,,,0,,0,0,,7,,,,,,,Matches
1142,José Fonte,pt POR,DF,Lille,fr Ligue 1,38,1983,31,2592,84,75.8,28.8,30,86,28,1,14,2,1.61,41,30,+11,+0.38,-0.71,Matches
1143,Pablo Fornals,es ESP,MF,West Ham United,eng Premier League,26,1996,32,1503,47,43.9,16.7,17,75,3,15,16,6,1.09,17,28,-11,-0.66,-0.56,Matches
1144,Emil Forsberg,se SWE,"MF,FW",RB Leipzig,de Bundesliga,30,1991,30,1482,49,48.4,16.5,16,72,2,14,23,3,1.87,28,26,+2,+0.12,-1.08,Matches
1145,Adam Forshaw,eng ENG,MF,Leeds United,eng Premier League,30,1991,12,479,40,14.0,5.3,5,68,1,7,20,4,0.50,4,13,-9,-1.69,-1.05,Matches
1146,Fraser Forster,eng ENG,GK,Tottenham Hotspur,eng Premier League,34,1988,14,1215,87,35.5,13.5,13,90,13,1,45,24,1.29,26,24,+2,+0.15,-0.06,Matches
1147,Philipp Förster,de GER,MF,Bochum,de Bundesliga,27,1995,25,1309,52,42.8,14.5,15,72,2,10,23,6,1.12,23,28,-5,-0.34,+1.04,Matches
1148,Steven Fortes,cv CPV,DF,Lens,fr Ligue 1,30,1992,1,7,7,0.2,0.1,0,,0,1,7,10,3.00,2,0,+2,+25.71,+24.74,Matches
1149,Fortuño,es ESP,GK,Espanyol,es La Liga,20,2001,0,,,,,0,,0,0,,5,,,,,,,Matches
1150,Timothy Fosu-Mensah,nl NED,MF,Leverkusen,de Bundesliga,24,1998,11,191,17,6.2,2.1,1,53,0,10,14,19,2.27,5,2,+3,+1.41,+1.26,Matches
1151,Dimitri Foulquier,fr FRA,DF,Valencia,es La Liga,29,1993,30,1738,58,50.8,19.3,17,88,15,13,19,8,1.17,17,24,-7,-0.36,-0.58,Matches
1152,Juan Foyth,ar ARG,DF,Villarreal,es La Liga,24,1998,24,1958,82,57.3,21.8,22,86,17,2,36,3,1.92,41,24,+17,+0.78,+0.66,Matches
1153,Gianluca Frabotta,it ITA,"DF,MF",Lecce,it Serie A,23,1999,0,,,,,0,,0,0,,4,,,,,,,Matches
1154,Raphael Framberger,de GER,"MF,DF",Augsburg,de Bundesliga,26,1995,3,176,59,5.8,2.0,2,80,0,1,17,8,0.33,2,6,-4,-2.05,-1.51,Matches
1155,Tyrese Francois,au AUS,MF,Fulham,eng Premier League,22,2000,1,1,1,0.0,0.0,0,,0,1,1,6,1.00,0,0,0,0.00,-0.05,Matches
1156,Noah Francoise,fr FRA,MF,Rennes,fr Ligue 1,19,2003,0,,,,,0,,0,0,,4,,,,,,,Matches
1157,Bartol Franjić,hr CRO,MF,Wolfsburg,de Bundesliga,22,2000,5,227,45,7.4,2.5,3,71,0,2,7,10,1.80,3,5,-2,-0.79,-1.14,Matches
1158,Przemysław Frankowski,pl POL,MF,Lens,fr Ligue 1,27,1995,37,2833,77,82.8,31.5,31,85,18,6,32,0,2.19,57,21,+36,+1.14,+0.68,Matches
1159,Nathan Fraser,ie IRL,FW,Wolves,eng Premier League,17,2005,0,,,,,0,,0,0,,1,,,,,,,Matches
1160,Ryan Fraser,sct SCO,FW,Newcastle United,eng Premier League,28,1994,8,313,39,9.2,3.5,3,67,0,5,22,8,1.63,3,3,0,0.00,-1.01,Matches
1161,Davide Frattesi,it ITA,MF,Sassuolo,it Serie A,22,1999,36,2873,80,84.0,31.9,35,81,15,1,33,1,1.22,40,47,-7,-0.22,+0.93,Matches
1162,Oscar Fraulo,dk DEN,MF,Gladbach,de Bundesliga,18,2003,2,8,4,0.3,0.1,0,,0,2,4,13,0.00,0,0,0,0.00,+0.09,Matches
1163,Fred,br BRA,MF,Manchester Utd,eng Premier League,29,1993,35,1249,36,36.5,13.9,12,74,6,23,16,3,1.97,24,22,+2,+0.14,-0.39,Matches
1164,Ryan Fredericks,eng ENG,DF,Bournemouth,eng Premier League,29,1992,12,533,44,15.6,5.9,5,74,1,7,23,2,1.00,11,11,0,0.00,+1.06,Matches
1165,Iván Fresneda,es ESP,"DF,MF",Valladolid,es La Liga,17,2004,22,1743,79,51.0,19.4,18,85,15,4,51,12,0.86,19,33,-14,-0.72,+0.14,Matches
1166,Remo Freuler,ch SUI,MF,Nottingham Forest,eng Premier League,30,1992,28,2161,77,63.2,24.0,24,84,16,4,38,8,0.82,17,47,-30,-1.25,-1.25,Matches
1167,Michael Frey,ch SUI,FW,Schalke 04,de Bundesliga,28,1994,15,868,58,28.4,9.6,10,74,1,5,25,4,1.00,8,19,-11,-1.14,-0.11,Matches
1168,Marco Friedl,at AUT,DF,Werder Bremen,de Bundesliga,24,1998,30,2594,86,84.8,28.8,30,86,27,0,,0,1.07,45,54,-9,-0.31,+0.46,Matches
1169,Marvin Friedrich,de GER,DF,Gladbach,de Bundesliga,26,1995,23,1248,54,40.8,13.9,13,90,13,10,8,10,1.30,27,29,-2,-0.14,-0.09,Matches
1170,Jeremie Frimpong,nl NED,"MF,DF",Leverkusen,de Bundesliga,21,2000,34,2708,80,88.5,30.1,32,82,16,2,41,0,1.47,50,40,+10,+0.33,+0.84,Matches
1171,Leo Fuhr Hjelde,no NOR,DF,Leeds United,eng Premier League,18,2003,0,,,,,0,,0,0,,5,,,,,,,Matches
1172,Chris Führich,de GER,"MF,FW",Stuttgart,de Bundesliga,24,1998,33,1884,57,61.6,20.9,21,72,1,12,31,0,0.91,27,35,-8,-0.38,-0.08,Matches
1173,Toni Fuidias,es ESP,GK,Girona,es La Liga,21,2001,0,,,,,0,,0,0,,35,,,,,,,Matches
1174,Angelo Fulgini,nc NCL,MF,Mainz 05,de Bundesliga,25,1996,16,525,33,17.2,5.8,5,56,0,11,22,2,1.19,5,11,-6,-1.03,-1.21,Matches
1175,Angelo Fulgini,nc NCL,"MF,FW",Lens,fr Ligue 1,25,1996,17,858,50,25.1,9.5,12,65,0,5,15,0,2.29,22,6,+16,+1.68,+0.87,Matches
1176,Niclas Füllkrug,de GER,FW,Werder Bremen,de Bundesliga,29,1993,28,2477,88,80.9,27.5,28,88,26,0,,1,1.18,41,46,-5,-0.18,+1.05,Matches
1177,Diego Fuoli,es ESP,GK,Almería,es La Liga,24,1997,0,,,,,0,,0,0,,15,,,,,,,Matches
1178,James Furlong,ie IRL,"DF,MF",Brighton,eng Premier League,20,2002,0,,,,,0,,0,0,,1,,,,,,,Matches
1179,Matteo Gabbia,it ITA,DF,Milan,it Serie A,22,1999,12,613,51,17.9,6.8,6,87,5,6,16,24,1.92,11,14,-3,-0.44,-1.21,Matches
1180,Manolo Gabbiadini,it ITA,"FW,MF",Sampdoria,it Serie A,30,1991,35,2354,67,68.8,26.2,27,79,11,8,29,2,0.49,19,48,-29,-1.11,+0.41,Matches
1181,Gianluca Gaetano,it ITA,MF,Napoli,it Serie A,22,2000,8,76,10,2.2,0.8,0,,0,8,10,25,2.75,5,0,+5,+5.92,+4.74,Matches
1182,Roberto Gagliardini,it ITA,MF,Inter,it Serie A,28,1994,19,783,41,22.9,8.7,7,81,5,12,18,16,2.32,16,9,+7,+0.80,+0.05,Matches
1183,Adolfo Gaich,ar ARG,FW,Hellas Verona,it Serie A,23,1999,16,726,45,21.2,8.1,8,67,1,8,24,2,1.06,7,13,-6,-0.74,-0.01,Matches
1184,Cody Gakpo,nl NED,FW,Liverpool,eng Premier League,23,1999,21,1458,69,42.6,16.2,17,81,6,4,22,0,1.86,32,19,+13,+0.80,+0.11,Matches
1185,Javi Galán,es ESP,DF,Celta Vigo,es La Liga,27,1994,37,3160,85,92.4,35.1,36,87,32,1,15,0,1.16,42,49,-7,-0.20,+0.84,Matches
1186,Iñigo Ruiz de Galarreta,es ESP,MF,Mallorca,es La Liga,28,1993,30,2449,82,71.6,27.2,28,87,19,2,3,0,1.53,29,25,+4,+0.15,+1.07,Matches
1187,Pablo Galdames Millán,cl CHI,MF,Cremonese,it Serie A,25,1996,13,734,56,21.5,8.2,10,67,2,3,23,5,1.15,9,12,-3,-0.37,+0.64,Matches
1188,Conor Gallagher,eng ENG,MF,Chelsea,eng Premier League,22,2000,35,1621,46,47.4,18.0,18,73,8,17,18,2,1.23,15,22,-7,-0.39,-0.29,Matches
1189,Antonino Gallo,it ITA,DF,Lecce,it Serie A,22,2000,32,2486,78,72.7,27.6,28,86,23,4,21,4,1.09,24,28,-4,-0.14,+0.72,Matches
1190,Gauthier Gallon,fr FRA,GK,Troyes,fr Ligue 1,29,1993,30,2667,89,78.0,29.6,30,89,29,0,,5,0.60,35,65,-30,-1.01,-0.30,Matches
1191,Cristian Gamboa,cr CRC,DF,Bochum,de Bundesliga,32,1989,19,1477,78,48.3,16.4,17,82,8,2,42,3,0.79,15,37,-22,-1.34,-0.77,Matches
1192,Kévin Gameiro,fr FRA,FW,Strasbourg,fr Ligue 1,35,1987,34,2098,62,61.3,23.3,23,80,8,11,24,1,1.00,29,34,-5,-0.21,-0.01,Matches
1193,Idrissa Gana Gueye,sn SEN,MF,Everton,eng Premier League,32,1989,33,2577,78,75.4,28.6,32,80,14,1,29,0,1.00,25,45,-20,-0.70,-0.38,Matches
1194,Ignatius Ganago,cm CMR,"FW,MF",Nantes,fr Ligue 1,23,1999,28,1520,54,44.4,16.9,16,77,5,12,25,1,0.89,20,28,-8,-0.47,0.00,Matches
1195,Ignatius Ganago,cm CMR,"FW,MF",Lens,fr Ligue 1,23,1999,4,59,15,1.7,0.7,0,,0,4,15,0,2.50,1,2,-1,-1.53,-2.60,Matches
1196,Ismaëlo Ganiou,fr FRA,DF,Lens,fr Ligue 1,17,2005,0,,,,,0,,0,0,,1,,,,,,,Matches
1197,Ben Gannon-Doak,sct SCO,MF,Liverpool,eng Premier League,16,2005,2,26,13,0.8,0.3,0,,0,2,13,2,1.50,0,1,-1,-3.46,-4.23,Matches
1198,Silvère Ganvoula M'Boussy,cg CGO,FW,Bochum,de Bundesliga,26,1996,16,247,15,8.1,2.7,0,,0,16,15,4,0.75,3,10,-7,-2.55,-1.75,Matches
1199,Benjamín Garay,ar ARG,DF,Mallorca,es La Liga,22,2000,0,,,,,0,,0,0,,6,,,,,,,Matches
1200,Matt Garbett,nz NZL,MF,Torino,it Serie A,20,2002,0,,,,,0,,0,0,,16,,,,,,,Matches
1201,Aleix García,es ESP,MF,Girona,es La Liga,25,1997,30,2337,78,68.3,26.0,26,83,18,4,46,0,1.13,39,37,+2,+0.08,-0.01,Matches
1202,Álvaro García,es ESP,MF,Rayo Vallecano,es La Liga,29,1992,35,2870,82,83.9,31.9,34,84,15,1,28,0,1.31,34,41,-7,-0.22,-0.06,Matches
1203,Borja García,es ESP,"MF,FW",Girona,es La Liga,31,1990,11,679,62,19.9,7.5,10,66,2,1,16,6,1.55,16,12,+4,+0.53,+0.56,Matches
1204,Carlos García,es ESP,DF,Cádiz,es La Liga,22,2000,1,25,25,0.7,0.3,0,,0,1,25,8,1.00,1,0,+1,+3.60,+4.24,Matches
1205,Dani García,es ESP,MF,Athletic Club,es La Liga,32,1990,25,1485,59,43.4,16.5,18,77,6,7,15,6,1.44,24,19,+5,+0.30,+0.35,Matches
1206,David García,es ESP,DF,Osasuna,es La Liga,28,1994,32,2680,84,78.4,29.8,31,86,27,1,16,1,1.56,32,35,-3,-0.10,+0.14,Matches
1207,Eric García,es ESP,"DF,MF",Barcelona,es La Liga,21,2001,24,1417,59,41.4,15.7,15,79,10,9,25,14,2.00,30,10,+20,+1.27,-0.08,Matches
1208,Fran Garcia,es ESP,DF,Rayo Vallecano,es La Liga,22,1999,38,3407,90,99.6,37.9,38,90,36,0,,0,1.29,45,53,-8,-0.21,-0.21,Matches
1209,Joan García,es ESP,GK,Espanyol,es La Liga,21,2001,1,90,90,2.6,1.0,1,90,1,0,,35,1.00,3,3,0,0.00,+0.46,Matches
1210,Raúl García,es ESP,"MF,FW",Athletic Club,es La Liga,36,1986,35,967,28,28.3,10.7,6,71,1,29,19,3,1.29,11,13,-2,-0.19,-0.41,Matches
1211,Rubén García,es ESP,"MF,FW",Osasuna,es La Liga,29,1993,29,1159,40,33.9,12.9,11,69,0,18,22,4,1.31,9,13,-4,-0.31,-0.27,Matches
1212,Santiago García,es ESP,MF,Getafe,es La Liga,20,2001,0,,,,,0,,0,0,,1,,,,,,,Matches
1213,Unai García,es ESP,DF,Osasuna,es La Liga,30,1992,21,1713,82,50.1,19.0,20,86,15,1,1,15,1.62,19,19,0,0.00,+0.26,Matches
1214,Alejandro Garnacho,ar ARG,MF,Manchester Utd,eng Premier League,18,2004,19,569,30,16.6,6.3,5,56,0,14,21,9,2.05,16,13,+3,+0.47,+0.10,Matches
1215,James Garner,eng ENG,MF,Manchester Utd,eng Premier League,21,2001,0,,,,,0,,0,0,,2,,,,,,,Matches
1216,James Garner,eng ENG,MF,Everton,eng Premier League,21,2001,16,804,50,23.5,8.9,7,88,6,9,21,5,0.88,12,13,-1,-0.11,+0.64,Matches
1217,Giovanni Garofani,it ITA,GK,Juventus,it Serie A,19,2002,0,,,,,0,,0,0,,4,,,,,,,Matches
1218,Felix Garreta,es ESP,DF,Real Betis,es La Liga,18,2004,1,90,90,2.6,1.0,1,90,1,0,,3,1.00,0,0,0,0.00,-0.14,Matches
1219,Aleix Garrido,es ESP,MF,Barcelona,es La Liga,18,2004,1,7,7,0.2,0.1,0,,0,1,7,2,3.00,0,0,0,0.00,-1.32,Matches
1220,Sékou Gassama,sn SEN,FW,Valladolid,es La Liga,27,1995,1,36,36,1.1,0.4,0,,0,1,36,2,0.00,0,2,-2,-5.00,-4.26,Matches
1221,Johan Gastien,fr FRA,MF,Clermont Foot,fr Ligue 1,34,1988,31,2603,84,76.1,28.9,29,88,23,2,25,0,1.77,40,37,+3,+0.10,+0.87,Matches
1222,Federico Gatti,it ITA,DF,Juventus,it Serie A,24,1998,18,1448,80,42.3,16.1,16,90,16,2,4,20,1.72,16,13,+3,+0.19,-0.73,Matches
1223,Gavi,es ESP,"MF,FW",Barcelona,es La Liga,17,2004,36,2531,70,74.0,28.1,30,78,13,6,33,0,2.36,52,11,+41,+1.46,+0.55,Matches
1224,Yacine Gaya,dz ALG,DF,Angers,fr Ligue 1,17,2004,0,,,,,0,,0,0,,6,,,,,,,Matches
1225,Paulo Gazzaniga,ar ARG,GK,Girona,es La Liga,30,1992,28,2520,90,73.7,28.0,28,90,28,0,,7,1.46,44,37,+7,+0.25,+0.65,Matches
1226,Jean-Philippe Gbamin,ci CIV,"DF,MF",Everton,eng Premier League,26,1995,0,,,,,0,,0,0,,2,,,,,,,Matches
1227,David de Gea,es ESP,GK,Manchester Utd,eng Premier League,31,1990,38,3420,90,100.0,38.0,38,90,38,0,,0,1.97,58,43,+15,+0.39,,Matches
1228,Dario Gebuhr,de GER,DF,Eintracht Frankfurt,de Bundesliga,19,2003,1,21,21,0.7,0.2,0,,0,1,21,5,0.00,0,0,0,0.00,-0.18,Matches
1229,Linus Gechter,de GER,DF,Hertha BSC,de Bundesliga,18,2004,0,,,,,0,,0,0,,1,,,,,,,Matches
1230,Dennis Geiger,de GER,MF,Hoffenheim,de Bundesliga,24,1998,27,1952,72,63.8,21.7,27,72,6,0,,1,1.26,31,37,-6,-0.28,-0.03,Matches
1231,Joe Gelhardt,eng ENG,FW,Leeds United,eng Premier League,20,2002,15,212,14,6.2,2.4,1,58,0,14,11,2,0.80,6,3,+3,+1.27,+2.20,Matches
1232,Luca Gemello,it ITA,GK,Torino,it Serie A,22,2000,0,,,,,0,,0,0,,36,,,,,,,Matches
1233,Valentin Gendrey,fr FRA,DF,Lecce,it Serie A,22,2000,37,3101,84,90.7,34.5,35,88,29,2,11,1,0.97,30,42,-12,-0.35,-0.07,Matches
1234,Denis Genreau,au AUS,MF,Toulouse,fr Ligue 1,23,1999,20,657,33,19.2,7.3,7,69,0,13,13,10,1.50,5,6,-1,-0.14,+0.03,Matches
1235,Yannick Gerhardt,de GER,MF,Wolfsburg,de Bundesliga,28,1994,29,1866,64,61.0,20.7,22,79,12,7,18,0,1.62,37,25,+12,+0.58,+0.80,Matches
1236,Valère Germain,fr FRA,"FW,MF",Montpellier,fr Ligue 1,32,1990,31,688,22,20.1,7.6,5,57,0,26,15,5,1.23,14,13,+1,+0.13,+0.06,Matches
1237,Gerson,br BRA,MF,Marseille,fr Ligue 1,25,1997,10,417,42,12.2,4.6,6,63,0,4,10,3,2.30,9,5,+4,+0.86,+0.17,Matches
1238,Ismaël Gharbi,tn TUN,MF,Paris Saint-Germain,fr Ligue 1,18,2004,6,58,10,1.7,0.6,0,,0,6,10,20,1.00,0,0,0,0.00,-1.31,Matches
1239,Paolo Ghiglione,it ITA,MF,Cremonese,it Serie A,25,1997,15,711,47,20.8,7.9,8,77,3,7,14,20,0.87,9,14,-5,-0.63,+0.30,Matches
1240,Saman Ghoddos,ir IRN,"FW,MF",Brentford,eng Premier League,28,1993,15,139,9,4.1,1.5,0,,0,15,9,19,1.53,3,5,-2,-1.29,-1.68,Matches
1241,Faouzi Ghoulam,dz ALG,DF,Angers,fr Ligue 1,31,1991,7,479,68,14.0,5.3,6,76,1,1,25,0,0.86,4,7,-3,-0.56,+0.81,Matches
1242,Morgan Gibbs-White,eng ENG,MF,Wolves,eng Premier League,22,2000,2,180,90,5.3,2.0,2,90,2,0,,0,0.50,1,2,-1,-0.50,+0.22,Matches
1243,Morgan Gibbs-White,eng ENG,"MF,FW",Nottingham Forest,eng Premier League,22,2000,35,2971,85,86.9,33.0,34,87,26,1,30,0,1.00,37,59,-22,-0.67,+0.94,Matches
1244,Niko Gießelmann,de GER,MF,Union Berlin,de Bundesliga,30,1991,26,1302,50,42.5,14.5,14,82,7,12,12,6,1.88,23,13,+10,+0.69,+0.54,Matches
1245,Samuel Gigot,fr FRA,DF,Marseille,fr Ligue 1,28,1993,26,1879,72,54.9,20.9,24,76,14,2,30,1,2.04,39,20,+19,+0.91,+0.44,Matches
1246,Rafał Gikiewicz,pl POL,GK,Augsburg,de Bundesliga,34,1987,23,2070,90,67.6,23.0,23,90,23,0,,0,1.17,28,41,-13,-0.57,+0.16,Matches
1247,Bryan Gil,es ESP,"MF,FW",Tottenham Hotspur,eng Premier League,21,2001,4,148,37,4.3,1.6,2,69,0,2,5,12,1.50,5,1,+4,+2.43,+2.35,Matches
1248,Bryan Gil,es ESP,MF,Sevilla,es La Liga,21,2001,17,918,54,26.8,10.2,10,72,1,7,29,2,1.47,13,13,0,0.00,+0.25,Matches
1249,David Gil,es ESP,GK,Cádiz,es La Liga,28,1994,4,360,90,10.5,4.0,4,90,4,0,,23,1.00,3,5,-2,-0.50,+0.12,Matches
1250,Óscar Gil,es ESP,DF,Espanyol,es La Liga,25,1997,33,2559,78,74.8,28.4,31,82,17,2,16,0,1.06,34,48,-14,-0.49,-0.18,Matches
1251,Mario Gila,es ESP,DF,Lazio,it Serie A,21,2000,4,90,23,2.6,1.0,0,,0,4,23,29,1.75,3,2,+1,+1.00,+0.22,Matches
1252,Alfie Gilchrist,eng ENG,DF,Chelsea,eng Premier League,18,2003,0,,,,,0,,0,0,,1,,,,,,,Matches
1253,Mark Gillespie,eng ENG,GK,Newcastle United,eng Premier League,30,1992,0,,,,,0,,0,0,,1,,,,,,,Matches
1254,Billy Gilmour,sct SCO,MF,Chelsea,eng Premier League,21,2001,0,,,,,0,,0,0,,1,,,,,,,Matches
1255,Billy Gilmour,sct SCO,MF,Brighton,eng Premier League,21,2001,14,507,36,14.8,5.6,7,68,2,7,5,16,1.79,14,8,+6,+1.07,+0.66,Matches
1256,Álvaro Giménez,es ESP,"FW,MF",Cádiz,es La Liga,31,1991,1,17,17,0.5,0.2,0,,0,1,17,15,0.00,0,1,-1,-5.29,-4.71,Matches
1257,Gvidas Gineitis,lt LTU,MF,Torino,it Serie A,18,2004,3,136,45,4.0,1.5,2,68,1,1,1,20,0.33,0,1,-1,-0.66,-0.72,Matches
1258,Matthias Ginter,de GER,DF,Freiburg,de Bundesliga,28,1994,34,3060,90,100.0,34.0,34,90,34,0,,0,1.74,51,44,+7,+0.21,,Matches
1259,Simone Giorgeschi,it ITA,DF,Spezia,it Serie A,18,2004,0,,,,,0,,0,0,,3,,,,,,,Matches
1260,Andrei Girotto,br BRA,"DF,MF",Nantes,fr Ligue 1,30,1992,36,3149,87,92.1,35.0,36,87,30,0,,1,0.97,34,50,-16,-0.46,+0.21,Matches
1261,Olivier Giroud,fr FRA,FW,Milan,it Serie A,35,1986,33,2139,65,62.5,23.8,25,78,9,8,23,2,1.88,42,25,+17,+0.72,+0.43,Matches
1262,Aitor Gismera,es ESP,MF,Atlético Madrid,es La Liga,18,2004,0,,,,,0,,0,0,,1,,,,,,,Matches
1263,Jamie Gittens,eng ENG,"MF,FW",Dortmund,de Bundesliga,17,2004,15,533,36,17.4,5.9,4,59,0,11,27,3,2.53,19,7,+12,+2.03,+1.06,Matches
1264,Nicolas Glaus,ch SUI,GK,Stuttgart,de Bundesliga,20,2002,0,,,,,0,,0,0,,1,,,,,,,Matches
1265,Serge Gnabry,de GER,"MF,FW",Bayern Munich,de Bundesliga,27,1995,34,1941,57,63.4,21.6,22,74,9,12,26,0,2.09,59,21,+38,+1.76,+0.48,Matches
1266,Wilfried Gnonto,it ITA,"MF,FW",Leeds United,eng Premier League,18,2003,24,1354,56,39.6,15.0,14,79,7,10,26,5,0.75,17,28,-11,-0.73,+0.10,Matches
1267,Ben Godfrey,eng ENG,DF,Everton,eng Premier League,24,1998,13,802,62,23.5,8.9,10,75,6,3,18,5,0.62,10,18,-8,-0.90,-0.38,Matches
1268,Martial Godo,ci CIV,"FW,MF",Fulham,eng Premier League,19,2003,0,,,,,0,,0,0,,1,,,,,,,Matches
1269,Benjamin Goller,de GER,"FW,MF",Werder Bremen,de Bundesliga,23,1999,0,,,,,0,,0,0,,7,,,,,,,Matches
1270,Pierluigi Gollini,it ITA,GK,Fiorentina,it Serie A,27,1995,3,270,90,7.9,3.0,3,90,3,0,,10,1.67,3,2,+1,+0.33,+0.08,Matches
1271,Pierluigi Gollini,it ITA,GK,Napoli,it Serie A,27,1995,4,360,90,10.5,4.0,4,90,4,0,,15,1.75,5,4,+1,+0.25,-1.16,Matches
1272,Aleksandr Golovin,ru RUS,MF,Monaco,fr Ligue 1,26,1996,34,2464,72,72.0,27.4,29,78,7,5,41,0,1.74,55,34,+21,+0.77,+1.61,Matches
1273,André Gomes,pt POR,MF,Lille,fr Ligue 1,29,1993,26,1629,63,47.6,18.1,18,82,11,8,20,0,1.81,35,20,+15,+0.83,+0.53,Matches
1274,André Gomes,pt POR,MF,Everton,eng Premier League,29,1993,0,,,,,0,,0,0,,1,,,,,,,Matches
1275,Angel Gomes,eng ENG,MF,Lille,fr Ligue 1,21,2000,36,2816,78,82.3,31.3,34,81,11,2,25,0,1.69,52,36,+16,+0.51,-0.23,Matches
1276,Claudio Gomes,fr FRA,MF,Manchester City,eng Premier League,22,2000,0,,,,,0,,0,0,,2,,,,,,,Matches
1277,João Gomes,br BRA,MF,Wolves,eng Premier League,21,2001,11,653,59,19.1,7.3,7,80,4,4,23,6,1.18,10,18,-8,-1.10,-0.48,Matches
1278,Toti Gomes,pt POR,DF,Wolves,eng Premier League,23,1999,17,984,58,28.8,10.9,10,85,7,7,19,11,1.41,10,14,-4,-0.37,+0.48,Matches
1279,Dani Gómez,es ESP,FW,Espanyol,es La Liga,24,1998,8,88,11,2.6,1.0,0,,0,8,11,18,0.38,2,1,+1,+1.02,+1.51,Matches
1280,Joe Gomez,eng ENG,DF,Liverpool,eng Premier League,25,1997,21,1466,70,42.9,16.3,15,90,15,6,19,12,1.67,28,16,+12,+0.74,0.00,Matches
1281,Jonathan Gomez,us USA,DF,Real Sociedad,es La Liga,18,2003,0,,,,,0,,0,0,,2,,,,,,,Matches
1282,Maxi Gómez,uy URU,FW,Valencia,es La Liga,25,1996,3,108,36,3.2,1.2,0,,0,3,36,0,1.00,0,1,-1,-0.83,-0.78,Matches
1283,Moi Gómez,es ESP,MF,Osasuna,es La Liga,28,1994,33,2453,74,71.7,27.3,28,83,17,5,23,1,1.42,21,27,-6,-0.22,-0.31,Matches
1284,Papu Gómez,ar ARG,MF,Sevilla,es La Liga,34,1988,19,1065,56,31.1,11.8,11,79,5,8,25,4,0.95,10,15,-5,-0.42,-0.35,Matches
1285,Sergi Gómez,es ESP,DF,Espanyol,es La Liga,30,1992,29,2339,81,68.4,26.0,26,84,18,3,52,4,0.79,35,46,-11,-0.42,+0.08,Matches
1286,Sergio Gómez,es ESP,"MF,FW",Manchester City,eng Premier League,21,2000,12,349,29,10.2,3.9,2,84,1,10,18,20,2.58,5,6,-1,-0.26,-2.07,Matches
1287,Unai Gómez,es ESP,MF,Athletic Club,es La Liga,19,2003,0,,,,,0,,0,0,,8,,,,,,,Matches
1288,Antonio Gomis,es ESP,GK,Atlético Madrid,es La Liga,19,2003,1,6,6,0.2,0.1,0,,0,1,6,22,1.00,0,1,-1,-15.00,-16.00,Matches
1289,Maxime Gonalons,fr FRA,MF,Clermont Foot,fr Ligue 1,33,1989,25,1449,58,42.4,16.1,19,72,2,6,14,0,1.60,22,21,+1,+0.06,+0.29,Matches
1290,Diego González,py PAR,MF,Lazio,it Serie A,19,2003,0,,,,,0,,0,0,,4,,,,,,,Matches
1291,Diego González,es ESP,DF,Elche,es La Liga,27,1995,16,958,60,28.0,10.6,8,85,5,8,35,16,0.50,7,22,-15,-1.41,-0.60,Matches
1292,Édgar González,es ESP,DF,Real Betis,es La Liga,25,1997,25,1772,71,51.8,19.7,18,88,16,7,27,10,1.72,28,20,+8,+0.41,+0.57,Matches
1293,Fran González,es ESP,DF,Real Madrid,es La Liga,23,1998,0,,,,,0,,0,0,,1,,,,,,,Matches
1294,Giovanni González,uy URU,"DF,MF",Mallorca,es La Liga,27,1994,15,926,62,27.1,10.3,9,87,7,6,24,15,1.56,13,8,+5,+0.49,+0.88,Matches
1295,Joan Gonzàlez,es ESP,MF,Lecce,it Serie A,20,2002,35,2197,63,64.2,24.4,26,76,5,9,24,2,0.86,21,29,-8,-0.33,+0.04,Matches
1296,Nicolás González,ar ARG,"FW,MF",Fiorentina,it Serie A,24,1998,24,1354,56,39.6,15.0,13,79,7,11,29,5,1.54,23,16,+7,+0.47,+0.33,Matches
1297,Nicolás González,es ESP,MF,Valencia,es La Liga,20,2002,26,1405,54,41.1,15.6,18,68,3,8,22,0,1.35,22,21,+1,+0.06,+0.24,Matches
1298,Oumar Gonzalez,cm CMR,DF,Ajaccio,fr Ligue 1,24,1998,30,2578,86,75.4,28.6,29,88,26,1,12,2,0.67,15,58,-43,-1.50,-0.65,Matches
1299,Roberto González,es ESP,MF,Real Betis,es La Liga,21,2001,2,54,27,1.6,0.6,0,,0,2,27,1,3.00,1,0,+1,+1.67,+1.56,Matches
1300,Urko González,es ESP,"DF,MF",Real Sociedad,es La Liga,21,2001,0,,,,,0,,0,0,,16,,,,,,,Matches
1301,Charlie Goode,eng ENG,DF,Brentford,eng Premier League,26,1995,0,,,,,0,,0,0,,1,,,,,,,Matches
1302,Owen Goodman,ca CAN,GK,Crystal Palace,eng Premier League,18,2003,0,,,,,0,,0,0,,4,,,,,,,Matches
1303,Jacek Góralski,pl POL,MF,Bochum,de Bundesliga,29,1992,4,146,37,4.8,1.6,2,60,0,2,14,1,0.00,0,5,-5,-3.08,-2.25,Matches
1304,Anthony Gordon,eng ENG,"FW,MF",Newcastle United,eng Premier League,21,2001,16,487,30,14.2,5.4,4,57,0,12,22,0,1.63,7,5,+2,+0.37,-0.64,Matches
1305,Anthony Gordon,eng ENG,"FW,MF",Everton,eng Premier League,21,2001,16,1095,68,32.0,12.2,12,85,7,4,19,1,0.88,10,13,-3,-0.25,+0.53,Matches
1306,John-Kymani Gordon,eng ENG,"FW,MF",Crystal Palace,eng Premier League,19,2003,0,,,,,0,,0,0,,5,,,,,,,Matches
1307,Leon Goretzka,de GER,MF,Bayern Munich,de Bundesliga,27,1995,27,1728,64,56.5,19.2,22,74,7,5,18,1,2.00,48,23,+25,+1.30,-0.66,Matches
1308,Andoni Gorosabel,es ESP,DF,Real Sociedad,es La Liga,25,1996,27,1708,63,49.9,19.0,19,80,9,8,23,5,1.78,23,19,+4,+0.21,-0.42,Matches
1309,Robin Gosens,de GER,MF,Inter,it Serie A,28,1994,32,1184,37,34.6,13.2,11,73,2,21,18,3,1.88,17,15,+2,+0.15,-0.93,Matches
1310,Felix Götze,de GER,"DF,MF",Augsburg,de Bundesliga,24,1998,0,,,,,0,,0,0,,1,,,,,,,Matches
1311,Mario Götze,de GER,MF,Eintracht Frankfurt,de Bundesliga,30,1992,32,2740,86,89.5,30.4,32,86,22,0,,0,1.53,55,43,+12,+0.39,+2.08,Matches
1312,Amine Gouiri,dz ALG,"MF,FW",Nice,fr Ligue 1,22,2000,3,226,75,6.6,2.5,3,75,1,0,,1,0.67,1,3,-2,-0.80,-1.16,Matches
1313,Amine Gouiri,dz ALG,"FW,MF",Rennes,fr Ligue 1,22,2000,33,2523,76,73.8,28.0,29,83,17,4,27,0,1.85,55,29,+26,+0.93,+0.53,Matches
1314,Jeffrey Gouweleeuw,nl NED,DF,Augsburg,de Bundesliga,31,1991,32,2795,87,91.3,31.1,32,87,30,0,,0,1.03,39,56,-17,-0.55,+0.81,Matches
1315,Jonathan Gradit,fr FRA,DF,Lens,fr Ligue 1,29,1992,33,2823,86,82.5,31.4,33,86,26,0,,0,2.24,61,27,+34,+1.08,+0.33,Matches
1316,José Gragera,es ESP,"MF,DF",Espanyol,es La Liga,21,2000,9,460,51,13.5,5.1,5,74,1,4,22,3,0.89,3,6,-3,-0.59,-0.16,Matches
1317,Jens Grahl,de GER,GK,Eintracht Frankfurt,de Bundesliga,33,1988,0,,,,,0,,0,0,,3,,,,,,,Matches
1318,Alberto Grassi,it ITA,MF,Empoli,it Serie A,27,1995,25,1194,48,34.9,13.3,14,72,5,11,17,2,1.12,17,16,+1,+0.08,+0.60,Matches
1319,Ryan Gravenberch,nl NED,MF,Bayern Munich,de Bundesliga,20,2002,24,576,24,18.8,6.4,3,59,0,21,19,8,2.21,17,10,+7,+1.09,-0.61,Matches
1320,Andrew Gravillon,gp GLP,DF,Torino,it Serie A,24,1998,7,312,45,9.1,3.5,4,70,0,3,11,11,1.00,3,5,-2,-0.58,-0.66,Matches
1321,Andrew Gravillon,gp GLP,DF,Reims,fr Ligue 1,24,1998,13,1038,80,30.4,11.5,12,86,9,1,6,4,0.85,11,18,-7,-0.61,-0.87,Matches
1322,Archie Gray,eng ENG,"DF,MF",Leeds United,eng Premier League,16,2006,0,,,,,0,,0,0,,6,,,,,,,Matches
1323,Demarai Gray,jm JAM,"FW,MF",Everton,eng Premier League,26,1996,33,2507,76,73.3,27.9,27,86,16,6,30,5,0.79,20,39,-19,-0.68,-0.29,Matches
1324,Adrian Grbić,at AUT,"FW,MF",Lorient,fr Ligue 1,25,1996,2,25,13,0.7,0.3,0,,0,2,13,10,1.00,0,0,0,0.00,+0.03,Matches
1325,Ivo Grbić,hr CRO,GK,Atlético Madrid,es La Liga,26,1996,12,922,77,27.0,10.2,10,89,9,2,14,25,1.92,28,13,+15,+1.46,+0.67,Matches
1326,Jack Grealish,eng ENG,"FW,MF",Manchester City,eng Premier League,26,1995,28,2055,73,60.1,22.8,23,83,11,5,31,5,2.64,63,17,+46,+2.01,+1.03,Matches
1327,Ben Greenwood,ie IRL,DF,Bournemouth,eng Premier League,19,2003,0,,,,,0,,0,0,,1,,,,,,,Matches
1328,Sam Greenwood,eng ENG,MF,Leeds United,eng Premier League,20,2002,18,424,24,12.4,4.7,3,70,1,15,14,18,0.72,10,11,-1,-0.21,+0.66,Matches
1329,Michael Gregoritsch,at AUT,FW,Freiburg,de Bundesliga,28,1994,30,2150,72,70.3,23.9,27,77,2,3,24,1,1.70,37,26,+11,+0.46,+0.86,Matches
1330,Dominik Greif,sk SVK,GK,Mallorca,es La Liga,25,1997,1,90,90,2.6,1.0,1,90,1,0,,24,0.00,0,3,-3,-3.00,-2.92,Matches
1331,Leo Greiml,at AUT,DF,Schalke 04,de Bundesliga,21,2001,7,358,51,11.7,4.0,3,90,3,4,22,12,0.86,2,13,-11,-2.77,-1.93,Matches
1332,Clément Grenier,fr FRA,MF,Mallorca,es La Liga,31,1991,21,718,34,21.0,8.0,6,71,1,15,20,14,1.48,9,11,-2,-0.25,-0.12,Matches
1333,Antoine Griezmann,fr FRA,"FW,MF",Atlético Madrid,es La Liga,31,1991,38,2859,75,83.6,31.8,31,86,23,7,29,0,2.03,61,29,+32,+1.01,+0.21,Matches
1334,Harvey Griffiths,eng ENG,MF,Wolves,eng Premier League,18,2003,0,,,,,0,,0,0,,1,,,,,,,Matches
1335,Vincenzo Grifo,it ITA,"MF,FW",Freiburg,de Bundesliga,29,1993,33,2408,73,78.7,26.8,30,79,3,3,18,0,1.79,45,26,+19,+0.71,+2.37,Matches
1336,Lennart Grill,de GER,GK,Union Berlin,de Bundesliga,23,1999,5,450,90,14.7,5.0,5,90,5,0,,29,1.40,7,11,-4,-0.80,-1.39,Matches
1337,Christian Groß,de GER,MF,Werder Bremen,de Bundesliga,33,1989,26,1886,73,61.6,21.0,23,78,4,3,32,2,1.31,32,41,-9,-0.43,-0.12,Matches
1338,Pascal Groß,de GER,"MF,DF",Brighton,eng Premier League,31,1991,37,3239,88,94.7,36.0,37,88,30,0,,0,1.59,70,51,+19,+0.53,+0.53,Matches
1339,Brajan Gruda,de GER,MF,Mainz 05,de Bundesliga,18,2004,2,4,2,0.1,0.0,0,,0,2,2,4,0.00,0,1,-1,-22.50,-22.50,Matches
1340,Ilia Gruev,bg BUL,MF,Werder Bremen,de Bundesliga,22,2000,31,1584,51,51.8,17.6,18,76,4,13,16,2,1.13,25,37,-12,-0.68,-0.62,Matches
1341,Carlos Gruezo,ec ECU,MF,Augsburg,de Bundesliga,27,1995,13,961,74,31.4,10.7,12,79,7,1,11,1,1.08,15,16,-1,-0.09,+0.76,Matches
1342,Vicente Guaita,es ESP,GK,Crystal Palace,eng Premier League,35,1987,27,2430,90,71.1,27.0,27,90,27,0,,5,1.11,23,34,-11,-0.41,-0.59,Matches
1343,Andrés Guardado,mx MEX,MF,Real Betis,es La Liga,35,1986,26,1373,53,40.1,15.3,16,75,6,10,18,9,1.65,22,23,-1,-0.07,-0.33,Matches
1344,Sergi Guardiola,es ESP,FW,Valladolid,es La Liga,31,1991,14,502,36,14.7,5.6,8,54,0,6,12,2,0.79,1,6,-5,-0.90,-0.13,Matches
1345,Sergi Guardiola,es ESP,FW,Cádiz,es La Liga,31,1991,17,1165,69,34.1,12.9,14,77,2,3,31,1,1.35,14,10,+4,+0.31,+1.39,Matches
1346,Gabriele Guarino,it ITA,DF,Empoli,it Serie A,18,2004,0,,,,,0,,0,0,,14,,,,,,,Matches
1347,Nemanja Gudelj,rs SRB,"DF,MF",Sevilla,es La Liga,30,1991,34,2779,82,81.3,30.9,31,87,28,3,30,2,1.29,36,46,-10,-0.32,-0.75,Matches
1348,Gabriel Gudmundsson,se SWE,"DF,MF",Lille,fr Ligue 1,23,1999,18,838,47,24.5,9.3,9,72,5,9,21,6,1.72,18,16,+2,+0.21,-0.45,Matches
1349,Gonçalo Guedes,pt POR,"FW,MF",Wolves,eng Premier League,25,1996,13,707,54,20.7,7.9,8,71,1,5,27,4,0.77,4,12,-8,-1.02,-0.39,Matches
1350,Gui Guedes,pt POR,MF,Almería,es La Liga,20,2002,0,,,,,0,,0,0,,8,,,,,,,Matches
1351,Axel Gueguin,fr FRA,FW,Montpellier,fr Ligue 1,17,2005,5,24,5,0.7,0.3,0,,0,5,5,9,1.40,1,0,+1,+3.75,+3.70,Matches
1352,Marc Guéhi,eng ENG,DF,Crystal Palace,eng Premier League,22,2000,37,3329,90,97.3,37.0,37,90,36,0,,0,1.22,40,46,-6,-0.16,+2.80,Matches
1353,Mattéo Guendouzi,fr FRA,MF,Marseille,fr Ligue 1,23,1999,33,2108,64,61.6,23.4,25,77,12,8,23,3,1.94,35,24,+11,+0.47,-0.63,Matches
1354,Javier Guerra,es ESP,MF,Valencia,es La Liga,19,2003,10,605,61,17.7,6.7,6,88,5,4,20,7,1.50,7,6,+1,+0.15,+0.28,Matches
1355,Raphaël Guerreiro,pt POR,"DF,MF",Dortmund,de Bundesliga,28,1993,27,2290,85,74.8,25.4,26,87,19,1,32,4,1.85,58,41,+17,+0.67,-1.90,Matches
1356,Axel Guessand,fr FRA,DF,Udinese,it Serie A,17,2004,1,79,79,2.3,0.9,1,79,0,0,,15,0.00,0,1,-1,-1.14,-1.14,Matches
1357,Evann Guessand,ci CIV,"MF,FW",Nantes,fr Ligue 1,21,2001,30,1260,42,36.8,14.0,15,69,2,15,15,2,1.03,12,21,-9,-0.64,-0.27,Matches
1358,Ander Guevara,es ESP,MF,Real Sociedad,es La Liga,25,1997,8,221,28,6.5,2.5,2,55,0,6,19,23,2.75,5,1,+4,+1.63,+1.29,Matches
1359,Pape Gueye,sn SEN,MF,Marseille,fr Ligue 1,23,1999,14,492,35,14.4,5.5,4,75,2,10,19,3,2.07,12,5,+7,+1.28,+0.67,Matches
1360,Pape Gueye,sn SEN,MF,Sevilla,es La Liga,23,1999,16,1171,73,34.2,13.0,15,76,8,1,36,0,1.38,16,21,-5,-0.38,-0.30,Matches
1361,Josuha Guilavogui,fr FRA,"DF,MF",Wolfsburg,de Bundesliga,31,1990,23,1180,51,38.6,13.1,11,82,9,12,23,9,1.26,15,19,-4,-0.31,-0.93,Matches
1362,Frederic Guilbert,fr FRA,"MF,DF",Strasbourg,fr Ligue 1,27,1994,18,1461,81,42.7,16.2,17,83,13,1,45,0,1.22,23,25,-2,-0.12,+0.15,Matches
1363,Hugo Guillamón,es ESP,MF,Valencia,es La Liga,22,2000,25,1632,65,47.7,18.1,19,80,11,6,20,11,1.04,20,23,-3,-0.17,-0.17,Matches
1364,Bruno Guimarães,br BRA,MF,Newcastle United,eng Premier League,24,1997,32,2726,85,79.7,30.3,32,85,23,0,,0,2.09,61,25,+36,+1.19,+1.32,Matches
1365,Serhou Guirassy,gn GUI,FW,Stuttgart,de Bundesliga,26,1996,22,1646,75,53.8,18.3,20,81,11,2,18,1,1.05,24,33,-9,-0.49,-0.30,Matches
1366,Serhou Guirassy,gn GUI,FW,Rennes,fr Ligue 1,26,1996,1,23,23,0.7,0.3,0,,0,1,23,0,0.00,0,0,0,0.00,-0.79,Matches
1367,Rafik Guitane,fr FRA,"FW,MF",Reims,fr Ligue 1,23,1999,1,3,3,0.1,0.0,0,,0,1,3,7,3.00,0,0,0,0.00,0.00,Matches
1368,Marc Guiu,es ESP,FW,Barcelona,es La Liga,16,2006,0,,,,,0,,0,0,,1,,,,,,,Matches
1369,Péter Gulácsi,hu HUN,GK,RB Leipzig,de Bundesliga,32,1990,6,540,90,17.6,6.0,6,90,6,0,,0,1.33,10,10,0,0.00,-0.82,Matches
1370,Manuel Gulde,de GER,DF,Freiburg,de Bundesliga,31,1991,15,643,43,21.0,7.1,8,73,5,7,8,8,1.40,6,15,-9,-1.26,-1.86,Matches
1371,Gerard Gumbau,es ESP,MF,Elche,es La Liga,27,1994,35,2737,78,80.0,30.4,31,84,20,4,36,0,0.69,24,54,-30,-0.99,-0.06,Matches
1372,Robert Gumny,pl POL,DF,Augsburg,de Bundesliga,24,1998,29,2015,69,65.8,22.4,23,82,17,6,22,1,1.14,30,42,-12,-0.54,+0.24,Matches
1373,İlkay Gündoğan,de GER,MF,Manchester City,eng Premier League,31,1990,31,2353,76,68.8,26.1,27,85,17,4,15,7,2.39,70,20,+50,+1.91,+0.98,Matches
1374,Christian Günter,de GER,"DF,MF",Freiburg,de Bundesliga,29,1993,33,2748,83,89.8,30.5,31,87,28,2,23,0,1.76,46,41,+5,+0.16,-0.41,Matches
1375,Koray Günter,de GER,DF,Hellas Verona,it Serie A,27,1994,13,1003,77,29.3,11.1,11,86,10,2,29,5,0.31,9,22,-13,-1.17,-0.61,Matches
1376,Koray Günter,de GER,DF,Sampdoria,it Serie A,27,1994,10,776,78,22.7,8.6,8,84,7,2,51,1,0.60,8,20,-12,-1.39,-0.20,Matches
1377,Gorka Guruzeta,es ESP,FW,Athletic Club,es La Liga,25,1996,30,1421,47,41.5,15.8,17,68,2,13,20,8,1.23,16,16,0,0.00,-0.18,Matches
1378,Malo Gusto,fr FRA,"DF,MF",Lyon,fr Ligue 1,19,2003,21,1595,76,46.6,17.7,19,83,12,2,10,3,1.48,28,26,+2,+0.11,-0.68,Matches
1379,Raúl Guti,es ESP,MF,Elche,es La Liga,25,1996,28,1117,40,32.7,12.4,12,67,3,16,20,9,0.68,11,27,-16,-1.29,-0.47,Matches
1380,Miguel Gutiérrez,es ESP,"DF,MF",Girona,es La Liga,21,2001,34,2390,70,69.9,26.6,27,81,12,7,29,2,1.24,35,36,-1,-0.04,-0.39,Matches
1381,Joško Gvardiol,hr CRO,DF,RB Leipzig,de Bundesliga,20,2002,30,2170,72,70.9,24.1,24,83,19,6,30,2,1.87,45,32,+13,+0.54,-0.47,Matches
1382,Darko Gyabi,eng ENG,MF,Leeds United,eng Premier League,18,2004,1,8,8,0.2,0.1,0,,0,1,8,12,0.00,0,0,0,0.00,+0.79,Matches
1383,Emmanuel Gyasi,gh GHA,"FW,MF",Spezia,it Serie A,28,1994,35,2810,80,82.2,31.2,35,80,11,0,,0,0.86,26,45,-19,-0.61,+1.16,Matches
1384,Norbert Gyömbér,sk SVK,DF,Salernitana,it Serie A,30,1992,27,1740,64,50.9,19.3,23,73,9,4,17,3,1.19,25,19,+6,+0.31,+1.38,Matches
1385,Christian Gytkjær,dk DEN,FW,Monza,it Serie A,32,1990,22,559,25,16.3,6.2,3,69,1,19,18,16,1.00,9,7,+2,+0.32,+0.51,Matches
1386,Erling Haaland,no NOR,"FW,MF",Manchester City,eng Premier League,22,2000,35,2769,79,81.0,30.8,33,83,21,2,22,1,2.37,84,26,+58,+1.89,+1.47,Matches
1387,Nicolas Haas,ch SUI,MF,Empoli,it Serie A,26,1996,24,1156,48,33.8,12.8,12,72,2,12,24,11,1.25,9,17,-8,-0.62,-0.46,Matches
1388,Janik Haberer,de GER,MF,Union Berlin,de Bundesliga,28,1994,32,2187,68,71.5,24.3,30,72,0,2,14,0,1.81,35,26,+9,+0.37,-0.04,Matches
1389,Alexander Hack,de GER,DF,Mainz 05,de Bundesliga,28,1993,19,1132,60,37.0,12.6,14,77,10,5,11,11,1.63,17,19,-2,-0.16,-0.21,Matches
1390,Munir El Haddadi,ma MAR,"MF,FW",Getafe,es La Liga,26,1995,28,1150,41,33.6,12.8,10,69,0,18,25,3,1.14,15,14,+1,+0.08,+0.55,Matches
1391,Munir El Haddadi,ma MAR,"FW,MF",Sevilla,es La Liga,26,1995,0,,,,,0,,0,0,,2,,,,,,,Matches
1392,Jaouen Hadjam,dz ALG,"DF,MF",Nantes,fr Ligue 1,19,2003,13,805,62,23.5,8.9,8,82,3,5,29,4,0.92,8,11,-3,-0.34,+0.18,Matches
1393,Dennis Hadzikadunic,ba BIH,DF,Mallorca,es La Liga,24,1998,8,614,77,18.0,6.8,7,84,5,1,24,8,1.38,9,12,-3,-0.44,-0.34,Matches
1394,Eduardo Dos Santos Haesler,de GER,GK,Werder Bremen,de Bundesliga,23,1999,0,,,,,0,,0,0,,1,,,,,,,Matches
1395,André Hahn,de GER,"MF,FW",Augsburg,de Bundesliga,31,1990,7,391,56,12.8,4.3,4,82,3,3,21,0,1.71,6,6,0,0.00,+0.71,Matches
1396,Amadou Haidara,ml MLI,MF,RB Leipzig,de Bundesliga,24,1998,31,1430,46,46.7,15.9,15,73,3,16,21,2,1.90,31,18,+13,+0.82,+0.27,Matches
1397,Massadio Haïdara,ml MLI,"DF,MF",Lens,fr Ligue 1,29,1992,36,1671,46,48.9,18.6,17,80,12,19,16,0,2.22,24,9,+15,+0.81,-0.43,Matches
1398,Achraf Hakimi,ma MAR,"MF,DF",Paris Saint-Germain,fr Ligue 1,23,1998,28,2053,73,60.0,22.8,23,86,19,5,17,1,2.14,57,19,+38,+1.67,+0.94,Matches
1399,Redouane Halhal,ma MAR,DF,Montpellier,fr Ligue 1,19,2003,0,,,,,0,,0,0,,2,,,,,,,Matches
1400,Lewis Hall,eng ENG,"MF,DF",Chelsea,eng Premier League,17,2004,9,654,73,19.1,7.3,8,79,3,1,23,5,0.67,6,11,-5,-0.69,-0.56,Matches
1401,Sébastien Haller,ci CIV,FW,Dortmund,de Bundesliga,28,1994,19,1225,64,40.0,13.6,15,72,2,4,36,0,2.42,45,14,+31,+2.28,+1.89,Matches
1402,Marcel Halstenberg,de GER,"DF,MF",RB Leipzig,de Bundesliga,30,1991,31,1557,50,50.9,17.3,17,76,4,14,19,1,2.00,33,21,+12,+0.69,+0.03,Matches
1403,Mathis Hamdi,fr FRA,DF,Troyes,fr Ligue 1,18,2003,2,69,35,2.0,0.8,0,,0,2,35,3,0.00,0,4,-4,-5.22,-4.36,Matches
1404,Ben Hamed Touré,ci CIV,FW,Ajaccio,fr Ligue 1,18,2003,4,209,52,6.1,2.3,2,74,0,2,31,1,1.00,0,4,-4,-1.72,-0.41,Matches
1405,Oliver Hammond,wls WAL,MF,Nottingham Forest,eng Premier League,19,2002,0,,,,,0,,0,0,,3,,,,,,,Matches
1406,Romain Hamouma,fr FRA,FW,Ajaccio,fr Ligue 1,35,1987,19,1079,57,31.5,12.0,14,69,1,5,24,1,0.63,12,25,-13,-1.08,+0.38,Matches
1407,Saïd Hamulic,ba BIH,FW,Toulouse,fr Ligue 1,21,2000,6,104,17,3.0,1.2,0,,0,6,17,4,0.33,1,3,-2,-1.73,-1.62,Matches
1408,Andreas Hanche-Olsen,no NOR,DF,Mainz 05,de Bundesliga,25,1997,17,1497,88,48.9,16.6,17,88,16,0,,1,1.53,31,26,+5,+0.30,+0.65,Matches
1409,Samir Handanović,si SVN,GK,Inter,it Serie A,38,1984,14,1234,88,36.1,13.7,14,88,13,0,,21,1.93,32,18,+14,+1.02,+0.40,Matches
1410,Genki Haraguchi,jp JPN,MF,Stuttgart,de Bundesliga,31,1991,11,748,68,24.4,8.3,9,80,3,2,13,5,0.91,9,16,-7,-0.84,-0.65,Matches
1411,Genki Haraguchi,jp JPN,MF,Union Berlin,de Bundesliga,31,1991,11,498,45,16.3,5.5,6,70,0,5,16,5,2.18,8,7,+1,+0.18,-0.24,Matches
1412,Amine Harit,ma MAR,"MF,FW",Marseille,fr Ligue 1,25,1997,10,515,52,15.1,5.7,6,72,1,4,20,0,1.70,6,5,+1,+0.17,-0.63,Matches
1413,Luke Harris,wls WAL,MF,Fulham,eng Premier League,17,2005,3,13,4,0.4,0.1,0,,0,3,4,20,2.00,0,1,-1,-6.92,-7.00,Matches
1414,Jack Harrison,eng ENG,MF,Leeds United,eng Premier League,25,1996,36,2708,75,79.2,30.1,34,78,11,2,27,1,0.86,35,55,-20,-0.66,+0.60,Matches
1415,Abdou Harroui,nl NED,MF,Sassuolo,it Serie A,24,1998,23,647,28,18.9,7.2,5,66,1,18,18,14,1.35,5,9,-4,-0.56,-0.23,Matches
1416,Makoto Hasebe,jp JPN,DF,Eintracht Frankfurt,de Bundesliga,38,1984,18,1306,73,42.7,14.5,15,85,10,3,13,9,1.22,17,23,-6,-0.41,-1.03,Matches
1417,Haissem Hassan,eg EGY,MF,Villarreal,es La Liga,20,2002,2,52,26,1.5,0.6,0,,0,2,26,13,1.50,1,0,+1,+1.73,+1.25,Matches
1418,Hans Hateboer,nl NED,"MF,DF",Atalanta,it Serie A,28,1994,17,1397,82,40.8,15.5,17,82,11,0,,4,1.82,22,16,+6,+0.39,-0.15,Matches
1419,Kjetil Haug,no NOR,GK,Toulouse,fr Ligue 1,24,1998,0,,,,,0,,0,0,,38,,,,,,,Matches
1420,Kai Havertz,de GER,"FW,MF",Chelsea,eng Premier League,23,1999,35,2569,73,75.1,28.5,30,81,15,5,25,1,1.23,29,31,-2,-0.07,+0.67,Matches
1421,Eden Hazard,be BEL,FW,Real Madrid,es La Liga,31,1991,6,196,33,5.7,2.2,2,59,0,4,20,27,3.00,5,1,+4,+1.84,+0.86,Matches
1422,Thorgan Hazard,be BEL,"MF,DF",Dortmund,de Bundesliga,29,1993,14,464,33,15.2,5.2,2,77,1,12,26,1,1.79,6,7,-1,-0.19,-1.58,Matches
1423,Rhys Healey,wls WAL,FW,Toulouse,fr Ligue 1,27,1994,4,64,16,1.9,0.7,0,,0,4,16,0,2.00,2,1,+1,+1.41,+1.59,Matches
1424,Tom Heaton,eng ENG,GK,Manchester Utd,eng Premier League,36,1986,0,,,,,0,,0,0,,23,,,,,,,Matches
1425,Jan Paul van Hecke,nl NED,DF,Brighton,eng Premier League,22,2000,8,295,37,8.6,3.3,3,86,2,5,8,24,1.50,3,7,-4,-1.22,-1.88,Matches
1426,Jonas Hector,de GER,DF,Köln,de Bundesliga,32,1990,32,2824,88,92.3,31.4,32,88,30,0,,0,1.28,48,50,-2,-0.06,+1.08,Matches
1427,Hwang Hee-chan,kr KOR,"FW,MF",Wolves,eng Premier League,26,1996,27,1130,42,33.0,12.6,12,66,1,15,23,2,1.15,12,18,-6,-0.48,+0.35,Matches
1428,Justin Heekeren,de GER,GK,Schalke 04,de Bundesliga,21,2000,0,,,,,0,,0,0,,2,,,,,,,Matches
1429,Krisztián Hegyi,hu HUN,GK,West Ham United,eng Premier League,19,2002,0,,,,,0,,0,0,,3,,,,,,,Matches
1430,Gauthier Hein,fr FRA,MF,Auxerre,fr Ligue 1,25,1996,35,1874,54,54.8,20.8,23,72,1,12,19,0,0.97,18,35,-17,-0.82,-0.18,Matches
1431,Dominique Heintz,de GER,DF,Bochum,de Bundesliga,28,1993,11,795,72,26.0,8.8,8,80,3,3,51,10,1.36,10,19,-9,-1.02,-0.10,Matches
1432,Dean Henderson,eng ENG,GK,Nottingham Forest,eng Premier League,25,1997,18,1620,90,47.4,18.0,18,90,18,0,,0,1.11,15,31,-16,-0.89,-0.19,Matches
1433,Jordan Henderson,eng ENG,MF,Liverpool,eng Premier League,32,1990,35,2074,59,60.6,23.0,23,78,10,12,23,0,1.80,48,30,+18,+0.78,+0.11,Matches
1434,Liam Henderson,sct SCO,MF,Empoli,it Serie A,26,1996,25,1007,40,29.4,11.2,11,65,0,14,21,12,1.16,10,19,-9,-0.80,-0.69,Matches
1435,Jack Hendry,sct SCO,DF,Cremonese,it Serie A,27,1995,4,220,55,6.4,2.4,2,90,2,2,20,6,0.50,2,5,-3,-1.23,-0.38,Matches
1436,Wayne Hennessey,wls WAL,GK,Nottingham Forest,eng Premier League,35,1987,4,271,68,7.9,3.0,3,90,3,1,1,33,1.25,2,5,-3,-1.00,-0.22,Matches
1437,Benjamin Henrichs,de GER,"DF,MF",RB Leipzig,de Bundesliga,25,1997,30,2188,73,71.5,24.3,23,85,17,7,32,3,1.87,39,35,+4,+0.16,-1.80,Matches
1438,Henrique,br BRA,"DF,MF",Lyon,fr Ligue 1,28,1994,7,356,51,10.4,4.0,3,90,3,4,22,25,2.57,10,5,+5,+1.26,+0.88,Matches
1439,Luiz Henrique,br BRA,MF,Real Betis,es La Liga,21,2001,33,1807,55,52.8,20.1,21,68,3,12,31,2,1.42,13,25,-12,-0.60,-1.55,Matches
1440,Matheus Henrique,br BRA,MF,Sassuolo,it Serie A,24,1997,30,1947,65,56.9,21.6,21,80,9,9,30,8,1.17,27,38,-11,-0.51,-0.33,Matches
1441,Rico Henry,jm JAM,"DF,MF",Brentford,eng Premier League,25,1997,37,3238,88,94.7,36.0,37,88,29,0,,0,1.51,53,46,+7,+0.19,-2.28,Matches
1442,Thomas Henry,fr FRA,FW,Hellas Verona,it Serie A,27,1994,16,1030,64,30.1,11.4,13,75,3,3,18,3,0.50,10,17,-7,-0.61,+0.18,Matches
1443,Christophe Hérelle,mq MTQ,DF,Brest,fr Ligue 1,29,1992,16,1060,66,31.0,11.8,12,84,9,4,13,17,0.94,10,14,-4,-0.34,-0.11,Matches
1444,Mario Hermoso,es ESP,DF,Atlético Madrid,es La Liga,27,1995,26,2110,81,61.7,23.4,24,87,21,2,15,10,2.19,52,19,+33,+1.41,+1.13,Matches
1445,Aridane Hernández,es ESP,DF,Osasuna,es La Liga,33,1989,23,1793,78,52.4,19.9,20,88,19,3,13,12,1.17,17,25,-8,-0.40,-0.57,Matches
1446,Javi Hernández,es ESP,DF,Girona,es La Liga,24,1998,25,1116,45,32.6,12.4,13,73,3,12,14,9,1.60,24,19,+5,+0.40,+0.48,Matches
1447,Lucas Hernández,fr FRA,DF,Bayern Munich,de Bundesliga,26,1996,7,476,68,15.6,5.3,6,75,2,1,27,2,2.71,19,3,+16,+3.03,+1.70,Matches
1448,Luis Hernández,es ESP,DF,Cádiz,es La Liga,33,1989,35,3149,90,92.1,35.0,35,90,34,0,,1,1.17,28,46,-18,-0.51,+1.15,Matches
1449,Mario Hernández,es ESP,DF,Rayo Vallecano,es La Liga,23,1999,3,103,34,3.0,1.1,1,64,0,2,20,34,1.67,2,3,-1,-0.87,-0.68,Matches
1450,Theo Hernández,fr FRA,"DF,MF",Milan,it Serie A,24,1997,32,2771,87,81.0,30.8,32,87,27,0,,2,2.00,56,31,+25,+0.81,+1.37,Matches
1451,Unai Hernandez,es ESP,MF,Barcelona,es La Liga,17,2004,0,,,,,0,,0,0,,1,,,,,,,Matches
1452,Jorge Herrando,es ESP,DF,Osasuna,es La Liga,21,2001,1,25,25,0.7,0.3,1,25,0,0,,8,0.00,0,0,0,0.00,+0.13,Matches
1453,Ander Herrera,es ESP,MF,Athletic Club,es La Liga,32,1989,17,697,41,20.4,7.7,9,59,0,8,21,5,1.47,10,10,0,0.00,-0.13,Matches
1454,Sergio Herrera,es ESP,GK,Osasuna,es La Liga,29,1993,17,1530,90,44.7,17.0,17,90,17,0,,19,1.06,14,23,-9,-0.53,-0.72,Matches
1455,Yangel Herrera,ve VEN,MF,Girona,es La Liga,24,1998,20,963,48,28.2,10.7,12,63,2,8,27,1,1.00,12,19,-7,-0.65,-1.02,Matches
1456,Iago Herrerín,es ESP,GK,Valencia,es La Liga,34,1988,0,,,,,0,,0,0,,26,,,,,,,Matches
1457,Patrick Herrmann,de GER,"FW,MF",Gladbach,de Bundesliga,31,1991,21,164,8,5.4,1.8,0,,0,21,8,11,1.33,5,6,-1,-0.55,-0.49,Matches
1458,Marius Herzig,de GER,GK,Sevilla,es La Liga,22,1999,0,,,,,0,,0,0,,1,,,,,,,Matches
1459,Son Heung-min,kr KOR,"MF,FW",Tottenham Hotspur,eng Premier League,30,1992,36,2888,80,84.4,32.1,33,85,19,3,22,0,1.58,57,55,+2,+0.06,-0.78,Matches
1460,Aaron Hickey,sct SCO,DF,Brentford,eng Premier League,20,2002,26,1916,74,56.0,21.3,23,81,8,3,16,2,1.46,33,30,+3,+0.14,-0.40,Matches
1461,Isak Hien,se SWE,DF,Hellas Verona,it Serie A,23,1999,32,2607,81,76.2,29.0,28,87,26,4,40,0,0.97,24,42,-18,-0.62,+0.49,Matches
1462,Omar El Hilali,ma MAR,DF,Espanyol,es La Liga,18,2003,5,92,18,2.7,1.0,1,53,0,4,10,14,0.80,2,2,0,0.00,+0.46,Matches
1463,James Hill,eng ENG,DF,Bournemouth,eng Premier League,20,2002,0,,,,,0,,0,0,,6,,,,,,,Matches
1464,Piero Hincapié,ec ECU,"DF,MF",Leverkusen,de Bundesliga,20,2002,30,2457,82,80.3,27.3,27,87,16,3,39,0,1.60,46,32,+14,+0.51,+1.41,Matches
1465,Jack Hinshelwood,eng ENG,"DF,MF",Brighton,eng Premier League,17,2005,1,2,2,0.1,0.0,0,,0,1,2,2,0.00,0,0,0,0.00,-0.50,Matches
1466,Morten Hjulmand,dk DEN,MF,Lecce,it Serie A,23,1999,35,2962,85,86.6,32.9,34,86,30,1,27,1,0.94,31,44,-13,-0.40,-0.40,Matches
1467,Adam Hložek,cz CZE,"FW,MF",Leverkusen,de Bundesliga,20,2002,29,1286,44,42.0,14.3,16,66,0,13,18,3,1.31,21,17,+4,+0.28,+0.08,Matches
1468,Joseph Hodge,ie IRL,MF,Wolves,eng Premier League,19,2002,6,175,29,5.1,1.9,1,58,0,5,23,11,1.17,1,5,-4,-2.06,-1.42,Matches
1469,Nicolas Höfler,de GER,MF,Freiburg,de Bundesliga,32,1990,32,2816,88,92.0,31.3,32,88,26,0,,0,1.75,47,39,+8,+0.26,+0.62,Matches
1470,Jonas Hofmann,de GER,MF,Gladbach,de Bundesliga,30,1992,31,2680,86,87.6,29.8,30,89,16,1,22,0,1.39,42,48,-6,-0.20,-0.91,Matches
1471,Philipp Hofmann,de GER,FW,Bochum,de Bundesliga,29,1993,34,2631,77,86.0,29.2,31,82,16,3,29,0,1.03,34,60,-26,-0.89,+0.37,Matches
1472,Rob Holding,eng ENG,DF,Arsenal,eng Premier League,26,1995,14,566,40,16.5,6.3,6,90,6,8,3,24,2.36,17,13,+4,+0.64,-0.66,Matches
1473,Lucas Höler,de GER,"FW,MF",Freiburg,de Bundesliga,28,1994,26,1503,58,49.1,16.7,16,83,4,10,17,0,1.62,22,23,-1,-0.06,-0.52,Matches
1474,Mason Holgate,jm JAM,DF,Everton,eng Premier League,25,1996,8,507,63,14.8,5.6,5,76,2,3,42,20,0.50,4,9,-5,-0.89,-0.33,Matches
1475,Emil Holm,se SWE,MF,Spezia,it Serie A,22,2000,20,1393,70,40.7,15.5,17,79,9,3,15,3,0.90,14,24,-10,-0.65,+0.29,Matches
1476,Noah Holm,no NOR,FW,Reims,fr Ligue 1,21,2001,8,194,24,5.7,2.2,2,74,1,6,8,4,1.63,1,4,-3,-1.39,-1.48,Matches
1477,Gerrit Holtmann,ph PHI,"MF,FW",Bochum,de Bundesliga,27,1995,23,945,41,30.9,10.5,8,71,2,15,25,6,0.91,9,25,-16,-1.52,-0.84,Matches
1478,Martin Hongla,cm CMR,MF,Hellas Verona,it Serie A,24,1998,9,523,58,15.3,5.8,6,76,2,3,23,6,0.56,4,11,-7,-1.20,-0.55,Matches
1479,Martin Hongla,cm CMR,"DF,MF",Valladolid,es La Liga,24,1998,16,1306,82,38.2,14.5,15,84,9,1,44,0,1.00,15,24,-9,-0.62,+0.27,Matches
1480,Franck Honorat,fr FRA,"MF,FW",Brest,fr Ligue 1,25,1996,33,2535,77,74.1,28.2,29,84,16,4,28,0,1.24,33,34,-1,-0.04,+0.88,Matches
1481,Mattis Hoppe,de GER,DF,Stuttgart,de Bundesliga,19,2003,0,,,,,0,,0,0,,1,,,,,,,Matches
1482,Jannes Horn,de GER,DF,Bochum,de Bundesliga,25,1997,2,59,30,1.9,0.7,1,45,0,1,14,8,1.50,0,2,-2,-3.05,-2.15,Matches
1483,Timo Horn,de GER,GK,Köln,de Bundesliga,29,1993,0,,,,,0,,0,0,,32,,,,,,,Matches
1484,Cédric Hountondji,bj BEN,DF,Angers,fr Ligue 1,28,1994,36,3095,86,90.5,34.4,35,87,32,1,35,0,0.50,31,73,-42,-1.22,+0.44,Matches
1485,Ilyes Housni,fr FRA,FW,Paris Saint-Germain,fr Ligue 1,17,2005,1,11,11,0.3,0.1,0,,0,1,11,13,0.00,0,0,0,0.00,-1.29,Matches
1486,Lukáš Hrádecký,fi FIN,GK,Leverkusen,de Bundesliga,32,1989,33,2969,90,97.0,33.0,33,90,32,0,,0,1.52,56,47,+9,+0.27,+1.26,Matches
1487,Petko Hristov,bg BUL,DF,Spezia,it Serie A,23,1999,9,365,41,10.7,4.1,4,68,2,5,19,8,0.56,5,10,-5,-1.23,-0.47,Matches
1488,Ajdin Hrustic,au AUS,MF,Hellas Verona,it Serie A,26,1996,6,226,38,6.6,2.5,3,61,0,3,15,5,0.17,2,5,-3,-1.19,-0.49,Matches
1489,Timo Hübers,de GER,DF,Köln,de Bundesliga,26,1996,29,2559,88,83.6,28.4,28,90,28,1,39,0,1.31,44,45,-1,-0.04,+0.68,Matches
1490,Callum Hudson-Odoi,eng ENG,"MF,FW",Leverkusen,de Bundesliga,21,2000,14,605,43,19.8,6.7,7,68,0,7,18,8,1.50,12,13,-1,-0.15,-0.48,Matches
1491,Callum Hudson-Odoi,eng ENG,"FW,MF",Chelsea,eng Premier League,21,2000,0,,,,,0,,0,0,,3,,,,,,,Matches
1492,Will Hughes,eng ENG,MF,Crystal Palace,eng Premier League,27,1995,27,842,31,24.6,9.4,7,79,1,20,15,6,1.15,7,11,-4,-0.43,-0.25,Matches
1493,Mats Hummels,de GER,DF,Dortmund,de Bundesliga,33,1988,30,2018,67,65.9,22.4,24,81,16,6,13,3,2.17,53,22,+31,+1.38,+0.69,Matches
1494,Bashir Humphreys,eng ENG,DF,Chelsea,eng Premier League,19,2003,0,,,,,0,,0,0,,4,,,,,,,Matches
1495,Adrien Hunou,fr FRA,"MF,FW",Angers,fr Ligue 1,28,1994,34,2234,66,65.3,24.8,28,75,7,6,23,4,0.50,22,53,-31,-1.25,+0.04,Matches
1496,Denis Huseinbasic,ba BIH,"MF,FW",Köln,de Bundesliga,21,2001,24,791,33,25.8,8.8,7,67,2,17,19,5,1.25,17,16,+1,+0.11,+0.35,Matches
1497,Omari Hutchinson,eng ENG,MF,Chelsea,eng Premier League,18,2003,1,23,23,0.7,0.3,0,,0,1,23,4,0.00,0,0,0,0.00,+0.24,Matches
1498,Elseid Hysaj,al ALB,DF,Lazio,it Serie A,28,1994,34,1998,59,58.4,22.2,22,82,14,12,16,3,2.09,38,17,+21,+0.95,+0.38,Matches
1499,Pierre Højbjerg,dk DEN,MF,Tottenham Hotspur,eng Premier League,26,1995,35,3131,89,91.5,34.8,35,89,33,0,,0,1.63,64,57,+7,+0.20,+0.20,Matches
1500,Rasmus Højlund,dk DEN,FW,Atalanta,it Serie A,19,2003,32,1834,57,53.6,20.4,20,74,5,12,29,3,1.69,45,29,+16,+0.79,+0.67,Matches
1501,Iago,br BRA,"DF,MF",Augsburg,de Bundesliga,25,1997,22,1600,73,52.3,17.8,19,80,11,3,28,0,1.09,26,30,-4,-0.23,+0.82,Matches
1502,Pablo Ibáñez,es ESP,MF,Osasuna,es La Liga,23,1998,25,1064,43,31.1,11.8,12,75,3,13,13,13,1.48,12,14,-2,-0.17,-0.05,Matches
1503,Roger Ibanez,br BRA,DF,Roma,it Serie A,23,1998,33,2796,85,81.8,31.1,32,87,30,1,20,3,1.45,36,35,+1,+0.03,-1.55,Matches
1504,Arijon Ibrahimović,de GER,MF,Bayern Munich,de Bundesliga,16,2005,1,14,14,0.5,0.2,0,,0,1,14,4,3.00,0,0,0,0.00,-1.60,Matches
1505,Zlatan Ibrahimović,se SWE,FW,Milan,it Serie A,40,1981,4,146,37,4.3,1.6,1,75,0,3,24,3,1.00,3,4,-1,-0.62,-1.22,Matches
1506,Hubert Idasiak,pl POL,GK,Napoli,it Serie A,20,2002,0,,,,,0,,0,0,,5,,,,,,,Matches
1507,Mounaim El Idrissy,fr FRA,FW,Ajaccio,fr Ligue 1,23,1999,32,2497,78,73.0,27.7,30,80,14,2,47,1,0.69,19,47,-28,-1.01,+1.23,Matches
1508,Antonio Iervolino,it ITA,MF,Salernitana,it Serie A,19,2003,1,5,5,0.1,0.1,0,,0,1,5,30,3.00,1,0,+1,+18.00,+18.40,Matches
1509,Iglesias,es ESP,DF,Getafe,es La Liga,24,1998,32,2146,67,62.7,23.8,21,86,16,11,31,3,1.06,18,32,-14,-0.59,-0.80,Matches
1510,Borja Iglesias,es ESP,FW,Real Betis,es La Liga,29,1993,35,2365,68,69.2,26.3,29,76,6,6,29,0,1.63,36,24,+12,+0.46,+1.05,Matches
1511,Lorenzo Ignacchiti,it ITA,MF,Empoli,it Serie A,18,2004,0,,,,,0,,0,0,,1,,,,,,,Matches
1512,Igor,br BRA,DF,Fiorentina,it Serie A,24,1998,27,2057,76,60.1,22.9,23,84,18,4,31,7,1.33,26,24,+2,+0.09,-0.44,Matches
1513,Kelechi Iheanacho,ng NGA,FW,Leicester City,eng Premier League,25,1996,28,1127,40,33.0,12.5,11,73,1,17,19,7,0.68,17,23,-6,-0.48,-0.05,Matches
1514,Jonathan Ikone,fr FRA,"MF,FW",Fiorentina,it Serie A,24,1998,33,2007,61,58.7,22.3,24,74,10,9,26,5,1.52,30,23,+7,+0.31,+0.12,Matches
1515,Ivan Ilić,rs SRB,MF,Hellas Verona,it Serie A,21,2001,11,851,77,24.9,9.5,10,83,7,1,20,2,1.09,10,14,-4,-0.42,+0.42,Matches
1516,Ivan Ilić,rs SRB,MF,Torino,it Serie A,21,2001,14,1177,84,34.4,13.1,13,88,9,1,37,1,1.57,18,12,+6,+0.46,+0.66,Matches
1517,Rareş Ilie,ro ROU,MF,Nice,fr Ligue 1,19,2003,4,148,37,4.3,1.6,2,60,0,2,14,8,1.25,2,4,-2,-1.22,-1.57,Matches
1518,Samuel Iling-Junior,eng ENG,MF,Juventus,it Serie A,18,2003,12,318,27,9.3,3.5,1,81,0,11,22,15,2.08,7,0,+7,+1.98,+1.52,Matches
1519,Emirhan İlkhan,tr TUR,MF,Torino,it Serie A,18,2004,4,87,22,2.5,1.0,1,63,0,3,8,11,2.25,1,2,-1,-1.03,-1.09,Matches
1520,Emirhan İlkhan,tr TUR,MF,Sampdoria,it Serie A,18,2004,8,113,14,3.3,1.3,0,,0,8,14,8,0.63,2,3,-1,-0.80,+0.46,Matches
1521,Asier Illarramendi,es ESP,MF,Real Sociedad,es La Liga,32,1990,24,1076,45,31.5,12.0,13,69,2,11,16,13,2.04,15,5,+10,+0.84,+0.61,Matches
1522,Ciro Immobile,it ITA,FW,Lazio,it Serie A,32,1990,31,2219,72,64.9,24.7,27,79,17,4,22,2,1.97,42,19,+23,+0.93,+0.41,Matches
1523,Gabriele Indragoli,it ITA,DF,Empoli,it Serie A,18,2004,0,,,,,0,,0,0,,2,,,,,,,Matches
1524,Danny Ings,eng ENG,FW,West Ham United,eng Premier League,30,1992,17,775,46,22.7,8.6,7,79,1,10,22,2,1.24,11,12,-1,-0.12,+0.29,Matches
1525,Danny Ings,eng ENG,FW,Aston Villa,eng Premier League,30,1992,18,824,46,24.1,9.2,8,80,3,10,19,1,1.33,9,13,-4,-0.44,-0.75,Matches
1526,Marcus Ingvartsen,dk DEN,"MF,FW",Mainz 05,de Bundesliga,26,1996,28,1314,47,42.9,14.6,16,67,1,12,20,2,1.32,25,18,+7,+0.48,+0.89,Matches
1527,Bonke Innocent,ng NGA,MF,Lorient,fr Ligue 1,26,1996,25,1182,47,34.6,13.1,14,67,2,11,23,7,1.60,18,19,-1,-0.08,-0.08,Matches
1528,Zidane Iqbal,iq IRQ,MF,Manchester Utd,eng Premier League,19,2003,0,,,,,0,,0,0,,7,,,,,,,Matches
1529,Tim Iroegbunam,eng ENG,MF,Aston Villa,eng Premier League,19,2003,0,,,,,0,,0,0,,2,,,,,,,Matches
1530,Iru,es ESP,GK,Athletic Club,es La Liga,23,1998,0,,,,,0,,0,0,,15,,,,,,,Matches
1531,Alexander Isak,se SWE,FW,Newcastle United,eng Premier League,22,1999,22,1522,69,44.5,16.9,17,83,7,5,23,0,1.68,28,20,+8,+0.47,-0.81,Matches
1532,Alexander Isak,se SWE,FW,Real Sociedad,es La Liga,22,1999,2,152,76,4.4,1.7,2,76,0,0,,0,1.50,2,3,-1,-0.59,-1.06,Matches
1533,Isco,es ESP,"MF,FW",Sevilla,es La Liga,30,1992,12,799,67,23.4,8.9,10,74,4,2,28,0,0.83,9,14,-5,-0.56,-0.49,Matches
1534,Ismaily,br BRA,"DF,MF",Lille,fr Ligue 1,32,1990,23,1779,77,52.0,19.8,21,80,14,2,45,3,1.57,27,23,+4,+0.20,-0.73,Matches
1535,Ardian Ismajli,al ALB,DF,Empoli,it Serie A,25,1996,25,2094,84,61.2,23.3,22,90,22,3,38,2,1.12,24,27,-3,-0.13,+0.48,Matches
1536,Ko Itakura,jp JPN,DF,Gladbach,de Bundesliga,25,1997,24,1981,83,64.7,22.0,22,88,20,2,24,0,1.21,29,30,-1,-0.05,+0.12,Matches
1537,Hiroki Ito,jp JPN,DF,Stuttgart,de Bundesliga,23,1999,30,2561,85,83.7,28.5,29,88,27,1,16,1,0.97,34,43,-9,-0.32,+0.22,Matches
1538,Junya Ito,jp JPN,"MF,FW",Reims,fr Ligue 1,29,1993,35,2916,83,85.3,32.4,34,85,19,1,15,0,1.40,39,36,+3,+0.09,+0.63,Matches
1539,Alejandro Iturbe,es ESP,GK,Atlético Madrid,es La Liga,18,2003,0,,,,,0,,0,0,,8,,,,,,,Matches
1540,Diego Iturralde,es ESP,DF,Sevilla,es La Liga,19,2003,1,45,45,1.3,0.5,1,45,0,0,,2,0.00,0,1,-1,-2.00,-1.84,Matches
1541,Andreas Ivan,ro ROU,MF,Schalke 04,de Bundesliga,27,1995,1,46,46,1.5,0.5,0,,0,1,46,2,0.00,1,2,-1,-1.96,-0.91,Matches
1542,Mihailo Ivanović,rs SRB,FW,Sampdoria,it Serie A,17,2004,1,4,4,0.1,0.0,0,,0,1,4,1,0.00,0,0,0,0.00,+1.24,Matches
1543,Daniel Iversen,dk DEN,GK,Leicester City,eng Premier League,25,1997,12,1080,90,31.6,12.0,12,90,12,0,,26,0.83,14,22,-8,-0.67,-0.32,Matches
1544,Alex Iwobi,ng NGA,MF,Everton,eng Premier League,26,1996,38,3378,89,98.8,37.5,38,89,34,0,,0,0.95,34,56,-22,-0.59,+1.56,Matches
1545,Armando Izzo,it ITA,DF,Monza,it Serie A,30,1992,30,2466,82,72.1,27.4,29,85,19,1,5,0,1.73,39,25,+14,+0.51,+2.21,Matches
1546,Nicolas Jackson,sn SEN,FW,Villarreal,es La Liga,21,2001,26,1598,61,46.7,17.8,16,78,5,10,35,3,1.62,34,18,+16,+0.90,+0.75,Matches
1547,Jérémy Jacquet,fr FRA,DF,Rennes,fr Ligue 1,17,2005,0,,,,,0,,0,0,,1,,,,,,,Matches
1548,Lee Jae-sung,kr KOR,MF,Mainz 05,de Bundesliga,29,1992,34,1894,56,61.9,21.0,24,68,2,10,25,0,1.35,36,33,+3,+0.14,+0.45,Matches
1549,Paul Jaeckel,de GER,DF,Union Berlin,de Bundesliga,24,1998,16,1196,75,39.1,13.3,13,86,10,3,27,11,1.50,19,14,+5,+0.38,-0.01,Matches
1550,Mato Jajalo,ba BIH,MF,Udinese,it Serie A,34,1988,3,63,21,1.8,0.7,0,,0,3,21,12,0.67,2,0,+2,+2.86,+2.94,Matches
1551,Kristijan Jakić,hr CRO,"DF,MF",Eintracht Frankfurt,de Bundesliga,25,1997,24,1460,61,47.7,16.2,17,79,12,7,18,4,1.58,37,21,+16,+0.99,+1.55,Matches
1552,Karl Jakob Hein,ee EST,GK,Arsenal,eng Premier League,20,2002,0,,,,,0,,0,0,,1,,,,,,,Matches
1553,Ismail Jakobs,sn SEN,"MF,DF",Monaco,fr Ligue 1,22,1999,32,1119,35,32.7,12.4,9,81,7,23,17,3,1.63,18,29,-11,-0.88,-1.78,Matches
1554,Marin Jakoliš,hr CRO,"FW,MF",Angers,fr Ligue 1,25,1996,1,28,28,0.8,0.3,0,,0,1,28,1,1.00,0,0,0,0.00,+1.27,Matches
1555,Adam Jakubech,sk SVK,GK,Lille,fr Ligue 1,25,1997,0,,,,,0,,0,0,,19,,,,,,,Matches
1556,Eldin Jakupović,ch SUI,GK,Everton,eng Premier League,37,1984,0,,,,,0,,0,0,,1,,,,,,,Matches
1557,Daniel James,wls WAL,MF,Leeds United,eng Premier League,24,1997,4,198,50,5.8,2.2,2,64,0,2,36,0,1.25,5,2,+3,+1.36,+2.29,Matches
1558,Daniel James,wls WAL,"MF,FW",Fulham,eng Premier League,24,1997,20,621,31,18.2,6.9,5,74,1,15,17,8,0.95,9,16,-7,-1.01,-1.30,Matches
1559,Reece James,eng ENG,"DF,MF",Chelsea,eng Premier League,22,1999,16,1244,78,36.4,13.8,14,85,12,2,27,0,1.44,15,17,-2,-0.14,+0.14,Matches
1560,Vitaly Janelt,de GER,MF,Brentford,eng Premier League,24,1998,35,2208,63,64.6,24.5,24,80,13,11,26,0,1.63,34,28,+6,+0.24,-0.20,Matches
1561,Saidy Janko,gm GAM,DF,Bochum,de Bundesliga,26,1995,20,1134,57,37.1,12.6,12,79,7,8,23,6,1.05,19,30,-11,-0.87,+0.11,Matches
1562,Pontus Jansson,se SWE,DF,Brentford,eng Premier League,31,1991,12,724,60,21.2,8.0,9,79,7,3,5,3,1.33,17,14,+3,+0.37,+0.07,Matches
1563,Tony Jantschke,de GER,DF,Gladbach,de Bundesliga,32,1990,8,99,12,3.2,1.1,1,79,0,7,3,17,2.00,3,4,-1,-0.91,-0.85,Matches
1564,Adnan Januzaj,be BEL,MF,Sevilla,es La Liga,27,1995,2,47,24,1.4,0.5,1,45,0,1,2,12,0.00,0,0,0,0.00,+0.19,Matches
1565,Léo Jardim,br BRA,GK,Lille,fr Ligue 1,27,1995,6,540,90,15.8,6.0,6,90,6,0,,12,1.67,13,13,0,0.00,-0.66,Matches
1566,Paweł Jaroszyński,pl POL,"DF,MF",Salernitana,it Serie A,27,1994,0,,,,,0,,0,0,,1,,,,,,,Matches
1567,Rune Jarstein,no NOR,GK,Hertha BSC,de Bundesliga,37,1984,0,,,,,0,,0,0,,1,,,,,,,Matches
1568,Luis Javier Suárez,co COL,FW,Marseille,fr Ligue 1,24,1997,7,293,42,8.6,3.3,2,82,0,5,26,8,2.29,8,2,+6,+1.84,+1.24,Matches
1569,Luis Javier Suárez,co COL,FW,Almería,es La Liga,24,1997,21,1490,71,43.6,16.6,18,79,8,3,22,0,1.05,22,28,-6,-0.36,+0.10,Matches
1570,Dany Jean,ht HAI,MF,Strasbourg,fr Ligue 1,19,2002,2,13,7,0.4,0.1,0,,0,2,7,12,0.00,0,0,0,0.00,+0.21,Matches
1571,Julian Jeanvier,gn GUI,DF,Auxerre,fr Ligue 1,30,1992,22,1760,80,51.5,19.6,20,84,16,2,42,7,0.95,18,35,-17,-0.87,-0.27,Matches
1572,Salim El Jebari,ma MAR,MF,Atlético Madrid,es La Liga,18,2004,0,,,,,0,,0,0,,1,,,,,,,Matches
1573,Jeffinho,br BRA,"MF,FW",Lyon,fr Ligue 1,22,1999,9,446,50,13.0,5.0,4,80,2,5,25,4,1.78,12,7,+5,+1.01,+0.62,Matches
1574,Fredrik Jensen,fi FIN,"FW,MF",Augsburg,de Bundesliga,24,1997,20,924,46,30.2,10.3,8,78,1,12,25,3,1.20,13,17,-4,-0.39,+0.33,Matches
1575,Mathias Jensen,dk DEN,MF,Brentford,eng Premier League,26,1996,37,2803,76,82.0,31.1,37,76,10,0,,0,1.51,45,40,+5,+0.16,-0.86,Matches
1576,Moritz Jenz,de GER,DF,Schalke 04,de Bundesliga,23,1999,11,945,86,30.9,10.5,11,86,10,0,,0,1.45,14,10,+4,+0.38,+2.08,Matches
1577,Jesé,es ESP,FW,Sampdoria,it Serie A,29,1993,11,210,19,6.1,2.3,1,60,0,10,15,5,0.55,2,8,-6,-2.57,-1.42,Matches
1578,Gabriel Jesus,br BRA,FW,Arsenal,eng Premier League,25,1997,26,2064,79,60.4,22.9,24,84,11,2,20,0,2.23,53,23,+30,+1.31,+0.31,Matches
1579,Juan Jesus,br BRA,DF,Napoli,it Serie A,31,1991,15,933,62,27.3,10.4,10,87,9,5,13,22,2.20,20,8,+12,+1.16,-0.18,Matches
1580,Raúl Jiménez,mx MEX,FW,Wolves,eng Premier League,31,1991,15,846,56,24.7,9.4,8,82,5,7,27,5,0.80,7,18,-11,-1.17,-0.61,Matches
1581,Pere Joan,es ESP,GK,Mallorca,es La Liga,20,2002,0,,,,,0,,0,0,,6,,,,,,,Matches
1582,Joaquín,es ESP,MF,Real Betis,es La Liga,41,1981,22,496,23,14.5,5.5,2,63,0,20,19,11,1.18,10,4,+6,+1.09,+1.12,Matches
1583,John Joe,ie IRL,MF,Getafe,es La Liga,18,2003,0,,,,,0,,0,0,,6,,,,,,,Matches
1584,Christian Joel,cu CUB,GK,Celta Vigo,es La Liga,23,1999,0,,,,,0,,0,0,,13,,,,,,,Matches
1585,Joelinton,br BRA,"MF,FW",Newcastle United,eng Premier League,25,1996,32,2661,83,77.8,29.6,30,87,25,2,24,1,1.78,50,26,+24,+0.81,-0.49,Matches
1586,Þórir Jóhann Helgason,is ISL,MF,Lecce,it Serie A,21,2000,12,222,19,6.5,2.5,2,45,0,10,13,24,0.58,1,4,-3,-1.22,-0.93,Matches
1587,Marko Johansson,se SWE,GK,Bochum,de Bundesliga,23,1998,0,,,,,0,,0,0,,8,,,,,,,Matches
1588,Ben Johnson,eng ENG,"DF,MF",West Ham United,eng Premier League,22,2000,17,866,51,25.3,9.6,9,82,8,8,16,10,1.24,8,13,-5,-0.52,-0.24,Matches
1589,Brennan Johnson,wls WAL,"FW,MF",Nottingham Forest,eng Premier League,21,2001,38,2934,77,85.8,32.6,33,86,21,5,20,0,1.00,30,54,-24,-0.74,+0.37,Matches
1590,Sam Johnstone,eng ENG,GK,Crystal Palace,eng Premier League,29,1993,9,810,90,23.7,9.0,9,90,9,0,,21,1.67,16,10,+6,+0.67,+1.18,Matches
1591,Paul Joly,fr FRA,DF,Auxerre,fr Ligue 1,22,2000,10,867,87,25.4,9.6,10,87,9,0,,6,0.90,9,20,-11,-1.14,-0.54,Matches
1592,Curtis Jones,eng ENG,MF,Liverpool,eng Premier League,21,2001,18,1035,58,30.3,11.5,12,78,2,6,18,5,1.94,23,15,+8,+0.70,-0.06,Matches
1593,Frenkie de Jong,nl NED,MF,Barcelona,es La Liga,25,1997,33,2534,77,74.1,28.2,29,83,20,4,29,1,2.33,56,20,+36,+1.28,-0.14,Matches
1594,Joan Jordán,es ESP,MF,Sevilla,es La Liga,28,1994,23,1592,69,46.5,17.7,19,78,11,4,28,4,1.26,18,28,-10,-0.57,-0.71,Matches
1595,Jorginho,it ITA,MF,Arsenal,eng Premier League,30,1991,14,855,61,25.0,9.5,9,81,6,5,25,5,1.79,20,11,+9,+0.95,-0.32,Matches
1596,Jorginho,it ITA,MF,Chelsea,eng Premier League,30,1991,18,1279,71,37.4,14.2,15,81,8,3,23,2,1.61,15,12,+3,+0.21,+0.72,Matches
1597,Josan,es ESP,"DF,MF",Elche,es La Liga,32,1989,26,1078,41,31.5,12.0,9,76,4,17,23,10,0.62,13,17,-4,-0.33,+0.93,Matches
1598,Willian José,br BRA,FW,Real Betis,es La Liga,30,1991,28,731,26,21.4,8.1,6,76,2,22,13,7,1.61,8,11,-3,-0.37,-0.64,Matches
1599,Joselito,es ESP,MF,Hellas Verona,it Serie A,18,2004,0,,,,,0,,0,0,,5,,,,,,,Matches
1600,Joselu,es ESP,FW,Espanyol,es La Liga,32,1990,34,2990,88,87.4,33.2,33,90,33,1,20,1,0.94,43,61,-18,-0.54,-0.75,Matches
1601,Mateo Joseph,es ESP,FW,Leeds United,eng Premier League,18,2003,3,26,9,0.8,0.3,0,,0,3,9,5,0.33,0,0,0,0.00,+0.80,Matches
1602,Diogo Jota,pt POR,"FW,MF",Liverpool,eng Premier League,25,1996,22,1131,51,33.1,12.6,12,76,2,10,22,0,1.95,24,19,+5,+0.40,-0.51,Matches
1603,Stevan Jovetić,me MNE,FW,Hertha BSC,de Bundesliga,32,1989,17,892,52,29.2,9.9,8,81,5,9,27,2,0.76,16,21,-5,-0.50,+0.41,Matches
1604,Luka Jović,rs SRB,FW,Fiorentina,it Serie A,24,1997,31,1534,49,44.9,17.0,16,76,8,15,22,4,1.19,24,23,+1,+0.06,-0.37,Matches
1605,Juanmi,es ESP,MF,Real Betis,es La Liga,29,1993,22,925,42,27.0,10.3,9,75,3,13,19,3,1.68,18,18,0,0.00,-0.18,Matches
1606,Juanpe,es ESP,DF,Girona,es La Liga,31,1991,19,1426,75,41.7,15.8,17,83,13,2,6,11,1.21,29,25,+4,+0.25,+0.30,Matches
1607,Jubal,br BRA,DF,Auxerre,fr Ligue 1,28,1993,37,3217,87,94.1,35.7,35,90,35,2,34,1,0.95,35,58,-23,-0.64,+1.57,Matches
1608,Christopher Jullien,fr FRA,DF,Montpellier,fr Ligue 1,29,1993,30,2695,90,78.8,29.9,30,90,29,0,,3,1.37,51,45,+6,+0.20,+0.57,Matches
1609,Anthony Jung,de GER,MF,Werder Bremen,de Bundesliga,30,1991,34,2617,77,85.5,29.1,32,80,11,2,27,0,1.06,37,59,-22,-0.76,-2.59,Matches
1610,Andreas Jungdal,dk DEN,GK,Milan,it Serie A,20,2002,0,,,,,0,,0,0,,8,,,,,,,Matches
1611,Eli Junior Kroupi,fr FRA,"FW,MF",Lorient,fr Ligue 1,16,2006,1,8,8,0.2,0.1,0,,0,1,8,2,3.00,0,0,0,0.00,+0.03,Matches
1612,Lago Junior,ci CIV,"FW,MF",Mallorca,es La Liga,31,1990,5,52,10,1.5,0.6,0,,0,5,10,9,0.20,0,2,-2,-3.46,-3.35,Matches
1613,Hamed Junior Traorè,ci CIV,MF,Bournemouth,eng Premier League,22,2000,7,427,61,12.5,4.7,5,75,1,2,26,0,1.00,3,8,-5,-1.05,-0.18,Matches
1614,Hamed Junior Traorè,ci CIV,"MF,FW",Sassuolo,it Serie A,22,2000,11,591,54,17.3,6.6,6,70,1,5,34,0,0.73,10,9,+1,+0.15,+0.63,Matches
1615,Vinicius Júnior,br BRA,FW,Real Madrid,es La Liga,22,2000,33,2823,86,82.5,31.4,32,87,21,1,30,0,2.00,58,32,+26,+0.83,-1.13,Matches
1616,Marc Jurado,es ESP,DF,Manchester Utd,eng Premier League,18,2004,0,,,,,0,,0,0,,1,,,,,,,Matches
1617,Josip Juranović,hr CRO,MF,Union Berlin,de Bundesliga,26,1995,12,935,78,30.6,10.4,10,90,10,2,18,6,1.58,12,9,+3,+0.29,-0.13,Matches
1618,James Justin,eng ENG,"DF,MF",Leicester City,eng Premier League,24,1998,14,1252,89,36.6,13.9,14,89,12,0,,0,1.00,23,25,-2,-0.14,+0.48,Matches
1619,Filip Jørgensen,dk DEN,GK,Villarreal,es La Liga,20,2002,2,180,90,5.3,2.0,2,90,2,0,,24,0.50,2,3,-1,-0.50,-1.06,Matches
1620,Mathias Jørgensen,dk DEN,DF,Brentford,eng Premier League,32,1990,18,1103,61,32.3,12.3,11,85,9,7,24,15,1.83,17,15,+2,+0.16,-0.23,Matches
1621,Ozan Kabak,tr TUR,DF,Hoffenheim,de Bundesliga,22,2000,30,2388,80,78.0,26.5,28,83,21,2,31,1,1.07,34,41,-7,-0.26,0.00,Matches
1622,Issa Kaboré,bf BFA,MF,Marseille,fr Ligue 1,21,2001,22,1028,47,30.1,11.4,9,78,5,13,25,13,2.00,20,11,+9,+0.79,+0.11,Matches
1623,Abdoul Kader Bamba,fr FRA,MF,Nantes,fr Ligue 1,28,1994,4,78,20,2.3,0.9,1,60,0,3,6,9,0.60,3,1,+2,+2.31,+2.85,Matches
1624,Yaya Kader Fofana,ml MLI,MF,Lens,fr Ligue 1,18,2004,0,,,,,0,,0,0,,2,,,,,,,Matches
1625,Pavel Kadeřábek,cz CZE,MF,Hoffenheim,de Bundesliga,30,1992,26,1665,64,54.4,18.5,17,82,12,9,30,2,0.96,23,26,-3,-0.16,+0.22,Matches
1626,Tino Kadewere,zw ZIM,"FW,MF",Mallorca,es La Liga,26,1996,15,542,36,15.8,6.0,5,62,0,10,23,11,1.20,8,7,+1,+0.17,+0.38,Matches
1627,Tino Kadewere,zw ZIM,FW,Lyon,fr Ligue 1,26,1996,0,,,,,0,,0,0,,2,,,,,,,Matches
1628,Kaiky,br BRA,DF,Almería,es La Liga,18,2004,13,581,45,17.0,6.5,7,79,3,6,5,13,1.31,6,13,-7,-1.08,-0.80,Matches
1629,Florian Kainz,at AUT,MF,Köln,de Bundesliga,29,1992,32,2344,73,76.6,26.0,31,75,5,1,31,0,1.22,37,38,-1,-0.04,+0.46,Matches
1630,Gaël Kakuta,cd COD,"FW,MF",Lens,fr Ligue 1,31,1991,2,22,11,0.6,0.2,0,,0,2,11,4,2.00,1,0,+1,+4.09,+3.08,Matches
1631,Sasa Kalajdzic,at AUT,FW,Stuttgart,de Bundesliga,25,1997,3,233,78,7.6,2.6,3,78,1,0,,0,0.67,3,3,0,0.00,+0.38,Matches
1632,Sasa Kalajdzic,at AUT,FW,Wolves,eng Premier League,25,1997,1,45,45,1.3,0.5,1,45,0,0,,0,3.00,1,0,+1,+2.00,+2.75,Matches
1633,Arnaud Kalimuendo,fr FRA,FW,Rennes,fr Ligue 1,20,2002,30,1849,62,54.1,20.5,24,73,3,6,18,0,1.83,33,24,+9,+0.44,-0.76,Matches
1634,Arnaud Kalimuendo,fr FRA,FW,Paris Saint-Germain,fr Ligue 1,20,2002,0,,,,,0,,0,0,,1,,,,,,,Matches
1635,Yayah Kallon,sl SLE,MF,Hellas Verona,it Serie A,21,2001,22,860,39,25.1,9.6,8,57,0,14,29,14,0.77,8,14,-6,-0.63,+0.15,Matches
1636,Gedeon Kalulu,cd COD,"DF,MF",Lorient,fr Ligue 1,24,1997,29,2438,84,71.3,27.1,28,86,23,1,25,0,1.55,41,40,+1,+0.04,+0.22,Matches
1637,Pierre Kalulu,fr FRA,DF,Milan,it Serie A,22,2000,34,2548,75,74.5,28.3,26,88,25,8,32,2,1.76,46,41,+5,+0.18,-1.47,Matches
1638,Justin-Noël Kalumba,fr FRA,DF,Angers,fr Ligue 1,17,2004,7,546,78,16.0,6.1,7,78,3,0,,0,0.57,8,14,-6,-0.99,+0.33,Matches
1639,Daichi Kamada,jp JPN,MF,Eintracht Frankfurt,de Bundesliga,25,1996,32,2265,71,74.0,25.2,25,83,13,7,28,1,1.47,49,37,+12,+0.48,+1.16,Matches
1640,Warren Kamanzi,no NOR,"DF,MF",Toulouse,fr Ligue 1,21,2000,11,665,60,19.4,7.4,7,86,6,4,16,10,1.55,8,9,-1,-0.14,+0.03,Matches
1641,Abdoulaye Kamara,gn GUI,MF,Dortmund,de Bundesliga,17,2004,0,,,,,0,,0,0,,1,,,,,,,Matches
1642,Bingourou Kamara,sn SEN,GK,Montpellier,fr Ligue 1,25,1996,5,408,82,11.9,4.5,4,90,4,1,48,24,0.20,5,11,-6,-1.32,-1.59,Matches
1643,Boubacar Kamara,fr FRA,MF,Aston Villa,eng Premier League,22,1999,24,1777,74,52.0,19.7,21,83,14,3,14,0,1.63,28,30,-2,-0.10,-0.48,Matches
1644,Oliver Kamdem,cm CMR,DF,Clermont Foot,fr Ligue 1,19,2002,0,,,,,0,,0,0,,11,,,,,,,Matches
1645,Dimitrije Kamenović,rs SRB,DF,Lazio,it Serie A,22,2000,0,,,,,0,,0,0,,13,,,,,,,Matches
1646,Jakub Kamiński,pl POL,"MF,FW",Wolfsburg,de Bundesliga,20,2002,31,2058,66,67.3,22.9,25,76,5,6,25,2,1.48,47,27,+20,+0.87,+1.86,Matches
1647,Marcin Kamiński,pl POL,DF,Schalke 04,de Bundesliga,30,1992,8,632,79,20.7,7.0,7,90,7,1,2,10,1.50,13,22,-9,-1.28,-0.28,Matches
1648,Kevin Kampl,si SVN,MF,RB Leipzig,de Bundesliga,31,1990,30,1372,46,44.8,15.2,16,69,5,14,20,3,2.03,28,20,+8,+0.52,-0.27,Matches
1649,Nordine Kandil,fr FRA,MF,Strasbourg,fr Ligue 1,20,2001,7,101,14,3.0,1.1,0,,0,7,14,4,0.14,2,1,+1,+0.89,+1.14,Matches
1650,Harry Kane,eng ENG,FW,Tottenham Hotspur,eng Premier League,29,1993,38,3405,90,99.6,37.8,38,90,35,0,,0,1.58,70,62,+8,+0.21,+6.21,Matches
1651,Lee Kang-in,kr KOR,"MF,FW",Mallorca,es La Liga,21,2001,36,2823,78,82.5,31.4,33,83,12,3,29,0,1.31,32,32,0,0.00,+0.90,Matches
1652,Wilfried Kanga,ci CIV,FW,Hertha BSC,de Bundesliga,24,1998,23,1417,62,46.3,15.7,15,80,4,8,28,1,0.65,17,24,-7,-0.44,+0.65,Matches
1653,N'Golo Kanté,fr FRA,MF,Chelsea,eng Premier League,31,1991,7,518,74,15.1,5.8,6,81,3,1,34,1,1.14,5,7,-2,-0.35,-0.13,Matches
1654,Kenan Karaman,tr TUR,"MF,FW",Schalke 04,de Bundesliga,28,1994,21,976,46,31.9,10.8,10,76,4,11,20,5,1.05,12,28,-16,-1.48,-0.61,Matches
1655,Yann Karamoh,fr FRA,MF,Torino,it Serie A,24,1998,21,716,34,20.9,8.0,7,63,0,14,19,9,1.24,9,8,+1,+0.13,+0.13,Matches
1656,Atakan Karazor,tr TUR,MF,Stuttgart,de Bundesliga,25,1996,29,1962,68,64.1,21.8,22,86,16,7,11,3,1.03,29,36,-7,-0.32,+0.09,Matches
1657,Ayman Kari,fr FRA,MF,Lorient,fr Ligue 1,17,2004,5,96,19,2.8,1.1,0,,0,5,19,7,2.00,2,2,0,0.00,+0.03,Matches
1658,Ayman Kari,fr FRA,MF,Paris Saint-Germain,fr Ligue 1,17,2004,0,,,,,0,,0,0,,2,,,,,,,Matches
1659,Soudeysse Kari,fr FRA,MF,Nice,fr Ligue 1,20,2002,0,,,,,0,,0,0,,1,,,,,,,Matches
1660,Loris Karius,de GER,GK,Newcastle United,eng Premier League,29,1993,0,,,,,0,,0,0,,8,,,,,,,Matches
1661,Jon Karrikaburu,es ESP,FW,Real Sociedad,es La Liga,19,2002,6,93,16,2.7,1.0,0,,0,6,16,11,1.00,0,3,-3,-2.90,-3.42,Matches
1662,Rick Karsdorp,nl NED,MF,Roma,it Serie A,27,1995,13,711,55,20.8,7.9,8,73,2,5,26,3,1.54,10,8,+2,+0.25,-0.08,Matches
1663,Denso Kasius,nl NED,MF,Bologna,it Serie A,19,2002,7,342,49,10.0,3.8,4,69,1,3,22,5,1.14,3,7,-4,-1.05,-1.29,Matches
1664,Thomas Kastanaras,gr GRE,MF,Stuttgart,de Bundesliga,19,2003,4,72,18,2.4,0.8,1,45,0,3,9,12,0.25,0,3,-3,-3.75,-3.48,Matches
1665,Grigoris Kastanos,cy CYP,MF,Salernitana,it Serie A,24,1998,28,1286,46,37.6,14.3,13,73,5,15,22,9,1.04,20,24,-4,-0.28,+0.14,Matches
1666,Daniel Katić,hr CRO,DF,Augsburg,de Bundesliga,19,2003,0,,,,,0,,0,0,,2,,,,,,,Matches
1667,Silas Katompa,cd COD,"FW,MF",Stuttgart,de Bundesliga,23,1998,30,1992,66,65.1,22.1,23,78,6,7,27,0,1.10,30,31,-1,-0.05,+0.88,Matches
1668,Eiji Kawashima,jp JPN,GK,Strasbourg,fr Ligue 1,39,1983,0,,,,,0,,0,0,,11,,,,,,,Matches
1669,Michael Kayode,it ITA,DF,Fiorentina,it Serie A,18,2004,0,,,,,0,,0,0,,11,,,,,,,Matches
1670,Moise Kean,it ITA,FW,Juventus,it Serie A,22,2000,28,995,36,29.1,11.1,11,64,0,17,17,2,1.89,11,8,+3,+0.27,-0.47,Matches
1671,Michael Keane,eng ENG,DF,Everton,eng Premier League,29,1993,12,985,82,28.8,10.9,10,90,10,2,43,20,0.83,11,22,-11,-1.01,-0.56,Matches
1672,Neeskens Kebano,cd COD,MF,Fulham,eng Premier League,30,1992,17,764,45,22.3,8.5,9,74,1,8,13,3,1.47,13,10,+3,+0.35,+0.39,Matches
1673,Kévin Keben,cm CMR,"DF,MF",Toulouse,fr Ligue 1,18,2004,11,362,33,10.6,4.0,4,68,2,7,13,8,0.82,1,7,-6,-1.49,-1.49,Matches
1674,Wajdi Kechrida,tn TUN,DF,Salernitana,it Serie A,26,1995,0,,,,,0,,0,0,,2,,,,,,,Matches
1675,Thilo Kehrer,de GER,DF,West Ham United,eng Premier League,25,1996,27,2230,83,65.2,24.8,25,87,23,2,27,8,1.15,26,34,-8,-0.32,+0.06,Matches
1676,Check Keita,fr FRA,DF,Reims,fr Ligue 1,19,2003,9,682,76,19.9,7.6,8,81,2,1,31,13,1.89,9,6,+3,+0.40,+0.49,Matches
1677,Naby Keïta,gn GUI,MF,Liverpool,eng Premier League,27,1995,8,293,37,8.6,3.3,3,57,0,5,24,2,1.38,2,4,-2,-0.61,-1.48,Matches
1678,Yannik Keitel,de GER,MF,Freiburg,de Bundesliga,22,2000,22,682,31,22.3,7.6,8,70,2,14,9,9,1.86,13,9,+4,+0.53,+0.41,Matches
1679,Caoimhín Kelleher,ie IRL,GK,Liverpool,eng Premier League,23,1998,1,90,90,2.6,1.0,1,90,1,0,,28,1.00,4,4,0,0.00,-0.76,Matches
1680,Lloyd Kelly,eng ENG,DF,Bournemouth,eng Premier League,23,1998,23,2040,89,59.6,22.7,23,89,22,0,,0,1.13,19,38,-19,-0.84,+0.14,Matches
1681,Aljoscha Kemlein,de GER,MF,Union Berlin,de Bundesliga,17,2004,0,,,,,0,,0,0,,2,,,,,,,Matches
1682,Marc-Oliver Kempf,de GER,DF,Hertha BSC,de Bundesliga,27,1995,31,2709,87,88.5,30.1,31,87,27,0,,0,0.90,40,62,-22,-0.73,+0.55,Matches
1683,Kenedy,br BRA,FW,Valladolid,es La Liga,26,1996,12,275,23,8.0,3.1,2,43,0,10,19,5,0.50,2,9,-7,-2.29,-1.63,Matches
1684,Jonjoe Kenny,eng ENG,DF,Hertha BSC,de Bundesliga,25,1997,29,2244,77,73.3,24.9,25,87,22,4,18,4,0.90,29,44,-15,-0.60,+0.72,Matches
1685,Dimitrios Keramitsis,gr GRE,DF,Roma,it Serie A,18,2004,0,,,,,0,,0,0,,9,,,,,,,Matches
1686,Franck Kessié,ci CIV,MF,Barcelona,es La Liga,25,1996,28,990,35,28.9,11.0,7,66,1,21,25,7,2.14,15,7,+8,+0.73,-0.83,Matches
1687,Saîf-Eddine Khaoui,tn TUN,MF,Clermont Foot,fr Ligue 1,27,1995,34,2027,60,59.3,22.5,23,79,5,11,20,1,1.56,23,25,-2,-0.09,+0.04,Matches
1688,Wahbi Khazri,tn TUN,"MF,FW",Montpellier,fr Ligue 1,31,1991,27,1635,61,47.8,18.2,20,72,5,7,29,2,1.33,30,28,+2,+0.11,+0.06,Matches
1689,Rani Khedira,tn TUN,MF,Union Berlin,de Bundesliga,28,1994,33,2882,87,94.2,32.0,33,87,28,0,,0,1.88,49,32,+17,+0.53,+2.55,Matches
1690,Anthony Khelifa,dz ALG,DF,Ajaccio,fr Ligue 1,16,2005,2,10,5,0.3,0.1,0,,0,2,5,8,0.00,0,1,-1,-9.00,-7.68,Matches
1691,Joel Kiala,ao ANG,DF,Hertha BSC,de Bundesliga,18,2004,0,,,,,0,,0,0,,1,,,,,,,Matches
1692,Kiké,es ESP,FW,Osasuna,es La Liga,32,1989,35,1021,29,29.9,11.3,7,78,2,28,17,2,1.26,8,18,-10,-0.88,-1.07,Matches
1693,Kikín,es ESP,DF,Cádiz,es La Liga,19,2003,0,,,,,0,,0,0,,2,,,,,,,Matches
1694,Luca Kilian,de GER,DF,Köln,de Bundesliga,22,1999,16,1123,70,36.7,12.5,13,84,11,3,9,6,1.50,21,24,-3,-0.24,-0.15,Matches
1695,Max Kilman,eng ENG,DF,Wolves,eng Premier League,25,1997,37,3307,89,96.7,36.7,37,89,36,0,,1,1.08,30,56,-26,-0.71,+0.09,Matches
1696,Joshua Kimmich,de GER,MF,Bayern Munich,de Bundesliga,27,1995,33,2809,85,91.8,31.2,32,86,27,1,45,0,2.06,85,36,+49,+1.57,-0.22,Matches
1697,Presnel Kimpembe,fr FRA,DF,Paris Saint-Germain,fr Ligue 1,26,1995,11,730,66,21.3,8.1,9,78,7,2,14,0,2.55,30,9,+21,+2.59,+1.65,Matches
1698,Jakub Kiwior,pl POL,DF,Arsenal,eng Premier League,22,2000,7,427,61,12.5,4.7,5,82,3,2,8,11,1.86,10,6,+4,+0.84,-0.39,Matches
1699,Jakub Kiwior,pl POL,"DF,MF",Spezia,it Serie A,22,2000,17,1443,85,42.2,16.0,17,85,13,0,,1,0.88,16,27,-11,-0.69,+0.22,Matches
1700,Simon Kjær,dk DEN,DF,Milan,it Serie A,33,1989,17,1007,59,29.4,11.2,12,74,4,5,24,16,1.82,12,7,+5,+0.45,-0.15,Matches
1701,Kristoffer Klaesson,no NOR,GK,Leeds United,eng Premier League,21,2000,0,,,,,0,,0,0,,11,,,,,,,Matches
1702,Daniel Klein,de GER,GK,Augsburg,de Bundesliga,21,2001,0,,,,,0,,0,0,,19,,,,,,,Matches
1703,Pascal Klemens,de GER,DF,Hertha BSC,de Bundesliga,17,2005,1,90,90,2.9,1.0,1,90,1,0,,4,3.00,2,1,+1,+1.00,+1.85,Matches
1704,Mateusz Klich,pl POL,MF,Leeds United,eng Premier League,32,1990,14,280,20,8.2,3.1,0,,0,14,20,2,0.79,5,4,+1,+0.32,+1.21,Matches
1705,Mateo Klimowicz,de GER,"FW,MF",Stuttgart,de Bundesliga,22,2000,0,,,,,0,,0,0,,1,,,,,,,Matches
1706,Niklas Klinger,de GER,GK,Wolfsburg,de Bundesliga,26,1995,0,,,,,0,,0,0,,1,,,,,,,Matches
1707,Lukas Klostermann,de GER,DF,RB Leipzig,de Bundesliga,26,1996,15,907,60,29.6,10.1,10,86,8,5,9,6,2.00,14,9,+5,+0.50,-0.26,Matches
1708,Justin Kluivert,nl NED,"FW,MF",Valencia,es La Liga,23,1999,26,1447,56,42.3,16.1,15,78,3,11,25,1,1.00,22,21,+1,+0.06,+0.24,Matches
1709,Ansgar Knauff,de GER,MF,Eintracht Frankfurt,de Bundesliga,20,2002,24,1286,54,42.0,14.3,14,72,5,10,28,6,1.38,20,26,-6,-0.42,-1.03,Matches
1710,Ben Knight,eng ENG,MF,Manchester City,eng Premier League,20,2002,0,,,,,0,,0,0,,4,,,,,,,Matches
1711,Robin Knoche,de GER,DF,Union Berlin,de Bundesliga,30,1992,32,2873,90,93.9,31.9,32,90,31,0,,1,1.94,49,32,+17,+0.53,+2.46,Matches
1712,Matthias Köbbing,de GER,GK,Köln,de Bundesliga,25,1997,0,,,,,0,,0,0,,3,,,,,,,Matches
1713,Gregor Kobel,ch SUI,GK,Dortmund,de Bundesliga,24,1997,27,2430,90,79.4,27.0,27,90,27,0,,2,2.22,68,32,+36,+1.33,+0.90,Matches
1714,Robin Koch,de GER,DF,Leeds United,eng Premier League,26,1996,36,3175,88,92.8,35.3,36,88,33,0,,1,0.86,46,74,-28,-0.79,-0.06,Matches
1715,Samuel Koeberlé,fr FRA,MF,Reims,fr Ligue 1,17,2004,1,3,3,0.1,0.0,0,,0,1,3,14,0.00,0,0,0,0.00,0.00,Matches
1716,Leon Köhl,de GER,MF,Leverkusen,de Bundesliga,18,2004,0,,,,,0,,0,0,,1,,,,,,,Matches
1717,Rudy Kohon,fr FRA,DF,Troyes,fr Ligue 1,18,2004,1,64,64,1.9,0.7,0,,0,1,64,4,0.00,0,2,-2,-2.81,-1.90,Matches
1718,Dominik Kohr,de GER,MF,Mainz 05,de Bundesliga,28,1994,30,2292,76,74.9,25.5,27,83,21,3,18,1,1.43,39,38,+1,+0.04,+0.27,Matches
1719,Koba Koindredi,fr FRA,MF,Valencia,es La Liga,20,2001,0,,,,,0,,0,0,,2,,,,,,,Matches
1720,Koke,es ESP,MF,Atlético Madrid,es La Liga,30,1992,33,2545,77,74.4,28.3,30,82,12,3,26,1,2.18,53,24,+29,+1.03,+0.20,Matches
1721,Sead Kolašinac,ba BIH,"DF,MF",Marseille,fr Ligue 1,29,1993,33,2214,67,64.7,24.6,26,80,14,7,19,0,1.94,48,22,+26,+1.06,+0.98,Matches
1722,Luca Koleosho,it ITA,MF,Espanyol,es La Liga,17,2004,4,59,15,1.7,0.7,0,,0,4,15,6,0.50,3,1,+2,+3.05,+3.56,Matches
1723,Randal Kolo Muani,fr FRA,FW,Eintracht Frankfurt,de Bundesliga,23,1998,32,2631,82,86.0,29.2,31,83,14,1,45,0,1.53,51,39,+12,+0.41,+1.67,Matches
1724,Timothée Kolodziejczak,fr FRA,DF,Schalke 04,de Bundesliga,30,1991,1,25,25,0.8,0.3,0,,0,1,25,3,0.00,0,0,0,0.00,+1.07,Matches
1725,Mert Kömür,de GER,MF,Augsburg,de Bundesliga,17,2005,0,,,,,0,,0,0,,1,,,,,,,Matches
1726,Cheick Konaté,ml MLI,DF,Clermont Foot,fr Ligue 1,18,2004,9,572,64,16.7,6.4,6,86,5,3,20,7,1.78,5,10,-5,-0.79,-0.82,Matches
1727,Ibrahima Konaté,fr FRA,DF,Liverpool,eng Premier League,23,1999,18,1552,86,45.4,17.2,17,90,17,1,22,3,1.72,34,22,+12,+0.70,-0.08,Matches
1728,Geoffrey Kondogbia,cf CTA,MF,Atlético Madrid,es La Liga,29,1993,20,1006,50,29.4,11.2,10,82,6,10,19,13,2.10,15,11,+4,+0.36,-0.87,Matches
1729,Ibrahima Koné,ml MLI,FW,Lorient,fr Ligue 1,23,1999,37,1577,43,46.1,17.5,15,76,5,22,20,1,1.46,24,23,+1,+0.06,+0.15,Matches
1730,Manu Koné,fr FRA,MF,Gladbach,de Bundesliga,21,2001,30,2608,87,85.2,29.0,30,87,18,0,,0,1.23,41,49,-8,-0.28,-1.27,Matches
1731,Youssouf Koné,ml MLI,DF,Ajaccio,fr Ligue 1,27,1995,13,916,70,26.8,10.2,12,76,6,1,1,4,0.77,10,15,-5,-0.49,+1.16,Matches
1732,Ezri Konsa,eng ENG,DF,Aston Villa,eng Premier League,24,1997,38,3322,87,97.1,36.9,37,90,36,1,1,0,1.61,49,45,+4,+0.11,-0.81,Matches
1733,Teun Koopmeiners,nl NED,MF,Atalanta,it Serie A,24,1998,33,2858,87,83.6,31.8,32,88,29,1,45,0,1.73,57,36,+21,+0.66,+1.14,Matches
1734,Emil Kornvig,dk DEN,MF,Spezia,it Serie A,22,2000,0,,,,,0,,0,0,,1,,,,,,,Matches
1735,Odilon Kossounou,ci CIV,DF,Leverkusen,de Bundesliga,21,2001,24,1523,63,49.8,16.9,17,83,13,7,15,6,1.75,35,20,+15,+0.89,+1.30,Matches
1736,Filip Kostić,rs SRB,"MF,FW",Juventus,it Serie A,29,1992,37,2564,69,75.0,28.5,33,75,12,4,26,1,1.86,38,32,+6,+0.21,-1.58,Matches
1737,Filip Kostić,rs SRB,MF,Eintracht Frankfurt,de Bundesliga,29,1992,1,74,74,2.4,0.8,1,74,0,0,,0,0.00,1,5,-4,-4.86,-5.17,Matches
1738,Ilias Kostis,gr GRE,DF,Atlético Madrid,es La Liga,19,2003,0,,,,,0,,0,0,,1,,,,,,,Matches
1739,Christian Kouamé,ci CIV,"FW,MF",Fiorentina,it Serie A,24,1997,28,1866,67,54.6,20.7,22,79,10,6,21,10,1.39,27,27,0,0.00,-0.58,Matches
1740,Rominigue Kouamé,ml MLI,MF,Troyes,fr Ligue 1,25,1996,32,2661,83,77.8,29.6,31,85,22,1,23,5,0.72,38,61,-23,-0.78,+0.76,Matches
1741,Tomáš Koubek,cz CZE,GK,Augsburg,de Bundesliga,29,1992,11,990,90,32.4,11.0,11,90,11,0,,15,0.64,14,22,-8,-0.73,-0.16,Matches
1742,Therence Koudou,fr FRA,"DF,MF",Reims,fr Ligue 1,17,2004,0,,,,,0,,0,0,,2,,,,,,,Matches
1743,Kalidou Koulibaly,sn SEN,DF,Chelsea,eng Premier League,31,1991,23,1800,78,52.6,20.0,20,87,17,3,23,6,1.26,20,22,-2,-0.10,+0.29,Matches
1744,Jules Koundé,fr FRA,DF,Barcelona,es La Liga,23,1998,29,2426,84,70.9,27.0,28,86,24,1,9,2,2.38,51,12,+39,+1.45,+0.45,Matches
1745,Boubakar Kouyaté,ml MLI,DF,Montpellier,fr Ligue 1,25,1997,15,1256,84,36.7,14.0,15,84,12,0,,1,1.80,25,13,+12,+0.86,+1.23,Matches
1746,Cheikhou Kouyaté,sn SEN,"MF,DF",Nottingham Forest,eng Premier League,32,1989,21,882,42,25.8,9.8,10,68,1,11,18,1,1.05,9,23,-14,-1.43,-0.86,Matches
1747,Mateo Kovačić,hr CRO,MF,Chelsea,eng Premier League,28,1994,27,1707,63,49.9,19.0,17,82,10,10,32,2,1.15,15,25,-10,-0.53,-0.58,Matches
1748,Viktor Kovalenko,ua UKR,MF,Spezia,it Serie A,26,1996,18,548,30,16.0,6.1,7,53,0,11,16,9,0.84,4,11,-7,-1.15,-0.40,Matches
1749,Matej Kovar,cz CZE,GK,Manchester Utd,eng Premier League,22,2000,0,,,,,0,,0,0,,1,,,,,,,Matches
1750,Soichiro Kozuki,jp JPN,MF,Schalke 04,de Bundesliga,21,2000,5,379,76,12.4,4.2,5,76,1,0,,0,0.60,1,5,-4,-0.95,+0.12,Matches
1751,Emil Krafth,se SWE,DF,Newcastle United,eng Premier League,27,1994,1,1,1,0.0,0.0,0,,0,1,1,0,1.00,0,0,0,0.00,-0.92,Matches
1752,Alex Král,cz CZE,MF,Schalke 04,de Bundesliga,24,1998,29,2357,81,77.0,26.2,26,89,23,3,18,3,0.93,27,52,-25,-0.95,+0.45,Matches
1753,Andrej Kramarić,hr CRO,"MF,FW",Hoffenheim,de Bundesliga,31,1991,32,2386,75,78.0,26.5,26,83,15,6,39,1,1.03,39,45,-6,-0.23,+0.17,Matches
1754,Christoph Kramer,de GER,MF,Gladbach,de Bundesliga,31,1991,29,2222,77,72.6,24.7,27,81,17,2,12,2,1.31,38,39,-1,-0.04,+0.17,Matches
1755,Dimo Krastev,bg BUL,MF,Fiorentina,it Serie A,19,2003,0,,,,,0,,0,0,,4,,,,,,,Matches
1756,Tom Krauß,de GER,MF,Schalke 04,de Bundesliga,21,2001,32,2514,79,82.2,27.9,31,80,15,1,26,0,0.97,23,51,-28,-1.00,+0.32,Matches
1757,Rasmus Kristensen,dk DEN,DF,Leeds United,eng Premier League,25,1997,26,1960,75,57.3,21.8,21,87,17,5,26,11,0.88,29,53,-24,-1.10,-0.73,Matches
1758,Julian Kristoffersen,no NOR,FW,Salernitana,it Serie A,25,1997,1,18,18,0.5,0.2,0,,0,1,18,3,0.00,0,0,0,0.00,+0.37,Matches
1759,Raimonds Krollis,lv LVA,FW,Spezia,it Serie A,20,2001,4,36,9,1.1,0.4,0,,0,4,9,15,0.00,0,1,-1,-2.50,-1.70,Matches
1760,Toni Kroos,de GER,MF,Real Madrid,es La Liga,32,1990,30,2155,72,63.0,23.9,25,82,12,5,22,3,2.00,48,23,+25,+1.04,+0.05,Matches
1761,Rade Krunić,ba BIH,MF,Milan,it Serie A,28,1993,23,1657,72,48.5,18.4,18,83,10,5,34,5,2.13,34,18,+16,+0.87,+0.61,Matches
1762,Max Kruse,de GER,MF,Wolfsburg,de Bundesliga,34,1988,5,272,54,8.9,3.0,2,90,2,3,31,0,0.40,3,6,-3,-0.99,-1.38,Matches
1763,Lukas Kübler,de GER,"DF,MF",Freiburg,de Bundesliga,29,1992,22,1639,75,53.6,18.2,19,83,10,3,22,6,1.82,32,18,+14,+0.77,+1.21,Matches
1764,Takefusa Kubo,jp JPN,"FW,MF",Real Sociedad,es La Liga,21,2001,35,2439,70,71.3,27.1,29,77,7,6,34,2,1.91,38,21,+17,+0.63,+0.72,Matches
1765,Dejan Kulusevski,se SWE,"MF,FW",Tottenham Hotspur,eng Premier League,22,2000,30,2067,69,60.4,23.0,23,81,5,7,28,0,1.60,42,41,+1,+0.04,-0.36,Matches
1766,Sael Kumbedi,fr FRA,"DF,MF",Lyon,fr Ligue 1,17,2005,20,1320,66,38.6,14.7,14,85,11,6,21,5,1.80,29,17,+12,+0.82,+0.56,Matches
1767,Marash Kumbulla,al ALB,DF,Roma,it Serie A,22,2000,7,259,37,7.6,2.9,5,48,1,2,9,19,1.57,4,3,+1,+0.35,+0.03,Matches
1768,Pierre Kunde,cm CMR,MF,Bochum,de Bundesliga,27,1995,12,377,31,12.3,4.2,3,81,0,9,15,4,0.83,3,13,-10,-2.39,-1.65,Matches
1769,Alou Kuol,au AUS,FW,Stuttgart,de Bundesliga,21,2000,1,5,5,0.2,0.1,0,,0,1,5,1,0.00,0,0,0,0.00,+0.35,Matches
1770,Layvin Kurzawa,fr FRA,DF,Fulham,eng Premier League,29,1992,3,135,45,3.9,1.5,2,67,1,1,1,6,0.33,0,4,-4,-2.67,-2.83,Matches
1771,Khvicha Kvaratskhelia,ge GEO,FW,Napoli,it Serie A,21,2001,34,2518,74,73.6,28.0,30,79,8,4,38,0,2.29,58,21,+37,+1.32,+0.13,Matches
1772,Robert Kwasigroch,de GER,GK,Hertha BSC,de Bundesliga,18,2004,0,,,,,0,,0,0,,2,,,,,,,Matches
1773,Grejohn Kyei,fr FRA,FW,Clermont Foot,fr Ligue 1,26,1995,37,2232,60,65.3,24.8,26,77,5,11,22,0,1.59,33,27,+6,+0.24,+1.00,Matches
1774,Daniel Kyereh,gh GHA,"MF,FW",Freiburg,de Bundesliga,26,1996,12,559,47,18.3,6.2,7,72,0,5,11,2,1.58,7,11,-4,-0.64,-1.04,Matches
1775,Giorgos Kyriakopoulos,gr GRE,"DF,MF",Bologna,it Serie A,26,1996,12,704,59,20.6,7.8,8,78,4,4,20,0,1.58,11,8,+3,+0.38,+0.35,Matches
1776,Giorgos Kyriakopoulos,gr GRE,"FW,DF",Sassuolo,it Serie A,26,1996,12,766,64,22.4,8.5,9,74,1,3,33,8,1.08,10,12,-2,-0.23,+0.17,Matches
1777,César de la Hoz,es ESP,MF,Almería,es La Liga,30,1992,25,1673,67,48.9,18.6,18,84,12,7,23,8,1.48,25,30,-5,-0.27,+0.30,Matches
1778,Luca de la Torre,us USA,MF,Celta Vigo,es La Liga,24,1998,28,1481,53,43.3,16.5,16,72,2,12,27,6,1.32,22,17,+5,+0.30,+1.00,Matches
1779,Achraf Laâziri,ma MAR,DF,Lyon,fr Ligue 1,18,2003,0,,,,,0,,0,0,,2,,,,,,,Matches
1780,Rémy Labeau Lascary,gp GLP,"FW,MF",Lens,fr Ligue 1,19,2003,10,123,12,3.6,1.4,0,,0,10,12,11,1.60,2,0,+2,+1.46,+0.45,Matches
1781,Gaëtan Laborde,fr FRA,FW,Nice,fr Ligue 1,28,1994,33,2506,76,73.3,27.8,28,85,19,5,28,0,1.61,38,26,+12,+0.43,+0.53,Matches
1782,Gaëtan Laborde,fr FRA,FW,Rennes,fr Ligue 1,28,1994,4,249,62,7.3,2.8,3,73,0,1,30,0,1.00,4,5,-1,-0.36,-1.24,Matches
1783,Alexandre Lacazette,fr FRA,FW,Lyon,fr Ligue 1,31,1991,35,2929,84,85.6,32.5,34,86,26,1,19,0,1.66,58,41,+17,+0.52,+0.34,Matches
1784,Qazim Laçi,al ALB,MF,Ajaccio,fr Ligue 1,26,1996,9,212,24,6.2,2.4,2,80,1,7,8,3,0.56,1,3,-2,-0.85,+0.53,Matches
1785,Maxence Lacroix,fr FRA,DF,Wolfsburg,de Bundesliga,22,2000,24,1627,68,53.2,18.1,18,83,13,6,23,6,1.38,31,26,+5,+0.28,+0.03,Matches
1786,Alban Lafont,ci CIV,GK,Nantes,fr Ligue 1,23,1999,37,3329,90,97.3,37.0,37,90,36,0,,0,0.95,36,53,-17,-0.46,+0.53,Matches
1787,Aïssa Laïdouni,tn TUN,MF,Union Berlin,de Bundesliga,25,1996,14,871,62,28.5,9.7,11,71,1,3,29,2,1.64,9,9,0,0.00,-0.53,Matches
1788,Konrad Laimer,at AUT,MF,RB Leipzig,de Bundesliga,25,1997,21,1468,70,48.0,16.3,17,82,7,4,17,1,1.95,25,20,+5,+0.31,-0.71,Matches
1789,Stefan Lainer,at AUT,"DF,MF",Gladbach,de Bundesliga,29,1992,17,817,48,26.7,9.1,9,83,2,8,9,12,1.47,11,19,-8,-0.88,-1.08,Matches
1790,Kenny Lala,mg MAD,DF,Brest,fr Ligue 1,30,1991,17,1417,83,41.4,15.7,16,87,13,1,21,1,1.53,21,14,+7,+0.44,+1.21,Matches
1791,Adam Lallana,eng ENG,MF,Brighton,eng Premier League,34,1988,16,722,45,21.1,8.0,12,55,0,4,15,0,1.56,16,10,+6,+0.75,+0.31,Matches
1792,Vassilis Lambropoulos,gr GRE,DF,Bochum,de Bundesliga,32,1990,15,627,42,20.5,7.0,7,84,6,8,5,14,1.13,4,14,-10,-1.44,-0.62,Matches
1793,Érik Lamela,ar ARG,"MF,FW",Sevilla,es La Liga,30,1992,32,1844,58,53.9,20.5,20,77,9,12,25,2,1.22,22,29,-7,-0.34,-0.34,Matches
1794,Mohamed Lamine Bayo,gn GUI,FW,Lille,fr Ligue 1,24,1998,27,651,24,19.0,7.2,6,72,1,21,10,8,1.78,15,8,+7,+0.97,+0.51,Matches
1795,Sam Lammers,nl NED,FW,Sampdoria,it Serie A,25,1997,19,1100,58,32.2,12.2,13,75,3,6,20,0,0.47,6,21,-15,-1.23,+0.01,Matches
1796,Sam Lammers,nl NED,FW,Empoli,it Serie A,25,1997,14,883,63,25.8,9.8,10,73,4,4,38,1,1.21,9,14,-5,-0.51,-0.26,Matches
1797,Tariq Lamptey,gh GHA,"DF,MF",Brighton,eng Premier League,21,2000,20,453,23,13.2,5.0,3,60,1,17,16,3,1.60,6,7,-1,-0.20,-0.81,Matches
1798,Hugo Lamy,fr FRA,DF,Paris Saint-Germain,fr Ligue 1,18,2004,0,,,,,0,,0,0,,2,,,,,,,Matches
1799,Michael Langer,at AUT,GK,Schalke 04,de Bundesliga,37,1985,0,,,,,0,,0,0,,5,,,,,,,Matches
1800,Manuel Lanzini,ar ARG,MF,West Ham United,eng Premier League,29,1993,10,252,25,7.4,2.8,2,73,1,8,13,28,0.70,2,5,-3,-1.07,-0.79,Matches
1801,Aymeric Laporte,es ESP,"DF,MF",Manchester City,eng Premier League,28,1994,12,993,83,29.0,11.0,11,89,10,1,16,15,2.33,21,10,+11,+1.00,-0.86,Matches
1802,Julien Laporte,fr FRA,DF,Lorient,fr Ligue 1,28,1993,20,1654,83,48.4,18.4,19,86,17,1,24,2,1.70,29,26,+3,+0.16,+0.37,Matches
1803,Cyle Larin,ca CAN,FW,Valladolid,es La Liga,27,1995,19,1469,77,43.0,16.3,16,87,13,3,26,1,1.21,20,26,-6,-0.37,+0.74,Matches
1804,Juan Larios,es ESP,DF,Southampton,eng Premier League,18,2004,5,152,30,4.4,1.7,2,46,0,3,20,4,0.60,1,2,-1,-0.59,+0.40,Matches
1805,Yasser Larouci,dz ALG,"MF,DF",Troyes,fr Ligue 1,21,2001,30,1797,60,52.5,20.0,21,76,9,9,21,6,0.60,21,45,-24,-1.20,-0.54,Matches
1806,Jordan Larsson,se SWE,MF,Schalke 04,de Bundesliga,25,1997,11,463,42,15.1,5.1,5,60,0,6,27,4,0.55,4,11,-7,-1.36,-0.36,Matches
1807,Kevin Lasagna,it ITA,"FW,MF",Hellas Verona,it Serie A,29,1992,26,1572,60,46.0,17.5,17,76,7,9,31,0,0.81,13,26,-13,-0.74,-0.01,Matches
1808,Jamaal Lascelles,eng ENG,DF,Newcastle United,eng Premier League,28,1993,7,218,31,6.4,2.4,2,90,2,5,8,21,1.89,2,5,-3,-1.24,-2.31,Matches
1809,Juanmi Latasa,es ESP,FW,Getafe,es La Liga,21,2001,18,448,25,13.1,5.0,2,89,1,16,17,17,0.89,5,1,+4,+0.80,+1.26,Matches
1810,Toni Lato,es ESP,"DF,MF",Valencia,es La Liga,24,1997,24,914,38,26.7,10.2,9,70,0,15,19,9,1.29,12,11,+1,+0.10,+0.24,Matches
1811,Danny Latza,de GER,MF,Schalke 04,de Bundesliga,32,1989,20,853,43,27.9,9.5,8,81,5,12,17,7,0.80,12,28,-16,-1.69,-0.87,Matches
1812,Armand Lauriente,fr FRA,"MF,FW",Lorient,fr Ligue 1,23,1998,3,266,89,7.8,3.0,3,89,0,0,,0,2.33,5,3,+2,+0.68,+0.76,Matches
1813,Armand Lauriente,fr FRA,"FW,MF",Sassuolo,it Serie A,23,1998,28,2175,78,63.6,24.2,27,80,9,1,25,0,1.29,33,33,0,0.00,+1.01,Matches
1814,Lucas Laux,de GER,MF,Mainz 05,de Bundesliga,19,2002,0,,,,,0,,0,0,,3,,,,,,,Matches
1815,Lucas Lavallée,fr FRA,GK,Paris Saint-Germain,fr Ligue 1,19,2003,0,,,,,0,,0,0,,1,,,,,,,Matches
1816,Roméo Lavia,be BEL,MF,Southampton,eng Premier League,18,2004,29,2221,77,64.9,24.7,26,82,14,3,30,0,0.69,28,50,-22,-0.89,+0.23,Matches
1817,Lázaro,br BRA,"FW,MF",Almería,es La Liga,20,2002,19,716,38,20.9,8.0,7,70,2,12,19,16,0.53,13,13,0,0.00,+0.53,Matches
1818,Valentino Lazaro,at AUT,MF,Torino,it Serie A,26,1996,23,1373,60,40.1,15.3,15,80,6,8,22,3,1.17,17,17,0,0.00,-0.04,Matches
1819,Marko Lazetić,rs SRB,FW,Milan,it Serie A,18,2004,1,9,9,0.3,0.1,0,,0,1,9,4,1.00,0,0,0,0.00,-0.55,Matches
1820,Darko Lazović,rs SRB,MF,Hellas Verona,it Serie A,31,1990,30,2242,75,65.6,24.9,27,79,12,3,36,0,0.94,23,36,-13,-0.52,+0.62,Matches
1821,Manuel Lazzari,it ITA,DF,Lazio,it Serie A,28,1993,28,1879,67,54.9,20.9,22,80,10,6,21,7,1.75,31,16,+15,+0.72,-0.16,Matches
1822,Théo Le Bris,fr FRA,"MF,DF",Lorient,fr Ligue 1,19,2002,27,1452,54,42.5,16.1,15,78,7,12,23,1,1.59,22,23,-1,-0.06,-0.06,Matches
1823,Julien Le Cardinal,fr FRA,"MF,DF",Lens,fr Ligue 1,24,1997,8,165,21,4.8,1.8,2,69,0,6,5,12,1.88,2,2,0,0.00,-1.08,Matches
1824,Jérémy Le Douaron,fr FRA,"MF,FW",Brest,fr Ligue 1,24,1998,32,2071,65,60.6,23.0,24,77,7,8,29,0,1.31,26,29,-3,-0.13,+0.34,Matches
1825,Enzo Le Fée,fr FRA,MF,Lorient,fr Ligue 1,22,2000,35,3028,87,88.5,33.6,35,87,22,0,,0,1.54,49,47,+2,+0.06,+0.75,Matches
1826,Vincent Le Goff,fr FRA,DF,Lorient,fr Ligue 1,32,1989,37,3330,90,97.4,37.0,37,90,37,0,,1,1.49,52,52,0,0.00,+1.00,Matches
1827,Maxime Le Marchand,fr FRA,DF,Strasbourg,fr Ligue 1,32,1989,26,2015,78,58.9,22.4,23,84,18,3,28,1,1.19,27,31,-4,-0.18,+0.08,Matches
1828,Robin Le Normand,es ESP,DF,Real Sociedad,es La Liga,25,1996,33,2796,85,81.8,31.1,31,89,30,2,13,1,1.79,37,25,+12,+0.39,-0.19,Matches
1829,Rafael Leão,pt POR,MF,Milan,it Serie A,23,1999,35,2421,69,70.8,26.9,28,79,13,7,31,0,2.00,53,31,+22,+0.82,+0.91,Matches
1830,Paolo Lebas,fr FRA,MF,Ajaccio,fr Ligue 1,19,2003,1,55,55,1.6,0.6,0,,0,1,55,7,0.00,0,1,-1,-1.64,-0.30,Matches
1831,Victor Lebas,pt POR,DF,Ajaccio,fr Ligue 1,17,2004,0,,,,,0,,0,0,,1,,,,,,,Matches
1832,Jean-Louis Leca,fr FRA,GK,Lens,fr Ligue 1,36,1985,1,90,90,2.6,1.0,1,90,1,0,,36,3.00,3,1,+2,+2.00,+1.00,Matches
1833,Benjamin Lecomte,fr FRA,GK,Montpellier,fr Ligue 1,31,1991,19,1710,90,50.0,19.0,19,90,19,0,,0,1.74,37,22,+15,+0.79,+1.42,Matches
1834,Benjamin Lecomte,fr FRA,GK,Espanyol,es La Liga,31,1991,10,899,90,26.3,10.0,10,90,9,0,,4,0.80,10,14,-4,-0.40,+0.06,Matches
1835,Jeremías Ledesma,ar ARG,GK,Cádiz,es La Liga,29,1993,34,3060,90,89.5,34.0,34,90,34,0,,0,1.12,27,48,-21,-0.62,-0.12,Matches
1836,Pierre Lees-Melou,fr FRA,MF,Brest,fr Ligue 1,29,1993,32,2767,86,80.9,30.7,32,86,26,0,,0,1.22,39,41,-2,-0.07,+1.04,Matches
1837,Sekou Lega,fr FRA,FW,Lyon,fr Ligue 1,19,2003,0,,,,,0,,0,0,,7,,,,,,,Matches
1838,Diogo Leite,pt POR,DF,Union Berlin,de Bundesliga,23,1999,28,2254,81,73.7,25.0,26,86,24,2,16,2,1.93,40,28,+12,+0.48,+0.37,Matches
1839,Maxim Leitsch,de GER,DF,Mainz 05,de Bundesliga,24,1998,9,663,74,21.7,7.4,7,89,6,2,22,10,1.56,9,13,-4,-0.54,-0.66,Matches
1840,Florian Lejeune,fr FRA,DF,Rayo Vallecano,es La Liga,31,1991,31,2565,83,75.0,28.5,31,83,26,0,,4,1.26,32,37,-5,-0.18,+0.14,Matches
1841,Iñigo Lekue,es ESP,DF,Athletic Club,es La Liga,29,1993,20,1321,66,38.6,14.7,14,82,8,6,29,11,1.35,26,15,+11,+0.75,+1.05,Matches
1842,Thomas Lemar,fr FRA,MF,Atlético Madrid,es La Liga,26,1995,27,1252,46,36.6,13.9,17,60,0,10,24,2,2.00,27,11,+16,+1.15,+0.28,Matches
1843,Félix Lemaréchal,fr FRA,MF,Brest,fr Ligue 1,18,2003,13,288,22,8.4,3.2,2,64,0,11,15,3,1.38,3,5,-2,-0.62,-0.40,Matches
1844,Félix Lemaréchal,fr FRA,MF,Monaco,fr Ligue 1,18,2003,0,,,,,0,,0,0,,1,,,,,,,Matches
1845,Dexter Lembikisa,jm JAM,"DF,MF",Wolves,eng Premier League,18,2003,1,23,23,0.7,0.3,0,,0,1,23,1,0.00,0,1,-1,-3.91,-3.22,Matches
1846,Mario Lemina,ga GAB,MF,Nice,fr Ligue 1,28,1993,14,838,60,24.5,9.3,11,69,2,3,26,0,1.29,15,9,+6,+0.64,+0.47,Matches
1847,Mario Lemina,ga GAB,MF,Wolves,eng Premier League,28,1993,19,1299,68,38.0,14.4,17,74,8,2,18,0,1.42,14,28,-14,-0.97,-0.42,Matches
1848,Mats Lemmens,be BEL,DF,Lecce,it Serie A,20,2002,0,,,,,0,,0,0,,20,,,,,,,Matches
1849,Tim Lemperle,de GER,FW,Köln,de Bundesliga,20,2002,12,132,11,4.3,1.5,0,,0,12,11,6,1.58,2,2,0,0.00,+0.15,Matches
1850,Ruben Lendinez,es ESP,DF,Valencia,es La Liga,19,2003,0,,,,,0,,0,0,,4,,,,,,,Matches
1851,Clément Lenglet,fr FRA,DF,Tottenham Hotspur,eng Premier League,27,1995,26,2019,78,59.0,22.4,24,83,14,2,9,11,1.54,45,35,+10,+0.45,+0.64,Matches
1852,Bernd Leno,de GER,GK,Fulham,eng Premier League,30,1992,36,3240,90,94.7,36.0,36,90,36,0,,2,1.39,53,51,+2,+0.06,+0.06,Matches
1853,Christopher Lenz,de GER,"MF,DF",Eintracht Frankfurt,de Bundesliga,27,1994,24,1290,54,42.2,14.3,13,81,8,11,21,3,1.58,27,21,+6,+0.42,+0.42,Matches
1854,Donovan Léon,gf GUF,GK,Auxerre,fr Ligue 1,29,1992,2,180,90,5.3,2.0,2,90,2,0,,34,2.00,3,2,+1,+0.50,+1.31,Matches
1855,Sergio León,es ESP,FW,Valladolid,es La Liga,33,1989,29,1334,46,39.0,14.8,14,71,3,15,23,7,1.07,14,28,-14,-0.94,-0.25,Matches
1856,Johann Lepenant,fr FRA,MF,Lyon,fr Ligue 1,19,2002,31,1933,62,56.5,21.5,21,80,11,10,25,6,1.71,31,25,+6,+0.28,-0.45,Matches
1857,Mehdi Léris,dz ALG,MF,Sampdoria,it Serie A,24,1998,32,2460,77,71.9,27.3,29,81,20,3,34,1,0.53,20,49,-29,-1.06,+0.63,Matches
1858,Jefferson Lerma,co COL,MF,Bournemouth,eng Premier League,27,1994,37,3252,88,95.1,36.1,37,88,33,0,,0,1.05,34,67,-33,-0.91,-0.38,Matches
1859,Benjamin Leroy,fr FRA,GK,Ajaccio,fr Ligue 1,33,1989,32,2798,87,81.8,31.1,32,87,31,0,,3,0.69,19,60,-41,-1.32,+0.13,Matches
1860,Léo Leroy,fr FRA,MF,Montpellier,fr Ligue 1,22,2000,27,1192,44,34.9,13.2,14,69,2,13,18,6,1.30,20,19,+1,+0.08,-0.01,Matches
1861,Alexandre Letellier,fr FRA,GK,Paris Saint-Germain,fr Ligue 1,31,1990,1,11,11,0.3,0.1,0,,0,1,11,15,0.00,0,0,0,0.00,-1.29,Matches
1862,Maxime Leverbe,fr FRA,DF,Sampdoria,it Serie A,25,1997,0,,,,,0,,0,0,,3,,,,,,,Matches
1863,Ruan Levine,br BRA,FW,Ajaccio,fr Ligue 1,23,1999,3,24,8,0.7,0.3,0,,0,3,8,6,0.00,0,1,-1,-3.75,-2.42,Matches
1864,Robert Lewandowski,pl POL,FW,Barcelona,es La Liga,33,1988,34,2847,84,83.2,31.6,33,85,27,1,34,0,2.24,62,20,+42,+1.33,+0.07,Matches
1865,Jamie Leweling,de GER,"FW,MF",Union Berlin,de Bundesliga,21,2001,16,265,17,8.7,2.9,0,,0,16,17,14,1.94,7,5,+2,+0.68,+0.33,Matches
1866,Jamal Lewis,nir NIR,"DF,MF",Newcastle United,eng Premier League,24,1998,2,11,6,0.3,0.1,0,,0,2,6,20,2.00,0,1,-1,-8.18,-9.13,Matches
1867,Rico Lewis,eng ENG,"DF,MF",Manchester City,eng Premier League,17,2004,14,903,65,26.4,10.0,10,82,6,4,21,23,2.29,18,8,+10,+1.00,-0.83,Matches
1868,Keane Lewis-Potter,eng ENG,FW,Brentford,eng Premier League,21,2001,10,321,32,9.4,3.6,3,61,0,7,20,9,1.50,10,4,+6,+1.68,+1.51,Matches
1869,Dimitri Liénard,fr FRA,"MF,DF",Strasbourg,fr Ligue 1,34,1988,28,1543,55,45.1,17.1,18,75,8,10,19,3,1.21,17,24,-7,-0.41,-0.36,Matches
1870,Philipp Lienhart,at AUT,DF,Freiburg,de Bundesliga,26,1996,29,2498,86,81.6,27.8,27,89,25,2,45,0,1.86,45,30,+15,+0.54,+1.82,Matches
1871,Matthijs de Ligt,nl NED,DF,Bayern Munich,de Bundesliga,22,1999,31,2403,78,78.5,26.7,27,86,22,4,19,1,2.00,67,27,+40,+1.50,-0.42,Matches
1872,Isaac Lihadji,fr FRA,FW,Lille,fr Ligue 1,20,2002,0,,,,,0,,0,0,,1,,,,,,,Matches
1873,Dimitris Limnios,gr GRE,"FW,MF",Köln,de Bundesliga,24,1998,2,39,20,1.3,0.4,0,,0,2,20,6,0.50,0,1,-1,-2.31,-2.19,Matches
1874,Victor Lindelöf,se SWE,DF,Manchester Utd,eng Premier League,28,1994,20,1365,68,39.9,15.2,14,90,13,6,18,10,1.95,29,16,+13,+0.86,+0.77,Matches
1875,Jesper Lindstrøm,dk DEN,MF,Eintracht Frankfurt,de Bundesliga,22,2000,27,1679,62,54.9,18.7,22,72,2,5,20,0,1.63,34,27,+7,+0.38,+0.44,Matches
1876,Karol Linetty,pl POL,MF,Torino,it Serie A,27,1995,32,1886,59,55.1,21.0,22,76,10,10,21,5,1.41,22,26,-4,-0.19,-0.48,Matches
1877,Jesse Lingard,eng ENG,"MF,FW",Nottingham Forest,eng Premier League,29,1992,17,923,54,27.0,10.3,12,70,2,5,16,12,0.71,8,17,-9,-0.88,-0.12,Matches
1878,Samuel Lino,br BRA,"FW,MF",Valencia,es La Liga,22,1999,38,2887,76,84.4,32.1,33,82,17,5,37,0,1.11,38,38,0,0.00,+0.51,Matches
1879,Raphaël Lipinski,fr FRA,DF,Auxerre,fr Ligue 1,20,2002,0,,,,,0,,0,0,,1,,,,,,,Matches
1880,Pol Lirola,es ESP,"DF,MF",Marseille,fr Ligue 1,24,1997,0,,,,,0,,0,0,,1,,,,,,,Matches
1881,Pol Lirola,es ESP,DF,Elche,es La Liga,24,1997,12,628,52,18.4,7.0,7,73,3,5,23,19,0.25,5,17,-12,-1.72,-0.91,Matches
1882,Mateusz Lis,pl POL,GK,Troyes,fr Ligue 1,25,1997,9,751,83,22.0,8.3,8,90,8,1,31,21,0.78,10,16,-6,-0.72,+0.29,Matches
1883,Marcin Listkowski,pl POL,"FW,MF",Lecce,it Serie A,24,1998,5,77,15,2.3,0.9,0,,0,5,15,13,0.40,0,1,-1,-1.17,-0.85,Matches
1884,Valentino Livramento,eng ENG,"DF,MF",Southampton,eng Premier League,19,2002,2,28,14,0.8,0.3,0,,0,2,14,0,0.50,0,0,0,0.00,+0.98,Matches
1885,Dejan Ljubicic,at AUT,MF,Köln,de Bundesliga,24,1997,27,1710,63,55.9,19.0,20,73,4,7,37,0,1.30,27,27,0,0.00,+0.33,Matches
1886,Javier Llabrés,es ESP,MF,Mallorca,es La Liga,19,2002,1,17,17,0.5,0.2,0,,0,1,17,7,3.00,0,0,0,0.00,+0.16,Matches
1887,Miguel Llabrés,es ESP,MF,Mallorca,es La Liga,22,2000,0,,,,,0,,0,0,,8,,,,,,,Matches
1888,Diego Llorente,es ESP,DF,Leeds United,eng Premier League,28,1993,8,649,81,19.0,7.2,7,90,7,1,19,11,1.00,11,12,-1,-0.14,+0.80,Matches
1889,Diego Llorente,es ESP,DF,Roma,it Serie A,28,1993,9,573,64,16.8,6.4,5,90,5,4,31,6,1.78,12,7,+5,+0.79,+0.56,Matches
1890,Marcos Llorente,es ESP,MF,Atlético Madrid,es La Liga,27,1995,22,1703,77,49.8,18.9,21,80,11,1,30,2,2.00,28,11,+17,+0.90,-0.15,Matches
1891,Hugo Lloris,fr FRA,GK,Tottenham Hotspur,eng Premier League,35,1986,25,2205,88,64.5,24.5,25,88,24,0,,1,1.68,44,39,+5,+0.20,+0.06,Matches
1892,Giovani Lo Celso,ar ARG,"MF,FW",Villarreal,es La Liga,26,1996,22,1126,51,32.9,12.5,14,69,2,8,21,1,1.73,20,12,+8,+0.64,+0.21,Matches
1893,Stanislav Lobotka,sk SVK,MF,Napoli,it Serie A,27,1994,38,3101,82,90.7,34.5,34,87,20,4,38,0,2.37,74,27,+47,+1.36,+0.80,Matches
1894,Manuel Locatelli,it ITA,MF,Juventus,it Serie A,24,1998,32,2446,76,71.5,27.2,29,81,16,3,31,2,1.94,40,19,+21,+0.77,+0.59,Matches
1895,Luka Lochoshvili,ge GEO,DF,Cremonese,it Serie A,24,1998,25,1839,74,53.8,20.4,22,79,9,3,31,7,0.72,21,33,-12,-0.59,+0.61,Matches
1896,Bradley Locko,fr FRA,"MF,DF",Reims,fr Ligue 1,20,2002,15,1059,71,31.0,11.8,13,81,10,2,6,1,1.00,15,18,-3,-0.25,-0.37,Matches
1897,Bradley Locko,fr FRA,DF,Brest,fr Ligue 1,20,2002,7,270,39,7.9,3.0,2,86,0,5,20,10,1.00,2,3,-1,-0.33,-0.08,Matches
1898,Renan Lodi,br BRA,"DF,MF",Atlético Madrid,es La Liga,24,1998,0,,,,,0,,0,0,,2,,,,,,,Matches
1899,Renan Lodi,br BRA,"DF,MF",Nottingham Forest,eng Premier League,24,1998,28,2214,79,64.7,24.6,26,83,16,2,25,2,1.11,29,48,-19,-0.77,+0.05,Matches
1900,Ruben Loftus-Cheek,eng ENG,MF,Chelsea,eng Premier League,26,1996,25,1536,61,44.9,17.1,19,73,6,6,26,6,1.36,22,23,-1,-0.06,+0.32,Matches
1901,Niklas Lomb,de GER,GK,Leverkusen,de Bundesliga,29,1993,0,,,,,0,,0,0,,14,,,,,,,Matches
1902,Andy Lonergan,ie IRL,GK,Everton,eng Premier League,38,1983,0,,,,,0,,0,0,,4,,,,,,,Matches
1903,Sean Longstaff,eng ENG,MF,Newcastle United,eng Premier League,24,1997,33,2518,76,73.6,28.0,28,87,24,5,18,0,1.91,48,18,+30,+1.07,+0.57,Matches
1904,Ademola Lookman,ng NGA,"FW,MF",Atalanta,it Serie A,24,1997,31,1729,56,50.6,19.2,20,73,3,11,25,1,1.65,38,23,+15,+0.78,+0.62,Matches
1905,Anthony Lopes,pt POR,GK,Lyon,fr Ligue 1,31,1990,32,2816,88,82.3,31.3,32,88,31,0,,0,1.63,54,39,+15,+0.48,+0.03,Matches
1906,Rony Lopes,pt POR,"MF,FW",Troyes,fr Ligue 1,26,1995,32,2346,73,68.6,26.1,29,79,13,3,23,1,0.69,28,52,-24,-0.92,+0.08,Matches
1907,Alberto López,es ESP,GK,Sevilla,es La Liga,18,2003,0,,,,,0,,0,0,,24,,,,,,,Matches
1908,David López,es ESP,"DF,MF",Girona,es La Liga,32,1989,20,1652,83,48.3,18.4,19,85,14,1,45,7,1.15,25,24,+1,+0.05,-0.05,Matches
1909,Diego López,es ESP,MF,Valencia,es La Liga,20,2002,10,447,45,13.1,5.0,5,68,0,5,22,0,1.50,6,6,0,0.00,+0.09,Matches
1910,Diego López,es ESP,GK,Rayo Vallecano,es La Liga,40,1981,2,96,48,2.8,1.1,1,90,1,1,6,30,0.00,1,4,-3,-2.81,-2.68,Matches
1911,Francisco Lopez,es ESP,FW,Celta Vigo,es La Liga,20,2002,0,,,,,0,,0,0,,5,,,,,,,Matches
1912,Jesús López,es ESP,GK,Elche,es La Liga,19,2002,0,,,,,0,,0,0,,17,,,,,,,Matches
1913,Luis López,es ESP,GK,Real Madrid,es La Liga,21,2001,0,,,,,0,,0,0,,35,,,,,,,Matches
1914,Maxime Lopez,fr FRA,MF,Sassuolo,it Serie A,24,1997,30,2296,77,67.1,25.5,25,85,18,5,34,2,1.27,29,36,-7,-0.27,+0.29,Matches
1915,Pau López,es ESP,GK,Marseille,fr Ligue 1,27,1994,33,2925,89,85.5,32.5,32,90,32,1,45,2,2.03,59,34,+25,+0.77,+0.41,Matches
1916,Unai López,es ESP,MF,Rayo Vallecano,es La Liga,26,1995,34,1254,37,36.7,13.9,12,67,1,22,20,4,1.35,14,20,-6,-0.43,-0.35,Matches
1917,Dion Lopy,sn SEN,MF,Reims,fr Ligue 1,20,2002,29,1379,48,40.3,15.3,16,70,4,13,20,3,1.34,15,16,-1,-0.07,-0.11,Matches
1918,Samuel Loric,fr FRA,DF,Lorient,fr Ligue 1,22,2000,0,,,,,0,,0,0,,1,,,,,,,Matches
1919,Anthony Losilla,fr FRA,MF,Bochum,de Bundesliga,36,1986,31,2720,88,88.9,30.2,31,88,26,0,,0,1.10,39,64,-25,-0.83,+1.03,Matches
1920,Arttu Lötjönen,fi FIN,DF,Sampdoria,it Serie A,18,2004,0,,,,,0,,0,0,,1,,,,,,,Matches
1921,Marcel Lotka,pl POL,GK,Dortmund,de Bundesliga,21,2001,0,,,,,0,,0,0,,5,,,,,,,Matches
1922,Jordan Lotomba,ch SUI,"DF,MF",Nice,fr Ligue 1,23,1998,33,2453,74,71.7,27.3,27,83,18,6,34,1,1.61,37,26,+11,+0.40,+0.40,Matches
1923,Corentin Louakima,fr FRA,DF,Roma,it Serie A,19,2003,0,,,,,0,,0,0,,1,,,,,,,Matches
1924,Matéo Loubatieres,fr FRA,MF,Montpellier,fr Ligue 1,18,2003,0,,,,,0,,0,0,,5,,,,,,,Matches
1925,Tom Louchet,fr FRA,MF,Nice,fr Ligue 1,19,2003,0,,,,,0,,0,0,,1,,,,,,,Matches
1926,Adrien Louveau,fr FRA,MF,Lens,fr Ligue 1,22,2000,0,,,,,0,,0,0,,5,,,,,,,Matches
1927,Matteo Lovato,it ITA,DF,Salernitana,it Serie A,22,2000,17,814,48,23.8,9.0,8,74,4,9,25,9,1.06,11,22,-11,-1.22,-1.11,Matches
1928,Dejan Lovren,hr CRO,DF,Lyon,fr Ligue 1,33,1989,17,1459,86,42.7,16.2,17,86,14,0,,0,1.71,27,20,+7,+0.43,-0.07,Matches
1929,Sandi Lovrić,si SVN,MF,Udinese,it Serie A,24,1998,37,2335,63,68.3,25.9,28,75,6,9,27,0,1.22,29,34,-5,-0.19,-0.52,Matches
1930,Jamal Lowe,jm JAM,"FW,MF",Bournemouth,eng Premier League,28,1994,2,12,6,0.4,0.1,0,,0,2,6,8,0.00,0,0,0,0.00,+0.90,Matches
1931,Anthony Lozano,hn HON,FW,Cádiz,es La Liga,29,1993,28,1443,52,42.2,16.0,14,75,5,14,28,5,1.14,14,19,-5,-0.31,+0.51,Matches
1932,Hirving Lozano,mx MEX,"FW,MF",Napoli,it Serie A,27,1995,32,1605,50,46.9,17.8,20,67,1,12,22,1,2.41,39,8,+31,+1.74,+0.85,Matches
1933,Pol Lozano,es ESP,MF,Espanyol,es La Liga,22,1999,4,17,4,0.5,0.2,0,,0,4,4,7,0.75,0,1,-1,-5.29,-4.87,Matches
1934,Jean Lucas,br BRA,MF,Monaco,fr Ligue 1,24,1998,6,291,49,8.5,3.2,3,85,2,3,12,6,0.83,4,5,-1,-0.31,-0.68,Matches
1935,Anderson Lucoqui,ao ANG,DF,Mainz 05,de Bundesliga,25,1997,0,,,,,0,,0,0,,1,,,,,,,Matches
1936,Jhon Lucumí,co COL,DF,Bologna,it Serie A,24,1998,33,2900,88,84.8,32.2,33,88,31,0,,1,1.58,51,39,+12,+0.37,+1.76,Matches
1937,José Luis Gayà,es ESP,DF,Valencia,es La Liga,27,1995,31,2709,87,79.2,30.1,31,87,25,0,,1,1.06,32,37,-5,-0.17,-0.42,Matches
1938,Mario de Luis,es ESP,GK,Real Madrid,es La Liga,20,2002,0,,,,,0,,0,0,,1,,,,,,,Matches
1939,José Luis Morales,es ESP,FW,Villarreal,es La Liga,35,1987,29,1211,42,35.4,13.5,11,74,4,18,22,1,1.52,20,11,+9,+0.67,+0.26,Matches
1940,José Luis Palomino,ar ARG,DF,Atalanta,it Serie A,32,1990,15,759,51,22.2,8.4,8,79,6,7,18,2,1.80,25,15,+10,+1.19,+0.92,Matches
1941,Douglas Luiz,br BRA,MF,Aston Villa,eng Premier League,24,1998,37,2927,79,85.6,32.5,33,86,23,4,23,1,1.57,46,33,+13,+0.40,+1.86,Matches
1942,Romelu Lukaku,be BEL,FW,Inter,it Serie A,29,1993,25,1660,66,48.5,18.4,19,81,10,6,21,1,1.80,27,16,+11,+0.60,-0.32,Matches
1943,Castello Lukeba,fr FRA,DF,Lyon,fr Ligue 1,19,2002,34,2986,88,87.3,33.2,33,90,32,1,17,1,1.62,56,41,+15,+0.45,-0.17,Matches
1944,Dodi Lukebakio,be BEL,"FW,MF",Hertha BSC,de Bundesliga,24,1997,32,2397,75,78.3,26.6,27,83,14,5,32,0,0.81,34,55,-21,-0.79,+0.03,Matches
1945,Saša Lukić,rs SRB,MF,Torino,it Serie A,25,1996,16,1195,75,34.9,13.3,13,87,12,3,23,0,1.06,13,18,-5,-0.38,-0.62,Matches
1946,Saša Lukić,rs SRB,MF,Fulham,eng Premier League,25,1996,12,412,34,12.0,4.6,4,75,1,8,14,4,1.33,3,10,-7,-1.53,-1.80,Matches
1947,Andriy Lunin,ua UKR,GK,Real Madrid,es La Liga,23,1999,7,630,90,18.4,7.0,7,90,7,0,,30,1.86,14,7,+7,+1.00,-0.03,Matches
1948,Andrey Lunyov,ru RUS,GK,Leverkusen,de Bundesliga,30,1991,1,90,90,2.9,1.0,1,90,1,0,,10,0.00,1,2,-1,-1.00,-1.27,Matches
1949,Sebastiano Luperto,it ITA,DF,Empoli,it Serie A,25,1996,36,3135,87,91.7,34.8,36,87,32,0,,0,1.08,34,44,-10,-0.29,+0.34,Matches
1950,Lyanco,br BRA,DF,Southampton,eng Premier League,25,1997,21,1180,56,34.5,13.1,11,88,9,10,22,8,0.86,14,26,-12,-0.92,+0.09,Matches
1951,Babis Lykogiannis,gr GRE,DF,Bologna,it Serie A,28,1993,21,1108,53,32.4,12.3,11,75,5,10,29,17,1.10,16,19,-3,-0.24,-0.52,Matches
1952,Josué-Emanuel M'bila,ao ANG,MF,Augsburg,de Bundesliga,22,1999,0,,,,,0,,0,0,,2,,,,,,,Matches
1953,Youssouf M'Changama,km COM,MF,Auxerre,fr Ligue 1,31,1990,26,1081,42,31.6,12.0,11,74,3,15,18,8,0.77,12,22,-10,-0.83,-0.14,Matches
1954,Awer Mabil,au AUS,MF,Cádiz,es La Liga,26,1995,5,165,33,4.8,1.8,1,61,0,4,26,8,0.00,1,6,-5,-2.73,-2.23,Matches
1955,Alexis Mac Allister,ar ARG,MF,Brighton,eng Premier League,23,1998,35,2886,82,84.4,32.1,31,89,27,4,32,0,1.60,54,45,+9,+0.28,-1.40,Matches
1956,Deiver Machado,co COL,MF,Lens,fr Ligue 1,28,1993,33,2184,66,63.9,24.3,26,77,1,7,26,2,2.15,44,23,+21,+0.87,-0.45,Matches
1957,Darwin Machís,ve VEN,"MF,FW",Valladolid,es La Liga,29,1993,11,599,54,17.5,6.7,7,73,2,4,22,2,1.73,5,4,+1,+0.15,+1.14,Matches
1958,James Maddison,eng ENG,"MF,FW",Leicester City,eng Premier League,25,1996,30,2480,83,72.5,27.6,28,86,21,2,34,0,0.93,41,54,-13,-0.47,-0.09,Matches
1959,Noni Madueke,eng ENG,"FW,MF",Chelsea,eng Premier League,20,2002,12,643,54,18.8,7.1,7,75,0,5,24,4,0.83,6,13,-7,-0.98,-0.91,Matches
1960,Pablo Maffeo,es ESP,DF,Mallorca,es La Liga,25,1997,35,2975,85,87.0,33.1,34,87,30,1,29,0,1.26,32,41,-9,-0.27,-0.88,Matches
1961,Gabriel Magalhães,br BRA,DF,Arsenal,eng Premier League,24,1997,38,3409,90,99.7,37.9,38,90,36,0,,0,2.21,88,43,+45,+1.19,+1.19,Matches
1962,Lisandro Magallán,ar ARG,DF,Elche,es La Liga,28,1993,14,902,64,26.4,10.0,11,78,7,3,13,6,1.14,14,11,+3,+0.30,+1.73,Matches
1963,Soungoutou Magassa,fr FRA,MF,Monaco,fr Ligue 1,18,2003,2,82,41,2.4,0.9,0,,0,2,41,8,1.00,1,1,0,0.00,-0.32,Matches
1964,Giulio Maggiore,it ITA,MF,Salernitana,it Serie A,24,1998,16,894,56,26.1,9.9,11,65,4,5,36,7,1.00,14,14,0,0.00,+0.50,Matches
1965,Giangiacomo Magnani,it ITA,DF,Hellas Verona,it Serie A,26,1995,24,1532,64,44.8,17.0,19,73,10,5,30,5,1.08,14,24,-10,-0.59,+0.27,Matches
1966,Hugo Magnetti,fr FRA,MF,Brest,fr Ligue 1,24,1998,32,1688,53,49.4,18.8,19,76,6,13,18,5,1.03,20,31,-11,-0.59,-0.64,Matches
1967,Yohann Magnin,fr FRA,MF,Clermont Foot,fr Ligue 1,25,1997,38,2399,63,70.1,26.7,25,86,20,13,19,0,1.55,26,35,-9,-0.34,-0.78,Matches
1968,Federico Magro,it ITA,GK,Lazio,it Serie A,17,2005,0,,,,,0,,0,0,,2,,,,,,,Matches
1969,Harry Maguire,eng ENG,DF,Manchester Utd,eng Premier League,29,1993,16,767,48,22.4,8.5,8,90,8,8,6,15,2.50,15,7,+8,+0.94,+0.70,Matches
1970,Jon Magunazelaia,es ESP,MF,Real Sociedad,es La Liga,21,2001,2,65,33,1.9,0.7,0,,0,2,33,2,0.50,0,2,-2,-2.77,-3.25,Matches
1971,Riyad Mahrez,dz ALG,"MF,FW",Manchester City,eng Premier League,31,1991,30,1920,64,56.1,21.3,22,80,11,8,20,8,2.50,51,23,+28,+1.31,-0.67,Matches
1972,Arne Maier,de GER,MF,Augsburg,de Bundesliga,23,1999,30,1960,65,64.1,21.8,24,77,7,6,19,3,0.90,24,44,-20,-0.92,-0.84,Matches
1973,Mike Maignan,fr FRA,GK,Milan,it Serie A,27,1995,22,1978,90,57.8,22.0,22,90,21,0,,0,1.82,37,21,+16,+0.73,+0.42,Matches
1974,Linton Maina,de GER,"MF,FW",Köln,de Bundesliga,23,1999,33,2239,68,73.2,24.9,27,77,1,6,28,1,1.24,37,36,+1,+0.04,+0.70,Matches
1975,Kobbie Mainoo,eng ENG,MF,Manchester Utd,eng Premier League,17,2005,1,11,11,0.3,0.1,0,,0,1,11,7,3.00,0,0,0,0.00,-0.40,Matches
1976,Ainsley Maitland-Niles,eng ENG,"DF,MF",Southampton,eng Premier League,24,1997,22,1407,64,41.1,15.6,13,86,7,9,32,5,0.64,16,31,-15,-0.96,+0.02,Matches
1977,Jordan Majchrzak,pl POL,FW,Roma,it Serie A,17,2004,1,14,14,0.4,0.2,0,,0,1,14,5,0.00,1,0,+1,+6.43,+6.14,Matches
1978,Lovro Majer,hr CRO,MF,Rennes,fr Ligue 1,24,1998,32,1668,52,48.8,18.5,18,74,6,14,23,1,1.84,34,16,+18,+0.97,+0.35,Matches
1979,Jean-Victor Makengo,fr FRA,MF,Udinese,it Serie A,24,1998,16,805,50,23.5,8.9,11,65,0,5,19,1,1.63,13,11,+2,+0.22,+0.33,Matches
1980,Jean-Victor Makengo,fr FRA,MF,Lorient,fr Ligue 1,24,1998,15,1064,71,31.1,11.8,12,80,7,3,35,0,1.07,9,14,-5,-0.42,-0.58,Matches
1981,Matteo Makhabé,mf SMN,MF,Lille,fr Ligue 1,18,2003,0,,,,,0,,0,0,,2,,,,,,,Matches
1982,Béni Makouana,cg CGO,MF,Montpellier,fr Ligue 1,19,2002,8,198,25,5.8,2.2,1,45,0,7,22,6,1.13,3,3,0,0.00,-0.08,Matches
1983,Nemanja Maksimović,rs SRB,MF,Getafe,es La Liga,27,1995,29,2053,71,60.0,22.8,26,75,9,3,36,7,1.28,19,26,-7,-0.31,-0.04,Matches
1984,Tyrell Malacia,nl NED,DF,Manchester Utd,eng Premier League,22,1999,22,1396,63,40.8,15.5,14,84,10,8,27,15,2.00,22,14,+8,+0.52,+0.20,Matches
1985,Lorenzo Malagrida,it ITA,MF,Sampdoria,it Serie A,18,2003,6,109,18,3.2,1.2,0,,0,6,18,18,0.17,0,5,-5,-4.13,-2.99,Matches
1986,Daniel Maldini,it ITA,"FW,MF",Spezia,it Serie A,20,2001,18,628,35,18.4,7.0,4,57,0,14,29,10,0.61,5,11,-6,-0.86,-0.05,Matches
1987,Youssef Maleh,ma MAR,MF,Fiorentina,it Serie A,23,1998,7,297,42,8.7,3.3,4,64,0,3,14,7,1.29,3,6,-3,-0.91,-1.28,Matches
1988,Youssef Maleh,ma MAR,MF,Lecce,it Serie A,23,1998,17,674,40,19.7,7.5,7,66,0,10,21,3,0.88,6,14,-8,-1.07,-0.90,Matches
1989,Donyell Malen,nl NED,"MF,FW",Dortmund,de Bundesliga,23,1999,26,1706,66,55.8,19.0,22,71,1,4,34,2,2.04,44,24,+20,+1.06,-0.21,Matches
1990,Ruslan Malinovskyi,ua UKR,"MF,FW",Marseille,fr Ligue 1,29,1993,20,1227,61,35.9,13.6,13,78,3,7,31,0,1.70,23,17,+6,+0.44,-0.42,Matches
1991,Ruslan Malinovskyi,ua UKR,MF,Atalanta,it Serie A,29,1993,15,553,37,16.2,6.1,5,68,0,10,21,1,1.67,9,8,+1,+0.16,-0.37,Matches
1992,Hugo Mallo,es ESP,DF,Celta Vigo,es La Liga,31,1991,26,2163,83,63.2,24.0,26,83,17,0,,7,1.12,27,34,-7,-0.29,-0.08,Matches
1993,Maurice Malone,de GER,"FW,MF",Augsburg,de Bundesliga,21,2000,0,,,,,0,,0,0,,3,,,,,,,Matches
1994,Mickael Malsa,mq MTQ,MF,Valladolid,es La Liga,26,1995,5,69,14,2.0,0.8,0,,0,5,14,9,1.80,0,2,-2,-2.61,-1.86,Matches
1995,Giorgi Mamardashvili,ge GEO,GK,Valencia,es La Liga,21,2000,38,3420,90,100.0,38.0,38,90,38,0,,0,1.11,42,45,-3,-0.08,,Matches
1996,Gianluca Mancini,it ITA,DF,Roma,it Serie A,26,1996,35,2858,82,83.6,31.8,33,84,23,2,41,2,1.69,35,28,+7,+0.22,-0.58,Matches
1997,Steve Mandanda,fr FRA,GK,Rennes,fr Ligue 1,37,1985,34,3014,89,88.1,33.5,34,89,32,0,,1,1.82,62,31,+31,+0.93,+1.15,Matches
1998,Reinildo Mandava,mz MOZ,DF,Atlético Madrid,es La Liga,28,1994,22,1857,84,54.3,20.6,22,84,18,0,,1,1.77,29,17,+12,+0.58,-0.86,Matches
1999,Aïssa Mandi,dz ALG,DF,Villarreal,es La Liga,30,1991,21,1461,70,42.7,16.2,16,86,13,5,16,17,1.95,34,17,+17,+1.05,+0.96,Matches
2000,Rolando Mandragora,it ITA,MF,Fiorentina,it Serie A,25,1997,29,1950,67,57.0,21.7,22,82,11,7,22,5,1.55,29,22,+7,+0.32,+0.14,Matches
2001,Sadio Mané,sn SEN,"MF,FW",Bayern Munich,de Bundesliga,30,1992,25,1425,57,46.6,15.8,18,72,4,7,18,1,2.20,43,19,+24,+1.52,-0.14,Matches
2002,Orel Mangala,be BEL,MF,Nottingham Forest,eng Premier League,24,1998,27,1550,57,45.3,17.2,20,70,5,7,20,5,1.19,22,24,-2,-0.12,+1.23,Matches
2003,Thomas Mangani,fr FRA,MF,Ajaccio,fr Ligue 1,35,1987,26,1332,51,38.9,14.8,14,83,6,12,14,3,0.77,8,35,-27,-1.82,-0.79,Matches
2004,Vito Mannone,it ITA,GK,Lorient,fr Ligue 1,34,1988,18,1608,89,47.0,17.9,17,90,17,1,78,9,1.00,19,24,-5,-0.28,-0.48,Matches
2005,Javier Manquillo,es ESP,DF,Newcastle United,eng Premier League,28,1994,4,37,9,1.1,0.4,0,,0,4,9,24,3.00,2,1,+1,+2.43,+1.53,Matches
2006,Gor Manvelyan,am ARM,MF,Nantes,fr Ligue 1,20,2002,0,,,,,0,,0,0,,5,,,,,,,Matches
2007,Myziane Maolida,km COM,FW,Hertha BSC,de Bundesliga,23,1999,3,95,32,3.1,1.1,1,55,0,2,20,7,0.00,1,3,-2,-1.89,-1.14,Matches
2008,Myziane Maolida,km COM,MF,Reims,fr Ligue 1,23,1999,9,232,26,6.8,2.6,2,66,0,7,14,1,1.78,5,1,+4,+1.55,+1.66,Matches
2009,Faitout Maouassa,fr FRA,"MF,DF",Montpellier,fr Ligue 1,24,1998,33,1923,58,56.2,21.4,23,71,4,10,28,0,1.30,39,37,+2,+0.09,+0.03,Matches
2010,Sekou Mara,fr FRA,FW,Southampton,eng Premier League,20,2002,22,555,25,16.2,6.2,4,58,0,18,18,11,0.73,6,10,-4,-0.65,+0.39,Matches
2011,Wanya Marcal-Madivadua,pt POR,MF,Leicester City,eng Premier League,19,2002,0,,,,,0,,0,0,,4,,,,,,,Matches
2012,Marcão,br BRA,DF,Sevilla,es La Liga,26,1996,5,375,75,11.0,4.2,4,90,4,1,15,3,1.40,3,5,-2,-0.48,-0.33,Matches
2013,Solly March,eng ENG,MF,Brighton,eng Premier League,28,1994,33,2715,82,79.4,30.2,31,86,19,2,30,0,1.67,58,40,+18,+0.60,+0.47,Matches
2014,Agustín Marchesín,ar ARG,GK,Celta Vigo,es La Liga,34,1988,19,1710,90,50.0,19.0,19,90,19,0,,0,1.05,18,29,-11,-0.58,-0.63,Matches
2015,Federico Marchetti,it ITA,GK,Spezia,it Serie A,39,1983,1,66,66,1.9,0.7,0,,0,1,66,16,0.50,0,2,-2,-2.73,-1.95,Matches
2016,Vincent Marchetti,fr FRA,MF,Ajaccio,fr Ligue 1,25,1997,31,2452,79,71.7,27.2,29,83,17,2,23,0,0.84,18,46,-28,-1.03,+1.11,Matches
2017,Riccardo Marchizza,it ITA,DF,Sassuolo,it Serie A,24,1998,10,283,28,8.3,3.1,3,62,0,7,14,28,1.70,6,9,-3,-0.95,-0.64,Matches
2018,Gian Marco Fantoni,it ITA,GK,Empoli,it Serie A,18,2004,0,,,,,0,,0,0,,3,,,,,,,Matches
2019,Gian Marco Ferrari,it ITA,DF,Sassuolo,it Serie A,30,1992,33,2223,67,65.0,24.7,24,88,21,9,13,4,1.09,27,41,-14,-0.57,-0.57,Matches
2020,Emiliano Marcondes,dk DEN,"FW,MF",Bournemouth,eng Premier League,27,1995,1,9,9,0.3,0.1,0,,0,1,9,9,0.00,0,1,-1,-10.00,-9.13,Matches
2021,Óscar de Marcos,es ESP,DF,Athletic Club,es La Liga,33,1989,37,2819,76,82.4,31.3,32,84,22,5,25,0,1.30,41,34,+7,+0.22,+0.67,Matches
2022,Davide Marfella,it ITA,GK,Napoli,it Serie A,22,1999,0,,,,,0,,0,0,,37,,,,,,,Matches
2023,Lucas Margueron,fr FRA,GK,Clermont Foot,fr Ligue 1,21,2001,0,,,,,0,,0,0,,8,,,,,,,Matches
2024,Alberto Marí,es ESP,FW,Valencia,es La Liga,21,2001,5,86,17,2.5,1.0,0,,0,5,17,6,1.60,2,0,+2,+2.09,+2.23,Matches
2025,José Mari,es ESP,MF,Cádiz,es La Liga,34,1987,18,397,22,11.6,4.4,2,55,0,16,18,10,1.10,8,9,-1,-0.23,+0.43,Matches
2026,Pablo Marí,es ESP,DF,Monza,it Serie A,28,1993,30,2487,83,72.7,27.6,28,86,25,2,35,1,1.43,37,37,0,0.00,+0.39,Matches
2027,José María Giménez,uy URU,DF,Atlético Madrid,es La Liga,27,1995,28,2423,87,70.8,26.9,26,90,26,2,42,3,2.21,52,21,+31,+1.15,+0.61,Matches
2028,Mariano,do DOM,FW,Real Madrid,es La Liga,28,1993,9,157,17,4.6,1.7,1,58,0,8,12,20,1.22,3,1,+2,+1.15,+0.13,Matches
2029,Mirko Marić,hr CRO,FW,Monza,it Serie A,27,1995,0,,,,,0,,0,0,,1,,,,,,,Matches
2030,Pablo Marín,es ESP,MF,Real Sociedad,es La Liga,19,2003,10,360,36,10.5,4.0,3,74,0,7,20,5,1.70,2,4,-2,-0.50,-1.03,Matches
2031,Răzvan Marin,ro ROU,MF,Empoli,it Serie A,26,1996,33,2538,77,74.2,28.2,28,86,21,5,25,1,1.09,25,39,-14,-0.50,-0.70,Matches
2032,Diego Mariño,es ESP,GK,Almería,es La Liga,32,1990,1,45,45,1.3,0.5,0,,0,1,45,17,0.00,0,2,-2,-4.00,-3.63,Matches
2033,Guillermo Maripán,cl CHI,DF,Monaco,fr Ligue 1,28,1994,26,2157,83,63.1,24.0,25,85,21,1,25,5,1.85,48,32,+16,+0.67,+0.95,Matches
2034,Marlon,br BRA,DF,Monza,it Serie A,26,1995,28,1592,57,46.5,17.7,18,75,10,10,23,5,1.32,15,26,-11,-0.62,-0.97,Matches
2035,Omar Marmoush,eg EGY,"FW,MF",Wolfsburg,de Bundesliga,23,1999,33,1476,45,48.2,16.4,15,69,1,18,24,1,1.45,23,24,-1,-0.06,-0.63,Matches
2036,Mario Maroto,es ESP,MF,Valladolid,es La Liga,18,2003,0,,,,,0,,0,0,,2,,,,,,,Matches
2037,Marquinhos,br BRA,DF,Paris Saint-Germain,fr Ligue 1,28,1994,33,2717,82,79.4,30.2,30,89,26,3,16,0,2.27,71,28,+43,+1.42,+0.66,Matches
2038,Marquinhos,br BRA,MF,Arsenal,eng Premier League,19,2003,1,1,1,0.0,0.0,0,,0,1,1,14,3.00,0,0,0,0.00,-1.18,Matches
2039,Unai Marrero,es ESP,GK,Real Sociedad,es La Liga,20,2001,0,,,,,0,,0,0,,11,,,,,,,Matches
2040,Luca Marrone,it ITA,DF,Monza,it Serie A,32,1990,2,135,68,3.9,1.5,2,68,1,0,,6,0.00,1,4,-3,-2.00,-1.97,Matches
2041,Filip Marschall,eng ENG,GK,Aston Villa,eng Premier League,19,2003,0,,,,,0,,0,0,,1,,,,,,,Matches
2042,Eric Martel,de GER,MF,Köln,de Bundesliga,20,2002,29,2019,70,66.0,22.4,23,81,14,6,25,4,1.21,29,33,-4,-0.18,-0.09,Matches
2043,Roger Martí,es ESP,"FW,MF",Elche,es La Liga,31,1991,12,655,55,19.2,7.3,8,73,1,4,18,6,0.42,3,12,-9,-1.24,-0.33,Matches
2044,Roger Martí,es ESP,FW,Cádiz,es La Liga,31,1991,14,639,46,18.7,7.1,8,68,0,6,16,1,1.43,5,9,-4,-0.56,+0.05,Matches
2045,Anthony Martial,fr FRA,FW,Manchester Utd,eng Premier League,26,1995,21,978,47,28.6,10.9,11,64,0,10,28,0,2.19,16,8,+8,+0.74,+0.48,Matches
2046,Aarón Martín,es ESP,"MF,DF",Mainz 05,de Bundesliga,25,1997,28,1847,66,60.4,20.5,20,83,14,8,23,6,1.25,29,34,-5,-0.24,-0.54,Matches
2047,Ander Martin,es ESP,MF,Real Sociedad,es La Liga,21,2000,3,41,14,1.2,0.5,0,,0,3,14,7,3.00,0,0,0,0.00,-0.43,Matches
2048,Andrés Martín,es ESP,MF,Rayo Vallecano,es La Liga,23,1999,9,205,23,6.0,2.3,3,56,0,6,6,15,0.67,3,1,+2,+0.88,+1.16,Matches
2049,Carlos Martín,es ESP,"FW,MF",Atlético Madrid,es La Liga,20,2002,4,28,7,0.8,0.3,0,,0,4,7,8,1.75,1,1,0,0.00,-0.98,Matches
2050,Daniel Martín,es ESP,GK,Real Betis,es La Liga,24,1998,0,,,,,0,,0,0,,29,,,,,,,Matches
2051,Iván Martín,es ESP,MF,Girona,es La Liga,23,1999,24,1586,66,46.4,17.6,18,79,5,6,27,7,1.63,27,25,+2,+0.11,+0.06,Matches
2052,Jonas Martin,fr FRA,MF,Lille,fr Ligue 1,32,1990,12,277,23,8.1,3.1,2,63,0,10,15,23,2.08,2,5,-3,-0.97,-1.66,Matches
2053,Mario Martín,es ESP,MF,Real Madrid,es La Liga,18,2004,0,,,,,0,,0,0,,3,,,,,,,Matches
2054,Gabriel Martinelli,br BRA,"FW,MF",Arsenal,eng Premier League,21,2001,36,2789,77,81.5,31.0,34,80,16,2,28,0,2.25,72,33,+39,+1.26,+0.40,Matches
2055,Tommaso Martinelli,it ITA,GK,Fiorentina,it Serie A,16,2006,0,,,,,0,,0,0,,4,,,,,,,Matches
2056,Arnau Martinez,es ESP,DF,Girona,es La Liga,19,2003,33,2732,83,79.9,30.4,32,85,25,1,9,3,1.18,46,49,-3,-0.10,-0.88,Matches
2057,Emiliano Martínez,ar ARG,GK,Aston Villa,eng Premier League,29,1992,36,3139,87,91.8,34.9,36,87,34,0,,1,1.61,47,38,+9,+0.26,+1.54,Matches
2058,Iñigo Martínez,es ESP,DF,Athletic Club,es La Liga,31,1991,15,1338,89,39.1,14.9,15,89,14,0,,4,1.80,25,16,+9,+0.61,+0.82,Matches
2059,Javi Martínez,es ESP,MF,Osasuna,es La Liga,22,1999,0,,,,,0,,0,0,,3,,,,,,,Matches
2060,Lautaro Martínez,ar ARG,FW,Inter,it Serie A,24,1997,38,2576,68,75.3,28.6,27,84,18,11,27,0,1.89,59,37,+22,+0.77,+0.02,Matches
2061,Lisandro Martínez,ar ARG,DF,Manchester Utd,eng Premier League,24,1998,27,2114,78,61.8,23.5,24,87,19,3,11,0,1.85,35,33,+2,+0.09,-0.81,Matches
2062,Lucas Martínez Quarta,ar ARG,DF,Fiorentina,it Serie A,26,1996,27,2171,80,63.5,24.1,25,84,20,2,41,8,1.48,33,31,+2,+0.08,-0.49,Matches
2063,Roger Martínez,es ESP,MF,Espanyol,es La Liga,18,2004,1,7,7,0.2,0.1,0,,0,1,7,5,1.00,0,1,-1,-12.86,-12.44,Matches
2064,Gelson Martins,pt POR,MF,Monaco,fr Ligue 1,27,1995,11,345,31,10.1,3.8,3,74,0,8,15,8,2.18,9,6,+3,+0.78,+0.52,Matches
2065,Adam Marušić,me MNE,DF,Lazio,it Serie A,29,1992,33,2760,84,80.7,30.7,31,86,23,2,40,1,1.91,47,25,+22,+0.72,-0.37,Matches
2066,Gabriel Marušić,hr CRO,DF,Bayern Munich,de Bundesliga,19,2003,0,,,,,0,,0,0,,1,,,,,,,Matches
2067,Omar Mascarell,gq EQG,"MF,DF",Elche,es La Liga,29,1993,28,2447,87,71.5,27.2,28,87,25,0,,0,0.46,18,52,-34,-1.25,-0.97,Matches
2068,Adam Masina,ma MAR,"DF,MF",Udinese,it Serie A,28,1994,14,789,56,23.1,8.8,8,82,5,6,22,6,1.07,12,14,-2,-0.23,-0.26,Matches
2069,Jordi Masip,es ESP,GK,Valladolid,es La Liga,33,1989,28,2507,90,73.3,27.9,28,90,27,0,,6,1.14,26,42,-16,-0.57,+0.81,Matches
2070,Erhan Mašović,rs SRB,"DF,MF",Bochum,de Bundesliga,23,1998,29,2178,75,71.2,24.2,23,89,21,6,23,1,1.00,30,46,-16,-0.66,+0.97,Matches
2071,Han-Noah Massengo,fr FRA,MF,Auxerre,fr Ligue 1,21,2001,14,1116,80,32.6,12.4,13,84,8,1,22,0,1.07,11,13,-2,-0.16,+0.85,Matches
2072,Yanis Massolin,fr FRA,MF,Clermont Foot,fr Ligue 1,19,2002,6,60,10,1.8,0.7,0,,0,6,10,13,1.33,1,0,+1,+1.50,+1.63,Matches
2073,Jaime Mata,es ESP,"FW,MF",Getafe,es La Liga,33,1988,18,437,24,12.8,4.9,5,76,1,13,4,15,1.42,8,5,+3,+0.62,+1.04,Matches
2074,Pape Matar Sarr,sn SEN,MF,Tottenham Hotspur,eng Premier League,19,2002,11,218,20,6.4,2.4,2,49,0,9,13,15,1.45,6,10,-4,-1.65,-1.96,Matches
2075,Matas,es ESP,GK,Girona,es La Liga,20,2002,0,,,,,0,,0,0,,2,,,,,,,Matches
2076,Eliot Matazo,be BEL,MF,Monaco,fr Ligue 1,20,2002,23,1175,51,34.4,13.1,13,75,7,10,20,11,1.65,20,21,-1,-0.08,-0.60,Matches
2077,Jean-Philippe Mateta,fr FRA,FW,Crystal Palace,eng Premier League,25,1997,29,770,27,22.5,8.6,6,65,0,23,17,8,1.10,5,10,-5,-0.58,-0.45,Matches
2078,Nemanja Matić,rs SRB,MF,Roma,it Serie A,33,1988,35,1852,53,54.2,20.6,16,85,11,19,26,1,1.69,34,23,+11,+0.53,+0.48,Matches
2079,Joël Matip,cm CMR,DF,Liverpool,eng Premier League,30,1991,14,1092,78,31.9,12.1,12,86,10,2,28,15,1.29,21,20,+1,+0.08,-0.96,Matches
2080,Henning Matriciani,de GER,DF,Schalke 04,de Bundesliga,22,2000,22,1863,85,60.9,20.7,22,85,17,0,,10,1.09,27,42,-15,-0.72,+0.85,Matches
2081,Chrislain Matsima,fr FRA,DF,Lorient,fr Ligue 1,20,2002,6,227,38,6.6,2.5,2,90,2,4,12,8,1.67,3,5,-2,-0.79,-0.82,Matches
2082,Chrislain Matsima,fr FRA,DF,Monaco,fr Ligue 1,20,2002,8,446,56,13.0,5.0,5,79,3,3,16,8,1.38,5,10,-5,-1.01,-1.52,Matches
2083,Jean Mattéo Bahoya,fr FRA,FW,Angers,fr Ligue 1,17,2005,10,270,27,7.9,3.0,2,66,0,8,17,10,0.40,3,5,-2,-0.67,+0.65,Matches
2084,Azor Matusiwa,nl NED,MF,Reims,fr Ligue 1,24,1998,30,2484,83,72.6,27.6,29,85,19,1,28,0,1.47,34,29,+5,+0.18,+0.66,Matches
2085,Neal Maupay,fr FRA,"FW,MF",Brighton,eng Premier League,25,1996,0,,,,,0,,0,0,,2,,,,,,,Matches
2086,Neal Maupay,fr FRA,FW,Everton,eng Premier League,25,1996,27,1118,41,32.7,12.4,11,78,1,16,16,6,1.00,12,19,-7,-0.56,+0.06,Matches
2087,Aïman Maurer,ma MAR,MF,Clermont Foot,fr Ligue 1,17,2004,10,501,50,14.6,5.6,6,74,0,4,14,9,1.50,4,10,-6,-1.08,-1.14,Matches
2088,Stephy Mavididi,eng ENG,"MF,FW",Montpellier,fr Ligue 1,24,1998,26,1288,50,37.7,14.3,14,70,2,12,26,1,1.31,23,24,-1,-0.07,-0.24,Matches
2089,Konstantinos Mavropanos,gr GRE,DF,Stuttgart,de Bundesliga,24,1997,28,2286,82,74.7,25.4,26,87,23,2,11,0,1.00,32,44,-12,-0.47,-0.47,Matches
2090,Christian Mawissa,fr FRA,DF,Toulouse,fr Ligue 1,17,2005,2,98,49,2.9,1.1,1,90,1,1,8,5,1.50,1,6,-5,-4.59,-4.56,Matches
2091,Philipp Max,de GER,MF,Eintracht Frankfurt,de Bundesliga,28,1993,10,694,69,22.7,7.7,8,79,3,2,32,0,1.20,11,13,-2,-0.26,-0.56,Matches
2092,Eric Maxim Choupo-Moting,cm CMR,FW,Bayern Munich,de Bundesliga,33,1989,19,1112,59,36.3,12.4,14,74,4,5,16,1,2.16,38,13,+25,+2.02,+0.68,Matches
2093,Luís Maximiano,pt POR,GK,Lazio,it Serie A,23,1999,1,5,5,0.1,0.1,1,5,0,0,,36,3.00,0,0,0,0.00,-0.79,Matches
2094,Fernand Mayembo,cg CGO,DF,Ajaccio,fr Ligue 1,26,1996,11,707,64,20.7,7.9,8,78,5,3,28,9,0.36,5,18,-13,-1.65,-0.39,Matches
2095,Borja Mayoral,es ESP,FW,Getafe,es La Liga,25,1997,35,2759,79,80.7,30.7,33,82,14,2,19,3,1.00,26,40,-14,-0.46,-0.87,Matches
2096,Ibrahim Maza,dz ALG,MF,Hertha BSC,de Bundesliga,16,2005,2,71,36,2.3,0.8,0,,0,2,36,4,1.50,2,2,0,0.00,+0.81,Matches
2097,Derek Mazou-Sacko,fr FRA,MF,Troyes,fr Ligue 1,17,2004,1,16,16,0.5,0.2,0,,0,1,16,7,1.00,0,0,0,0.00,+0.95,Matches
2098,Noussair Mazraoui,ma MAR,DF,Bayern Munich,de Bundesliga,24,1997,19,1075,57,35.1,11.9,11,81,5,8,23,7,2.32,37,18,+19,+1.59,0.00,Matches
2099,Pasquale Mazzocchi,it ITA,MF,Salernitana,it Serie A,27,1995,27,1958,73,57.3,21.8,23,80,10,4,31,1,1.30,28,34,-6,-0.28,+0.22,Matches
2100,Kevin Mbabu,ch SUI,DF,Fulham,eng Premier League,27,1995,6,144,24,4.2,1.6,1,44,0,5,20,8,0.67,2,7,-5,-3.12,-3.32,Matches
2101,Noah Mbamba,be BEL,MF,Leverkusen,de Bundesliga,17,2005,1,1,1,0.0,0.0,0,,0,1,1,11,0.00,0,0,0,0.00,-0.24,Matches
2102,Kylian Mbappé,fr FRA,FW,Paris Saint-Germain,fr Ligue 1,23,1998,34,2818,83,82.4,31.3,32,86,26,2,34,0,2.24,73,33,+40,+1.28,-0.07,Matches
2103,Ibrahima Mbaye,sn SEN,"DF,MF",Bologna,it Serie A,27,1994,0,,,,,0,,0,0,,3,,,,,,,Matches
2104,Mamadou Mbaye,sn SEN,DF,Cádiz,es La Liga,24,1998,14,760,54,22.2,8.4,7,81,6,7,27,14,1.36,5,17,-12,-1.42,-1.05,Matches
2105,Loïc Mbe Soh,fr FRA,DF,Nottingham Forest,eng Premier League,21,2001,0,,,,,0,,0,0,,2,,,,,,,Matches
2106,Chancel Mbemba,cd COD,DF,Marseille,fr Ligue 1,27,1994,36,2849,79,83.3,31.7,32,86,27,4,26,1,1.94,56,33,+23,+0.73,+0.10,Matches
2107,Luke Mbete-Tatu,eng ENG,DF,Manchester City,eng Premier League,18,2003,0,,,,,0,,0,0,,2,,,,,,,Matches
2108,Bryan Mbeumo,cm CMR,FW,Brentford,eng Premier League,22,1999,38,2906,76,85.0,32.3,36,79,10,2,24,0,1.55,50,39,+11,+0.34,+0.17,Matches
2109,Hianga'a Mbock,fr FRA,MF,Brest,fr Ligue 1,22,1999,2,15,8,0.4,0.2,0,,0,2,8,2,2.00,0,0,0,0.00,+0.26,Matches
2110,Jason Mbock,fr FRA,FW,Angers,fr Ligue 1,22,1999,2,25,13,0.7,0.3,0,,0,2,13,4,0.00,0,2,-2,-7.20,-5.98,Matches
2111,Jean-Manuel Mbom,de GER,"DF,MF",Werder Bremen,de Bundesliga,22,2000,2,6,3,0.2,0.1,0,,0,2,3,9,0.00,0,2,-2,-30.00,-29.68,Matches
2112,Moustapha Mbow,sn SEN,DF,Reims,fr Ligue 1,22,2000,0,,,,,0,,0,0,,2,,,,,,,Matches
2113,Nathanael Mbuku,cd COD,MF,Augsburg,de Bundesliga,20,2002,2,34,17,1.1,0.4,0,,0,2,17,11,0.00,1,0,+1,+2.65,+3.30,Matches
2114,Nathanael Mbuku,cd COD,MF,Reims,fr Ligue 1,20,2002,6,66,11,1.9,0.7,0,,0,6,11,7,1.00,1,2,-1,-1.36,-1.39,Matches
2115,Sean McAllister,nir NIR,MF,Everton,eng Premier League,19,2002,0,,,,,0,,0,0,,2,,,,,,,Matches
2116,James McArthur,sct SCO,MF,Crystal Palace,eng Premier League,34,1987,4,54,14,1.6,0.6,0,,0,4,14,8,1.75,0,0,0,0.00,+0.24,Matches
2117,Kasey McAteer,ie IRL,MF,Leicester City,eng Premier League,20,2001,0,,,,,0,,0,0,,3,,,,,,,Matches
2118,Alex McCarthy,eng ENG,GK,Southampton,eng Premier League,32,1989,6,540,90,15.8,6.0,6,90,6,0,,21,0.17,9,17,-8,-1.33,-0.43,Matches
2119,Tom McGill,eng ENG,GK,Brighton,eng Premier League,22,2000,0,,,,,0,,0,0,,6,,,,,,,Matches
2120,John McGinn,sct SCO,MF,Aston Villa,eng Premier League,27,1994,34,2693,79,78.7,29.9,30,86,22,4,26,1,1.59,36,31,+5,+0.17,+0.17,Matches
2121,Scott McKenna,sct SCO,DF,Nottingham Forest,eng Premier League,25,1996,20,1571,79,45.9,17.5,19,82,16,1,16,5,0.85,14,32,-18,-1.03,-0.45,Matches
2122,Weston McKennie,us USA,MF,Leeds United,eng Premier League,23,1998,19,1437,76,42.0,16.0,16,85,9,3,28,0,0.68,20,35,-15,-0.94,-0.26,Matches
2123,Weston McKennie,us USA,MF,Juventus,it Serie A,23,1998,15,1052,70,30.8,11.7,13,76,6,2,30,1,1.73,15,13,+2,+0.17,-0.63,Matches
2124,Dwight McNeil,eng ENG,"MF,FW",Everton,eng Premier League,22,1999,36,2498,69,73.0,27.8,28,83,19,8,22,2,0.97,26,46,-20,-0.72,-0.43,Matches
2125,Scott McTominay,sct SCO,MF,Manchester Utd,eng Premier League,25,1996,24,1160,48,33.9,12.9,10,85,7,14,22,2,2.00,17,20,-3,-0.23,-0.95,Matches
2126,Gary Medel,cl CHI,"MF,DF",Bologna,it Serie A,34,1987,29,1478,51,43.2,16.4,17,76,6,12,15,5,1.45,24,25,-1,-0.06,-0.29,Matches
2127,Facundo Medina,ar ARG,DF,Lens,fr Ligue 1,23,1999,32,2779,87,81.3,30.9,32,87,27,0,,2,2.19,52,25,+27,+0.87,-0.81,Matches
2128,Fernando Medrano,es ESP,DF,Celta Vigo,es La Liga,22,2000,1,13,13,0.4,0.1,0,,0,1,13,8,0.00,0,0,0,0.00,+0.26,Matches
2129,Ben Mee,eng ENG,DF,Brentford,eng Premier League,32,1989,37,3269,88,95.6,36.3,37,88,34,0,,1,1.59,56,40,+16,+0.44,+2.82,Matches
2130,Bamo Meïté,ci CIV,DF,Lorient,fr Ligue 1,20,2001,17,1503,88,43.9,16.7,16,90,15,1,69,9,1.17,20,23,-3,-0.18,-0.27,Matches
2131,Soualiho Meïté,fr FRA,MF,Cremonese,it Serie A,28,1994,31,2366,76,69.2,26.3,28,82,19,3,21,1,0.84,24,47,-23,-0.87,-0.02,Matches
2132,Farid El Melali,dz ALG,"DF,MF",Angers,fr Ligue 1,25,1997,17,806,47,23.6,9.0,9,72,1,8,20,3,0.41,5,15,-10,-1.12,+0.19,Matches
2133,Gonzalo Melero,es ESP,MF,Almería,es La Liga,28,1994,27,1855,69,54.2,20.6,24,74,1,3,30,2,1.26,34,28,+6,+0.29,+1.56,Matches
2134,Birger Meling,no NOR,DF,Rennes,fr Ligue 1,27,1994,27,1209,45,35.4,13.4,10,85,6,17,21,4,1.89,25,14,+11,+0.82,+0.05,Matches
2135,Arthur Melo,br BRA,MF,Liverpool,eng Premier League,25,1996,0,,,,,0,,0,0,,7,,,,,,,Matches
2136,Memphis,nl NED,FW,Barcelona,es La Liga,28,1994,2,114,57,3.3,1.3,2,57,0,0,,6,3.00,4,0,+4,+3.16,+1.91,Matches
2137,Memphis,nl NED,FW,Atlético Madrid,es La Liga,28,1994,8,270,34,7.9,3.0,3,62,0,5,17,2,2.75,9,1,+8,+2.67,+1.84,Matches
2138,Houboulang Mendes,gw GNB,DF,Almería,es La Liga,24,1998,14,886,63,25.9,9.8,11,74,4,3,25,20,1.00,12,28,-16,-1.63,-1.63,Matches
2139,Nuno Mendes,pt POR,"MF,DF",Paris Saint-Germain,fr Ligue 1,20,2002,23,1548,67,45.3,17.2,18,79,8,5,26,1,2.52,45,16,+29,+1.69,+0.72,Matches
2140,Pedro Mendes,pt POR,DF,Montpellier,fr Ligue 1,31,1990,1,13,13,0.4,0.1,0,,0,1,13,7,0.00,1,1,0,0.00,-0.08,Matches
2141,Thiago Mendes,br BRA,"MF,DF",Lyon,fr Ligue 1,30,1992,31,2063,67,60.3,22.9,22,84,14,9,23,6,1.55,32,25,+7,+0.31,-0.42,Matches
2142,Brais Méndez,es ESP,MF,Real Sociedad,es La Liga,25,1997,34,2407,71,70.4,26.7,28,78,12,6,36,1,1.79,40,25,+15,+0.56,+0.47,Matches
2143,Diego Méndez,es ESP,MF,Rayo Vallecano,es La Liga,18,2003,1,1,1,0.0,0.0,0,,0,1,1,5,1.00,0,0,0,0.00,+0.21,Matches
2144,Leonardo Mendicino,it ITA,MF,Atalanta,it Serie A,16,2006,0,,,,,0,,0,0,,4,,,,,,,Matches
2145,Rodrigo Mendoza,es ESP,MF,Elche,es La Liga,17,2005,0,,,,,0,,0,0,,2,,,,,,,Matches
2146,Antoine Mendy,sn SEN,"DF,MF",Nice,fr Ligue 1,18,2004,11,518,47,15.1,5.8,7,71,2,4,6,14,1.64,10,5,+5,+0.87,+0.68,Matches
2147,Arial Mendy,sn SEN,MF,Clermont Foot,fr Ligue 1,27,1994,5,223,45,6.5,2.5,1,90,1,4,33,9,0.80,2,3,-1,-0.40,-0.32,Matches
2148,Batista Mendy,fr FRA,"MF,DF",Angers,fr Ligue 1,22,2000,35,2859,82,83.6,31.8,35,82,22,0,,0,0.51,25,71,-46,-1.45,-1.13,Matches
2149,Edouard Mendy,sn SEN,GK,Chelsea,eng Premier League,30,1992,10,855,86,25.0,9.5,9,90,9,1,45,13,1.10,11,14,-3,-0.32,-0.11,Matches
2150,Ferland Mendy,fr FRA,DF,Real Madrid,es La Liga,27,1995,18,1351,75,39.5,15.0,17,78,6,1,29,5,2.11,26,17,+9,+0.60,-0.71,Matches
2151,Nampalys Mendy,sn SEN,MF,Leicester City,eng Premier League,30,1992,19,757,40,22.1,8.4,7,72,2,12,21,14,1.42,12,13,-1,-0.12,+0.42,Matches
2152,Gideon Mensah,gh GHA,"DF,MF",Auxerre,fr Ligue 1,24,1998,26,2262,87,66.1,25.1,26,87,24,0,,2,0.77,18,45,-27,-1.07,-1.00,Matches
2153,Chris Mepham,wls WAL,DF,Bournemouth,eng Premier League,24,1997,26,2199,85,64.3,24.4,24,90,23,2,24,7,1.00,23,52,-29,-1.19,-0.82,Matches
2154,Jorge Meré,es ESP,DF,Cádiz,es La Liga,25,1997,10,601,60,17.6,6.7,6,84,4,4,24,6,1.50,6,10,-4,-0.60,+0.01,Matches
2155,Alex Meret,it ITA,GK,Napoli,it Serie A,25,1997,34,3060,90,89.5,34.0,34,90,34,0,,4,2.44,72,24,+48,+1.41,+1.16,Matches
2156,Mikel Merino,es ESP,MF,Real Sociedad,es La Liga,26,1996,33,2494,76,72.9,27.7,28,84,18,5,30,0,1.85,37,31,+6,+0.22,-0.76,Matches
2157,Quentin Merlin,fr FRA,"DF,MF",Nantes,fr Ligue 1,20,2002,24,1791,75,52.4,19.9,22,81,8,2,10,1,0.96,19,28,-9,-0.45,+0.04,Matches
2158,Davide Merola,it ITA,FW,Empoli,it Serie A,22,2000,0,,,,,0,,0,0,,1,,,,,,,Matches
2159,Yıldırım Mert Çetin,tr TUR,DF,Lecce,it Serie A,25,1997,1,20,20,0.6,0.2,1,20,0,0,,9,0.00,0,1,-1,-4.50,-4.18,Matches
2160,Roque Mesa,es ESP,MF,Valladolid,es La Liga,33,1989,29,1617,56,47.3,18.0,20,69,3,9,26,6,1.13,15,24,-9,-0.50,+0.55,Matches
2161,Illan Meslier,fr FRA,GK,Leeds United,eng Premier League,22,2000,34,3060,90,89.5,34.0,34,90,34,0,,4,0.88,43,67,-24,-0.71,+0.79,Matches
2162,Lionel Messi,ar ARG,"FW,MF",Paris Saint-Germain,fr Ligue 1,35,1987,32,2837,89,83.0,31.5,32,89,27,0,,0,2.34,77,31,+46,+1.46,+1.00,Matches
2163,Junior Messias,br BRA,MF,Milan,it Serie A,31,1991,25,1498,60,43.8,16.6,19,70,3,6,29,4,1.80,32,19,+13,+0.78,+0.41,Matches
2164,Amine Messoussa,dz ALG,FW,Lille,fr Ligue 1,17,2004,1,1,1,0.0,0.0,0,,0,1,1,1,3.00,0,0,0,0.00,-0.55,Matches
2165,Sergio Mestre,es ESP,GK,Atlético Madrid,es La Liga,17,2005,0,,,,,0,,0,0,,2,,,,,,,Matches
2166,Thomas Meunier,be BEL,"DF,MF",Dortmund,de Bundesliga,30,1991,10,585,59,19.1,6.5,7,77,5,3,15,6,2.10,5,9,-4,-0.62,-2.18,Matches
2167,Alexander Meyer,de GER,GK,Dortmund,de Bundesliga,31,1991,7,630,90,20.6,7.0,7,90,7,0,,27,1.57,15,12,+3,+0.43,-0.90,Matches
2168,Alessandro Micai,it ITA,GK,Salernitana,it Serie A,29,1993,0,,,,,0,,0,0,,9,,,,,,,Matches
2169,Corentin Michel,be BEL,GK,Troyes,fr Ligue 1,22,2000,0,,,,,0,,0,0,,1,,,,,,,Matches
2170,Sven Michel,de GER,FW,Union Berlin,de Bundesliga,32,1990,21,495,24,16.2,5.5,2,74,1,19,18,11,1.62,8,5,+3,+0.55,+0.19,Matches
2171,Alex Mighten,eng ENG,"FW,MF",Nottingham Forest,eng Premier League,20,2002,1,8,8,0.2,0.1,0,,0,1,8,5,0.00,0,0,0,0.00,+0.79,Matches
2172,Miguelito,es ESP,DF,Mallorca,es La Liga,21,2001,0,,,,,0,,0,0,,1,,,,,,,Matches
2173,Tommaso Milanese,it ITA,MF,Cremonese,it Serie A,20,2002,2,27,14,0.8,0.3,0,,0,2,14,18,0.00,0,1,-1,-3.33,-2.48,Matches
2174,Nikola Milenković,rs SRB,DF,Fiorentina,it Serie A,24,1997,27,2137,79,62.5,23.7,23,86,21,4,39,9,1.48,34,27,+7,+0.29,+0.08,Matches
2175,Lewis Miley,eng ENG,MF,Newcastle United,eng Premier League,16,2006,1,15,15,0.4,0.2,0,,0,1,15,3,1.00,0,0,0,0.00,-0.93,Matches
2176,Arkadiusz Milik,pl POL,FW,Marseille,fr Ligue 1,28,1994,2,129,65,3.8,1.4,2,65,0,0,,1,2.00,3,1,+2,+1.40,+0.71,Matches
2177,Arkadiusz Milik,pl POL,FW,Juventus,it Serie A,28,1994,27,1586,59,46.4,17.6,17,77,6,10,28,1,1.74,27,13,+14,+0.79,+0.35,Matches
2178,Sergej Milinković-Savić,rs SRB,MF,Lazio,it Serie A,27,1995,36,3022,84,88.4,33.6,34,87,25,2,37,1,1.89,53,27,+26,+0.77,-0.13,Matches
2179,Vanja Milinković-Savić,rs SRB,GK,Torino,it Serie A,25,1997,38,3420,90,100.0,38.0,38,90,38,0,,0,1.39,42,41,+1,+0.03,,Matches
2180,Éder Militão,br BRA,DF,Real Madrid,es La Liga,24,1998,33,2703,82,79.0,30.0,30,88,28,3,22,2,2.00,60,29,+31,+1.03,+0.03,Matches
2181,Luka Milivojević,rs SRB,MF,Crystal Palace,eng Premier League,31,1991,18,512,28,15.0,5.7,5,68,1,13,13,16,1.44,5,7,-2,-0.35,-0.13,Matches
2182,Luis Milla,es ESP,MF,Getafe,es La Liga,27,1994,27,1856,69,54.3,20.6,22,79,12,5,23,3,1.15,15,21,-6,-0.29,0.00,Matches
2183,Pere Milla,es ESP,"FW,MF",Elche,es La Liga,29,1992,31,1843,59,53.9,20.5,21,77,8,10,23,0,0.69,18,43,-25,-1.22,-0.54,Matches
2184,Enzo Millot,fr FRA,MF,Stuttgart,de Bundesliga,20,2002,23,890,39,29.1,9.9,9,73,2,14,17,6,1.04,14,19,-5,-0.51,-0.22,Matches
2185,Stanley Mills,eng ENG,MF,Everton,eng Premier League,18,2003,0,,,,,0,,0,0,,7,,,,,,,Matches
2186,James Milner,eng ENG,"MF,DF",Liverpool,eng Premier League,36,1986,31,913,29,26.7,10.1,7,77,3,24,16,3,1.84,17,12,+5,+0.49,-0.33,Matches
2187,Marko Milovanović,rs SRB,FW,Almería,es La Liga,18,2003,2,15,8,0.4,0.2,0,,0,2,8,3,0.00,0,1,-1,-6.00,-5.60,Matches
2188,Kim Min-jae,kr KOR,DF,Napoli,it Serie A,25,1996,35,3050,87,89.2,33.9,35,87,30,0,,2,2.40,70,24,+46,+1.36,+0.63,Matches
2189,Yerry Mina,co COL,DF,Everton,eng Premier League,27,1994,7,594,85,17.4,6.6,7,85,5,0,,17,1.00,8,9,-1,-0.15,+0.55,Matches
2190,Takumi Minamino,jp JPN,"MF,FW",Monaco,fr Ligue 1,27,1995,18,724,40,21.2,8.0,10,58,0,8,18,19,1.83,13,9,+4,+0.50,+0.23,Matches
2191,Tyrone Mings,eng ENG,DF,Aston Villa,eng Premier League,29,1993,35,3150,90,92.1,35.0,35,90,35,0,,1,1.74,50,40,+10,+0.29,+1.95,Matches
2192,Óscar Mingueza,es ESP,DF,Celta Vigo,es La Liga,23,1999,21,1284,61,37.5,14.3,13,84,8,8,24,6,1.14,15,20,-5,-0.35,-0.14,Matches
2193,Rafa Mir,es ESP,FW,Sevilla,es La Liga,25,1997,26,1298,50,38.0,14.4,16,71,7,10,16,12,1.15,18,25,-7,-0.49,-0.49,Matches
2194,Aleksei Miranchuk,ru RUS,MF,Torino,it Serie A,26,1995,29,2089,72,61.1,23.2,24,82,12,5,26,1,1.38,29,24,+5,+0.22,+0.49,Matches
2195,Juan Miranda,es ESP,DF,Real Betis,es La Liga,22,2000,21,1472,70,43.0,16.4,16,85,11,5,22,16,1.57,20,18,+2,+0.12,-0.02,Matches
2196,Antonio Mirante,it ITA,GK,Milan,it Serie A,39,1983,1,2,2,0.1,0.0,0,,0,1,2,37,3.00,1,0,+1,+45.00,+44.47,Matches
2197,Fabio Miretti,it ITA,"MF,FW",Juventus,it Serie A,18,2003,27,1234,46,36.1,13.7,14,67,1,13,23,7,1.78,14,9,+5,+0.36,-0.38,Matches
2198,Filippo Missori,it ITA,"MF,DF",Roma,it Serie A,18,2004,3,181,60,5.3,2.0,2,90,2,1,1,2,0.33,1,2,-1,-0.50,-0.86,Matches
2199,Tyrick Mitchell,eng ENG,DF,Crystal Palace,eng Premier League,22,1999,36,2891,80,84.5,32.1,34,84,27,2,19,0,1.17,36,38,-2,-0.06,+1.13,Matches
2200,Kaoru Mitoma,jp JPN,MF,Brighton,eng Premier League,25,1997,33,2318,70,67.8,25.8,24,88,16,9,24,2,1.67,48,35,+13,+0.50,+0.01,Matches
2201,Aleksandar Mitrović,rs SRB,FW,Fulham,eng Premier League,27,1994,24,2008,84,58.7,22.3,23,86,14,1,26,0,1.50,33,29,+4,+0.18,+0.31,Matches
2202,Stefan Mitrović,rs SRB,DF,Getafe,es La Liga,32,1990,22,1680,76,49.1,18.7,18,89,16,4,22,16,1.36,16,17,-1,-0.05,+0.46,Matches
2203,Maximilian Mittelstädt,de GER,"DF,MF",Hertha BSC,de Bundesliga,25,1997,17,849,50,27.7,9.4,7,79,4,10,30,14,0.94,9,15,-6,-0.64,+0.22,Matches
2204,Henrikh Mkhitaryan,am ARM,MF,Inter,it Serie A,33,1989,31,1986,64,58.1,22.1,24,75,6,7,26,1,1.84,44,18,+26,+1.18,+0.99,Matches
2205,Anthony Modeste,fr FRA,FW,Dortmund,de Bundesliga,34,1988,19,813,43,26.6,9.0,7,83,3,12,19,12,1.79,13,9,+4,+0.44,-0.96,Matches
2206,Luka Modrić,hr CRO,MF,Real Madrid,es La Liga,36,1985,33,1744,53,51.0,19.4,19,76,4,14,22,1,2.12,41,20,+21,+1.08,+0.12,Matches
2207,Terem Moffi,ng NGA,FW,Nice,fr Ligue 1,23,1999,16,1328,83,38.8,14.8,15,86,9,1,45,0,1.63,22,15,+7,+0.47,+0.30,Matches
2208,Terem Moffi,ng NGA,FW,Lorient,fr Ligue 1,23,1999,18,1386,77,40.5,15.4,17,80,6,1,31,0,1.72,25,25,0,0.00,+0.04,Matches
2209,Mostafa Mohamed,eg EGY,FW,Nantes,fr Ligue 1,24,1997,36,1939,54,56.7,21.5,18,77,6,18,31,1,0.89,27,33,-6,-0.28,+0.45,Matches
2210,Tobias Mohr,de GER,"DF,MF",Schalke 04,de Bundesliga,26,1995,18,839,47,27.4,9.3,8,76,4,10,23,8,0.78,11,16,-5,-0.54,+0.72,Matches
2211,Johan Mojica,co COL,DF,Villarreal,es La Liga,29,1992,17,642,38,18.8,7.1,5,89,4,12,16,18,1.41,9,12,-3,-0.42,-1.13,Matches
2212,Johan Mojica,co COL,"DF,MF",Elche,es La Liga,29,1992,3,270,90,7.9,3.0,3,90,3,0,,0,0.33,1,5,-4,-1.33,-0.39,Matches
2213,Clinton Mola,eng ENG,"DF,MF",Stuttgart,de Bundesliga,21,2001,1,15,15,0.5,0.2,0,,0,1,15,2,1.00,0,0,0,0.00,+0.35,Matches
2214,Nahuel Molina,ar ARG,DF,Atlético Madrid,es La Liga,24,1998,33,2867,87,83.8,31.9,33,87,28,0,,1,2.03,58,28,+30,+0.94,-0.20,Matches
2215,Salvatore Molina,it ITA,MF,Monza,it Serie A,30,1992,5,229,46,6.7,2.5,1,79,0,4,38,2,0.20,1,6,-5,-1.97,-1.99,Matches
2216,Florent Mollet,fr FRA,MF,Schalke 04,de Bundesliga,30,1991,9,410,46,13.4,4.6,4,72,1,5,24,3,0.56,3,13,-10,-2.20,-1.31,Matches
2217,Florent Mollet,fr FRA,MF,Nantes,fr Ligue 1,30,1991,19,1089,57,31.8,12.1,11,79,5,8,28,0,0.79,9,21,-12,-0.99,-0.76,Matches
2218,Madi Monamay,be BEL,DF,Leverkusen,de Bundesliga,16,2006,0,,,,,0,,0,0,,1,,,,,,,Matches
2219,Jon Moncayola,es ESP,"MF,DF",Osasuna,es La Liga,24,1998,37,2448,66,71.6,27.2,25,86,16,12,25,0,1.43,24,36,-12,-0.44,-1.09,Matches
2220,Monchu,es ESP,MF,Valladolid,es La Liga,22,1999,33,2031,62,59.4,22.6,23,78,13,10,24,3,0.97,17,41,-24,-1.06,-0.67,Matches
2221,Eric Monjonell,es ESP,DF,Girona,es La Liga,20,2001,0,,,,,0,,0,0,,1,,,,,,,Matches
2222,Diogo Monteiro,pt POR,DF,Leeds United,eng Premier League,17,2005,0,,,,,0,,0,0,,3,,,,,,,Matches
2223,César Montes,mx MEX,DF,Espanyol,es La Liga,25,1997,20,1590,80,46.5,17.7,18,87,17,2,11,0,0.90,26,40,-14,-0.79,-0.64,Matches
2224,Daniele Montevago,it ITA,FW,Sampdoria,it Serie A,19,2003,6,231,39,6.8,2.6,3,63,1,3,14,3,0.50,0,4,-4,-1.56,-0.34,Matches
2225,Cristóbal Montiel,es ESP,MF,Mallorca,es La Liga,22,2000,0,,,,,0,,0,0,,2,,,,,,,Matches
2226,Gonzalo Montiel,ar ARG,DF,Sevilla,es La Liga,25,1997,28,1524,54,44.6,16.9,17,74,8,11,24,6,1.25,18,28,-10,-0.59,-0.73,Matches
2227,Luis Montiel,es ESP,MF,Mallorca,es La Liga,18,2004,0,,,,,0,,0,0,,2,,,,,,,Matches
2228,Lorenzo Montipò,it ITA,GK,Hellas Verona,it Serie A,26,1996,37,3330,90,97.4,37.0,37,90,37,0,,0,0.87,31,59,-28,-0.76,-0.76,Matches
2229,Martín Montoya,es ESP,DF,Real Betis,es La Liga,31,1991,6,453,76,13.2,5.0,6,76,3,0,,28,1.17,6,10,-4,-0.79,-1.07,Matches
2230,Kieffer Moore,wls WAL,FW,Bournemouth,eng Premier League,29,1992,27,1279,47,37.4,14.2,12,86,8,15,17,8,0.85,11,33,-22,-1.55,-1.04,Matches
2231,Andrew Moran,ie IRL,MF,Brighton,eng Premier League,18,2003,1,12,12,0.4,0.1,0,,0,1,12,12,3.00,0,1,-1,-7.50,-8.03,Matches
2232,Álvaro Morata,es ESP,FW,Atlético Madrid,es La Liga,29,1992,36,1900,53,55.6,21.1,23,68,3,13,25,1,2.03,40,10,+30,+1.42,+1.01,Matches
2233,Jon Morcillo,es ESP,MF,Athletic Club,es La Liga,23,1998,10,76,8,2.2,0.8,0,,0,10,8,9,2.20,2,1,+1,+1.18,+1.10,Matches
2234,Alberto Moreno,es ESP,DF,Villarreal,es La Liga,30,1992,24,1296,54,37.9,14.4,14,78,3,10,20,6,1.96,24,15,+9,+0.62,+0.20,Matches
2235,Alberto Moreno,es ESP,MF,Atlético Madrid,es La Liga,20,2002,0,,,,,0,,0,0,,3,,,,,,,Matches
2236,Álex Moreno,es ESP,DF,Aston Villa,eng Premier League,29,1993,19,1329,70,38.9,14.8,14,81,5,5,40,0,1.89,23,10,+13,+0.88,+1.22,Matches
2237,Álex Moreno,es ESP,DF,Real Betis,es La Liga,29,1993,15,1350,90,39.5,15.0,15,90,15,0,,1,1.80,19,13,+6,+0.40,+0.44,Matches
2238,Diego Moreno,es ESP,DF,Osasuna,es La Liga,21,2001,11,638,58,18.7,7.1,7,85,4,4,11,7,1.45,6,9,-3,-0.42,-0.36,Matches
2239,Diego Moreno,es ESP,DF,Valladolid,es La Liga,20,2002,0,,,,,0,,0,0,,1,,,,,,,Matches
2240,Gerard Moreno,es ESP,FW,Villarreal,es La Liga,30,1992,21,1230,59,36.0,13.7,14,78,7,7,19,1,2.05,21,9,+12,+0.88,+0.59,Matches
2241,Marco Moreno,es ESP,DF,Atlético Madrid,es La Liga,21,2001,0,,,,,0,,0,0,,16,,,,,,,Matches
2242,Marlos Moreno,co COL,"FW,MF",Troyes,fr Ligue 1,25,1996,2,13,7,0.4,0.1,0,,0,2,7,6,1.00,0,1,-1,-6.92,-6.00,Matches
2243,Tete Morente,es ESP,"MF,FW",Elche,es La Liga,25,1996,32,2068,65,60.5,23.0,23,81,11,9,24,4,0.66,20,33,-13,-0.57,+1.03,Matches
2244,Jimmy Morgan,eng ENG,"FW,MF",Southampton,eng Premier League,16,2006,0,,,,,0,,0,0,,1,,,,,,,Matches
2245,Ilaix Moriba,gn GUI,MF,Valencia,es La Liga,19,2003,24,1011,42,29.6,11.2,10,76,3,14,18,5,1.13,10,16,-6,-0.53,-0.65,Matches
2246,Manu Morlanes,es ESP,MF,Villarreal,es La Liga,23,1999,4,158,40,4.6,1.8,2,70,0,2,10,11,2.00,3,4,-1,-0.57,-1.12,Matches
2247,Manu Morlanes,es ESP,MF,Mallorca,es La Liga,23,1999,12,706,59,20.6,7.8,9,74,0,3,14,6,1.42,10,10,0,0.00,+0.20,Matches
2248,Nikola Moro,hr CRO,MF,Bologna,it Serie A,24,1998,26,1226,47,35.8,13.6,12,76,5,14,23,9,1.62,23,16,+7,+0.51,+0.64,Matches
2249,Raúl Moro,es ESP,MF,Lazio,it Serie A,19,2002,0,,,,,0,,0,0,,1,,,,,,,Matches
2250,Loren Morón,es ESP,FW,Real Betis,es La Liga,28,1993,2,15,8,0.4,0.2,0,,0,2,8,15,3.00,0,0,0,0.00,-0.13,Matches
2251,Liam Morrison,sct SCO,DF,Bayern Munich,de Bundesliga,19,2003,0,,,,,0,,0,0,,1,,,,,,,Matches
2252,Morro,es ESP,GK,Rayo Vallecano,es La Liga,21,2000,0,,,,,0,,0,0,,10,,,,,,,Matches
2253,Cristhian Mosquera,es ESP,DF,Valencia,es La Liga,18,2004,3,145,48,4.2,1.6,1,90,1,2,28,28,2.00,0,2,-2,-1.24,-1.21,Matches
2254,Yerson Mosquera,co COL,DF,Wolves,eng Premier League,21,2001,0,,,,,0,,0,0,,11,,,,,,,Matches
2255,Dany Mota,pt POR,"FW,MF",Monza,it Serie A,24,1998,29,1912,66,55.9,21.2,21,79,6,8,33,2,1.52,28,22,+6,+0.28,+0.88,Matches
2256,Lebo Mothiba,za RSA,FW,Strasbourg,fr Ligue 1,26,1996,19,435,23,12.7,4.8,3,65,0,16,15,14,1.21,11,9,+2,+0.41,+0.72,Matches
2257,Andrei Motoc,md MDA,DF,Salernitana,it Serie A,20,2002,0,,,,,0,,0,0,,13,,,,,,,Matches
2258,Mattia Motolese,it ITA,DF,Bologna,it Serie A,18,2004,0,,,,,0,,0,0,,1,,,,,,,Matches
2259,Youssoufa Moukoko,de GER,FW,Dortmund,de Bundesliga,17,2004,26,1141,44,37.3,12.7,11,73,4,15,22,3,1.88,32,23,+9,+0.71,-0.70,Matches
2260,Jessy Moulin,fr FRA,GK,Troyes,fr Ligue 1,36,1986,0,,,,,0,,0,0,,10,,,,,,,Matches
2261,Steve Mounié,bj BEN,FW,Brest,fr Ligue 1,27,1994,23,1655,72,48.4,18.4,20,79,10,3,22,1,1.48,26,18,+8,+0.44,+1.35,Matches
2262,Mason Mount,eng ENG,MF,Chelsea,eng Premier League,23,1999,24,1648,69,48.2,18.3,20,77,7,4,25,2,1.29,18,21,-3,-0.16,+0.14,Matches
2263,Lucas Moura,br BRA,"FW,MF",Tottenham Hotspur,eng Premier League,29,1992,15,153,10,4.5,1.7,0,,0,15,10,7,1.53,6,4,+2,+1.18,+1.04,Matches
2264,Lys Mousset,fr FRA,"FW,MF",Bochum,de Bundesliga,26,1996,0,,,,,0,,0,0,,1,,,,,,,Matches
2265,Bevic Moussiti-Oko,cg CGO,FW,Ajaccio,fr Ligue 1,27,1995,17,698,41,20.4,7.8,7,67,0,10,23,1,0.53,4,11,-7,-0.90,+0.55,Matches
2266,João Moutinho,pt POR,MF,Wolves,eng Premier League,35,1986,31,1780,57,52.0,19.8,20,74,6,11,27,2,1.16,12,28,-16,-0.81,-0.21,Matches
2267,João Moutinho,pt POR,DF,Spezia,it Serie A,24,1998,4,58,15,1.7,0.6,0,,0,4,15,1,1.00,0,2,-2,-3.10,-2.33,Matches
2268,Samuel Moutoussamy,cd COD,MF,Nantes,fr Ligue 1,25,1996,35,2399,69,70.1,26.7,27,83,17,8,21,0,1.00,25,39,-14,-0.53,-0.17,Matches
2269,Loris Mouyokolo,fr FRA,DF,Lorient,fr Ligue 1,21,2001,0,,,,,0,,0,0,,1,,,,,,,Matches
2270,Divin Mubama,eng ENG,FW,West Ham United,eng Premier League,17,2004,3,38,13,1.1,0.4,0,,0,3,13,0,1.00,0,0,0,0.00,+0.35,Matches
2271,Mykhailo Mudryk,ua UKR,"FW,MF",Chelsea,eng Premier League,21,2001,15,657,44,19.2,7.3,7,66,1,8,24,4,0.67,6,10,-4,-0.55,-0.39,Matches
2272,François Mughe,cm CMR,FW,Marseille,fr Ligue 1,18,2004,1,11,11,0.3,0.1,0,,0,1,11,11,0.00,0,1,-1,-8.18,-8.92,Matches
2273,Endri Muhameti,al ALB,MF,Atalanta,it Serie A,18,2004,0,,,,,0,,0,0,,3,,,,,,,Matches
2274,Nordi Mukiele,fr FRA,"MF,DF",Paris Saint-Germain,fr Ligue 1,24,1997,19,1137,60,33.2,12.6,12,83,9,7,20,2,2.47,33,11,+22,+1.74,+0.68,Matches
2275,Mert Müldür,tr TUR,DF,Sassuolo,it Serie A,23,1999,2,13,7,0.4,0.1,1,6,0,1,7,6,0.00,0,0,0,0.00,+0.37,Matches
2276,Florian Müller,de GER,GK,Stuttgart,de Bundesliga,24,1997,19,1710,90,55.9,19.0,19,90,19,0,,14,0.84,22,34,-12,-0.63,-0.63,Matches
2277,Joey Müller,de GER,"DF,MF",Schalke 04,de Bundesliga,21,2000,0,,,,,0,,0,0,,6,,,,,,,Matches
2278,Thomas Müller,de GER,"MF,FW",Bayern Munich,de Bundesliga,32,1989,27,1665,62,54.4,18.5,21,73,8,6,23,0,1.93,50,15,+35,+1.89,+0.67,Matches
2279,Abdul Mumin,gh GHA,DF,Rayo Vallecano,es La Liga,24,1998,16,922,58,27.0,10.2,9,90,9,7,16,18,1.25,13,17,-4,-0.39,-0.25,Matches
2280,Romaine Mundle,eng ENG,MF,Tottenham Hotspur,eng Premier League,19,2003,0,,,,,0,,0,0,,5,,,,,,,Matches
2281,Marshall Munetsi,zw ZIM,MF,Reims,fr Ligue 1,26,1996,34,2700,79,78.9,30.0,31,84,21,3,31,0,1.32,35,39,-4,-0.13,-0.63,Matches
2282,Iker Muniain,es ESP,MF,Athletic Club,es La Liga,29,1992,30,1689,56,49.4,18.8,19,77,5,11,21,2,1.43,29,18,+11,+0.59,+0.95,Matches
2283,Rodrigo Muniz,br BRA,FW,Fulham,eng Premier League,21,2001,0,,,,,0,,0,0,,2,,,,,,,Matches
2284,Aihen Muñoz,es ESP,DF,Real Sociedad,es La Liga,24,1997,23,1756,76,51.3,19.5,20,84,17,3,27,10,1.74,26,21,+5,+0.26,-0.34,Matches
2285,Curro Muñoz,es ESP,MF,Cádiz,es La Liga,19,2003,0,,,,,0,,0,0,,1,,,,,,,Matches
2286,Iker Muñoz,es ESP,MF,Osasuna,es La Liga,19,2002,8,254,32,7.4,2.8,2,82,1,6,15,5,1.25,1,4,-3,-1.06,-1.01,Matches
2287,Pablo Muñoz,es ESP,MF,Rayo Vallecano,es La Liga,18,2003,2,12,6,0.4,0.1,0,,0,2,6,6,2.00,1,0,+1,+7.50,+7.74,Matches
2288,Luis Muriel,co COL,"FW,MF",Atalanta,it Serie A,31,1991,29,1073,37,31.4,11.9,10,65,0,19,22,2,1.59,20,15,+5,+0.42,-0.08,Matches
2289,Jeison Murillo,co COL,DF,Sampdoria,it Serie A,30,1992,20,1057,53,30.9,11.7,12,74,5,8,22,12,0.60,7,23,-16,-1.36,-0.18,Matches
2290,Vedat Muriqi,xk KVX,FW,Mallorca,es La Liga,28,1994,35,2937,84,85.9,32.6,34,85,16,1,36,0,1.40,31,35,-4,-0.12,+0.25,Matches
2291,Jacob Murphy,eng ENG,FW,Newcastle United,eng Premier League,27,1995,36,1251,35,36.6,13.9,14,67,1,22,14,1,1.86,29,12,+17,+1.22,+0.48,Matches
2292,Nicola Murru,it ITA,DF,Sampdoria,it Serie A,27,1994,20,784,39,22.9,8.7,5,81,4,15,25,15,0.75,4,17,-13,-1.49,-0.33,Matches
2293,Yunus Musah,us USA,MF,Valencia,es La Liga,19,2002,33,2110,64,61.7,23.4,26,76,8,7,20,1,1.12,26,26,0,0.00,+0.21,Matches
2294,Torben Müsel,de GER,"FW,MF",Gladbach,de Bundesliga,23,1999,0,,,,,0,,0,0,,2,,,,,,,Matches
2295,Jamal Musiala,de GER,MF,Bayern Munich,de Bundesliga,19,2003,33,2198,67,71.8,24.4,26,77,7,7,27,0,2.06,63,29,+34,+1.39,-0.70,Matches
2296,Juan Musso,ar ARG,GK,Atalanta,it Serie A,28,1994,24,2077,87,60.7,23.1,24,87,23,0,,10,1.79,41,27,+14,+0.61,+0.34,Matches
2297,Marlon Mustapha,at AUT,FW,Mainz 05,de Bundesliga,21,2001,6,69,12,2.3,0.8,0,,0,6,12,7,2.00,1,1,0,0.00,+0.03,Matches
2298,Yvon Mvogo,ch SUI,GK,Lorient,fr Ligue 1,28,1994,21,1812,86,53.0,20.1,21,86,20,0,,1,1.76,33,29,+4,+0.20,+0.48,Matches
2299,Steve Mvoué,cm CMR,MF,Toulouse,fr Ligue 1,20,2002,0,,,,,0,,0,0,,2,,,,,,,Matches
2300,Enock Mwepu,zm ZAM,"MF,FW",Brighton,eng Premier League,24,1998,6,213,36,6.2,2.4,2,73,0,4,17,0,2.17,5,4,+1,+0.42,-0.08,Matches
2301,Francisco Mwepu,zm ZAM,FW,Cádiz,es La Liga,22,2000,1,21,21,0.6,0.2,0,,0,1,21,0,0.00,0,0,0,0.00,+0.61,Matches
2302,Vitaliy Mykolenko,ua UKR,"DF,MF",Everton,eng Premier League,23,1999,34,2655,78,77.6,29.5,30,86,27,4,17,0,0.91,28,46,-18,-0.61,-0.02,Matches
2303,Joakim Mæhle,dk DEN,MF,Atalanta,it Serie A,25,1997,34,2209,65,64.6,24.5,25,82,12,9,19,2,1.62,39,33,+6,+0.24,-0.65,Matches
2304,Demba N'Diaye,fr FRA,DF,Angers,fr Ligue 1,16,2005,0,,,,,0,,0,0,,1,,,,,,,Matches
2305,Obite N'Dicka,ci CIV,DF,Eintracht Frankfurt,de Bundesliga,22,1999,30,2692,90,88.0,29.9,30,90,29,0,,1,1.60,54,44,+10,+0.33,+1.31,Matches
2306,Nathan N'Goumou,cm CMR,"MF,FW",Gladbach,de Bundesliga,22,2000,20,695,35,22.7,7.7,7,73,1,13,14,10,0.85,8,12,-4,-0.52,-0.56,Matches
2307,Nathan N'Goumou,cm CMR,MF,Toulouse,fr Ligue 1,22,2000,1,90,90,2.6,1.0,1,90,1,0,,0,1.00,1,1,0,0.00,+0.16,Matches
2308,Caumenan N'Guessan,fr FRA,DF,Torino,it Serie A,18,2003,0,,,,,0,,0,0,,9,,,,,,,Matches
2309,Eric N'Jo,fr FRA,DF,Troyes,fr Ligue 1,18,2004,0,,,,,0,,0,0,,3,,,,,,,Matches
2310,Stanley N'Soki,fr FRA,DF,Hoffenheim,de Bundesliga,23,1999,19,1286,68,42.0,14.3,14,78,9,5,39,4,1.05,25,32,-7,-0.49,-0.39,Matches
2311,Herculano Nabian,pt POR,FW,Empoli,it Serie A,18,2004,1,1,1,0.0,0.0,0,,0,1,1,1,0.00,0,0,0,0.00,+0.32,Matches
2312,Nacho,es ESP,DF,Real Madrid,es La Liga,32,1990,27,1637,61,47.9,18.2,18,85,14,9,13,9,2.04,29,14,+15,+0.82,-0.39,Matches
2313,Guédé Nadje,fr FRA,FW,Angers,fr Ligue 1,18,2003,0,,,,,0,,0,0,,2,,,,,,,Matches
2314,Yannis Nahounou,fr FRA,DF,Nice,fr Ligue 1,18,2004,0,,,,,0,,0,0,,4,,,,,,,Matches
2315,Marvelous Nakamba,zw ZIM,MF,Aston Villa,eng Premier League,28,1994,0,,,,,0,,0,0,,9,,,,,,,Matches
2316,Anas Nanah,ma MAR,DF,Strasbourg,fr Ligue 1,19,2003,0,,,,,0,,0,0,,1,,,,,,,Matches
2317,Paul Nardi,fr FRA,GK,Lorient,fr Ligue 1,28,1994,0,,,,,0,,0,0,,3,,,,,,,Matches
2318,Nikolas Nartey,dk DEN,"DF,MF",Stuttgart,de Bundesliga,22,2000,9,473,53,15.5,5.3,5,81,1,4,17,14,0.89,8,8,0,0.00,+0.42,Matches
2319,Juanjo Narváez,co COL,MF,Valladolid,es La Liga,27,1995,5,148,30,4.3,1.6,1,61,0,4,22,10,0.80,1,4,-3,-1.82,-1.08,Matches
2320,Matija Nastasić,rs SRB,DF,Mallorca,es La Liga,29,1993,14,906,65,26.5,10.1,10,84,8,4,16,9,1.21,9,13,-4,-0.40,-0.33,Matches
2321,Matija Nastasić,rs SRB,DF,Fiorentina,it Serie A,29,1993,0,,,,,0,,0,0,,4,,,,,,,Matches
2322,Lapo Nava,it ITA,GK,Milan,it Serie A,18,2004,0,,,,,0,,0,0,,2,,,,,,,Matches
2323,Juan Navarro,es ESP,GK,Elche,es La Liga,23,1998,0,,,,,0,,0,0,,1,,,,,,,Matches
2324,Roberto Navarro,es ESP,MF,Real Sociedad,es La Liga,20,2002,17,351,21,10.3,3.9,1,61,0,16,18,21,1.88,0,6,-6,-1.54,-2.18,Matches
2325,Jesús Navas,es ESP,"DF,MF",Sevilla,es La Liga,36,1985,32,1981,62,57.9,22.0,21,78,12,11,31,4,1.47,32,26,+6,+0.27,+1.09,Matches
2326,Keylor Navas,cr CRC,GK,Paris Saint-Germain,fr Ligue 1,35,1986,0,,,,,0,,0,0,,17,,,,,,,Matches
2327,Keylor Navas,cr CRC,GK,Nottingham Forest,eng Premier League,35,1986,17,1529,90,44.7,17.0,17,90,16,0,,0,0.94,21,32,-11,-0.65,+0.26,Matches
2328,Michel Ndary Adopo,fr FRA,"MF,DF",Torino,it Serie A,22,2000,9,264,29,7.7,2.9,3,68,0,6,10,29,1.89,3,3,0,0.00,-0.03,Matches
2329,Youssouf Ndayishimiye,bi BDI,"DF,MF",Nice,fr Ligue 1,23,1998,10,568,57,16.6,6.3,6,83,4,4,18,1,1.80,11,6,+5,+0.79,+0.60,Matches
2330,Papa Ndiaga Yade,mr MTN,"MF,DF",Troyes,fr Ligue 1,22,2000,14,568,41,16.6,6.3,6,70,2,8,19,8,0.93,9,12,-3,-0.48,+0.57,Matches
2331,Maissa Ndiaye,sn SEN,DF,Cremonese,it Serie A,20,2002,0,,,,,0,,0,0,,5,,,,,,,Matches
2332,Wilfred Ndidi,ng NGA,"MF,DF",Leicester City,eng Premier League,25,1996,27,1679,62,49.1,18.7,19,79,8,8,22,4,0.70,25,39,-14,-0.75,-0.60,Matches
2333,Tanguy Ndombele,fr FRA,MF,Napoli,it Serie A,25,1996,30,807,27,23.6,9.0,8,58,0,22,16,6,2.43,10,7,+3,+0.33,-1.25,Matches
2334,Álvaro Negredo,es ESP,FW,Cádiz,es La Liga,36,1985,21,757,36,22.1,8.4,9,64,1,12,15,13,0.67,6,17,-11,-1.31,-0.90,Matches
2335,Tom Negrel,fr FRA,GK,Lille,fr Ligue 1,19,2003,0,,,,,0,,0,0,,1,,,,,,,Matches
2336,Reiss Nelson,eng ENG,"FW,MF",Arsenal,eng Premier League,22,1999,11,212,19,6.2,2.4,0,,0,11,19,11,2.09,10,3,+7,+2.97,+1.91,Matches
2337,Ilija Nestorovski,mk MKD,FW,Udinese,it Serie A,32,1990,21,638,30,18.7,7.1,5,85,4,16,13,12,0.95,13,8,+5,+0.71,+0.90,Matches
2338,Neto,br BRA,GK,Bournemouth,eng Premier League,33,1989,27,2385,88,69.7,26.5,27,88,26,0,,3,1.22,27,39,-12,-0.45,+1.46,Matches
2339,Pedro Neto,pt POR,"MF,FW",Wolves,eng Premier League,22,2000,18,964,54,28.2,10.7,13,69,2,5,13,3,1.06,7,15,-8,-0.75,-0.05,Matches
2340,Luca Netz,de GER,"DF,MF",Gladbach,de Bundesliga,19,2003,20,702,35,22.9,7.8,7,85,3,13,8,12,1.30,14,15,-1,-0.13,-0.05,Matches
2341,Manuel Neuer,de GER,GK,Bayern Munich,de Bundesliga,36,1986,12,1080,90,35.3,12.0,12,90,12,0,,0,2.08,36,11,+25,+2.08,+0.77,Matches
2342,Florian Neuhaus,de GER,MF,Gladbach,de Bundesliga,25,1997,23,1405,61,45.9,15.6,16,79,5,7,19,2,1.13,19,20,-1,-0.06,+0.04,Matches
2343,Rúben Neves,pt POR,MF,Wolves,eng Premier League,25,1997,35,3019,86,88.3,33.5,33,89,30,2,45,0,1.00,26,48,-22,-0.66,+0.47,Matches
2344,Neymar,br BRA,"MF,FW",Paris Saint-Germain,fr Ligue 1,30,1992,20,1545,77,45.2,17.2,18,82,9,2,31,0,2.40,42,14,+28,+1.63,+0.62,Matches
2345,Jessic Ngankam,de GER,"FW,MF",Hertha BSC,de Bundesliga,22,2000,18,826,46,27.0,9.2,8,64,1,10,31,0,0.78,10,20,-10,-1.09,-0.40,Matches
2346,Simon Ngapandouetnbu,cm CMR,GK,Marseille,fr Ligue 1,19,2003,0,,,,,0,,0,0,,13,,,,,,,Matches
2347,Cyril Ngonge,be BEL,"MF,FW",Hellas Verona,it Serie A,22,2000,14,745,53,21.8,8.3,9,71,2,5,22,4,1.13,8,9,-1,-0.12,+0.79,Matches
2348,Aurélien Nguiamba,fr FRA,MF,Spezia,it Serie A,23,1999,0,,,,,0,,0,0,,8,,,,,,,Matches
2349,Serif Nhaga,pt POR,DF,Paris Saint-Germain,fr Ligue 1,16,2005,0,,,,,0,,0,0,,6,,,,,,,Matches
2350,Moussa Niakhate,sn SEN,DF,Nottingham Forest,eng Premier League,26,1996,14,1163,83,34.0,12.9,14,83,11,0,,1,1.07,15,22,-7,-0.54,+0.38,Matches
2351,Ibrahima Niane,sn SEN,FW,Angers,fr Ligue 1,23,1999,16,1136,71,33.2,12.6,15,74,4,1,27,0,0.63,11,26,-15,-1.19,+0.11,Matches
2352,M'Baye Niang,sn SEN,FW,Auxerre,fr Ligue 1,27,1994,30,1482,49,43.3,16.5,17,74,2,13,17,0,0.93,11,31,-20,-1.21,-0.84,Matches
2353,Tanguy Nianzou,fr FRA,DF,Bayern Munich,de Bundesliga,20,2002,0,,,,,0,,0,0,,2,,,,,,,Matches
2354,Tanguy Nianzou,fr FRA,DF,Sevilla,es La Liga,20,2002,19,1366,72,39.9,15.2,16,78,11,3,38,8,1.21,17,27,-10,-0.66,-0.79,Matches
2355,Jonas Nickisch,de GER,GK,RB Leipzig,de Bundesliga,18,2004,0,,,,,0,,0,0,,4,,,,,,,Matches
2356,Rasmus Nicolaisen,dk DEN,DF,Toulouse,fr Ligue 1,25,1997,34,2995,88,87.6,33.3,34,88,32,0,,1,1.32,48,47,+1,+0.03,+1.51,Matches
2357,Hans Nicolussi Caviglia,it ITA,MF,Salernitana,it Serie A,22,2000,12,586,49,17.1,6.5,6,75,3,6,22,10,1.00,6,17,-11,-1.69,-1.59,Matches
2358,Florian Niederlechner,de GER,"FW,MF",Augsburg,de Bundesliga,31,1990,14,910,65,29.7,10.1,10,80,4,4,28,1,1.07,15,15,0,0.00,+0.88,Matches
2359,Florian Niederlechner,de GER,FW,Hertha BSC,de Bundesliga,31,1990,16,781,49,25.5,8.7,11,64,0,5,16,1,0.94,14,16,-2,-0.23,+0.76,Matches
2360,Saúl Ñíguez,es ESP,"MF,DF",Atlético Madrid,es La Liga,27,1994,31,1100,35,32.2,12.2,11,75,5,20,14,6,2.26,28,14,+14,+1.15,+0.25,Matches
2361,Dimitris Nikolaou,gr GRE,DF,Spezia,it Serie A,23,1998,36,2958,82,86.5,32.9,34,87,27,2,7,0,0.84,28,52,-24,-0.73,+0.63,Matches
2362,Fernando Niño,es ESP,FW,Villarreal,es La Liga,21,2000,3,22,7,0.6,0.2,0,,0,3,7,2,0.00,0,0,0,0.00,-0.50,Matches
2363,Justin Njinmah,de GER,"FW,MF",Dortmund,de Bundesliga,21,2000,1,22,22,0.7,0.2,0,,0,1,22,2,0.00,0,1,-1,-4.09,-5.28,Matches
2364,Eddie Nketiah,eng ENG,FW,Arsenal,eng Premier League,23,1999,30,1089,36,31.8,12.1,9,90,8,21,13,3,2.07,26,16,+10,+0.83,-0.52,Matches
2365,Christopher Nkunku,fr FRA,"FW,MF",RB Leipzig,de Bundesliga,24,1997,25,1897,76,62.0,21.1,20,88,15,5,29,0,2.08,44,28,+16,+0.76,+0.22,Matches
2366,Felix Nmecha,de GER,MF,Wolfsburg,de Bundesliga,21,2000,30,1836,61,60.0,20.4,19,82,11,11,25,1,1.47,34,25,+9,+0.44,+0.44,Matches
2367,Lukas Nmecha,de GER,FW,Wolfsburg,de Bundesliga,23,1998,16,899,56,29.4,10.0,10,79,5,6,19,2,1.13,13,16,-3,-0.30,-0.80,Matches
2368,Peru Nolaskoain,es ESP,"DF,MF",Athletic Club,es La Liga,23,1998,0,,,,,0,,0,0,,2,,,,,,,Matches
2369,Nahuel Noll,de GER,GK,Hoffenheim,de Bundesliga,19,2003,0,,,,,0,,0,0,,2,,,,,,,Matches
2370,Arnaud Nordin,fr FRA,"MF,FW",Montpellier,fr Ligue 1,24,1998,36,2401,67,70.2,26.7,30,75,7,6,25,1,1.31,50,41,+9,+0.34,+0.87,Matches
2371,Connor Noß,ie IRL,MF,Gladbach,de Bundesliga,21,2001,0,,,,,0,,0,0,,4,,,,,,,Matches
2372,Riad Nouri,fr FRA,MF,Ajaccio,fr Ligue 1,37,1985,33,1693,51,49.5,18.8,16,75,2,17,29,3,0.76,17,39,-22,-1.17,+0.34,Matches
2373,Hugo Novoa,es ESP,MF,RB Leipzig,de Bundesliga,19,2003,7,184,26,6.0,2.0,2,63,0,5,12,8,1.71,5,2,+3,+1.47,+0.84,Matches
2374,Samuel Ntanda,cd COD,FW,Sampdoria,it Serie A,17,2005,1,4,4,0.1,0.0,0,,0,1,4,0,0.00,0,0,0,0.00,+1.24,Matches
2375,Randy Nteka,ao ANG,"FW,MF",Elche,es La Liga,24,1997,14,726,52,21.2,8.1,10,65,0,4,18,1,1.14,5,9,-4,-0.50,+0.61,Matches
2376,Randy Nteka,ao ANG,"FW,MF",Rayo Vallecano,es La Liga,24,1997,10,116,12,3.4,1.3,0,,0,10,12,4,1.40,2,2,0,0.00,+0.22,Matches
2377,Alexander Nübel,de GER,GK,Monaco,fr Ligue 1,25,1996,38,3420,90,100.0,38.0,38,90,38,0,,0,1.71,70,58,+12,+0.32,,Matches
2378,Matheus Nunes,pt POR,MF,Wolves,eng Premier League,23,1998,34,2467,73,72.1,27.4,30,79,14,4,22,0,1.14,21,41,-20,-0.73,-0.07,Matches
2379,Darwin Núñez,uy URU,FW,Liverpool,eng Premier League,23,1999,29,1695,58,49.6,18.8,19,78,5,10,21,0,1.90,35,22,+13,+0.69,-0.09,Matches
2380,Unai Núñez,es ESP,DF,Celta Vigo,es La Liga,25,1997,36,3151,88,92.1,35.0,35,90,35,1,1,1,1.19,41,48,-7,-0.20,+0.80,Matches
2381,Antoine Nuss,fr FRA,DF,Strasbourg,fr Ligue 1,18,2003,0,,,,,0,,0,0,,12,,,,,,,Matches
2382,Bram Nuytinck,nl NED,DF,Udinese,it Serie A,32,1990,6,385,64,11.3,4.3,3,86,2,3,42,8,1.50,5,6,-1,-0.23,-0.23,Matches
2383,Bram Nuytinck,nl NED,DF,Sampdoria,it Serie A,32,1990,19,1498,79,43.8,16.6,19,79,12,0,,0,0.63,14,31,-17,-1.02,+0.38,Matches
2384,Ethan Nwaneri,eng ENG,MF,Arsenal,eng Premier League,15,2007,1,1,1,0.0,0.0,0,,0,1,1,0,3.00,0,0,0,0.00,-1.18,Matches
2385,Gerzino Nyamsi,cm CMR,DF,Strasbourg,fr Ligue 1,25,1997,20,1578,79,46.1,17.5,19,82,16,1,15,1,0.70,24,34,-10,-0.57,-0.67,Matches
2386,Ørjan Nyland,no NOR,GK,RB Leipzig,de Bundesliga,31,1990,2,180,90,5.9,2.0,2,90,2,0,,23,3.00,6,2,+4,+2.00,+1.41,Matches
2387,M'Bala Nzola,ao ANG,FW,Spezia,it Serie A,25,1996,31,2653,86,77.6,29.5,29,89,26,2,35,0,0.91,26,43,-17,-0.58,+1.07,Matches
2388,Christian Nørgaard,dk DEN,MF,Brentford,eng Premier League,28,1994,22,1763,80,51.5,19.6,21,83,12,1,29,0,1.50,31,23,+8,+0.41,+0.19,Matches
2389,Lewis O'Brien,eng ENG,MF,Nottingham Forest,eng Premier League,23,1998,13,584,45,17.1,6.5,6,77,3,7,17,2,0.92,5,14,-9,-1.39,-0.72,Matches
2390,Tommi O'Reilly,eng ENG,MF,Aston Villa,eng Premier League,18,2003,0,,,,,0,,0,0,,2,,,,,,,Matches
2391,Pedro Obiang,gq EQG,MF,Sassuolo,it Serie A,30,1992,17,876,52,25.6,9.7,11,72,4,6,13,21,1.47,17,17,0,0.00,+0.50,Matches
2392,Jan Oblak,si SVN,GK,Atlético Madrid,es La Liga,29,1993,28,2492,89,72.9,27.7,28,89,26,0,,0,2.00,42,20,+22,+0.79,-0.66,Matches
2393,Brian Ocampo,uy URU,MF,Cádiz,es La Liga,23,1999,18,1119,62,32.7,12.4,15,69,2,3,26,1,1.17,10,17,-7,-0.56,+0.06,Matches
2394,Lucas Ocampos,ar ARG,"MF,FW",Sevilla,es La Liga,28,1994,19,1165,61,34.1,12.9,11,84,6,8,30,3,1.58,20,20,0,0.00,+0.28,Matches
2395,Guillermo Ochoa,mx MEX,GK,Salernitana,it Serie A,37,1985,20,1800,90,52.6,20.0,20,90,20,0,,3,1.10,26,33,-7,-0.35,+0.04,Matches
2396,Wilson Odobert,fr FRA,MF,Troyes,fr Ligue 1,17,2004,32,1764,55,51.6,19.6,19,76,6,13,25,3,0.69,24,48,-24,-1.22,-0.57,Matches
2397,David Odogu,de GER,DF,Wolfsburg,de Bundesliga,16,2006,0,,,,,0,,0,0,,1,,,,,,,Matches
2398,Álvaro Odriozola,es ESP,DF,Real Madrid,es La Liga,26,1995,3,39,13,1.1,0.4,0,,0,3,13,29,3.00,2,0,+2,+4.62,+3.63,Matches
2399,Tim Oermann,de GER,DF,Bochum,de Bundesliga,18,2003,4,194,49,6.3,2.2,2,86,1,2,11,7,1.00,1,6,-5,-2.32,-1.47,Matches
2400,Odeluga Offiah,eng ENG,DF,Brighton,eng Premier League,19,2002,2,25,13,0.7,0.3,0,,0,2,13,5,0.00,0,3,-3,-10.80,-11.38,Matches
2401,Angelo Ogbonna,it ITA,DF,West Ham United,eng Premier League,34,1988,16,1237,77,36.2,13.7,13,88,11,3,33,19,1.13,15,20,-5,-0.36,-0.03,Matches
2402,Florent Ogier,fr FRA,DF,Clermont Foot,fr Ligue 1,33,1989,26,1701,65,49.7,18.9,18,90,17,8,11,11,1.69,19,28,-9,-0.48,-0.74,Matches
2403,Marios Oikonomou,gr GRE,DF,Sampdoria,it Serie A,29,1992,6,220,37,6.4,2.4,3,57,0,3,17,9,0.33,1,6,-5,-2.05,-0.86,Matches
2404,David Okereke,ng NGA,"FW,MF",Cremonese,it Serie A,24,1997,33,2266,69,66.3,25.2,25,79,9,8,36,2,0.73,23,41,-18,-0.71,+0.45,Matches
2405,Armstrong Okoflex,ie IRL,MF,West Ham United,eng Premier League,20,2002,0,,,,,0,,0,0,,1,,,,,,,Matches
2406,Caleb Okoli,it ITA,DF,Atalanta,it Serie A,21,2001,17,960,56,28.1,10.7,9,85,8,8,24,19,1.76,19,10,+9,+0.84,+0.51,Matches
2407,Yllan Okou,fr FRA,DF,Monaco,fr Ligue 1,19,2002,0,,,,,0,,0,0,,6,,,,,,,Matches
2408,Michael Olakigbe,eng ENG,MF,Brentford,eng Premier League,18,2004,0,,,,,0,,0,0,,1,,,,,,,Matches
2409,Olasagasti,es ESP,MF,Real Sociedad,es La Liga,21,2000,3,65,22,1.9,0.7,0,,0,3,22,2,1.33,0,0,0,0.00,-0.43,Matches
2410,Lucas Olaza,uy URU,DF,Valladolid,es La Liga,28,1994,23,1494,65,43.7,16.6,16,81,10,7,27,10,1.00,12,27,-15,-0.90,-0.20,Matches
2411,Finn Ole Becker,de GER,MF,Hoffenheim,de Bundesliga,22,2000,13,513,39,16.8,5.7,6,68,1,7,15,12,1.54,12,8,+4,+0.70,+1.16,Matches
2412,Mathias Olesen,lu LUX,"MF,FW",Köln,de Bundesliga,21,2001,14,478,34,15.6,5.3,6,59,1,8,15,12,1.43,5,9,-4,-0.75,-0.72,Matches
2413,Michael Olise,fr FRA,"MF,FW",Crystal Palace,eng Premier League,20,2001,37,2749,74,80.4,30.5,31,85,17,6,20,0,1.22,35,38,-3,-0.10,+0.71,Matches
2414,Brian Oliván,es ESP,DF,Espanyol,es La Liga,28,1994,30,2403,80,70.3,26.7,29,82,18,1,17,1,1.10,37,44,-7,-0.26,+0.62,Matches
2415,Lucas Oliveira Rosa,br BRA,"DF,MF",Valladolid,es La Liga,22,2000,17,931,55,27.2,10.3,11,75,6,6,17,15,1.24,9,17,-8,-0.77,+0.02,Matches
2416,Mathías Olivera,uy URU,DF,Napoli,it Serie A,24,1997,30,1643,55,48.0,18.3,17,87,14,13,13,6,2.37,29,11,+18,+0.99,-0.58,Matches
2417,Jan Oliveras,es ESP,DF,Roma,it Serie A,18,2004,0,,,,,0,,0,0,,1,,,,,,,Matches
2418,Alexandre Olliero,fr FRA,GK,Reims,fr Ligue 1,26,1996,0,,,,,0,,0,0,,14,,,,,,,Matches
2419,Dani Olmo,es ESP,MF,RB Leipzig,de Bundesliga,24,1998,23,1282,56,41.9,14.2,15,74,4,8,21,0,2.00,32,16,+16,+1.12,+0.77,Matches
2420,Jan Olschowsky,de GER,GK,Gladbach,de Bundesliga,20,2001,4,360,90,11.8,4.0,4,90,4,0,,17,1.00,9,11,-2,-0.50,-0.47,Matches
2421,Robin Olsen,se SWE,GK,Aston Villa,eng Premier League,32,1990,4,281,70,8.2,3.1,2,90,2,2,51,30,1.00,4,8,-4,-1.28,-1.54,Matches
2422,Warmed Omari,km COM,DF,Rennes,fr Ligue 1,22,2000,16,1363,85,39.9,15.1,15,89,14,1,21,4,1.50,25,13,+12,+0.79,0.00,Matches
2423,Jonas Omlin,ch SUI,GK,Montpellier,fr Ligue 1,28,1994,14,1166,83,34.1,13.0,14,83,12,0,,0,1.14,21,26,-5,-0.39,-0.71,Matches
2424,Jonas Omlin,ch SUI,GK,Gladbach,de Bundesliga,28,1994,15,1290,86,42.2,14.3,15,86,14,0,,0,1.27,20,18,+2,+0.14,+0.39,Matches
2425,Ado Onaiwu,jp JPN,"FW,MF",Toulouse,fr Ligue 1,26,1995,34,1082,32,31.6,12.0,9,63,0,25,20,4,1.24,12,21,-9,-0.75,-0.86,Matches
2426,Amadou Onana,be BEL,MF,Everton,eng Premier League,20,2001,33,2488,75,72.7,27.6,29,83,16,4,21,1,1.03,22,37,-15,-0.54,+0.23,Matches
2427,André Onana,cm CMR,GK,Inter,it Serie A,26,1996,24,2160,90,63.2,24.0,24,90,24,0,,14,1.88,39,24,+15,+0.62,-0.38,Matches
2428,Jean Onana,cm CMR,"MF,DF",Lens,fr Ligue 1,22,2000,21,810,39,23.7,9.0,9,72,1,12,14,12,2.43,14,7,+7,+0.78,-0.33,Matches
2429,Jérôme Onguéné,cm CMR,DF,Eintracht Frankfurt,de Bundesliga,24,1997,0,,,,,0,,0,0,,2,,,,,,,Matches
2430,Karim Onisiwo,at AUT,"FW,MF",Mainz 05,de Bundesliga,30,1992,31,2539,82,83.0,28.2,28,87,17,3,32,0,1.19,43,48,-5,-0.18,-0.87,Matches
2431,Josh Onomah,eng ENG,"FW,MF",Fulham,eng Premier League,25,1997,2,15,8,0.4,0.2,0,,0,2,8,3,0.00,0,2,-2,-12.00,-12.11,Matches
2432,Paul Onuachu,ng NGA,FW,Southampton,eng Premier League,28,1994,11,407,37,11.9,4.5,4,64,0,7,22,4,0.45,3,7,-4,-0.88,+0.10,Matches
2433,Frank Onyeka,ng NGA,MF,Brentford,eng Premier League,24,1998,21,848,40,24.8,9.4,8,65,0,13,25,6,1.71,12,11,+1,+0.11,-0.28,Matches
2434,Loïs Openda,be BEL,FW,Lens,fr Ligue 1,22,2000,38,2517,66,73.6,28.0,29,77,4,9,32,0,2.21,52,21,+31,+1.11,+0.31,Matches
2435,Willi Orban,hu HUN,DF,RB Leipzig,de Bundesliga,29,1992,33,2951,89,96.4,32.8,33,89,32,0,,1,2.00,62,39,+23,+0.70,+0.70,Matches
2436,Ivan Ordets,ua UKR,DF,Bochum,de Bundesliga,30,1992,30,2449,82,80.0,27.2,28,87,24,2,4,2,1.17,39,58,-19,-0.70,+1.22,Matches
2437,Divock Origi,be BEL,"FW,MF",Milan,it Serie A,27,1995,27,1027,38,30.0,11.4,10,70,2,17,19,4,1.63,14,13,+1,+0.09,-0.66,Matches
2438,Aimar Oroz,es ESP,"MF,FW",Osasuna,es La Liga,20,2001,31,2013,65,58.9,22.4,23,78,7,8,26,2,1.45,29,24,+5,+0.22,+0.86,Matches
2439,Mislav Oršić,hr CRO,"FW,MF",Southampton,eng Premier League,29,1992,1,7,7,0.2,0.1,0,,0,1,7,3,0.00,0,0,0,0.00,+0.98,Matches
2440,Riccardo Orsolini,it ITA,"MF,FW",Bologna,it Serie A,25,1997,32,2124,66,62.1,23.6,22,83,12,10,30,2,1.59,31,31,0,0.00,-0.28,Matches
2441,Stefan Ortega,de GER,GK,Manchester City,eng Premier League,29,1992,3,270,90,7.9,3.0,3,90,3,0,,35,2.33,5,1,+4,+1.33,-0.30,Matches
2442,Pedro Ortiz,es ESP,MF,Sevilla,es La Liga,21,2000,1,1,1,0.0,0.0,0,,0,1,1,1,1.00,0,0,0,0.00,+0.18,Matches
2443,Jordi Osei-Tutu,eng ENG,"MF,DF",Bochum,de Bundesliga,23,1998,20,749,37,24.5,8.3,8,68,1,12,17,7,0.70,6,20,-14,-1.68,-0.98,Matches
2444,Victor Osimhen,ng NGA,FW,Napoli,it Serie A,23,1998,32,2566,80,75.0,28.5,30,83,13,2,32,0,2.34,59,17,+42,+1.47,+0.74,Matches
2445,Patrick Osterhage,de GER,MF,Bochum,de Bundesliga,22,2000,23,1029,45,33.6,11.4,11,77,4,12,15,7,1.35,8,19,-11,-0.96,-0.03,Matches
2446,Paulo Otávio,br BRA,DF,Wolfsburg,de Bundesliga,27,1994,25,2041,82,66.7,22.7,25,82,15,0,,2,1.44,33,26,+7,+0.31,+0.13,Matches
2447,Dango Ouattara,bf BFA,MF,Bournemouth,eng Premier League,20,2002,19,1241,65,36.3,13.8,15,78,7,4,17,0,1.21,13,23,-10,-0.73,+0.27,Matches
2448,Dango Ouattara,bf BFA,"MF,FW",Lorient,fr Ligue 1,20,2002,18,1548,86,45.3,17.2,18,86,13,0,,0,1.61,27,25,+2,+0.12,+0.26,Matches
2449,Remi Oudin,fr FRA,"MF,FW",Lecce,it Serie A,25,1996,31,1321,43,38.6,14.7,12,77,4,19,21,3,1.03,12,15,-3,-0.20,+0.22,Matches
2450,Zinédine Ould Khaled,fr FRA,MF,Angers,fr Ligue 1,22,2000,4,51,13,1.5,0.6,0,,0,4,13,5,0.50,0,2,-2,-3.53,-2.30,Matches
2451,Azzedine Ounahi,ma MAR,MF,Marseille,fr Ligue 1,22,2000,7,121,17,3.5,1.3,1,45,0,6,13,1,2.14,1,2,-1,-0.74,-1.51,Matches
2452,Azzedine Ounahi,ma MAR,MF,Angers,fr Ligue 1,22,2000,15,1129,75,33.0,12.5,13,83,6,2,27,0,0.53,13,29,-16,-1.28,-0.02,Matches
2453,Adam Ounas,dz ALG,MF,Lille,fr Ligue 1,25,1996,21,1064,51,31.1,11.8,12,67,2,9,30,0,2.00,18,14,+4,+0.34,-0.31,Matches
2454,Adam Ounas,dz ALG,"FW,MF",Napoli,it Serie A,25,1996,2,15,8,0.4,0.2,0,,0,2,8,0,3.00,1,0,+1,+6.00,+4.73,Matches
2455,Abdoulaye Ousmane,mr MTN,DF,Lille,fr Ligue 1,22,2000,0,,,,,0,,0,0,,1,,,,,,,Matches
2456,Thomas Ouwejan,nl NED,"DF,MF",Schalke 04,de Bundesliga,25,1996,17,903,53,29.5,10.0,10,73,5,7,25,6,0.47,9,27,-18,-1.79,-1.04,Matches
2457,Reece Oxford,eng ENG,DF,Augsburg,de Bundesliga,23,1998,3,94,31,3.1,1.0,1,75,0,2,10,0,0.33,0,1,-1,-0.96,-0.35,Matches
2458,Alex Oxlade-Chamberlain,eng ENG,FW,Liverpool,eng Premier League,28,1993,9,335,37,9.8,3.7,4,69,0,5,12,4,1.33,5,7,-2,-0.54,-1.41,Matches
2459,Mikel Oyarzabal,es ESP,"FW,MF",Real Sociedad,es La Liga,25,1997,23,1214,53,35.5,13.5,14,69,3,9,27,1,1.83,17,12,+5,+0.37,-0.08,Matches
2460,Salih Özcan,tr TUR,MF,Dortmund,de Bundesliga,24,1998,26,1576,61,51.5,17.5,17,80,10,9,24,5,2.15,37,22,+15,+0.86,-0.60,Matches
2461,Cenk Özkacar,tr TUR,DF,Valencia,es La Liga,21,2000,17,1365,80,39.9,15.2,14,87,13,3,50,19,1.24,13,18,-5,-0.33,-0.42,Matches
2462,David Ozoh,eng ENG,MF,Crystal Palace,eng Premier League,17,2005,1,1,1,0.0,0.0,0,,0,1,1,3,1.00,0,0,0,0.00,+0.24,Matches
2463,Levin Öztunalı,de GER,"FW,MF",Union Berlin,de Bundesliga,26,1996,2,9,5,0.3,0.1,0,,0,2,5,2,3.00,4,0,+4,+40.00,+39.73,Matches
2464,Nico O’Reilly,eng ENG,"DF,MF",Manchester City,eng Premier League,17,2005,0,,,,,0,,0,0,,1,,,,,,,Matches
2465,Fernando Pacheco,es ESP,GK,Almería,es La Liga,30,1992,1,90,90,2.6,1.0,1,90,1,0,,10,0.00,1,2,-1,-1.00,-0.59,Matches
2466,Fernando Pacheco,es ESP,GK,Espanyol,es La Liga,30,1992,16,1440,90,42.1,16.0,16,90,16,0,,3,0.94,23,33,-10,-0.62,-0.31,Matches
2467,Jon Pacheco,es ESP,DF,Real Sociedad,es La Liga,21,2001,17,1193,70,34.9,13.3,12,90,12,5,23,16,2.29,21,13,+8,+0.60,+0.28,Matches
2468,Gonçalo Paciência,pt POR,FW,Celta Vigo,es La Liga,27,1994,25,662,26,19.4,7.4,5,61,0,20,18,9,0.92,7,7,0,0.00,+0.33,Matches
2469,Daniele Padelli,it ITA,GK,Udinese,it Serie A,36,1985,0,,,,,0,,0,0,,38,,,,,,,Matches
2470,Simone Pafundi,it ITA,FW,Udinese,it Serie A,16,2006,8,85,11,2.5,0.9,0,,0,8,11,15,1.00,1,2,-1,-1.06,-1.06,Matches
2471,Riccardo Pagano,it ITA,MF,Roma,it Serie A,17,2004,0,,,,,0,,0,0,,1,,,,,,,Matches
2472,Pablo Pagis,fr FRA,MF,Lorient,fr Ligue 1,19,2002,0,,,,,0,,0,0,,1,,,,,,,Matches
2473,Exequiel Palacios,ar ARG,MF,Leverkusen,de Bundesliga,23,1998,25,1654,66,54.1,18.4,19,78,11,6,27,1,1.60,32,25,+7,+0.38,+0.32,Matches
2474,Helibelton Palacios,co COL,"DF,MF",Elche,es La Liga,29,1993,24,1915,80,56.0,21.3,23,81,16,1,45,2,0.63,15,41,-26,-1.22,-0.56,Matches
2475,Ante Palaversa,hr CRO,MF,Troyes,fr Ligue 1,22,2000,2,31,16,0.9,0.3,0,,0,2,16,11,0.00,2,0,+2,+5.81,+6.82,Matches
2476,Isaac Palazón Camacho,es ESP,MF,Rayo Vallecano,es La Liga,27,1994,37,2965,80,86.7,32.9,36,81,11,1,45,0,1.32,40,45,-5,-0.15,+0.44,Matches
2477,Marco Palestra,it ITA,MF,Atalanta,it Serie A,17,2005,0,,,,,0,,0,0,,2,,,,,,,Matches
2478,João Palhinha,pt POR,MF,Fulham,eng Premier League,27,1995,35,3108,89,90.9,34.5,35,89,30,0,,0,1.49,51,43,+8,+0.23,+1.96,Matches
2479,Nicolas Pallois,fr FRA,DF,Nantes,fr Ligue 1,34,1987,26,2213,85,64.7,24.6,26,85,22,0,,3,0.77,24,40,-16,-0.65,-0.50,Matches
2480,Cole Palmer,eng ENG,"MF,FW",Manchester City,eng Premier League,20,2002,14,370,26,10.8,4.1,2,90,2,12,16,17,2.64,3,4,-1,-0.24,-2.07,Matches
2481,Erik Palmer-Brown,us USA,DF,Troyes,fr Ligue 1,25,1997,38,3191,84,93.3,35.5,36,87,32,2,27,0,0.63,42,78,-36,-1.02,-1.02,Matches
2482,Emerson Palmieri,it ITA,"MF,DF",West Ham United,eng Premier League,27,1994,22,1320,60,38.6,14.7,16,79,9,6,9,13,1.18,15,28,-13,-0.89,-0.89,Matches
2483,Martin Palumbo,no NOR,MF,Udinese,it Serie A,20,2002,0,,,,,0,,0,0,,4,,,,,,,Matches
2484,Javi Pamies,es ESP,DF,Elche,es La Liga,19,2003,0,,,,,0,,0,0,,5,,,,,,,Matches
2485,Yannick Pandor,km COM,GK,Lens,fr Ligue 1,21,2001,0,,,,,0,,0,0,,1,,,,,,,Matches
2486,Miloš Pantović,rs SRB,"FW,MF",Union Berlin,de Bundesliga,26,1996,13,206,16,6.7,2.3,0,,0,13,16,7,1.92,4,4,0,0.00,-0.41,Matches
2487,Flavio Paoletti,it ITA,MF,Sampdoria,it Serie A,19,2003,12,284,24,8.3,3.2,1,86,0,11,18,11,0.25,1,7,-6,-1.90,-0.72,Matches
2488,Antonios Papadopoulos,de GER,"DF,MF",Dortmund,de Bundesliga,22,1999,1,13,13,0.4,0.1,0,,0,1,13,9,0.00,0,0,0,0.00,-1.15,Matches
2489,Merveille Papela,de GER,MF,Mainz 05,de Bundesliga,21,2001,0,,,,,0,,0,0,,1,,,,,,,Matches
2490,Lucas Paquetá,br BRA,MF,West Ham United,eng Premier League,24,1997,28,2151,77,62.9,23.9,27,79,7,1,24,1,1.11,32,39,-7,-0.29,+0.13,Matches
2491,Lucas Paquetá,br BRA,MF,Lyon,fr Ligue 1,24,1997,2,159,80,4.6,1.8,2,80,0,0,,0,3.00,6,2,+4,+2.26,+1.88,Matches
2492,Aitor Paredes,es ESP,DF,Athletic Club,es La Liga,22,2000,16,859,54,25.1,9.5,9,89,8,7,8,22,1.25,9,18,-9,-0.94,-1.40,Matches
2493,Kevin Paredes,us USA,MF,Wolfsburg,de Bundesliga,19,2003,22,529,24,17.3,5.9,1,72,0,21,22,2,1.09,13,8,+5,+0.85,+0.71,Matches
2494,Leandro Paredes,ar ARG,MF,Juventus,it Serie A,28,1994,25,977,39,28.6,10.9,8,76,3,17,22,4,1.68,15,12,+3,+0.28,-0.46,Matches
2495,Leandro Paredes,ar ARG,MF,Paris Saint-Germain,fr Ligue 1,28,1994,3,52,17,1.5,0.6,0,,0,3,17,1,3.00,4,1,+3,+5.19,+3.96,Matches
2496,Daniel Parejo,es ESP,MF,Villarreal,es La Liga,33,1989,37,3285,89,96.1,36.5,37,89,33,0,,0,1.65,57,39,+18,+0.49,-0.17,Matches
2497,Fabiano Parisi,it ITA,DF,Empoli,it Serie A,21,2000,33,2830,86,82.7,31.4,33,86,28,0,,2,1.21,31,37,-6,-0.19,+0.72,Matches
2498,Stefan Parkes,eng ENG,DF,Fulham,eng Premier League,18,2004,0,,,,,0,,0,0,,1,,,,,,,Matches
2499,Moises Parra Gutierrez,es ESP,MF,Getafe,es La Liga,20,2002,1,10,10,0.3,0.1,0,,0,1,10,2,0.00,0,0,0,0.00,+0.29,Matches
2500,Raúl Parra,es ESP,DF,Cádiz,es La Liga,22,1999,6,310,52,9.1,3.4,4,69,0,2,17,17,1.67,3,3,0,0.00,+0.67,Matches
2501,Thomas Partey,gh GHA,MF,Arsenal,eng Premier League,29,1993,33,2483,75,72.6,27.6,28,85,21,5,20,0,2.27,69,28,+41,+1.49,+1.10,Matches
2502,Marco Pašalić,hr CRO,MF,Dortmund,de Bundesliga,21,2000,1,11,11,0.4,0.1,0,,0,1,11,1,0.00,0,1,-1,-8.18,-9.36,Matches
2503,Mario Pašalić,hr CRO,MF,Atalanta,it Serie A,27,1995,32,1769,55,51.7,19.7,24,65,1,8,26,2,1.69,33,24,+9,+0.46,-0.03,Matches
2504,Pascu,es ESP,FW,Villarreal,es La Liga,19,2003,2,10,5,0.3,0.1,0,,0,2,5,8,2.00,1,0,+1,+9.00,+8.52,Matches
2505,Felix Passlack,de GER,"DF,MF",Dortmund,de Bundesliga,24,1998,3,64,21,2.1,0.7,0,,0,3,21,20,3.00,2,0,+2,+2.81,+1.70,Matches
2506,Javier Pastore,ar ARG,MF,Elche,es La Liga,33,1989,1,5,5,0.1,0.1,0,,0,1,5,6,1.00,0,0,0,0.00,+0.98,Matches
2507,Patric,es ESP,DF,Lazio,it Serie A,29,1993,18,1413,79,41.3,15.7,16,85,13,2,27,17,2.28,30,7,+23,+1.46,+1.15,Matches
2508,Rui Patrício,pt POR,GK,Roma,it Serie A,34,1988,35,3150,90,92.1,35.0,35,90,35,0,,1,1.69,47,35,+12,+0.34,+0.34,Matches
2509,Nathan Patterson,sct SCO,"DF,MF",Everton,eng Premier League,20,2001,19,1279,67,37.4,14.2,14,82,11,5,26,2,0.74,13,22,-9,-0.63,-0.04,Matches
2510,Travis Patterson,eng ENG,DF,Aston Villa,eng Premier League,16,2005,0,,,,,0,,0,0,,3,,,,,,,Matches
2511,Paulinho,br BRA,FW,Leverkusen,de Bundesliga,22,2000,4,82,21,2.7,0.9,1,45,0,3,12,4,1.00,1,2,-1,-1.10,-1.37,Matches
2512,Gabriel Paulista,br BRA,DF,Valencia,es La Liga,31,1990,21,1504,72,44.0,16.7,18,82,13,3,9,8,1.24,20,24,-4,-0.24,-0.29,Matches
2513,Benjamin Pavard,fr FRA,DF,Bayern Munich,de Bundesliga,26,1996,30,2431,81,79.4,27.0,27,87,24,3,23,3,2.30,76,29,+47,+1.74,+0.74,Matches
2514,Jiří Pavlenka,cz CZE,GK,Werder Bremen,de Bundesliga,30,1992,33,2908,88,95.0,32.3,33,88,32,0,,0,1.06,49,61,-12,-0.37,+0.22,Matches
2515,Aleksandar Pavlovic,de GER,MF,Bayern Munich,de Bundesliga,18,2004,0,,,,,0,,0,0,,2,,,,,,,Matches
2516,Dimitri Payet,fr FRA,MF,Marseille,fr Ligue 1,35,1987,24,835,35,24.4,9.3,9,65,1,15,17,8,1.96,27,13,+14,+1.51,+1.06,Matches
2517,Lewis Payne,eng ENG,"DF,MF",Southampton,eng Premier League,18,2004,0,,,,,0,,0,0,,2,,,,,,,Matches
2518,Nicolás Paz,ar ARG,MF,Real Madrid,es La Liga,17,2004,0,,,,,0,,0,0,,1,,,,,,,Matches
2519,Ben Pearson,eng ENG,MF,Bournemouth,eng Premier League,27,1995,7,286,41,8.4,3.2,3,69,1,4,20,7,1.00,1,10,-9,-2.83,-2.11,Matches
2520,Kristian Pedersen,dk DEN,DF,Köln,de Bundesliga,27,1994,6,276,46,9.0,3.1,3,80,2,3,12,17,0.67,2,6,-4,-1.30,-1.27,Matches
2521,Mads Pedersen,dk DEN,"DF,MF",Augsburg,de Bundesliga,25,1996,28,1838,66,60.1,20.4,20,83,12,8,22,1,0.96,26,36,-10,-0.49,+0.32,Matches
2522,Leonardo Pedicillo,it ITA,MF,Spezia,it Serie A,19,2003,0,,,,,0,,0,0,,1,,,,,,,Matches
2523,Alfonso Pedraza,es ESP,DF,Villarreal,es La Liga,26,1996,26,1633,63,47.7,18.1,20,78,11,6,13,2,1.92,28,15,+13,+0.72,+0.41,Matches
2524,Pedri,es ESP,MF,Barcelona,es La Liga,19,2002,26,1976,76,57.8,22.0,22,83,12,4,38,0,2.62,48,9,+39,+1.78,+1.09,Matches
2525,Pedro,es ESP,FW,Lazio,it Serie A,35,1987,36,1898,53,55.5,21.1,17,73,2,19,35,0,1.89,33,20,+13,+0.62,-0.39,Matches
2526,Adrià Pedrosa,es ESP,DF,Espanyol,es La Liga,24,1998,7,229,33,6.7,2.5,2,64,0,5,20,2,0.86,4,3,+1,+0.39,+0.90,Matches
2527,Jordan Pefok,us USA,FW,Union Berlin,de Bundesliga,26,1996,31,1358,44,44.4,15.1,16,69,1,15,17,2,1.94,20,15,+5,+0.33,-0.09,Matches
2528,Gianluca Pegolo,it ITA,GK,Sassuolo,it Serie A,41,1981,2,180,90,5.3,2.0,2,90,2,0,,36,0.50,1,3,-2,-1.00,-0.67,Matches
2529,Dženan Pejčinović,de GER,FW,Wolfsburg,de Bundesliga,17,2005,1,11,11,0.4,0.1,0,,0,1,11,9,0.00,0,0,0,0.00,-0.27,Matches
2530,Peter Pekarík,sk SVK,DF,Hertha BSC,de Bundesliga,35,1986,5,206,41,6.7,2.3,2,83,1,3,13,19,0.80,3,7,-4,-1.75,-1.02,Matches
2531,Pietro Pellegri,it ITA,FW,Torino,it Serie A,21,2001,18,465,26,13.6,5.2,4,61,0,14,16,8,1.22,8,5,+3,+0.58,+0.64,Matches
2532,Lorenzo Pellegrini,it ITA,MF,Roma,it Serie A,26,1996,32,2545,80,74.4,28.3,29,85,14,3,29,3,1.72,35,26,+9,+0.32,+0.01,Matches
2533,Luca Pellegrini,it ITA,DF,Lazio,it Serie A,23,1999,7,180,26,5.3,2.0,1,90,1,6,15,10,1.43,4,1,+3,+1.50,+0.75,Matches
2534,Luca Pellegrini,it ITA,"DF,MF",Eintracht Frankfurt,de Bundesliga,23,1999,9,557,62,18.2,6.2,7,74,2,2,21,1,1.56,10,7,+3,+0.48,+0.38,Matches
2535,Théo Pellenard,fr FRA,DF,Auxerre,fr Ligue 1,28,1994,2,99,50,2.9,1.1,1,85,0,1,14,4,1.50,1,2,-1,-0.91,-0.18,Matches
2536,Facundo Pellistri,uy URU,"FW,MF",Manchester Utd,eng Premier League,20,2001,4,64,16,1.9,0.7,0,,0,4,16,19,1.25,2,1,+1,+1.41,+1.03,Matches
2537,Aurélien Pelon,fr FRA,MF,Lorient,fr Ligue 1,18,2004,0,,,,,0,,0,0,,1,,,,,,,Matches
2538,Timothee Pembele,fr FRA,"MF,DF",Paris Saint-Germain,fr Ligue 1,19,2002,5,263,53,7.7,2.9,4,65,0,1,5,8,1.80,5,8,-3,-1.03,-2.51,Matches
2539,Iñaki Peña,es ESP,GK,Barcelona,es La Liga,23,1999,2,73,37,2.1,0.8,0,,0,2,37,36,0.00,2,2,0,0.00,-1.34,Matches
2540,Marcos Peña,es ESP,MF,Almería,es La Liga,17,2005,0,,,,,0,,0,0,,5,,,,,,,Matches
2541,Rubén Peña,es ESP,"DF,MF",Osasuna,es La Liga,31,1991,20,1277,64,37.3,14.2,14,79,5,6,29,2,1.45,21,17,+4,+0.28,+0.66,Matches
2542,Nicolas Penneteau,fr FRA,GK,Reims,fr Ligue 1,41,1981,0,,,,,0,,0,0,,7,,,,,,,Matches
2543,Philipp Pentke,de GER,GK,Hoffenheim,de Bundesliga,37,1985,0,,,,,0,,0,0,,5,,,,,,,Matches
2544,Patrick Pentz,at AUT,GK,Reims,fr Ligue 1,25,1997,7,630,90,18.4,7.0,7,90,7,0,,12,0.86,10,14,-4,-0.57,-0.70,Matches
2545,Patrick Pentz,at AUT,GK,Leverkusen,de Bundesliga,25,1997,0,,,,,0,,0,0,,15,,,,,,,Matches
2546,Nicolas Pépé,ci CIV,"FW,MF",Nice,fr Ligue 1,27,1995,18,1495,83,43.7,16.6,17,85,10,1,51,1,1.39,17,16,+1,+0.06,-0.41,Matches
2547,Nicolas Pépé,ci CIV,"FW,MF",Arsenal,eng Premier League,27,1995,0,,,,,0,,0,0,,2,,,,,,,Matches
2548,Ricardo Pepi,us USA,FW,Augsburg,de Bundesliga,19,2003,4,95,24,3.1,1.1,1,55,0,3,13,0,0.75,0,3,-3,-2.84,-2.30,Matches
2549,Pepín,gq EQG,MF,Monza,it Serie A,25,1996,25,1123,45,32.8,12.5,11,72,3,14,23,12,1.36,12,20,-8,-0.64,-0.80,Matches
2550,Alberto Perea,es ESP,MF,Cádiz,es La Liga,31,1990,1,45,45,1.3,0.5,1,45,0,0,,0,0.00,0,1,-1,-2.00,-1.41,Matches
2551,Juan Perea,co COL,FW,Stuttgart,de Bundesliga,22,2000,16,418,26,13.7,4.6,3,57,0,13,19,15,0.50,4,7,-3,-0.65,-0.34,Matches
2552,Andreas Pereira,br BRA,MF,Fulham,eng Premier League,26,1996,33,2692,82,78.7,29.9,33,82,7,0,,0,1.36,43,40,+3,+0.10,+0.22,Matches
2553,Brayann Pereira,fr FRA,DF,Auxerre,fr Ligue 1,19,2003,2,180,90,5.3,2.0,2,90,2,0,,7,0.00,2,6,-4,-2.00,-1.33,Matches
2554,Danilo Pereira,pt POR,"DF,MF",Paris Saint-Germain,fr Ligue 1,30,1991,33,2410,73,70.5,26.8,27,83,19,6,27,3,2.12,57,27,+30,+1.12,-0.57,Matches
2555,Mathias Pereira Lage,pt POR,"MF,FW",Brest,fr Ligue 1,25,1996,24,1264,53,37.0,14.0,16,70,2,8,18,3,1.13,17,25,-8,-0.57,-0.49,Matches
2556,Ricardo Pereira,pt POR,"DF,MF",Leicester City,eng Premier League,28,1993,10,454,45,13.3,5.0,5,79,3,5,12,2,0.70,3,11,-8,-1.59,-1.31,Matches
2557,Roberto Pereyra,ar ARG,"MF,FW",Udinese,it Serie A,31,1991,34,2820,83,82.5,31.3,33,84,20,1,32,2,1.21,41,42,-1,-0.03,-0.03,Matches
2558,Ayoze Pérez,es ESP,MF,Leicester City,eng Premier League,29,1993,8,382,48,11.2,4.2,3,75,1,5,32,10,0.75,4,5,-1,-0.24,+0.24,Matches
2559,Ayoze Pérez,es ESP,"MF,FW",Real Betis,es La Liga,29,1993,19,1386,73,40.5,15.4,17,79,5,2,21,0,1.53,18,17,+1,+0.06,-0.11,Matches
2560,Carles Pérez,es ESP,"MF,FW",Celta Vigo,es La Liga,24,1998,35,2144,61,62.7,23.8,23,77,8,12,30,1,1.14,26,26,0,0.00,+0.71,Matches
2561,Charlie Perez,es ESP,GK,Valencia,es La Liga,20,2002,0,,,,,0,,0,0,,2,,,,,,,Matches
2562,Francisco Perez,es ESP,MF,Valencia,es La Liga,19,2002,7,141,20,4.1,1.6,0,,0,7,20,22,0.14,1,3,-2,-1.28,-1.25,Matches
2563,Juan Pérez,es ESP,GK,Osasuna,es La Liga,26,1996,0,,,,,0,,0,0,,17,,,,,,,Matches
2564,Kike Pérez,es ESP,MF,Valladolid,es La Liga,25,1997,36,2307,64,67.5,25.6,28,74,10,8,28,1,0.94,17,44,-27,-1.05,-0.81,Matches
2565,Lucas Pérez,es ESP,FW,Cádiz,es La Liga,33,1988,14,628,45,18.4,7.0,5,80,2,9,25,1,0.79,7,14,-7,-1.00,-0.49,Matches
2566,Luis Pérez,es ESP,"DF,MF",Valladolid,es La Liga,27,1995,18,1213,67,35.5,13.5,15,74,10,3,32,6,1.00,9,29,-20,-1.48,-1.08,Matches
2567,Nehuén Pérez,ar ARG,DF,Udinese,it Serie A,22,2000,34,2818,83,82.4,31.3,33,85,24,1,13,0,1.18,38,39,-1,-0.03,-0.03,Matches
2568,Simone Perilli,it ITA,GK,Hellas Verona,it Serie A,27,1995,1,90,90,2.6,1.0,1,90,1,0,,35,1.00,0,0,0,0.00,+0.76,Matches
2569,Mattia Perin,it ITA,GK,Juventus,it Serie A,29,1992,11,948,86,27.7,10.5,10,90,10,1,48,26,1.91,16,7,+9,+0.85,+0.34,Matches
2570,Samuele Perisan,it ITA,GK,Empoli,it Serie A,24,1997,7,630,90,18.4,7.0,7,90,7,0,,29,0.57,3,9,-6,-0.86,-0.66,Matches
2571,Ivan Perišić,hr CRO,MF,Tottenham Hotspur,eng Premier League,33,1989,34,2108,62,61.6,23.4,23,83,10,11,18,3,1.41,40,44,-4,-0.17,-0.93,Matches
2572,Sonny Perkins,eng ENG,"FW,MF",Leeds United,eng Premier League,18,2004,0,,,,,0,,0,0,,2,,,,,,,Matches
2573,Romain Perraud,fr FRA,DF,Southampton,eng Premier League,24,1997,29,1835,63,53.7,20.4,22,78,12,7,16,2,0.59,15,35,-20,-0.98,-0.02,Matches
2574,Gaëtan Perrin,fr FRA,"MF,FW",Auxerre,fr Ligue 1,26,1996,37,1391,38,40.7,15.5,15,60,0,22,22,0,0.92,15,25,-10,-0.65,+0.15,Matches
2575,Lucas Perrin,fr FRA,DF,Strasbourg,fr Ligue 1,23,1998,26,1765,68,51.6,19.6,18,88,16,8,23,6,1.23,31,27,+4,+0.20,+0.86,Matches
2576,Máximo Perrone,ar ARG,MF,Manchester City,eng Premier League,19,2003,1,19,19,0.6,0.2,0,,0,1,19,4,3.00,0,1,-1,-4.74,-6.38,Matches
2577,Pavao Pervan,at AUT,GK,Wolfsburg,de Bundesliga,34,1987,0,,,,,0,,0,0,,33,,,,,,,Matches
2578,Matteo Pessina,it ITA,MF,Monza,it Serie A,25,1997,35,2932,84,85.7,32.6,34,85,25,1,30,1,1.49,44,43,+1,+0.03,+0.95,Matches
2579,Andrea Petagna,it ITA,FW,Monza,it Serie A,27,1995,31,1663,54,48.6,18.5,19,70,2,12,27,2,1.23,23,31,-8,-0.43,-0.64,Matches
2580,Nils Petersen,de GER,FW,Freiburg,de Bundesliga,33,1988,27,277,10,9.1,3.1,0,,0,27,10,7,1.96,7,8,-1,-0.32,-0.58,Matches
2581,Lukas Petkov,bg BUL,"FW,MF",Augsburg,de Bundesliga,21,2000,7,146,21,4.8,1.6,0,,0,7,21,6,0.57,0,2,-2,-1.23,-0.65,Matches
2582,Denis Petrić,rs SRB,GK,Nantes,fr Ligue 1,34,1988,0,,,,,0,,0,0,,15,,,,,,,Matches
2583,Léo Pétrot,fr FRA,DF,Lorient,fr Ligue 1,25,1997,0,,,,,0,,0,0,,2,,,,,,,Matches
2584,Cameron Peupion,au AUS,MF,Brighton,eng Premier League,19,2002,1,6,6,0.2,0.1,0,,0,1,6,4,0.00,0,2,-2,-30.00,-30.55,Matches
2585,Germán Pezzella,ar ARG,DF,Real Betis,es La Liga,31,1991,31,2511,81,73.4,27.9,29,83,22,2,48,2,1.52,33,28,+5,+0.18,+0.18,Matches
2586,Giuseppe Pezzella,it ITA,DF,Lecce,it Serie A,24,1997,16,918,57,26.8,10.2,10,80,5,6,20,18,0.75,10,18,-8,-0.78,-0.60,Matches
2587,Luca Pfeiffer,de GER,FW,Stuttgart,de Bundesliga,25,1996,19,701,37,22.9,7.8,6,78,0,13,18,7,0.95,10,14,-4,-0.51,-0.21,Matches
2588,Luca Philipp,de GER,GK,Hoffenheim,de Bundesliga,21,2000,0,,,,,0,,0,0,,27,,,,,,,Matches
2589,Maximilian Philipp,de GER,MF,Wolfsburg,de Bundesliga,28,1994,3,116,39,3.8,1.3,1,58,0,2,29,4,1.33,0,1,-1,-0.78,-1.08,Matches
2590,Maximilian Philipp,de GER,FW,Werder Bremen,de Bundesliga,28,1994,15,442,29,14.4,4.9,3,74,0,12,18,0,0.60,12,9,+3,+0.61,+1.16,Matches
2591,Kalvin Phillips,eng ENG,"MF,DF",Manchester City,eng Premier League,26,1995,12,300,25,8.8,3.3,2,90,2,10,12,15,2.58,1,3,-2,-0.60,-2.42,Matches
2592,Killian Phillips,ie IRL,MF,Crystal Palace,eng Premier League,20,2002,0,,,,,0,,0,0,,2,,,,,,,Matches
2593,Nathaniel Phillips,eng ENG,DF,Liverpool,eng Premier League,25,1997,2,66,33,1.9,0.7,1,62,0,1,4,16,2.00,1,1,0,0.00,-0.75,Matches
2594,Edoardo Piana,it ITA,GK,Udinese,it Serie A,18,2003,0,,,,,0,,0,0,,38,,,,,,,Matches
2595,Krzysztof Piątek,pl POL,FW,Salernitana,it Serie A,27,1995,33,2140,65,62.6,23.8,23,79,13,10,33,1,1.09,33,44,-11,-0.46,-0.25,Matches
2596,Roberto Piccoli,it ITA,FW,Hellas Verona,it Serie A,21,2001,7,192,27,5.6,2.1,2,45,0,5,20,5,0.57,2,3,-1,-0.47,+0.28,Matches
2597,Roberto Piccoli,it ITA,FW,Empoli,it Serie A,21,2001,13,516,40,15.1,5.7,6,68,0,7,16,4,0.85,5,7,-2,-0.35,-0.04,Matches
2598,Charles Pickel,cd COD,MF,Cremonese,it Serie A,25,1997,33,2483,75,72.6,27.6,30,81,16,3,22,2,0.73,26,45,-19,-0.69,+0.66,Matches
2599,Jordan Pickford,eng ENG,GK,Everton,eng Premier League,28,1994,37,3330,90,97.4,37.0,37,90,37,0,,0,0.89,33,57,-24,-0.65,-1.65,Matches
2600,Amos Pieper,de GER,DF,Werder Bremen,de Bundesliga,24,1998,29,1957,67,64.0,21.7,22,84,15,7,16,0,1.07,29,39,-10,-0.46,-0.22,Matches
2601,Edoardo Pieragnolo,it ITA,"DF,MF",Sassuolo,it Serie A,19,2003,0,,,,,0,,0,0,,1,,,,,,,Matches
2602,Ronaël Pierre-Gabriel,fr FRA,DF,Espanyol,es La Liga,24,1998,8,236,30,6.9,2.6,2,53,0,6,22,9,1.00,3,5,-2,-0.76,-0.34,Matches
2603,Ronaël Pierre-Gabriel,fr FRA,"MF,DF",Strasbourg,fr Ligue 1,24,1998,14,653,47,19.1,7.3,7,71,2,7,23,2,0.71,7,16,-9,-1.24,-1.27,Matches
2604,Andrea Pinamonti,it ITA,FW,Sassuolo,it Serie A,23,1999,32,2161,68,63.2,24.0,25,77,8,7,32,0,1.16,29,32,-3,-0.12,+0.66,Matches
2605,Diego Piñeiro,es ESP,GK,Real Madrid,es La Liga,18,2004,0,,,,,0,,0,0,,1,,,,,,,Matches
2606,Ethan Pinnock,jm JAM,DF,Brentford,eng Premier League,29,1993,30,2700,90,78.9,30.0,30,90,30,0,,0,1.63,43,34,+9,+0.30,-0.07,Matches
2607,Yeremi Pino,es ESP,"MF,FW",Villarreal,es La Liga,19,2002,36,2447,68,71.5,27.2,31,75,8,5,27,1,1.75,42,31,+11,+0.40,-0.34,Matches
2608,Carlo Pinsoglio,it ITA,GK,Juventus,it Serie A,32,1990,0,,,,,0,,0,0,,38,,,,,,,Matches
2609,Gerard Piqué,es ESP,DF,Barcelona,es La Liga,35,1987,6,384,64,11.2,4.3,4,89,3,2,15,7,3.00,9,1,+8,+1.87,+0.63,Matches
2610,Lorenzo Pirola,it ITA,DF,Salernitana,it Serie A,20,2002,26,1941,75,56.8,21.6,23,82,12,3,22,11,1.12,25,38,-13,-0.60,-0.54,Matches
2611,Niccolò Pisilli,it ITA,MF,Roma,it Serie A,17,2004,1,1,1,0.0,0.0,0,,0,1,1,1,0.00,0,0,0,0.00,-0.32,Matches
2612,Marko Pjaca,hr CRO,"MF,FW",Empoli,it Serie A,27,1995,17,525,31,15.4,5.8,5,58,0,12,20,15,1.12,7,8,-1,-0.17,+0.17,Matches
2613,Miralem Pjanić,ba BIH,MF,Barcelona,es La Liga,32,1990,0,,,,,0,,0,0,,4,,,,,,,Matches
2614,Cameron Plain,eng ENG,GK,Bournemouth,eng Premier League,20,2001,0,,,,,0,,0,0,,6,,,,,,,Matches
2615,Luke Plange,eng ENG,FW,Crystal Palace,eng Premier League,19,2002,0,,,,,0,,0,0,,2,,,,,,,Matches
2616,Óscar Plano,es ESP,"MF,FW",Valladolid,es La Liga,31,1991,33,2038,62,59.6,22.6,22,77,6,11,31,5,1.00,18,33,-15,-0.66,+0.31,Matches
2617,Gonzalo Plata,ec ECU,"FW,MF",Valladolid,es La Liga,21,2000,34,2302,68,67.3,25.6,26,79,11,8,32,0,1.12,26,37,-11,-0.43,+1.10,Matches
2618,Marvin Plattenhardt,de GER,"DF,MF",Hertha BSC,de Bundesliga,30,1992,31,2402,77,78.5,26.7,29,81,22,2,25,1,0.90,34,58,-24,-0.90,-0.49,Matches
2619,Alassane Pléa,fr FRA,"MF,FW",Gladbach,de Bundesliga,29,1993,29,1774,61,58.0,19.7,20,80,6,9,20,1,1.24,27,27,0,0.00,+0.21,Matches
2620,Tommaso Pobega,it ITA,MF,Milan,it Serie A,23,1999,19,883,46,25.8,9.8,9,81,5,10,16,16,2.00,17,12,+5,+0.51,-0.06,Matches
2621,Daniel Podence,pt POR,"MF,FW",Wolves,eng Premier League,26,1995,32,1771,55,51.8,19.7,20,74,8,12,24,3,0.81,13,31,-18,-0.91,-0.42,Matches
2622,Suf Podgoreanu,il ISR,MF,Spezia,it Serie A,20,2002,0,,,,,0,,0,0,,3,,,,,,,Matches
2623,Paul Pogba,fr FRA,FW,Juventus,it Serie A,29,1993,6,111,19,3.2,1.2,1,23,0,5,18,3,2.00,3,0,+3,+2.43,+1.89,Matches
2624,Joel Pohjanpalo,fi FIN,FW,Leverkusen,de Bundesliga,27,1994,1,4,4,0.1,0.0,0,,0,1,4,1,0.00,0,0,0,0.00,-0.24,Matches
2625,Matteo Politano,it ITA,FW,Napoli,it Serie A,28,1993,27,1166,43,34.1,13.0,14,63,0,13,22,6,2.33,22,12,+10,+0.77,-0.79,Matches
2626,Julian Pollersbeck,de GER,GK,Lorient,fr Ligue 1,27,1994,0,,,,,0,,0,0,,11,,,,,,,Matches
2627,Euan Pollock,eng ENG,FW,Bournemouth,eng Premier League,19,2002,0,,,,,0,,0,0,,3,,,,,,,Matches
2628,Sebastian Polter,de GER,FW,Schalke 04,de Bundesliga,31,1991,19,630,33,20.6,7.0,5,73,2,14,19,1,0.84,14,22,-8,-1.14,-0.11,Matches
2629,Ezequiel Ponce,ar ARG,"FW,MF",Elche,es La Liga,25,1997,34,1129,33,33.0,12.5,8,68,1,26,22,2,,14,17,-3,-0.24,+1.10,Matches
2630,Julien Ponceau,fr FRA,MF,Lorient,fr Ligue 1,21,2000,31,1655,53,48.4,18.4,20,72,3,11,19,6,1.29,29,29,0,0.00,+0.05,Matches
2631,Marin Pongračić,hr CRO,DF,Lecce,it Serie A,24,1997,9,790,88,23.1,8.8,9,88,8,0,,10,1.44,9,9,0,0.00,+0.44,Matches
2632,Nick Pope,eng ENG,GK,Newcastle United,eng Premier League,30,1992,37,3261,88,95.4,36.2,37,88,36,0,,0,1.89,67,32,+35,+0.97,+0.97,Matches
2633,Łukasz Poręba,pl POL,MF,Lens,fr Ligue 1,22,2000,10,260,26,7.6,2.9,3,67,0,7,8,27,2.30,6,3,+3,+1.04,+0.01,Matches
2634,Jackson Porozo,ec ECU,DF,Troyes,fr Ligue 1,21,2000,22,1617,74,47.3,18.0,17,88,15,5,26,12,0.64,26,40,-14,-0.78,+0.32,Matches
2635,Pedro Porro,es ESP,MF,Tottenham Hotspur,eng Premier League,22,1999,15,1131,75,33.1,12.6,13,86,6,2,9,2,1.20,20,26,-6,-0.48,-0.99,Matches
2636,Francisco Portillo,es ESP,MF,Almería,es La Liga,32,1990,27,722,27,21.1,8.0,4,69,1,23,19,11,0.85,10,16,-6,-0.75,-0.41,Matches
2637,Portu,es ESP,"MF,DF",Getafe,es La Liga,30,1992,34,1770,52,51.8,19.7,17,84,8,17,21,1,1.12,18,24,-6,-0.31,-0.03,Matches
2638,Stefan Posch,at AUT,DF,Hoffenheim,de Bundesliga,25,1997,1,18,18,0.6,0.2,1,18,0,0,,2,0.00,0,0,0,0.00,+0.27,Matches
2639,Stefan Posch,at AUT,DF,Bologna,it Serie A,25,1997,30,2532,84,74.0,28.1,30,84,21,0,,3,1.63,42,34,+8,+0.28,+0.69,Matches
2640,Yussuf Poulsen,dk DEN,FW,RB Leipzig,de Bundesliga,28,1994,19,411,22,13.4,4.6,3,61,0,16,14,5,2.05,13,3,+10,+2.19,+1.75,Matches
2641,José Pozo,es ESP,MF,Rayo Vallecano,es La Liga,26,1996,8,88,11,2.6,1.0,1,45,0,7,6,23,1.13,1,3,-2,-2.05,-1.88,Matches
2642,Manuel Pozo,es ESP,FW,Valladolid,es La Liga,20,2001,1,19,19,0.6,0.2,0,,0,1,19,2,0.00,1,1,0,0.00,+0.79,Matches
2643,Alejandro Pozo Pozo,es ESP,"DF,MF",Almería,es La Liga,23,1999,30,1880,63,55.0,20.9,20,83,14,10,22,3,1.33,27,26,+1,+0.05,+1.04,Matches
2644,Dennis Praet,be BEL,MF,Leicester City,eng Premier League,28,1994,22,649,30,19.0,7.2,6,49,0,16,22,12,1.18,9,10,-1,-0.14,+0.38,Matches
2645,Mateusz Praszelik,pl POL,MF,Hellas Verona,it Serie A,21,2000,0,,,,,0,,0,0,,8,,,,,,,Matches
2646,Abdón Prats,es ESP,FW,Mallorca,es La Liga,29,1992,26,416,16,12.2,4.6,2,55,0,24,13,12,1.31,6,7,-1,-0.22,-0.07,Matches
2647,Sanjin Prcić,ba BIH,MF,Strasbourg,fr Ligue 1,28,1993,29,1633,56,47.7,18.1,17,76,6,12,28,7,0.97,29,37,-8,-0.44,-0.44,Matches
2648,Isaac Price,nir NIR,MF,Everton,eng Premier League,18,2003,1,33,33,1.0,0.4,0,,0,1,33,2,0.00,1,0,+1,+2.73,+3.37,Matches
2649,Pau Prim,es ESP,MF,Barcelona,es La Liga,16,2006,0,,,,,0,,0,0,,1,,,,,,,Matches
2650,Grischa Prömel,de GER,MF,Hoffenheim,de Bundesliga,27,1995,18,1454,81,47.5,16.2,17,84,12,1,30,0,1.39,26,20,+6,+0.37,+1.21,Matches
2651,Ivan Provedel,it ITA,GK,Lazio,it Serie A,28,1994,38,3413,90,99.8,37.9,37,90,37,1,83,0,1.95,60,30,+30,+0.79,+0.79,Matches
2652,Javi Puado,es ESP,"MF,FW",Espanyol,es La Liga,24,1998,37,2340,63,68.4,26.0,25,78,5,12,33,0,0.97,37,44,-7,-0.27,+0.56,Matches
2653,Mehdi Puch-Herrantz,fr FRA,MF,Ajaccio,fr Ligue 1,18,2004,4,47,12,1.4,0.5,0,,0,4,12,1,0.75,1,1,0,0.00,+1.36,Matches
2654,Tymoteusz Puchacz,pl POL,MF,Union Berlin,de Bundesliga,23,1999,1,58,58,1.9,0.6,1,58,0,0,,2,3.00,0,1,-1,-1.55,-1.97,Matches
2655,Joan Puig,es ESP,DF,Espanyol,es La Liga,19,2002,0,,,,,0,,0,0,,1,,,,,,,Matches
2656,Arnau Puigmal,es ESP,MF,Almería,es La Liga,21,2001,22,763,35,22.3,8.5,7,63,0,15,21,16,0.64,11,18,-7,-0.83,-0.52,Matches
2657,Christian Pulisic,us USA,"MF,FW",Chelsea,eng Premier League,23,1998,24,821,34,24.0,9.1,8,64,0,16,19,5,1.13,12,11,+1,+0.11,+0.46,Matches
2658,Ignacio Pussetto,ar ARG,MF,Sampdoria,it Serie A,26,1995,5,152,30,4.4,1.7,1,53,0,4,25,3,0.60,0,2,-2,-1.18,+0.06,Matches
2659,Niklas Pyyhtiä,fi FIN,MF,Bologna,it Serie A,18,2003,6,110,18,3.2,1.2,0,,0,6,18,17,1.17,3,1,+2,+1.64,+1.58,Matches
2660,Fabio Quagliarella,it ITA,FW,Sampdoria,it Serie A,39,1983,23,800,35,23.4,8.9,7,73,0,16,18,10,0.39,6,21,-15,-1.69,-0.59,Matches
2661,Giacomo Quagliata,it ITA,"MF,DF",Cremonese,it Serie A,22,2000,20,699,35,20.4,7.8,6,70,1,14,20,13,0.65,6,17,-11,-1.42,-0.69,Matches
2662,Eduardo Quaresma,pt POR,DF,Hoffenheim,de Bundesliga,20,2002,4,88,22,2.9,1.0,1,45,0,3,14,7,1.00,2,3,-1,-1.02,-0.78,Matches
2663,Joshua Quarshie,de GER,DF,Hoffenheim,de Bundesliga,18,2004,1,1,1,0.0,0.0,0,,0,1,1,1,0.00,0,0,0,0.00,+0.26,Matches
2664,Ghjuvanni Quilichini,fr FRA,GK,Ajaccio,fr Ligue 1,19,2002,1,82,82,2.4,0.9,0,,0,1,82,5,3.00,1,0,+1,+1.10,+2.50,Matches
2665,Domingos Quina,pt POR,MF,Elche,es La Liga,22,1999,10,275,28,8.0,3.1,2,73,1,8,16,3,0.30,2,8,-6,-1.96,-1.08,Matches
2666,Nacho Quintana,es ESP,FW,Sevilla,es La Liga,21,2001,0,,,,,0,,0,0,,4,,,,,,,Matches
2667,Rubén Quintanilla,es ESP,MF,Mallorca,es La Liga,20,2002,1,4,4,0.1,0.0,0,,0,1,4,1,0.00,0,0,0,0.00,+0.16,Matches
2668,Adrien Rabiot,fr FRA,MF,Juventus,it Serie A,27,1995,32,2748,86,80.4,30.5,31,88,27,1,24,0,1.91,47,27,+20,+0.66,+0.25,Matches
2669,Uroš Račić,rs SRB,MF,Valencia,es La Liga,24,1998,0,,,,,0,,0,0,,3,,,,,,,Matches
2670,Nemanja Radonjić,rs SRB,"MF,FW",Torino,it Serie A,26,1996,28,1461,52,42.7,16.2,16,77,4,12,20,2,1.18,18,18,0,0.00,-0.05,Matches
2671,Ivan Radovanović,rs SRB,"MF,DF",Salernitana,it Serie A,33,1988,10,671,67,19.6,7.5,7,82,4,3,32,3,1.10,8,13,-5,-0.67,-0.38,Matches
2672,Ionuț Radu,ro ROU,GK,Auxerre,fr Ligue 1,25,1997,17,1530,90,44.7,17.0,17,90,17,0,,0,1.06,16,20,-4,-0.24,+0.91,Matches
2673,Ionuț Radu,ro ROU,GK,Cremonese,it Serie A,25,1997,9,810,90,23.7,9.0,9,90,9,0,,0,0.33,7,19,-12,-1.33,-0.61,Matches
2674,Ștefan Radu,ro ROU,DF,Lazio,it Serie A,35,1986,1,1,1,0.0,0.0,0,,0,1,1,31,3.00,1,0,+1,+90.00,+89.24,Matches
2675,Francesco Raffaelli,it ITA,GK,Bologna,it Serie A,17,2005,0,,,,,0,,0,0,,6,,,,,,,Matches
2676,Abdellah Raihani,ma MAR,FW,Atlético Madrid,es La Liga,18,2004,0,,,,,0,,0,0,,1,,,,,,,Matches
2677,Antonio Raillo,es ESP,DF,Mallorca,es La Liga,30,1991,31,2766,89,80.9,30.7,31,89,30,0,,0,1.32,32,31,+1,+0.03,+1.00,Matches
2678,Antonio Raimondo,it ITA,FW,Bologna,it Serie A,18,2004,2,15,8,0.4,0.2,0,,0,2,8,6,3.00,1,0,+1,+6.00,+5.92,Matches
2679,Predrag Rajković,rs SRB,GK,Mallorca,es La Liga,26,1995,36,3240,90,94.7,36.0,36,90,36,0,,2,1.31,34,40,-6,-0.17,-0.17,Matches
2680,Ivan Rakitić,hr CRO,MF,Sevilla,es La Liga,34,1988,31,1788,58,52.3,19.9,21,74,10,10,24,5,1.42,23,25,-2,-0.10,+0.18,Matches
2681,Diant Ramaj,de GER,GK,Eintracht Frankfurt,de Bundesliga,20,2001,1,90,90,2.9,1.0,1,90,1,0,,33,1.00,1,1,0,0.00,-0.18,Matches
2682,Largie Ramazani,be BEL,"FW,MF",Almería,es La Liga,21,2001,33,1403,43,41.0,15.6,13,74,2,20,22,4,1.03,14,31,-17,-1.09,-1.14,Matches
2683,Simon Ramet,fr FRA,MF,Lille,fr Ligue 1,19,2003,1,1,1,0.0,0.0,0,,0,1,1,10,3.00,1,0,+1,+90.00,+89.47,Matches
2684,Adil Rami,fr FRA,DF,Troyes,fr Ligue 1,36,1985,20,1596,80,46.7,17.7,18,84,12,2,45,6,0.45,14,33,-19,-1.07,-0.23,Matches
2685,Pablo Ramírez,es ESP,DF,Getafe,es La Liga,19,2003,0,,,,,0,,0,0,,1,,,,,,,Matches
2686,Yoel Ramírez,es ESP,GK,Osasuna,es La Liga,20,2002,0,,,,,0,,0,0,,5,,,,,,,Matches
2687,Chris Ramos,es ESP,FW,Cádiz,es La Liga,25,1997,15,710,47,20.8,7.9,7,77,3,8,21,2,1.07,6,10,-4,-0.51,+0.12,Matches
2688,Dario Ramos,es ESP,GK,Osasuna,es La Liga,22,1999,0,,,,,0,,0,0,,1,,,,,,,Matches
2689,Sergio Ramos,es ESP,DF,Paris Saint-Germain,fr Ligue 1,36,1986,33,2704,82,79.1,30.0,31,85,26,2,37,0,2.30,72,32,+40,+1.33,+0.20,Matches
2690,Calvin Ramsay,sct SCO,DF,Liverpool,eng Premier League,19,2003,0,,,,,0,,0,0,,1,,,,,,,Matches
2691,Aaron Ramsdale,eng ENG,GK,Arsenal,eng Premier League,24,1998,38,3420,90,100.0,38.0,38,90,38,0,,0,2.21,88,43,+45,+1.18,,Matches
2692,Aaron Ramsey,wls WAL,MF,Nice,fr Ligue 1,31,1990,27,1584,59,46.3,17.6,18,74,6,9,27,0,1.59,25,10,+15,+0.85,+1.05,Matches
2693,Jacob Ramsey,eng ENG,MF,Aston Villa,eng Premier League,21,2001,35,2636,75,77.1,29.3,31,82,16,4,26,0,1.63,40,33,+7,+0.24,+0.47,Matches
2694,Darren Randolph,ie IRL,GK,Bournemouth,eng Premier League,35,1987,0,,,,,0,,0,0,,3,,,,,,,Matches
2695,Darren Randolph,ie IRL,GK,West Ham United,eng Premier League,35,1987,0,,,,,0,,0,0,,8,,,,,,,Matches
2696,Luca Ranieri,it ITA,DF,Fiorentina,it Serie A,23,1999,9,508,56,14.9,5.6,5,89,4,4,16,27,2.00,14,5,+9,+1.59,+1.56,Matches
2697,Andrea Ranocchia,it ITA,DF,Monza,it Serie A,34,1988,1,47,47,1.4,0.5,1,47,0,0,,1,0.00,0,2,-2,-3.83,-3.78,Matches
2698,Filippo Ranocchia,it ITA,"MF,FW",Monza,it Serie A,21,2001,14,530,38,15.5,5.9,5,63,1,9,24,20,1.29,6,9,-3,-0.51,-0.48,Matches
2699,Lilian Raolisoa,fr FRA,"DF,MF",Angers,fr Ligue 1,22,2000,7,173,25,5.1,1.9,0,,0,7,25,4,0.57,2,4,-2,-1.04,+0.23,Matches
2700,Raphinha,br BRA,FW,Barcelona,es La Liga,25,1996,36,2072,58,60.6,23.0,25,72,2,11,24,1,2.28,34,9,+25,+1.09,-0.58,Matches
2701,Nicolai Rapp,de GER,"DF,MF",Werder Bremen,de Bundesliga,25,1996,7,71,10,2.3,0.8,0,,0,7,10,4,1.29,3,1,+2,+2.54,+2.99,Matches
2702,Elba Rashani,xk KVX,MF,Clermont Foot,fr Ligue 1,29,1993,32,2162,68,63.2,24.0,26,78,7,6,24,0,1.66,33,32,+1,+0.04,+0.40,Matches
2703,Marcus Rashford,eng ENG,"FW,MF",Manchester Utd,eng Premier League,24,1997,35,2879,82,84.2,32.0,32,86,19,3,42,0,1.89,48,39,+9,+0.28,-0.72,Matches
2704,Giacomo Raspadori,it ITA,"FW,MF",Napoli,it Serie A,22,2000,25,911,36,26.6,10.1,10,62,1,15,19,7,2.24,17,8,+9,+0.89,-0.55,Matches
2705,Giacomo Raspadori,it ITA,"FW,MF",Sassuolo,it Serie A,22,2000,1,45,45,1.3,0.5,0,,0,1,45,0,0.00,0,1,-1,-2.00,-1.65,Matches
2706,Rafael Ratão,br BRA,"FW,MF",Toulouse,fr Ligue 1,26,1995,30,1851,62,54.1,20.6,25,68,1,5,30,1,1.30,35,33,+2,+0.10,+0.56,Matches
2707,David Raum,de GER,"MF,DF",RB Leipzig,de Bundesliga,24,1998,28,1685,60,55.1,18.7,19,81,9,9,17,5,1.89,37,21,+16,+0.85,+0.40,Matches
2708,Federico Ravaglia,it ITA,GK,Bologna,it Serie A,22,1999,0,,,,,0,,0,0,,20,,,,,,,Matches
2709,Nicola Ravaglia,it ITA,GK,Sampdoria,it Serie A,33,1988,9,810,90,23.7,9.0,9,90,9,0,,20,0.33,6,23,-17,-1.89,-0.85,Matches
2710,Luca Ravanelli,it ITA,DF,Cremonese,it Serie A,25,1997,0,,,,,0,,0,0,,1,,,,,,,Matches
2711,Manuel Ravasio,it ITA,GK,Hellas Verona,it Serie A,17,2005,0,,,,,0,,0,0,,1,,,,,,,Matches
2712,Rayan Raveloson,mg MAD,"DF,MF",Auxerre,fr Ligue 1,25,1997,34,2431,72,71.1,27.0,27,88,23,7,10,2,1.00,22,40,-18,-0.67,+0.24,Matches
2713,David Raya,es ESP,GK,Brentford,eng Premier League,26,1995,38,3420,90,100.0,38.0,38,90,38,0,,0,1.55,58,46,+12,+0.32,,Matches
2714,Tim Ream,us USA,DF,Fulham,eng Premier League,34,1987,33,2897,88,84.7,32.2,33,88,31,0,,0,1.36,45,44,+1,+0.03,-0.14,Matches
2715,Ante Rebić,hr CRO,"MF,FW",Milan,it Serie A,28,1993,23,980,43,28.7,10.9,10,72,2,13,20,5,1.74,17,11,+6,+0.55,0.00,Matches
2716,Arkadiusz Reca,pl POL,"MF,DF",Spezia,it Serie A,27,1995,30,2173,72,63.5,24.1,24,83,17,6,30,1,0.71,21,38,-17,-0.70,+0.31,Matches
2717,Nathan Redmond,eng ENG,"FW,MF",Southampton,eng Premier League,28,1994,1,1,1,0.0,0.0,0,,0,1,1,0,0.00,0,0,0,0.00,+0.97,Matches
2718,Harrison Reed,eng ENG,MF,Fulham,eng Premier League,27,1995,37,2866,77,83.8,31.8,35,81,17,2,23,0,1.41,48,43,+5,+0.16,+0.64,Matches
2719,Iacopo Regonesi,it ITA,DF,Atalanta,it Serie A,18,2004,0,,,,,0,,0,0,,1,,,,,,,Matches
2720,Sergio Reguilón,es ESP,DF,Atlético Madrid,es La Liga,25,1996,11,309,28,9.0,3.4,2,76,0,9,17,10,1.36,5,1,+4,+1.17,+0.21,Matches
2721,Leon Reichardt,de GER,DF,Stuttgart,de Bundesliga,18,2004,0,,,,,0,,0,0,,1,,,,,,,Matches
2722,Pepe Reina,es ESP,GK,Villarreal,es La Liga,39,1982,22,1980,90,57.9,22.0,22,90,22,0,,12,1.91,42,27,+15,+0.68,+0.43,Matches
2723,Jeff Reine-Adélaïde,fr FRA,MF,Troyes,fr Ligue 1,24,1998,6,233,39,6.8,2.6,3,62,0,3,15,4,0.17,2,7,-5,-1.93,-1.06,Matches
2724,Jeff Reine-Adélaïde,fr FRA,MF,Lyon,fr Ligue 1,24,1998,14,336,24,9.8,3.7,1,45,0,13,22,3,1.07,6,5,+1,+0.27,-0.23,Matches
2725,Reinier,br BRA,"MF,FW",Girona,es La Liga,20,2002,18,647,36,18.9,7.2,5,72,1,13,22,3,1.37,8,9,-1,-0.14,-0.27,Matches
2726,Rocco Reitz,de GER,MF,Gladbach,de Bundesliga,20,2002,1,3,3,0.1,0.0,0,,0,1,3,12,0.00,0,0,0,0.00,+0.09,Matches
2727,Karim Rekik,nl NED,DF,Sevilla,es La Liga,27,1994,16,1181,74,34.5,13.1,15,77,10,1,24,7,1.38,18,16,+2,+0.15,+0.51,Matches
2728,Álex Remiro,es ESP,GK,Real Sociedad,es La Liga,27,1995,38,3420,90,100.0,38.0,38,90,38,0,,0,1.87,51,35,+16,+0.42,,Matches
2729,Alessandro Renzi,it ITA,MF,Empoli,it Serie A,18,2004,0,,,,,0,,0,0,,1,,,,,,,Matches
2730,Panagiotis Retsos,gr GRE,DF,Hellas Verona,it Serie A,23,1998,2,122,61,3.6,1.4,1,90,1,1,32,1,0.50,1,3,-2,-1.48,-0.77,Matches
2731,Marco Reus,de GER,MF,Dortmund,de Bundesliga,33,1989,25,1353,54,44.2,15.0,14,77,5,11,25,0,2.28,32,19,+13,+0.86,-0.51,Matches
2732,Seb Revan,eng ENG,"DF,MF",Aston Villa,eng Premier League,19,2003,0,,,,,0,,0,0,,7,,,,,,,Matches
2733,Alejandro Revuelta Montero,es ESP,DF,Getafe,es La Liga,22,2000,1,1,1,0.0,0.0,0,,0,1,1,5,3.00,0,0,0,0.00,+0.29,Matches
2734,Elvis Rexhbeçaj,xk KVX,MF,Augsburg,de Bundesliga,24,1997,31,2524,81,82.5,28.0,30,83,17,1,45,0,1.00,35,47,-12,-0.43,+1.08,Matches
2735,Gio Reyna,us USA,MF,Dortmund,de Bundesliga,19,2002,22,625,28,20.4,6.9,4,61,0,18,21,6,1.95,21,14,+7,+1.01,-0.17,Matches
2736,Chadi Riad,ma MAR,DF,Barcelona,es La Liga,19,2003,1,2,2,0.1,0.0,0,,0,1,2,3,3.00,0,0,0,0.00,-1.32,Matches
2737,Nico Ribaudo,es ESP,"MF,FW",Espanyol,es La Liga,21,2001,32,1248,39,36.5,13.9,16,64,2,16,14,6,0.91,23,28,-5,-0.36,+0.14,Matches
2738,Alexsandro Ribeiro,br BRA,DF,Lille,fr Ligue 1,22,1999,21,1612,77,47.1,17.9,16,89,15,5,38,15,1.76,31,25,+6,+0.33,-0.41,Matches
2739,Tiago Ribeiro,pt POR,MF,Valencia,es La Liga,20,2002,0,,,,,0,,0,0,,1,,,,,,,Matches
2740,Franck Ribéry,fr FRA,"FW,MF",Salernitana,it Serie A,39,1983,1,37,37,1.1,0.4,0,,0,1,37,0,0.00,0,0,0,0.00,+0.37,Matches
2741,Samuele Ricci,it ITA,MF,Torino,it Serie A,20,2001,28,2070,74,60.5,23.0,23,84,15,5,28,3,1.54,28,22,+6,+0.26,+0.59,Matches
2742,Alessandro Riccio,it ITA,DF,Juventus,it Serie A,20,2002,0,,,,,0,,0,0,,3,,,,,,,Matches
2743,Declan Rice,eng ENG,MF,West Ham United,eng Premier League,23,1999,37,3273,88,95.7,36.4,36,90,36,1,33,0,1.08,42,50,-8,-0.22,+2.84,Matches
2744,Chris Richards,us USA,DF,Crystal Palace,eng Premier League,22,2000,9,447,50,13.1,5.0,4,90,4,5,17,18,0.78,2,11,-9,-1.81,-1.81,Matches
2745,Richarlison,br BRA,"MF,FW",Tottenham Hotspur,eng Premier League,25,1997,27,1010,37,29.5,11.2,12,65,1,15,15,2,1.59,22,18,+4,+0.36,+0.24,Matches
2746,Marco Richter,de GER,"MF,FW",Hertha BSC,de Bundesliga,24,1997,29,1836,63,60.0,20.4,21,78,7,8,26,1,0.93,30,51,-21,-1.03,-0.59,Matches
2747,Diego Rico,es ESP,DF,Real Sociedad,es La Liga,29,1993,20,1646,82,48.1,18.3,18,85,15,2,54,11,1.90,25,14,+11,+0.60,+0.35,Matches
2748,Sergio Rico,es ESP,GK,Paris Saint-Germain,fr Ligue 1,28,1993,0,,,,,0,,0,0,,25,,,,,,,Matches
2749,Jaïro Riedewald,nl NED,"DF,MF",Crystal Palace,eng Premier League,25,1996,6,64,11,1.9,0.7,0,,0,6,11,24,1.83,0,0,0,0.00,+0.24,Matches
2750,Manuel Riemann,de GER,GK,Bochum,de Bundesliga,33,1988,34,3060,90,100.0,34.0,34,90,34,0,,0,1.03,40,72,-32,-0.94,,Matches
2751,Lasse Rieß,de GER,GK,Mainz 05,de Bundesliga,21,2001,0,,,,,0,,0,0,,7,,,,,,,Matches
2752,Tomás Rincón,ve VEN,MF,Sampdoria,it Serie A,34,1988,34,2555,75,74.7,28.4,30,81,17,4,31,2,0.47,18,56,-38,-1.34,-0.40,Matches
2753,Rémy Riou,fr FRA,GK,Lyon,fr Ligue 1,34,1987,7,601,86,17.6,6.7,6,90,6,1,61,31,1.86,11,8,+3,+0.45,-0.03,Matches
2754,Renaud Ripart,fr FRA,"FW,MF",Troyes,fr Ligue 1,29,1993,26,1320,51,38.6,14.7,15,72,4,11,22,2,0.73,19,28,-9,-0.61,+0.54,Matches
2755,Rodrigo Riquelme,es ESP,"MF,FW",Girona,es La Liga,22,2000,34,2179,64,63.7,24.2,25,77,6,9,28,1,1.32,37,41,-4,-0.17,-0.67,Matches
2756,Robin Risser,fr FRA,GK,Strasbourg,fr Ligue 1,17,2004,0,,,,,0,,0,0,,27,,,,,,,Matches
2757,Matt Ritchie,sct SCO,"DF,MF",Newcastle United,eng Premier League,32,1989,7,39,6,1.1,0.4,0,,0,7,6,18,2.29,1,0,+1,+2.31,+1.40,Matches
2758,Gorka Rivera Alonso,es ESP,DF,Getafe,es La Liga,17,2004,0,,,,,0,,0,0,,3,,,,,,,Matches
2759,Sergi Roberto,es ESP,"DF,MF",Barcelona,es La Liga,30,1992,23,1308,57,38.2,14.5,15,73,5,8,27,6,2.13,24,10,+14,+0.96,-0.57,Matches
2760,Lucas Robertone,ar ARG,MF,Almería,es La Liga,25,1997,37,2843,77,83.1,31.6,34,81,12,3,33,0,1.11,44,47,-3,-0.09,+1.93,Matches
2761,Alex Robertson,au AUS,MF,Manchester City,eng Premier League,19,2003,0,,,,,0,,0,0,,2,,,,,,,Matches
2762,Andrew Robertson,sct SCO,DF,Liverpool,eng Premier League,28,1994,34,2583,76,75.5,28.7,29,84,19,5,27,1,1.82,58,34,+24,+0.84,+0.41,Matches
2763,Jordan Robinand,fr FRA,MF,Strasbourg,fr Ligue 1,18,2003,0,,,,,0,,0,0,,2,,,,,,,Matches
2764,Antonee Robinson,us USA,DF,Fulham,eng Premier League,24,1997,35,3088,88,90.3,34.3,35,88,34,0,,0,1.40,50,44,+6,+0.17,+1.26,Matches
2765,Charlie Robinson,eng ENG,DF,Fulham,eng Premier League,17,2004,0,,,,,0,,0,0,,1,,,,,,,Matches
2766,Joel Robles,es ESP,GK,Leeds United,eng Premier League,32,1990,4,360,90,10.5,4.0,4,90,4,0,,23,0.25,5,11,-6,-1.50,-0.79,Matches
2767,Joel Roca,es ESP,FW,Girona,es La Liga,17,2005,5,84,17,2.5,0.9,0,,0,5,17,15,0.20,0,0,0,0.00,-0.08,Matches
2768,Marc Roca,es ESP,MF,Leeds United,eng Premier League,25,1996,32,2315,72,67.7,25.7,29,78,12,3,19,3,0.91,33,60,-27,-1.05,-0.81,Matches
2769,Enzo Roco,cl CHI,DF,Elche,es La Liga,29,1992,22,1652,75,48.3,18.4,19,80,11,3,42,12,0.59,16,36,-20,-1.09,-0.22,Matches
2770,Marek Rodák,sk SVK,GK,Fulham,eng Premier League,25,1996,2,180,90,5.3,2.0,2,90,2,0,,36,1.00,2,2,0,0.00,-0.06,Matches
2771,Sebastian Rode,de GER,MF,Eintracht Frankfurt,de Bundesliga,31,1990,27,1414,52,46.2,15.7,19,64,1,8,24,1,1.48,28,29,-1,-0.06,-0.45,Matches
2772,Kaden Rodney,eng ENG,"DF,MF",Crystal Palace,eng Premier League,17,2004,0,,,,,0,,0,0,,2,,,,,,,Matches
2773,Joe Rodon,wls WAL,DF,Rennes,fr Ligue 1,24,1997,16,1417,89,41.4,15.7,16,89,14,0,,17,1.69,32,17,+15,+0.95,+0.28,Matches
2774,Rodri,es ESP,"MF,DF",Manchester City,eng Premier League,26,1996,36,2911,81,85.1,32.3,34,85,23,2,7,1,2.39,83,26,+57,+1.76,+1.06,Matches
2775,Rodri,es ESP,MF,Real Betis,es La Liga,22,2000,30,1601,53,46.8,17.8,19,68,3,11,28,7,1.63,20,15,+5,+0.28,+0.28,Matches
2776,Rodrigo,es ESP,"FW,MF",Leeds United,eng Premier League,31,1991,31,1935,62,56.6,21.5,23,74,7,8,28,0,0.87,28,43,-15,-0.70,+0.21,Matches
2777,Alex Rodríguez,es ESP,DF,Getafe,es La Liga,20,2002,0,,,,,0,,0,0,,3,,,,,,,Matches
2778,Álvaro Rodríguez,uy URU,FW,Real Madrid,es La Liga,18,2004,6,79,13,2.3,0.9,0,,0,6,13,3,1.83,4,2,+2,+2.28,+1.28,Matches
2779,Ángel Rodríguez,es ESP,FW,Mallorca,es La Liga,35,1987,17,394,23,11.5,4.4,2,66,0,15,18,17,0.78,5,5,0,0.00,+0.18,Matches
2780,Óscar Rodríguez Arnaiz,es ESP,MF,Celta Vigo,es La Liga,24,1998,33,1775,54,51.9,19.7,19,78,10,14,20,3,1.18,25,31,-6,-0.30,-0.09,Matches
2781,Dani Rodríguez,es ESP,MF,Mallorca,es La Liga,34,1988,35,2100,60,61.4,23.3,26,73,3,9,24,0,1.23,23,26,-3,-0.13,+0.08,Matches
2782,Daniel Rodriguez,es ESP,MF,Barcelona,es La Liga,16,2005,0,,,,,0,,0,0,,1,,,,,,,Matches
2783,Guido Rodríguez,ar ARG,MF,Real Betis,es La Liga,28,1994,34,2872,84,84.0,31.9,33,86,27,1,45,1,1.56,38,32,+6,+0.19,+0.35,Matches
2784,Miguel Rodríguez,es ESP,"FW,MF",Celta Vigo,es La Liga,19,2003,7,252,36,7.4,2.8,3,53,0,4,23,13,0.71,5,4,+1,+0.36,+0.67,Matches
2785,Pablo Rodríguez,es ESP,"FW,MF",Lecce,it Serie A,20,2001,4,54,14,1.6,0.6,0,,0,4,14,14,0.25,0,0,0,0.00,+0.35,Matches
2786,Ricardo Rodríguez,ch SUI,"DF,MF",Torino,it Serie A,29,1992,35,2670,76,78.1,29.7,30,85,21,5,27,2,1.34,33,31,+2,+0.07,+0.19,Matches
2787,Rodrygo,br BRA,FW,Real Madrid,es La Liga,21,2001,34,2379,70,69.6,26.4,25,86,15,9,24,0,2.00,54,27,+27,+1.02,-0.02,Matches
2788,Mads Roerslev,dk DEN,"MF,DF",Brentford,eng Premier League,23,1999,20,1108,55,32.4,12.3,12,85,10,8,11,15,2.10,20,12,+8,+0.65,+0.49,Matches
2789,Víctor Rofino,gw GNB,DF,Valladolid,es La Liga,20,2002,0,,,,,0,,0,0,,4,,,,,,,Matches
2790,Agustín Rogel,uy URU,DF,Hertha BSC,de Bundesliga,24,1997,20,1426,71,46.6,15.8,14,87,13,6,35,4,0.80,21,36,-15,-0.95,-0.29,Matches
2791,Rogério,br BRA,DF,Sassuolo,it Serie A,24,1998,36,2996,83,87.6,33.3,34,88,29,2,9,1,1.14,41,55,-14,-0.42,-0.42,Matches
2792,Merlin Röhl,de GER,MF,Freiburg,de Bundesliga,20,2002,3,57,19,1.9,0.6,0,,0,3,19,8,1.33,1,1,0,0.00,-0.21,Matches
2793,Carlos Rojas,es ESP,FW,Almería,es La Liga,20,2002,0,,,,,0,,0,0,,5,,,,,,,Matches
2794,Tony Rölke,de GER,FW,Hertha BSC,de Bundesliga,19,2003,1,20,20,0.7,0.2,0,,0,1,20,0,3.00,0,0,0,0.00,+0.80,Matches
2795,Filippo Romagna,it ITA,DF,Sassuolo,it Serie A,25,1997,2,46,23,1.3,0.5,0,,0,2,23,17,0.50,1,2,-1,-1.96,-1.61,Matches
2796,Alessio Romagnoli,it ITA,DF,Lazio,it Serie A,27,1995,34,2922,86,85.4,32.5,33,88,30,1,34,2,1.82,49,28,+21,+0.65,-0.98,Matches
2797,Simone Romagnoli,it ITA,DF,Lecce,it Serie A,32,1990,7,167,24,4.9,1.9,1,90,1,6,13,11,0.71,1,4,-3,-1.62,-1.34,Matches
2798,Leo Román,es ESP,GK,Mallorca,es La Liga,22,2000,1,90,90,2.6,1.0,1,90,1,0,,30,3.00,3,0,+3,+3.00,+3.24,Matches
2799,Carlos Romero,es ESP,DF,Villarreal,es La Liga,20,2001,0,,,,,0,,0,0,,1,,,,,,,Matches
2800,Cristian Romero,ar ARG,DF,Tottenham Hotspur,eng Premier League,24,1998,27,2364,88,69.1,26.3,26,90,24,1,32,0,1.59,46,41,+5,+0.19,+0.02,Matches
2801,Iván Romero,es ESP,"FW,MF",Sevilla,es La Liga,21,2001,1,11,11,0.3,0.1,0,,0,1,11,0,0.00,0,0,0,0.00,+0.18,Matches
2802,Luka Romero,ar ARG,FW,Lazio,it Serie A,17,2004,6,151,25,4.4,1.7,1,68,0,5,17,28,2.00,1,2,-1,-0.60,-1.45,Matches
2803,Oriol Romeu,es ESP,MF,Southampton,eng Premier League,30,1991,1,74,74,2.2,0.8,1,74,0,0,,3,0.00,1,4,-3,-3.65,-2.73,Matches
2804,Oriol Romeu,es ESP,MF,Girona,es La Liga,30,1991,33,2950,89,86.3,32.8,33,89,31,0,,0,1.36,52,47,+5,+0.15,+0.54,Matches
2805,Cristiano Ronaldo,pt POR,FW,Manchester Utd,eng Premier League,37,1985,10,525,53,15.4,5.8,4,85,3,6,31,2,1.90,6,8,-2,-0.34,-0.87,Matches
2806,Connor Ronan,ie IRL,MF,Wolves,eng Premier League,24,1998,1,1,1,0.0,0.0,0,,0,1,1,10,0.00,0,0,0,0.00,+0.71,Matches
2807,Salomón Rondón,ve VEN,FW,Everton,eng Premier League,32,1989,7,109,16,3.2,1.2,1,56,0,6,9,3,1.14,1,2,-1,-0.83,-0.23,Matches
2808,Valentin Rongier,fr FRA,MF,Marseille,fr Ligue 1,27,1994,36,3032,84,88.7,33.7,34,87,29,2,35,0,1.94,57,37,+20,+0.59,-1.03,Matches
2809,Marten de Roon,nl NED,MF,Atalanta,it Serie A,31,1991,35,2964,85,86.7,32.9,34,87,31,1,10,0,1.74,57,40,+17,+0.52,+0.32,Matches
2810,Pablo Rosario,do DOM,"MF,DF",Nice,fr Ligue 1,25,1997,31,1767,57,51.7,19.6,17,83,11,14,26,6,1.58,22,26,-4,-0.20,-1.02,Matches
2811,Francesco Rossi,it ITA,GK,Atalanta,it Serie A,31,1991,1,4,4,0.1,0.0,0,,0,1,4,36,3.00,1,0,+1,+22.50,+22.05,Matches
2812,Tom Rothe,de GER,"DF,MF",Dortmund,de Bundesliga,17,2004,2,26,13,0.8,0.3,0,,0,2,13,9,1.50,1,0,+1,+3.46,+2.33,Matches
2813,Joe Rothwell,eng ENG,MF,Bournemouth,eng Premier League,27,1995,20,1016,51,29.7,11.3,12,71,3,8,20,7,1.10,16,15,+1,+0.09,+1.40,Matches
2814,Anthony Rouault,fr FRA,DF,Toulouse,fr Ligue 1,21,2001,37,3314,90,96.9,36.8,37,90,35,0,,1,1.27,51,55,-4,-0.11,+1.59,Matches
2815,Léo Rouille,fr FRA,DF,Rennes,fr Ligue 1,18,2004,0,,,,,0,,0,0,,1,,,,,,,Matches
2816,Jérôme Roussillon,gp GLP,"DF,MF",Wolfsburg,de Bundesliga,29,1993,4,22,6,0.7,0.2,0,,0,4,6,1,2.50,1,0,+1,+4.09,+3.85,Matches
2817,Jérôme Roussillon,gp GLP,MF,Union Berlin,de Bundesliga,29,1993,16,957,60,31.3,10.6,11,81,1,5,14,0,1.94,16,13,+3,+0.28,-0.15,Matches
2818,Nicolò Rovella,it ITA,MF,Monza,it Serie A,20,2001,25,1740,70,50.9,19.3,21,76,9,4,34,1,1.64,31,19,+12,+0.62,+1.48,Matches
2819,Nicolò Rovella,it ITA,MF,Juventus,it Serie A,20,2001,3,27,9,0.8,0.3,0,,0,3,9,0,1.67,0,0,0,0.00,-0.61,Matches
2820,Amir Rrahmani,xk KVX,DF,Napoli,it Serie A,28,1994,29,2448,84,71.6,27.2,27,89,25,2,23,3,2.31,56,22,+34,+1.25,-0.14,Matches
2821,Ruan,br BRA,DF,Sassuolo,it Serie A,23,1999,23,1711,74,50.0,19.0,21,81,12,2,7,12,1.09,25,31,-6,-0.32,+0.11,Matches
2822,Rubén,es ESP,"MF,DF",Espanyol,es La Liga,21,2001,18,888,49,26.0,9.9,9,73,2,9,26,5,0.56,10,25,-15,-1.52,-1.45,Matches
2823,Antonio Rüdiger,de GER,DF,Real Madrid,es La Liga,29,1993,33,2415,73,70.6,26.8,26,90,25,7,12,2,2.00,44,25,+19,+0.71,-1.08,Matches
2824,Sebastian Rudy,de GER,MF,Hoffenheim,de Bundesliga,32,1990,22,794,36,25.9,8.8,6,68,1,16,24,9,1.18,13,13,0,0.00,+0.36,Matches
2825,Daniele Rugani,it ITA,DF,Juventus,it Serie A,28,1994,9,564,63,16.5,6.3,6,88,5,3,12,29,2.11,9,2,+7,+1.12,+0.61,Matches
2826,Fabio Ruggeri,it ITA,DF,Lazio,it Serie A,17,2004,0,,,,,0,,0,0,,1,,,,,,,Matches
2827,Matteo Ruggeri,it ITA,"MF,DF",Atalanta,it Serie A,20,2002,15,829,55,24.2,9.2,8,90,8,7,16,13,1.67,19,13,+6,+0.65,+0.23,Matches
2828,Mário Rui,pt POR,DF,Napoli,it Serie A,31,1991,22,1749,80,51.1,19.4,21,81,7,1,45,8,2.77,47,16,+31,+1.60,+0.63,Matches
2829,Aitor Ruibal,es ESP,"DF,MF",Real Betis,es La Liga,26,1996,26,1454,56,42.5,16.2,15,83,8,11,19,10,1.35,15,13,+2,+0.12,-0.01,Matches
2830,Kays Ruiz,fr FRA,MF,Auxerre,fr Ligue 1,19,2002,1,62,62,1.8,0.7,1,62,0,0,,8,0.00,0,1,-1,-1.45,-0.73,Matches
2831,Fabián Ruiz Peña,es ESP,MF,Paris Saint-Germain,fr Ligue 1,26,1996,27,1892,70,55.3,21.0,21,79,10,6,40,0,2.30,45,21,+24,+1.14,-0.33,Matches
2832,Víctor Ruiz,es ESP,DF,Real Betis,es La Liga,33,1989,10,560,56,16.4,6.2,5,90,5,5,22,14,2.00,8,8,0,0.00,-0.16,Matches
2833,Gerónimo Rulli,ar ARG,GK,Villarreal,es La Liga,30,1992,14,1260,90,36.8,14.0,14,90,14,0,,1,1.50,15,10,+5,+0.36,-0.23,Matches
2834,Ruly,es ESP,GK,Celta Vigo,es La Liga,22,2000,0,,,,,0,,0,0,,2,,,,,,,Matches
2835,Alessandro Russo,it ITA,GK,Sassuolo,it Serie A,21,2001,1,90,90,2.6,1.0,1,90,1,0,,33,0.00,1,3,-2,-2.00,-1.68,Matches
2836,Diego Russo,it ITA,MF,Udinese,it Serie A,17,2005,0,,,,,0,,0,0,,3,,,,,,,Matches
2837,Franco Russo,ar ARG,DF,Mallorca,es La Liga,27,1994,3,145,48,4.2,1.6,2,72,0,1,1,13,1.00,0,2,-2,-1.24,-1.13,Matches
2838,Georginio Rutter,fr FRA,FW,Hoffenheim,de Bundesliga,20,2002,15,1009,67,33.0,11.2,11,83,4,4,25,0,1.20,17,15,+2,+0.18,+0.66,Matches
2839,Georginio Rutter,fr FRA,FW,Leeds United,eng Premier League,20,2002,11,273,25,8.0,3.0,1,67,0,10,21,9,0.45,3,9,-6,-1.98,-1.29,Matches
2840,Julian Ryerson,no NOR,MF,Union Berlin,de Bundesliga,24,1997,13,1037,80,33.9,11.5,12,84,7,1,29,1,1.85,21,15,+6,+0.52,+0.21,Matches
2841,Julian Ryerson,no NOR,DF,Dortmund,de Bundesliga,24,1997,17,1410,83,46.1,15.7,17,83,10,0,,0,2.35,47,19,+28,+1.79,+1.19,Matches
2842,Frederik Rønnow,dk DEN,GK,Union Berlin,de Bundesliga,29,1992,29,2610,90,85.3,29.0,29,90,29,0,,0,1.90,44,27,+17,+0.59,+1.39,Matches
2843,José Sá,pt POR,GK,Wolves,eng Premier League,29,1993,36,3240,90,94.7,36.0,36,90,36,0,,2,1.11,30,55,-25,-0.69,+0.31,Matches
2844,Youssouf Sabaly,sn SEN,DF,Real Betis,es La Liga,29,1993,23,1680,73,49.1,18.7,19,85,14,4,17,4,1.65,26,18,+8,+0.43,+0.58,Matches
2845,Halid Šabanović,ba BIH,"DF,MF",Angers,fr Ligue 1,22,1999,15,638,43,18.7,7.1,8,63,2,7,20,8,0.67,8,14,-6,-0.85,+0.51,Matches
2846,Abdelhamid Sabiri,ma MAR,MF,Sampdoria,it Serie A,25,1996,18,1069,59,31.3,11.9,12,75,6,6,28,4,0.50,6,20,-14,-1.18,+0.08,Matches
2847,Marcel Sabitzer,at AUT,MF,Bayern Munich,de Bundesliga,28,1994,15,628,42,20.5,7.0,7,67,2,8,20,3,2.27,22,3,+19,+2.72,+1.43,Matches
2848,Marcel Sabitzer,at AUT,MF,Manchester Utd,eng Premier League,28,1994,11,627,57,18.3,7.0,7,81,2,4,14,1,1.73,11,7,+4,+0.57,+0.22,Matches
2849,Falaye Sacko,ml MLI,DF,Montpellier,fr Ligue 1,27,1995,35,2580,74,75.4,28.7,29,86,23,6,15,3,1.34,57,45,+12,+0.42,+1.38,Matches
2850,Dominic Sadi,eng ENG,MF,Bournemouth,eng Premier League,18,2003,0,,,,,0,,0,0,,4,,,,,,,Matches
2851,Umar Sadiq,ng NGA,FW,Almería,es La Liga,25,1997,3,240,80,7.0,2.7,3,80,1,0,,0,1.33,4,3,+1,+0.37,+0.86,Matches
2852,Umar Sadiq,ng NGA,FW,Real Sociedad,es La Liga,25,1997,2,82,41,2.4,0.9,1,37,0,1,45,0,0.50,1,0,+1,+1.10,+0.69,Matches
2853,Alexis Saelemaekers,be BEL,MF,Milan,it Serie A,23,1999,30,1403,47,41.0,15.6,14,67,0,16,29,1,1.70,21,16,+5,+0.32,-0.39,Matches
2854,Tom Saettel,fr FRA,FW,Strasbourg,fr Ligue 1,17,2005,0,,,,,0,,0,0,,2,,,,,,,Matches
2855,Yakine Said Mmadi,km COM,DF,Marseille,fr Ligue 1,18,2004,0,,,,,0,,0,0,,1,,,,,,,Matches
2856,Wesley Saïd,fr FRA,FW,Lens,fr Ligue 1,27,1995,21,644,31,18.8,7.2,6,57,0,15,20,1,2.43,11,6,+5,+0.70,-0.40,Matches
2857,Allan Saint-Maximin,fr FRA,FW,Newcastle United,eng Premier League,25,1997,25,1120,45,32.7,12.4,12,75,2,13,17,1,1.76,19,14,+5,+0.40,-0.77,Matches
2858,Théo Sainte-Luce,fr FRA,DF,Montpellier,fr Ligue 1,23,1998,9,534,59,15.6,5.9,7,71,3,2,20,2,1.67,18,14,+4,+0.67,+0.71,Matches
2859,Samuel Sáiz,es ESP,MF,Girona,es La Liga,31,1991,8,240,30,7.0,2.7,1,60,0,7,26,4,1.13,5,5,0,0.00,-0.08,Matches
2860,Bukayo Saka,eng ENG,"FW,MF",Arsenal,eng Premier League,20,2001,38,3181,84,93.0,35.3,37,85,23,1,31,0,2.21,79,42,+37,+1.05,-1.97,Matches
2861,Hamza Sakhi,fr FRA,MF,Auxerre,fr Ligue 1,26,1996,27,1658,61,48.5,18.4,18,83,8,9,19,7,0.63,16,41,-25,-1.36,-1.20,Matches
2862,Mamadou Sakho,fr FRA,DF,Montpellier,fr Ligue 1,32,1990,15,763,51,22.3,8.5,7,76,1,8,29,17,1.07,16,20,-4,-0.47,-0.71,Matches
2863,Álex Sala,es ESP,MF,Girona,es La Liga,21,2001,0,,,,,0,,0,0,,1,,,,,,,Matches
2864,Jacopo Sala,it ITA,MF,Spezia,it Serie A,30,1991,6,112,19,3.3,1.2,1,66,0,5,9,22,0.83,0,4,-4,-3.21,-2.48,Matches
2865,Ibrahim Salah,ma MAR,FW,Rennes,fr Ligue 1,20,2001,13,227,17,6.6,2.5,1,63,0,12,14,3,1.46,3,3,0,0.00,-0.85,Matches
2866,Mohamed Salah,eg EGY,FW,Liverpool,eng Premier League,30,1992,38,3290,87,96.2,36.6,37,88,29,1,26,0,1.76,74,45,+29,+0.79,+1.49,Matches
2867,Amine Salama,fr FRA,"FW,MF",Angers,fr Ligue 1,22,2000,25,1249,50,36.5,13.9,12,78,4,13,24,2,0.16,10,28,-18,-1.30,-0.05,Matches
2868,Kike Salas,es ESP,DF,Sevilla,es La Liga,20,2002,6,368,61,10.8,4.1,4,73,2,2,39,10,1.00,6,5,+1,+0.24,+0.48,Matches
2869,Eddie Salcedo,it ITA,FW,Inter,it Serie A,20,2001,0,,,,,0,,0,0,,1,,,,,,,Matches
2870,William Saliba,fr FRA,DF,Arsenal,eng Premier League,21,2001,27,2415,89,70.6,26.8,27,89,26,0,,0,2.44,61,25,+36,+1.34,+0.54,Matches
2871,Dikeni-Rafid Salifou,tg TOG,MF,Werder Bremen,de Bundesliga,19,2003,1,1,1,0.0,0.0,0,,0,1,1,7,3.00,0,0,0,0.00,+0.38,Matches
2872,Romain Salin,fr FRA,GK,Rennes,fr Ligue 1,38,1984,0,,,0.0,0.0,0,,0,0,,2,3.00,2,1,+1,,,Matches
2873,Mohammed Salisu,gh GHA,DF,Southampton,eng Premier League,23,1999,22,1973,90,57.7,21.9,21,90,20,1,84,4,0.73,20,41,-21,-0.96,+0.04,Matches
2874,Roland Sallai,hu HUN,"MF,FW",Freiburg,de Bundesliga,25,1997,19,1002,53,32.7,11.1,10,73,2,9,31,4,1.84,16,15,+1,+0.09,-0.17,Matches
2875,Yoann Salmier,gf GUF,DF,Troyes,fr Ligue 1,29,1992,32,2646,83,77.4,29.4,31,85,25,1,8,2,0.72,39,65,-26,-0.88,+0.28,Matches
2876,Salvi,es ESP,MF,Rayo Vallecano,es La Liga,31,1991,24,490,20,14.3,5.4,4,55,0,20,14,10,1.46,4,15,-11,-2.02,-2.11,Matches
2877,Lazar Samardzic,rs SRB,"MF,FW",Udinese,it Serie A,20,2002,37,1848,50,54.0,20.5,19,75,3,18,24,1,1.22,29,27,+2,+0.10,+0.27,Matches
2878,Diadie Samassékou,ml MLI,MF,Hoffenheim,de Bundesliga,26,1996,2,34,17,1.1,0.4,1,23,0,1,11,4,1.50,0,0,0,0.00,+0.27,Matches
2879,Mama Samba Baldé,gw GNB,"FW,MF",Troyes,fr Ligue 1,26,1995,34,2665,78,77.9,29.6,30,84,20,4,37,0,0.53,36,68,-32,-1.08,-0.60,Matches
2880,Brice Samba,fr FRA,GK,Lens,fr Ligue 1,28,1994,37,3330,90,97.4,37.0,37,90,37,0,,1,2.19,65,28,+37,+1.00,-1.00,Matches
2881,Albert Sambi Lokonga,be BEL,MF,Arsenal,eng Premier League,22,1999,6,198,33,5.8,2.2,2,82,1,4,9,12,2.50,3,3,0,0.00,-1.26,Matches
2882,Albert Sambi Lokonga,be BEL,MF,Crystal Palace,eng Premier League,22,1999,9,536,60,15.7,6.0,6,79,3,3,20,8,0.67,2,5,-3,-0.50,-0.32,Matches
2883,Junior Sambia,fr FRA,"MF,DF",Salernitana,it Serie A,25,1996,22,697,32,20.4,7.7,7,69,1,15,14,16,1.00,8,10,-2,-0.26,+0.14,Matches
2884,Jasper Samooja,fi FIN,GK,Lecce,it Serie A,19,2003,0,,,,,0,,0,0,,3,,,,,,,Matches
2885,Imari Samuels,eng ENG,DF,Brighton,eng Premier League,19,2003,0,,,,,0,,0,0,,1,,,,,,,Matches
2886,Ishé Samuels-Smith,eng ENG,DF,Everton,eng Premier League,16,2006,0,,,,,0,,0,0,,1,,,,,,,Matches
2887,Fede San Emeterio,es ESP,MF,Cádiz,es La Liga,25,1997,33,1844,56,53.9,20.5,24,69,3,9,22,0,1.18,16,23,-7,-0.34,+0.57,Matches
2888,Antonio Sanabria,py PAR,FW,Torino,it Serie A,26,1996,33,2433,74,71.1,27.0,28,82,12,5,25,2,1.33,29,31,-2,-0.07,-0.35,Matches
2889,Leandro Sanca,gw GNB,MF,Spezia,it Serie A,22,2000,4,32,8,0.9,0.4,0,,0,4,8,11,0.50,0,2,-2,-5.63,-4.85,Matches
2890,Oihan Sancet,es ESP,MF,Athletic Club,es La Liga,22,2000,36,2532,70,74.0,28.1,32,75,6,4,36,0,1.39,39,29,+10,+0.36,+0.96,Matches
2891,Renato Sanches,pt POR,MF,Paris Saint-Germain,fr Ligue 1,24,1997,23,717,31,21.0,8.0,6,51,1,17,24,1,2.22,18,9,+9,+1.13,-0.20,Matches
2892,Alexis Sánchez,cl CHI,"FW,MF",Marseille,fr Ligue 1,33,1988,35,2679,77,78.3,29.8,32,80,11,3,41,2,1.89,51,27,+24,+0.81,+0.44,Matches
2893,Antonio Sánchez,es ESP,"MF,DF",Mallorca,es La Liga,25,1997,32,1076,34,31.5,12.0,11,64,1,21,18,5,1.28,7,19,-12,-1.00,-1.23,Matches
2894,Davinson Sánchez,co COL,DF,Tottenham Hotspur,eng Premier League,26,1996,18,858,48,25.1,9.5,8,81,5,10,21,20,1.50,18,17,+1,+0.10,-0.11,Matches
2895,Iván Sánchez,es ESP,"MF,FW",Valladolid,es La Liga,29,1992,25,1154,46,33.7,12.8,13,66,1,12,25,11,0.92,12,20,-8,-0.62,+0.25,Matches
2896,Javi Sánchez,es ESP,DF,Valladolid,es La Liga,25,1997,32,2392,75,69.9,26.6,28,81,20,4,29,2,1.16,21,43,-22,-0.83,-0.13,Matches
2897,Manu Sánchez,es ESP,DF,Osasuna,es La Liga,21,2000,31,2124,69,62.1,23.6,22,90,21,9,16,7,1.35,22,26,-4,-0.17,-0.10,Matches
2898,Robert Sánchez,es ESP,GK,Brighton,eng Premier League,24,1997,23,2070,90,60.5,23.0,23,90,23,0,,10,1.65,41,30,+11,+0.48,-0.06,Matches
2899,Jadon Sancho,eng ENG,MF,Manchester Utd,eng Premier League,22,2000,26,1686,65,49.3,18.7,21,74,4,5,28,4,1.92,30,18,+12,+0.64,+0.48,Matches
2900,Alex Sandro,br BRA,DF,Juventus,it Serie A,31,1991,25,1787,71,52.3,19.9,21,82,16,4,15,8,1.92,35,20,+15,+0.76,+0.31,Matches
2901,Leroy Sané,de GER,MF,Bayern Munich,de Bundesliga,26,1996,32,2010,63,65.7,22.3,20,82,11,12,32,0,2.03,59,24,+35,+1.57,-0.06,Matches
2902,Sidi Sané,de GER,MF,Schalke 04,de Bundesliga,19,2003,1,25,25,0.8,0.3,0,,0,1,25,4,0.00,0,0,0,0.00,+1.07,Matches
2903,Morgan Sanson,fr FRA,MF,Aston Villa,eng Premier League,27,1994,2,11,6,0.3,0.1,0,,0,2,6,11,3.00,0,1,-1,-8.18,-8.34,Matches
2904,Morgan Sanson,fr FRA,MF,Strasbourg,fr Ligue 1,27,1994,18,1419,79,41.5,15.8,18,79,6,0,,0,1.39,25,22,+3,+0.19,+0.69,Matches
2905,Nicola Sansone,it ITA,"FW,MF",Bologna,it Serie A,30,1991,18,740,41,21.6,8.2,8,69,2,10,19,8,1.33,16,9,+7,+0.85,+0.95,Matches
2906,Baptiste Santamaria,fr FRA,MF,Rennes,fr Ligue 1,27,1995,25,1813,73,53.0,20.1,20,84,16,5,25,1,1.68,36,21,+15,+0.74,-0.10,Matches
2907,Yago Santiago,es ESP,"FW,MF",Tottenham Hotspur,eng Premier League,19,2003,0,,,,,0,,0,0,,1,,,,,,,Matches
2908,Yellu Santiago,es ESP,MF,Valencia,es La Liga,18,2004,0,,,,,0,,0,0,,1,,,,,,,Matches
2909,Danilo Santos,br BRA,MF,Nottingham Forest,eng Premier League,21,2001,13,976,75,28.5,10.8,12,78,5,1,46,3,1.23,17,18,-1,-0.09,+0.98,Matches
2910,Riccardo Saponara,it ITA,"MF,FW",Fiorentina,it Serie A,30,1991,29,1208,42,35.3,13.4,14,62,0,15,23,8,1.55,21,17,+4,+0.30,+0.05,Matches
2911,Pablo Sarabia,es ESP,"MF,FW",Wolves,eng Premier League,30,1992,13,765,59,22.4,8.5,9,68,2,4,38,5,1.38,11,9,+2,+0.24,+1.22,Matches
2912,Pablo Sarabia,es ESP,"FW,MF",Paris Saint-Germain,fr Ligue 1,30,1992,14,370,26,10.8,4.1,3,78,0,11,12,3,2.50,12,2,+10,+2.43,+1.28,Matches
2913,Matija Šarkić,me MNE,GK,Wolves,eng Premier League,25,1997,0,,,,,0,,0,0,,20,,,,,,,Matches
2914,Jeremy Sarmiento,ec ECU,MF,Brighton,eng Premier League,20,2002,9,176,20,5.1,2.0,1,61,0,8,14,11,2.33,9,2,+7,+3.58,+3.25,Matches
2915,Gianluca Saro,it ITA,GK,Cremonese,it Serie A,22,2000,0,,,,,0,,0,0,,38,,,,,,,Matches
2916,Amin Sarr,se SWE,FW,Lyon,fr Ligue 1,21,2001,13,537,41,15.7,6.0,6,63,1,7,23,3,1.69,10,10,0,0.00,-0.56,Matches
2917,Bouna Sarr,sn SEN,"DF,MF",Bayern Munich,de Bundesliga,30,1992,1,3,3,0.1,0.0,0,,0,1,3,12,3.00,0,0,0,0.00,-1.59,Matches
2918,Malang Sarr,fr FRA,DF,Monaco,fr Ligue 1,23,1999,13,716,55,20.9,8.0,8,79,6,5,17,12,1.92,10,14,-4,-0.50,-1.04,Matches
2919,Mamadou Sarr,sn SEN,DF,Lyon,fr Ligue 1,16,2005,1,8,8,0.2,0.1,0,,0,1,8,6,3.00,0,0,0,0.00,-0.47,Matches
2920,Mouhamadou Sarr,sn SEN,GK,Cremonese,it Serie A,25,1997,2,180,90,5.3,2.0,2,90,2,0,,31,1.50,4,3,+1,+0.50,+1.44,Matches
2921,Martin Satriano,uy URU,FW,Empoli,it Serie A,21,2001,31,1705,55,49.9,18.9,20,76,5,11,17,6,1.03,15,27,-12,-0.63,-0.63,Matches
2922,Téji Savanier,fr FRA,MF,Montpellier,fr Ligue 1,30,1991,30,2546,85,74.4,28.3,30,85,19,0,,0,1.30,40,48,-8,-0.28,-1.42,Matches
2923,Esteban Saveljich,me MNE,DF,Rayo Vallecano,es La Liga,31,1991,1,1,1,0.0,0.0,0,,0,1,1,28,1.50,0,4,-4,-360.00,-359.89,Matches
2924,Stefan Savić,me MNE,DF,Atlético Madrid,es La Liga,31,1991,22,1943,88,56.8,21.6,22,88,19,0,,1,1.86,33,17,+16,+0.74,-0.54,Matches
2925,Christian Saydee,lr LBR,"FW,MF",Bournemouth,eng Premier League,20,2002,0,,,,,0,,0,0,,1,,,,,,,Matches
2926,Simone Scaglia,it ITA,GK,Juventus,it Serie A,18,2004,0,,,,,0,,0,0,,1,,,,,,,Matches
2927,Joe Scally,us USA,DF,Gladbach,de Bundesliga,19,2002,28,2208,79,72.2,24.5,25,86,15,3,16,6,1.29,38,36,+2,+0.08,+0.61,Matches
2928,Giorgio Scalvini,it ITA,DF,Atalanta,it Serie A,18,2003,32,2335,73,68.3,25.9,29,79,15,3,19,4,1.75,46,35,+11,+0.42,-0.16,Matches
2929,Gianluca Scamacca,it ITA,FW,West Ham United,eng Premier League,23,1999,16,926,58,27.1,10.3,11,73,3,5,24,4,0.88,9,12,-3,-0.29,+0.07,Matches
2930,Gustavo Scarpa,br BRA,MF,Nottingham Forest,eng Premier League,28,1994,6,181,30,5.3,2.0,2,55,0,4,18,3,1.17,1,1,0,0.00,+0.83,Matches
2931,Kevin Schade,de GER,MF,Freiburg,de Bundesliga,20,2001,8,182,23,5.9,2.0,1,56,0,7,18,2,1.50,2,6,-4,-1.98,-2.32,Matches
2932,Kevin Schade,de GER,FW,Brentford,eng Premier League,20,2001,18,732,41,21.4,8.1,7,75,1,11,19,2,1.72,11,7,+4,+0.49,+0.22,Matches
2933,András Schäfer,hu HUN,MF,Union Berlin,de Bundesliga,23,1999,16,860,54,28.1,9.6,10,73,1,6,23,1,2.06,12,6,+6,+0.63,+0.34,Matches
2934,Fabian Schär,ch SUI,DF,Newcastle United,eng Premier League,30,1991,36,3206,89,93.7,35.6,36,89,32,0,,1,1.97,67,28,+39,+1.09,+2.78,Matches
2935,Julius Schell,de GER,MF,Schalke 04,de Bundesliga,22,2000,0,,,,,0,,0,0,,1,,,,,,,Matches
2936,Johannes Schenk,de GER,GK,Bayern Munich,de Bundesliga,19,2003,0,,,,,0,,0,0,,6,,,,,,,Matches
2937,Derry Scherhant,de GER,MF,Hertha BSC,de Bundesliga,19,2002,10,285,29,9.3,3.2,2,54,0,8,22,5,0.70,4,11,-7,-2.21,-1.56,Matches
2938,Patrik Schick,cz CZE,FW,Leverkusen,de Bundesliga,26,1996,14,941,67,30.8,10.5,10,83,6,4,27,0,0.86,16,21,-5,-0.48,-1.03,Matches
2939,Kingsley Schindler,gh GHA,"MF,DF",Köln,de Bundesliga,29,1993,29,1088,38,35.6,12.1,8,72,2,21,24,4,1.24,21,22,-1,-0.08,+0.10,Matches
2940,Xaver Schlager,at AUT,MF,RB Leipzig,de Bundesliga,24,1997,22,1506,68,49.2,16.7,16,87,12,6,19,5,2.23,40,17,+23,+1.37,+1.37,Matches
2941,Keven Schlotterbeck,de GER,DF,Freiburg,de Bundesliga,25,1997,2,14,7,0.5,0.2,0,,0,2,7,13,3.00,0,0,0,0.00,-0.21,Matches
2942,Keven Schlotterbeck,de GER,DF,Bochum,de Bundesliga,25,1997,13,734,56,24.0,8.2,8,81,7,5,18,3,1.15,8,18,-10,-1.23,-0.37,Matches
2943,Nico Schlotterbeck,de GER,DF,Dortmund,de Bundesliga,22,1999,28,2252,80,73.6,25.0,27,83,23,1,1,3,2.11,57,34,+23,+0.92,-0.86,Matches
2944,Jeffrey Schlupp,gh GHA,MF,Crystal Palace,eng Premier League,29,1992,34,2531,74,74.0,28.1,30,81,11,4,23,0,1.18,33,38,-5,-0.18,+0.23,Matches
2945,Kasper Schmeichel,dk DEN,GK,Nice,fr Ligue 1,35,1986,36,3240,90,94.7,36.0,36,90,36,0,,2,1.58,47,35,+12,+0.33,+0.83,Matches
2946,Jonathan Schmid,fr FRA,"DF,MF",Freiburg,de Bundesliga,32,1990,3,41,14,1.3,0.5,0,,0,3,14,9,1.33,0,1,-1,-2.20,-2.43,Matches
2947,Maximilian Schmid,de GER,FW,Köln,de Bundesliga,19,2003,0,,,,,0,,0,0,,2,,,,,,,Matches
2948,Romano Schmid,at AUT,"MF,FW",Werder Bremen,de Bundesliga,22,2000,27,1520,56,49.7,16.9,15,81,5,12,26,1,1.07,23,29,-6,-0.36,+0.05,Matches
2949,Kenneth Schmidt,de GER,DF,Freiburg,de Bundesliga,20,2002,5,251,50,8.2,2.8,3,69,0,2,22,4,1.00,4,2,+2,+0.72,+0.56,Matches
2950,Niklas Schmidt,de GER,MF,Werder Bremen,de Bundesliga,24,1998,24,1087,45,35.5,12.1,11,71,3,13,23,9,0.83,16,22,-6,-0.50,-0.18,Matches
2951,Benno Schmitz,de GER,DF,Köln,de Bundesliga,27,1994,31,2420,78,79.1,26.9,30,80,18,1,29,0,1.16,34,38,-4,-0.15,-0.01,Matches
2952,Jerdy Schouten,nl NED,MF,Bologna,it Serie A,25,1997,33,2509,76,73.4,27.9,29,84,17,4,16,1,1.27,35,37,-2,-0.07,-0.66,Matches
2953,Philipp Schulze,de GER,GK,Wolfsburg,de Bundesliga,19,2003,0,,,,,0,,0,0,,2,,,,,,,Matches
2954,Perr Schuurs,nl NED,DF,Torino,it Serie A,22,1999,30,2326,78,68.0,25.8,28,82,21,2,14,4,1.43,26,29,-3,-0.12,-0.45,Matches
2955,Marvin Schwäbe,de GER,GK,Köln,de Bundesliga,27,1995,34,3060,90,100.0,34.0,34,90,34,0,,0,1.24,49,54,-5,-0.15,,Matches
2956,Joshua Schwirten,de GER,MF,Köln,de Bundesliga,20,2002,0,,,,,0,,0,0,,2,,,,,,,Matches
2957,Alexander Schwolow,de GER,GK,Schalke 04,de Bundesliga,30,1992,23,2035,88,66.5,22.6,22,90,22,1,55,11,0.83,24,58,-34,-1.50,-1.33,Matches
2958,Demba Seck,sn SEN,"MF,FW",Torino,it Serie A,21,2001,19,519,27,15.2,5.8,6,65,0,13,10,17,1.21,2,5,-3,-0.52,-0.64,Matches
2959,Haris Seferović,ch SUI,FW,Celta Vigo,es La Liga,30,1992,18,887,49,25.9,9.9,10,67,0,8,28,1,1.11,14,11,+3,+0.30,+0.77,Matches
2960,Jacopo Seghetti,it ITA,GK,Empoli,it Serie A,17,2005,0,,,,,0,,0,0,,2,,,,,,,Matches
2961,Telasco Segovia,ve VEN,MF,Sampdoria,it Serie A,19,2003,1,4,4,0.1,0.0,0,,0,1,4,5,0.00,0,0,0,0.00,+1.24,Matches
2962,Jacopo Segre,it ITA,MF,Torino,it Serie A,25,1997,1,21,21,0.6,0.2,0,,0,1,21,1,3.00,0,1,-1,-4.29,-4.34,Matches
2963,Paul Seguin,de GER,MF,Union Berlin,de Bundesliga,27,1995,20,691,35,22.6,7.7,4,85,2,16,22,4,1.75,13,11,+2,+0.26,-0.16,Matches
2964,Alidu Seidu,gh GHA,DF,Clermont Foot,fr Ligue 1,22,2000,28,2458,88,71.9,27.3,28,88,23,0,,0,1.71,37,33,+4,+0.15,+0.89,Matches
2965,Dennis Seimen,de GER,GK,Stuttgart,de Bundesliga,16,2005,0,,,,,0,,0,0,,1,,,,,,,Matches
2966,Kristian Sekularac,ch SUI,MF,Fulham,eng Premier League,18,2003,0,,,,,0,,0,0,,1,,,,,,,Matches
2967,Nikola Sekulov,it ITA,MF,Juventus,it Serie A,20,2002,0,,,,,0,,0,0,,1,,,,,,,Matches
2968,Davie Selke,de GER,FW,Hertha BSC,de Bundesliga,27,1995,13,282,22,9.2,3.1,3,59,0,10,10,1,0.92,4,8,-4,-1.28,-0.53,Matches
2969,Davie Selke,de GER,FW,Köln,de Bundesliga,27,1995,17,869,51,28.4,9.7,12,62,1,5,25,1,1.24,11,16,-5,-0.52,-0.52,Matches
2970,Matz Sels,be BEL,GK,Strasbourg,fr Ligue 1,30,1992,38,3420,90,100.0,38.0,38,90,38,0,,0,1.05,51,59,-8,-0.21,,Matches
2971,Nélson Semedo,pt POR,DF,Wolves,eng Premier League,28,1993,36,2632,73,77.0,29.2,31,83,23,5,15,1,1.06,25,42,-17,-0.58,+0.56,Matches
2972,Vivaldo Semedo,pt POR,FW,Udinese,it Serie A,17,2005,5,36,7,1.1,0.4,0,,0,5,7,8,0.20,0,1,-1,-2.50,-2.50,Matches
2973,Antoine Semenyo,gh GHA,"MF,FW",Bournemouth,eng Premier League,22,2000,11,258,23,7.5,2.9,2,77,1,9,12,4,1.45,3,6,-3,-1.05,-0.16,Matches
2974,Marvin Senaya,gh GHA,"DF,MF",Strasbourg,fr Ligue 1,21,2001,1,9,9,0.3,0.1,0,,0,1,9,1,1.00,0,0,0,0.00,+0.21,Matches
2975,Marcos Senesi,ar ARG,DF,Bournemouth,eng Premier League,25,1997,31,2491,80,72.8,27.7,29,85,22,2,12,5,0.90,28,55,-27,-0.98,-0.30,Matches
2976,Stefano Sensi,it ITA,MF,Monza,it Serie A,26,1995,28,1618,58,47.3,18.0,21,70,4,7,22,5,1.36,17,25,-8,-0.44,-0.64,Matches
2977,Jaime Seoane,es ESP,MF,Getafe,es La Liga,25,1997,16,326,20,9.5,3.6,2,59,0,14,15,22,1.13,2,8,-6,-1.66,-1.51,Matches
2978,Luigi Sepe,it ITA,GK,Salernitana,it Serie A,31,1991,17,1530,90,44.7,17.0,17,90,17,0,,16,1.00,19,27,-8,-0.47,-0.18,Matches
2979,Suat Serdar,de GER,MF,Hertha BSC,de Bundesliga,25,1997,32,2021,63,66.0,22.5,24,74,5,8,30,0,0.88,26,44,-18,-0.80,-0.02,Matches
2980,Leonardo Sernicola,it ITA,"MF,DF",Cremonese,it Serie A,25,1997,32,2317,72,67.7,25.7,27,82,18,5,22,4,0.78,25,50,-25,-0.97,-0.32,Matches
2981,Alessandro Sersanti,it ITA,MF,Juventus,it Serie A,20,2002,0,,,,,0,,0,0,,3,,,,,,,Matches
2982,Zidan Sertdemir,dk DEN,MF,Leverkusen,de Bundesliga,17,2005,0,,,,,0,,0,0,,6,,,,,,,Matches
2983,Ryan Sessegnon,eng ENG,"MF,DF",Tottenham Hotspur,eng Premier League,22,2000,17,813,48,23.8,9.0,9,75,3,8,17,4,1.65,17,15,+2,+0.22,+0.05,Matches
2984,Andres Sfait,ro ROU,MF,Salernitana,it Serie A,17,2004,0,,,,,0,,0,0,,1,,,,,,,Matches
2985,Stephan El Shaarawy,it ITA,MF,Roma,it Serie A,29,1992,29,1523,53,44.5,16.9,14,77,5,15,30,5,1.62,35,16,+19,+1.12,+1.45,Matches
2986,Eniss Shabani,al ALB,MF,Mainz 05,de Bundesliga,19,2003,1,10,10,0.3,0.1,0,,0,1,10,2,0.00,0,0,0,0.00,+0.03,Matches
2987,Luke Shaw,eng ENG,DF,Manchester Utd,eng Premier League,27,1995,31,2552,82,74.6,28.4,30,84,24,1,45,4,1.74,43,35,+8,+0.28,-0.44,Matches
2988,George Shelvey,eng ENG,GK,Nottingham Forest,eng Premier League,21,2001,0,,,,,0,,0,0,,2,,,,,,,Matches
2989,Jonjo Shelvey,eng ENG,MF,Newcastle United,eng Premier League,30,1992,3,37,12,1.1,0.4,0,,0,3,12,3,3.00,1,1,0,0.00,-0.93,Matches
2990,Jonjo Shelvey,eng ENG,MF,Nottingham Forest,eng Premier League,30,1992,8,540,68,15.8,6.0,6,78,2,2,35,2,0.25,4,9,-5,-0.83,-0.05,Matches
2991,Aimar Sher,iq IRQ,MF,Spezia,it Serie A,19,2002,0,,,,,0,,0,0,,12,,,,,,,Matches
2992,Eldor Shomurodov,uz UZB,FW,Spezia,it Serie A,27,1995,15,809,54,23.7,9.0,9,80,6,6,15,3,0.56,6,16,-10,-1.11,-0.39,Matches
2993,Eldor Shomurodov,uz UZB,FW,Roma,it Serie A,27,1995,6,119,20,3.5,1.3,1,65,0,5,11,13,1.17,2,1,+1,+0.76,+0.46,Matches
2994,Shola Shoretire,eng ENG,"FW,MF",Manchester Utd,eng Premier League,18,2004,0,,,,,0,,0,0,,1,,,,,,,Matches
2995,Kaj Sierhuis,nl NED,FW,Reims,fr Ligue 1,24,1998,14,218,16,6.4,2.4,1,57,0,13,12,7,1.50,4,1,+3,+1.24,+1.32,Matches
2996,Vincent Sierro,ch SUI,MF,Toulouse,fr Ligue 1,26,1995,15,665,44,19.4,7.4,7,78,3,8,15,1,1.27,6,8,-2,-0.27,-0.14,Matches
2997,Kiliann Sildillia,fr FRA,"DF,MF",Freiburg,de Bundesliga,20,2002,27,1977,73,64.6,22.0,23,83,18,4,16,4,1.63,29,32,-3,-0.14,-0.97,Matches
2998,André Silva,pt POR,FW,RB Leipzig,de Bundesliga,26,1995,31,1738,56,56.8,19.3,20,77,6,11,17,3,1.84,37,25,+12,+0.62,-0.13,Matches
2999,Bernardo Silva,pt POR,"MF,FW",Manchester City,eng Premier League,27,1994,34,2205,65,64.5,24.5,24,85,16,10,16,4,2.35,61,24,+37,+1.51,-0.27,Matches
3000,Caio Henrique Oliveira Silva,br BRA,DF,Monaco,fr Ligue 1,25,1997,35,2896,83,84.7,32.2,32,88,27,3,31,1,1.69,60,44,+16,+0.50,+1.18,Matches
3001,David Silva,es ESP,"MF,FW",Real Sociedad,es La Liga,36,1986,28,1937,69,56.6,21.5,25,73,1,3,35,1,2.11,37,21,+16,+0.74,+0.74,Matches
3002,Rui Silva,pt POR,GK,Real Betis,es La Liga,28,1994,26,2340,90,68.4,26.0,26,90,26,0,,11,1.54,33,32,+1,+0.04,-0.29,Matches
3003,Thiago Silva,br BRA,DF,Chelsea,eng Premier League,37,1984,27,2352,87,68.8,26.1,26,87,25,1,84,2,1.19,27,32,-5,-0.19,+0.15,Matches
3004,Marco Silvestri,it ITA,GK,Udinese,it Serie A,31,1991,38,3420,90,100.0,38.0,38,90,38,0,,0,1.21,47,48,-1,-0.03,,Matches
3005,Abdallah Sima,sn SEN,FW,Angers,fr Ligue 1,21,2001,34,1836,54,53.7,20.4,19,79,9,15,23,0,0.47,20,44,-24,-1.18,+0.19,Matches
3006,Mohamed Simakan,fr FRA,DF,RB Leipzig,de Bundesliga,22,2000,24,1454,61,47.5,16.2,18,76,8,6,14,5,1.88,29,17,+12,+0.74,+0.13,Matches
3007,Giovanni Simeone,ar ARG,FW,Napoli,it Serie A,27,1995,25,406,16,11.9,4.5,1,75,0,24,14,10,2.20,9,7,+2,+0.44,-0.96,Matches
3008,Ellis Simms,eng ENG,FW,Everton,eng Premier League,21,2001,11,228,21,6.7,2.5,2,65,0,9,11,10,0.73,3,4,-1,-0.39,+0.23,Matches
3009,Simo,es ESP,DF,Espanyol,es La Liga,17,2005,7,148,21,4.3,1.6,0,,0,7,21,15,1.43,5,6,-1,-0.61,-0.17,Matches
3010,Moses Simon,ng NGA,"MF,FW",Nantes,fr Ligue 1,27,1995,34,2346,69,68.6,26.1,28,80,10,6,18,0,0.85,24,38,-14,-0.54,-0.20,Matches
3011,Unai Simón,es ESP,GK,Athletic Club,es La Liga,25,1997,31,2745,89,80.3,30.5,31,89,30,0,,4,1.45,42,37,+5,+0.16,+0.30,Matches
3012,Lassine Sinayoko,ml MLI,"MF,FW",Auxerre,fr Ligue 1,22,1999,33,1570,48,45.9,17.4,16,75,3,17,21,4,0.67,15,30,-15,-0.86,-0.23,Matches
3013,Wilfried Singo,ci CIV,MF,Torino,it Serie A,21,2000,31,2046,66,59.8,22.7,24,78,9,7,24,3,1.32,26,27,-1,-0.04,-0.17,Matches
3014,Viljami Sinisalo,fi FIN,GK,Aston Villa,eng Premier League,20,2001,0,,,,,0,,0,0,,15,,,,,,,Matches
3015,Luis Sinisterra,co COL,MF,Leeds United,eng Premier League,23,1999,19,867,46,25.4,9.6,13,58,0,6,18,1,0.68,10,23,-13,-1.35,-0.75,Matches
3016,Daley Sinkgraven,nl NED,"MF,DF",Leverkusen,de Bundesliga,27,1995,12,344,29,11.2,3.8,4,69,0,8,9,17,1.83,9,9,0,0.00,-0.27,Matches
3017,Xavi Sintes,es ESP,DF,Sevilla,es La Liga,20,2001,0,,,,,0,,0,0,,2,,,,,,,Matches
3018,Tobias Sippel,de GER,GK,Gladbach,de Bundesliga,34,1988,6,510,85,16.7,5.7,5,90,5,1,60,12,0.67,5,12,-7,-1.24,-1.38,Matches
3019,Hugo Siquet,be BEL,"DF,MF",Freiburg,de Bundesliga,20,2002,2,17,9,0.6,0.2,0,,0,2,9,3,3.00,0,0,0,0.00,-0.21,Matches
3020,Salvatore Sirigu,it ITA,GK,Fiorentina,it Serie A,35,1987,1,90,90,2.6,1.0,1,90,1,0,,7,3.00,2,0,+2,+2.00,+1.78,Matches
3021,Salvatore Sirigu,it ITA,GK,Napoli,it Serie A,35,1987,0,,,,,0,,0,0,,15,,,,,,,Matches
3022,Ibrahima Sissoko,ml MLI,MF,Strasbourg,fr Ligue 1,24,1997,26,1310,50,38.3,14.6,13,74,5,13,27,2,1.15,18,21,-3,-0.21,+0.01,Matches
3023,Moussa Sissoko,fr FRA,MF,Nantes,fr Ligue 1,32,1989,30,1918,64,56.1,21.3,22,82,9,8,15,2,0.90,21,35,-14,-0.66,-0.42,Matches
3024,Tim Skarke,de GER,"FW,MF",Union Berlin,de Bundesliga,25,1996,3,53,18,1.7,0.6,0,,0,3,18,3,0.00,1,1,0,0.00,-0.39,Matches
3025,Tim Skarke,de GER,MF,Schalke 04,de Bundesliga,25,1996,9,440,49,14.4,4.9,6,64,1,3,20,1,1.11,4,8,-4,-0.82,+0.28,Matches
3026,Ellyes Skhiri,tn TUN,MF,Köln,de Bundesliga,27,1995,32,2856,89,93.3,31.7,32,89,31,0,,0,1.25,46,52,-6,-0.19,-0.63,Matches
3027,Oliver Skipp,eng ENG,MF,Tottenham Hotspur,eng Premier League,21,2000,23,1491,65,43.6,16.6,18,82,8,5,5,10,1.43,27,28,-1,-0.06,-0.43,Matches
3028,Leo Skiri Østigård,no NOR,DF,Napoli,it Serie A,22,1999,7,419,60,12.3,4.7,4,90,4,3,20,31,2.71,8,3,+5,+1.07,-0.25,Matches
3029,Łukasz Skorupski,pl POL,GK,Bologna,it Serie A,31,1991,37,3330,90,97.4,37.0,37,90,37,0,,0,1.38,50,49,+1,+0.03,-2.97,Matches
3030,Robert Skov,dk DEN,MF,Hoffenheim,de Bundesliga,26,1996,23,1349,59,44.1,15.0,16,72,4,7,28,2,0.96,25,22,+3,+0.20,+0.83,Matches
3031,Milan Škriniar,sk SVK,DF,Inter,it Serie A,27,1995,21,1769,84,51.7,19.7,20,87,17,1,33,2,1.95,37,23,+14,+0.71,-0.11,Matches
3032,Naatan Skyttä,fi FIN,MF,Toulouse,fr Ligue 1,20,2002,2,23,12,0.7,0.3,0,,0,2,12,2,2.00,1,0,+1,+3.91,+4.10,Matches
3033,Islam Slimani,dz ALG,FW,Brest,fr Ligue 1,34,1988,16,986,62,28.8,11.0,11,78,4,5,26,0,0.88,11,15,-4,-0.37,-0.14,Matches
3034,Rijad Smajic,ba BIH,DF,Köln,de Bundesliga,18,2004,0,,,,,0,,0,0,,3,,,,,,,Matches
3035,Chris Smalling,eng ENG,DF,Roma,it Serie A,32,1989,32,2808,88,82.1,31.2,31,89,30,1,63,2,1.88,45,27,+18,+0.58,+1.46,Matches
3036,Adam Smith,eng ENG,DF,Bournemouth,eng Premier League,31,1991,37,2943,80,86.1,32.7,34,84,25,3,29,0,1.05,34,59,-25,-0.76,+0.93,Matches
3037,Jordan Smith,eng ENG,GK,Nottingham Forest,eng Premier League,27,1994,0,,,,,0,,0,0,,2,,,,,,,Matches
3038,Matthew Smith,eng ENG,MF,Arsenal,eng Premier League,21,2000,0,,,,,0,,0,0,,3,,,,,,,Matches
3039,Emile Smith Rowe,eng ENG,MF,Arsenal,eng Premier League,22,2000,12,172,14,5.0,1.9,0,,0,12,14,11,2.25,3,5,-2,-1.05,-2.35,Matches
3040,Alex Smithies,eng ENG,GK,Leicester City,eng Premier League,32,1990,0,,,,,0,,0,0,,3,,,,,,,Matches
3041,Hrvoje Smolčić,hr CRO,DF,Eintracht Frankfurt,de Bundesliga,21,2000,9,471,52,15.4,5.2,4,90,4,5,22,15,1.89,7,5,+2,+0.38,+0.24,Matches
3042,Cédric Soares,pt POR,"DF,MF",Arsenal,eng Premier League,30,1991,2,29,15,0.8,0.3,0,,0,2,15,10,3.00,1,0,+1,+3.10,+1.94,Matches
3043,Cédric Soares,pt POR,DF,Fulham,eng Premier League,30,1991,6,198,33,5.8,2.2,2,79,1,4,10,9,0.50,1,3,-2,-0.91,-1.02,Matches
3044,Danilo Soares,br BRA,DF,Bochum,de Bundesliga,30,1991,23,1766,77,57.7,19.6,23,77,13,0,,4,1.17,26,40,-14,-0.71,+0.54,Matches
3045,Eduard Sobol,ua UKR,"MF,DF",Strasbourg,fr Ligue 1,27,1995,15,870,58,25.4,9.7,9,81,5,6,24,1,1.13,16,14,+2,+0.21,+0.56,Matches
3046,Rubén Sobrino,es ESP,"MF,FW",Cádiz,es La Liga,30,1992,33,2465,75,72.1,27.4,28,84,18,5,22,1,1.18,22,27,-5,-0.18,+1.51,Matches
3047,Alex Sola,es ESP,DF,Real Sociedad,es La Liga,23,1999,10,349,35,10.2,3.9,3,77,1,7,17,16,1.50,7,5,+2,+0.52,+0.11,Matches
3048,Dominic Solanke,eng ENG,FW,Bournemouth,eng Premier League,24,1997,33,2860,87,83.6,31.8,32,88,19,1,45,0,1.15,35,52,-17,-0.53,+2.20,Matches
3049,Augusto Solari,ar ARG,MF,Celta Vigo,es La Liga,30,1992,12,262,22,7.7,2.9,3,48,0,9,13,19,1.92,5,3,+2,+0.69,+1.03,Matches
3050,Ola Solbakken,no NOR,"MF,FW",Roma,it Serie A,23,1998,14,502,36,14.7,5.6,7,64,0,7,8,6,1.43,7,4,+3,+0.54,+0.26,Matches
3051,Nikola Soldo,hr CRO,DF,Köln,de Bundesliga,21,2001,7,593,85,19.4,6.6,6,90,6,1,53,13,0.43,4,13,-9,-1.37,-1.51,Matches
3052,Carlos Soler,es ESP,MF,Valencia,es La Liga,25,1997,3,242,81,7.1,2.7,3,81,2,0,,0,1.00,1,2,-1,-0.37,-0.32,Matches
3053,Carlos Soler,es ESP,MF,Paris Saint-Germain,fr Ligue 1,25,1997,26,1187,46,34.7,13.2,14,73,3,12,14,5,2.19,31,16,+15,+1.14,-0.23,Matches
3054,Marco Soler,es ESP,DF,Elche,es La Liga,22,2000,0,,,,,0,,0,0,,3,,,,,,,Matches
3055,François-Joseph Sollacaro,fr FRA,GK,Ajaccio,fr Ligue 1,28,1994,6,540,90,15.8,6.0,6,90,6,0,,28,0.57,3,15,-12,-2.00,-0.78,Matches
3056,Manor Solomon,il ISR,MF,Fulham,eng Premier League,23,1999,19,572,30,16.7,6.4,4,76,1,15,18,3,1.16,6,11,-5,-0.79,-1.01,Matches
3057,Yann Sommer,ch SUI,GK,Bayern Munich,de Bundesliga,33,1988,19,1710,90,55.9,19.0,19,90,19,0,,0,1.95,43,25,+18,+0.95,-1.45,Matches
3058,Yann Sommer,ch SUI,GK,Gladbach,de Bundesliga,33,1988,10,900,90,29.4,10.0,10,90,10,0,,0,1.60,18,14,+4,+0.40,+0.69,Matches
3059,Brandon Soppy,fr FRA,MF,Udinese,it Serie A,20,2002,1,90,90,2.6,1.0,1,90,1,0,,0,0.00,2,4,-2,-2.00,-2.03,Matches
3060,Brandon Soppy,fr FRA,MF,Atalanta,it Serie A,20,2002,15,643,43,18.8,7.1,8,64,1,7,19,18,1.53,10,9,+1,+0.14,-0.41,Matches
3061,David Soria,es ESP,GK,Getafe,es La Liga,29,1993,38,3420,90,100.0,38.0,38,90,38,0,,0,1.11,34,45,-11,-0.29,,Matches
3062,Roberto Soriano,it ITA,MF,Bologna,it Serie A,31,1991,27,1326,49,38.8,14.7,15,70,3,12,23,2,1.59,20,13,+7,+0.48,+0.60,Matches
3063,Alessandro Sorrentino,it ITA,GK,Monza,it Serie A,20,2002,0,,,,,0,,0,0,,36,,,,,,,Matches
3064,Andrea Sorrentino,it ITA,GK,Salernitana,it Serie A,17,2004,0,,,,,0,,0,0,,6,,,,,,,Matches
3065,Borna Sosa,hr CRO,"MF,DF",Stuttgart,de Bundesliga,24,1998,25,1955,78,63.9,21.7,22,85,16,3,25,0,1.08,31,38,-7,-0.32,+0.08,Matches
3066,Joaquin Sosa,uy URU,DF,Bologna,it Serie A,20,2002,10,688,69,20.1,7.6,7,88,6,3,23,27,1.60,5,10,-5,-0.65,-0.95,Matches
3067,Hugo Sotelo,es ESP,MF,Celta Vigo,es La Liga,18,2003,1,17,17,0.5,0.2,0,,0,1,17,7,3.00,0,0,0,0.00,+0.26,Matches
3068,Florian Sotoca,fr FRA,"MF,FW",Lens,fr Ligue 1,31,1990,38,3054,80,89.3,33.9,34,86,20,4,33,0,2.21,65,22,+43,+1.27,+2.25,Matches
3069,Riccardo Sottil,it ITA,"MF,FW",Fiorentina,it Serie A,23,1999,18,833,46,24.4,9.3,9,69,1,9,24,5,1.56,12,6,+6,+0.65,+0.51,Matches
3070,Tomáš Souček,cz CZE,MF,West Ham United,eng Premier League,27,1995,36,2815,78,82.3,31.3,32,84,24,4,31,1,1.11,38,42,-4,-0.13,+1.21,Matches
3071,Matìas Soulé,ar ARG,"MF,FW",Juventus,it Serie A,19,2003,13,420,32,12.3,4.7,4,67,0,9,17,21,1.54,6,0,+6,+1.29,+0.78,Matches
3072,Moussa Soumano,fr FRA,FW,Ajaccio,fr Ligue 1,17,2005,14,495,35,14.5,5.5,5,62,0,9,20,5,0.50,4,14,-10,-1.82,-0.56,Matches
3073,Adama Soumaoro,fr FRA,DF,Bologna,it Serie A,30,1992,23,1867,81,54.6,20.7,22,84,18,1,25,4,1.39,28,25,+3,+0.14,+0.09,Matches
3074,Boubakary Soumaré,fr FRA,MF,Leicester City,eng Premier League,23,1999,26,1629,63,47.6,18.1,20,75,9,6,23,3,1.00,19,30,-11,-0.61,-0.31,Matches
3075,Arnaud Souquet,fr FRA,DF,Montpellier,fr Ligue 1,30,1992,12,361,30,10.6,4.0,3,63,0,9,19,5,1.17,6,9,-3,-0.75,-0.92,Matches
3076,Dyego Sousa,pt POR,FW,Almería,es La Liga,32,1989,20,527,26,15.4,5.9,3,65,0,17,20,14,0.70,4,6,-2,-0.34,+0.09,Matches
3077,Lino Sousa,eng ENG,DF,Arsenal,eng Premier League,17,2005,0,,,,,0,,0,0,,1,,,,,,,Matches
3078,Harry Souttar,au AUS,DF,Leicester City,eng Premier League,23,1998,12,992,83,29.0,11.0,11,90,11,1,2,6,0.67,13,19,-6,-0.54,-0.14,Matches
3079,Vinicius Souza,br BRA,MF,Espanyol,es La Liga,23,1999,34,2428,71,71.0,27.0,27,84,14,7,21,2,1.00,34,46,-12,-0.44,+0.01,Matches
3080,Djibril Sow,ch SUI,MF,Eintracht Frankfurt,de Bundesliga,25,1997,32,2646,83,86.5,29.4,30,87,23,2,22,1,1.50,48,43,+5,+0.17,-0.05,Matches
3081,Çağlar Söyüncü,tr TUR,DF,Leicester City,eng Premier League,26,1996,7,529,76,15.5,5.9,6,87,5,1,8,15,1.14,9,13,-4,-0.68,-0.28,Matches
3082,Kevin Spadanuda,ch SUI,MF,Ajaccio,fr Ligue 1,25,1997,22,1063,48,31.1,11.8,13,66,2,9,23,7,0.32,3,25,-22,-1.86,-0.76,Matches
3083,Lautaro Spatz,ar ARG,DF,Cádiz,es La Liga,20,2001,0,,,,,0,,0,0,,1,,,,,,,Matches
3084,Djed Spence,eng ENG,"DF,MF",Tottenham Hotspur,eng Premier League,21,2000,4,7,2,0.2,0.1,0,,0,4,2,8,1.50,0,0,0,0.00,-0.18,Matches
3085,Djed Spence,eng ENG,DF,Rennes,fr Ligue 1,21,2000,8,573,72,16.8,6.4,7,81,4,1,8,3,1.25,7,5,+2,+0.31,-0.57,Matches
3086,Stijn Spierings,nl NED,MF,Toulouse,fr Ligue 1,26,1996,36,3120,87,91.2,34.7,35,89,31,1,22,1,1.25,48,53,-5,-0.14,+0.16,Matches
3087,Leonardo Spinazzola,it ITA,MF,Roma,it Serie A,29,1993,26,1654,64,48.4,18.4,18,81,12,8,24,4,1.73,20,21,-1,-0.05,-0.72,Matches
3088,Marco Sportiello,it ITA,GK,Atalanta,it Serie A,30,1992,15,1339,89,39.2,14.9,14,90,13,1,83,22,1.60,24,21,+3,+0.20,-0.45,Matches
3089,Jack Stacey,eng ENG,"DF,MF",Bournemouth,eng Premier League,26,1996,10,299,30,8.7,3.3,3,75,2,7,11,17,1.10,1,10,-9,-2.71,-1.99,Matches
3090,Anton Stach,de GER,MF,Mainz 05,de Bundesliga,23,1998,30,2070,69,67.6,23.0,22,83,9,8,32,1,1.40,35,36,-1,-0.04,-0.04,Matches
3091,Kostas Stafylidis,gr GRE,"DF,MF",Bochum,de Bundesliga,28,1993,19,1043,55,34.1,11.6,11,75,5,8,28,3,1.21,12,23,-11,-0.95,-0.01,Matches
3092,Jens Stage,dk DEN,MF,Werder Bremen,de Bundesliga,25,1996,32,1855,58,60.6,20.6,21,79,7,11,18,1,1.09,31,37,-6,-0.29,+0.23,Matches
3093,Veit Stange,de GER,MF,Hertha BSC,de Bundesliga,18,2004,1,8,8,0.3,0.1,0,,0,1,8,1,0.00,0,0,0,0.00,+0.80,Matches
3094,Josip Stanišić,hr CRO,DF,Bayern Munich,de Bundesliga,22,2000,14,579,41,18.9,6.4,4,87,2,10,23,16,1.93,13,10,+3,+0.47,-1.38,Matches
3095,Junior Stanislas,eng ENG,MF,Bournemouth,eng Premier League,32,1989,4,61,15,1.8,0.7,0,,0,4,15,5,0.75,0,1,-1,-1.48,-0.59,Matches
3096,Aleksandar Stanković,rs SRB,MF,Inter,it Serie A,16,2005,0,,,,,0,,0,0,,7,,,,,,,Matches
3097,Jay Stansfield,eng ENG,MF,Fulham,eng Premier League,19,2002,3,87,29,2.5,1.0,1,76,0,2,6,2,1.33,2,2,0,0.00,-0.05,Matches
3098,Niklas Stark,de GER,DF,Werder Bremen,de Bundesliga,27,1995,27,2077,77,67.9,23.1,23,86,18,4,26,4,1.07,35,42,-7,-0.30,+0.25,Matches
3099,Jason Steele,eng ENG,GK,Brighton,eng Premier League,31,1990,15,1350,90,39.5,15.0,15,90,15,0,,22,1.60,31,23,+8,+0.53,+0.06,Matches
3100,Calvin Stengs,nl NED,"MF,FW",Nice,fr Ligue 1,23,1998,4,212,53,6.2,2.4,3,66,0,1,13,0,0.50,1,3,-2,-0.85,-1.21,Matches
3101,Pascal Stenzel,de GER,DF,Stuttgart,de Bundesliga,26,1996,12,333,28,10.9,3.7,3,77,1,9,11,16,1.33,7,8,-1,-0.27,+0.09,Matches
3102,Jack Stephens,eng ENG,DF,Southampton,eng Premier League,28,1994,2,46,23,1.3,0.5,0,,0,2,23,0,0.50,0,2,-2,-3.91,-2.98,Matches
3103,Jack Stephens,eng ENG,DF,Bournemouth,eng Premier League,28,1994,15,1173,78,34.3,13.0,13,90,13,2,2,15,1.40,16,22,-6,-0.46,+0.66,Matches
3104,Raheem Sterling,eng ENG,"FW,MF",Chelsea,eng Premier League,27,1994,28,1891,68,55.3,21.0,23,76,7,5,28,1,1.14,24,27,-3,-0.14,+0.21,Matches
3105,Finley Stevens,wls WAL,DF,Brentford,eng Premier League,19,2003,0,,,,,0,,0,0,,9,,,,,,,Matches
3106,Angelo Stiller,de GER,MF,Hoffenheim,de Bundesliga,21,2001,20,704,35,23.0,7.8,6,81,2,14,16,6,1.24,13,14,-1,-0.13,+0.18,Matches
3107,Lars Stindl,de GER,MF,Gladbach,de Bundesliga,33,1988,29,1734,60,56.7,19.3,20,77,1,9,21,2,1.21,33,30,+3,+0.16,+0.56,Matches
3108,Kevin Stöger,at AUT,MF,Bochum,de Bundesliga,28,1993,32,2599,81,84.9,28.9,29,85,18,3,48,0,1.00,33,62,-29,-1.00,-0.42,Matches
3109,Petar Stojanović,si SVN,DF,Empoli,it Serie A,26,1995,27,1530,57,44.7,17.0,16,85,11,11,16,10,1.04,14,28,-14,-0.82,-0.92,Matches
3110,John Stones,eng ENG,"DF,MF",Manchester City,eng Premier League,28,1994,23,1846,80,54.0,20.5,21,85,16,2,31,6,2.52,52,17,+35,+1.71,+0.22,Matches
3111,Thomas Strakosha,al ALB,GK,Brentford,eng Premier League,27,1995,0,,,,,0,,0,0,,17,,,,,,,Matches
3112,Jørgen Strand Larsen,no NOR,FW,Celta Vigo,es La Liga,22,2000,32,1705,53,49.9,18.9,20,66,3,12,32,2,1.09,25,32,-7,-0.37,-0.21,Matches
3113,Tony Strata,ro ROU,MF,Ajaccio,fr Ligue 1,17,2004,3,138,46,4.0,1.5,1,90,1,2,24,1,1.00,1,4,-3,-1.96,-0.64,Matches
3114,Georg Strauch,de GER,DF,Köln,de Bundesliga,21,2001,0,,,,,0,,0,0,,4,,,,,,,Matches
3115,Gabriel Strefezza,br BRA,"FW,MF",Lecce,it Serie A,25,1997,35,2442,70,71.4,27.1,30,78,4,5,22,0,1.00,25,35,-10,-0.37,-0.09,Matches
3116,Dávid Strelec,sk SVK,FW,Spezia,it Serie A,21,2001,7,169,24,4.9,1.9,1,57,0,6,19,11,0.57,2,5,-3,-1.60,-0.82,Matches
3117,Pascal Struijk,nl NED,DF,Leeds United,eng Premier League,22,1999,29,2200,76,64.3,24.4,26,84,20,3,7,5,0.90,33,52,-19,-0.78,+0.03,Matches
3118,Cristhian Stuani,uy URU,FW,Girona,es La Liga,35,1986,32,1090,34,31.9,12.1,8,79,3,24,19,1,1.31,21,16,+5,+0.41,+0.49,Matches
3119,Lovro Štubljar,si SVN,GK,Empoli,it Serie A,17,2004,0,,,,,0,,0,0,,6,,,,,,,Matches
3120,Leo Štulac,si SVN,MF,Empoli,it Serie A,27,1994,0,,,,,0,,0,0,,1,,,,,,,Matches
3121,Damián Suárez,uy URU,"DF,MF",Getafe,es La Liga,34,1988,28,1946,70,56.9,21.6,26,75,12,2,1,5,1.36,21,20,+1,+0.05,+0.78,Matches
3122,Denis Suárez,es ESP,MF,Espanyol,es La Liga,28,1994,18,945,53,27.6,10.5,11,70,2,7,25,1,0.94,16,23,-7,-0.67,-0.30,Matches
3123,Mario Suárez,es ESP,MF,Rayo Vallecano,es La Liga,35,1987,2,12,6,0.4,0.1,0,,0,2,6,31,1.00,1,3,-2,-15.00,-14.84,Matches
3124,Gabriel Suazo,cl CHI,DF,Toulouse,fr Ligue 1,24,1997,18,1259,70,36.8,14.0,14,87,12,4,10,0,1.33,17,18,-1,-0.07,+0.14,Matches
3125,Isaac Success,ng NGA,FW,Udinese,it Serie A,26,1996,30,1815,61,53.1,20.2,21,74,4,9,30,0,1.40,28,22,+6,+0.30,+0.69,Matches
3126,Niklas Süle,de GER,DF,Dortmund,de Bundesliga,26,1995,29,2118,73,69.2,23.5,23,87,20,6,19,2,2.07,61,33,+28,+1.19,+0.14,Matches
3127,Ibrahim Sulemana,gh GHA,MF,Hellas Verona,it Serie A,19,2003,16,651,41,19.0,7.2,6,76,2,10,20,13,1.12,6,15,-9,-1.24,-0.63,Matches
3128,Kamaldeen Sulemana,gh GHA,"FW,MF",Southampton,eng Premier League,20,2002,18,966,54,28.2,10.7,10,76,2,8,26,0,0.56,11,20,-9,-0.84,+0.19,Matches
3129,Kamaldeen Sulemana,gh GHA,"MF,FW",Rennes,fr Ligue 1,20,2002,14,326,23,9.5,3.6,2,52,0,12,19,4,1.71,7,2,+5,+1.38,+0.65,Matches
3130,Crysencio Summerville,nl NED,"MF,FW",Leeds United,eng Premier League,20,2001,28,1426,51,41.7,15.8,12,82,7,16,28,8,0.86,19,38,-19,-1.20,-0.70,Matches
3131,Ivan Šunjić,ba BIH,MF,Hertha BSC,de Bundesliga,25,1996,18,993,55,32.5,11.0,12,74,6,6,18,7,1.00,14,23,-9,-0.82,-0.03,Matches
3132,Sam Surridge,eng ENG,FW,Nottingham Forest,eng Premier League,24,1998,20,323,16,9.4,3.6,1,62,0,19,14,16,1.15,5,5,0,0.00,+0.87,Matches
3133,Suso,es ESP,"MF,FW",Sevilla,es La Liga,28,1993,25,1065,43,31.1,11.8,10,68,1,15,25,9,1.52,18,15,+3,+0.25,+0.64,Matches
3134,Yuito Suzuki,jp JPN,"FW,MF",Strasbourg,fr Ligue 1,20,2001,3,36,12,1.1,0.4,0,,0,3,12,14,1.00,1,1,0,0.00,+0.21,Matches
3135,Mattias Svanberg,se SWE,MF,Wolfsburg,de Bundesliga,23,1999,32,1835,57,60.0,20.4,21,74,7,11,26,1,1.41,35,35,0,0.00,-0.66,Matches
3136,Martin Šviderský,sk SVK,MF,Almería,es La Liga,19,2002,0,,,,,0,,0,0,,15,,,,,,,Matches
3137,Mile Svilar,rs SRB,GK,Roma,it Serie A,22,1999,3,270,90,7.9,3.0,3,90,3,0,,35,1.33,3,3,0,0.00,-0.34,Matches
3138,Williot Swedberg,se SWE,"FW,MF",Celta Vigo,es La Liga,18,2004,4,55,14,1.6,0.6,0,,0,4,14,34,0.25,0,0,0,0.00,+0.27,Matches
3139,Sil Swinkels,nl NED,DF,Aston Villa,eng Premier League,18,2004,0,,,,,0,,0,0,,1,,,,,,,Matches
3140,Issiaga Sylla,gn GUI,DF,Montpellier,fr Ligue 1,28,1994,15,1305,87,38.2,14.5,15,87,14,0,,1,1.80,27,11,+16,+1.10,+1.66,Matches
3141,Issiaga Sylla,gn GUI,DF,Toulouse,fr Ligue 1,28,1994,17,1372,81,40.1,15.2,16,84,11,1,28,0,1.29,24,24,0,0.00,+0.26,Matches
3142,Soumaïla Sylla,gn GUI,GK,Reims,fr Ligue 1,18,2004,0,,,,,0,,0,0,,1,,,,,,,Matches
3143,Wojciech Szczęsny,pl POL,GK,Juventus,it Serie A,32,1990,28,2472,88,72.3,27.5,28,88,27,0,,6,1.93,40,26,+14,+0.51,-0.34,Matches
3144,Dominik Szoboszlai,hu HUN,"MF,FW",RB Leipzig,de Bundesliga,21,2000,31,2444,79,79.9,27.2,28,84,17,3,33,0,1.94,51,32,+19,+0.70,+0.12,Matches
3145,Alexander Sørloth,no NOR,FW,RB Leipzig,de Bundesliga,26,1995,1,6,6,0.2,0.1,0,,0,1,6,1,1.00,0,0,0,0.00,-0.68,Matches
3146,Alexander Sørloth,no NOR,FW,Real Sociedad,es La Liga,26,1995,34,2386,70,69.8,26.5,28,79,8,6,29,0,1.91,39,20,+19,+0.72,+0.98,Matches
3147,Nicolás Tagliafico,ar ARG,"DF,MF",Lyon,fr Ligue 1,29,1992,34,2991,88,87.5,33.2,34,88,30,0,,0,1.56,53,39,+14,+0.42,-0.42,Matches
3148,Jonathan Tah,de GER,DF,Leverkusen,de Bundesliga,26,1996,33,2487,75,81.3,27.6,28,86,24,5,13,0,1.48,44,45,-1,-0.04,-1.45,Matches
3149,Benjamin Tahirovic,ba BIH,MF,Roma,it Serie A,19,2003,11,355,32,10.4,3.9,4,68,1,7,12,17,1.27,7,5,+2,+0.51,+0.21,Matches
3150,Waniss Taibi,fr FRA,MF,Angers,fr Ligue 1,20,2002,11,189,17,5.5,2.1,1,45,0,10,14,16,0.09,2,5,-3,-1.43,-0.18,Matches
3151,Flavien Tait,fr FRA,MF,Rennes,fr Ligue 1,29,1993,30,1680,56,49.1,18.7,19,74,7,11,24,5,1.77,38,20,+18,+0.96,+0.34,Matches
3152,Montassar Talbi,tn TUN,DF,Lorient,fr Ligue 1,24,1998,38,3420,90,100.0,38.0,38,90,38,0,,0,1.45,52,53,-1,-0.03,,Matches
3153,Thibault Tamas,fr FRA,DF,Montpellier,fr Ligue 1,21,2001,1,10,10,0.3,0.1,0,,0,1,10,10,3.00,0,0,0,0.00,-0.08,Matches
3154,Adrien Tameze,cm CMR,MF,Hellas Verona,it Serie A,28,1994,37,3031,82,88.6,33.7,35,85,25,2,37,1,0.89,27,54,-27,-0.80,-0.57,Matches
3155,Japhet Tanganga,eng ENG,DF,Tottenham Hotspur,eng Premier League,23,1999,4,146,37,4.3,1.6,2,71,0,2,3,26,1.25,2,5,-3,-1.85,-2.12,Matches
3156,Elia Tantalocchi,it ITA,GK,Sampdoria,it Serie A,18,2004,0,,,,,0,,0,0,,13,,,,,,,Matches
3157,Renato Tapia,pe PER,"MF,DF",Celta Vigo,es La Liga,27,1995,28,1451,52,42.4,16.1,16,75,6,12,21,5,1.14,10,28,-18,-1.12,-1.48,Matches
3158,Edmond Tapsoba,bf BFA,DF,Leverkusen,de Bundesliga,23,1999,33,2871,87,93.8,31.9,32,89,30,1,29,0,1.42,52,47,+5,+0.16,-1.27,Matches
3159,Florian Tardieu,fr FRA,MF,Troyes,fr Ligue 1,30,1992,15,1009,67,29.5,11.2,11,87,7,4,12,1,1.07,17,26,-9,-0.80,+0.21,Matches
3160,Matt Targett,eng ENG,DF,Newcastle United,eng Premier League,26,1995,17,610,36,17.8,6.8,6,82,3,11,11,12,1.71,9,6,+3,+0.44,-0.58,Matches
3161,James Tarkowski,eng ENG,DF,Everton,eng Premier League,29,1992,38,3420,90,100.0,38.0,38,90,38,0,,0,0.95,34,57,-23,-0.61,,Matches
3162,Ciprian Tătărușanu,ro ROU,GK,Milan,it Serie A,36,1986,16,1440,90,42.1,16.0,16,90,16,0,,22,1.88,26,22,+4,+0.25,-0.52,Matches
3163,Niklas Tauer,de GER,FW,Mainz 05,de Bundesliga,21,2001,3,93,31,3.0,1.0,0,,0,3,31,10,1.00,1,4,-3,-2.90,-2.96,Matches
3164,Niklas Tauer,de GER,FW,Schalke 04,de Bundesliga,21,2001,0,,,,,0,,0,0,,6,,,,,,,Matches
3165,Nuno Tavares,pt POR,MF,Marseille,fr Ligue 1,22,2000,31,2349,76,68.7,26.1,23,88,18,8,41,1,1.77,42,31,+11,+0.42,-0.92,Matches
3166,Marcus Tavernier,eng ENG,MF,Bournemouth,eng Premier League,23,1999,23,1743,76,51.0,19.4,19,83,10,4,40,0,1.39,25,37,-12,-0.62,+0.56,Matches
3167,Dale Taylor,nir NIR,"FW,MF",Nottingham Forest,eng Premier League,18,2003,0,,,,,0,,0,0,,1,,,,,,,Matches
3168,Lyle Taylor,ms MSR,FW,Nottingham Forest,eng Premier League,32,1990,0,,,,,0,,0,0,,2,,,,,,,Matches
3169,Marciano Tchami,gw GNB,FW,Almería,es La Liga,18,2004,0,,,,,0,,0,0,,9,,,,,,,Matches
3170,Enzo Tchato,cm CMR,DF,Montpellier,fr Ligue 1,19,2002,21,1096,52,32.0,12.2,11,82,6,10,20,11,0.86,12,26,-14,-1.15,-1.81,Matches
3171,Ryan Tchato Mbiayi,cm CMR,DF,Montpellier,fr Ligue 1,17,2004,0,,,,,0,,0,0,,1,,,,,,,Matches
3172,Aurélien Tchouaméni,fr FRA,MF,Real Madrid,es La Liga,22,2000,33,2119,64,62.0,23.5,24,80,14,9,21,1,2.03,51,27,+24,+1.02,-0.02,Matches
3173,Mathys Tel,fr FRA,MF,Bayern Munich,de Bundesliga,17,2005,22,417,19,13.6,4.6,1,60,0,21,17,9,2.00,16,8,+8,+1.73,+0.16,Matches
3174,Semir Telalovic,de GER,FW,Gladbach,de Bundesliga,22,1999,3,10,3,0.3,0.1,0,,0,3,3,2,0.00,0,0,0,0.00,+0.09,Matches
3175,Alex Telles,br BRA,"DF,MF",Sevilla,es La Liga,29,1992,27,1427,53,41.7,15.9,15,76,6,12,24,3,1.22,17,24,-7,-0.44,-0.44,Matches
3176,Arnau Tenas,es ESP,GK,Barcelona,es La Liga,21,2001,0,,,0.0,0.0,0,,0,0,,35,1.00,1,1,0,,,Matches
3177,Marc-André ter Stegen,de GER,GK,Barcelona,es La Liga,30,1992,38,3347,88,97.9,37.2,38,88,36,0,,0,2.32,68,18,+50,+1.34,+1.34,Matches
3178,Simon Terodde,de GER,FW,Schalke 04,de Bundesliga,34,1988,32,1823,57,59.6,20.3,21,78,8,11,17,1,0.97,21,40,-19,-0.94,+0.30,Matches
3179,Filippo Terracciano,it ITA,MF,Hellas Verona,it Serie A,19,2003,20,821,41,24.0,9.1,7,75,1,13,23,17,1.24,5,9,-4,-0.44,+0.39,Matches
3180,Pietro Terracciano,it ITA,GK,Fiorentina,it Serie A,32,1990,29,2610,90,76.3,29.0,29,90,29,0,,8,1.21,35,38,-3,-0.10,-1.55,Matches
3181,Ramón Terrats,es ESP,MF,Villarreal,es La Liga,21,2000,16,816,51,23.9,9.1,11,65,0,5,21,2,2.00,10,9,+1,+0.11,-0.51,Matches
3182,Ramón Terrats,es ESP,MF,Girona,es La Liga,21,2000,8,212,27,6.2,2.4,2,72,0,6,12,6,1.63,1,3,-2,-0.85,-0.99,Matches
3183,Martin Terrier,fr FRA,"MF,FW",Rennes,fr Ligue 1,25,1997,16,1319,82,38.6,14.7,16,82,7,0,,0,2.06,29,17,+12,+0.82,+0.05,Matches
3184,Aleksa Terzić,rs SRB,DF,Fiorentina,it Serie A,22,1999,22,935,43,27.3,10.4,8,85,5,14,18,13,1.32,16,8,+8,+0.77,+0.70,Matches
3185,Tetê,br BRA,"MF,FW",Leicester City,eng Premier League,22,2000,13,734,56,21.5,8.2,9,68,0,4,30,5,0.85,13,15,-2,-0.25,+0.26,Matches
3186,Tetê,br BRA,"FW,MF",Lyon,fr Ligue 1,22,2000,17,1107,65,32.4,12.3,14,77,2,3,11,2,1.12,18,14,+4,+0.33,-0.22,Matches
3187,Kenny Tete,nl NED,DF,Fulham,eng Premier League,26,1995,31,2569,83,75.1,28.5,29,87,21,2,19,1,1.45,42,36,+6,+0.21,+0.63,Matches
3188,Florian Thauvin,fr FRA,"FW,MF",Udinese,it Serie A,29,1993,16,546,34,16.0,6.1,5,69,0,11,18,2,0.88,6,9,-3,-0.49,-0.56,Matches
3189,Arthur Theate,be BEL,DF,Rennes,fr Ligue 1,22,2000,35,3127,89,91.4,34.7,35,89,33,0,,1,1.69,59,38,+21,+0.60,-2.16,Matches
3190,Malick Thiaw,de GER,DF,Schalke 04,de Bundesliga,20,2001,3,270,90,8.8,3.0,3,90,3,0,,1,0.67,3,8,-5,-1.67,-0.67,Matches
3191,Malick Thiaw,de GER,DF,Milan,it Serie A,20,2001,20,1362,68,39.8,15.1,15,83,11,5,24,13,1.95,21,12,+9,+0.59,+0.07,Matches
3192,Jan Thielmann,de GER,"MF,FW",Köln,de Bundesliga,20,2002,23,869,38,28.4,9.7,6,72,2,17,26,0,1.30,16,11,+5,+0.52,+0.93,Matches
3193,Sada Thioub,sn SEN,"DF,MF",Angers,fr Ligue 1,27,1995,27,1060,39,31.0,11.8,11,73,2,16,16,10,0.48,15,27,-12,-1.02,+0.35,Matches
3194,Luke Thomas,eng ENG,DF,Leicester City,eng Premier League,21,2001,17,1073,63,31.4,11.9,11,86,8,6,21,19,0.88,14,20,-6,-0.50,-0.08,Matches
3195,Adrien Thomasson,fr FRA,"MF,FW",Strasbourg,fr Ligue 1,28,1993,15,937,62,27.4,10.4,10,81,6,5,25,0,0.73,7,18,-11,-1.06,-1.17,Matches
3196,Adrien Thomasson,fr FRA,"MF,FW",Lens,fr Ligue 1,28,1993,20,1278,64,37.4,14.2,16,74,3,4,25,0,2.15,31,14,+17,+1.20,+0.27,Matches
3197,Morten Thorsby,no NOR,MF,Union Berlin,de Bundesliga,26,1996,24,833,35,27.2,9.3,8,66,1,16,19,3,1.58,15,16,-1,-0.11,-0.67,Matches
3198,Kristian Thorstvedt,no NOR,MF,Sassuolo,it Serie A,23,1999,31,1136,37,33.2,12.6,13,63,1,18,18,6,1.10,15,27,-12,-0.95,-0.87,Matches
3199,Khéphren Thuram,fr FRA,MF,Nice,fr Ligue 1,21,2001,35,2547,73,74.5,28.3,30,80,15,5,31,0,1.46,33,24,+9,+0.32,+0.11,Matches
3200,Marcus Thuram,fr FRA,FW,Gladbach,de Bundesliga,24,1997,30,2513,84,82.1,27.9,28,88,21,2,21,1,1.33,42,41,+1,+0.04,+0.69,Matches
3201,Alexis Tibidi,fr FRA,MF,Troyes,fr Ligue 1,18,2003,3,74,25,2.2,0.8,0,,0,3,25,4,0.00,0,2,-2,-2.43,-1.52,Matches
3202,Youri Tielemans,be BEL,MF,Leicester City,eng Premier League,25,1997,31,2344,76,68.5,26.0,27,82,16,4,30,0,0.97,35,49,-14,-0.54,-0.29,Matches
3203,Kieran Tierney,sct SCO,DF,Arsenal,eng Premier League,25,1997,27,795,29,23.2,8.8,6,81,3,21,15,11,2.56,16,10,+6,+0.68,-0.66,Matches
3204,Steffen Tigges,de GER,FW,Köln,de Bundesliga,24,1998,30,1596,53,52.2,17.7,17,71,3,13,30,1,1.23,25,24,+1,+0.06,+0.43,Matches
3205,Jean-Clair Todibo,fr FRA,DF,Nice,fr Ligue 1,22,1999,34,2870,84,83.9,31.9,33,86,30,1,31,0,1.53,43,29,+14,+0.44,+0.93,Matches
3206,Harry Toffolo,eng ENG,"DF,MF",Nottingham Forest,eng Premier League,26,1995,19,940,49,27.5,10.4,9,86,7,10,16,10,1.00,7,17,-10,-0.96,-0.23,Matches
3207,Umut Tohumcu,de GER,MF,Hoffenheim,de Bundesliga,17,2004,8,271,34,8.9,3.0,2,77,1,6,20,7,0.88,3,6,-3,-1.00,-0.80,Matches
3208,Karl Toko Ekambi,cm CMR,"MF,FW",Rennes,fr Ligue 1,29,1992,17,972,57,28.4,10.8,11,77,2,6,21,0,1.82,22,6,+16,+1.48,+0.97,Matches
3209,Karl Toko Ekambi,cm CMR,"FW,MF",Lyon,fr Ligue 1,29,1992,19,1353,71,39.6,15.0,15,83,8,4,26,0,1.32,23,19,+4,+0.27,-0.34,Matches
3210,Mohammed Tolba,de GER,DF,Bochum,de Bundesliga,18,2004,0,,,,,0,,0,0,,4,,,,,,,Matches
3211,Corentin Tolisso,fr FRA,MF,Lyon,fr Ligue 1,27,1994,30,2036,68,59.5,22.6,25,76,11,5,27,0,1.63,45,31,+14,+0.62,+0.36,Matches
3212,Jeremy Toljan,de GER,DF,Sassuolo,it Serie A,27,1994,31,2672,86,78.1,29.7,29,89,27,2,51,2,1.00,32,48,-16,-0.54,-0.78,Matches
3213,Rafael Tolói,it ITA,DF,Atalanta,it Serie A,31,1990,32,2784,87,81.4,30.9,32,87,25,0,,1,1.88,54,36,+18,+0.58,+0.58,Matches
3214,Raúl de Tomás,es ESP,FW,Rayo Vallecano,es La Liga,27,1994,19,805,42,23.5,8.9,9,69,0,10,19,2,0.89,7,13,-6,-0.67,-0.60,Matches
3215,Tiago Tomás,pt POR,"FW,MF",Stuttgart,de Bundesliga,20,2002,27,1291,48,42.2,14.3,16,65,2,11,23,1,0.96,21,27,-6,-0.42,-0.11,Matches
3216,Takehiro Tomiyasu,jp JPN,DF,Arsenal,eng Premier League,23,1998,21,663,32,19.4,7.4,6,77,3,15,14,2,2.38,16,11,+5,+0.68,-0.63,Matches
3217,James Tomkins,eng ENG,DF,Crystal Palace,eng Premier League,33,1989,6,338,56,9.9,3.8,3,79,2,3,34,16,0.67,2,8,-6,-1.60,-1.51,Matches
3218,Fikayo Tomori,eng ENG,DF,Milan,it Serie A,24,1997,33,2760,84,80.7,30.7,32,85,26,1,32,1,1.97,57,29,+28,+0.91,+1.87,Matches
3219,Sandro Tonali,it ITA,MF,Milan,it Serie A,22,2000,34,2713,80,79.3,30.1,30,87,23,4,25,2,1.82,49,36,+13,+0.43,-0.59,Matches
3220,Lorenzo Tonelli,it ITA,DF,Empoli,it Serie A,32,1990,1,19,19,0.6,0.2,0,,0,1,19,11,1.50,1,2,-1,-4.74,-4.45,Matches
3221,Ivan Toney,eng ENG,FW,Brentford,eng Premier League,26,1996,33,2951,89,86.3,32.8,33,89,29,0,,0,1.39,47,42,+5,+0.15,-1.19,Matches
3222,Giacomo Toniolo,it ITA,GK,Hellas Verona,it Serie A,18,2004,0,,,,,0,,0,0,,1,,,,,,,Matches
3223,Keke Topp,de GER,FW,Schalke 04,de Bundesliga,18,2004,1,20,20,0.7,0.2,0,,0,1,20,1,0.00,0,0,0,0.00,+1.07,Matches
3224,Pablo Torre,es ESP,FW,Barcelona,es La Liga,19,2003,8,144,18,4.2,1.6,1,62,0,7,12,23,0.88,3,2,+1,+0.62,-0.72,Matches
3225,David Torres,es ESP,DF,Valladolid,es La Liga,19,2003,7,385,55,11.3,4.3,2,85,1,5,43,21,1.14,3,8,-5,-1.17,-0.43,Matches
3226,Ferrán Torres,es ESP,FW,Barcelona,es La Liga,22,2000,33,1392,42,40.7,15.5,14,72,5,19,20,3,2.27,25,11,+14,+0.91,-0.69,Matches
3227,Óliver Torres,es ESP,MF,Sevilla,es La Liga,27,1994,32,2137,67,62.5,23.7,27,75,7,5,21,6,1.31,32,31,+1,+0.04,+0.60,Matches
3228,Pau Torres,es ESP,DF,Villarreal,es La Liga,25,1997,34,3054,90,89.3,33.9,34,90,33,0,,1,1.71,55,35,+20,+0.59,+0.84,Matches
3229,Roberto Torres,es ESP,MF,Osasuna,es La Liga,33,1989,2,11,6,0.3,0.1,0,,0,2,6,13,3.00,0,0,0,0.00,+0.13,Matches
3230,Lucas Torró,es ESP,MF,Osasuna,es La Liga,28,1994,33,2477,75,72.4,27.5,31,79,17,2,10,1,1.30,24,25,-1,-0.04,+0.35,Matches
3231,Nabil Touaizi,ma MAR,MF,Espanyol,es La Liga,21,2001,1,3,3,0.1,0.0,0,,0,1,3,2,1.00,1,0,+1,+30.00,+30.47,Matches
3232,Almamy Touré,ml MLI,DF,Eintracht Frankfurt,de Bundesliga,26,1996,7,398,57,13.0,4.4,5,77,2,2,7,8,1.57,10,12,-2,-0.45,-0.72,Matches
3233,Birama Touré,ml MLI,MF,Auxerre,fr Ligue 1,30,1992,38,3400,89,99.4,37.8,38,89,34,0,,0,0.92,34,61,-27,-0.71,+3.79,Matches
3234,Mo Touré,au AUS,FW,Reims,fr Ligue 1,18,2004,3,23,8,0.7,0.3,0,,0,3,8,1,1.33,0,0,0,0.00,0.00,Matches
3235,Souleymane Touré,fr FRA,DF,Marseille,fr Ligue 1,19,2003,5,68,14,2.0,0.8,0,,0,5,14,8,2.60,0,2,-2,-2.65,-3.43,Matches
3236,Souleymane Touré,fr FRA,DF,Auxerre,fr Ligue 1,19,2003,19,1588,84,46.4,17.6,18,88,15,1,13,0,1.00,15,22,-7,-0.40,+0.63,Matches
3237,Lucas Tousart,fr FRA,MF,Hertha BSC,de Bundesliga,25,1997,33,2944,89,96.2,32.7,33,89,29,0,,0,0.88,41,65,-24,-0.73,+1.59,Matches
3238,Yoann Touzghar,tn TUN,FW,Troyes,fr Ligue 1,35,1986,0,,,,,0,,0,0,,2,,,,,,,Matches
3239,Yoann Touzghar,tn TUN,FW,Ajaccio,fr Ligue 1,35,1986,11,447,41,13.1,5.0,5,68,0,6,18,0,0.91,2,7,-5,-1.01,+0.39,Matches
3240,Adama Traoré,es ESP,"MF,FW",Wolves,eng Premier League,26,1996,34,1496,44,43.7,16.6,12,73,3,22,28,2,1.18,12,30,-18,-1.08,-0.66,Matches
3241,Bertrand Traoré,bf BFA,MF,Aston Villa,eng Premier League,26,1995,8,233,29,6.8,2.6,1,45,0,7,27,8,1.75,6,1,+5,+1.93,+1.93,Matches
3242,Bonota Traoré,fr FRA,FW,Toulouse,fr Ligue 1,19,2003,0,,,,,0,,0,0,,1,,,,,,,Matches
3243,Boubacar Traoré,ml MLI,MF,Wolves,eng Premier League,20,2001,10,411,41,12.0,4.6,4,82,2,6,14,1,0.50,4,9,-5,-1.09,-0.44,Matches
3244,Charles Traore,ml MLI,DF,Nantes,fr Ligue 1,30,1992,12,482,40,14.1,5.4,6,70,2,6,11,3,1.58,4,6,-2,-0.37,+0.12,Matches
3245,Hamari Traoré,ml MLI,DF,Rennes,fr Ligue 1,30,1992,31,2528,82,73.9,28.1,28,89,22,3,16,0,1.81,55,29,+26,+0.93,+0.52,Matches
3246,Kevin Trapp,de GER,GK,Eintracht Frankfurt,de Bundesliga,32,1990,33,2970,90,97.1,33.0,33,90,33,0,,0,1.48,57,51,+6,+0.18,+0.18,Matches
3247,Mark Travers,ie IRL,GK,Bournemouth,eng Premier League,23,1999,12,1035,86,30.3,11.5,11,90,11,1,45,26,0.50,10,32,-22,-1.91,-1.46,Matches
3248,Óscar Trejo,ar ARG,"MF,FW",Rayo Vallecano,es La Liga,34,1988,34,2145,63,62.7,23.8,28,71,2,6,28,0,1.24,35,32,+3,+0.13,+0.90,Matches
3249,Ryan Trevitt,eng ENG,MF,Brentford,eng Premier League,19,2003,0,,,,,0,,0,0,,6,,,,,,,Matches
3250,Manu Trigueros,es ESP,MF,Villarreal,es La Liga,30,1991,23,828,36,24.2,9.2,8,64,2,15,21,7,1.87,17,8,+9,+0.98,+0.63,Matches
3251,Simone Trimboli,it ITA,MF,Sampdoria,it Serie A,20,2002,0,,,,,0,,0,0,,10,,,,,,,Matches
3252,Christopher Trimmel,at AUT,MF,Union Berlin,de Bundesliga,35,1987,25,1811,72,59.2,20.1,20,87,17,5,13,8,1.76,29,25,+4,+0.20,-0.45,Matches
3253,Théo Trinker,fr FRA,MF,Nice,fr Ligue 1,21,2001,1,1,1,0.0,0.0,0,,0,1,1,1,3.00,0,0,0,0.00,-0.29,Matches
3254,Filippo Tripi,it ITA,MF,Roma,it Serie A,20,2002,0,,,,,0,,0,0,,15,,,,,,,Matches
3255,Kieran Trippier,eng ENG,DF,Newcastle United,eng Premier League,31,1990,38,3341,88,97.7,37.1,38,88,31,0,,0,1.87,64,31,+33,+0.89,-1.39,Matches
3256,William Troost-Ekong,ng NGA,DF,Salernitana,it Serie A,28,1993,9,444,49,13.0,4.9,4,88,3,5,18,6,1.33,6,8,-2,-0.41,-0.04,Matches
3257,Leandro Trossard,be BEL,FW,Arsenal,eng Premier League,27,1994,20,931,47,27.2,10.3,10,66,1,10,27,0,1.85,29,15,+14,+1.35,+0.23,Matches
3258,Leandro Trossard,be BEL,"MF,FW",Brighton,eng Premier League,27,1994,16,1315,82,38.5,14.6,16,82,5,0,,1,1.50,23,23,0,0.00,-0.81,Matches
3259,Adrien Truffert,fr FRA,DF,Rennes,fr Ligue 1,20,2001,28,1954,70,57.1,21.7,24,79,13,4,13,0,1.79,35,25,+10,+0.46,-0.77,Matches
3260,Frank Tsadjout,it ITA,FW,Cremonese,it Serie A,23,1999,20,1051,53,30.7,11.7,14,66,2,6,22,13,0.85,10,27,-17,-1.46,-0.85,Matches
3261,Kostas Tsimikas,gr GRE,DF,Liverpool,eng Premier League,26,1996,20,771,39,22.5,8.6,9,67,2,11,15,17,1.65,14,11,+3,+0.35,-0.50,Matches
3262,Theocharis Tsingaras,gr GRE,MF,Toulouse,fr Ligue 1,21,2000,1,7,7,0.2,0.1,0,,0,1,7,12,3.00,1,0,+1,+12.86,+13.04,Matches
3263,Viktor Tsyhankov,ua UKR,MF,Girona,es La Liga,24,1997,19,1489,78,43.5,16.5,17,85,10,2,21,2,1.47,29,19,+10,+0.60,+0.93,Matches
3264,Alessandro Tuia,it ITA,DF,Lecce,it Serie A,32,1990,7,509,73,14.9,5.7,6,82,4,1,18,29,0.57,2,6,-4,-0.71,-0.43,Matches
3265,Martin Turk,si SVN,GK,Sampdoria,it Serie A,18,2003,4,360,90,10.5,4.0,4,90,4,0,,16,1.00,7,9,-2,-0.50,+0.82,Matches
3266,Matt Turner,us USA,GK,Arsenal,eng Premier League,28,1994,0,,,,,0,,0,0,,37,,,,,,,Matches
3267,Ed Turns,wls WAL,DF,Brighton,eng Premier League,19,2002,0,,,,,0,,0,0,,6,,,,,,,Matches
3268,Beñat Turrientes,es ESP,MF,Real Sociedad,es La Liga,20,2002,6,106,18,3.1,1.2,1,45,0,5,12,26,1.50,1,2,-1,-0.85,-1.31,Matches
3269,Tuta,br BRA,DF,Eintracht Frankfurt,de Bundesliga,23,1999,31,2718,88,88.8,30.2,30,90,29,1,27,0,1.48,53,45,+8,+0.26,+0.79,Matches
3270,Gabriel Tutu,fr FRA,FW,Rennes,fr Ligue 1,18,2004,0,,,,,0,,0,0,,1,,,,,,,Matches
3271,Destiny Udogie,it ITA,MF,Udinese,it Serie A,19,2002,33,2704,82,79.1,30.0,31,86,20,2,22,0,1.33,35,33,+2,+0.07,+0.44,Matches
3272,Ike Ugbo,ca CAN,"FW,MF",Troyes,fr Ligue 1,23,1998,25,895,36,26.2,9.9,9,67,2,16,18,9,0.80,16,14,+2,+0.20,+1.56,Matches
3273,Lesley Ugochukwu,fr FRA,MF,Rennes,fr Ligue 1,18,2004,26,1330,51,38.9,14.8,14,78,5,12,20,11,1.92,23,17,+6,+0.41,-0.63,Matches
3274,Samir Ujkani,xk KVX,GK,Empoli,it Serie A,34,1988,1,7,7,0.2,0.1,0,,0,1,7,34,0.00,0,1,-1,-12.86,-12.57,Matches
3275,Sven Ulreich,de GER,GK,Bayern Munich,de Bundesliga,33,1988,3,270,90,8.8,3.0,3,90,3,0,,30,3.00,15,2,+13,+4.33,+3.01,Matches
3276,Lauren Ulrich,de GER,MF,Stuttgart,de Bundesliga,17,2005,1,6,6,0.2,0.1,0,,0,1,6,0,0.00,0,0,0,0.00,+0.35,Matches
3277,Samuel Umtiti,fr FRA,DF,Lecce,it Serie A,28,1993,25,2113,85,61.8,23.5,24,88,20,1,8,9,1.04,22,28,-6,-0.26,+0.23,Matches
3278,Enes Ünal,tr TUR,FW,Getafe,es La Liga,25,1997,35,2970,85,86.8,33.0,35,85,19,0,,0,1.09,29,42,-13,-0.39,-0.79,Matches
3279,Deniz Undav,de GER,"MF,FW",Brighton,eng Premier League,26,1996,22,628,29,18.4,7.0,6,71,0,16,13,14,1.41,14,9,+5,+0.72,+0.27,Matches
3280,Cengiz Ünder,tr TUR,MF,Marseille,fr Ligue 1,25,1997,37,2490,67,72.8,27.7,28,82,14,9,22,1,1.89,51,27,+24,+0.87,+0.58,Matches
3281,Dayot Upamecano,fr FRA,DF,Bayern Munich,de Bundesliga,23,1998,29,2348,81,76.7,26.1,27,87,25,2,6,0,1.93,71,29,+42,+1.61,+0.09,Matches
3282,Benjamin Uphoff,de GER,GK,Freiburg,de Bundesliga,28,1993,0,,,,,0,,0,0,,26,,,,,,,Matches
3283,Kacper Urbanski,pl POL,MF,Bologna,it Serie A,17,2004,0,,,,,0,,0,0,,3,,,,,,,Matches
3284,Jonas Urbig,de GER,GK,Köln,de Bundesliga,18,2003,0,,,,,0,,0,0,,2,,,,,,,Matches
3285,Filip Uremović,hr CRO,DF,Hertha BSC,de Bundesliga,25,1997,22,1726,78,56.4,19.2,21,80,14,1,45,5,0.82,22,38,-16,-0.83,-0.09,Matches
3286,Oscar Ureña,do DOM,MF,Girona,es La Liga,19,2003,3,100,33,2.9,1.1,1,58,0,2,21,4,0.00,0,2,-2,-1.80,-1.94,Matches
3287,Jere Uronen,fi FIN,DF,Schalke 04,de Bundesliga,28,1994,11,676,61,22.1,7.5,9,72,3,2,16,0,1.18,3,16,-13,-1.73,-0.86,Matches
3288,Jere Uronen,fi FIN,DF,Brest,fr Ligue 1,28,1994,6,300,50,8.8,3.3,3,86,2,3,14,6,0.17,2,7,-5,-1.50,-1.36,Matches
3289,Mark Uth,de GER,"FW,MF",Köln,de Bundesliga,30,1991,3,46,15,1.5,0.5,0,,0,3,15,1,1.00,2,7,-5,-9.78,-9.78,Matches
3290,Josha Vagnoman,de GER,"MF,DF",Stuttgart,de Bundesliga,21,2000,23,1479,64,48.3,16.4,16,84,11,7,19,4,1.09,21,23,-2,-0.12,+0.45,Matches
3291,Harvey Vale,ie IRL,MF,Chelsea,eng Premier League,18,2003,0,,,,,0,,0,0,,1,,,,,,,Matches
3292,Diego Valencia,cl CHI,"FW,MF",Salernitana,it Serie A,22,2000,12,231,19,6.8,2.6,0,,0,12,19,17,0.50,1,4,-3,-1.17,-0.86,Matches
3293,Pablo Valencia,es ESP,GK,Osasuna,es La Liga,21,2001,0,,,,,0,,0,0,,3,,,,,,,Matches
3294,Óscar Valentín,es ESP,MF,Rayo Vallecano,es La Liga,27,1994,34,2555,75,74.7,28.4,29,82,13,5,34,0,1.32,34,33,+1,+0.04,+0.97,Matches
3295,Emanuele Valeri,it ITA,"MF,DF",Cremonese,it Serie A,23,1998,37,2785,75,81.4,30.9,31,84,21,6,33,0,0.73,32,53,-21,-0.68,+1.02,Matches
3296,Yan Valery,tn TUN,DF,Southampton,eng Premier League,23,1999,1,45,45,1.3,0.5,1,45,0,0,,4,0.00,1,2,-1,-2.00,-1.04,Matches
3297,Yan Valery,tn TUN,DF,Angers,fr Ligue 1,23,1999,30,2497,83,73.0,27.7,30,83,22,0,,0,0.53,22,57,-35,-1.26,+0.01,Matches
3298,Martin Valjent,sk SVK,DF,Mallorca,es La Liga,26,1995,30,2656,89,77.7,29.5,30,89,27,0,,2,1.40,29,33,-4,-0.14,+0.10,Matches
3299,Jesús Vallejo,es ESP,DF,Real Madrid,es La Liga,25,1997,1,22,22,0.6,0.2,0,,0,1,22,35,3.00,2,0,+2,+8.18,+7.20,Matches
3300,Manu Vallejo,es ESP,"MF,FW",Girona,es La Liga,25,1997,7,206,29,6.0,2.3,2,54,0,5,20,8,0.86,8,5,+3,+1.31,+1.31,Matches
3301,Manu Vallejo,es ESP,"FW,MF",Valencia,es La Liga,25,1997,0,,,,,0,,0,0,,3,,,,,,,Matches
3302,Mattia Valoti,it ITA,"MF,FW",Monza,it Serie A,28,1993,16,453,28,13.2,5.0,4,70,0,12,15,21,1.19,5,7,-2,-0.40,-0.34,Matches
3303,Federico Valverde,uy URU,"MF,FW",Real Madrid,es La Liga,24,1998,34,2502,74,73.2,27.8,29,82,17,5,26,4,2.09,51,25,+26,+0.94,-0.34,Matches
3304,Virgil van Dijk,nl NED,DF,Liverpool,eng Premier League,31,1991,32,2835,89,82.9,31.5,32,89,31,0,,1,1.91,68,36,+32,+1.02,+1.63,Matches
3305,Vanderson,br BRA,"DF,MF",Monaco,fr Ligue 1,21,2001,31,2214,71,64.7,24.6,24,83,14,7,33,1,1.74,52,35,+17,+0.69,+1.06,Matches
3306,Tommaso Vannucchi,it ITA,GK,Fiorentina,it Serie A,15,2007,0,,,,,0,,0,0,,11,,,,,,,Matches
3307,Raphaël Varane,fr FRA,DF,Manchester Utd,eng Premier League,29,1993,24,1911,80,55.9,21.2,22,85,16,2,23,6,1.96,28,22,+6,+0.28,-0.25,Matches
3308,Jamie Vardy,eng ENG,FW,Leicester City,eng Premier League,35,1987,37,1857,50,54.3,20.6,19,74,6,18,26,1,0.92,24,37,-13,-0.63,-0.40,Matches
3309,Ruben Vargas,ch SUI,MF,Augsburg,de Bundesliga,23,1998,23,1130,49,36.9,12.6,13,59,1,10,37,3,0.70,20,20,0,0.00,+0.98,Matches
3310,Devis Vásquez,co COL,GK,Milan,it Serie A,24,1998,0,,,,,0,,0,0,,6,,,,,,,Matches
3311,Johan Vásquez,mx MEX,DF,Cremonese,it Serie A,23,1998,25,1813,73,53.0,20.1,19,89,18,6,21,9,0.76,19,36,-17,-0.84,+0.05,Matches
3312,Jesus Vazquez,es ESP,DF,Valencia,es La Liga,19,2003,10,310,31,9.1,3.4,3,74,1,7,12,27,0.80,1,5,-4,-1.16,-1.19,Matches
3313,Kevin Vázquez,es ESP,"DF,MF",Celta Vigo,es La Liga,29,1993,10,441,44,12.9,4.9,6,66,2,4,11,28,1.40,4,8,-4,-0.82,-0.64,Matches
3314,Lucas Vázquez,es ESP,DF,Real Madrid,es La Liga,31,1991,23,1144,50,33.5,12.7,12,82,6,11,14,9,1.96,28,12,+16,+1.26,+0.35,Matches
3315,Matías Vecino,uy URU,MF,Lazio,it Serie A,30,1991,32,1691,53,49.4,18.8,17,76,9,15,26,2,1.97,26,16,+10,+0.53,-0.51,Matches
3316,Gabriel Veiga,es ESP,MF,Celta Vigo,es La Liga,20,2002,36,2294,64,67.1,25.5,28,74,3,8,26,0,1.17,29,30,-1,-0.04,+0.68,Matches
3317,Renato Veiga,pt POR,DF,Augsburg,de Bundesliga,19,2003,13,639,49,20.9,7.1,7,71,3,6,24,2,1.00,5,16,-11,-1.55,-1.18,Matches
3318,Miloš Veljković,rs SRB,DF,Werder Bremen,de Bundesliga,26,1995,29,2266,78,74.1,25.2,25,88,23,4,18,0,1.21,42,50,-8,-0.32,+0.25,Matches
3319,Miguel Veloso,pt POR,MF,Hellas Verona,it Serie A,36,1986,22,1163,53,34.0,12.9,14,66,3,8,29,5,0.50,11,16,-5,-0.39,+0.53,Matches
3320,Joël Veltman,nl NED,DF,Brighton,eng Premier League,30,1992,31,2188,71,64.0,24.3,25,79,14,6,35,2,1.71,47,29,+18,+0.74,+0.67,Matches
3321,Micky van de Ven,nl NED,DF,Wolfsburg,de Bundesliga,21,2001,33,2970,90,97.1,33.0,33,90,33,0,,0,1.39,54,48,+6,+0.18,-2.82,Matches
3322,Unai Vencedor Paris,es ESP,MF,Athletic Club,es La Liga,21,2000,10,193,19,5.6,2.1,0,,0,10,19,27,1.40,2,7,-5,-2.33,-2.58,Matches
3323,Lorenzo Venuti,it ITA,DF,Fiorentina,it Serie A,27,1995,17,924,54,27.0,10.3,9,71,3,8,36,20,1.35,12,13,-1,-0.10,-0.49,Matches
3324,Daniele Verde,it ITA,"FW,MF",Spezia,it Serie A,26,1996,25,998,40,29.2,11.1,11,62,0,14,23,7,0.58,8,20,-12,-1.08,-0.38,Matches
3325,Simone Verdi,it ITA,"MF,FW",Hellas Verona,it Serie A,30,1992,24,1096,46,32.0,12.2,12,70,2,12,21,6,0.92,10,20,-10,-0.82,-0.12,Matches
3326,Gonzalo Verdú,es ESP,DF,Elche,es La Liga,33,1988,16,703,44,20.6,7.8,9,65,3,7,17,15,0.88,4,12,-8,-1.02,-0.06,Matches
3327,Jordan Veretout,fr FRA,MF,Marseille,fr Ligue 1,29,1993,38,2863,75,83.7,31.8,31,86,24,7,27,0,1.92,55,31,+24,+0.75,+0.27,Matches
3328,Marco Verratti,it ITA,MF,Paris Saint-Germain,fr Ligue 1,29,1992,29,2194,76,64.2,24.4,27,80,14,2,21,0,2.21,59,26,+33,+1.35,+0.18,Matches
3329,Valerio Verre,it ITA,MF,Sampdoria,it Serie A,28,1994,18,677,38,19.8,7.5,6,61,0,12,26,0,0.50,3,12,-9,-1.20,+0.05,Matches
3330,Giovani Versini,fr FRA,FW,Clermont Foot,fr Ligue 1,18,2004,0,,,,,0,,0,0,,1,,,,,,,Matches
3331,Freddie Veseli,al ALB,DF,Salernitana,it Serie A,29,1992,0,,,,,0,,0,0,,2,,,,,,,Matches
3332,Mikel Vesga,es ESP,MF,Athletic Club,es La Liga,29,1993,36,2575,72,75.3,28.6,28,86,21,8,22,0,1.33,32,30,+2,+0.07,-0.14,Matches
3333,Jannik Vestergaard,dk DEN,DF,Leicester City,eng Premier League,29,1992,0,,,,,0,,0,0,,7,,,,,,,Matches
3334,Guglielmo Vicario,it ITA,GK,Empoli,it Serie A,25,1996,31,2783,90,81.4,30.9,31,90,30,0,,0,1.26,34,39,-5,-0.16,+0.83,Matches
3335,João Victor,br BRA,DF,Nantes,fr Ligue 1,24,1998,13,842,65,24.6,9.4,9,80,7,4,31,4,0.92,9,16,-7,-0.75,-0.36,Matches
3336,Pau Victor,es ESP,FW,Girona,es La Liga,20,2001,0,,,,,0,,0,0,,1,,,,,,,Matches
3337,Aleix Vidal,es ESP,"MF,FW",Espanyol,es La Liga,32,1989,25,1025,41,30.0,11.4,10,66,1,15,25,6,1.16,18,19,-1,-0.09,+0.51,Matches
3338,Clément Vidal,fr FRA,DF,Ajaccio,fr Ligue 1,22,2000,26,1901,73,55.6,21.1,21,88,17,5,11,8,0.65,11,47,-36,-1.70,-0.82,Matches
3339,Nacho Vidal,es ESP,DF,Osasuna,es La Liga,27,1995,20,1247,62,36.5,13.9,15,76,8,5,23,4,1.50,10,15,-5,-0.36,-0.36,Matches
3340,Gabriel Vidovic,hr CRO,MF,Bayern Munich,de Bundesliga,18,2003,1,19,19,0.6,0.2,0,,0,1,19,0,3.00,1,0,+1,+4.74,+3.17,Matches
3341,Fabio Vieira,pt POR,MF,Arsenal,eng Premier League,22,2000,22,514,23,15.0,5.7,3,76,0,19,15,14,2.09,13,5,+8,+1.40,+0.25,Matches
3342,Ronaldo Vieira,gw GNB,MF,Torino,it Serie A,24,1998,2,16,8,0.5,0.2,0,,0,2,8,6,3.00,0,0,0,0.00,-0.03,Matches
3343,Ronaldo Vieira,gw GNB,MF,Sampdoria,it Serie A,24,1998,16,815,51,23.8,9.1,8,75,2,8,27,4,0.38,3,16,-13,-1.44,-0.26,Matches
3344,Fran Vieites,es ESP,GK,Real Betis,es La Liga,23,1999,0,,,,,0,,0,0,,1,,,,,,,Matches
3345,Emanuel Vignato,it ITA,MF,Bologna,it Serie A,21,2000,8,242,30,7.1,2.7,2,53,0,6,23,7,0.63,2,4,-2,-0.74,-0.91,Matches
3346,Emanuel Vignato,it ITA,MF,Empoli,it Serie A,21,2000,5,57,11,1.7,0.6,0,,0,5,11,13,0.40,2,2,0,0.00,+0.32,Matches
3347,Samuele Vignato,it ITA,MF,Monza,it Serie A,18,2004,5,62,12,1.8,0.7,0,,0,5,12,27,2.00,1,1,0,0.00,+0.11,Matches
3348,Tonny Vilhena,nl NED,MF,Salernitana,it Serie A,27,1995,33,2265,69,66.2,25.2,27,76,9,6,33,4,1.12,28,43,-15,-0.60,-0.67,Matches
3349,Lorenzo Villa,it ITA,DF,Sampdoria,it Serie A,19,2003,0,,,,,0,,0,0,,2,,,,,,,Matches
3350,Toni Villa,es ESP,MF,Valladolid,es La Liga,27,1995,2,91,46,2.7,1.0,1,61,0,1,30,1,0.00,0,3,-3,-2.97,-2.24,Matches
3351,Toni Villa,es ESP,MF,Girona,es La Liga,27,1995,24,895,37,26.2,9.9,12,56,0,12,18,2,1.33,16,10,+6,+0.60,+0.71,Matches
3352,Daniel Villahermosa,es ESP,MF,Espanyol,es La Liga,21,2001,0,,,,,0,,0,0,,10,,,,,,,Matches
3353,Asier Villalibre,es ESP,FW,Athletic Club,es La Liga,24,1997,5,97,19,2.8,1.1,1,56,0,4,10,13,1.60,1,0,+1,+0.93,+0.85,Matches
3354,Gonzalo Villar,es ESP,MF,Getafe,es La Liga,24,1998,16,457,29,13.4,5.1,3,60,0,13,21,5,0.88,4,5,-1,-0.20,+0.11,Matches
3355,Gonzalo Villar,es ESP,MF,Sampdoria,it Serie A,24,1998,15,696,46,20.4,7.7,8,64,1,7,26,2,0.40,5,14,-9,-1.16,+0.09,Matches
3356,Iván Villar,es ESP,GK,Celta Vigo,es La Liga,25,1997,19,1710,90,50.0,19.0,19,90,19,0,,19,1.21,25,24,+1,+0.05,+0.63,Matches
3357,Matías Viña,uy URU,"DF,MF",Bournemouth,eng Premier League,24,1997,12,458,38,13.4,5.1,5,70,2,7,16,4,1.25,5,10,-5,-0.98,-0.10,Matches
3358,Matías Viña,uy URU,MF,Roma,it Serie A,24,1997,3,55,18,1.6,0.6,1,45,0,2,5,17,2.00,1,1,0,0.00,-0.32,Matches
3359,Rúben Vinagre,pt POR,"DF,MF",Everton,eng Premier League,23,1999,2,26,13,0.8,0.3,0,,0,2,13,19,0.50,0,0,0,0.00,+0.61,Matches
3360,Carlos Vinícius,br BRA,FW,Fulham,eng Premier League,27,1995,28,1109,40,32.4,12.3,11,85,7,17,10,5,1.29,18,20,-2,-0.16,-0.32,Matches
3361,Alan Virginius,fr FRA,FW,Lille,fr Ligue 1,19,2003,15,258,17,7.5,2.9,1,68,0,14,14,12,1.33,5,6,-1,-0.35,-0.98,Matches
3362,Ricardo Visus,es ESP,DF,Real Betis,es La Liga,21,2001,0,,,,,0,,0,0,,2,,,,,,,Matches
3363,Mattia Viti,it ITA,DF,Nice,fr Ligue 1,20,2002,9,634,70,18.5,7.0,7,86,6,2,17,18,1.33,7,11,-4,-0.57,-1.05,Matches
3364,Vitinha,pt POR,FW,Marseille,fr Ligue 1,22,2000,14,464,33,13.6,5.2,5,61,1,9,17,3,1.43,7,8,-1,-0.19,-1.05,Matches
3365,Vitinha,pt POR,MF,Paris Saint-Germain,fr Ligue 1,22,2000,36,2446,68,71.5,27.2,29,77,8,7,31,1,2.25,58,28,+30,+1.10,-0.65,Matches
3366,Daniel Vivian,es ESP,DF,Athletic Club,es La Liga,23,1999,29,2376,82,69.5,26.4,26,90,25,3,12,4,1.31,28,24,+4,+0.15,+0.15,Matches
3367,Dušan Vlahović,rs SRB,FW,Juventus,it Serie A,22,2000,27,1925,71,56.3,21.4,22,83,11,5,19,1,1.81,34,20,+14,+0.65,+0.11,Matches
3368,Nikola Vlašić,hr CRO,"MF,FW",Torino,it Serie A,24,1997,34,2728,80,79.8,30.3,29,87,23,5,42,0,1.35,33,30,+3,+0.10,+0.36,Matches
3369,Nikola Vlašić,hr CRO,"FW,MF",West Ham United,eng Premier League,24,1997,0,,,,,0,,0,0,,1,,,,,,,Matches
3370,Joel Voelkerling Persson,se SWE,FW,Lecce,it Serie A,19,2003,9,99,11,2.9,1.1,0,,0,9,11,22,0.56,0,2,-2,-1.82,-1.52,Matches
3371,Andreas Voglsammer,de GER,"FW,MF",Union Berlin,de Bundesliga,30,1992,0,,,,,0,,0,0,,1,,,,,,,Matches
3372,Kevin Vogt,de GER,DF,Hoffenheim,de Bundesliga,30,1991,22,1775,81,58.0,19.7,22,81,16,0,,0,1.27,29,27,+2,+0.10,+0.87,Matches
3373,Robin Voisine,fr FRA,DF,Nantes,fr Ligue 1,20,2002,0,,,,,0,,0,0,,2,,,,,,,Matches
3374,Mërgim Vojvoda,xk KVX,MF,Torino,it Serie A,27,1995,29,1719,59,50.3,19.1,18,81,12,11,24,6,1.45,25,21,+4,+0.21,+0.37,Matches
3375,Kevin Volland,de GER,"FW,MF",Monaco,fr Ligue 1,30,1992,17,639,38,18.7,7.1,7,66,0,10,18,5,1.59,12,12,0,0.00,-0.39,Matches
3376,Cristian Volpato,it ITA,MF,Roma,it Serie A,18,2003,7,227,32,6.6,2.5,2,59,0,5,22,27,0.86,3,0,+3,+1.19,+0.94,Matches
3377,Lukáš Vorlický,cz CZE,FW,Atalanta,it Serie A,20,2002,3,24,8,0.7,0.3,0,,0,3,8,5,0.33,1,1,0,0.00,-0.48,Matches
3378,Aster Vranckx,be BEL,MF,Wolfsburg,de Bundesliga,19,2002,1,8,8,0.3,0.1,0,,0,1,8,1,0.00,0,0,0,0.00,-0.27,Matches
3379,Aster Vranckx,be BEL,MF,Milan,it Serie A,19,2002,9,240,27,7.0,2.7,2,82,1,7,11,24,2.11,4,3,+1,+0.37,-0.19,Matches
3380,Stefan de Vrij,nl NED,DF,Inter,it Serie A,30,1992,27,1945,72,56.9,21.6,22,85,18,5,15,11,1.74,41,25,+16,+0.74,-0.05,Matches
3381,Maxime Wackers,fr FRA,DF,Lorient,fr Ligue 1,24,1998,0,,,,,0,,0,0,,12,,,,,,,Matches
3382,Sebastian Wade,es ESP,DF,Torino,it Serie A,19,2003,0,,,,,0,,0,0,,1,,,,,,,Matches
3383,Ethan Wady,eng ENG,GK,Chelsea,eng Premier League,20,2002,0,,,,,0,,0,0,,1,,,,,,,Matches
3384,Robert Wagner,de GER,MF,Freiburg,de Bundesliga,19,2003,4,38,10,1.2,0.4,0,,0,4,10,8,2.25,1,2,-1,-2.37,-2.61,Matches
3385,Elye Wahi,ci CIV,FW,Montpellier,fr Ligue 1,19,2003,33,2513,76,73.5,27.9,29,81,9,4,43,0,1.30,46,43,+3,+0.11,+0.11,Matches
3386,Walace,br BRA,MF,Udinese,it Serie A,27,1995,37,3190,86,93.3,35.4,37,86,28,0,,0,1.24,42,44,-2,-0.06,-0.45,Matches
3387,Theo Walcott,eng ENG,"MF,FW",Southampton,eng Premier League,33,1989,20,1129,56,33.0,12.5,13,72,2,7,28,9,0.55,15,30,-15,-1.20,-0.33,Matches
3388,Luca Waldschmidt,de GER,"FW,MF",Wolfsburg,de Bundesliga,26,1996,18,523,29,17.1,5.8,4,61,0,14,20,12,1.28,11,12,-1,-0.17,-0.53,Matches
3389,Kyle Walker,eng ENG,"DF,MF",Manchester City,eng Premier League,32,1990,27,1958,73,57.3,21.8,22,85,18,5,19,5,2.37,54,20,+34,+1.56,-0.10,Matches
3390,Kyle Walker-Peters,eng ENG,"DF,MF",Southampton,eng Premier League,25,1997,31,2650,85,77.5,29.4,30,88,26,1,20,1,0.68,31,58,-27,-0.92,+0.25,Matches
3391,Reuell Walters,eng ENG,DF,Arsenal,eng Premier League,17,2004,0,,,,,0,,0,0,,8,,,,,,,Matches
3392,Sebastian Walukiewicz,pl POL,DF,Empoli,it Serie A,22,2000,11,603,55,17.6,6.7,6,80,5,5,24,21,1.27,8,9,-1,-0.15,+0.20,Matches
3393,Aaron Wan-Bissaka,cd COD,DF,Manchester Utd,eng Premier League,24,1997,19,1435,76,42.0,15.9,16,87,12,3,15,7,2.21,28,10,+18,+1.13,+1.26,Matches
3394,Paul Wanner,at AUT,MF,Bayern Munich,de Bundesliga,16,2005,2,25,13,0.8,0.3,0,,0,2,13,8,3.00,0,1,-1,-3.60,-5.23,Matches
3395,Danny Ward,wls WAL,GK,Leicester City,eng Premier League,29,1993,26,2340,90,68.4,26.0,26,90,26,0,,9,0.92,37,46,-9,-0.35,+0.32,Matches
3396,Joel Ward,eng ENG,DF,Crystal Palace,eng Premier League,32,1989,28,2256,81,66.0,25.1,24,89,22,4,30,7,1.36,34,35,-1,-0.04,+0.58,Matches
3397,James Ward-Prowse,eng ENG,MF,Southampton,eng Premier League,27,1994,38,3371,89,98.6,37.5,38,89,36,0,,0,0.66,36,72,-36,-0.96,+0.88,Matches
3398,Lewis Warrington,eng ENG,MF,Everton,eng Premier League,19,2002,0,,,,,0,,0,0,,2,,,,,,,Matches
3399,Ollie Watkins,eng ENG,FW,Aston Villa,eng Premier League,26,1995,37,3127,85,91.4,34.7,36,86,26,1,25,0,1.57,47,40,+7,+0.20,+0.82,Matches
3400,Timothy Weah,us USA,"DF,MF",Lille,fr Ligue 1,22,2000,29,1748,60,51.1,19.4,18,82,9,11,25,1,1.86,30,18,+12,+0.62,+0.13,Matches
3401,Adam Webster,eng ENG,DF,Brighton,eng Premier League,27,1995,27,1985,74,58.0,22.1,23,85,17,4,7,4,1.74,41,27,+14,+0.63,+0.32,Matches
3402,Wout Weghorst,nl NED,"FW,MF",Manchester Utd,eng Premier League,29,1992,17,797,47,23.3,8.9,10,67,3,7,18,3,1.65,11,11,0,0.00,-0.51,Matches
3403,Victor Wehbi,br BRA,GK,Cádiz,es La Liga,19,2002,0,,,,,0,,0,0,,17,,,,,,,Matches
3404,Julian Weigl,de GER,MF,Gladbach,de Bundesliga,26,1995,23,1894,82,61.9,21.0,21,88,18,2,19,1,1.26,38,35,+3,+0.14,+0.61,Matches
3405,Nelson Weiper,de GER,FW,Mainz 05,de Bundesliga,17,2005,9,99,11,3.2,1.1,0,,0,9,11,7,1.22,5,4,+1,+0.91,+0.97,Matches
3406,Mitchell Weiser,de GER,MF,Werder Bremen,de Bundesliga,28,1994,30,2516,84,82.2,28.0,29,86,23,1,23,0,1.00,42,56,-14,-0.50,-0.67,Matches
3407,Noah Weißhaupt,de GER,MF,Freiburg,de Bundesliga,20,2001,18,427,24,14.0,4.7,3,64,0,15,16,14,1.50,5,6,-1,-0.21,-0.48,Matches
3408,Shon Weissman,il ISR,FW,Valladolid,es La Liga,26,1996,15,747,50,21.8,8.3,6,74,1,9,34,1,1.07,5,13,-8,-0.96,-0.22,Matches
3409,Danny Welbeck,eng ENG,FW,Brighton,eng Premier League,31,1990,31,1854,60,54.2,20.6,21,76,7,10,26,1,1.68,36,28,+8,+0.39,-0.24,Matches
3410,Reece Welch,eng ENG,DF,Everton,eng Premier League,18,2003,0,,,,,0,,0,0,,5,,,,,,,Matches
3411,Maxwell Wellings,eng ENG,DF,Bournemouth,eng Premier League,17,2005,0,,,,,0,,0,0,,1,,,,,,,Matches
3412,Jack Wells-Morrison,eng ENG,MF,Crystal Palace,eng Premier League,18,2004,0,,,,,0,,0,0,,2,,,,,,,Matches
3413,Marcel Wenig,de GER,MF,Eintracht Frankfurt,de Bundesliga,18,2004,1,4,4,0.1,0.0,0,,0,1,4,10,3.00,0,0,0,0.00,-0.18,Matches
3414,Axel Werner,ar ARG,GK,Elche,es La Liga,26,1996,2,180,90,5.3,2.0,2,90,2,0,,36,0.00,1,4,-3,-1.50,-0.56,Matches
3415,Timo Werner,de GER,"FW,MF",RB Leipzig,de Bundesliga,26,1996,27,1937,72,63.3,21.5,23,80,8,4,26,0,1.81,35,23,+12,+0.56,-0.32,Matches
3416,Ben White,eng ENG,DF,Arsenal,eng Premier League,24,1997,38,3055,80,89.3,33.9,36,83,21,2,27,0,2.21,81,35,+46,+1.36,+1.60,Matches
3417,Harvey White,eng ENG,MF,Tottenham Hotspur,eng Premier League,20,2001,1,5,5,0.1,0.1,0,,0,1,5,2,3.00,0,0,0,0.00,-0.18,Matches
3418,Joseph Whitworth,eng ENG,GK,Crystal Palace,eng Premier League,18,2004,2,180,90,5.3,2.0,2,90,2,0,,12,0.00,1,5,-4,-2.00,-1.86,Matches
3419,George Wickens,eng ENG,GK,Fulham,eng Premier League,20,2001,0,,,,,0,,0,0,,2,,,,,,,Matches
3420,Silvan Widmer,ch SUI,"MF,DF",Mainz 05,de Bundesliga,29,1993,26,1688,65,55.2,18.8,19,81,10,7,21,0,1.38,28,29,-1,-0.05,-0.05,Matches
3421,Mateusz Wieteska,pl POL,DF,Clermont Foot,fr Ligue 1,25,1997,35,3117,89,91.1,34.6,35,89,32,0,,0,1.49,40,47,-7,-0.20,-1.09,Matches
3422,Georginio Wijnaldum,nl NED,MF,Roma,it Serie A,31,1990,14,769,55,22.5,8.5,10,74,4,4,9,2,1.71,14,9,+5,+0.59,+0.35,Matches
3423,Brandon Williams,eng ENG,DF,Manchester Utd,eng Premier League,21,2000,0,,,,,0,,0,0,,7,,,,,,,Matches
3424,Iñaki Williams,gh GHA,"FW,MF",Athletic Club,es La Liga,28,1994,36,2836,79,82.9,31.5,34,82,15,2,25,0,1.33,38,35,+3,+0.10,-0.06,Matches
3425,Neco Williams,wls WAL,"DF,MF",Nottingham Forest,eng Premier League,21,2001,31,1882,61,55.0,20.9,20,85,15,11,16,2,0.94,18,41,-23,-1.10,-0.69,Matches
3426,Nico Williams,es ESP,MF,Athletic Club,es La Liga,20,2002,36,2656,74,77.7,29.5,32,79,9,4,30,0,1.42,43,31,+12,+0.41,+1.35,Matches
3427,Rhys Williams,eng ENG,DF,Liverpool,eng Premier League,21,2001,0,,,,,0,,0,0,,2,,,,,,,Matches
3428,Willian,br BRA,MF,Fulham,eng Premier League,33,1988,27,2126,79,62.2,23.6,25,82,6,2,38,0,1.63,39,22,+17,+0.72,+1.76,Matches
3429,Joe Willock,eng ENG,MF,Newcastle United,eng Premier League,22,1999,35,2558,73,74.8,28.4,31,79,8,4,28,0,1.97,56,26,+30,+1.06,+0.53,Matches
3430,Callum Wilson,eng ENG,FW,Newcastle United,eng Premier League,30,1992,31,1877,61,54.9,20.9,21,76,2,10,28,1,1.97,44,16,+28,+1.34,+0.93,Matches
3431,Harry Wilson,wls WAL,MF,Fulham,eng Premier League,25,1997,29,1100,38,32.2,12.2,13,69,1,16,13,1,1.31,21,15,+6,+0.49,+0.65,Matches
3432,Josh Wilson-Esbrand,eng ENG,DF,Manchester City,eng Premier League,19,2002,0,,,,,0,,0,0,,8,,,,,,,Matches
3433,Patrick Wimmer,at AUT,"MF,FW",Wolfsburg,de Bundesliga,21,2001,26,1648,63,53.9,18.3,23,69,1,3,21,0,1.58,34,26,+8,+0.44,+0.37,Matches
3434,Jonas Wind,dk DEN,FW,Wolfsburg,de Bundesliga,23,1999,24,1291,54,42.2,14.3,15,75,3,9,18,1,1.54,26,18,+8,+0.56,+0.51,Matches
3435,Harry Winks,eng ENG,MF,Sampdoria,it Serie A,26,1996,20,1716,86,50.2,19.1,19,89,15,1,29,1,0.50,16,36,-20,-1.05,+0.38,Matches
3436,Frederik Winther,dk DEN,DF,Augsburg,de Bundesliga,21,2001,1,90,90,2.9,1.0,1,90,1,0,,7,0.00,2,3,-1,-1.00,-0.39,Matches
3437,Florian Wirtz,de GER,"FW,MF",Leverkusen,de Bundesliga,19,2003,17,1090,64,35.6,12.1,11,82,5,6,31,0,1.53,22,15,+7,+0.58,+0.53,Matches
3438,Przemysław Wiśniewski,pl POL,DF,Spezia,it Serie A,24,1998,14,1003,72,29.3,11.1,11,90,11,3,4,5,0.73,9,20,-11,-0.99,-0.24,Matches
3439,Yoane Wissa,cd COD,FW,Brentford,eng Premier League,25,1996,38,1606,42,47.0,17.8,16,75,1,22,19,0,1.55,30,17,+13,+0.73,+0.78,Matches
3440,Axel Witsel,be BEL,"DF,MF",Atlético Madrid,es La Liga,33,1989,33,2258,68,66.0,25.1,25,86,21,8,14,4,2.03,59,27,+32,+1.28,+0.89,Matches
3441,Maximilian Wöber,at AUT,DF,Leeds United,eng Premier League,24,1998,16,1266,79,37.0,14.1,14,85,12,2,41,1,0.63,15,23,-8,-0.57,+0.35,Matches
3442,Hannes Wolf,at AUT,MF,Gladbach,de Bundesliga,23,1999,18,449,25,14.7,5.0,4,66,0,14,13,8,1.39,8,13,-5,-1.00,-1.07,Matches
3443,Marius Wolf,de GER,DF,Dortmund,de Bundesliga,27,1995,25,1570,63,51.3,17.4,17,82,11,8,21,2,2.32,48,20,+28,+1.61,+0.94,Matches
3444,Nick Woltemade,de GER,"FW,MF",Werder Bremen,de Bundesliga,20,2002,0,,,,,0,,0,0,,1,,,,,,,Matches
3445,Jeong Woo-yeong,kr KOR,"MF,FW",Freiburg,de Bundesliga,22,1999,26,653,25,21.3,7.3,4,66,0,22,18,8,1.88,12,12,0,0.00,-0.26,Matches
3446,Chris Wood,nz NZL,FW,Newcastle United,eng Premier League,30,1991,18,446,25,13.0,5.0,4,72,0,14,11,1,1.94,8,3,+5,+1.01,+0.10,Matches
3447,Chris Wood,nz NZL,FW,Nottingham Forest,eng Premier League,30,1991,7,372,53,10.9,4.1,5,71,0,2,9,0,0.86,3,6,-3,-0.73,+0.07,Matches
3448,Christopher Wooh,cm CMR,DF,Rennes,fr Ligue 1,20,2001,13,1006,77,29.4,11.2,12,83,10,1,6,11,2.00,20,12,+8,+0.72,-0.10,Matches
3449,Christopher Wooh,cm CMR,DF,Lens,fr Ligue 1,20,2001,1,4,4,0.1,0.0,0,,0,1,4,4,3.00,0,0,0,0.00,-1.03,Matches
3450,Joe Wormleighton,eng ENG,DF,Leicester City,eng Premier League,18,2003,0,,,,,0,,0,0,,1,,,,,,,Matches
3451,Joe Worrall,eng ENG,DF,Nottingham Forest,eng Premier League,25,1997,30,2224,74,65.0,24.7,21,89,20,9,40,8,1.10,26,44,-18,-0.73,+0.17,Matches
3452,James Wright,eng ENG,GK,Aston Villa,eng Premier League,17,2004,0,,,,,0,,0,0,,1,,,,,,,Matches
3453,Xeka,pt POR,MF,Rennes,fr Ligue 1,27,1994,8,552,69,16.1,6.1,6,85,4,2,23,0,2.38,11,6,+5,+0.82,+0.03,Matches
3454,Granit Xhaka,ch SUI,MF,Arsenal,eng Premier League,29,1992,37,2993,81,87.5,33.3,36,83,24,1,7,0,2.24,75,35,+40,+1.20,+0.15,Matches
3455,Lamine Yamal,es ESP,"FW,MF",Barcelona,es La Liga,15,2007,1,8,8,0.2,0.1,0,,0,1,8,3,3.00,0,0,0,0.00,-1.32,Matches
3456,Jawad El Yamiq,ma MAR,DF,Valladolid,es La Liga,30,1992,25,1608,64,47.0,17.9,19,79,13,6,19,5,1.08,15,34,-19,-1.06,-0.52,Matches
3457,Yehor Yarmoliuk,ua UKR,MF,Brentford,eng Premier League,18,2004,0,,,,,0,,0,0,,3,,,,,,,Matches
3458,Ryan Yates,eng ENG,MF,Nottingham Forest,eng Premier League,24,1997,26,1837,71,53.7,20.4,21,81,14,5,27,0,1.04,22,36,-14,-0.69,+0.22,Matches
3459,Yusuf Yazıcı,tr TUR,MF,Lille,fr Ligue 1,25,1997,4,200,50,5.8,2.2,3,64,0,1,7,1,1.50,5,7,-2,-0.90,-1.54,Matches
3460,Kelvin Yeboah,it ITA,FW,Augsburg,de Bundesliga,22,2000,13,353,27,11.5,3.9,3,53,0,10,19,2,1.23,2,2,0,0.00,+0.70,Matches
3461,Gerard Yepes,es ESP,MF,Sampdoria,it Serie A,19,2002,5,198,40,5.8,2.2,2,56,0,3,29,24,0.60,1,5,-4,-1.82,-0.62,Matches
3462,Darlin Yongwa,cm CMR,"MF,DF",Lorient,fr Ligue 1,21,2000,14,781,56,22.8,8.7,8,83,5,6,20,23,1.00,8,13,-5,-0.58,-0.71,Matches
3463,Leny Yoro,fr FRA,"DF,MF",Lille,fr Ligue 1,16,2005,13,769,59,22.5,8.5,8,85,6,5,18,19,2.23,21,12,+9,+1.05,+0.65,Matches
3464,Maya Yoshida,jp JPN,DF,Schalke 04,de Bundesliga,33,1988,29,2553,88,83.4,28.4,28,90,27,1,45,2,0.83,23,54,-31,-1.09,-0.21,Matches
3465,Ashley Young,eng ENG,DF,Aston Villa,eng Premier League,37,1985,29,2036,70,59.5,22.6,23,82,15,6,25,9,1.69,27,28,-1,-0.04,-0.43,Matches
3466,Kadan Young,eng ENG,MF,Aston Villa,eng Premier League,16,2006,0,,,,,0,,0,0,,5,,,,,,,Matches
3467,Mohamed Youssouf,km COM,DF,Ajaccio,fr Ligue 1,34,1988,30,2459,82,71.9,27.3,27,89,25,3,20,4,0.60,15,57,-42,-1.54,-0.69,Matches
3468,Illia Zabarnyi,ua UKR,DF,Bournemouth,eng Premier League,19,2002,5,299,60,8.7,3.3,3,90,3,2,15,6,0.60,0,5,-5,-1.51,-0.67,Matches
3469,Mattia Zaccagni,it ITA,FW,Lazio,it Serie A,27,1995,35,2770,79,81.0,30.8,33,82,17,2,31,0,1.94,50,23,+27,+0.88,+0.46,Matches
3470,Gioele Zacchi,it ITA,GK,Sassuolo,it Serie A,19,2003,0,,,,,0,,0,0,,6,,,,,,,Matches
3471,Dan-Axel Zagadou,fr FRA,DF,Stuttgart,de Bundesliga,23,1999,17,1271,75,41.5,14.1,14,86,11,3,20,5,1.06,18,26,-8,-0.57,-0.37,Matches
3472,Wilfried Zaha,ci CIV,"FW,MF",Crystal Palace,eng Premier League,29,1992,27,2288,85,66.9,25.4,27,85,21,0,,0,1.22,22,34,-12,-0.47,-0.71,Matches
3473,Warren Zaïre-Emery,fr FRA,MF,Paris Saint-Germain,fr Ligue 1,16,2006,26,929,36,27.2,10.3,8,87,5,18,13,9,2.04,19,17,+2,+0.19,-1.50,Matches
3474,Denis Zakaria,ch SUI,MF,Chelsea,eng Premier League,25,1996,7,411,59,12.0,4.6,5,72,1,2,26,9,1.00,5,5,0,0.00,+0.27,Matches
3475,Denis Zakaria,ch SUI,MF,Juventus,it Serie A,25,1996,2,123,62,3.6,1.4,1,90,1,1,33,2,2.00,3,1,+2,+1.46,+0.89,Matches
3476,Rodrigo Zalazar,uy URU,"MF,FW",Schalke 04,de Bundesliga,22,1999,22,1321,60,43.2,14.7,15,74,2,7,29,3,1.09,18,22,-4,-0.27,+1.38,Matches
3477,Joseba Zaldúa,es ESP,DF,Cádiz,es La Liga,30,1992,10,639,64,18.7,7.1,7,84,5,3,17,0,0.70,3,17,-14,-1.97,-1.68,Matches
3478,Nicola Zalewski,pl POL,"MF,DF",Roma,it Serie A,20,2002,33,2197,67,64.2,24.4,26,78,10,7,23,3,1.61,29,24,+5,+0.20,-0.31,Matches
3479,Andre-Frank Zambo Anguissa,cm CMR,MF,Napoli,it Serie A,26,1995,36,3050,85,89.2,33.9,36,85,24,0,,0,2.33,69,26,+43,+1.27,-0.19,Matches
3480,Oliver Zandén,se SWE,MF,Toulouse,fr Ligue 1,20,2001,5,146,29,4.3,1.6,1,62,0,4,21,8,1.20,0,5,-5,-3.08,-3.05,Matches
3481,Luca Zanimacchia,it ITA,MF,Cremonese,it Serie A,24,1998,15,746,50,21.8,8.3,9,65,1,6,26,4,0.33,9,17,-8,-0.97,-0.12,Matches
3482,Nicolò Zaniolo,it ITA,"MF,FW",Roma,it Serie A,23,1999,13,890,68,26.0,9.9,12,72,4,1,23,1,1.85,7,8,-1,-0.10,-0.56,Matches
3483,Alessandro Zanoli,it ITA,"MF,DF",Sampdoria,it Serie A,21,2000,22,1540,70,45.0,17.1,16,86,12,6,28,0,0.45,13,34,-21,-1.23,+0.02,Matches
3484,Alessandro Zanoli,it ITA,MF,Napoli,it Serie A,21,2000,1,12,12,0.4,0.1,0,,0,1,12,15,3.00,0,0,0,0.00,-1.29,Matches
3485,Mattia Zanotti,it ITA,"DF,MF",Inter,it Serie A,19,2003,2,27,14,0.8,0.3,0,,0,2,14,25,3.00,1,0,+1,+3.33,+2.59,Matches
3486,Duván Zapata,co COL,FW,Atalanta,it Serie A,31,1991,25,1390,56,40.6,15.4,16,73,5,9,25,0,1.68,18,20,-2,-0.13,-1.02,Matches
3487,Davide Zappacosta,it ITA,MF,Atalanta,it Serie A,30,1992,21,1471,70,43.0,16.3,18,76,9,3,34,1,1.81,34,22,+12,+0.73,+0.46,Matches
3488,Oier Zarraga,es ESP,MF,Athletic Club,es La Liga,23,1999,26,852,33,24.9,9.5,6,69,0,20,22,11,1.23,3,12,-9,-0.95,-1.41,Matches
3489,Akim Zedadka,dz ALG,"MF,DF",Auxerre,fr Ligue 1,27,1995,20,1599,80,46.8,17.8,19,84,15,1,6,1,0.95,18,24,-6,-0.34,+0.75,Matches
3490,Akim Zedadka,dz ALG,"DF,MF",Lille,fr Ligue 1,27,1995,8,354,44,10.4,3.9,4,78,2,4,11,7,1.63,9,6,+3,+0.76,+0.23,Matches
3491,Karim Zedadka,fr FRA,MF,Napoli,it Serie A,22,2000,3,20,7,0.6,0.2,0,,0,3,7,28,0.67,0,1,-1,-4.50,-5.82,Matches
3492,Deyovaisio Zeefuik,nl NED,"DF,MF",Hellas Verona,it Serie A,24,1998,1,10,10,0.3,0.1,0,,0,1,10,14,0.00,0,1,-1,-9.00,-8.29,Matches
3493,Deyovaisio Zeefuik,nl NED,"DF,MF",Hertha BSC,de Bundesliga,24,1998,0,,,,,0,,0,0,,1,,,,,,,Matches
3494,Marvin Zeegelaar,nl NED,"MF,DF",Udinese,it Serie A,31,1990,7,353,50,10.3,3.9,4,78,1,3,13,5,1.00,4,6,-2,-0.51,-0.54,Matches
3495,Mehdi Zeffane,dz ALG,"MF,DF",Clermont Foot,fr Ligue 1,30,1992,18,658,37,19.2,7.3,7,71,0,11,15,2,2.00,12,6,+6,+0.82,+1.15,Matches
3496,Aaron Zehnter,de GER,MF,Augsburg,de Bundesliga,17,2004,1,1,1,0.0,0.0,0,,0,1,1,6,3.00,0,0,0,0.00,+0.62,Matches
3497,Jordan Zemura,zw ZIM,"DF,MF",Bournemouth,eng Premier League,22,1999,19,1454,77,42.5,16.2,17,83,12,2,23,5,0.95,14,31,-17,-1.05,-0.27,Matches
3498,Arber Zeneli,xk KVX,"MF,FW",Reims,fr Ligue 1,27,1995,23,1000,43,29.2,11.1,12,64,0,11,21,14,1.48,12,7,+5,+0.45,+0.64,Matches
3499,Robin Zentner,de GER,GK,Mainz 05,de Bundesliga,27,1994,26,2340,90,76.5,26.0,26,90,26,0,,1,1.35,37,39,-2,-0.08,-0.20,Matches
3500,Alessio Zerbin,it ITA,"MF,FW",Napoli,it Serie A,23,1999,10,198,20,5.8,2.2,2,62,0,8,9,28,2.50,5,3,+2,+0.91,-0.40,Matches
3501,Michael Zetterer,de GER,GK,Werder Bremen,de Bundesliga,27,1995,2,152,76,5.0,1.7,1,90,1,1,62,32,0.50,2,3,-1,-0.59,-0.22,Matches
3502,Nathan Zeze,fr FRA,DF,Nantes,fr Ligue 1,17,2005,1,59,59,1.7,0.7,1,59,0,0,,2,3.00,1,0,+1,+1.53,+2.03,Matches
3503,Edon Zhegrova,xk KVX,MF,Lille,fr Ligue 1,23,1999,22,1056,48,30.9,11.7,11,72,3,11,24,8,2.00,27,10,+17,+1.45,+1.30,Matches
3504,Piotr Zieliński,pl POL,MF,Napoli,it Serie A,28,1994,37,2287,62,66.9,25.4,27,73,3,10,31,1,2.35,57,21,+36,+1.42,+0.38,Matches
3505,David Zima,cz CZE,DF,Torino,it Serie A,21,2000,9,406,45,11.9,4.5,4,83,3,5,15,10,1.56,6,5,+1,+0.22,+0.22,Matches
3506,Oleksandr Zinchenko,ua UKR,DF,Arsenal,eng Premier League,25,1996,27,2118,78,61.9,23.5,26,81,8,1,18,0,2.26,53,28,+25,+1.06,-0.32,Matches
3507,Joshua Zirkzee,nl NED,FW,Bayern Munich,de Bundesliga,21,2001,0,,,,,0,,0,0,,1,,,,,,,Matches
3508,Joshua Zirkzee,nl NED,FW,Bologna,it Serie A,21,2001,19,822,43,24.0,9.1,5,87,4,14,28,10,1.21,17,11,+6,+0.66,+0.73,Matches
3509,Hakim Ziyech,ma MAR,"MF,FW",Chelsea,eng Premier League,29,1993,18,661,37,19.3,7.3,6,76,2,12,17,13,0.78,6,7,-1,-0.14,+0.12,Matches
3510,Jeroen Zoet,nl NED,GK,Spezia,it Serie A,31,1991,5,334,67,9.8,3.7,4,72,3,1,48,24,1.20,6,4,+2,+0.54,+1.50,Matches
3511,Simon Zoller,de GER,"FW,MF",Bochum,de Bundesliga,31,1991,27,1457,54,47.6,16.2,19,72,4,8,12,2,0.96,17,39,-22,-1.36,-0.80,Matches
3512,Nadir Zortea,it ITA,MF,Atalanta,it Serie A,23,1999,9,222,25,6.5,2.5,1,79,0,8,18,10,2.22,6,3,+3,+1.22,+0.79,Matches
3513,Nadir Zortea,it ITA,DF,Sassuolo,it Serie A,23,1999,10,657,66,19.2,7.3,7,87,6,3,15,6,1.40,10,11,-1,-0.14,+0.29,Matches
3514,Federico Zorzi,it ITA,GK,Sampdoria,it Serie A,18,2004,0,,,,,0,,0,0,,3,,,,,,,Matches
3515,Tanguy Zoukrou,fr FRA,DF,Troyes,fr Ligue 1,19,2003,8,511,64,14.9,5.7,5,88,4,3,24,18,0.38,5,13,-8,-1.41,-0.54,Matches
3516,Kurt Zouma,fr FRA,DF,West Ham United,eng Premier League,27,1994,25,1989,80,58.2,22.1,24,82,21,1,22,3,1.20,26,28,-2,-0.09,+0.60,Matches
3517,Petar Zovko,ba BIH,GK,Spezia,it Serie A,20,2002,1,74,74,2.2,0.8,0,,0,1,74,27,1.00,1,2,-1,-1.22,-0.41,Matches
3518,Igor Zubeldia,es ESP,DF,Real Sociedad,es La Liga,25,1997,31,2542,82,74.3,28.2,29,86,24,2,24,4,1.77,35,26,+9,+0.32,-0.40,Matches
3519,Andoni Zubiaurre,es ESP,GK,Real Sociedad,es La Liga,25,1996,0,,,,,0,,0,0,,37,,,,,,,Matches
3520,Martín Zubimendi,es ESP,MF,Real Sociedad,es La Liga,23,1999,36,3101,86,90.7,34.5,35,88,33,1,26,0,1.81,45,34,+11,+0.32,-1.09,Matches
3521,Edhy Zuliani,fr FRA,MF,Toulouse,fr Ligue 1,17,2004,0,,,,,0,,0,0,,1,,,,,,,Matches
3522,Szymon Żurkowski,pl POL,MF,Spezia,it Serie A,24,1997,10,427,43,12.5,4.7,3,74,1,7,29,2,1.18,5,6,-1,-0.21,+0.69,Matches
3523,Szymon Żurkowski,pl POL,MF,Fiorentina,it Serie A,24,1997,2,32,16,0.9,0.4,0,,0,2,16,8,2.00,1,0,+1,+2.81,+2.57,Matches
3524,Oliwier Zych,pl POL,GK,Aston Villa,eng Premier League,18,2004,0,,,,,0,,0,0,,2,,,,,,,Matches
3525,Martin Ødegaard,no NOR,MF,Arsenal,eng Premier League,23,1998,37,3127,85,91.4,34.7,37,85,14,0,,0,2.19,81,38,+43,+1.24,+0.62,Matches
3526,Milan Đurić,ba BIH,FW,Hellas Verona,it Serie A,32,1990,28,1366,49,39.9,15.2,14,77,6,14,21,4,0.86,15,23,-8,-0.53,+0.35,Matches
3527,Filip Đuričić,rs SRB,MF,Sampdoria,it Serie A,30,1992,32,2171,68,63.5,24.1,27,74,6,5,33,1,0.44,16,47,-31,-1.29,-0.13,Matches
