Rk,Player,Nation,Pos,Squad,Comp,Age,Born,Playing Time_MP,Playing Time_Min,Playing Time_Mn/MP,Playing Time_Min%,Playing Time_90s,Starts_Starts,Starts_Mn/Start,Starts_Compl,Subs_Subs,Subs_Mn/Sub,Subs_unSub,Team Success_PPM,Team Success_onG,Team Success_onGA,Team Success_+/-,Team Success_+/-90,Team Success_On-Off,Matches
1,Max Aarons,eng ENG,DF,Bournemouth,eng Premier League,23,2000,20,1237,62,36.2,13.7,13,85,9,7,19,5,0.80,12,35,-23,-1.67,-2.09,Matches
2,Brenden Aaronson,us USA,"MF,FW",Union Berlin,de Bundesliga,22,2000,30,1267,42,41.4,14.1,14,68,2,16,20,2,1.07,17,23,-6,-0.43,+0.53,Matches
3,Paxten Aaronson,us USA,MF,Eintracht Frankfurt,de Bundesliga,19,2003,7,101,14,3.3,1.1,1,45,0,6,9,7,0.86,2,2,0,0.00,-0.03,Matches
4,James Abankwah,ie IRL,DF,Udinese,it Serie A,19,2004,0,,,,,0,,0,0,,6,,,,,,,Matches
5,Keyliane Abdallah,fr FRA,FW,Marseille,fr Ligue 1,17,2006,1,4,4,0.1,0.0,0,,0,1,4,1,1.00,1,0,+1,+22.50,+22.21,Matches
6,Yunis Abdelhamid,ma MAR,DF,Reims,fr Ligue 1,35,1987,31,2781,90,90.9,30.9,31,90,30,0,,0,1.29,37,46,-9,-0.29,-1.58,Matches
7,Salis Abdul Samed,gh GHA,MF,Lens,fr Ligue 1,23,2000,27,1519,56,49.6,16.9,17,81,11,10,15,4,1.74,20,18,+2,+0.12,-0.23,Matches
8,Adam Abeddou,fr FRA,MF,Lens,fr Ligue 1,26,1996,0,,,,,0,,0,0,,1,,,,,,,Matches
9,Nabil Aberdin,fr FRA,DF,Getafe,es La Liga,20,2002,2,180,90,5.3,2.0,2,90,2,0,,3,0.00,1,3,-2,-1.00,-0.72,Matches
10,Laurent Abergel,fr FRA,MF,Lorient,fr Ligue 1,30,1993,33,2860,87,93.5,31.8,32,89,29,1,23,0,0.88,41,59,-18,-0.57,+1.68,Matches
11,Matthis Abline,fr FRA,"FW,MF",Rennes,fr Ligue 1,20,2003,0,,,,,0,,0,0,,1,,,,,,,Matches
12,Matthis Abline,fr FRA,"FW,MF",Nantes,fr Ligue 1,20,2003,22,1044,47,34.1,11.6,12,72,1,10,18,5,0.95,11,17,-6,-0.52,+0.33,Matches
13,Abner,br BRA,DF,Real Betis,es La Liga,23,2000,23,1400,61,40.9,15.6,15,82,12,8,22,10,1.61,20,20,0,0.00,-0.13,Matches
14,Zakaria Aboukhlal,ma MAR,"FW,MF",Toulouse,fr Ligue 1,23,2000,13,754,58,24.6,8.4,9,74,1,4,21,0,1.54,11,10,+1,+0.12,+0.31,Matches
15,Abdel Abqar,ma MAR,DF,Alavés,es La Liga,24,1999,27,2312,86,67.6,25.7,27,86,23,0,,4,1.07,21,30,-9,-0.35,-0.27,Matches
16,Tammy Abraham,eng ENG,FW,Roma,it Serie A,25,1997,8,242,30,7.1,2.7,2,60,0,6,20,1,1.38,4,4,0,0.00,-0.54,Matches
17,Vicent Abril,es ESP,GK,Valencia,es La Liga,18,2005,0,,,,,0,,0,0,,5,,,,,,,Matches
18,Salim Abubakar,ne NIG,MF,Sassuolo,it Serie A,20,2003,0,,,,,0,,0,0,,1,,,,,,,Matches
19,Francesco Acerbi,it ITA,DF,Inter,it Serie A,35,1988,29,2388,82,69.8,26.5,26,89,25,3,25,2,2.41,55,19,+36,+1.36,-1.35,Matches
20,Joshua Acheampong,eng ENG,DF,Chelsea,eng Premier League,17,2006,1,6,6,0.2,0.1,0,,0,1,6,3,3.00,0,0,0,0.00,-0.37,Matches
21,Mohamed Achi,fr FRA,MF,Nantes,fr Ligue 1,21,2002,0,,,,,0,,0,0,,1,,,,,,,Matches
22,Marcos Acuña,ar ARG,"DF,MF",Sevilla,es La Liga,31,1991,21,1292,62,37.8,14.4,18,69,5,3,19,2,1.14,20,21,-1,-0.07,+0.14,Matches
23,Marius Adamonis,lt LTU,GK,Lazio,it Serie A,26,1997,0,,,,,0,,0,0,,2,,,,,,,Matches
24,Akor Adams,ng NGA,FW,Montpellier,fr Ligue 1,23,2000,32,2252,70,73.6,25.0,27,80,10,5,21,1,1.22,29,32,-3,-0.12,+0.10,Matches
25,Tyler Adams,us USA,MF,Bournemouth,eng Premier League,24,1999,3,121,40,3.5,1.3,1,90,1,2,16,2,2.00,4,3,+1,+0.74,+1.13,Matches
26,Junior Adamu,at AUT,FW,Freiburg,de Bundesliga,22,2001,15,105,7,3.4,1.2,0,,0,15,7,13,1.47,0,4,-4,-3.43,-3.15,Matches
27,Sargis Adamyan,am ARM,"FW,MF",Köln,de Bundesliga,30,1993,20,801,40,26.2,8.9,8,73,1,12,18,5,0.80,9,21,-12,-1.35,-0.55,Matches
28,Tosin Adarabioyo,eng ENG,DF,Fulham,eng Premier League,25,1997,20,1617,81,47.3,18.0,18,90,17,2,2,2,1.40,28,25,+3,+0.17,+0.62,Matches
29,Tayo Adaramola,ie IRL,"DF,MF",Crystal Palace,eng Premier League,19,2003,0,,,,,0,,0,0,,2,,,,,,,Matches
30,Elijah Adebayo,eng ENG,FW,Luton Town,eng Premier League,25,1998,27,1419,53,41.5,15.8,16,77,5,11,16,0,0.78,30,35,-5,-0.32,+0.94,Matches
31,Val Adedokun,ie IRL,FW,Brentford,eng Premier League,20,2003,0,,,,,0,,0,0,,5,,,,,,,Matches
32,Karim Adeyemi,de GER,"FW,MF",Dortmund,de Bundesliga,21,2002,21,913,43,29.8,10.1,10,64,1,11,25,3,1.76,19,16,+3,+0.30,-0.63,Matches
33,Simon Adingra,ci CIV,MF,Brighton,eng Premier League,21,2002,31,2222,72,65.0,24.7,25,83,10,6,26,1,1.19,34,38,-4,-0.16,+0.06,Matches
34,Nathaniel Adjei,gh GHA,DF,Lorient,fr Ligue 1,20,2002,15,1243,83,40.6,13.8,14,88,13,1,12,0,0.93,15,27,-12,-0.87,-0.32,Matches
35,Amine Adli,ma MAR,"MF,FW",Leverkusen,de Bundesliga,23,2000,23,898,39,29.3,10.0,8,71,1,15,22,4,2.65,28,9,+19,+1.90,-0.01,Matches
36,Yacine Adli,fr FRA,MF,Milan,it Serie A,23,2000,24,1407,59,41.1,15.6,17,74,6,7,21,14,1.88,25,22,+3,+0.19,-0.88,Matches
37,Adrián,es ESP,GK,Liverpool,eng Premier League,36,1987,0,,,,,0,,0,0,,15,,,,,,,Matches
38,Adryelson,br BRA,DF,Lyon,fr Ligue 1,25,1998,2,6,3,0.2,0.1,0,,0,2,3,12,1.50,0,0,0,0.00,+0.18,Matches
39,Adson,br BRA,MF,Nantes,fr Ligue 1,22,2000,8,238,30,7.8,2.6,2,61,0,6,20,0,1.00,2,6,-4,-1.51,-0.84,Matches
40,Michel Aebischer,ch SUI,MF,Bologna,it Serie A,26,1997,36,2230,62,65.2,24.8,26,79,13,10,17,1,1.81,29,20,+9,+0.36,-0.62,Matches
41,Loïc Affamah,fr FRA,FW,Nantes,fr Ligue 1,21,2002,0,,,,,0,,0,0,,1,,,,,,,Matches
42,Emmanuel Agbadou,ci CIV,DF,Reims,fr Ligue 1,26,1997,32,2596,81,84.8,28.8,29,89,27,3,8,1,1.47,36,39,-3,-0.10,+0.28,Matches
43,Julen Agirrezabala,es ESP,GK,Athletic Club,es La Liga,22,2000,4,238,60,7.0,2.6,2,90,2,2,29,34,1.50,3,4,-1,-0.38,-1.09,Matches
44,Lucien Agoume,fr FRA,MF,Sevilla,es La Liga,21,2002,12,777,65,22.7,8.6,9,79,5,3,22,1,1.42,11,12,-1,-0.12,+0.05,Matches
45,Lucien Agoume,fr FRA,MF,Inter,it Serie A,21,2002,1,5,5,0.1,0.1,0,,0,1,5,16,3.00,1,0,+1,+18.00,+16.26,Matches
46,Felix Agu,ng NGA,MF,Werder Bremen,de Bundesliga,23,1999,24,1614,67,52.7,17.9,19,81,4,5,14,5,1.42,21,23,-2,-0.11,+0.14,Matches
47,Nayef Aguerd,ma MAR,DF,West Ham United,eng Premier League,27,1996,21,1857,88,54.3,20.6,21,88,19,0,,4,1.19,26,44,-18,-0.87,-1.10,Matches
48,Ruben Aguilar,fr FRA,"MF,DF",Lens,fr Ligue 1,30,1993,25,1922,77,62.8,21.4,22,86,16,3,13,3,1.80,33,19,+14,+0.66,+1.13,Matches
49,Ruben Aguilar,fr FRA,"DF,MF",Monaco,fr Ligue 1,30,1993,0,,,,,0,,0,0,,2,,,,,,,Matches
50,Brandon Aguilera,cr CRC,MF,Nottingham Forest,eng Premier League,20,2003,1,5,5,0.1,0.1,0,,0,1,5,3,0.00,0,0,0,0.00,+0.47,Matches
51,Naouirou Ahamada,fr FRA,MF,Crystal Palace,eng Premier League,21,2002,20,349,17,10.2,3.9,0,,0,20,17,14,0.85,13,14,-1,-0.26,-0.26,Matches
52,Anel Ahmedhodžić,ba BIH,DF,Sheffield United,eng Premier League,24,1999,31,2649,85,77.5,29.4,29,89,27,2,34,0,0.35,28,89,-61,-2.07,-1.14,Matches
53,Jean-Eudes Aholou,ci CIV,MF,Strasbourg,fr Ligue 1,29,1994,0,,,,,0,,0,0,,6,,,,,,,Matches
54,Joseph Aidoo,gh GHA,DF,Celta Vigo,es La Liga,27,1995,6,407,68,11.9,4.5,4,90,4,2,24,3,0.83,3,6,-3,-0.66,-0.42,Matches
55,Ola Aina,ng NGA,"DF,MF",Nottingham Forest,eng Premier League,26,1996,22,1692,77,49.5,18.8,20,84,9,2,5,3,1.00,27,39,-12,-0.64,-0.33,Matches
56,Rayan Aït-Nouri,dz ALG,"MF,DF",Wolves,eng Premier League,22,2001,33,2329,71,68.1,25.9,29,76,10,4,30,0,1.21,36,43,-7,-0.27,+0.39,Matches
57,Tosin Aiyegun,bj BEN,"MF,FW",Lorient,fr Ligue 1,25,1998,19,902,47,29.5,10.0,10,73,2,9,20,3,0.79,15,25,-10,-1.00,-0.46,Matches
58,Junior Ajayi,ci CIV,FW,Hellas Verona,it Serie A,18,2004,0,,,,,0,,0,0,,2,,,,,,,Matches
59,Kristoffer Ajer,no NOR,DF,Brentford,eng Premier League,25,1998,28,1832,65,53.6,20.4,21,84,13,7,11,1,1.14,28,33,-5,-0.25,-0.02,Matches
60,Ludovic Ajorque,fr FRA,FW,Mainz 05,de Bundesliga,29,1994,26,1360,52,44.4,15.1,15,80,9,11,14,6,1.04,13,26,-13,-0.86,-0.91,Matches
61,Manuel Akanji,ch SUI,"DF,MF",Manchester City,eng Premier League,28,1995,30,2511,84,73.4,27.9,28,88,25,2,23,4,2.40,72,23,+49,+1.76,+0.47,Matches
62,Marley Aké,fr FRA,"FW,MF",Udinese,it Serie A,22,2001,1,10,10,0.3,0.1,0,,0,1,10,14,1.00,0,0,0,0.00,+0.42,Matches
63,Nathan Aké,nl NED,DF,Manchester City,eng Premier League,28,1995,29,2042,70,59.7,22.7,24,83,19,5,12,6,2.38,55,20,+35,+1.54,-0.22,Matches
64,Ilias Akhomach,ma MAR,MF,Villarreal,es La Liga,19,2004,31,1511,49,44.2,16.8,17,70,2,14,23,6,1.45,26,33,-7,-0.42,-0.75,Matches
65,Sergio Akieme,es ESP,"DF,MF",Almería,es La Liga,25,1997,19,1675,88,49.0,18.6,19,88,18,0,,1,0.32,17,36,-19,-1.02,-0.35,Matches
66,Sergio Akieme,es ESP,"DF,MF",Reims,fr Ligue 1,25,1997,13,818,63,26.7,9.1,8,82,3,5,33,2,1.08,10,7,+3,+0.33,+0.65,Matches
67,Ebenezer Akinsanmiro,ng NGA,MF,Inter,it Serie A,18,2004,1,15,15,0.4,0.2,0,,0,1,15,4,3.00,0,0,0,0.00,-1.77,Matches
68,Maghnes Akliouche,fr FRA,MF,Monaco,fr Ligue 1,21,2002,28,1613,58,52.7,17.9,18,78,3,10,20,3,1.93,32,17,+15,+0.84,+0.15,Matches
69,Paul Akouokou,ci CIV,MF,Lyon,fr Ligue 1,25,1997,8,307,38,10.0,3.4,4,56,0,4,21,7,0.88,1,5,-4,-1.17,-1.11,Matches
70,Paul Akouokou,ci CIV,MF,Real Betis,es La Liga,25,1997,2,27,14,0.8,0.3,0,,0,2,14,1,1.50,1,1,0,0.00,-0.08,Matches
71,Jean-Daniel Akpa-Akpro,ci CIV,"MF,DF",Monza,it Serie A,30,1992,19,705,37,20.6,7.8,8,67,1,11,15,15,1.37,9,10,-1,-0.13,+0.24,Matches
72,David Akpan Ankeye,ng NGA,FW,Genoa,it Serie A,21,2002,6,57,10,1.7,0.6,0,,0,6,10,6,1.33,0,0,0,0.00,0.00,Matches
73,Kevin Akpoguma,ng NGA,DF,Hoffenheim,de Bundesliga,28,1995,17,1097,65,35.8,12.2,11,86,9,6,26,11,1.35,26,21,+5,+0.41,+0.64,Matches
74,David Alaba,at AUT,DF,Real Madrid,es La Liga,31,1992,14,1154,82,33.7,12.8,14,82,12,0,,1,2.36,23,10,+13,+1.01,-0.89,Matches
75,Sofiane Alakouch,ma MAR,"DF,MF",Metz,fr Ligue 1,25,1998,0,,,,,0,,0,0,,1,,,,,,,Matches
76,Luis Alberto,es ESP,MF,Lazio,it Serie A,30,1992,33,2311,70,67.6,25.7,29,77,13,4,18,1,1.55,32,26,+6,+0.23,-0.09,Matches
77,Raúl Albiol,es ESP,DF,Villarreal,es La Liga,37,1985,26,2031,78,59.4,22.6,24,82,18,2,35,4,1.15,34,36,-2,-0.09,-0.22,Matches
78,Thiago Alcántara,es ESP,MF,Liverpool,eng Premier League,32,1991,1,6,6,0.2,0.1,0,,0,1,6,0,0.00,0,1,-1,-15.00,-16.21,Matches
79,Carlos Alcaraz,ar ARG,MF,Juventus,it Serie A,20,2002,10,380,38,11.1,4.2,3,75,1,7,22,3,1.40,8,5,+3,+0.71,+0.12,Matches
80,Rubén Alcaraz,es ESP,MF,Cádiz,es La Liga,32,1991,36,3134,87,91.6,34.8,36,87,29,0,,0,0.89,26,49,-23,-0.66,+1.23,Matches
81,Omar Alderete,py PAR,DF,Getafe,es La Liga,26,1996,31,2195,71,64.2,24.4,24,84,20,7,27,3,1.06,26,34,-8,-0.33,-0.03,Matches
82,Iván Alejo,es ESP,MF,Cádiz,es La Liga,28,1995,30,1692,56,49.5,18.8,21,71,3,9,22,5,1.00,14,26,-12,-0.64,+0.25,Matches
83,Carles Aleñá,es ESP,MF,Getafe,es La Liga,25,1998,29,1020,35,29.8,11.3,10,58,0,19,23,5,1.10,12,22,-10,-0.88,-0.81,Matches
84,Filippo Alessio,it ITA,FW,Roma,it Serie A,18,2004,0,,,,,0,,0,0,,1,,,,,,,Matches
85,Trent Alexander-Arnold,eng ENG,DF,Liverpool,eng Premier League,24,1998,28,2155,77,63.0,23.9,25,83,14,3,28,0,2.00,53,28,+25,+1.04,-0.38,Matches
86,Aboubacar Ali,km COM,FW,Strasbourg,fr Ligue 1,17,2006,9,130,14,4.2,1.4,1,59,0,8,9,2,1.33,1,4,-3,-2.08,-1.80,Matches
87,Mohamed Ali Cho,fr FRA,FW,Nice,fr Ligue 1,19,2004,17,861,51,28.1,9.6,11,67,0,6,20,0,1.18,11,8,+3,+0.31,-0.01,Matches
88,Mohamed Ali Cho,fr FRA,FW,Real Sociedad,es La Liga,19,2004,11,249,23,7.3,2.8,1,90,1,10,16,6,1.73,5,7,-2,-0.72,-1.12,Matches
89,Faride Alidou,de GER,"MF,FW",Köln,de Bundesliga,22,2001,26,1282,49,41.9,14.2,14,69,0,12,27,2,0.85,12,27,-15,-1.05,-0.19,Matches
90,Nabil Alioui,fr FRA,"MF,FW",Le Havre,fr Ligue 1,24,1999,18,1009,56,33.0,11.2,12,71,0,6,26,1,1.11,10,14,-4,-0.36,-0.05,Matches
91,Alisson,br BRA,GK,Liverpool,eng Premier League,30,1992,28,2520,90,73.7,28.0,28,90,28,0,,0,2.00,60,30,+30,+1.07,-0.43,Matches
92,Tadeo Allende,ar ARG,MF,Celta Vigo,es La Liga,24,1999,10,336,34,9.8,3.7,2,66,0,8,26,5,0.80,7,8,-1,-0.27,+0.02,Matches
93,Jim Allevinah,ga GAB,MF,Clermont Foot,fr Ligue 1,28,1995,29,1861,64,60.8,20.7,22,76,5,7,27,1,0.72,17,32,-15,-0.73,+0.70,Matches
94,Téo Allix,fr FRA,DF,Montpellier,fr Ligue 1,19,2004,0,,,,,0,,0,0,,8,,,,,,,Matches
95,Pasquale Allocca,it ITA,GK,Salernitana,it Serie A,18,2005,0,,,,,0,,0,0,,12,,,,,,,Matches
96,Domingos André Ribeiro Almeida,pt POR,"FW,MF",Valencia,es La Liga,23,2000,18,965,54,28.2,10.7,12,67,2,6,26,3,1.00,15,11,+4,+0.37,+0.70,Matches
97,Iker Almena,es ESP,MF,Girona,es La Liga,19,2004,0,,,,,0,,0,0,,5,,,,,,,Matches
98,Miguel Almirón,py PAR,FW,Newcastle United,eng Premier League,29,1994,33,1937,59,56.6,21.5,23,74,5,10,23,0,1.52,39,40,-1,-0.05,-1.50,Matches
99,Nando Almodóvar,es ESP,GK,Cádiz,es La Liga,19,2003,0,,,,,0,,0,0,,1,,,,,,,Matches
100,Pontus Almqvist,se SWE,"FW,MF",Lecce,it Serie A,24,1999,30,2107,70,61.6,23.4,25,79,12,5,24,1,0.97,20,32,-12,-0.51,+0.17,Matches
101,Marcos Alonso,es ESP,DF,Barcelona,es La Liga,32,1990,5,252,50,7.4,2.8,3,75,2,2,14,16,3.00,7,4,+3,+1.07,+0.16,Matches
102,Adrià Altimira,es ESP,"DF,MF",Villarreal,es La Liga,22,2001,11,775,70,22.7,8.6,10,74,4,1,37,7,1.00,11,22,-11,-1.28,-1.65,Matches
103,Sergi Altimira,es ESP,MF,Real Betis,es La Liga,21,2001,14,568,41,16.6,6.3,6,72,2,8,17,21,1.43,6,11,-5,-0.79,-1.04,Matches
104,Agustín Álvarez,uy URU,FW,Sassuolo,it Serie A,22,2001,0,,,,,0,,0,0,,3,,,,,,,Matches
105,Edson Álvarez,mx MEX,MF,West Ham United,eng Premier League,25,1997,31,2377,77,69.5,26.4,28,82,18,3,25,1,1.48,39,45,-6,-0.23,+0.46,Matches
106,Gastón Álvarez,uy URU,DF,Getafe,es La Liga,23,2000,34,2537,75,74.2,28.2,29,85,24,5,12,2,1.15,23,40,-17,-0.60,-1.11,Matches
107,Hugo Álvarez,es ESP,"MF,FW",Celta Vigo,es La Liga,20,2003,12,762,64,22.3,8.5,8,85,4,4,21,3,1.83,12,10,+2,+0.24,+0.68,Matches
108,Iker Álvarez,ad AND,GK,Villarreal,es La Liga,22,2001,0,,,,,0,,0,0,,7,,,,,,,Matches
109,Julián Álvarez,ar ARG,"MF,FW",Manchester City,eng Premier League,23,2000,36,2647,74,77.4,29.4,31,83,15,5,13,2,2.42,76,24,+52,+1.77,+0.60,Matches
110,Yeray Álvarez,es ESP,DF,Athletic Club,es La Liga,28,1995,19,1152,61,33.7,12.8,14,72,8,5,30,3,1.84,18,12,+6,+0.47,-0.25,Matches
111,Skelly Alvero,fr FRA,MF,Werder Bremen,de Bundesliga,21,2002,6,123,21,4.0,1.4,1,78,0,5,9,3,0.50,1,1,0,0.00,+0.18,Matches
112,Skelly Alvero,fr FRA,MF,Lyon,fr Ligue 1,21,2002,8,426,53,13.9,4.7,6,65,2,2,18,1,0.75,5,9,-4,-0.85,-0.78,Matches
113,Steven Alzate,co COL,MF,Brighton,eng Premier League,24,1998,0,,,,,0,,0,0,,1,,,,,,,Matches
114,Papa Amadou Diallo,sn SEN,"MF,FW",Metz,fr Ligue 1,19,2004,16,889,56,29.1,9.9,9,78,2,7,26,8,0.81,13,15,-2,-0.20,+0.67,Matches
115,Selim Amallah,ma MAR,"MF,FW",Valencia,es La Liga,26,1996,20,604,30,17.7,6.7,7,62,1,13,13,7,1.45,4,6,-2,-0.30,-0.20,Matches
116,Harry Amass,eng ENG,MF,Manchester Utd,eng Premier League,16,2007,0,,,,,0,,0,0,,6,,,,,,,Matches
117,Amath,sn SEN,"FW,MF",Mallorca,es La Liga,27,1996,15,394,26,11.5,4.4,3,63,0,12,17,7,0.87,3,4,-1,-0.23,+0.07,Matches
118,Lorenzo Amatucci,it ITA,MF,Fiorentina,it Serie A,19,2004,2,22,11,0.6,0.2,0,,0,2,11,15,1.50,0,0,0,0.00,-0.40,Matches
119,Jordan Amavi,fr FRA,DF,Brest,fr Ligue 1,29,1994,2,91,46,3.0,1.0,1,90,1,1,1,12,2.00,3,0,+3,+2.97,+2.48,Matches
120,Zeki Amdouni,ch SUI,FW,Burnley,eng Premier League,22,2000,34,1953,57,57.1,21.7,27,69,2,7,14,4,0.62,20,41,-21,-0.97,+0.01,Matches
121,Kelvin Amian,fr FRA,DF,Nantes,fr Ligue 1,25,1998,12,798,67,26.1,8.9,11,72,6,1,11,0,0.75,6,17,-11,-1.24,-0.68,Matches
122,Bruno Amione,ar ARG,DF,Hellas Verona,it Serie A,21,2002,10,579,58,16.9,6.4,7,76,3,3,16,12,1.00,7,12,-5,-0.78,-0.52,Matches
123,Michael Amir Murillo,pa PAN,"DF,MF",Marseille,fr Ligue 1,27,1996,16,997,62,32.6,11.1,10,86,8,6,24,3,1.75,20,12,+8,+0.72,+0.59,Matches
124,Nadiem Amiri,de GER,MF,Mainz 05,de Bundesliga,26,1996,15,1315,88,43.0,14.6,15,88,11,0,,0,1.53,23,20,+3,+0.21,+0.98,Matches
125,Nadiem Amiri,de GER,MF,Leverkusen,de Bundesliga,26,1996,8,86,11,2.8,1.0,1,67,0,7,3,11,2.50,0,0,0,0.00,-1.97,Matches
126,Jordan Amissah,gh GHA,GK,Sheffield United,eng Premier League,21,2001,0,,,,,0,,0,0,,6,,,,,,,Matches
127,Kofi Amoako,de GER,MF,Wolfsburg,de Bundesliga,18,2005,2,2,1,0.1,0.0,0,,0,2,1,4,2.00,0,0,0,0.00,+0.44,Matches
128,Sofyan Amrabat,ma MAR,"MF,DF",Manchester Utd,eng Premier League,26,1996,21,938,45,27.4,10.4,10,83,6,11,10,8,1.71,8,15,-7,-0.67,-0.89,Matches
129,Sofyan Amrabat,ma MAR,"DF,MF",Fiorentina,it Serie A,26,1996,0,,,,,0,,0,0,,1,,,,,,,Matches
130,Ayoub Amraoui,ma MAR,DF,Nice,fr Ligue 1,19,2004,0,,,,,0,,0,0,,7,,,,,,,Matches
131,Joseph Anang,gh GHA,GK,West Ham United,eng Premier League,23,2000,0,,,,,0,,0,0,,7,,,,,,,Matches
132,Joachim Andersen,dk DEN,DF,Crystal Palace,eng Premier League,27,1996,38,3415,90,99.9,37.9,38,90,36,0,,0,1.29,57,58,-1,-0.03,-0.03,Matches
133,Elliot Anderson,eng ENG,"MF,FW",Newcastle United,eng Premier League,20,2002,21,1027,49,30.0,11.4,10,80,3,11,21,0,1.86,30,14,+16,+1.40,+1.14,Matches
134,Felipe Anderson,br BRA,"FW,MF",Lazio,it Serie A,30,1993,38,2770,73,81.0,30.8,33,79,14,5,32,0,1.61,38,31,+7,+0.23,-0.19,Matches
135,Benjamin André,fr FRA,MF,Lille,fr Ligue 1,32,1990,30,2570,86,84.0,28.6,29,87,23,1,35,0,1.77,39,24,+15,+0.53,-0.03,Matches
136,Komnen Andrić,rs SRB,FW,Clermont Foot,fr Ligue 1,28,1995,7,169,24,5.5,1.9,1,67,0,6,17,6,0.29,1,5,-4,-2.13,-1.20,Matches
137,Robert Andrich,de GER,"MF,DF",Leverkusen,de Bundesliga,28,1994,28,1690,60,55.2,18.8,18,87,16,10,12,6,2.71,47,9,+38,+2.02,+0.25,Matches
138,Miguel Ángel Rubio,es ESP,DF,Granada,es La Liga,25,1998,19,1560,82,45.6,17.3,17,88,15,2,29,11,0.89,21,35,-14,-0.81,+0.50,Matches
139,Spyridon Angelidis,gr GRE,GK,Werder Bremen,de Bundesliga,18,2005,0,,,,,0,,0,0,,1,,,,,,,Matches
140,Vincent Angelini,sct SCO,GK,Brentford,eng Premier League,19,2003,0,,,,,0,,0,0,,2,,,,,,,Matches
141,Angeliño,es ESP,"DF,MF",Roma,it Serie A,26,1997,16,1141,71,33.4,12.7,14,76,5,2,42,0,1.75,22,16,+6,+0.47,-0.04,Matches
142,Ângelo,br BRA,"MF,FW",Strasbourg,fr Ligue 1,18,2004,21,1094,52,35.8,12.2,11,77,5,10,25,1,1.05,11,17,-6,-0.49,-0.22,Matches
143,Fabrizio Angileri,ar ARG,DF,Getafe,es La Liga,29,1994,11,164,15,4.8,1.8,2,55,0,9,6,22,1.42,4,6,-2,-1.10,-0.82,Matches
144,Jaidon Anthony,eng ENG,MF,Bournemouth,eng Premier League,23,1999,3,152,51,4.4,1.7,2,61,0,1,31,0,0.33,1,5,-4,-2.37,-2.12,Matches
145,Jacopo Antolini,it ITA,MF,Torino,it Serie A,19,2004,0,,,,,0,,0,0,,7,,,,,,,Matches
146,Waldemar Anton,de GER,DF,Stuttgart,de Bundesliga,27,1996,33,2886,87,94.3,32.1,32,89,30,1,45,0,2.12,76,38,+38,+1.19,+0.67,Matches
147,José Antonio,es ESP,MF,Cádiz,es La Liga,19,2004,0,,,,,0,,0,0,,2,,,,,,,Matches
148,Michail Antonio,jm JAM,FW,West Ham United,eng Premier League,33,1990,26,1695,65,49.6,18.8,21,75,2,5,26,0,1.27,32,34,-2,-0.11,+0.52,Matches
149,Antony,br BRA,MF,Manchester Utd,eng Premier League,23,2000,29,1324,46,38.7,14.7,15,73,3,14,16,4,1.41,20,26,-6,-0.41,-0.62,Matches
150,Christopher Antwi-Adjei,gh GHA,"FW,MF",Bochum,de Bundesliga,29,1994,25,1216,49,39.7,13.5,11,76,1,14,27,2,1.00,18,28,-10,-0.74,+0.33,Matches
151,Houssem Aouar,dz ALG,"MF,FW",Roma,it Serie A,25,1998,16,756,47,22.1,8.4,9,70,2,7,18,14,1.69,12,9,+3,+0.36,-0.18,Matches
152,Arvin Appiah,eng ENG,MF,Almería,es La Liga,22,2001,0,,,,,0,,0,0,,1,,,,,,,Matches
153,Stredair Appuah,fr FRA,FW,Nantes,fr Ligue 1,19,2004,4,84,21,2.7,0.9,0,,0,4,21,8,0.75,0,5,-5,-5.36,-4.75,Matches
154,Elies Araar,tn TUN,DF,Strasbourg,fr Ligue 1,16,2006,0,,,,,0,,0,0,,2,,,,,,,Matches
155,Ylies Aradj,fr FRA,DF,Toulouse,fr Ligue 1,18,2005,0,,,,,0,,0,0,,6,,,,,,,Matches
156,Mauro Arambarri,uy URU,MF,Getafe,es La Liga,27,1995,7,339,48,9.9,3.8,3,70,1,4,32,0,1.00,4,6,-2,-0.53,-0.24,Matches
157,Jon Aramburu,ve VEN,"DF,MF",Real Sociedad,es La Liga,21,2002,11,543,49,15.9,6.0,5,73,2,6,30,7,1.27,4,8,-4,-0.66,-1.16,Matches
158,Mattia Aramu,it ITA,"FW,MF",Genoa,it Serie A,28,1995,0,,,,,0,,0,0,,2,,,,,,,Matches
159,Asaf Arania,il ISR,FW,Darmstadt 98,de Bundesliga,17,2005,1,6,6,0.2,0.1,0,,0,1,6,2,0.00,0,1,-1,-15.00,-13.38,Matches
160,Julian Araujo,mx MEX,DF,Las Palmas,es La Liga,21,2001,25,1462,58,42.7,16.2,15,81,9,10,25,1,1.08,11,17,-6,-0.37,0.00,Matches
161,Ronald Araújo,uy URU,DF,Barcelona,es La Liga,24,1999,25,1997,80,58.4,22.2,21,88,20,4,38,7,2.00,50,31,+19,+0.86,-0.16,Matches
162,Oliver Arblaster,eng ENG,MF,Sheffield United,eng Premier League,19,2004,12,943,79,27.6,10.5,11,83,7,1,27,2,0.25,13,28,-15,-1.43,+0.53,Matches
163,Fran Árbol,es ESP,GK,Granada,es La Liga,17,2006,0,,,,,0,,0,0,,2,,,,,,,Matches
164,Matías Árbol,es ESP,GK,Sevilla,es La Liga,20,2002,0,,,,,0,,0,0,,14,,,,,,,Matches
165,Riccardo Arboscello,it ITA,MF,Genoa,it Serie A,17,2005,0,,,,,0,,0,0,,1,,,,,,,Matches
166,Cameron Archer,eng ENG,"FW,MF",Sheffield United,eng Premier League,22,2001,29,1832,63,53.6,20.4,21,80,9,8,19,0,0.48,22,50,-28,-1.38,+0.95,Matches
167,Cameron Archer,eng ENG,"FW,MF",Aston Villa,eng Premier League,22,2001,1,6,6,0.2,0.1,0,,0,1,6,1,3.00,0,0,0,0.00,-0.40,Matches
168,Alphonse Areola,fr FRA,GK,West Ham United,eng Premier League,30,1993,31,2699,87,78.9,30.0,31,87,28,0,,2,1.35,49,53,-4,-0.13,+1.11,Matches
169,Adu Ares,es ESP,MF,Athletic Club,es La Liga,21,2001,12,265,22,7.7,2.9,2,61,0,10,14,24,1.17,3,3,0,0.00,-0.68,Matches
170,Jesús Areso,es ESP,"DF,MF",Osasuna,es La Liga,24,1999,37,2660,72,77.8,29.6,29,87,21,8,17,1,1.22,35,44,-9,-0.30,-0.07,Matches
171,Simone Aresti,it ITA,GK,Cagliari,it Serie A,37,1986,1,1,1,0.0,0.0,0,,0,1,1,33,0.00,0,1,-1,-90.00,-89.34,Matches
172,Matias Arezo,uy URU,FW,Granada,es La Liga,20,2002,14,369,26,10.8,4.1,3,65,1,11,16,6,0.86,3,8,-5,-1.22,-0.16,Matches
173,Paul Argney,fr FRA,GK,Le Havre,fr Ligue 1,17,2006,0,,,,,0,,0,0,,1,,,,,,,Matches
174,Iñigo Arguibide,es ESP,FW,Osasuna,es La Liga,18,2005,1,17,17,0.5,0.2,0,,0,1,17,3,1.00,0,0,0,0.00,+0.29,Matches
175,Yoël Armougom,fr FRA,"MF,DF",Clermont Foot,fr Ligue 1,25,1998,5,234,47,7.6,2.6,2,90,2,3,18,19,0.80,2,6,-4,-1.54,-0.58,Matches
176,José Arnaiz,es ESP,"FW,MF",Osasuna,es La Liga,28,1995,26,929,36,27.2,10.3,9,65,0,17,20,8,1.04,11,16,-5,-0.48,-0.27,Matches
177,Marko Arnautović,at AUT,FW,Inter,it Serie A,34,1989,27,801,30,23.4,8.9,5,74,2,22,20,3,2.59,22,5,+17,+1.91,+0.19,Matches
178,Maximilian Arnold,de GER,MF,Wolfsburg,de Bundesliga,29,1994,30,2506,84,81.9,27.8,27,90,26,3,26,0,1.00,32,49,-17,-0.61,-0.94,Matches
179,Mohamed El Arouch,fr FRA,MF,Lyon,fr Ligue 1,19,2004,1,2,2,0.1,0.0,0,,0,1,2,4,1.00,0,0,0,0.00,+0.18,Matches
180,Sergio Arribas,es ESP,"MF,FW",Almería,es La Liga,21,2001,34,2047,60,59.9,22.7,22,76,4,12,31,4,0.50,28,41,-13,-0.57,+0.67,Matches
181,Kepa Arrizabalaga,es ESP,GK,Real Madrid,es La Liga,28,1994,14,1198,86,35.0,13.3,13,90,13,1,28,21,2.36,23,9,+14,+1.05,-0.85,Matches
182,Ricard Artero,es ESP,MF,Girona,es La Liga,20,2003,0,,,,,0,,0,0,,5,,,,,,,Matches
183,Arthur,br BRA,MF,Leverkusen,de Bundesliga,20,2003,4,184,46,6.0,2.0,2,75,1,2,17,4,3.00,8,1,+7,+3.42,+1.61,Matches
184,Benjamin Arthur,eng ENG,DF,Brentford,eng Premier League,17,2005,0,,,,,0,,0,0,,1,,,,,,,Matches
185,Takuma Asano,jp JPN,"FW,MF",Bochum,de Bundesliga,28,1994,29,1986,68,64.9,22.1,26,74,5,3,21,0,0.86,26,53,-27,-1.22,-0.80,Matches
186,Marco Asensio,es ESP,"MF,FW",Paris Saint-Germain,fr Ligue 1,27,1996,19,1113,59,36.4,12.4,13,75,6,6,23,5,2.11,28,13,+15,+1.21,-0.31,Matches
187,Kristjan Asllani,al ALB,MF,Inter,it Serie A,21,2002,23,787,34,23.0,8.7,6,81,4,17,18,14,2.61,26,3,+23,+2.63,+1.13,Matches
188,Joel Asoro,se SWE,"MF,FW",Metz,fr Ligue 1,24,1999,20,848,42,27.7,9.4,10,64,0,10,20,4,0.60,6,13,-7,-0.74,-0.09,Matches
189,Jonathan Asp Jensen,dk DEN,FW,Bayern Munich,de Bundesliga,17,2006,1,1,1,0.0,0.0,0,,0,1,1,0,3.00,0,0,0,0.00,-1.44,Matches
190,Iago Aspas,es ESP,FW,Celta Vigo,es La Liga,35,1987,35,2707,77,79.2,30.1,31,83,18,4,31,1,1.00,38,44,-6,-0.20,+0.43,Matches
191,Lorenz Assignon,tg TOG,DF,Burnley,eng Premier League,23,2000,15,1234,82,36.1,13.7,15,82,10,0,,0,0.73,14,30,-16,-1.17,-0.30,Matches
192,Lorenz Assignon,tg TOG,DF,Rennes,fr Ligue 1,23,2000,14,1011,72,33.0,11.2,12,82,8,2,16,2,1.14,15,14,+1,+0.09,-0.17,Matches
193,Dehmaine Assoumani,fr FRA,FW,Nantes,fr Ligue 1,18,2005,0,,,,,0,,0,0,,2,,,,,,,Matches
194,Ander Astralaga,es ESP,GK,Barcelona,es La Liga,19,2004,0,,,,,0,,0,0,,23,,,,,,,Matches
195,Youcef Atal,dz ALG,DF,Nice,fr Ligue 1,27,1996,6,359,60,11.7,4.0,5,72,1,1,1,2,1.67,3,1,+2,+0.50,+0.20,Matches
196,Valentin Atangana Edoa,fr FRA,MF,Reims,fr Ligue 1,17,2005,15,555,37,18.1,6.2,7,61,0,8,16,3,1.47,9,6,+3,+0.49,+0.77,Matches
197,Bigo Atom,de GER,DF,Brighton,eng Premier League,18,2005,0,,,,,0,,0,0,,1,,,,,,,Matches
198,Arthur Atta,fr FRA,MF,Metz,fr Ligue 1,20,2003,21,924,44,30.2,10.3,10,78,5,11,13,7,0.62,14,22,-8,-0.78,-0.15,Matches
199,Noah Atubolu,de GER,GK,Freiburg,de Bundesliga,21,2002,34,3060,90,100.0,34.0,34,90,34,0,,0,1.24,45,58,-13,-0.38,,Matches
200,Pierre-Emerick Aubameyang,ga GAB,FW,Marseille,fr Ligue 1,34,1989,34,2622,77,85.7,29.1,30,84,20,4,24,0,1.47,47,37,+10,+0.34,+0.14,Matches
201,Emil Audero,id IDN,GK,Inter,it Serie A,26,1997,4,337,84,9.9,3.7,4,84,3,0,,34,1.75,8,3,+5,+1.34,-0.47,Matches
202,Tommaso Augello,it ITA,"DF,MF",Cagliari,it Serie A,28,1994,32,2418,76,70.7,26.9,28,82,12,4,30,4,1.06,32,46,-14,-0.52,+0.56,Matches
203,Carlos Augusto,br BRA,"MF,DF",Inter,it Serie A,24,1999,37,1725,47,50.4,19.2,14,85,11,23,23,0,2.51,49,8,+41,+2.14,+0.76,Matches
204,Yann Aurel Bisseck,de GER,DF,Inter,it Serie A,22,2000,16,904,57,26.4,10.0,9,90,8,7,14,22,2.50,26,6,+20,+1.99,+0.31,Matches
205,Serge Aurier,ci CIV,"DF,MF",Nottingham Forest,eng Premier League,30,1992,12,833,69,24.4,9.3,10,80,6,2,18,1,1.00,9,15,-6,-0.65,-0.23,Matches
206,Brandon Austin,eng ENG,GK,Tottenham Hotspur,eng Premier League,24,1999,0,,,,,0,,0,0,,18,,,,,,,Matches
207,Ezequiel Ávila,ar ARG,"FW,MF",Osasuna,es La Liga,29,1994,17,864,51,25.3,9.6,10,71,1,7,22,0,0.94,11,12,-1,-0.10,+0.25,Matches
208,Ezequiel Ávila,ar ARG,"MF,FW",Real Betis,es La Liga,29,1994,6,298,50,8.7,3.3,4,66,0,2,17,0,1.17,6,7,-1,-0.30,-0.42,Matches
209,Arthur Avom,cm CMR,MF,Lorient,fr Ligue 1,18,2004,0,,,,,0,,0,0,,1,,,,,,,Matches
210,Taiwo Awoniyi,ng NGA,FW,Nottingham Forest,eng Premier League,25,1997,20,1042,52,30.5,11.6,12,74,1,8,19,0,1.05,17,21,-4,-0.35,+0.18,Matches
211,Gaizka Ayesa,es ESP,GK,Real Sociedad,es La Liga,22,2001,0,,,,,0,,0,0,,8,,,,,,,Matches
212,André Ayew,gh GHA,"FW,MF",Le Havre,fr Ligue 1,33,1989,19,1104,58,36.1,12.3,12,83,5,7,16,0,0.74,13,20,-7,-0.57,-0.39,Matches
213,Jordan Ayew,gh GHA,"MF,FW",Crystal Palace,eng Premier League,31,1991,35,2543,73,74.4,28.3,30,82,17,5,19,1,1.29,33,37,-4,-0.14,-0.45,Matches
214,Neil El Aynaoui,ma MAR,MF,Lens,fr Ligue 1,22,2001,25,1566,63,51.2,17.4,17,84,8,8,18,1,1.76,26,16,+10,+0.57,+0.70,Matches
215,Sardar Azmoun,ir IRN,"FW,MF",Roma,it Serie A,28,1995,23,585,25,17.1,6.5,3,74,1,20,18,6,1.61,18,6,+12,+1.85,+1.62,Matches
216,Adam Aznou,ma MAR,DF,Bayern Munich,de Bundesliga,17,2006,0,,,,,0,,0,0,,6,,,,,,,Matches
217,César Azpilicueta,es ESP,"DF,MF",Atlético Madrid,es La Liga,33,1989,25,1423,57,41.6,15.8,14,81,6,11,26,4,2.12,24,16,+8,+0.51,-0.35,Matches
218,Paulo Azzi,br BRA,"MF,DF",Cagliari,it Serie A,29,1994,25,950,38,27.8,10.6,9,73,3,16,18,13,0.96,9,19,-10,-0.95,-0.36,Matches
219,Oussama El Azzouzi,ma MAR,MF,Bologna,it Serie A,22,2001,18,547,30,16.0,6.1,5,75,2,13,13,11,1.78,8,7,+1,+0.16,-0.49,Matches
220,Abdellah Baallal,ma MAR,MF,Clermont Foot,fr Ligue 1,18,2004,1,4,4,0.1,0.0,0,,0,1,4,3,1.00,0,0,0,0.00,+1.00,Matches
221,Iddrisu Baba,gh GHA,MF,Almería,es La Liga,27,1996,25,1430,57,41.8,15.9,14,83,8,11,25,7,0.56,17,38,-21,-1.32,-0.82,Matches
222,Nazim Babai,dz ALG,FW,Monaco,fr Ligue 1,20,2003,0,,,,,0,,0,0,,1,,,,,,,Matches
223,Srđan Babić,rs SRB,DF,Almería,es La Liga,27,1996,1,90,90,2.6,1.0,1,90,1,0,,0,0.00,0,2,-2,-2.00,-1.19,Matches
224,Shavy Babicka,ga GAB,"MF,FW",Toulouse,fr Ligue 1,23,2000,12,373,31,12.2,4.1,4,67,1,8,13,3,1.58,7,8,-1,-0.24,-0.14,Matches
225,Aliou Badara Baldé,gn GUI,FW,Nice,fr Ligue 1,20,2002,7,69,10,2.3,0.8,0,,0,7,10,23,1.14,3,0,+3,+3.91,+3.67,Matches
226,Loïc Bade,fr FRA,DF,Sevilla,es La Liga,23,2000,28,2277,81,66.6,25.3,27,84,19,1,14,2,1.29,32,29,+3,+0.12,+0.83,Matches
227,Milan Badelj,hr CRO,MF,Genoa,it Serie A,34,1989,33,2535,77,74.1,28.2,32,79,10,1,23,2,1.27,34,30,+4,+0.14,+0.55,Matches
228,Matthias Bader,de GER,"MF,DF",Darmstadt 98,de Bundesliga,26,1997,24,1802,75,58.9,20.0,21,82,12,3,26,0,0.71,22,41,-19,-0.95,+1.70,Matches
229,Benoît Badiashile,fr FRA,DF,Chelsea,eng Premier League,22,2001,18,1338,74,39.1,14.9,15,88,13,3,7,7,1.67,31,30,+1,+0.07,-0.49,Matches
230,Alex Baena,es ESP,"MF,FW",Villarreal,es La Liga,22,2001,34,2579,76,75.4,28.7,33,77,12,1,26,0,1.50,50,46,+4,+0.14,+0.57,Matches
231,Jaime Báez,uy URU,"MF,FW",Frosinone,it Serie A,28,1995,11,500,45,14.6,5.6,6,60,0,5,28,21,1.09,9,7,+2,+0.36,+1.19,Matches
232,Nicola Bagnolini,it ITA,GK,Bologna,it Serie A,19,2004,1,5,5,0.1,0.1,0,,0,1,5,29,0.00,0,0,0,0.00,-0.58,Matches
233,Leon Bailey,jm JAM,MF,Aston Villa,eng Premier League,25,1997,35,2068,59,60.5,23.0,22,76,3,13,31,1,1.77,53,32,+21,+0.91,+1.31,Matches
234,Eric Bailly,ci CIV,DF,Villarreal,es La Liga,29,1994,10,839,84,24.5,9.3,9,85,8,1,74,3,2.00,24,18,+6,+0.64,+0.85,Matches
235,Stefan Bajcetic,es ESP,MF,Liverpool,eng Premier League,18,2004,1,26,26,0.8,0.3,0,,0,1,26,6,3.00,0,2,-2,-6.92,-8.17,Matches
236,Nedim Bajrami,al ALB,"MF,FW",Sassuolo,it Serie A,24,1999,28,1310,47,38.3,14.6,15,66,1,13,24,8,0.82,20,35,-15,-1.03,-0.31,Matches
237,Cédric Bakambu,cd COD,FW,Real Betis,es La Liga,32,1991,4,194,49,5.7,2.2,2,62,0,2,35,0,2.00,4,2,+2,+0.93,+0.90,Matches
238,Elias Bakatukanda,de GER,DF,Köln,de Bundesliga,19,2004,0,,,,,0,,0,0,,3,,,,,,,Matches
239,Tiemoué Bakayoko,fr FRA,MF,Lorient,fr Ligue 1,28,1994,20,1314,66,42.9,14.6,15,80,8,5,24,2,0.95,16,26,-10,-0.68,-0.01,Matches
240,Mitchel Bakker,nl NED,MF,Atalanta,it Serie A,23,2000,14,382,27,11.2,4.2,3,51,0,11,21,22,1.29,2,7,-5,-1.18,-2.21,Matches
241,Darryl Bakola,fr FRA,MF,Marseille,fr Ligue 1,15,2007,0,,,,,0,,0,0,,1,,,,,,,Matches
242,Ridle Baku,de GER,"MF,DF",Wolfsburg,de Bundesliga,25,1998,33,2013,61,65.8,22.4,22,81,10,11,20,0,1.09,28,34,-6,-0.27,+0.51,Matches
243,Dilane Bakwa,fr FRA,"MF,FW",Strasbourg,fr Ligue 1,20,2002,31,2177,70,71.1,24.2,25,80,10,6,31,2,1.16,24,34,-10,-0.41,-0.21,Matches
244,Ellery Balcombe,eng ENG,GK,Brentford,eng Premier League,23,1999,0,,,,,0,,0,0,,3,,,,,,,Matches
245,Tommaso Baldanzi,it ITA,"MF,FW",Empoli,it Serie A,20,2003,14,745,53,21.8,8.3,8,76,3,6,23,2,0.57,3,14,-11,-1.33,-0.86,Matches
246,Tommaso Baldanzi,it ITA,"MF,FW",Roma,it Serie A,20,2003,13,518,40,15.1,5.8,6,68,0,7,16,3,1.69,8,6,+2,+0.35,-0.18,Matches
247,Alejandro Balde,es ESP,"DF,MF",Barcelona,es La Liga,19,2003,18,1378,77,40.3,15.3,15,87,12,3,26,2,2.11,29,17,+12,+0.78,-0.23,Matches
248,George Baldock,gr GRE,"DF,MF",Sheffield United,eng Premier League,30,1993,13,969,75,28.3,10.8,11,82,9,2,33,1,0.54,11,21,-10,-0.93,+1.24,Matches
249,Carlos Baleba,cm CMR,MF,Lille,fr Ligue 1,19,2004,2,61,31,2.0,0.7,1,60,0,1,1,1,2.00,1,1,0,0.00,-0.54,Matches
250,Carlos Baleba,cm CMR,MF,Brighton,eng Premier League,19,2004,27,1325,49,38.7,14.7,15,78,7,12,13,7,1.07,14,28,-14,-0.95,-1.25,Matches
251,Leonardo Balerdi,ar ARG,DF,Marseille,fr Ligue 1,24,1999,27,2271,84,74.2,25.2,26,87,21,1,21,3,1.44,39,30,+9,+0.36,+0.13,Matches
252,Iván Balliu,al ALB,DF,Rayo Vallecano,es La Liga,31,1992,33,2873,87,84.0,31.9,32,89,28,1,27,4,1.12,27,39,-12,-0.38,+0.78,Matches
253,Fodé Ballo-Touré,sn SEN,"DF,MF",Fulham,eng Premier League,26,1997,6,71,12,2.1,0.8,0,,0,6,12,16,2.00,2,1,+1,+1.27,+1.46,Matches
254,Folarin Balogun,us USA,FW,Monaco,fr Ligue 1,22,2001,29,1692,58,55.3,18.8,19,77,5,10,23,0,2.00,36,26,+10,+0.53,-0.52,Matches
255,Jonathan Bamba,ci CIV,"MF,FW",Celta Vigo,es La Liga,27,1996,27,1981,73,57.9,22.0,24,79,9,3,26,3,1.07,23,28,-5,-0.23,+0.15,Matches
256,Mohamed Bamba,ci CIV,FW,Lorient,fr Ligue 1,21,2001,16,1138,71,37.2,12.6,14,78,1,2,23,0,1.06,17,19,-2,-0.16,+0.83,Matches
257,Rayan Bamba,fr FRA,DF,Rennes,fr Ligue 1,19,2004,0,,,,,0,,0,0,,2,,,,,,,Matches
258,Samuel Bamba,de GER,FW,Dortmund,de Bundesliga,19,2004,2,47,24,1.5,0.5,0,,0,2,24,2,1.00,0,0,0,0.00,-0.75,Matches
259,Robson Bambu,br BRA,DF,Nice,fr Ligue 1,25,1997,0,,,,,0,,0,0,,1,,,,,,,Matches
260,Lameck Banda,zm ZAM,"FW,MF",Lecce,it Serie A,22,2001,21,1350,64,39.5,15.0,17,73,2,4,29,1,1.00,15,24,-9,-0.60,-0.03,Matches
261,Daniel Bandeira,pt POR,MF,Hellas Verona,it Serie A,23,2000,14,446,32,13.0,5.0,3,78,1,11,19,3,1.21,6,11,-5,-1.01,-0.77,Matches
262,Mauro Bandeira,pt POR,MF,Arsenal,eng Premier League,19,2003,0,,,,,0,,0,0,,2,,,,,,,Matches
263,Mamady Bangré,bf BFA,MF,Toulouse,fr Ligue 1,22,2001,8,101,13,3.3,1.1,0,,0,8,13,6,0.75,1,1,0,0.00,+0.12,Matches
264,Mattia Bani,it ITA,DF,Genoa,it Serie A,29,1993,27,2306,85,67.4,25.6,27,85,23,0,,3,1.37,28,32,-4,-0.16,-0.48,Matches
265,Léo Baptistão,br BRA,"FW,MF",Almería,es La Liga,30,1992,32,1837,57,53.7,20.4,22,75,8,10,19,1,0.59,23,41,-18,-0.88,-0.09,Matches
266,Shandon Baptiste,gd GRN,MF,Brentford,eng Premier League,25,1998,10,229,23,6.7,2.5,2,66,0,8,12,11,1.00,3,5,-2,-0.79,-0.59,Matches
267,Antonín Barák,cz CZE,"MF,FW",Fiorentina,it Serie A,28,1994,21,808,38,23.6,9.0,8,77,4,13,15,14,1.62,15,10,+5,+0.56,+0.21,Matches
268,Hugo Barbet,fr FRA,GK,Nantes,fr Ligue 1,21,2001,0,,,,,0,,0,0,,1,,,,,,,Matches
269,Valentín Barco,ar ARG,DF,Brighton,eng Premier League,19,2004,6,307,51,9.0,3.4,3,87,2,3,16,4,0.50,1,9,-8,-2.35,-2.37,Matches
270,Bradley Barcola,fr FRA,MF,Lyon,fr Ligue 1,20,2002,3,270,90,8.8,3.0,3,90,3,0,,0,0.33,2,6,-4,-1.33,-1.27,Matches
271,Bradley Barcola,fr FRA,"FW,MF",Paris Saint-Germain,fr Ligue 1,20,2002,25,1370,55,44.8,15.2,18,67,2,7,25,2,2.20,34,18,+16,+1.05,-0.65,Matches
272,Melvin Bard,fr FRA,DF,Nice,fr Ligue 1,22,2000,32,2654,83,86.7,29.5,31,85,22,1,31,0,1.59,33,22,+11,+0.37,+0.37,Matches
273,Nicolò Barella,it ITA,MF,Inter,it Serie A,26,1997,37,2846,77,83.2,31.6,34,81,17,3,26,0,2.46,72,18,+54,+1.71,-0.33,Matches
274,Kike Barja,es ESP,"FW,MF",Osasuna,es La Liga,26,1997,16,303,19,8.9,3.4,3,42,0,13,14,5,0.94,8,8,0,0.00,+0.32,Matches
275,Ross Barkley,eng ENG,MF,Luton Town,eng Premier League,29,1993,32,2618,82,76.5,29.1,30,86,24,2,15,0,0.69,43,66,-23,-0.79,+0.33,Matches
276,Aymen Barkok,ma MAR,MF,Mainz 05,de Bundesliga,25,1998,13,321,25,10.5,3.6,1,68,0,12,21,0,0.62,7,7,0,0.00,+0.39,Matches
277,Harvey Barnes,eng ENG,"FW,MF",Newcastle United,eng Premier League,25,1997,21,802,38,23.5,8.9,7,67,1,14,24,0,1.76,24,10,+14,+1.57,+1.26,Matches
278,Ty Barnett,eng ENG,MF,Wolves,eng Premier League,18,2005,0,,,,,0,,0,0,,6,,,,,,,Matches
279,Leandro Barreiro Martins,lu LUX,MF,Mainz 05,de Bundesliga,23,2000,31,2606,84,85.2,29.0,29,88,26,2,29,0,1.10,36,38,-2,-0.07,+1.91,Matches
280,Enzo Barrenechea,ar ARG,MF,Frosinone,it Serie A,22,2001,36,2811,78,82.2,31.2,32,86,20,4,13,0,0.94,36,54,-18,-0.58,+0.46,Matches
281,Ander Barrenetxea,es ESP,"MF,FW",Real Sociedad,es La Liga,21,2001,29,1427,49,41.7,15.9,20,60,0,9,26,1,1.45,24,18,+6,+0.38,+0.11,Matches
282,Luca Barrington,eng ENG,"FW,MF",Brighton,eng Premier League,18,2004,0,,,,,0,,0,0,,2,,,,,,,Matches
283,Pablo Barrios,es ESP,MF,Atlético Madrid,es La Liga,20,2003,24,1555,65,45.5,17.3,17,77,8,7,35,0,2.13,32,17,+15,+0.87,+0.29,Matches
284,Davide Bartesaghi,it ITA,MF,Milan,it Serie A,17,2005,6,79,13,2.3,0.9,0,,0,6,13,18,2.67,2,0,+2,+2.28,+1.61,Matches
285,Andrea Bartoccioni,it ITA,GK,Milan,it Serie A,19,2004,0,,,,,0,,0,0,,1,,,,,,,Matches
286,Marc Bartra,es ESP,DF,Real Betis,es La Liga,32,1991,3,225,75,6.6,2.5,3,75,2,0,,2,1.33,2,6,-4,-1.60,-1.80,Matches
287,Federico Baschirotto,it ITA,DF,Lecce,it Serie A,26,1996,37,3294,89,96.3,36.6,37,89,36,0,,0,0.95,31,54,-23,-0.63,-1.34,Matches
288,Steven Baseya,fr FRA,DF,Strasbourg,fr Ligue 1,18,2005,2,6,3,0.2,0.1,0,,0,2,3,10,2.00,0,0,0,0.00,+0.35,Matches
289,Chris Basham,eng ENG,"DF,MF",Sheffield United,eng Premier League,35,1988,8,321,40,9.4,3.6,3,68,1,5,24,0,0.13,2,6,-4,-1.12,+0.77,Matches
290,Toma Bašić,hr CRO,MF,Lazio,it Serie A,26,1996,0,,,,,0,,0,0,,16,,,,,,,Matches
291,Toma Bašić,hr CRO,MF,Salernitana,it Serie A,26,1996,15,1162,77,34.0,12.9,14,83,9,1,4,0,0.20,6,23,-17,-1.32,-0.04,Matches
292,Calvin Bassey,ng NGA,DF,Fulham,eng Premier League,23,1999,29,2303,79,67.3,25.6,25,90,24,4,15,4,1.31,44,42,+2,+0.08,+0.72,Matches
293,Álvaro Bastida,es ESP,MF,Cádiz,es La Liga,19,2004,0,,,,,0,,0,0,,2,,,,,,,Matches
294,Alessandro Bastoni,it ITA,DF,Inter,it Serie A,24,1999,28,2268,81,66.3,25.2,28,81,14,0,,6,2.43,53,16,+37,+1.47,-0.88,Matches
295,Simone Bastoni,it ITA,"MF,DF",Empoli,it Serie A,26,1996,16,745,47,21.8,8.3,9,70,2,7,17,15,1.13,4,14,-10,-1.21,-0.70,Matches
296,Augusto Batalla,ar ARG,GK,Granada,es La Liga,27,1996,17,1530,90,44.7,17.0,17,90,17,0,,3,0.76,16,28,-12,-0.71,+0.68,Matches
297,Daniel Batz,de GER,GK,Mainz 05,de Bundesliga,32,1991,4,360,90,11.8,4.0,4,90,4,0,,16,0.50,1,3,-2,-0.50,-0.17,Matches
298,Maximilian Bauer,de GER,DF,Augsburg,de Bundesliga,23,2000,14,810,58,26.5,9.0,9,83,6,5,12,15,1.57,15,22,-7,-0.78,-0.66,Matches
299,Elias Baum,de GER,DF,Eintracht Frankfurt,de Bundesliga,17,2005,4,28,7,0.9,0.3,0,,0,4,7,1,1.25,1,0,+1,+3.21,+3.21,Matches
300,Oliver Baumann,de GER,GK,Hoffenheim,de Bundesliga,33,1990,34,3060,90,100.0,34.0,34,90,34,0,,0,1.35,66,66,0,0.00,,Matches
301,Christoph Baumgartner,at AUT,"MF,FW",RB Leipzig,de Bundesliga,23,1999,32,1158,36,37.8,12.9,11,69,0,21,19,2,1.94,23,16,+7,+0.54,-0.92,Matches
302,Mika Baur,de GER,MF,Freiburg,de Bundesliga,19,2004,0,,,,,0,,0,0,,4,,,,,,,Matches
303,Brian Bayeye,cd COD,DF,Torino,it Serie A,23,2000,0,,,,,0,,0,0,,2,,,,,,,Matches
304,Altay Bayındır,tr TUR,GK,Manchester Utd,eng Premier League,25,1998,0,,,,,0,,0,0,,33,,,,,,,Matches
305,Joffrey Bazié,bf BFA,FW,Lille,fr Ligue 1,19,2003,0,,,,,0,,0,0,,1,,,,,,,Matches
306,Eddie Beach,wls WAL,GK,Chelsea,eng Premier League,19,2003,0,,,,,0,,0,0,,2,,,,,,,Matches
307,Bebé,cv CPV,"FW,MF",Rayo Vallecano,es La Liga,33,1990,19,212,11,6.2,2.4,0,,0,19,11,15,1.16,4,2,+2,+0.85,+1.44,Matches
308,Ihlas Bebou,tg TOG,"FW,MF",Hoffenheim,de Bundesliga,29,1994,32,1636,51,53.5,18.2,16,82,6,16,20,2,1.34,36,37,-1,-0.06,-0.12,Matches
309,Mohamed Bechikh,fr FRA,FW,Strasbourg,fr Ligue 1,18,2005,2,14,7,0.5,0.2,0,,0,2,7,5,0.00,0,0,0,0.00,+0.35,Matches
310,Adrian Beck,de GER,MF,Heidenheim,de Bundesliga,26,1997,23,974,42,31.8,10.8,11,61,1,12,26,5,1.13,16,20,-4,-0.37,-0.33,Matches
311,Owen Beck,wls WAL,"DF,MF",Liverpool,eng Premier League,20,2002,1,8,8,0.2,0.1,0,,0,1,8,0,3.00,1,0,+1,+11.25,+10.09,Matches
312,Sheraldo Becker,sr SUR,"FW,MF",Union Berlin,de Bundesliga,28,1995,11,645,59,21.1,7.2,7,72,1,4,35,0,0.55,6,17,-11,-1.53,-1.01,Matches
313,Sheraldo Becker,sr SUR,"FW,MF",Real Sociedad,es La Liga,28,1995,15,771,51,22.5,8.6,8,74,0,7,26,1,1.47,14,5,+9,+1.05,+0.95,Matches
314,Chris Bedia,ci CIV,FW,Union Berlin,de Bundesliga,27,1996,7,145,21,4.7,1.6,0,,0,7,21,8,0.00,3,5,-2,-1.24,-0.53,Matches
315,Donny van de Beek,nl NED,MF,Manchester Utd,eng Premier League,26,1997,1,3,3,0.1,0.0,0,,0,1,3,11,0.00,0,0,0,0.00,+0.03,Matches
316,Donny van de Beek,nl NED,"MF,FW",Eintracht Frankfurt,de Bundesliga,26,1997,8,357,45,11.7,4.0,4,59,0,4,30,7,1.50,4,3,+1,+0.25,+0.25,Matches
317,Yanis Begraoui,ma MAR,"FW,MF",Toulouse,fr Ligue 1,22,2001,14,300,21,9.8,3.3,3,61,0,11,11,2,0.86,3,7,-4,-1.20,-1.20,Matches
318,Kevin Behrens,de GER,FW,Wolfsburg,de Bundesliga,32,1991,13,616,47,20.1,6.8,7,78,1,6,12,2,1.15,8,11,-3,-0.44,0.00,Matches
319,Kevin Behrens,de GER,FW,Union Berlin,de Bundesliga,32,1991,18,1262,70,41.2,14.0,14,81,6,4,34,0,0.94,13,24,-11,-0.78,-0.08,Matches
320,Morten Behrens,de GER,GK,Darmstadt 98,de Bundesliga,26,1997,0,,,,,0,,0,0,,12,,,,,,,Matches
321,Maximilian Beier,de GER,"FW,MF",Hoffenheim,de Bundesliga,20,2002,33,2420,73,79.1,26.9,29,81,9,4,19,0,1.30,51,51,0,0.00,0.00,Matches
322,Alexis Beka Beka,fr FRA,MF,Nice,fr Ligue 1,22,2001,0,,,,,0,,0,0,,2,,,,,,,Matches
323,Jérémie Bela,ao ANG,MF,Clermont Foot,fr Ligue 1,30,1993,12,203,17,6.6,2.3,1,61,0,11,13,9,0.25,1,8,-7,-3.10,-2.25,Matches
324,Reda Belahyane,ma MAR,MF,Hellas Verona,it Serie A,19,2004,2,90,45,2.6,1.0,1,73,0,1,17,14,1.00,2,2,0,0.00,+0.35,Matches
325,Reda Belahyane,ma MAR,MF,Nice,fr Ligue 1,19,2004,1,27,27,0.9,0.3,0,,0,1,27,8,0.00,0,0,0,0.00,-0.33,Matches
326,Rayane Belaid,es ESP,DF,Atlético Madrid,es La Liga,18,2005,0,,,,,0,,0,0,,1,,,,,,,Matches
327,Amari'i Bell,jm JAM,DF,Luton Town,eng Premier League,29,1994,21,1720,82,50.3,19.1,21,82,18,0,,0,0.86,30,41,-11,-0.58,+0.59,Matches
328,Stefan Bell,de GER,DF,Mainz 05,de Bundesliga,31,1991,10,666,67,21.8,7.4,8,76,4,2,29,4,0.40,6,21,-15,-2.03,-2.14,Matches
329,Alaa Bellaarouch,ma MAR,GK,Strasbourg,fr Ligue 1,21,2002,15,1350,90,44.1,15.0,15,90,15,0,,19,0.93,18,26,-8,-0.53,-0.32,Matches
330,Raoul Bellanova,it ITA,MF,Torino,it Serie A,23,2000,37,3046,82,89.1,33.8,36,84,17,1,10,0,1.41,31,33,-2,-0.06,-0.54,Matches
331,Jean-Ricner Bellegarde,ht HAI,"MF,FW",Wolves,eng Premier League,25,1998,22,958,44,28.0,10.6,10,61,1,12,29,0,1.23,7,23,-16,-1.50,-1.54,Matches
332,Jean-Ricner Bellegarde,ht HAI,"MF,FW",Strasbourg,fr Ligue 1,25,1998,3,269,90,8.8,3.0,3,90,2,0,,0,2.00,4,4,0,0.00,+0.39,Matches
333,Héctor Bellerín,es ESP,DF,Real Betis,es La Liga,28,1995,23,1711,74,50.0,19.0,20,81,15,3,32,5,1.61,22,18,+4,+0.21,+0.26,Matches
334,Jude Bellingham,eng ENG,"MF,FW",Real Madrid,es La Liga,20,2003,28,2315,83,67.7,25.7,27,85,17,1,25,4,2.46,57,16,+41,+1.59,-0.04,Matches
335,Eghosa Bello,ng NGA,FW,Granada,es La Liga,19,2004,0,,,,,0,,0,0,,1,,,,,,,Matches
336,Jeanuël Belocian,fr FRA,DF,Rennes,fr Ligue 1,18,2005,23,1448,63,47.3,16.1,16,80,7,7,23,9,1.22,24,28,-4,-0.25,-0.86,Matches
337,Andrea Belotti,it ITA,FW,Fiorentina,it Serie A,29,1993,15,949,63,27.7,10.5,11,78,4,4,24,0,1.33,17,15,+2,+0.19,-0.28,Matches
338,Andrea Belotti,it ITA,FW,Roma,it Serie A,29,1993,14,679,49,19.9,7.5,6,82,4,8,23,8,1.43,12,12,0,0.00,-0.62,Matches
339,Fran Beltrán,es ESP,MF,Celta Vigo,es La Liga,24,1999,33,2428,74,71.0,27.0,28,83,17,5,19,5,1.18,38,41,-3,-0.11,+0.61,Matches
340,Lucas Beltrán,ar ARG,"FW,MF",Fiorentina,it Serie A,22,2001,32,1692,53,49.5,18.8,21,69,3,11,22,3,1.44,32,21,+11,+0.59,+0.38,Matches
341,Eliesse Ben Seghir,ma MAR,"MF,FW",Monaco,fr Ligue 1,18,2005,13,428,33,14.0,4.8,4,67,0,9,18,3,1.92,11,2,+9,+1.89,+1.31,Matches
342,Anis Ben Slimane,tn TUN,MF,Sheffield United,eng Premier League,22,2001,15,419,28,12.3,4.7,4,61,0,11,16,13,0.33,2,14,-12,-2.58,-0.87,Matches
343,Wissam Ben Yedder,fr FRA,FW,Monaco,fr Ligue 1,32,1990,32,2316,72,75.7,25.7,26,85,14,6,17,1,2.00,56,32,+24,+0.93,+0.69,Matches
344,Mayssam Benama,fr FRA,MF,Monaco,fr Ligue 1,18,2005,0,,,,,0,,0,0,,2,,,,,,,Matches
345,Carlos Benavídez,uy URU,MF,Alavés,es La Liga,25,1998,29,1136,39,33.2,12.6,10,79,5,19,18,4,1.34,19,13,+6,+0.48,+1.11,Matches
346,Justin Bengui,fr FRA,GK,Lyon,fr Ligue 1,18,2005,0,,,,,0,,0,0,,5,,,,,,,Matches
347,Jorge Benito,es ESP,GK,Getafe,es La Liga,17,2006,0,,,,,0,,0,0,,15,,,,,,,Matches
348,Ismaël Bennacer,dz ALG,MF,Milan,it Serie A,25,1997,20,1151,58,33.7,12.8,13,76,4,7,23,1,1.90,26,19,+7,+0.55,-0.25,Matches
349,Rhys Bennett,eng ENG,DF,Manchester Utd,eng Premier League,19,2003,0,,,,,0,,0,0,,1,,,,,,,Matches
350,Saïd Benrahma,dz ALG,MF,West Ham United,eng Premier League,27,1995,13,620,48,18.1,6.9,5,73,1,8,32,7,1.62,12,8,+4,+0.58,+1.16,Matches
351,Saïd Benrahma,dz ALG,"FW,MF",Lyon,fr Ligue 1,27,1995,12,770,64,25.2,8.6,10,70,0,2,37,1,2.33,15,16,-1,-0.12,+0.08,Matches
352,Ramy Bensebaini,dz ALG,DF,Dortmund,de Bundesliga,28,1995,17,1033,61,33.8,11.5,11,83,7,6,21,3,1.94,21,17,+4,+0.35,-0.58,Matches
353,Nabil Bentaleb,dz ALG,MF,Lille,fr Ligue 1,28,1994,26,1967,76,64.3,21.9,23,85,19,3,5,0,1.73,35,24,+11,+0.50,-0.07,Matches
354,Rodrigo Bentancur,uy URU,MF,Tottenham Hotspur,eng Premier League,26,1997,23,1005,44,29.4,11.2,13,59,1,10,24,0,1.43,17,25,-8,-0.72,-1.50,Matches
355,Daniel Bentley,eng ENG,GK,Wolves,eng Premier League,30,1993,5,383,77,11.2,4.3,3,90,3,2,57,33,0.60,3,7,-4,-0.94,-0.61,Matches
356,Mokrane Bentoumi,fr FRA,FW,Le Havre,fr Ligue 1,17,2005,0,,,,,0,,0,0,,1,,,,,,,Matches
357,Lucas Beraldo,br BRA,DF,Paris Saint-Germain,fr Ligue 1,19,2003,13,1008,78,32.9,11.2,12,82,9,1,21,3,2.23,27,14,+13,+1.16,-0.37,Matches
358,Alessandro Berardi,it ITA,GK,Hellas Verona,it Serie A,32,1991,0,,,,,0,,0,0,,20,,,,,,,Matches
359,Domenico Berardi,it ITA,"MF,FW",Sassuolo,it Serie A,28,1994,17,1431,84,41.8,15.9,17,84,10,0,,1,1.12,23,27,-4,-0.25,+1.02,Matches
360,Yuri Berchiche,es ESP,DF,Athletic Club,es La Liga,33,1990,27,1930,71,56.4,21.4,22,81,16,5,28,0,1.85,33,16,+17,+0.79,+0.37,Matches
361,Álex Berenguer,es ESP,MF,Athletic Club,es La Liga,28,1995,35,1592,45,46.5,17.7,15,79,8,20,20,1,1.74,19,19,0,0.00,-1.18,Matches
362,Bartosz Bereszyński,pl POL,DF,Empoli,it Serie A,31,1992,24,1762,73,51.5,19.6,22,78,15,2,26,7,1.21,17,30,-13,-0.66,-0.01,Matches
363,Jóhann Berg Guðmundsson,is ISL,MF,Burnley,eng Premier League,32,1990,26,1192,46,34.9,13.2,12,68,1,14,27,5,0.50,20,25,-5,-0.38,+0.92,Matches
364,Sander Berge,no NOR,MF,Burnley,eng Premier League,25,1998,37,3005,81,87.9,33.4,34,86,28,3,26,0,0.62,36,69,-33,-0.99,-0.12,Matches
365,Lucas Bergström,fi FIN,GK,Chelsea,eng Premier League,20,2002,0,,,,,0,,0,0,,15,,,,,,,Matches
366,Etrit Berisha,al ALB,GK,Empoli,it Serie A,34,1989,14,1260,90,36.8,14.0,14,90,14,0,,12,0.86,10,25,-15,-1.07,-0.65,Matches
367,Medon Berisha,al ALB,MF,Lecce,it Serie A,19,2003,6,205,34,6.0,2.3,2,65,0,4,19,32,0.67,0,3,-3,-1.32,-0.79,Matches
368,Mergim Berisha,de GER,FW,Hoffenheim,de Bundesliga,25,1998,6,144,24,4.7,1.6,0,,0,6,24,2,1.50,1,2,-1,-0.62,-0.66,Matches
369,Mergim Berisha,de GER,FW,Augsburg,de Bundesliga,25,1998,2,122,61,4.0,1.4,2,61,0,0,,0,0.50,3,5,-2,-1.48,-1.23,Matches
370,Stan Berkani,dz ALG,MF,Clermont Foot,fr Ligue 1,19,2003,0,,,,,0,,0,0,,7,,,,,,,Matches
371,Anthony Bermont,fr FRA,FW,Lens,fr Ligue 1,18,2005,0,,,,,0,,0,0,,1,,,,,,,Matches
372,Bernardo,br BRA,DF,Bochum,de Bundesliga,28,1995,33,2924,89,95.6,32.5,33,89,31,0,,0,1.00,41,68,-27,-0.83,+2.48,Matches
373,Victor Bernth Kristiansen,dk DEN,DF,Bologna,it Serie A,20,2002,32,2307,72,67.5,25.6,26,84,16,6,23,3,1.88,36,20,+16,+0.62,+0.14,Matches
374,Matúš Bero,sk SVK,"MF,FW",Bochum,de Bundesliga,27,1995,24,1661,69,54.3,18.5,20,78,8,4,25,0,0.96,24,44,-20,-1.08,-0.31,Matches
375,Alessandro Berretta,it ITA,MF,Monza,it Serie A,17,2006,0,,,,,0,,0,0,,2,,,,,,,Matches
376,Luke Berry,eng ENG,MF,Luton Town,eng Premier League,31,1992,17,323,19,9.4,3.6,2,69,0,15,12,16,0.59,8,8,0,0.00,+0.96,Matches
377,Dimitry Bertaud,cd COD,GK,Montpellier,fr Ligue 1,25,1998,4,360,90,11.8,4.0,4,90,4,0,,25,1.00,6,11,-5,-1.25,-1.25,Matches
378,Jan-Niklas Beste,de GER,MF,Heidenheim,de Bundesliga,24,1999,31,2603,84,85.1,28.9,31,84,5,0,,0,1.26,43,47,-4,-0.14,+0.06,Matches
379,Beto,gw GNB,FW,Udinese,it Serie A,25,1998,1,74,74,2.2,0.8,1,74,0,0,,0,0.00,0,3,-3,-3.65,-3.30,Matches
380,Beto,gw GNB,FW,Everton,eng Premier League,25,1998,30,951,32,27.8,10.6,9,72,2,21,15,2,1.20,16,20,-4,-0.38,-0.12,Matches
381,Davide Bettella,it ITA,DF,Monza,it Serie A,23,2000,1,3,3,0.1,0.0,0,,0,1,3,17,3.00,0,0,0,0.00,+0.32,Matches
382,Marcus Bettinelli,eng ENG,GK,Chelsea,eng Premier League,31,1992,0,,,0.0,0.0,0,,0,0,,17,0.00,1,2,-1,,,Matches
383,Sam Beukema,nl NED,DF,Bologna,it Serie A,24,1998,30,2547,85,74.5,28.3,29,87,26,1,16,5,1.90,40,27,+13,+0.46,-0.47,Matches
384,Jordan Beyer,de GER,DF,Burnley,eng Premier League,23,2000,15,1234,82,36.1,13.7,15,82,10,0,,0,0.73,14,23,-9,-0.66,+0.50,Matches
385,Christian Biagetti,it ITA,DF,Fiorentina,it Serie A,19,2004,0,,,,,0,,0,0,,1,,,,,,,Matches
386,Côme Bianay Balcot,fr FRA,DF,Torino,it Serie A,18,2005,0,,,,,0,,0,0,,3,,,,,,,Matches
387,Soufiane Bidaoui,ma MAR,"FW,MF",Frosinone,it Serie A,33,1990,0,,,,,0,,0,0,,7,,,,,,,Matches
388,Pep Biel,es ESP,"FW,MF",Augsburg,de Bundesliga,26,1996,11,285,26,9.3,3.2,0,,0,11,26,3,1.09,4,4,0,0.00,+0.32,Matches
389,Jaka Bijol,si SVN,DF,Udinese,it Serie A,24,1999,24,2084,87,60.9,23.2,23,90,23,1,14,0,1.00,18,29,-11,-0.48,-0.14,Matches
390,El Bilal Touré,ml MLI,FW,Atalanta,it Serie A,21,2001,11,394,36,11.5,4.4,3,75,2,8,21,8,2.18,6,3,+3,+0.69,-0.12,Matches
391,Philip Billing,dk DEN,MF,Bournemouth,eng Premier League,27,1996,29,1398,48,40.9,15.5,13,83,6,16,20,4,1.24,18,36,-18,-1.16,-1.38,Matches
392,Cristiano Biraghi,it ITA,DF,Fiorentina,it Serie A,30,1992,29,2356,81,68.9,26.2,27,86,21,2,14,7,1.59,39,31,+8,+0.31,-0.29,Matches
393,Davide Biraschi,it ITA,DF,Genoa,it Serie A,29,1994,1,90,90,2.6,1.0,1,90,1,0,,2,0.00,1,4,-3,-3.00,-3.08,Matches
394,Samuele Birindelli,it ITA,"MF,DF",Monza,it Serie A,24,1999,35,2013,58,58.9,22.4,22,76,8,13,25,2,1.20,25,33,-8,-0.36,-0.10,Matches
395,Tom Bischof,de GER,MF,Hoffenheim,de Bundesliga,18,2005,13,178,14,5.8,2.0,1,77,0,12,8,15,1.08,9,4,+5,+2.53,+2.68,Matches
396,Yves Bissouma,ml MLI,MF,Tottenham Hotspur,eng Premier League,26,1996,28,2068,74,60.5,23.0,26,77,8,2,28,0,1.75,44,35,+9,+0.39,+0.13,Matches
397,Leonardo Bittencourt,de GER,MF,Werder Bremen,de Bundesliga,29,1993,29,1578,54,51.6,17.5,19,75,1,10,15,3,1.24,23,23,0,0.00,+0.36,Matches
398,Marco Bizot,nl NED,GK,Brest,fr Ligue 1,32,1991,32,2876,90,94.0,32.0,32,90,31,0,,0,1.72,49,34,+15,+0.47,-1.49,Matches
399,Billy Blacker,eng ENG,FW,Sheffield United,eng Premier League,17,2006,0,,,,,0,,0,0,,1,,,,,,,Matches
400,Antonio Blanco,es ESP,MF,Alavés,es La Liga,23,2000,33,2426,74,70.9,27.0,29,82,16,4,11,2,1.30,22,30,-8,-0.30,-0.12,Matches
401,Rubén Blanco,es ESP,GK,Marseille,fr Ligue 1,28,1995,2,121,61,4.0,1.3,1,90,1,1,31,30,0.00,0,2,-2,-1.49,-1.89,Matches
402,Hendry Blank,de GER,DF,Dortmund,de Bundesliga,18,2004,1,45,45,1.5,0.5,0,,0,1,45,4,3.00,3,0,+3,+6.00,+5.34,Matches
403,Ludovic Blas,fr FRA,"MF,FW",Rennes,fr Ligue 1,25,1997,29,1563,54,51.1,17.4,18,76,6,11,18,3,1.28,22,21,+1,+0.06,-0.30,Matches
404,Janis Blaswich,de GER,GK,RB Leipzig,de Bundesliga,32,1991,21,1890,90,61.8,21.0,21,90,21,0,,13,1.62,45,30,+15,+0.71,-1.05,Matches
405,Alexis Blin,fr FRA,MF,Lecce,it Serie A,26,1996,31,1642,53,48.0,18.2,16,81,9,15,23,4,1.16,19,25,-6,-0.33,+0.48,Matches
406,Daley Blind,nl NED,DF,Girona,es La Liga,33,1990,34,2972,87,86.9,33.0,33,90,32,1,3,1,2.29,78,37,+41,+1.24,+1.64,Matches
407,Myron Boadu,nl NED,FW,Monaco,fr Ligue 1,22,2001,9,85,9,2.8,0.9,0,,0,9,9,5,1.78,1,1,0,0.00,-0.79,Matches
408,Benicio Boaitey,eng ENG,FW,Brighton,eng Premier League,19,2004,5,40,8,1.2,0.4,0,,0,5,8,9,1.00,1,1,0,0.00,+0.19,Matches
409,Jérôme Boateng,de GER,DF,Salernitana,it Serie A,34,1988,7,238,34,7.0,2.6,4,47,0,3,17,1,0.29,2,9,-7,-2.65,-1.46,Matches
410,Oscar Bobb,no NOR,MF,Manchester City,eng Premier League,20,2003,14,302,22,8.8,3.4,2,75,1,12,13,21,2.57,12,4,+8,+2.38,+0.83,Matches
411,Pietro Boer,it ITA,GK,Roma,it Serie A,21,2002,0,,,,,0,,0,0,,36,,,,,,,Matches
412,Sacha Boey,fr FRA,MF,Bayern Munich,de Bundesliga,22,2000,2,109,55,3.6,1.2,1,80,0,1,29,2,1.50,2,2,0,0.00,-1.49,Matches
413,Jeremie Boga,ci CIV,"FW,MF",Nice,fr Ligue 1,26,1997,28,1998,71,65.3,22.2,24,79,7,4,23,0,1.75,28,19,+9,+0.41,+0.24,Matches
414,Jayden Bogle,eng ENG,"MF,DF",Sheffield United,eng Premier League,23,2000,34,2788,82,81.5,31.0,32,84,23,2,43,1,0.44,29,79,-50,-1.61,+1.09,Matches
415,Emil Bohinen,no NOR,MF,Genoa,it Serie A,24,1999,5,56,11,1.6,0.6,0,,0,5,11,12,2.60,0,0,0,0.00,0.00,Matches
416,Emil Bohinen,no NOR,MF,Salernitana,it Serie A,24,1999,12,535,45,15.6,5.9,7,57,0,5,28,5,0.50,3,14,-11,-1.85,-0.67,Matches
417,Adama Bojang,gm GAM,FW,Reims,fr Ligue 1,19,2004,9,83,9,2.7,0.9,0,,0,9,9,12,0.89,2,4,-2,-2.17,-2.08,Matches
418,Daniel Boloca,ro ROU,MF,Sassuolo,it Serie A,24,1998,30,2022,67,59.1,22.5,23,80,13,7,26,4,0.93,29,42,-13,-0.58,+0.64,Matches
419,Willy Boly,ci CIV,DF,Nottingham Forest,eng Premier League,32,1991,20,1438,72,42.0,16.0,18,79,11,2,10,3,1.00,17,23,-6,-0.38,+0.17,Matches
420,Giacomo Bonaventura,it ITA,MF,Fiorentina,it Serie A,33,1989,31,2277,73,66.6,25.3,27,80,11,4,28,4,1.35,35,29,+6,+0.24,-0.47,Matches
421,Federico Bonazzoli,it ITA,FW,Hellas Verona,it Serie A,26,1997,24,1016,42,29.7,11.3,10,62,0,14,28,14,0.88,13,12,+1,+0.09,+0.61,Matches
422,Luca Boncori,it ITA,FW,Salernitana,it Serie A,17,2006,0,,,,,0,,0,0,,2,,,,,,,Matches
423,Warren Bondo,fr FRA,MF,Monza,it Serie A,19,2003,25,1475,59,43.1,16.4,14,79,8,11,34,11,1.28,20,27,-7,-0.43,-0.20,Matches
424,Giovanni Bonfanti,it ITA,DF,Atalanta,it Serie A,20,2003,2,89,45,2.6,1.0,1,74,0,1,15,18,1.50,2,1,+1,+1.01,+0.23,Matches
425,Victor Boniface,ng NGA,FW,Leverkusen,de Bundesliga,22,2000,23,1546,67,50.5,17.2,18,80,4,5,21,0,2.57,52,13,+39,+2.27,+0.72,Matches
426,Kevin Bonifazi,it ITA,DF,Bologna,it Serie A,27,1996,1,90,90,2.6,1.0,1,90,1,0,,13,1.00,1,1,0,0.00,-0.59,Matches
427,Kevin Bonifazi,it ITA,DF,Frosinone,it Serie A,27,1996,6,309,52,9.0,3.4,3,90,3,3,13,3,1.33,1,10,-9,-2.62,-2.16,Matches
428,Leonardo Bonucci,it ITA,DF,Union Berlin,de Bundesliga,36,1987,7,460,66,15.0,5.1,6,73,2,1,23,5,0.43,3,13,-10,-1.96,-1.44,Matches
429,Alexandru Borbei,ro ROU,GK,Lecce,it Serie A,20,2003,0,,,,,0,,0,0,,13,,,,,,,Matches
430,Neto Borges,br BRA,"MF,DF",Clermont Foot,fr Ligue 1,26,1996,28,2516,90,82.2,28.0,28,90,27,0,,0,0.75,23,51,-28,-1.00,-0.01,Matches
431,Yvandro Borges Sanches,lu LUX,MF,Gladbach,de Bundesliga,19,2004,3,18,6,0.6,0.2,0,,0,3,6,4,0.67,1,0,+1,+5.00,+5.36,Matches
432,Sebastiaan Bornauw,be BEL,DF,Wolfsburg,de Bundesliga,24,1999,20,1431,72,46.8,15.9,16,84,12,4,20,7,1.10,17,30,-13,-0.82,-0.71,Matches
433,Théo Borne,fr FRA,GK,Clermont Foot,fr Ligue 1,21,2002,0,,,,,0,,0,0,,3,,,,,,,Matches
434,Rafael Borré,co COL,FW,Werder Bremen,de Bundesliga,27,1995,19,991,52,32.4,11.0,11,77,2,8,19,1,1.37,13,18,-5,-0.45,-0.41,Matches
435,Gennaro Borrelli,it ITA,FW,Frosinone,it Serie A,23,2000,1,24,24,0.7,0.3,0,,0,1,24,1,0.00,0,1,-1,-3.75,-3.11,Matches
436,Adri Bosch,es ESP,DF,Granada,es La Liga,22,2001,1,26,26,0.8,0.3,0,,0,1,26,12,0.00,2,2,0,0.00,+1.09,Matches
437,Erik Botheim,no NOR,"FW,MF",Salernitana,it Serie A,23,2000,7,316,45,9.2,3.5,4,64,0,3,21,14,0.43,2,7,-5,-1.42,-0.15,Matches
438,Sven Botman,nl NED,DF,Newcastle United,eng Premier League,23,2000,17,1377,81,40.3,15.3,15,88,12,2,31,0,1.35,37,29,+8,+0.52,-0.14,Matches
439,Saïmon Bouabré,fr FRA,MF,Monaco,fr Ligue 1,17,2006,1,45,45,1.5,0.5,0,,0,1,45,2,3.00,1,0,+1,+2.00,+1.25,Matches
440,Ayyoub Bouaddi,fr FRA,MF,Lille,fr Ligue 1,15,2007,9,131,15,4.3,1.5,1,44,0,8,11,15,2.00,2,1,+1,+0.69,+0.16,Matches
441,Badredine Bouanani,dz ALG,FW,Nice,fr Ligue 1,18,2004,7,161,23,5.3,1.8,1,59,0,6,17,9,1.00,0,0,0,0.00,-0.34,Matches
442,Badredine Bouanani,dz ALG,MF,Lorient,fr Ligue 1,18,2004,11,443,40,14.5,4.9,4,75,1,7,21,2,0.91,7,5,+2,+0.41,+1.27,Matches
443,Mohamed Bouchenna,fr FRA,FW,Clermont Foot,fr Ligue 1,17,2006,2,29,15,0.9,0.3,0,,0,2,15,1,0.00,0,2,-2,-6.21,-5.26,Matches
444,Hicham Boudaoui,dz ALG,MF,Nice,fr Ligue 1,23,1999,29,1613,56,52.7,17.9,17,83,8,12,17,0,1.59,20,16,+4,+0.22,-0.21,Matches
445,Teddy Boulhendi,fr FRA,GK,Nice,fr Ligue 1,22,2001,0,,,,,0,,0,0,,10,,,,,,,Matches
446,Yassine Bounou,ma MAR,GK,Sevilla,es La Liga,32,1991,1,90,90,2.6,1.0,1,90,1,0,,0,0.00,1,2,-1,-1.00,-0.86,Matches
447,Mehdi Bourabia,ma MAR,MF,Frosinone,it Serie A,31,1991,10,200,20,5.8,2.2,3,50,0,7,7,10,0.90,1,9,-8,-3.60,-3.12,Matches
448,Benjamin Bourigeaud,fr FRA,MF,Rennes,fr Ligue 1,29,1994,32,2425,76,79.2,26.9,29,81,12,3,29,0,1.31,43,42,+1,+0.04,-0.81,Matches
449,Bilal Boutobba,fr FRA,"MF,FW",Clermont Foot,fr Ligue 1,24,1998,27,926,34,30.3,10.3,10,75,1,17,10,6,0.74,6,20,-14,-1.36,-0.52,Matches
450,Hugo Boutsingkham,fr FRA,DF,Nantes,fr Ligue 1,20,2003,2,11,6,0.4,0.1,0,,0,2,6,5,2.00,0,1,-1,-8.18,-7.47,Matches
451,Edoardo Bove,it ITA,MF,Roma,it Serie A,21,2002,31,1780,57,52.0,19.8,18,78,9,13,29,7,1.68,30,21,+9,+0.46,-0.09,Matches
452,Jarrod Bowen,eng ENG,"MF,FW",West Ham United,eng Premier League,26,1996,34,3019,89,88.3,33.5,34,89,31,0,,0,1.44,53,63,-10,-0.30,+0.60,Matches
453,Lucas Boyé,ar ARG,FW,Granada,es La Liga,27,1996,31,2541,82,74.3,28.2,30,83,15,1,45,0,0.52,26,57,-31,-1.10,-0.07,Matches
454,Domagoj Bradarić,hr CRO,"MF,DF",Salernitana,it Serie A,23,1999,34,2749,81,80.4,30.5,30,87,25,4,38,0,0.44,24,65,-41,-1.34,-0.27,Matches
455,Conor Bradley,nir NIR,DF,Liverpool,eng Premier League,20,2003,11,753,68,22.0,8.4,10,73,2,1,20,8,2.36,18,7,+11,+1.31,+0.17,Matches
456,Bilal Brahimi,dz ALG,"FW,MF",Nice,fr Ligue 1,23,2000,2,11,6,0.4,0.1,0,,0,2,6,0,1.00,0,0,0,0.00,-0.32,Matches
457,Bilal Brahimi,dz ALG,FW,Brest,fr Ligue 1,23,2000,18,221,12,7.2,2.5,1,59,0,17,10,8,1.56,2,0,+2,+0.81,+0.28,Matches
458,Federico Brancolini,it ITA,GK,Lecce,it Serie A,22,2001,0,,,,,0,,0,0,,34,,,,,,,Matches
459,Julian Brandt,de GER,MF,Dortmund,de Bundesliga,27,1996,32,2223,69,72.6,24.7,26,78,12,6,33,0,1.84,44,29,+15,+0.61,-0.47,Matches
460,Jarrad Branthwaite,eng ENG,DF,Everton,eng Premier League,21,2002,35,3116,89,91.1,34.6,35,89,34,0,,2,1.29,38,44,-6,-0.17,+1.31,Matches
461,Darko Brašanac,rs SRB,MF,Osasuna,es La Liga,31,1992,2,48,24,1.4,0.5,0,,0,2,24,10,1.50,1,1,0,0.00,+0.29,Matches
462,Lilian Brassier,fr FRA,DF,Brest,fr Ligue 1,23,1999,30,2677,89,87.5,29.7,30,89,28,0,,0,1.90,49,29,+20,+0.67,+0.91,Matches
463,Brau,es ESP,DF,Granada,es La Liga,21,2001,1,31,31,0.9,0.3,0,,0,1,31,0,0.00,0,3,-3,-8.71,-7.70,Matches
464,Claudio Bravo,cl CHI,GK,Real Betis,es La Liga,40,1983,7,630,90,18.4,7.0,7,90,7,0,,13,1.86,11,5,+6,+0.86,+0.95,Matches
465,Fabian Bredlow,de GER,GK,Stuttgart,de Bundesliga,28,1995,4,360,90,11.8,4.0,4,90,4,0,,26,2.50,9,3,+6,+1.50,+0.40,Matches
466,Tim Breithaupt,de GER,MF,Augsburg,de Bundesliga,21,2002,16,629,39,20.6,7.0,6,70,1,10,21,13,0.88,6,19,-13,-1.86,-1.97,Matches
467,Josip Brekalo,hr CRO,MF,Fiorentina,it Serie A,25,1998,11,652,59,19.1,7.2,8,72,2,3,27,9,1.82,13,11,+2,+0.28,-0.15,Matches
468,Gleison Bremer,br BRA,DF,Juventus,it Serie A,26,1997,36,3233,90,94.5,35.9,36,90,35,0,,1,1.86,50,29,+21,+0.58,-0.38,Matches
469,Brenner,br BRA,"MF,FW",Udinese,it Serie A,23,2000,8,189,24,5.5,2.1,2,49,0,6,15,9,1.38,0,1,-1,-0.48,-0.06,Matches
470,Ben Brereton,cl CHI,"FW,MF",Sheffield United,eng Premier League,24,1999,14,1105,79,32.3,12.3,14,79,8,0,,1,0.29,16,37,-21,-1.71,+0.16,Matches
471,Ben Brereton,cl CHI,"MF,FW",Villarreal,es La Liga,24,1999,14,270,19,7.9,3.0,2,67,0,12,11,5,0.86,3,3,0,0.00,0.00,Matches
472,Marco Brescianini,it ITA,MF,Frosinone,it Serie A,23,2000,36,2321,64,67.9,25.8,24,83,11,12,28,1,0.94,29,49,-20,-0.78,-0.37,Matches
473,Maximilian Breunig,de GER,FW,Freiburg,de Bundesliga,22,2000,2,9,5,0.3,0.1,0,,0,2,5,6,1.50,0,1,-1,-10.00,-9.65,Matches
474,Rhian Brewster,eng ENG,FW,Sheffield United,eng Premier League,23,2000,13,346,27,10.1,3.8,3,61,0,10,16,1,0.54,0,8,-8,-2.08,-0.29,Matches
475,Matteo Brezzo,it ITA,GK,Torino,it Serie A,18,2005,0,,,,,0,,0,0,,4,,,,,,,Matches
476,Ethan Brierley,eng ENG,MF,Brentford,eng Premier League,19,2003,0,,,,,0,,0,0,,13,,,,,,,Matches
477,Bennit Bröger,de GER,MF,Wolfsburg,de Bundesliga,17,2006,1,11,11,0.4,0.1,0,,0,1,11,0,0.00,0,1,-1,-8.18,-7.77,Matches
478,Armando Broja,al ALB,FW,Chelsea,eng Premier League,21,2001,13,454,35,13.3,5.0,6,60,0,7,14,1,1.69,8,5,+3,+0.59,+0.26,Matches
479,Armando Broja,al ALB,FW,Fulham,eng Premier League,21,2001,8,88,11,2.6,1.0,0,,0,8,11,4,1.38,2,4,-2,-2.05,-1.94,Matches
480,Dylan Bronn,tn TUN,DF,Salernitana,it Serie A,28,1995,4,52,13,1.5,0.6,0,,0,4,13,13,1.00,0,4,-4,-6.92,-5.72,Matches
481,Joshua Brooking,eng ENG,DF,Chelsea,eng Premier League,20,2002,0,,,,,0,,0,0,,1,,,,,,,Matches
482,Andre Brooks,jm JAM,MF,Sheffield United,eng Premier League,19,2003,20,938,47,27.4,10.4,12,62,0,8,24,11,0.25,5,29,-24,-2.30,-0.67,Matches
483,David Brooks,wls WAL,MF,Bournemouth,eng Premier League,26,1997,13,282,22,8.2,3.1,2,65,0,11,14,7,0.92,5,7,-2,-0.64,-0.32,Matches
484,John Brooks,us USA,DF,Hoffenheim,de Bundesliga,30,1993,21,1539,73,50.3,17.1,18,81,14,3,26,10,1.76,36,32,+4,+0.23,+0.47,Matches
485,Moritz Broschinski,de GER,"FW,MF",Bochum,de Bundesliga,22,2000,26,1247,48,40.8,13.9,14,71,3,12,21,4,1.12,20,26,-6,-0.43,+0.86,Matches
486,Jacob Brown,sct SCO,"MF,FW",Luton Town,eng Premier League,25,1998,19,1019,54,29.8,11.3,12,73,4,7,21,2,0.84,16,26,-10,-0.88,-0.02,Matches
487,Josh Brownhill,eng ENG,MF,Burnley,eng Premier League,27,1995,33,2252,68,65.8,25.0,23,87,18,10,26,4,0.67,27,52,-25,-1.00,-0.07,Matches
488,Paris Brunner,de GER,FW,Dortmund,de Bundesliga,17,2006,0,,,,,0,,0,0,,1,,,,,,,Matches
489,Alexander Brunst,de GER,GK,Darmstadt 98,de Bundesliga,28,1995,3,270,90,8.8,3.0,3,90,3,0,,21,0.20,2,16,-14,-4.67,-3.31,Matches
490,Jacob Bruun Larsen,dk DEN,MF,Burnley,eng Premier League,24,1998,32,1249,39,36.5,13.9,16,64,0,16,14,5,0.69,15,24,-9,-0.65,+0.51,Matches
491,Tajon Buchanan,ca CAN,"DF,MF",Inter,it Serie A,24,1999,10,161,16,4.7,1.8,0,,0,10,16,9,1.90,6,0,+6,+3.35,+1.67,Matches
492,Daniel Budesca,es ESP,DF,Villarreal,es La Liga,17,2006,0,,,,,0,,0,0,,1,,,,,,,Matches
493,Ante Budimir,hr CRO,FW,Osasuna,es La Liga,32,1991,33,2435,74,71.2,27.1,29,81,10,4,19,1,1.30,34,40,-6,-0.22,+0.24,Matches
494,Guille Bueno,es ESP,DF,Dortmund,de Bundesliga,20,2002,0,,,,,0,,0,0,,1,,,,,,,Matches
495,Hugo Bueno,es ESP,"MF,DF",Wolves,eng Premier League,20,2002,22,741,34,21.7,8.2,7,76,1,15,14,11,1.14,7,16,-9,-1.09,-0.89,Matches
496,Manu Bueno,es ESP,MF,Sevilla,es La Liga,19,2004,4,117,29,3.4,1.3,1,84,0,3,11,10,1.50,0,2,-2,-1.54,-1.43,Matches
497,Santiago Bueno,uy URU,DF,Wolves,eng Premier League,24,1998,12,822,69,24.0,9.1,9,84,7,3,21,18,0.92,12,18,-6,-0.66,-0.35,Matches
498,Santiago Bueno,uy URU,DF,Girona,es La Liga,24,1998,0,,,,,0,,0,0,,1,,,,,,,Matches
499,Marius Bülter,de GER,MF,Hoffenheim,de Bundesliga,30,1993,30,1351,45,44.2,15.0,15,71,5,15,19,1,1.40,27,30,-3,-0.20,-0.36,Matches
500,Facundo Buonanotte,ar ARG,"MF,FW",Brighton,eng Premier League,18,2004,27,1364,51,39.9,15.2,17,65,1,10,25,6,1.19,19,20,-1,-0.07,+0.20,Matches
501,Alessandro Buongiorno,it ITA,DF,Torino,it Serie A,24,1999,29,2527,87,73.9,28.1,29,87,26,0,,1,1.52,29,22,+7,+0.25,+0.95,Matches
502,Jonathan Burkardt,de GER,"FW,MF",Mainz 05,de Bundesliga,23,2000,21,1538,73,50.3,17.1,18,82,10,3,22,0,1.19,24,20,+4,+0.23,+1.18,Matches
503,Oliver Burke,sct SCO,"FW,MF",Werder Bremen,de Bundesliga,26,1997,1,32,32,1.0,0.4,0,,0,1,32,0,0.00,0,3,-3,-8.44,-8.35,Matches
504,Reece Burke,eng ENG,DF,Luton Town,eng Premier League,26,1996,22,1660,75,48.5,18.4,20,79,12,2,41,3,0.68,24,37,-13,-0.70,+0.32,Matches
505,Vincent Burlet,be BEL,DF,Lille,fr Ligue 1,17,2005,0,,,,,0,,0,0,,2,,,,,,,Matches
506,Dan Burn,eng ENG,DF,Newcastle United,eng Premier League,31,1992,33,2726,83,79.7,30.3,32,85,24,1,18,0,1.64,74,45,+29,+0.96,+1.74,Matches
507,Rareș-Cătălin Burnete,ro ROU,FW,Lecce,it Serie A,19,2004,1,8,8,0.2,0.1,0,,0,1,8,17,3.00,2,0,+2,+22.50,+23.13,Matches
508,Mason Burstow,eng ENG,FW,Chelsea,eng Premier League,19,2003,2,9,5,0.3,0.1,0,,0,2,5,1,1.50,0,1,-1,-10.00,-10.40,Matches
509,Marnon Busch,de GER,DF,Heidenheim,de Bundesliga,28,1994,16,595,37,19.4,6.6,5,67,2,11,23,5,1.00,8,11,-3,-0.45,-0.38,Matches
510,Maxime Busi,be BEL,MF,Reims,fr Ligue 1,23,1999,5,162,32,5.3,1.8,1,90,1,4,18,3,2.60,3,1,+2,+1.11,+1.33,Matches
511,Jakob Busk,dk DEN,GK,Union Berlin,de Bundesliga,29,1993,0,,,,,0,,0,0,,6,,,,,,,Matches
512,Pablo Busto,es ESP,DF,Real Betis,es La Liga,17,2005,2,44,22,1.3,0.5,0,,0,2,22,5,1.50,1,0,+1,+2.05,+1.99,Matches
513,Aurélio Buta,pt POR,"MF,DF",Eintracht Frankfurt,de Bundesliga,26,1997,30,1744,58,57.0,19.4,20,78,7,10,18,2,1.40,30,33,-3,-0.15,-0.43,Matches
514,Jili Buyabu,eng ENG,MF,Sheffield United,eng Premier League,21,2001,0,,,,,0,,0,0,,2,,,,,,,Matches
515,Marcin Bułka,pl POL,GK,Nice,fr Ligue 1,23,1999,34,3060,90,100.0,34.0,34,90,34,0,,0,1.62,40,29,+11,+0.32,,Matches
516,Anders Børset,no NOR,DF,Wolfsburg,de Bundesliga,17,2006,0,,,,,0,,0,0,,1,,,,,,,Matches
517,Rémy Cabella,fr FRA,"MF,FW",Lille,fr Ligue 1,33,1990,30,1477,49,48.3,16.4,14,84,6,16,19,1,1.80,27,17,+10,+0.61,+0.15,Matches
518,Jimmy Cabot,fr FRA,"FW,MF",Lens,fr Ligue 1,29,1994,0,,,,,0,,0,0,,1,,,,,,,Matches
519,Jovane Cabral,cv CPV,"MF,FW",Salernitana,it Serie A,25,1998,12,678,57,19.8,7.5,8,78,3,4,14,3,0.33,2,14,-12,-1.59,-0.38,Matches
520,Liberato Cacace,nz NZL,"DF,MF",Empoli,it Serie A,22,2000,31,1912,62,55.9,21.2,18,84,11,13,31,6,1.10,22,30,-8,-0.38,+0.64,Matches
521,Anthony Caci,fr FRA,"MF,DF",Mainz 05,de Bundesliga,26,1997,31,2486,80,81.2,27.6,29,84,20,2,19,0,1.06,32,45,-13,-0.47,-0.63,Matches
522,Moisés Caicedo,ec ECU,MF,Chelsea,eng Premier League,21,2001,35,2866,82,83.8,31.8,33,85,23,2,26,0,1.74,67,51,+16,+0.50,+0.83,Matches
523,Tom Cairney,sct SCO,MF,Fulham,eng Premier League,32,1991,34,1488,44,43.5,16.5,14,77,6,20,21,4,1.18,28,27,+1,+0.06,+0.39,Matches
524,Jens Cajuste,se SWE,MF,Napoli,it Serie A,23,1999,26,1016,39,29.7,11.3,11,70,2,15,16,8,1.62,18,18,0,0.00,-0.26,Matches
525,Nicolò Calabrese,it ITA,DF,Hellas Verona,it Serie A,18,2004,0,,,,,0,,0,0,,3,,,,,,,Matches
526,Davide Calabria,it ITA,DF,Milan,it Serie A,26,1996,29,2185,75,63.9,24.3,26,81,13,3,29,4,2.07,49,27,+22,+0.91,+0.54,Matches
527,Riccardo Calafiori,it ITA,DF,Bologna,it Serie A,21,2002,30,2349,78,68.7,26.1,26,89,23,4,12,6,1.97,44,20,+24,+0.92,+1.09,Matches
528,Mattia Caldara,it ITA,DF,Milan,it Serie A,29,1994,1,33,33,1.0,0.4,0,,0,1,33,5,1.00,1,3,-2,-5.45,-6.23,Matches
529,Luca Caldirola,it ITA,DF,Monza,it Serie A,32,1991,29,2141,74,62.6,23.8,23,87,19,6,22,7,1.10,25,37,-12,-0.50,-0.50,Matches
530,Duje Ćaleta-Car,hr CRO,DF,Lyon,fr Ligue 1,26,1996,24,1993,83,65.1,22.1,22,90,21,2,7,3,1.83,35,32,+3,+0.14,+0.89,Matches
531,Hakan Çalhanoğlu,tr TUR,MF,Inter,it Serie A,29,1994,32,2556,80,74.7,28.4,32,80,12,0,,3,2.47,59,19,+40,+1.41,-1.40,Matches
532,José Callejón,es ESP,"MF,FW",Granada,es La Liga,36,1987,25,803,32,23.5,8.9,7,65,0,18,19,13,0.72,8,21,-13,-1.46,-0.49,Matches
533,Alessandro Calligaris,it ITA,GK,Inter,it Serie A,18,2005,0,,,,,0,,0,0,,2,,,,,,,Matches
534,Simone Calvani,it ITA,GK,Genoa,it Serie A,18,2005,0,,,,,0,,0,0,,2,,,,,,,Matches
535,Dominic Calvert-Lewin,eng ENG,FW,Everton,eng Premier League,26,1997,32,2171,68,63.5,24.1,26,78,4,6,26,0,1.28,26,27,-1,-0.04,+0.68,Matches
536,Etienne Camara,fr FRA,MF,Udinese,it Serie A,20,2003,0,,,,,0,,0,0,,22,,,,,,,Matches
537,Lamine Camara,sn SEN,MF,Metz,fr Ligue 1,19,2004,31,2255,73,73.7,25.1,26,81,12,5,30,1,0.84,31,42,-11,-0.44,+0.90,Matches
538,Mahdi Camara,fr FRA,MF,Brest,fr Ligue 1,25,1998,32,2020,63,66.0,22.4,26,72,1,6,24,0,1.81,30,24,+6,+0.27,-0.86,Matches
539,Mohamed Camara,ml MLI,MF,Monaco,fr Ligue 1,23,2000,20,1035,52,33.8,11.5,14,71,2,6,7,4,2.30,27,12,+15,+1.30,+0.82,Matches
540,Francesco Camarda,it ITA,FW,Milan,it Serie A,15,2008,2,14,7,0.4,0.2,0,,0,2,7,0,3.00,0,0,0,0.00,-0.71,Matches
541,Eduardo Camavinga,fr FRA,MF,Real Madrid,es La Liga,20,2002,31,1817,59,53.1,20.2,21,75,5,10,25,0,2.45,47,14,+33,+1.63,+0.06,Matches
542,Nicolò Cambiaghi,it ITA,"FW,MF",Empoli,it Serie A,22,2000,37,2553,69,74.6,28.4,29,82,11,8,24,0,0.97,20,42,-22,-0.78,-0.46,Matches
543,Andrea Cambiaso,it ITA,MF,Juventus,it Serie A,23,2000,34,2372,70,69.4,26.4,28,79,4,6,27,1,1.82,31,22,+9,+0.34,-0.86,Matches
544,Axel Camblan,fr FRA,FW,Brest,fr Ligue 1,19,2003,7,90,13,2.9,1.0,0,,0,7,13,15,1.57,0,1,-1,-1.00,-1.61,Matches
545,Sergio Camello,es ESP,FW,Rayo Vallecano,es La Liga,22,2001,31,1661,54,48.6,18.5,20,70,1,11,24,6,0.94,12,27,-15,-0.81,-0.61,Matches
546,José Campaña,es ESP,MF,Las Palmas,es La Liga,30,1993,8,171,21,5.0,1.9,1,55,0,7,17,4,0.50,0,2,-2,-1.05,-0.72,Matches
547,Allan Campbell,sct SCO,MF,Luton Town,eng Premier League,25,1998,0,,,,,0,,0,0,,1,,,,,,,Matches
548,Elijah Campbell,eng ENG,DF,Everton,eng Premier League,18,2004,0,,,,,0,,0,0,,1,,,,,,,Matches
549,Marco Camús,es ESP,MF,Valencia,es La Liga,21,2001,0,,,,,0,,0,0,,1,,,,,,,Matches
550,Emre Can,de GER,MF,Dortmund,de Bundesliga,29,1994,25,1953,78,63.8,21.7,22,86,16,3,21,4,2.00,41,22,+19,+0.88,+0.39,Matches
551,Matteo Cancellieri,it ITA,"FW,MF",Empoli,it Serie A,21,2002,36,1788,50,52.3,19.9,18,74,4,18,25,0,0.92,17,25,-8,-0.40,+0.53,Matches
552,João Cancelo,pt POR,DF,Barcelona,es La Liga,29,1994,32,2503,78,73.2,27.8,29,83,21,3,32,0,2.16,53,35,+18,+0.65,-1.02,Matches
553,Fali Candé,gw GNB,DF,Metz,fr Ligue 1,25,1998,25,1849,74,60.4,20.5,20,89,18,5,13,8,1.00,25,39,-14,-0.68,-0.01,Matches
554,Antonio Candreva,it ITA,MF,Salernitana,it Serie A,36,1987,34,2750,81,80.4,30.6,32,83,22,2,40,0,0.47,23,60,-37,-1.21,+0.40,Matches
555,Lucas Cañizares,es ESP,GK,Real Madrid,es La Liga,21,2002,0,,,,,0,,0,0,,4,,,,,,,Matches
556,Tom Cannon,ie IRL,FW,Everton,eng Premier League,20,2002,1,1,1,0.0,0.0,0,,0,1,1,2,0.00,0,0,0,0.00,+0.29,Matches
557,Sergi Canós,es ESP,MF,Valencia,es La Liga,26,1997,27,1229,46,35.9,13.7,15,61,1,12,26,1,1.15,21,20,+1,+0.07,+0.32,Matches
558,Luigi Canotto,it ITA,"FW,MF",Frosinone,it Serie A,29,1994,1,16,16,0.5,0.2,0,,0,1,16,1,0.00,0,1,-1,-5.63,-4.99,Matches
559,Gino Caoki,fr FRA,FW,Lorient,fr Ligue 1,19,2004,1,7,7,0.2,0.1,0,,0,1,7,2,0.00,0,2,-2,-25.71,-25.10,Matches
560,Miguel Capitas,es ESP,MF,Sevilla,es La Liga,22,2001,0,,,,,0,,0,0,,1,,,,,,,Matches
561,Étienne Capoue,fr FRA,MF,Villarreal,es La Liga,35,1988,32,1455,45,42.5,16.2,15,80,9,17,15,5,1.31,29,33,-4,-0.25,-0.43,Matches
562,Elio Capradossi,ug UGA,DF,Cagliari,it Serie A,27,1996,0,,,,,0,,0,0,,2,,,,,,,Matches
563,Gianluca Caprari,it ITA,"MF,FW",Monza,it Serie A,30,1993,6,285,48,8.3,3.2,4,64,1,2,15,3,0.83,4,5,-1,-0.32,0.00,Matches
564,Elia Caprile,it ITA,GK,Empoli,it Serie A,21,2001,23,2070,90,60.5,23.0,23,90,23,0,,9,1.04,19,27,-8,-0.35,+0.79,Matches
565,Francesco Caputo,it ITA,FW,Empoli,it Serie A,35,1987,20,1268,63,37.1,14.1,15,75,4,5,27,6,0.70,8,22,-14,-0.99,-0.53,Matches
566,Maxence Caqueret,fr FRA,MF,Lyon,fr Ligue 1,23,2000,34,3022,89,98.8,33.6,34,89,30,0,,0,1.56,49,54,-5,-0.15,+2.22,Matches
567,Andrea Carboni,it ITA,DF,Monza,it Serie A,22,2001,21,1487,71,43.5,16.5,16,81,10,5,37,9,1.29,17,17,0,0.00,+0.56,Matches
568,Franco Carboni,it ITA,MF,Monza,it Serie A,20,2003,0,,,,,0,,0,0,,18,,,,,,,Matches
569,Valentin Carboni,ar ARG,MF,Monza,it Serie A,18,2005,31,1169,38,34.2,13.0,10,70,2,21,22,6,1.16,14,20,-6,-0.46,-0.22,Matches
570,Isaac Carcelen,es ESP,DF,Cádiz,es La Liga,30,1993,35,2611,75,76.3,29.0,29,87,25,6,16,3,0.86,20,38,-18,-0.62,+0.60,Matches
571,Dani Cárdenas,es ESP,GK,Rayo Vallecano,es La Liga,26,1997,1,90,90,2.6,1.0,1,90,1,0,,36,0.00,0,1,-1,-1.00,-0.51,Matches
572,Irvin Cardona,mt MLT,"FW,MF",Augsburg,de Bundesliga,25,1997,3,54,18,1.8,0.6,0,,0,3,18,1,0.33,2,1,+1,+1.67,+2.00,Matches
573,Marc Cardona,es ESP,FW,Las Palmas,es La Liga,28,1995,26,737,28,21.5,8.2,6,64,0,20,18,10,,11,7,+4,+0.49,+1.09,Matches
574,Sergi Cardona,es ESP,DF,Las Palmas,es La Liga,24,1999,35,2814,80,82.3,31.3,30,87,25,5,40,0,1.09,30,38,-8,-0.26,+0.64,Matches
575,Johnny Cardoso,us USA,MF,Real Betis,es La Liga,21,2001,17,1328,78,38.8,14.8,15,83,9,2,42,2,1.53,21,15,+6,+0.41,+0.54,Matches
576,Igor Carioca,br BRA,"MF,DF",Lorient,fr Ligue 1,26,1996,5,262,52,8.6,2.9,2,90,2,3,27,1,0.20,3,11,-8,-2.75,-2.27,Matches
577,Diego Carlos,br BRA,DF,Aston Villa,eng Premier League,30,1993,27,1816,67,53.1,20.2,20,86,18,7,15,5,1.56,35,36,-1,-0.05,-0.95,Matches
578,Juan Carlos,es ESP,GK,Girona,es La Liga,35,1988,0,,,0.0,0.0,0,,0,0,,30,0.00,2,3,-1,,,Matches
579,Carmona,es ESP,"MF,DF",Getafe,es La Liga,21,2002,30,1313,44,38.4,14.6,15,68,5,15,20,1,1.03,18,26,-8,-0.55,-0.38,Matches
580,Marco Carnesecchi,it ITA,GK,Atalanta,it Serie A,23,2000,27,2425,90,70.9,26.9,27,90,26,0,,11,1.85,53,30,+23,+0.85,+0.22,Matches
581,Yannick Carrasco,be BEL,"DF,MF",Atlético Madrid,es La Liga,29,1993,3,221,74,6.5,2.5,3,74,1,0,,0,2.33,6,1,+5,+2.04,+1.42,Matches
582,Álvaro Carreras,es ESP,"DF,MF",Manchester Utd,eng Premier League,20,2003,0,,,,,0,,0,0,,1,,,,,,,Matches
583,Álvaro Carreras,es ESP,"MF,FW",Granada,es La Liga,20,2003,13,475,37,13.9,5.3,5,67,0,8,18,2,0.46,10,11,-1,-0.19,+1.03,Matches
584,Álvaro Carrillo,es ESP,DF,Real Madrid,es La Liga,21,2002,0,,,,,0,,0,0,,3,,,,,,,Matches
585,Coke Carrillo,es ESP,GK,Celta Vigo,es La Liga,21,2002,0,,,,,0,,0,0,,13,,,,,,,Matches
586,Scott Carson,eng ENG,GK,Manchester City,eng Premier League,37,1985,0,,,,,0,,0,0,,13,,,,,,,Matches
587,Rasmus Carstensen,dk DEN,"DF,MF",Köln,de Bundesliga,22,2000,23,1659,72,54.2,18.4,18,87,11,5,20,9,0.61,14,40,-26,-1.41,-1.03,Matches
588,Antonin Cartillier,fr FRA,DF,Brest,fr Ligue 1,19,2004,0,,,,,0,,0,0,,10,,,,,,,Matches
589,Antonin Cartillier,fr FRA,DF,Monaco,fr Ligue 1,19,2004,1,8,8,0.3,0.1,0,,0,1,8,5,0.00,0,1,-1,-11.25,-12.05,Matches
590,Dani Carvajal,es ESP,DF,Real Madrid,es La Liga,31,1992,28,2171,78,63.5,24.1,25,86,18,3,8,5,2.57,55,13,+42,+1.74,+0.37,Matches
591,Fabio Carvalho,pt POR,MF,RB Leipzig,de Bundesliga,20,2002,9,165,18,5.4,1.8,1,69,0,8,12,7,1.67,2,0,+2,+1.09,-0.03,Matches
592,William Carvalho,pt POR,MF,Real Betis,es La Liga,31,1992,22,680,31,19.9,7.6,4,60,0,18,25,3,1.55,11,10,+1,+0.13,+0.07,Matches
593,Cesare Casadei,it ITA,MF,Chelsea,eng Premier League,20,2003,11,79,7,2.3,0.9,0,,0,11,7,6,1.91,2,2,0,0.00,-0.38,Matches
594,Marc Casado,es ESP,MF,Barcelona,es La Liga,19,2003,2,15,8,0.4,0.2,0,,0,2,8,19,3.00,0,0,0,0.00,-0.93,Matches
595,Nicolò Casale,it ITA,DF,Lazio,it Serie A,25,1998,20,1559,78,45.6,17.3,16,85,14,4,49,13,1.50,22,24,-2,-0.12,-0.70,Matches
596,Casemiro,br BRA,"MF,DF",Manchester Utd,eng Premier League,31,1992,25,1982,79,58.0,22.0,24,82,18,1,11,1,1.60,36,34,+2,+0.09,+0.28,Matches
597,Kaelan Casey,eng ENG,DF,West Ham United,eng Premier League,18,2004,1,1,1,0.0,0.0,0,,0,1,1,7,3.00,0,0,0,0.00,+0.37,Matches
598,Matty Cash,pl POL,"DF,MF",Aston Villa,eng Premier League,25,1997,29,2142,74,62.6,23.8,23,84,16,6,34,2,1.86,49,36,+13,+0.55,+0.41,Matches
599,Josué Casimir,ht HAI,"MF,FW",Le Havre,fr Ligue 1,21,2001,30,2016,67,65.9,22.4,25,75,6,5,30,0,0.90,20,29,-9,-0.40,-0.23,Matches
600,Giuseppe Caso,it ITA,FW,Frosinone,it Serie A,24,1998,14,417,30,12.2,4.6,2,64,0,12,24,8,0.93,10,10,0,0.00,+0.75,Matches
601,Cristian Cásseres Jr.,ve VEN,MF,Toulouse,fr Ligue 1,23,2000,32,1946,61,63.6,21.6,23,78,11,9,16,2,1.31,28,31,-3,-0.14,-0.06,Matches
602,Timothy Castagne,be BEL,DF,Fulham,eng Premier League,27,1995,34,2634,77,77.0,29.3,29,88,25,5,16,1,1.26,41,40,+1,+0.03,+0.84,Matches
603,Koen Casteels,be BEL,GK,Wolfsburg,de Bundesliga,31,1992,25,2250,90,73.5,25.0,25,90,25,0,,0,1.20,31,39,-8,-0.32,+0.46,Matches
604,Valentín Castellanos,ar ARG,FW,Lazio,it Serie A,24,1998,35,1682,48,49.2,18.7,16,76,5,19,24,2,1.60,25,15,+10,+0.54,+0.54,Matches
605,Jean-Charles Castelletto,cm CMR,DF,Nantes,fr Ligue 1,28,1995,28,2464,88,80.5,27.4,28,88,26,0,,0,1.04,25,45,-20,-0.73,+0.02,Matches
606,Samu Castillejo,es ESP,"MF,FW",Sassuolo,it Serie A,28,1995,17,536,32,15.7,6.0,6,60,0,11,16,8,0.71,8,12,-4,-0.67,+0.20,Matches
607,Leo Castledine,eng ENG,MF,Chelsea,eng Premier League,17,2005,0,,,,,0,,0,0,,4,,,,,,,Matches
608,Jonny Castro,es ESP,"DF,MF",Wolves,eng Premier League,29,1994,1,5,5,0.1,0.1,0,,0,1,5,7,3.00,0,0,0,0.00,+0.40,Matches
609,Santiago Castro,ar ARG,FW,Bologna,it Serie A,18,2004,8,242,30,7.1,2.7,2,76,1,6,15,4,1.50,4,2,+2,+0.74,+0.18,Matches
610,Gaetano Castrovilli,it ITA,MF,Fiorentina,it Serie A,26,1997,6,367,61,10.7,4.1,5,72,1,1,8,5,2.50,8,7,+1,+0.25,-0.17,Matches
611,Danilo Cataldi,it ITA,MF,Lazio,it Serie A,28,1994,28,1361,49,39.8,15.1,15,74,3,13,19,9,1.68,19,20,-1,-0.07,-0.55,Matches
612,Catena,es ESP,DF,Osasuna,es La Liga,28,1994,30,2534,84,74.1,28.2,28,88,24,2,42,6,1.17,34,45,-11,-0.39,-0.39,Matches
613,Maximiliano Caufriez,be BEL,DF,Clermont Foot,fr Ligue 1,26,1997,20,1659,83,54.2,18.4,20,83,13,0,,2,0.70,16,31,-15,-0.81,+0.41,Matches
614,Ivan Cavaleiro,pt POR,"MF,FW",Lille,fr Ligue 1,29,1993,17,770,45,25.2,8.6,9,74,0,8,13,6,1.94,14,3,+11,+1.29,+1.01,Matches
615,Denis Cazzadori,it ITA,FW,Hellas Verona,it Serie A,19,2004,0,,,,,0,,0,0,,1,,,,,,,Matches
616,Dani Ceballos,es ESP,MF,Real Madrid,es La Liga,26,1996,20,598,30,17.5,6.6,5,79,3,15,14,9,2.60,16,6,+10,+1.51,-0.12,Matches
617,Emil Ceide,no NOR,FW,Sassuolo,it Serie A,21,2001,11,176,16,5.1,2.0,0,,0,11,16,27,0.55,0,8,-8,-4.09,-3.43,Matches
618,Zeki Çelik,tr TUR,"DF,MF",Roma,it Serie A,26,1997,17,671,39,19.6,7.5,6,78,3,11,19,21,1.59,12,11,+1,+0.13,-0.46,Matches
619,Álex Centelles,es ESP,DF,Almería,es La Liga,25,1997,14,980,70,28.7,10.9,11,83,8,3,23,22,0.64,12,24,-12,-1.10,-0.36,Matches
620,Fabien Centonze,fr FRA,DF,Hellas Verona,it Serie A,27,1996,10,676,68,19.8,7.5,7,85,5,3,27,6,1.10,8,11,-3,-0.40,-0.07,Matches
621,Fabien Centonze,fr FRA,MF,Nantes,fr Ligue 1,27,1996,3,94,31,3.1,1.0,1,45,0,2,25,0,0.00,0,1,-1,-0.96,-0.23,Matches
622,Václav Černý,cz CZE,"MF,FW",Wolfsburg,de Bundesliga,25,1997,22,921,42,30.1,10.2,12,67,0,10,12,8,0.91,13,17,-4,-0.39,+0.07,Matches
623,Michele Cerofolini,it ITA,GK,Frosinone,it Serie A,24,1999,8,675,84,19.7,7.5,7,90,7,1,45,30,1.38,7,11,-4,-0.53,+0.16,Matches
624,Alberto Cerri,it ITA,FW,Empoli,it Serie A,27,1996,12,545,45,15.9,6.1,10,52,0,2,13,3,1.58,6,6,0,0.00,+0.78,Matches
625,Leonardo Cerri,it ITA,FW,Juventus,it Serie A,20,2003,1,7,7,0.2,0.1,0,,0,1,7,0,0.00,0,0,0,0.00,-0.61,Matches
626,Franco Cervi,ar ARG,"MF,DF",Celta Vigo,es La Liga,29,1994,17,546,32,16.0,6.1,5,72,1,12,15,12,1.35,8,12,-4,-0.66,-0.44,Matches
627,Julian Chabot,de GER,DF,Köln,de Bundesliga,25,1998,32,2703,84,88.3,30.0,32,84,27,0,,0,0.84,28,52,-24,-0.80,+1.22,Matches
628,El Chadaille Bitshiabu,fr FRA,DF,RB Leipzig,de Bundesliga,18,2005,6,34,6,1.1,0.4,0,,0,6,6,14,2.33,0,0,0,0.00,-1.13,Matches
629,Fares Chaïbi,dz ALG,"FW,MF",Toulouse,fr Ligue 1,20,2002,2,58,29,1.9,0.6,0,,0,2,29,0,1.50,1,1,0,0.00,+0.12,Matches
630,Fares Chaïbi,dz ALG,"MF,FW",Eintracht Frankfurt,de Bundesliga,20,2002,28,1912,68,62.5,21.2,21,79,6,7,35,1,1.36,37,37,0,0.00,-0.08,Matches
631,Trevoh Chalobah,eng ENG,DF,Chelsea,eng Premier League,24,1999,13,952,73,27.8,10.6,10,89,9,3,20,1,2.15,31,14,+17,+1.61,+1.72,Matches
632,Muhammed Cham,at AUT,"MF,FW",Clermont Foot,fr Ligue 1,22,2000,33,2554,77,83.5,28.4,29,85,14,4,24,0,0.76,22,43,-21,-0.74,+1.57,Matches
633,Calum Chambers,eng ENG,MF,Aston Villa,eng Premier League,28,1995,5,152,30,4.4,1.7,1,67,0,4,21,26,0.80,3,6,-3,-1.78,-2.27,Matches
634,Luke Chambers,eng ENG,"DF,MF",Liverpool,eng Premier League,19,2004,0,,,,,0,,0,0,,4,,,,,,,Matches
635,Timothy Chandler,us USA,"DF,MF",Eintracht Frankfurt,de Bundesliga,33,1990,6,18,3,0.6,0.2,0,,0,6,3,12,1.00,1,1,0,0.00,-0.03,Matches
636,Brendan Chardonnet,fr FRA,DF,Brest,fr Ligue 1,28,1994,33,2970,90,97.1,33.0,33,90,33,0,,1,1.82,52,33,+19,+0.58,+0.58,Matches
637,Charlys,br BRA,MF,Hellas Verona,it Serie A,19,2004,2,25,13,0.7,0.3,0,,0,2,13,32,0.50,0,1,-1,-3.60,-3.28,Matches
638,Anrie Chase,jp JPN,DF,Stuttgart,de Bundesliga,19,2004,0,,,,,0,,0,0,,9,,,,,,,Matches
639,Pep Chavarría,es ESP,"DF,MF",Rayo Vallecano,es La Liga,25,1998,22,1167,53,34.1,13.0,12,82,9,10,18,13,0.83,7,15,-8,-0.62,-0.18,Matches
640,Jhoanner Chávez,ec ECU,"MF,DF",Lens,fr Ligue 1,21,2002,8,481,60,15.7,5.3,6,67,0,2,39,1,1.25,7,6,+1,+0.19,-0.06,Matches
641,Walid Cheddira,ma MAR,FW,Frosinone,it Serie A,25,1998,36,2120,59,62.0,23.6,24,80,5,12,18,1,0.89,23,44,-21,-0.89,-0.61,Matches
642,Ismaila Cheick Coulibaly,ml MLI,MF,Sheffield United,eng Premier League,22,2000,0,,,,,0,,0,0,,1,,,,,,,Matches
643,Rayan Cherki,fr FRA,"MF,FW",Lyon,fr Ligue 1,19,2003,33,1719,52,56.2,19.1,19,72,4,14,25,1,1.52,27,34,-7,-0.37,-0.43,Matches
644,Youssef Chermiti,pt POR,FW,Everton,eng Premier League,19,2004,18,208,12,6.1,2.3,1,89,0,17,7,18,1.33,3,4,-1,-0.43,-0.15,Matches
645,Luigi Cherubini,it ITA,MF,Roma,it Serie A,19,2004,0,,,,,0,,0,0,,3,,,,,,,Matches
646,Lucas Chevalier,fr FRA,GK,Lille,fr Ligue 1,21,2001,33,2969,90,97.0,33.0,33,90,32,0,,0,1.76,50,32,+18,+0.55,+0.55,Matches
647,Fabio Chiarodia,it ITA,DF,Gladbach,de Bundesliga,18,2005,7,152,22,5.0,1.7,1,79,0,6,12,17,1.57,2,5,-3,-1.78,-1.53,Matches
648,Federico Chiesa,it ITA,FW,Juventus,it Serie A,25,1997,33,2197,67,64.2,24.4,25,79,9,8,29,0,1.76,35,22,+13,+0.53,-0.20,Matches
649,Mattia Chiesa,it ITA,GK,Hellas Verona,it Serie A,23,2000,0,,,,,0,,0,0,,18,,,,,,,Matches
650,Christian Chigozie,eng ENG,DF,Luton Town,eng Premier League,16,2007,0,,,,,0,,0,0,,2,,,,,,,Matches
651,Ben Chilwell,eng ENG,"MF,DF",Chelsea,eng Premier League,26,1996,13,756,58,22.1,8.4,9,77,3,4,17,1,1.23,13,14,-1,-0.12,-0.63,Matches
652,Tawanda Chirewa,zw ZIM,FW,Wolves,eng Premier League,19,2003,8,145,18,4.2,1.6,1,74,0,7,10,15,0.25,0,2,-2,-1.24,-0.88,Matches
653,Pedro Chirivella,es ESP,MF,Nantes,fr Ligue 1,26,1997,32,2594,81,84.8,28.8,31,83,21,1,20,0,1.03,28,45,-17,-0.59,+0.96,Matches
654,Leon Chiwome,eng ENG,FW,Wolves,eng Premier League,17,2006,3,174,58,5.1,1.9,2,79,0,1,16,1,0.33,1,4,-3,-1.55,-1.22,Matches
655,Tahith Chong,cw CUW,"MF,FW",Luton Town,eng Premier League,23,1999,33,1982,60,58.0,22.0,20,80,6,13,29,5,0.45,26,51,-25,-1.14,-0.63,Matches
656,Joris Chotard,fr FRA,MF,Montpellier,fr Ligue 1,21,2001,31,2587,83,84.5,28.7,30,84,22,1,57,0,1.23,35,38,-3,-0.10,+0.28,Matches
657,Samy Chouchane,tn TUN,MF,Brighton,eng Premier League,19,2003,0,,,,,0,,0,0,,1,,,,,,,Matches
658,Andreas Christensen,dk DEN,"DF,MF",Barcelona,es La Liga,27,1996,30,1979,66,57.9,22.0,27,68,6,3,49,6,2.17,37,26,+11,+0.50,-1.00,Matches
659,Jacob Christensen,dk DEN,MF,Köln,de Bundesliga,22,2001,7,219,31,7.2,2.4,2,85,1,5,10,14,0.57,0,5,-5,-2.05,-1.20,Matches
660,Oliver Christensen,dk DEN,GK,Fiorentina,it Serie A,24,1999,4,360,90,10.5,4.0,4,90,4,0,,24,1.00,8,9,-1,-0.25,-0.72,Matches
661,Ryan Christie,sct SCO,MF,Bournemouth,eng Premier League,28,1995,37,2907,79,85.0,32.3,35,81,18,2,29,0,1.22,44,55,-11,-0.34,+0.01,Matches
662,Carney Chukwuemeka,at AUT,MF,Chelsea,eng Premier League,19,2003,9,227,25,6.6,2.5,2,63,0,7,15,4,1.56,7,5,+2,+0.79,+0.45,Matches
663,Samuel Chukwueze,ng NGA,"MF,FW",Milan,it Serie A,24,1999,24,1017,42,29.7,11.3,12,67,2,12,18,3,2.08,25,17,+8,+0.71,0.00,Matches
664,Chumi,es ESP,DF,Almería,es La Liga,24,1999,31,2434,79,71.2,27.0,26,88,24,5,30,6,0.58,34,55,-21,-0.78,+0.23,Matches
665,Víctor Chust,es ESP,DF,Cádiz,es La Liga,23,2000,22,1864,85,54.5,20.7,22,85,17,0,,6,0.95,12,23,-11,-0.53,+0.51,Matches
666,Aaron Ciammaglichella,it ITA,MF,Torino,it Serie A,18,2005,0,,,,,0,,0,0,,7,,,,,,,Matches
667,Pathé Ciss,sn SEN,MF,Rayo Vallecano,es La Liga,29,1994,31,1664,54,48.7,18.5,16,79,7,15,27,3,1.16,12,30,-18,-0.97,-0.92,Matches
668,Alphadjo Cissè,it ITA,MF,Hellas Verona,it Serie A,16,2006,1,8,8,0.2,0.1,0,,0,1,8,8,1.00,0,0,0,0.00,+0.34,Matches
669,Djaoui Cissé,fr FRA,MF,Rennes,fr Ligue 1,19,2004,2,4,2,0.1,0.0,0,,0,2,2,3,3.00,0,0,0,0.00,-0.21,Matches
670,Faroukou Cissé,de GER,DF,Genoa,it Serie A,19,2004,0,,,,,0,,0,0,,2,,,,,,,Matches
671,Moussa Cissé,fr FRA,DF,Stuttgart,de Bundesliga,20,2003,0,,,,,0,,0,0,,3,,,,,,,Matches
672,Moustapha Cissé,gn GUI,FW,Atalanta,it Serie A,19,2003,0,,,,,0,,0,0,,3,,,,,,,Matches
673,Ibrahim Cissoko,nl NED,MF,Toulouse,fr Ligue 1,20,2003,11,241,22,7.9,2.7,2,59,0,9,14,9,0.55,3,2,+1,+0.37,+0.53,Matches
674,Giorgio Cittadini,it ITA,DF,Monza,it Serie A,21,2002,1,15,15,0.4,0.2,0,,0,1,15,15,1.00,0,0,0,0.00,+0.32,Matches
675,Giorgio Cittadini,it ITA,DF,Genoa,it Serie A,21,2002,5,106,21,3.1,1.2,1,76,0,4,8,10,1.80,3,0,+3,+2.55,+2.63,Matches
676,Patrick Ciurria,it ITA,MF,Monza,it Serie A,28,1995,22,1598,73,46.7,17.8,18,80,10,4,38,7,1.32,16,20,-4,-0.23,+0.17,Matches
677,Bobby Clark,eng ENG,MF,Liverpool,eng Premier League,18,2005,5,89,18,2.6,1.0,1,59,0,4,8,6,3.00,2,0,+2,+2.02,+0.86,Matches
678,Jordan Clark,eng ENG,MF,Luton Town,eng Premier League,29,1993,23,1304,57,38.1,14.5,14,78,4,9,24,4,0.57,22,41,-19,-1.31,-0.72,Matches
679,Alexis Claude-Maurice,fr FRA,MF,Nice,fr Ligue 1,25,1998,18,504,28,16.5,5.6,4,75,1,14,15,8,1.39,6,5,+1,+0.18,-0.17,Matches
680,Jonathan Clauss,fr FRA,"DF,MF",Marseille,fr Ligue 1,30,1992,27,2068,77,67.6,23.0,25,81,16,2,22,1,1.37,31,25,+6,+0.26,-0.19,Matches
681,Silvi Clúa,es ESP,MF,Girona,es La Liga,18,2005,1,1,1,0.0,0.0,0,,0,1,1,3,3.00,0,0,0,0.00,-1.03,Matches
682,Nathaniel Clyne,eng ENG,DF,Crystal Palace,eng Premier League,32,1991,19,1338,70,39.1,14.9,14,87,10,5,24,18,1.53,31,16,+15,+1.01,+1.70,Matches
683,Marcus Coco,fr FRA,"MF,DF",Nantes,fr Ligue 1,27,1996,28,1481,53,48.4,16.5,18,72,2,10,19,4,1.04,17,25,-8,-0.49,+0.48,Matches
684,Saúl Coco,gq EQG,DF,Las Palmas,es La Liga,24,1999,30,2295,77,67.1,25.5,26,85,24,4,21,3,1.03,23,33,-10,-0.39,-0.07,Matches
685,Massimo Coda,it ITA,FW,Genoa,it Serie A,34,1988,0,,,,,0,,0,0,,1,,,,,,,Matches
686,Séamus Coleman,ie IRL,DF,Everton,eng Premier League,34,1988,12,665,55,19.4,7.4,7,80,5,5,21,6,1.08,5,10,-5,-0.68,-0.48,Matches
687,Maxime Colin,fr FRA,DF,Metz,fr Ligue 1,31,1991,22,1832,83,59.9,20.4,22,83,18,0,,4,0.95,21,30,-9,-0.44,+0.58,Matches
688,David Čolina,hr CRO,"DF,MF",Augsburg,de Bundesliga,23,2000,0,,,,,0,,0,0,,3,,,,,,,Matches
689,Nathan Collins,ie IRL,DF,Brentford,eng Premier League,22,2001,32,2652,83,77.5,29.5,29,90,28,3,18,1,1.13,47,51,-4,-0.14,+0.45,Matches
690,Nnamdi Collins,de GER,DF,Eintracht Frankfurt,de Bundesliga,19,2004,2,90,45,2.9,1.0,1,64,0,1,26,3,0.50,0,1,-1,-1.00,-1.06,Matches
691,Toby Collyer,eng ENG,MF,Manchester Utd,eng Premier League,19,2004,0,,,,,0,,0,0,,7,,,,,,,Matches
692,Leonardo Colombo,it ITA,MF,Monza,it Serie A,18,2005,0,,,,,0,,0,0,,1,,,,,,,Matches
693,Lorenzo Colombo,it ITA,FW,Monza,it Serie A,21,2002,25,1359,54,39.7,15.1,16,70,3,9,26,11,1.24,16,15,+1,+0.07,+0.63,Matches
694,Lorenzo Colombo,it ITA,FW,Milan,it Serie A,21,2002,0,,,,,0,,0,0,,2,,,,,,,Matches
695,Matteo Colombo,it ITA,MF,Atalanta,it Serie A,19,2004,0,,,,,0,,0,0,,1,,,,,,,Matches
696,Andrea Colpani,it ITA,MF,Monza,it Serie A,24,1999,38,2657,70,77.7,29.5,36,72,6,2,33,0,1.18,28,40,-12,-0.41,-0.41,Matches
697,Levi Colwill,eng ENG,DF,Chelsea,eng Premier League,20,2003,23,1797,78,52.5,20.0,20,84,15,3,37,4,1.52,29,26,+3,+0.15,-0.46,Matches
698,Kingsley Coman,fr FRA,MF,Bayern Munich,de Bundesliga,27,1996,17,1113,65,36.4,12.4,15,71,2,2,23,1,2.35,30,11,+19,+1.54,+0.15,Matches
699,Eray Cömert,ch SUI,DF,Nantes,fr Ligue 1,25,1998,25,1995,80,65.2,22.2,23,84,18,2,27,3,1.04,21,32,-11,-0.50,+0.69,Matches
700,Santi Comesaña,es ESP,MF,Villarreal,es La Liga,26,1996,27,1653,61,48.3,18.4,20,76,9,7,20,6,1.59,33,25,+8,+0.44,+0.84,Matches
701,Pietro Comi,it ITA,DF,Atalanta,it Serie A,18,2005,0,,,,,0,,0,0,,5,,,,,,,Matches
702,Pietro Comuzzo,it ITA,DF,Fiorentina,it Serie A,18,2005,4,43,11,1.3,0.5,0,,0,4,11,28,3.00,2,0,+2,+4.19,+3.84,Matches
703,Alois Confais,fr FRA,"DF,MF",Le Havre,fr Ligue 1,26,1996,2,7,4,0.2,0.1,0,,0,2,4,13,1.50,2,0,+2,+25.71,+26.10,Matches
704,Andrea Consigli,it ITA,GK,Sassuolo,it Serie A,36,1987,35,3150,90,92.1,35.0,35,90,35,0,,0,0.74,36,68,-32,-0.91,-0.91,Matches
705,Bambasé Conté,de GER,MF,Hoffenheim,de Bundesliga,20,2003,7,48,7,1.6,0.5,0,,0,7,7,5,0.57,1,1,0,0.00,0.00,Matches
706,Nikita Contini Baranovsky,it ITA,GK,Napoli,it Serie A,27,1996,1,17,17,0.5,0.2,0,,0,1,17,34,1.00,0,0,0,0.00,-0.19,Matches
707,Lewis Cook,eng ENG,MF,Bournemouth,eng Premier League,26,1997,33,2786,84,81.5,31.0,32,86,26,1,45,0,1.24,43,50,-7,-0.23,+0.63,Matches
708,Copete,es ESP,DF,Mallorca,es La Liga,23,1999,19,1333,70,39.0,14.8,17,77,8,2,14,16,1.05,10,20,-10,-0.68,-0.63,Matches
709,Diego Coppola,it ITA,DF,Hellas Verona,it Serie A,19,2003,24,1634,68,47.8,18.2,18,87,14,6,11,13,1.21,22,25,-3,-0.17,+0.34,Matches
710,Francis Coquelin,fr FRA,MF,Villarreal,es La Liga,32,1991,17,910,54,26.6,10.1,10,74,2,7,25,2,1.59,20,10,+10,+0.99,+1.35,Matches
711,Tommaso Corazza,it ITA,DF,Bologna,it Serie A,19,2004,9,195,22,5.7,2.2,1,67,0,8,16,26,1.44,4,1,+3,+1.38,+0.85,Matches
712,Theo Corbeanu,ca CAN,MF,Granada,es La Liga,21,2002,9,182,20,5.3,2.0,2,51,0,7,12,7,0.22,1,3,-2,-0.99,+0.09,Matches
713,Jeppe Corfitzen,dk DEN,FW,Lecce,it Serie A,18,2004,1,9,9,0.3,0.1,0,,0,1,9,8,0.00,0,2,-2,-20.00,-19.47,Matches
714,Jack Cork,eng ENG,"DF,MF",Burnley,eng Premier League,34,1989,4,27,7,0.8,0.3,0,,0,4,7,18,0.25,1,0,+1,+3.33,+4.34,Matches
715,Maxwel Cornet,ci CIV,MF,West Ham United,eng Premier League,26,1996,7,112,16,3.3,1.2,1,69,0,6,7,21,0.43,2,3,-1,-0.80,-0.45,Matches
716,Giacomo Corona,it ITA,FW,Empoli,it Serie A,19,2004,1,5,5,0.1,0.1,0,,0,1,5,1,0.00,0,0,0,0.00,+0.66,Matches
717,Jesús Corona,mx MEX,"DF,FW",Sevilla,es La Liga,30,1993,2,17,9,0.5,0.2,0,,0,2,9,1,0.00,1,0,+1,+5.29,+5.48,Matches
718,Christian Corradi,it ITA,DF,Hellas Verona,it Serie A,18,2005,0,,,,,0,,0,0,,5,,,,,,,Matches
719,Ángel Correa,ar ARG,"FW,MF",Atlético Madrid,es La Liga,28,1995,32,1528,48,44.7,17.0,14,73,4,18,28,3,1.94,35,19,+16,+0.94,+0.42,Matches
720,Joaquín Correa,ar ARG,"MF,FW",Marseille,fr Ligue 1,28,1994,12,430,36,14.1,4.8,6,62,0,6,10,11,0.75,6,8,-2,-0.42,-0.86,Matches
721,Joaquín Correa,ar ARG,"FW,MF",Inter,it Serie A,28,1994,0,,,,,0,,0,0,,1,,,,,,,Matches
722,Thierry Correia,pt POR,DF,Valencia,es La Liga,24,1999,31,2154,69,63.0,23.9,25,80,12,6,26,1,1.32,27,30,-3,-0.13,+0.02,Matches
723,Oscar Cortés,co COL,MF,Lens,fr Ligue 1,19,2003,4,44,11,1.4,0.5,0,,0,4,11,5,1.75,2,0,+2,+4.09,+3.91,Matches
724,Alessandro Cortinovis,it ITA,MF,Atalanta,it Serie A,22,2001,0,,,,,0,,0,0,,1,,,,,,,Matches
725,Danny da Costa,de GER,"MF,DF",Mainz 05,de Bundesliga,30,1993,19,830,44,27.1,9.2,9,76,4,10,15,10,0.79,10,18,-8,-0.87,-0.71,Matches
726,David Costa,pt POR,MF,Lens,fr Ligue 1,22,2001,25,1494,60,48.8,16.6,17,80,4,8,16,2,1.44,26,19,+7,+0.42,+0.36,Matches
727,Jaume Costa,es ESP,"DF,MF",Mallorca,es La Liga,35,1988,30,1682,56,49.2,18.7,19,77,8,11,19,6,1.13,19,26,-7,-0.37,-0.17,Matches
728,João Costa,br BRA,FW,Roma,it Serie A,18,2005,3,14,5,0.4,0.2,0,,0,3,5,17,0.00,0,1,-1,-6.43,-6.96,Matches
729,Logan Costa,cv CPV,DF,Toulouse,fr Ligue 1,22,2001,31,2650,85,86.6,29.4,29,89,28,2,32,0,1.19,37,37,0,0.00,+0.88,Matches
730,Samu Costa,pt POR,MF,Mallorca,es La Liga,22,2000,34,2303,68,67.3,25.6,26,81,17,8,26,3,1.00,21,30,-9,-0.35,-0.19,Matches
731,Benoît Costil,fr FRA,GK,Salernitana,it Serie A,36,1987,13,1170,90,34.2,13.0,13,90,13,0,,25,0.69,13,29,-16,-1.23,+0.09,Matches
732,Grégoire Coudert,fr FRA,GK,Brest,fr Ligue 1,24,1999,3,181,60,5.9,2.0,2,90,2,1,1,31,2.33,4,0,+4,+1.99,+1.52,Matches
733,Vladimír Coufal,cz CZE,DF,West Ham United,eng Premier League,30,1992,36,3132,87,91.6,34.8,36,87,28,0,,0,1.39,57,69,-12,-0.34,+0.28,Matches
734,Larsson Coulibaly,ci CIV,MF,Lazio,it Serie A,20,2003,0,,,,,0,,0,0,,2,,,,,,,Matches
735,Lassana Coulibaly,ml MLI,MF,Salernitana,it Serie A,27,1996,28,2082,74,60.9,23.1,25,81,17,3,18,0,0.54,23,51,-28,-1.21,+0.20,Matches
736,Mamadou Coulibaly,sn SEN,MF,Salernitana,it Serie A,24,1999,1,3,3,0.1,0.0,0,,0,1,3,1,1.00,0,0,0,0.00,+1.29,Matches
737,Mamadou Coulibaly,fr FRA,MF,Monaco,fr Ligue 1,19,2004,5,118,24,3.9,1.3,1,45,0,4,18,11,2.40,4,2,+2,+1.53,+0.79,Matches
738,Tanguy Coulibaly,fr FRA,"MF,FW",Montpellier,fr Ligue 1,22,2001,16,623,39,20.4,6.9,7,61,1,9,22,2,1.44,11,14,-3,-0.43,-0.36,Matches
739,Thibaut Courtois,be BEL,GK,Real Madrid,es La Liga,31,1992,4,332,83,9.7,3.7,4,83,3,0,,1,2.50,12,0,+12,+3.25,+1.82,Matches
740,Philippe Coutinho,br BRA,"FW,MF",Aston Villa,eng Premier League,31,1992,2,25,13,0.7,0.3,0,,0,2,13,0,1.50,1,1,0,0.00,-0.40,Matches
741,Yan Couto,br BRA,"MF,DF",Girona,es La Liga,21,2002,34,2245,66,65.6,24.9,24,83,15,10,25,1,2.21,56,31,+25,+1.00,-0.07,Matches
742,Conor Coventry,ie IRL,MF,West Ham United,eng Premier League,23,2000,0,,,,,0,,0,0,,2,,,,,,,Matches
743,Nicolas Cozza,fr FRA,DF,Wolfsburg,de Bundesliga,24,1999,6,276,46,9.0,3.1,3,70,0,3,22,8,1.33,4,7,-3,-0.98,-0.59,Matches
744,Nicolas Cozza,fr FRA,"DF,MF",Nantes,fr Ligue 1,24,1999,13,895,69,29.2,9.9,10,86,7,3,13,1,0.85,6,21,-15,-1.51,-1.09,Matches
745,Alessio Cragno,it ITA,GK,Sassuolo,it Serie A,29,1994,3,270,90,7.9,3.0,3,90,3,0,,34,1.33,7,7,0,0.00,+0.91,Matches
746,William Crellin,eng ENG,GK,Everton,eng Premier League,23,2000,0,,,,,0,,0,0,,1,,,,,,,Matches
747,Gian Crespi,it ITA,GK,Juventus,it Serie A,22,2001,0,,,,,0,,0,0,,1,,,,,,,Matches
748,Crespo,pt POR,MF,Rayo Vallecano,es La Liga,26,1996,15,527,35,15.4,5.9,4,70,0,11,23,2,0.73,2,8,-6,-1.02,-0.62,Matches
749,Aaron Cresswell,eng ENG,DF,West Ham United,eng Premier League,33,1989,11,436,40,12.7,4.8,4,77,2,7,18,21,1.00,6,11,-5,-1.03,-0.76,Matches
750,Bryan Cristante,it ITA,MF,Roma,it Serie A,28,1995,37,3289,89,96.2,36.5,37,89,34,0,,0,1.62,63,44,+19,+0.52,+0.52,Matches
751,Cristian,es ESP,GK,Valencia,es La Liga,25,1998,1,57,57,1.7,0.6,0,,0,1,57,37,0.00,0,1,-1,-1.58,-1.47,Matches
752,Juan Cruz Armada,es ESP,DF,Osasuna,es La Liga,31,1992,26,1667,64,48.7,18.5,18,86,14,8,15,9,1.27,23,28,-5,-0.27,+0.04,Matches
753,Juan Cruz,ar ARG,FW,Hellas Verona,it Serie A,24,1999,4,109,27,3.2,1.2,1,57,0,3,17,15,0.50,0,0,0,0.00,+0.35,Matches
754,Juan Cruz,es ESP,MF,Real Betis,es La Liga,23,2000,5,76,15,2.2,0.8,0,,0,5,15,14,1.60,0,1,-1,-1.18,-1.29,Matches
755,Juan Cuadrado,co COL,"DF,FW",Inter,it Serie A,35,1988,10,267,27,7.8,3.0,0,,0,10,27,5,2.10,8,0,+8,+2.70,+1.01,Matches
756,Pau Cubarsí,es ESP,DF,Barcelona,es La Liga,16,2007,19,1558,82,45.6,17.3,18,84,13,1,45,7,2.32,36,21,+15,+0.87,-0.10,Matches
757,Marc Cucurella,es ESP,DF,Chelsea,eng Premier League,25,1998,21,1782,85,52.1,19.8,20,87,16,1,45,6,1.81,50,33,+17,+0.86,+1.02,Matches
758,Iván Cuéllar,es ESP,GK,Mallorca,es La Liga,39,1984,1,90,90,2.6,1.0,1,90,1,0,,30,3.00,2,1,+1,+1.00,+1.32,Matches
759,Jorge Cuenca,es ESP,DF,Villarreal,es La Liga,23,1999,29,1963,68,57.4,21.8,21,84,16,8,26,6,1.41,31,42,-11,-0.50,-1.18,Matches
760,Josh Cullen,ie IRL,MF,Burnley,eng Premier League,27,1996,25,2057,82,60.1,22.9,23,87,18,2,30,8,0.64,25,48,-23,-1.01,-0.08,Matches
761,Matheus Cunha,br BRA,"FW,MF",Wolves,eng Premier League,24,1999,32,2440,76,71.3,27.1,29,81,12,3,29,0,1.16,40,46,-6,-0.22,+0.61,Matches
762,Marvin Cuni,al ALB,FW,Frosinone,it Serie A,22,2001,22,534,24,15.6,5.9,6,63,0,16,10,9,0.86,8,7,+1,+0.17,+0.98,Matches
763,Eric Curbelo,es ESP,DF,Las Palmas,es La Liga,29,1994,2,102,51,3.0,1.1,1,90,1,1,12,20,0.50,0,2,-2,-1.76,-1.44,Matches
764,Ted Curd,eng ENG,GK,Chelsea,eng Premier League,17,2006,0,,,,,0,,0,0,,1,,,,,,,Matches
765,Sam Curtis,ie IRL,DF,Sheffield United,eng Premier League,17,2005,1,28,28,0.8,0.3,0,,0,1,28,8,0.00,0,0,0,0.00,+1.83,Matches
766,Tomáš Čvančara,cz CZE,"FW,MF",Gladbach,de Bundesliga,22,2000,21,896,43,29.3,10.0,7,75,1,14,27,0,0.90,19,23,-4,-0.40,-0.11,Matches
767,Francesco D'Alessio,it ITA,MF,Roma,it Serie A,19,2004,0,,,,,0,,0,0,,1,,,,,,,Matches
768,Danilo D'Ambrosio,it ITA,DF,Monza,it Serie A,34,1988,24,1536,64,44.9,17.1,16,83,10,8,27,5,1.13,18,20,-2,-0.12,+0.36,Matches
769,Luigi D'Avino,it ITA,DF,Napoli,it Serie A,17,2005,0,,,,,0,,0,0,,14,,,,,,,Matches
770,Michael DaCosta,es ESP,FW,Bournemouth,eng Premier League,18,2005,0,,,,,0,,0,0,,4,,,,,,,Matches
771,Alberto Dadie,es ESP,DF,Real Sociedad,es La Liga,21,2002,1,28,28,0.8,0.3,0,,0,1,28,0,0.00,1,0,+1,+3.21,+2.92,Matches
772,Giovanni Daffara,it ITA,GK,Juventus,it Serie A,18,2004,0,,,,,0,,0,0,,3,,,,,,,Matches
773,Trévis Dago,ci CIV,FW,Lille,fr Ligue 1,18,2005,4,23,6,0.8,0.3,0,,0,4,6,4,1.75,2,0,+2,+7.83,+7.35,Matches
774,Finn Dahmen,de GER,GK,Augsburg,de Bundesliga,25,1998,31,2790,90,91.2,31.0,31,90,31,0,,0,1.26,48,52,-4,-0.13,+1.87,Matches
775,Mahmoud Dahoud,de GER,MF,Stuttgart,de Bundesliga,27,1996,13,227,17,7.4,2.5,1,66,0,12,13,2,2.31,6,3,+3,+1.19,+0.05,Matches
776,Mahmoud Dahoud,de GER,MF,Brighton,eng Premier League,27,1996,9,452,50,13.2,5.0,6,68,0,3,16,8,2.11,10,5,+5,+1.00,+1.36,Matches
777,Ameen Al-Dakhil,be BEL,DF,Burnley,eng Premier League,21,2002,13,1056,81,30.9,11.7,12,86,11,1,21,2,0.38,10,26,-16,-1.36,-0.56,Matches
778,Maxim Dal,de GER,DF,Mainz 05,de Bundesliga,17,2006,0,,,,,0,,0,0,,2,,,,,,,Matches
779,Christian Dalle Mura,it ITA,DF,Fiorentina,it Serie A,21,2002,0,,,,,0,,0,0,,1,,,,,,,Matches
780,Thijs Dallinga,nl NED,FW,Toulouse,fr Ligue 1,22,2000,33,2510,76,82.0,27.9,28,84,16,5,31,0,1.30,34,37,-3,-0.11,+0.06,Matches
781,Diogo Dalot,pt POR,DF,Manchester Utd,eng Premier League,24,1999,36,3174,88,92.8,35.3,35,90,34,1,25,1,1.58,56,55,+1,+0.03,+0.76,Matches
782,Mikkel Damsgaard,dk DEN,MF,Brentford,eng Premier League,23,2000,23,842,37,24.6,9.4,7,75,0,16,20,3,0.87,17,9,+8,+0.86,+1.45,Matches
783,Maat Daniel Caprini,it ITA,FW,Fiorentina,it Serie A,17,2006,0,,,,,0,,0,0,,2,,,,,,,Matches
784,Flavius Daniliuc,at AUT,DF,Salernitana,it Serie A,22,2001,14,744,53,21.8,8.3,8,76,4,6,22,3,0.36,7,19,-12,-1.45,-0.21,Matches
785,Danilo,br BRA,DF,Juventus,it Serie A,32,1991,29,2452,85,71.7,27.2,27,90,27,2,11,1,1.83,41,22,+19,+0.70,+0.33,Matches
786,Arnaut Danjuma,nl NED,"MF,FW",Everton,eng Premier League,26,1997,14,595,43,17.4,6.6,5,84,2,9,19,14,0.43,3,10,-7,-1.06,-0.93,Matches
787,Jayden Danns,eng ENG,FW,Liverpool,eng Premier League,17,2006,2,9,5,0.3,0.1,0,,0,2,5,4,3.00,2,0,+2,+20.00,+18.87,Matches
788,Kevin Danso,at AUT,DF,Lens,fr Ligue 1,24,1998,30,2655,89,86.8,29.5,30,89,29,0,,0,1.53,37,32,+5,+0.17,-0.50,Matches
789,Dante,br BRA,DF,Nice,fr Ligue 1,39,1983,32,2843,89,92.9,31.6,32,89,31,0,,0,1.69,37,25,+12,+0.38,+0.79,Matches
790,Raimane Daou,km COM,DF,Marseille,fr Ligue 1,18,2004,1,25,25,0.8,0.3,0,,0,1,25,2,1.00,1,1,0,0.00,-0.33,Matches
791,Mohamed Daramy,dk DEN,"FW,MF",Reims,fr Ligue 1,21,2002,25,1648,66,53.9,18.3,19,79,5,6,24,0,1.52,24,25,-1,-0.05,+0.20,Matches
792,Sergi Darder,es ESP,MF,Mallorca,es La Liga,29,1993,36,2157,60,63.1,24.0,21,84,11,15,26,0,1.08,19,29,-10,-0.42,-0.35,Matches
793,Achraf Dari,ma MAR,DF,Brest,fr Ligue 1,24,1999,4,121,30,4.0,1.3,1,90,1,3,10,11,1.00,0,2,-2,-1.49,-2.13,Matches
794,Matteo Darmian,it ITA,"MF,DF",Inter,it Serie A,33,1989,33,2404,73,70.3,26.7,27,81,14,6,36,5,2.61,62,15,+47,+1.76,-0.01,Matches
795,Lukas Daschner,de GER,"FW,MF",Bochum,de Bundesliga,24,1998,20,536,27,17.5,6.0,3,73,0,17,19,13,0.70,8,16,-8,-1.34,-0.49,Matches
796,Josh Dasilva,eng ENG,MF,Brentford,eng Premier League,24,1998,3,24,8,0.7,0.3,0,,0,3,8,1,2.00,0,0,0,0.00,+0.24,Matches
797,Lulo Dasilva,es ESP,MF,Sevilla,es La Liga,20,2002,0,,,,,0,,0,0,,4,,,,,,,Matches
798,David Datro Fofana,ci CIV,"FW,MF",Union Berlin,de Bundesliga,20,2002,12,682,57,22.3,7.6,8,66,1,4,40,0,0.83,6,16,-10,-1.32,-0.75,Matches
799,David Datro Fofana,ci CIV,FW,Burnley,eng Premier League,20,2002,15,879,59,25.7,9.8,10,80,5,5,15,1,0.73,10,18,-8,-0.82,+0.21,Matches
800,Juan David Cabal,co COL,DF,Hellas Verona,it Serie A,22,2001,22,1497,68,43.8,16.6,17,85,11,5,10,8,0.95,18,21,-3,-0.18,+0.29,Matches
801,Jonathan David,ca CAN,FW,Lille,fr Ligue 1,23,2000,34,2629,77,85.9,29.2,30,86,14,4,14,0,1.74,48,31,+17,+0.58,+0.37,Matches
802,Adam Davies,wls WAL,GK,Sheffield United,eng Premier League,31,1992,0,,,,,0,,0,0,,18,,,,,,,Matches
803,Alphonso Davies,ca CAN,DF,Bayern Munich,de Bundesliga,22,2000,29,2065,71,67.5,22.9,24,81,16,5,23,2,2.17,66,30,+36,+1.57,+0.39,Matches
804,Ben Davies,wls WAL,DF,Tottenham Hotspur,eng Premier League,30,1993,17,1090,64,31.9,12.1,12,86,10,5,12,13,1.82,25,21,+4,+0.33,-0.02,Matches
805,Tom Davies,eng ENG,MF,Sheffield United,eng Premier League,25,1998,9,221,25,6.5,2.5,2,45,0,7,19,1,0.44,2,11,-9,-3.67,-1.98,Matches
806,Keinan Davis,eng ENG,FW,Udinese,it Serie A,25,1998,8,186,23,5.4,2.1,0,,0,8,23,6,1.50,4,2,+2,+0.97,+1.47,Matches
807,Paweł Dawidowicz,pl POL,DF,Hellas Verona,it Serie A,28,1995,28,2143,77,62.7,23.8,25,84,21,3,15,2,1.00,20,31,-11,-0.46,-0.32,Matches
808,Craig Dawson,eng ENG,DF,Wolves,eng Premier League,33,1990,25,2209,88,64.6,24.5,25,88,23,0,,2,1.40,33,38,-5,-0.20,+0.54,Matches
809,Kevin De Bruyne,be BEL,MF,Manchester City,eng Premier League,32,1991,18,1221,68,35.7,13.6,15,77,5,3,21,3,2.67,40,9,+31,+2.29,+1.02,Matches
810,Bobby De Cordova-Reid,jm JAM,"MF,FW",Fulham,eng Premier League,30,1993,33,1423,43,41.6,15.8,17,69,1,16,16,5,1.24,22,29,-7,-0.44,-0.49,Matches
811,Luc De Fougerolles,ca CAN,DF,Fulham,eng Premier League,17,2005,0,,,,,0,,0,0,,5,,,,,,,Matches
812,Charles De Ketelaere,be BEL,"FW,MF",Atalanta,it Serie A,22,2001,35,2026,58,59.2,22.5,25,68,1,10,33,1,1.77,48,27,+21,+0.93,+0.35,Matches
813,Rodrigo De Paul,ar ARG,MF,Atlético Madrid,es La Liga,29,1994,34,2075,61,60.7,23.1,25,71,5,9,32,0,1.97,41,26,+15,+0.65,-0.15,Matches
814,Mattia De Sciglio,it ITA,DF,Juventus,it Serie A,30,1992,1,45,45,1.3,0.5,1,45,0,0,,6,0.00,0,0,0,0.00,-0.61,Matches
815,Lorenzo De Silvestri,it ITA,DF,Bologna,it Serie A,35,1988,15,674,45,19.7,7.5,7,70,0,8,23,20,1.87,11,7,+4,+0.53,-0.06,Matches
816,Thibault De Smet,be BEL,"DF,MF",Reims,fr Ligue 1,25,1998,27,1831,68,59.8,20.3,22,79,12,5,18,3,1.41,26,33,-7,-0.34,-0.49,Matches
817,Koni De Winter,be BEL,DF,Genoa,it Serie A,21,2002,29,2380,82,69.6,26.4,26,86,22,3,44,5,1.31,33,29,+4,+0.15,+0.50,Matches
818,Grégoire Defrel,mq MTQ,"MF,FW",Sassuolo,it Serie A,32,1991,20,757,38,22.1,8.4,7,72,0,13,20,6,0.80,8,14,-6,-0.71,+0.17,Matches
819,David Deger,de GER,MF,Augsburg,de Bundesliga,23,2000,0,,,,,0,,0,0,,1,,,,,,,Matches
820,Alessandro Deiola,it ITA,MF,Cagliari,it Serie A,27,1995,27,1608,60,47.0,17.9,19,79,10,8,14,10,1.04,15,29,-14,-0.78,-0.19,Matches
821,Romain Del Castillo,fr FRA,"MF,FW",Brest,fr Ligue 1,27,1996,33,2497,76,81.6,27.7,30,81,3,3,22,0,1.82,45,31,+14,+0.50,-0.29,Matches
822,Tommaso Del Lungo,it ITA,DF,Atalanta,it Serie A,19,2003,0,,,,,0,,0,0,,1,,,,,,,Matches
823,Thomas Delaine,fr FRA,"MF,DF",Strasbourg,fr Ligue 1,31,1992,27,2044,76,66.8,22.7,24,83,11,3,20,3,1.15,28,31,-3,-0.13,+0.67,Matches
824,Sacha Delaye,fr FRA,MF,Montpellier,fr Ligue 1,21,2002,9,130,14,4.2,1.4,0,,0,9,14,18,0.89,1,0,+1,+0.69,+0.88,Matches
825,Hannes Delcroix,ht HAI,DF,Burnley,eng Premier League,24,1999,12,589,49,17.2,6.5,5,86,4,7,23,10,0.67,6,25,-19,-2.90,-2.33,Matches
826,Alessandro Dellavalle,it ITA,DF,Torino,it Serie A,19,2004,1,15,15,0.4,0.2,0,,0,1,15,3,3.00,2,0,+2,+12.00,+12.05,Matches
827,Olivier Deman,be BEL,MF,Werder Bremen,de Bundesliga,23,2000,29,1365,47,44.6,15.2,14,82,7,15,14,1,1.34,26,27,-1,-0.07,+0.20,Matches
828,Ali Dembélé,fr FRA,DF,Torino,it Serie A,19,2004,0,,,,,0,,0,0,,1,,,,,,,Matches
829,Karamoko Dembélé,eng ENG,"FW,MF",Brest,fr Ligue 1,20,2003,1,16,16,0.5,0.2,0,,0,1,16,2,0.00,0,0,0,0.00,-0.56,Matches
830,Ousmane Dembélé,fr FRA,"FW,MF",Paris Saint-Germain,fr Ligue 1,26,1997,26,1506,58,49.2,16.7,17,74,4,9,28,2,2.15,39,14,+25,+1.49,+0.16,Matches
831,Jessy Deminguet,fr FRA,"MF,FW",Strasbourg,fr Ligue 1,25,1998,18,690,38,22.5,7.7,9,68,2,9,9,13,1.33,7,12,-5,-0.65,-0.39,Matches
832,Ermedin Demirović,ba BIH,"FW,MF",Augsburg,de Bundesliga,25,1998,33,2873,87,93.9,31.9,33,87,23,0,,0,1.15,47,56,-9,-0.28,+0.20,Matches
833,Diego Demme,de GER,MF,Napoli,it Serie A,31,1991,2,73,37,2.1,0.8,1,59,0,1,14,13,2.00,1,0,+1,+1.23,+1.07,Matches
834,Albin Demouchy,fr FRA,DF,Metz,fr Ligue 1,21,2002,0,,,,,0,,0,0,,1,,,,,,,Matches
835,Sepp van den Berg,nl NED,DF,Mainz 05,de Bundesliga,21,2001,33,2839,86,92.8,31.5,31,90,30,2,27,0,1.03,36,46,-10,-0.32,+0.50,Matches
836,Leander Dendoncker,be BEL,MF,Aston Villa,eng Premier League,28,1995,8,119,15,3.5,1.3,1,85,0,7,5,10,2.25,3,3,0,0.00,-0.41,Matches
837,Leander Dendoncker,be BEL,"DF,MF",Napoli,it Serie A,28,1995,3,24,8,0.7,0.3,0,,0,3,8,13,2.33,1,0,+1,+3.75,+3.59,Matches
838,Kastriot Dermaku,al ALB,DF,Lecce,it Serie A,31,1992,0,,,,,0,,0,0,,7,,,,,,,Matches
839,Rémy Descamps,fr FRA,GK,Nantes,fr Ligue 1,27,1996,6,540,90,17.6,6.0,6,90,6,0,,18,1.33,10,11,-1,-0.17,+0.69,Matches
840,Mikkel Desler,dk DEN,"DF,MF",Toulouse,fr Ligue 1,28,1995,24,1544,64,50.5,17.2,19,75,8,5,24,2,1.21,19,21,-2,-0.12,0.00,Matches
841,Arthur Desmas,fr FRA,GK,Le Havre,fr Ligue 1,29,1994,33,2970,90,97.1,33.0,33,90,33,0,,0,0.97,33,43,-10,-0.30,+0.70,Matches
842,Jacopo Desogus,it ITA,FW,Cagliari,it Serie A,20,2002,0,,,,,0,,0,0,,7,,,,,,,Matches
843,Mattia Destro,it ITA,FW,Empoli,it Serie A,32,1991,15,366,24,10.7,4.1,3,54,0,12,17,15,0.67,4,9,-5,-1.23,-0.64,Matches
844,Samuele Di Benedetto,de GER,MF,Stuttgart,de Bundesliga,18,2005,1,7,7,0.2,0.1,0,,0,1,7,2,3.00,0,0,0,0.00,-1.15,Matches
845,Federico Di Francesco,it ITA,"FW,MF",Lecce,it Serie A,29,1994,2,15,8,0.4,0.2,0,,0,2,8,0,2.00,2,0,+2,+12.00,+12.63,Matches
846,Raffaele Di Gennaro,it ITA,GK,Inter,it Serie A,29,1993,1,23,23,0.7,0.3,0,,0,1,23,36,1.00,0,0,0,0.00,-1.78,Matches
847,Michele Di Gregorio,it ITA,GK,Monza,it Serie A,26,1997,33,2872,87,84.0,31.9,33,87,31,0,,1,1.33,31,35,-4,-0.13,+1.19,Matches
848,Giovanni Di Lorenzo,it ITA,DF,Napoli,it Serie A,29,1993,36,3234,90,94.6,35.9,36,90,35,0,,0,1.42,52,45,+7,+0.19,+0.19,Matches
849,Alessandro Di Pardo,it ITA,"MF,DF",Cagliari,it Serie A,24,1999,15,359,24,10.5,4.0,2,61,0,13,18,18,0.73,2,10,-8,-2.01,-1.48,Matches
850,Rocco Di Vico,it ITA,MF,Salernitana,it Serie A,16,2007,0,,,,,0,,0,0,,2,,,,,,,Matches
851,Boulaye Dia,sn SEN,"FW,MF",Salernitana,it Serie A,26,1996,17,1143,67,33.4,12.7,12,83,8,5,29,1,0.35,9,30,-21,-1.65,-0.55,Matches
852,Moussa Diaby,fr FRA,"MF,FW",Aston Villa,eng Premier League,24,1999,38,2174,57,63.6,24.2,25,75,4,13,23,0,1.79,41,40,+1,+0.04,-0.97,Matches
853,Lamine Diack,sn SEN,MF,Nantes,fr Ligue 1,22,2000,1,1,1,0.0,0.0,0,,0,1,1,8,3.00,0,0,0,0.00,+0.74,Matches
854,Mouctar Diakhaby,gn GUI,"DF,MF",Valencia,es La Liga,26,1996,14,1073,77,31.4,11.9,12,84,9,2,31,2,1.14,11,15,-4,-0.34,-0.30,Matches
855,Mamadou Diakhon,sn SEN,FW,Reims,fr Ligue 1,17,2005,11,209,19,6.8,2.3,1,56,0,10,15,20,0.91,3,6,-3,-1.29,-1.23,Matches
856,Bafodé Diakité,fr FRA,DF,Lille,fr Ligue 1,22,2001,21,1696,81,55.4,18.8,19,89,17,2,6,4,1.76,28,22,+6,+0.32,-0.47,Matches
857,Ibrahim Diakité,gn GUI,DF,Reims,fr Ligue 1,19,2003,5,109,22,3.6,1.2,1,85,0,4,6,5,1.40,1,3,-2,-1.65,-1.56,Matches
858,Moussa Diakité,ml MLI,MF,Cádiz,es La Liga,19,2003,1,1,1,0.0,0.0,0,,0,1,1,1,1.00,0,0,0,0.00,+0.76,Matches
859,Oumar Diakité,ci CIV,FW,Reims,fr Ligue 1,19,2003,28,1585,57,51.8,17.6,18,78,5,10,18,2,1.32,25,25,0,0.00,+0.31,Matches
860,Amad Diallo,ci CIV,MF,Manchester Utd,eng Premier League,21,2002,9,390,43,11.4,4.3,3,75,0,6,28,8,1.22,10,6,+4,+0.92,+1.07,Matches
861,Amadou Diallo,eng ENG,FW,Newcastle United,eng Premier League,20,2003,1,1,1,0.0,0.0,0,,0,1,1,5,3.00,0,0,0,0.00,-0.61,Matches
862,Selu Diallo,es ESP,MF,Alavés,es La Liga,19,2003,0,,,,,0,,0,0,,9,,,,,,,Matches
863,Tidiane Diallo,fr FRA,FW,Strasbourg,fr Ligue 1,17,2006,0,,,,,0,,0,0,,1,,,,,,,Matches
864,Assane Diao,sn SEN,MF,Real Betis,es La Liga,17,2005,18,1048,58,30.6,11.6,13,68,2,5,33,11,1.50,14,9,+5,+0.43,+0.51,Matches
865,Siren Diao,es ESP,FW,Hellas Verona,it Serie A,18,2005,0,,,,,0,,0,0,,1,,,,,,,Matches
866,Siren Diao,es ESP,FW,Atalanta,it Serie A,18,2005,0,,,,,0,,0,0,,2,,,,,,,Matches
867,Habib Diarra,sn SEN,"MF,FW",Strasbourg,fr Ligue 1,19,2004,31,2305,74,75.3,25.6,28,80,16,3,22,0,1.13,27,37,-10,-0.39,-0.15,Matches
868,Moussa Diarra,ml MLI,DF,Toulouse,fr Ligue 1,22,2000,22,1397,64,45.7,15.5,15,83,10,7,22,4,1.27,21,19,+2,+0.13,+0.45,Matches
869,Rúben Dias,pt POR,"DF,MF",Manchester City,eng Premier League,26,1997,30,2559,85,74.8,28.4,28,90,28,2,20,5,2.30,65,28,+37,+1.30,-1.31,Matches
870,Krépin Diatta,sn SEN,"MF,DF",Monaco,fr Ligue 1,24,1999,26,1206,46,39.4,13.4,12,84,9,14,15,1,2.15,30,16,+14,+1.04,+0.46,Matches
871,Mory Diaw,sn SEN,GK,Clermont Foot,fr Ligue 1,30,1993,30,2700,90,88.2,30.0,30,90,30,0,,0,0.67,22,54,-32,-1.07,-0.57,Matches
872,Kandet Diawara,gn GUI,MF,Le Havre,fr Ligue 1,23,2000,0,,,,,0,,0,0,,1,,,,,,,Matches
873,Mahamadou Diawara,fr FRA,MF,Lyon,fr Ligue 1,18,2005,11,358,33,11.7,4.0,4,52,0,7,22,4,1.55,6,8,-2,-0.50,-0.37,Matches
874,Sekou Diawara,be BEL,FW,Udinese,it Serie A,19,2004,0,,,,,0,,0,0,,1,,,,,,,Matches
875,Brahim Díaz,ma MAR,"MF,FW",Real Madrid,es La Liga,23,1999,31,1545,50,45.2,17.2,18,74,1,13,17,7,2.52,44,9,+35,+2.04,+0.79,Matches
876,Junior Diaz,ci CIV,DF,Nantes,fr Ligue 1,20,2003,0,,,,,0,,0,0,,1,,,,,,,Matches
877,Luis Díaz,co COL,FW,Liverpool,eng Premier League,26,1997,37,2629,71,76.9,29.2,32,78,11,5,24,0,2.14,67,33,+34,+1.16,-0.09,Matches
878,Víctor Díaz,es ESP,DF,Granada,es La Liga,35,1988,4,162,41,4.7,1.8,2,63,0,2,19,14,0.75,1,8,-7,-3.89,-2.95,Matches
879,Matt Dibley-Dias,nz NZL,MF,Fulham,eng Premier League,19,2004,0,,,,,0,,0,0,,1,,,,,,,Matches
880,Famara Diedhiou,sn SEN,FW,Granada,es La Liga,30,1992,8,89,11,2.6,1.0,0,,0,8,11,8,0.50,2,3,-1,-1.01,+0.07,Matches
881,Justin Diehl,de GER,MF,Köln,de Bundesliga,18,2004,7,168,24,5.5,1.9,1,59,0,6,18,0,0.57,0,3,-3,-1.61,-0.70,Matches
882,Bamba Dieng,sn SEN,FW,Lorient,fr Ligue 1,23,2000,16,549,34,17.9,6.1,5,66,1,11,20,2,0.94,7,16,-9,-1.48,-0.97,Matches
883,Eric Dier,eng ENG,DF,Bayern Munich,de Bundesliga,29,1994,15,1166,78,38.1,13.0,13,85,11,2,29,3,1.87,35,21,+14,+1.08,-0.58,Matches
884,Eric Dier,eng ENG,DF,Tottenham Hotspur,eng Premier League,29,1994,4,201,50,5.9,2.2,1,90,1,3,37,8,1.50,1,8,-7,-3.13,-3.69,Matches
885,Guillaume Dietsch,fr FRA,GK,Metz,fr Ligue 1,22,2001,1,73,73,2.4,0.8,0,,0,1,73,33,1.00,1,1,0,0.00,+0.69,Matches
886,Florian Dietz,de GER,FW,Köln,de Bundesliga,24,1998,5,70,14,2.3,0.8,0,,0,5,14,5,0.40,0,2,-2,-2.57,-1.67,Matches
887,Lucas Digne,fr FRA,DF,Aston Villa,eng Premier League,30,1993,33,2410,73,70.5,26.8,27,85,18,6,19,0,1.76,54,41,+13,+0.49,+0.31,Matches
888,Federico Dimarco,it ITA,MF,Inter,it Serie A,25,1997,30,2077,69,60.7,23.1,29,71,1,1,19,6,2.50,54,17,+37,+1.60,-0.41,Matches
889,Stole Dimitrievski,mk MKD,GK,Rayo Vallecano,es La Liga,29,1993,37,3330,90,97.4,37.0,37,90,37,0,,1,1.03,29,47,-18,-0.49,+0.51,Matches
890,Junior Dina Ebimbe,cm CMR,MF,Eintracht Frankfurt,de Bundesliga,22,2000,31,1956,63,63.9,21.7,25,73,4,6,24,0,1.39,31,28,+3,+0.14,+0.30,Matches
891,Eren Dinkçi,de GER,MF,Heidenheim,de Bundesliga,21,2001,33,2650,80,86.6,29.4,33,80,7,0,,0,1.27,43,46,-3,-0.10,+0.34,Matches
892,Sinaly Diomande,ci CIV,DF,Lyon,fr Ligue 1,22,2001,10,889,89,29.1,9.9,10,89,9,0,,6,0.60,5,16,-11,-1.11,-1.32,Matches
893,Edan Diop,fr FRA,MF,Monaco,fr Ligue 1,18,2004,10,163,16,5.3,1.8,0,,0,10,16,17,2.50,4,4,0,0.00,-0.81,Matches
894,Issa Diop,ma MAR,DF,Fulham,eng Premier League,26,1997,18,1424,79,41.6,15.8,16,88,13,2,11,3,1.28,12,25,-13,-0.82,-1.14,Matches
895,Sofiane Diop,ma MAR,"FW,MF",Nice,fr Ligue 1,23,2000,10,499,50,16.3,5.5,6,68,0,4,24,0,2.20,7,3,+4,+0.72,+0.48,Matches
896,Andy Diouf,fr FRA,MF,Lens,fr Ligue 1,20,2003,25,1314,53,42.9,14.6,16,73,1,9,17,8,1.20,20,19,+1,+0.07,-0.29,Matches
897,Yehvann Diouf,sn SEN,GK,Reims,fr Ligue 1,23,1999,34,3060,90,100.0,34.0,34,90,34,0,,0,1.38,42,47,-5,-0.15,,Matches
898,Axel Disasi,fr FRA,DF,Chelsea,eng Premier League,25,1998,31,2579,83,75.4,28.7,29,89,27,2,5,4,1.52,50,50,0,0.00,-1.50,Matches
899,Belmin Dizdarević,ba BIH,GK,Montpellier,fr Ligue 1,21,2001,0,,,,,0,,0,0,,10,,,,,,,Matches
900,Tiago Djaló,pt POR,DF,Juventus,it Serie A,23,2000,1,17,17,0.5,0.2,0,,0,1,17,15,3.00,0,0,0,0.00,-0.61,Matches
901,Chaim El Djebali,tn TUN,MF,Lyon,fr Ligue 1,19,2004,1,12,12,0.4,0.1,0,,0,1,12,0,0.00,0,0,0,0.00,+0.18,Matches
902,Djené,tg TOG,"DF,MF",Getafe,es La Liga,31,1991,33,2484,75,72.6,27.6,30,79,18,3,36,0,1.18,28,33,-5,-0.18,+0.49,Matches
903,Koffi Djidji,ci CIV,DF,Torino,it Serie A,30,1992,13,759,58,22.2,8.4,8,83,4,5,18,4,1.38,10,8,+2,+0.24,+0.30,Matches
904,Berat Djimsiti,al ALB,DF,Atalanta,it Serie A,30,1993,37,2832,77,82.8,31.5,32,85,28,5,21,1,1.86,60,32,+28,+0.89,+0.58,Matches
905,Marko Dmitrović,rs SRB,GK,Sevilla,es La Liga,31,1992,13,1170,90,34.2,13.0,13,90,13,0,,23,0.62,14,25,-11,-0.85,-1.05,Matches
906,Ritsu Doan,jp JPN,MF,Freiburg,de Bundesliga,25,1998,30,2246,75,73.4,25.0,26,83,13,4,24,0,1.27,32,39,-7,-0.28,+0.38,Matches
907,Lewis Dobbin,eng ENG,MF,Everton,eng Premier League,20,2003,12,232,19,6.8,2.6,1,65,0,11,15,16,0.92,2,3,-1,-0.39,-0.11,Matches
908,Dodô,br BRA,DF,Fiorentina,it Serie A,24,1998,9,523,58,15.3,5.8,7,72,4,2,9,8,1.56,10,14,-4,-0.69,-1.28,Matches
909,Danilho Doekhi,nl NED,DF,Union Berlin,de Bundesliga,25,1998,24,2160,90,70.6,24.0,24,90,24,0,,3,0.92,26,43,-17,-0.71,+0.09,Matches
910,Matt Doherty,ie IRL,"MF,DF",Wolves,eng Premier League,31,1992,30,1150,38,33.6,12.8,9,79,4,21,21,8,1.40,17,21,-4,-0.31,+0.12,Matches
911,Josh Doig,sct SCO,"MF,DF",Hellas Verona,it Serie A,21,2002,12,830,69,24.3,9.2,11,71,2,1,45,4,1.08,9,12,-3,-0.33,+0.02,Matches
912,Josh Doig,sct SCO,"DF,MF",Sassuolo,it Serie A,21,2002,16,1343,84,39.3,14.9,15,87,11,1,45,1,0.63,14,32,-18,-1.21,-0.60,Matches
913,Jeremy Doku,be BEL,FW,Rennes,fr Ligue 1,21,2002,2,111,56,3.6,1.2,1,83,0,1,28,0,2.00,3,1,+2,+1.62,+1.47,Matches
914,Jeremy Doku,be BEL,"MF,FW",Manchester City,eng Premier League,21,2002,29,1595,55,46.6,17.7,18,76,7,11,20,2,2.38,50,19,+31,+1.75,+0.22,Matches
915,Jaume Doménech,es ESP,GK,Valencia,es La Liga,32,1990,2,79,40,2.3,0.9,1,33,0,1,46,32,0.00,0,3,-3,-3.42,-3.36,Matches
916,Álex Domínguez,es ESP,GK,Toulouse,fr Ligue 1,25,1998,0,,,,,0,,0,0,,34,,,,,,,Matches
917,Carlos Dominguez,es ESP,DF,Celta Vigo,es La Liga,22,2001,22,1584,72,46.3,17.6,18,84,12,4,18,15,1.27,24,29,-5,-0.28,+0.01,Matches
918,Javier Dominguez,es ESP,DF,Celta Vigo,es La Liga,22,2001,0,,,,,0,,0,0,,3,,,,,,,Matches
919,Mario Dominguez,es ESP,MF,Valencia,es La Liga,19,2004,3,25,8,0.7,0.3,0,,0,3,8,4,0.33,0,1,-1,-3.60,-3.49,Matches
920,Nicolás Domínguez,ar ARG,MF,Bologna,it Serie A,25,1998,2,102,51,3.0,1.1,1,71,0,1,31,0,0.50,0,3,-3,-2.65,-3.33,Matches
921,Nicolás Domínguez,ar ARG,MF,Nottingham Forest,eng Premier League,25,1998,26,1495,58,43.7,16.6,19,74,3,7,12,6,0.92,16,27,-11,-0.66,-0.33,Matches
922,Giulio Donati,it ITA,DF,Monza,it Serie A,33,1990,4,36,9,1.1,0.4,0,,0,4,9,28,0.80,5,6,-1,-2.50,-2.21,Matches
923,Jamie Donley,nir NIR,MF,Tottenham Hotspur,eng Premier League,18,2005,3,3,1,0.1,0.0,0,,0,3,1,10,2.33,0,0,0,0.00,-0.34,Matches
924,Gianluigi Donnarumma,it ITA,GK,Paris Saint-Germain,fr Ligue 1,24,1999,25,2169,87,70.9,24.1,25,87,24,0,,4,2.40,62,20,+42,+1.74,+1.14,Matches
925,Patrick Dorgu,dk DEN,"MF,DF",Lecce,it Serie A,18,2004,32,1564,49,45.7,17.4,17,71,4,15,24,4,1.06,14,20,-6,-0.35,+0.43,Matches
926,Alfie Dorrington,eng ENG,DF,Tottenham Hotspur,eng Premier League,18,2005,0,,,,,0,,0,0,,10,,,,,,,Matches
927,Niklas Dorsch,de GER,MF,Augsburg,de Bundesliga,25,1998,21,1386,66,45.3,15.4,16,81,9,5,17,5,1.14,20,30,-10,-0.65,-0.65,Matches
928,Alberto Dossena,it ITA,DF,Cagliari,it Serie A,24,1998,35,2977,85,87.0,33.1,33,88,30,2,34,1,1.00,36,51,-15,-0.45,+1.78,Matches
929,Carlos Dotor,es ESP,MF,Celta Vigo,es La Liga,22,2001,17,708,42,20.7,7.9,7,87,4,10,10,7,0.65,9,12,-3,-0.38,-0.12,Matches
930,Abdoulaye Doucouré,ml MLI,MF,Everton,eng Premier League,30,1993,32,2629,82,76.9,29.2,32,82,17,0,,0,1.44,33,35,-2,-0.07,+0.96,Matches
931,Cheick Doucouré,ml MLI,MF,Crystal Palace,eng Premier League,23,2000,11,919,84,26.9,10.2,11,84,8,0,,1,1.27,9,11,-2,-0.20,-0.23,Matches
932,Siriné Doucouré,ml MLI,FW,Lorient,fr Ligue 1,21,2002,11,423,38,13.8,4.7,5,60,0,6,21,2,0.64,8,7,+1,+0.21,+1.03,Matches
933,Désiré Doué,fr FRA,MF,Rennes,fr Ligue 1,18,2005,31,1626,52,53.1,18.1,17,75,6,14,25,1,1.35,30,21,+9,+0.50,+0.62,Matches
934,Guela Doué,ci CIV,DF,Rennes,fr Ligue 1,20,2002,24,1234,51,40.3,13.7,13,81,11,11,16,7,1.63,29,18,+11,+0.80,+1.00,Matches
935,Alfie Doughty,eng ENG,"MF,DF",Luton Town,eng Premier League,23,1999,37,2925,79,85.5,32.5,34,84,18,3,22,0,0.70,46,74,-28,-0.86,+0.05,Matches
936,Douglas,br BRA,MF,Nantes,fr Ligue 1,26,1997,25,1772,71,57.9,19.7,22,78,9,3,16,0,1.00,19,27,-8,-0.41,+0.78,Matches
937,Ismaël Doukouré,fr FRA,"MF,DF",Strasbourg,fr Ligue 1,20,2003,22,1656,75,54.1,18.4,19,82,12,3,33,5,1.00,17,30,-13,-0.71,-0.77,Matches
938,Kamory Doumbia,ml MLI,MF,Reims,fr Ligue 1,20,2003,0,,,,,0,,0,0,,2,,,,,,,Matches
939,Kamory Doumbia,ml MLI,MF,Brest,fr Ligue 1,20,2003,25,879,35,28.7,9.8,7,69,1,18,22,0,1.80,22,7,+15,+1.54,+1.37,Matches
940,Amidou Doumbouya,fr FRA,MF,Nice,fr Ligue 1,15,2007,0,,,,,0,,0,0,,2,,,,,,,Matches
941,Anastasios Douvikas,gr GRE,FW,Celta Vigo,es La Liga,23,1999,32,905,28,26.5,10.1,7,73,2,25,16,3,1.16,12,23,-11,-1.09,-1.09,Matches
942,Artem Dovbyk,ua UKR,FW,Girona,es La Liga,26,1997,36,2587,72,75.6,28.7,32,78,10,4,26,0,2.19,66,36,+30,+1.04,+0.07,Matches
943,Nikola Dovedan,at AUT,MF,Heidenheim,de Bundesliga,29,1994,21,656,31,21.4,7.3,5,62,0,16,22,9,0.86,12,11,+1,+0.14,+0.36,Matches
944,Damion Downs,us USA,FW,Köln,de Bundesliga,19,2004,10,181,18,5.9,2.0,0,,0,10,18,2,0.60,5,4,+1,+0.50,+1.53,Matches
945,Tommy Doyle,eng ENG,MF,Wolves,eng Premier League,21,2001,26,1222,47,35.7,13.6,11,82,5,15,22,6,1.08,18,24,-6,-0.44,-0.07,Matches
946,Radu Drăgușin,ro ROU,DF,Tottenham Hotspur,eng Premier League,21,2002,9,429,48,12.5,4.8,4,90,4,5,14,9,1.89,10,7,+3,+0.63,+0.33,Matches
947,Radu Drăgușin,ro ROU,DF,Genoa,it Serie A,21,2002,19,1710,90,50.0,19.0,19,90,19,0,,0,1.11,20,24,-4,-0.21,-0.42,Matches
948,Dion Drena Beljo,hr CRO,"FW,MF",Augsburg,de Bundesliga,21,2002,26,581,22,19.0,6.5,3,74,1,23,16,5,1.12,10,14,-4,-0.62,-0.40,Matches
949,Tim Drexler,de GER,DF,Hoffenheim,de Bundesliga,18,2005,8,573,72,18.7,6.4,6,85,5,2,32,3,1.13,12,14,-2,-0.31,-0.39,Matches
950,Matthieu Dreyer,fr FRA,GK,Strasbourg,fr Ligue 1,34,1989,0,,,,,0,,0,0,,6,,,,,,,Matches
951,Domingos Duarte,pt POR,DF,Getafe,es La Liga,28,1995,15,907,60,26.5,10.1,11,78,7,4,14,12,1.27,14,18,-4,-0.40,-0.11,Matches
952,Rubén Duarte,es ESP,DF,Alavés,es La Liga,27,1995,28,1878,67,54.9,20.9,21,83,15,7,19,6,1.07,20,30,-10,-0.48,-0.48,Matches
953,Martin Dúbravka,sk SVK,GK,Newcastle United,eng Premier League,34,1989,23,1985,86,58.0,22.1,22,90,22,1,5,14,1.48,48,42,+6,+0.27,-0.79,Matches
954,Marvin Ducksch,de GER,FW,Werder Bremen,de Bundesliga,29,1994,33,2696,82,88.1,30.0,32,83,15,1,45,0,1.18,41,49,-8,-0.27,-0.76,Matches
955,Ondrej Duda,sk SVK,MF,Hellas Verona,it Serie A,28,1994,32,2456,77,71.8,27.3,29,83,16,3,20,1,1.13,31,36,-5,-0.18,+0.56,Matches
956,Josh Duffus,eng ENG,MF,Brighton,eng Premier League,18,2005,0,,,,,0,,0,0,,1,,,,,,,Matches
957,Denzel Dumfries,nl NED,MF,Inter,it Serie A,27,1996,31,1639,53,47.9,18.2,19,72,5,12,23,3,2.35,46,13,+33,+1.81,+0.09,Matches
958,Paul Dummett,wls WAL,DF,Newcastle United,eng Premier League,31,1991,5,20,4,0.6,0.2,0,,0,5,4,24,2.60,0,1,-1,-4.50,-5.14,Matches
959,Alfred Duncan,gh GHA,MF,Fiorentina,it Serie A,30,1993,30,1888,63,55.2,21.0,24,75,6,6,16,7,1.63,35,25,+10,+0.48,+0.18,Matches
960,Lewis Dunk,eng ENG,DF,Brighton,eng Premier League,31,1991,33,2869,87,83.9,31.9,33,87,29,0,,0,1.30,49,52,-3,-0.09,+0.56,Matches
961,Maxime Dupé,fr FRA,GK,Nice,fr Ligue 1,30,1993,0,,,,,0,,0,0,,15,,,,,,,Matches
962,Jáder Durán,co COL,FW,Aston Villa,eng Premier League,19,2003,23,475,21,13.9,5.3,3,68,1,20,14,5,1.74,15,12,+3,+0.57,+0.20,Matches
963,Julien Duranville,be BEL,FW,Dortmund,de Bundesliga,17,2006,2,12,6,0.4,0.1,0,,0,2,6,3,0.50,0,1,-1,-7.50,-8.27,Matches
964,Hugo Duro,es ESP,FW,Valencia,es La Liga,23,1999,37,2976,80,87.0,33.1,35,83,13,2,30,0,1.32,35,33,+2,+0.06,+1.48,Matches
965,Jean-Kevin Duverne,ht HAI,DF,Nantes,fr Ligue 1,26,1997,19,1348,71,44.1,15.0,15,86,9,4,15,8,1.42,14,17,-3,-0.20,+0.96,Matches
966,Paulo Dybala,ar ARG,"FW,MF",Roma,it Serie A,29,1993,28,1959,70,57.3,21.8,25,75,7,3,24,1,1.79,45,27,+18,+0.83,+0.77,Matches
967,Kiano Dyer,eng ENG,MF,Chelsea,eng Premier League,16,2006,0,,,,,0,,0,0,,4,,,,,,,Matches
968,Aron Dønnum,no NOR,"MF,FW",Toulouse,fr Ligue 1,25,1998,27,1595,59,52.1,17.7,19,74,1,8,23,1,1.26,19,24,-5,-0.28,-0.34,Matches
969,George Earthy,eng ENG,MF,West Ham United,eng Premier League,18,2004,3,34,11,1.0,0.4,0,,0,3,11,6,1.00,1,0,+1,+2.65,+3.05,Matches
970,Malcolm Ebiowei,eng ENG,MF,Crystal Palace,eng Premier League,19,2003,0,,,,,0,,0,0,,10,,,,,,,Matches
971,Simon Ebonog,cm CMR,MF,Le Havre,fr Ligue 1,18,2004,4,20,5,0.7,0.2,0,,0,4,5,4,0.25,0,1,-1,-4.50,-4.20,Matches
972,Festy Ebosele,ie IRL,MF,Udinese,it Serie A,20,2002,31,1700,55,49.7,18.9,20,70,4,11,27,6,0.90,20,29,-9,-0.48,-0.11,Matches
973,Enzo Ebosse,cm CMR,DF,Udinese,it Serie A,24,1999,1,8,8,0.2,0.1,0,,0,1,8,0,1.00,0,0,0,0.00,+0.42,Matches
974,Tyronne Ebuehi,ng NGA,DF,Empoli,it Serie A,27,1995,15,1099,73,32.1,12.2,11,84,10,4,43,7,0.80,5,16,-11,-0.90,-0.36,Matches
975,Ederson,br BRA,GK,Manchester City,eng Premier League,29,1993,33,2785,84,81.4,30.9,33,84,29,0,,2,2.36,78,27,+51,+1.65,+0.09,Matches
976,Éderson,br BRA,MF,Atalanta,it Serie A,24,1999,36,2869,80,83.9,31.9,32,85,24,4,38,1,1.75,54,38,+16,+0.50,-1.78,Matches
977,Noah Edjouma,fr FRA,FW,Toulouse,fr Ligue 1,17,2005,0,,,,,0,,0,0,,3,,,,,,,Matches
978,Odsonne Édouard,fr FRA,"FW,MF",Crystal Palace,eng Premier League,25,1998,30,1555,52,45.5,17.3,17,81,5,13,14,3,1.23,14,24,-10,-0.58,-1.01,Matches
979,Yannick Eduardo,cz CZE,FW,RB Leipzig,de Bundesliga,17,2006,0,,,,,0,,0,0,,2,,,,,,,Matches
980,Malamine Efekele,fr FRA,FW,Monaco,fr Ligue 1,19,2004,0,,,,,0,,0,0,,10,,,,,,,Matches
981,John Egan,ie IRL,DF,Sheffield United,eng Premier League,30,1992,6,482,80,14.1,5.4,6,80,4,0,,0,0.17,4,17,-13,-2.43,-0.71,Matches
982,CJ Egan-Riley,eng ENG,DF,Burnley,eng Premier League,20,2003,0,,,,,0,,0,0,,1,,,,,,,Matches
983,Maximilian Eggestein,de GER,MF,Freiburg,de Bundesliga,26,1996,33,2914,88,95.2,32.4,33,88,28,0,,0,1.27,41,53,-12,-0.37,+0.25,Matches
984,Lilian Egloff,de GER,MF,Stuttgart,de Bundesliga,20,2002,5,106,21,3.5,1.2,1,69,0,4,9,7,1.20,2,4,-2,-1.70,-2.95,Matches
985,Unai Eguíluz,es ESP,DF,Athletic Club,es La Liga,21,2002,0,,,,,0,,0,0,,9,,,,,,,Matches
986,Kingsley Ehizibue,nl NED,MF,Udinese,it Serie A,28,1995,23,955,42,27.9,10.6,11,63,0,12,22,1,0.87,9,15,-6,-0.57,-0.20,Matches
987,Victor Ehuwa Eletu,ng NGA,MF,Milan,it Serie A,18,2005,0,,,,,0,,0,0,,1,,,,,,,Matches
988,Vitus Eicher,de GER,GK,Heidenheim,de Bundesliga,32,1990,0,,,,,0,,0,0,,33,,,,,,,Matches
989,Hjalmar Ekdal,se SWE,DF,Burnley,eng Premier League,24,1998,8,437,55,12.8,4.9,5,75,0,3,21,12,0.88,2,7,-5,-1.03,-0.06,Matches
990,Hugo Ekitike,fr FRA,FW,Paris Saint-Germain,fr Ligue 1,21,2002,1,9,9,0.3,0.1,0,,0,1,9,2,1.00,0,0,0,0.00,-1.42,Matches
991,Hugo Ekitike,fr FRA,FW,Eintracht Frankfurt,de Bundesliga,21,2002,14,716,51,23.4,8.0,7,78,0,7,24,0,1.07,9,16,-7,-0.88,-1.19,Matches
992,Emmanuel Ekong,se SWE,FW,Empoli,it Serie A,21,2002,1,5,5,0.1,0.1,0,,0,1,5,0,0.00,0,0,0,0.00,+0.66,Matches
993,Caleb Ekuban,gh GHA,FW,Genoa,it Serie A,29,1994,29,1131,39,33.1,12.6,10,70,1,19,22,2,1.28,16,15,+1,+0.08,+0.12,Matches
994,Anthony Elanga,se SWE,"MF,FW",Nottingham Forest,eng Premier League,21,2002,36,2433,68,71.1,27.0,25,86,15,11,27,0,0.97,40,47,-7,-0.26,+0.74,Matches
995,Agon Elezi,mk MKD,MF,Bochum,de Bundesliga,22,2001,0,,,,,0,,0,0,,5,,,,,,,Matches
996,Emanuele Elia,it ITA,DF,Salernitana,it Serie A,18,2004,0,,,,,0,,0,0,,1,,,,,,,Matches
997,Simon Elisor,fr FRA,FW,Metz,fr Ligue 1,24,1999,14,767,55,25.1,8.5,9,74,2,5,20,2,1.07,8,13,-5,-0.59,+0.12,Matches
998,Harvey Elliott,eng ENG,"MF,FW",Liverpool,eng Premier League,20,2003,34,1352,40,39.5,15.0,11,77,4,23,22,4,2.15,41,13,+28,+1.86,+1.12,Matches
999,Elif Elmas,mk MKD,MF,RB Leipzig,de Bundesliga,23,1999,14,266,19,8.7,3.0,2,59,0,12,12,3,1.57,7,3,+4,+1.35,+0.26,Matches
1000,Elif Elmas,mk MKD,"MF,FW",Napoli,it Serie A,23,1999,11,339,31,9.9,3.8,4,54,0,7,17,3,1.64,3,5,-2,-0.53,-0.79,Matches
1001,Mohamed Elneny,eg EGY,MF,Arsenal,eng Premier League,31,1992,3,28,9,0.8,0.3,0,,0,3,9,13,3.00,1,0,+1,+3.21,+1.60,Matches
1002,Aritz Elustondo,es ESP,DF,Real Sociedad,es La Liga,29,1994,15,812,54,23.7,9.0,7,86,6,8,27,10,1.73,10,8,+2,+0.22,-0.12,Matches
1003,Nico Elvedi,ch SUI,DF,Gladbach,de Bundesliga,26,1996,30,2482,83,81.1,27.6,28,87,24,2,27,1,1.00,44,48,-4,-0.15,+0.94,Matches
1004,Adri Embarba,es ESP,"MF,FW",Almería,es La Liga,31,1992,36,2476,69,72.4,27.5,29,79,12,7,28,2,0.58,25,52,-27,-0.98,-0.50,Matches
1005,Breel Embolo,ch SUI,FW,Monaco,fr Ligue 1,26,1997,5,182,36,5.9,2.0,2,54,0,3,25,2,2.40,4,2,+2,+0.99,+0.24,Matches
1006,Emanuel Emegha,nl NED,FW,Strasbourg,fr Ligue 1,20,2003,28,2078,74,67.9,23.1,23,82,8,5,40,0,1.21,26,32,-6,-0.26,+0.29,Matches
1007,Emerson,br BRA,DF,Tottenham Hotspur,eng Premier League,24,1999,22,1161,53,33.9,12.9,11,86,8,11,19,16,1.64,22,31,-9,-0.70,-1.57,Matches
1008,Lander Emery,eng ENG,GK,Aston Villa,eng Premier League,20,2003,0,,,,,0,,0,0,,1,,,,,,,Matches
1009,Yunus Emre Konak,tr TUR,MF,Brentford,eng Premier League,17,2006,0,,,,,0,,0,0,,1,,,,,,,Matches
1010,Youssef En-Nesyri,ma MAR,FW,Sevilla,es La Liga,26,1997,33,2570,78,75.1,28.6,28,87,17,5,29,0,1.21,40,33,+7,+0.25,+1.62,Matches
1011,Julio Enciso,py PAR,MF,Brighton,eng Premier League,19,2004,12,475,40,13.9,5.3,5,65,0,7,22,1,1.25,8,11,-3,-0.57,-0.45,Matches
1012,Wataru Endo,jp JPN,MF,Liverpool,eng Premier League,30,1993,29,1722,59,50.4,19.1,20,79,11,9,15,4,2.21,42,16,+26,+1.36,+0.35,Matches
1013,Arne Engels,be BEL,"MF,DF",Augsburg,de Bundesliga,19,2003,32,1405,44,45.9,15.6,13,74,2,19,23,0,1.22,25,21,+4,+0.26,+1.02,Matches
1014,Enrique,es ESP,MF,Real Betis,es La Liga,19,2003,0,,,,,0,,0,0,,2,,,,,,,Matches
1015,Christian Eriksen,dk DEN,MF,Manchester Utd,eng Premier League,31,1992,22,1141,52,33.4,12.7,12,78,5,10,20,11,1.45,20,27,-7,-0.55,-0.79,Matches
1016,Martin Erlic,hr CRO,DF,Sassuolo,it Serie A,25,1998,32,2618,82,76.5,29.1,31,83,22,1,45,3,0.91,38,47,-9,-0.31,+2.27,Matches
1017,Gonzalo Escalante,ar ARG,MF,Cádiz,es La Liga,30,1993,25,1697,68,49.6,18.9,18,81,8,7,35,5,0.84,11,29,-18,-0.95,-0.38,Matches
1018,Aarón Escandell,es ESP,GK,Las Palmas,es La Liga,27,1995,2,153,77,4.5,1.7,1,90,1,1,63,33,0.33,1,4,-3,-1.76,-1.46,Matches
1019,Facundo Esnáider,es ESP,MF,Getafe,es La Liga,21,2001,0,,,,,0,,0,0,,2,,,,,,,Matches
1020,Alfonso Espino,uy URU,DF,Rayo Vallecano,es La Liga,31,1992,31,2507,81,73.3,27.9,29,84,20,2,34,6,1.06,22,37,-15,-0.54,-0.14,Matches
1021,Bernardo Espinosa,co COL,DF,Girona,es La Liga,34,1989,2,2,1,0.1,0.0,0,,0,2,1,11,2.00,0,0,0,0.00,-1.03,Matches
1022,Sebastian Esposito,au AUS,DF,Lecce,it Serie A,18,2005,0,,,,,0,,0,0,,5,,,,,,,Matches
1023,Michael Esser,de GER,GK,Bochum,de Bundesliga,35,1987,0,,,,,0,,0,0,,1,,,,,,,Matches
1024,Maxime Estève,fr FRA,DF,Montpellier,fr Ligue 1,21,2002,12,995,83,32.5,11.1,12,83,9,0,,5,1.17,8,12,-4,-0.36,-0.32,Matches
1025,Maxime Estève,fr FRA,DF,Burnley,eng Premier League,21,2002,16,1309,82,38.3,14.5,15,84,12,1,45,0,0.75,18,28,-10,-0.69,+0.46,Matches
1026,Oscar Estupiñan,co COL,FW,Metz,fr Ligue 1,26,1996,6,260,43,8.5,2.9,4,58,0,2,15,0,0.50,2,2,0,0.00,+0.74,Matches
1027,Pervis Estupiñán,ec ECU,"DF,MF",Brighton,eng Premier League,25,1998,19,1243,65,36.3,13.8,15,76,9,4,24,1,1.47,23,26,-3,-0.22,-0.05,Matches
1028,Karl Etta Eyong,cm CMR,FW,Cádiz,es La Liga,19,2003,1,21,21,0.6,0.2,0,,0,1,21,0,0.00,0,0,0,0.00,+0.77,Matches
1029,Jonny Evans,nir NIR,DF,Manchester Utd,eng Premier League,35,1988,23,1392,61,40.7,15.5,15,85,9,8,15,3,1.65,21,24,-3,-0.19,-0.28,Matches
1030,Eberechi Eze,eng ENG,"MF,FW",Crystal Palace,eng Premier League,25,1998,27,2055,76,60.1,22.8,24,83,12,3,18,0,1.56,41,28,+13,+0.57,+1.49,Matches
1031,Abde Ezzalzouli,ma MAR,"FW,MF",Barcelona,es La Liga,21,2001,2,68,34,2.0,0.8,0,,0,2,34,1,2.00,2,0,+2,+2.65,+1.76,Matches
1032,Abde Ezzalzouli,ma MAR,MF,Real Betis,es La Liga,21,2001,26,865,33,25.3,9.6,6,70,1,20,22,4,1.35,11,9,+2,+0.21,+0.17,Matches
1033,Giovanni Fabbian,it ITA,MF,Bologna,it Serie A,20,2003,27,1057,39,30.9,11.7,11,73,2,16,16,11,2.00,17,12,+5,+0.43,-0.22,Matches
1034,Łukasz Fabiański,pl POL,GK,West Ham United,eng Premier League,38,1985,10,721,72,21.1,8.0,7,90,7,3,30,27,1.10,11,21,-10,-1.25,-1.11,Matches
1035,Nicolò Fagioli,it ITA,MF,Juventus,it Serie A,22,2001,8,437,55,12.8,4.9,4,74,0,4,36,2,1.88,8,4,+4,+0.82,+0.25,Matches
1036,Romain Faivre,fr FRA,MF,Bournemouth,eng Premier League,25,1998,5,41,8,1.2,0.5,0,,0,5,8,8,0.40,0,1,-1,-2.20,-1.88,Matches
1037,Romain Faivre,fr FRA,MF,Lorient,fr Ligue 1,25,1998,17,1453,85,47.5,16.1,16,89,15,1,28,0,0.71,19,34,-15,-0.93,-0.48,Matches
1038,Ilhan Fakili,fr FRA,MF,Clermont Foot,fr Ligue 1,17,2006,3,94,31,3.1,1.0,1,58,0,2,18,0,0.00,0,4,-4,-3.83,-2.92,Matches
1039,Matteo Falasca,it ITA,DF,Sassuolo,it Serie A,19,2004,0,,,,,0,,0,0,,1,,,,,,,Matches
1040,Radamel Falcao,co COL,FW,Rayo Vallecano,es La Liga,37,1986,22,407,19,11.9,4.5,2,63,0,20,14,12,0.87,7,7,0,0.00,+0.57,Matches
1041,Wladimiro Falcone,it ITA,GK,Lecce,it Serie A,28,1995,38,3420,90,100.0,38.0,38,90,38,0,,0,1.00,32,54,-22,-0.58,,Matches
1042,Fali,es ESP,DF,Cádiz,es La Liga,29,1993,30,2547,85,74.5,28.3,30,85,25,0,,4,0.90,20,39,-19,-0.67,+0.36,Matches
1043,Fallou Fall,sn SEN,DF,Reims,fr Ligue 1,19,2004,0,,,,,0,,0,0,,1,,,,,,,Matches
1044,Davide Faraoni,it ITA,MF,Hellas Verona,it Serie A,31,1991,11,602,55,17.6,6.7,7,69,1,4,30,3,0.45,3,11,-8,-1.20,-1.04,Matches
1045,Davide Faraoni,it ITA,DF,Fiorentina,it Serie A,31,1991,8,392,49,11.5,4.4,4,81,2,4,17,11,1.38,7,8,-1,-0.23,-0.71,Matches
1046,Ansu Fati,es ESP,"FW,MF",Barcelona,es La Liga,20,2002,3,50,17,1.5,0.6,0,,0,3,17,0,2.33,2,0,+2,+3.60,+2.72,Matches
1047,Ansu Fati,es ESP,"MF,FW",Brighton,eng Premier League,20,2002,19,521,27,15.2,5.8,3,50,0,16,23,5,1.26,12,12,0,0.00,+0.22,Matches
1048,Giacomo Faticanti,it ITA,MF,Lecce,it Serie A,19,2004,0,,,,,0,,0,0,,12,,,,,,,Matches
1049,Khalil Fayad,fr FRA,MF,Montpellier,fr Ligue 1,19,2004,23,1025,45,33.5,11.4,11,67,0,12,24,7,0.91,7,19,-12,-1.05,-1.36,Matches
1050,Cheikh Faye,sn SEN,DF,Montpellier,fr Ligue 1,24,1999,0,,,,,0,,0,0,,6,,,,,,,Matches
1051,Federico Fazio,ar ARG,DF,Salernitana,it Serie A,36,1987,17,1355,80,39.6,15.1,15,87,12,2,27,8,0.61,15,31,-16,-1.06,+0.38,Matches
1052,Jacopo Fazzini,it ITA,MF,Empoli,it Serie A,20,2003,31,1232,40,36.0,13.7,14,65,2,17,19,1,1.00,11,24,-13,-0.95,-0.46,Matches
1053,Nabil Fekir,fr FRA,"MF,FW",Real Betis,es La Liga,30,1993,19,1049,55,30.7,11.7,10,80,4,9,28,2,1.79,19,15,+4,+0.34,+0.38,Matches
1054,Felipe,br BRA,DF,Nottingham Forest,eng Premier League,34,1989,7,375,54,11.0,4.2,4,75,2,3,25,5,0.75,4,11,-7,-1.68,-1.35,Matches
1055,Luiz Felipe,it ITA,DF,Real Betis,es La Liga,26,1997,4,360,90,10.5,4.0,4,90,4,0,,0,1.75,5,5,0,0.00,-0.09,Matches
1056,João Félix,pt POR,FW,Barcelona,es La Liga,23,1999,30,1540,51,45.0,17.1,18,71,3,12,22,1,2.17,34,16,+18,+1.05,+0.24,Matches
1057,João Félix,pt POR,"FW,MF",Atlético Madrid,es La Liga,23,1999,0,,,,,0,,0,0,,2,,,,,,,Matches
1058,Ohis Felix Uduokhai,de GER,DF,Augsburg,de Bundesliga,25,1997,33,2921,89,95.5,32.5,33,89,31,0,,0,1.15,49,59,-10,-0.31,-0.31,Matches
1059,Frank Feller,de GER,GK,Heidenheim,de Bundesliga,19,2004,0,,,,,0,,0,0,,1,,,,,,,Matches
1060,Kiko Femenía,es ESP,DF,Villarreal,es La Liga,32,1991,23,1583,69,46.3,17.6,16,88,12,7,25,13,1.52,31,19,+12,+0.68,+1.27,Matches
1061,Evan Ferguson,ie IRL,FW,Brighton,eng Premier League,18,2004,27,1367,51,40.0,15.2,15,71,4,12,25,1,1.48,25,28,-3,-0.20,-0.02,Matches
1062,Lewis Ferguson,sct SCO,MF,Bologna,it Serie A,23,1999,31,2712,87,79.3,30.1,31,87,25,0,,0,1.87,41,24,+17,+0.56,-0.07,Matches
1063,Bruno Fernandes,pt POR,MF,Manchester Utd,eng Premier League,28,1994,35,3118,89,91.2,34.6,35,89,33,0,,0,1.69,55,52,+3,+0.09,+1.28,Matches
1064,Edimilson Fernandes,ch SUI,DF,Mainz 05,de Bundesliga,27,1996,21,1290,61,42.2,14.3,13,87,10,8,20,5,1.00,18,32,-14,-0.98,-1.08,Matches
1065,Guilherme Fernandes,pt POR,GK,Real Betis,es La Liga,22,2001,0,,,,,0,,0,0,,8,,,,,,,Matches
1066,Rafael Fernandes,pt POR,DF,Lille,fr Ligue 1,21,2002,0,,,,,0,,0,0,,5,,,,,,,Matches
1067,Saná Fernandes,pt POR,MF,Lazio,it Serie A,17,2006,0,,,,,0,,0,0,,12,,,,,,,Matches
1068,Aitor Fernández,es ESP,GK,Osasuna,es La Liga,32,1991,7,551,79,16.1,6.1,6,90,6,1,11,30,0.63,6,13,-7,-1.14,-1.02,Matches
1069,Álex Fernández,es ESP,MF,Cádiz,es La Liga,30,1992,26,1285,49,37.6,14.3,14,74,6,12,20,11,0.85,6,20,-14,-0.98,-0.35,Matches
1070,Carlos Fernández,es ESP,FW,Real Sociedad,es La Liga,27,1996,10,408,41,11.9,4.5,5,63,1,5,19,6,1.55,7,4,+3,+0.66,+0.39,Matches
1071,César Fernández,es ESP,GK,Celta Vigo,es La Liga,19,2004,0,,,,,0,,0,0,,1,,,,,,,Matches
1072,Marcos Fernández Cózar,es ESP,DF,Mallorca,es La Liga,20,2003,0,,,,,0,,0,0,,4,,,,,,,Matches
1073,Enzo Fernández,ar ARG,MF,Chelsea,eng Premier League,22,2001,28,2209,79,64.6,24.5,26,84,18,2,16,0,1.46,41,47,-6,-0.24,-1.73,Matches
1074,Raúl Fernández,es ESP,GK,Granada,es La Liga,35,1988,4,280,70,8.2,3.1,4,70,3,0,,10,0.75,8,11,-3,-0.96,+0.12,Matches
1075,Valery Fernández,es ESP,MF,Girona,es La Liga,23,1999,27,506,19,14.8,5.6,2,62,0,25,15,10,2.00,11,10,+1,+0.18,-1.00,Matches
1076,Fernando,br BRA,MF,Sevilla,es La Liga,36,1987,8,459,57,13.4,5.1,5,74,1,3,29,3,1.00,9,10,-1,-0.20,-0.04,Matches
1077,Fernando,es ESP,GK,Almería,es La Liga,33,1990,4,360,90,10.5,4.0,4,90,4,0,,34,1.00,11,10,+1,+0.25,+1.22,Matches
1078,Ichem Ferrah,fr FRA,FW,Lille,fr Ligue 1,17,2005,1,3,3,0.1,0.0,0,,0,1,3,0,3.00,0,0,0,0.00,-0.53,Matches
1079,Tommaso Ferrari,it ITA,DF,Salernitana,it Serie A,18,2005,0,,,,,0,,0,0,,5,,,,,,,Matches
1080,Andrea Ferraris,it ITA,FW,Monza,it Serie A,20,2003,1,10,10,0.3,0.1,0,,0,1,10,10,0.00,0,0,0,0.00,+0.32,Matches
1081,André Ferreira,pt POR,GK,Granada,es La Liga,27,1996,15,1340,89,39.2,14.9,14,90,14,1,80,6,0.33,12,29,-17,-1.14,-0.10,Matches
1082,João Ferreira,pt POR,"DF,MF",Udinese,it Serie A,22,2001,35,1822,52,53.3,20.2,18,80,11,17,22,2,1.00,25,31,-6,-0.30,+0.27,Matches
1083,Pau Ferrer,es ESP,FW,Las Palmas,es La Liga,19,2003,0,,,,,0,,0,0,,1,,,,,,,Matches
1084,Jordan Ferri,fr FRA,MF,Montpellier,fr Ligue 1,31,1992,30,2031,68,66.4,22.6,23,80,10,7,26,0,1.23,33,33,0,0.00,+0.44,Matches
1085,Nacho Ferri,es ESP,FW,Eintracht Frankfurt,de Bundesliga,18,2004,8,74,9,2.4,0.8,0,,0,8,9,4,1.63,3,1,+2,+2.43,+2.46,Matches
1086,Rachad Fettal,ma MAR,FW,Almería,es La Liga,18,2005,1,17,17,0.5,0.2,0,,0,1,17,6,1.00,0,0,0,0.00,+0.85,Matches
1087,Bryan Fiabema,no NOR,FW,Real Sociedad,es La Liga,20,2003,0,,,,,0,,0,0,,2,,,,,,,Matches
1088,Karol Fila,pl POL,DF,Strasbourg,fr Ligue 1,25,1998,0,,,,,0,,0,0,,2,,,,,,,Matches
1089,Seydou Fini,it ITA,FW,Genoa,it Serie A,17,2006,3,35,12,1.0,0.4,0,,0,3,12,12,0.33,0,2,-2,-5.14,-5.20,Matches
1090,Max Finkgräfe,de GER,DF,Köln,de Bundesliga,19,2004,24,1756,73,57.4,19.5,18,88,13,6,29,2,0.83,17,33,-16,-0.82,+0.28,Matches
1091,Vincenzo Fiorillo,it ITA,GK,Salernitana,it Serie A,33,1990,4,360,90,10.5,4.0,4,90,4,0,,22,0.60,8,10,-2,-0.50,+0.88,Matches
1092,Kilian Fischer,de GER,"MF,DF",Wolfsburg,de Bundesliga,22,2000,6,291,49,9.5,3.2,4,69,1,2,9,18,1.67,3,5,-2,-0.62,-0.20,Matches
1093,John Fleck,sct SCO,MF,Sheffield United,eng Premier League,31,1991,4,92,23,2.7,1.0,1,45,0,3,16,5,0.00,1,5,-4,-3.91,-2.16,Matches
1094,Mark Flekken,nl NED,GK,Brentford,eng Premier League,30,1993,37,3285,89,96.1,36.5,37,89,36,0,,0,1.05,53,63,-10,-0.27,-0.94,Matches
1095,Alessandro Florenzi,it ITA,"DF,MF",Milan,it Serie A,32,1991,31,1732,56,50.6,19.2,19,79,11,12,19,5,1.84,35,23,+12,+0.62,-0.18,Matches
1096,Phil Foden,eng ENG,MF,Manchester City,eng Premier League,23,2000,35,2857,82,83.5,31.7,33,85,19,2,25,2,2.34,74,27,+47,+1.48,-0.92,Matches
1097,Wes Foderingham,eng ENG,GK,Sheffield United,eng Premier League,32,1991,30,2649,88,77.5,29.4,29,90,29,1,39,8,0.43,24,79,-55,-1.87,-0.23,Matches
1098,Malick Fofana,be BEL,"FW,MF",Lyon,fr Ligue 1,18,2005,17,559,33,18.3,6.2,4,67,1,13,22,0,2.18,16,8,+8,+1.29,+1.79,Matches
1099,Youssouf Fofana,fr FRA,MF,Monaco,fr Ligue 1,24,1999,32,2697,84,88.1,30.0,31,87,24,1,13,0,2.00,56,33,+23,+0.77,+0.02,Matches
1100,Jonas Föhrenbach,de GER,DF,Heidenheim,de Bundesliga,27,1996,33,2788,84,91.1,31.0,32,87,28,1,9,0,1.24,44,53,-9,-0.29,-1.61,Matches
1101,Thomas Foket,be BEL,"DF,MF",Reims,fr Ligue 1,28,1994,27,1833,68,59.9,20.4,22,79,9,5,17,5,1.52,26,27,-1,-0.05,+0.24,Matches
1102,Michael Folorunsho,it ITA,MF,Hellas Verona,it Serie A,25,1998,34,2781,82,81.3,30.9,33,84,18,1,8,0,0.91,28,43,-15,-0.49,-0.77,Matches
1103,Tiago Fonseca Morais,pt POR,"FW,MF",Lille,fr Ligue 1,19,2003,3,46,15,1.5,0.5,0,,0,3,15,7,3.00,0,0,0,0.00,-0.54,Matches
1104,Pablo Fornals,es ESP,MF,West Ham United,eng Premier League,27,1996,15,426,28,12.5,4.7,4,78,2,11,11,6,1.67,6,9,-3,-0.63,-0.30,Matches
1105,Pablo Fornals,es ESP,MF,Real Betis,es La Liga,27,1996,15,1148,77,33.6,12.8,14,80,6,1,25,0,1.47,22,20,+2,+0.16,+0.12,Matches
1106,Emil Forsberg,se SWE,MF,RB Leipzig,de Bundesliga,31,1991,14,464,33,15.2,5.2,5,64,0,9,16,2,1.93,12,5,+7,+1.36,+0.28,Matches
1107,Omari Forson,eng ENG,MF,Manchester Utd,eng Premier League,19,2004,4,70,18,2.0,0.8,1,52,0,3,6,9,0.75,1,2,-1,-1.29,-1.29,Matches
1108,Fraser Forster,eng ENG,GK,Tottenham Hotspur,eng Premier League,35,1988,0,,,,,0,,0,0,,23,,,,,,,Matches
1109,Philipp Förster,de GER,MF,Bochum,de Bundesliga,28,1995,13,385,30,12.6,4.3,3,63,0,10,20,12,0.85,6,8,-2,-0.47,+0.54,Matches
1110,Héctor Fort,es ESP,DF,Barcelona,es La Liga,16,2006,7,318,45,9.3,3.5,4,65,0,3,20,17,2.57,9,2,+7,+1.98,+1.17,Matches
1111,Niccolò Fortini,it ITA,MF,Fiorentina,it Serie A,17,2006,0,,,,,0,,0,0,,1,,,,,,,Matches
1112,Lyle Foster,za RSA,"FW,MF",Burnley,eng Premier League,22,2000,24,1899,79,55.5,21.1,22,84,10,2,24,0,0.79,22,43,-21,-1.00,-0.05,Matches
1113,Timothy Fosu-Mensah,nl NED,DF,Leverkusen,de Bundesliga,25,1998,0,,,,,0,,0,0,,7,,,,,,,Matches
1114,Dimitri Foulquier,fr FRA,"DF,MF",Valencia,es La Liga,30,1993,33,1842,56,53.9,20.5,19,83,14,14,19,0,1.36,20,22,-2,-0.10,+0.07,Matches
1115,Juan Foyth,ar ARG,DF,Villarreal,es La Liga,25,1998,12,1062,89,31.1,11.8,12,89,11,0,,0,1.00,15,20,-5,-0.42,-0.61,Matches
1116,Aitor Fraga,es ESP,GK,Real Sociedad,es La Liga,20,2003,0,,,,,0,,0,0,,11,,,,,,,Matches
1117,Fran,es ESP,GK,Real Madrid,es La Liga,18,2005,0,,,,,0,,0,0,,10,,,,,,,Matches
1118,Matheus França,br BRA,MF,Crystal Palace,eng Premier League,19,2004,10,232,23,6.8,2.6,1,83,0,9,17,9,0.70,7,7,0,0.00,+0.03,Matches
1119,Aidan Francis,eng ENG,DF,Luton Town,eng Premier League,19,2004,0,,,,,0,,0,0,,2,,,,,,,Matches
1120,Tyrese Francois,au AUS,MF,Fulham,eng Premier League,23,2000,0,,,,,0,,0,0,,5,,,,,,,Matches
1121,Bartol Franjić,hr CRO,MF,Darmstadt 98,de Bundesliga,23,2000,20,1229,61,40.2,13.7,14,79,7,6,21,6,0.50,6,45,-39,-2.86,-2.02,Matches
1122,Przemysław Frankowski,pl POL,MF,Lens,fr Ligue 1,28,1995,30,2192,73,71.6,24.4,24,84,17,6,31,2,1.40,28,23,+5,+0.21,-0.11,Matches
1123,Nathan Fraser,ie IRL,FW,Wolves,eng Premier League,18,2005,7,186,27,5.4,2.1,1,76,0,6,18,13,0.57,4,3,+1,+0.48,+0.93,Matches
1124,Pierluigi Frattali,it ITA,GK,Frosinone,it Serie A,37,1985,0,,,0.0,0.0,0,,0,0,,34,0.00,1,3,-2,,,Matches
1125,Davide Frattesi,it ITA,MF,Inter,it Serie A,23,1999,32,955,30,27.9,10.6,6,76,2,26,19,4,2.38,26,7,+19,+1.79,+0.04,Matches
1126,Benjamin Fredrick,ng NGA,DF,Brentford,eng Premier League,18,2005,0,,,,,0,,0,0,,2,,,,,,,Matches
1127,Morten Frendrup,dk DEN,MF,Genoa,it Serie A,22,2001,37,3145,85,92.0,34.9,36,87,31,1,20,0,1.24,40,43,-3,-0.09,-1.07,Matches
1128,Remo Freuler,ch SUI,MF,Bologna,it Serie A,31,1992,32,2624,82,76.7,29.2,30,85,20,2,35,2,1.88,46,23,+23,+0.79,+0.90,Matches
1129,Remo Freuler,ch SUI,MF,Nottingham Forest,eng Premier League,31,1992,0,,,,,0,,0,0,,3,,,,,,,Matches
1130,Marco Friedl,at AUT,DF,Werder Bremen,de Bundesliga,25,1998,25,2197,88,71.8,24.4,25,88,23,0,,0,1.36,33,32,+1,+0.04,+0.77,Matches
1131,Marvin Friedrich,de GER,DF,Gladbach,de Bundesliga,27,1995,24,1566,65,51.2,17.4,17,85,14,7,17,9,0.96,23,39,-16,-0.92,-1.22,Matches
1132,Jeremie Frimpong,nl NED,MF,Leverkusen,de Bundesliga,22,2000,31,2251,73,73.6,25.0,27,80,7,4,22,2,2.61,61,21,+40,+1.60,-1.18,Matches
1133,Jorge de Frutos,es ESP,MF,Rayo Vallecano,es La Liga,26,1997,36,1549,43,45.3,17.2,14,75,2,22,23,1,0.97,13,21,-8,-0.46,+0.06,Matches
1134,Darío Fuentes,es ESP,DF,Sevilla,es La Liga,20,2003,0,,,,,0,,0,0,,11,,,,,,,Matches
1135,Chris Führich,de GER,MF,Stuttgart,de Bundesliga,25,1998,34,2567,76,83.9,28.5,33,76,5,1,45,0,2.15,64,31,+33,+1.16,+0.06,Matches
1136,Toni Fuidias,es ESP,GK,Girona,es La Liga,22,2001,0,,,,,0,,0,0,,38,,,,,,,Matches
1137,Shiō Fukuda,jp JPN,FW,Gladbach,de Bundesliga,19,2004,5,36,7,1.2,0.4,0,,0,5,7,1,0.20,0,2,-2,-5.00,-4.73,Matches
1138,Taichi Fukui,jp JPN,MF,Bayern Munich,de Bundesliga,19,2004,0,,,,,0,,0,0,,1,,,,,,,Matches
1139,Angelo Fulgini,nc NCL,MF,Lens,fr Ligue 1,26,1996,29,1376,47,45.0,15.3,16,69,0,13,21,5,1.34,16,16,0,0.00,-0.43,Matches
1140,Niclas Füllkrug,de GER,FW,Werder Bremen,de Bundesliga,30,1993,2,180,90,5.9,2.0,2,90,2,0,,0,0.00,0,5,-5,-2.50,-2.47,Matches
1141,Niclas Füllkrug,de GER,FW,Dortmund,de Bundesliga,30,1993,29,2212,76,72.3,24.6,27,80,10,2,23,2,1.83,47,31,+16,+0.65,-0.30,Matches
1142,Alessio Furlanetto,it ITA,GK,Lazio,it Serie A,21,2002,0,,,,,0,,0,0,,2,,,,,,,Matches
1143,Gerardo Fusco,it ITA,FW,Salernitana,it Serie A,18,2005,1,15,15,0.4,0.2,0,,0,1,15,2,0.00,1,0,+1,+6.00,+7.32,Matches
1144,Daniel Fuzato,br BRA,GK,Getafe,es La Liga,26,1997,1,7,7,0.2,0.1,0,,0,1,7,37,0.00,0,2,-2,-25.71,-25.45,Matches
1145,Matteo Gabbia,it ITA,DF,Villarreal,es La Liga,23,1999,7,477,68,13.9,5.3,6,77,3,1,13,8,1.43,8,10,-2,-0.38,-0.44,Matches
1146,Matteo Gabbia,it ITA,DF,Milan,it Serie A,23,1999,18,1275,71,37.3,14.2,14,82,10,4,33,1,2.00,32,19,+13,+0.92,+0.33,Matches
1147,Kouakou Gadou,fr FRA,DF,Paris Saint-Germain,fr Ligue 1,16,2007,0,,,,,0,,0,0,,1,,,,,,,Matches
1148,Gianluca Gaetano,it ITA,"MF,FW",Cagliari,it Serie A,23,2000,11,745,68,21.8,8.3,10,72,3,1,29,3,1.45,9,9,0,0.00,+0.87,Matches
1149,Gianluca Gaetano,it ITA,MF,Napoli,it Serie A,23,2000,9,161,18,4.7,1.8,1,55,0,8,13,10,1.56,3,3,0,0.00,-0.19,Matches
1150,Roberto Gagliardini,it ITA,"MF,DF",Monza,it Serie A,29,1994,33,2360,72,69.0,26.2,29,79,18,4,21,2,1.12,28,38,-10,-0.38,-0.21,Matches
1151,George Gagua,ge GEO,FW,Alavés,es La Liga,21,2001,0,,,,,0,,0,0,,1,,,,,,,Matches
1152,Cody Gakpo,nl NED,"FW,MF",Liverpool,eng Premier League,24,1999,35,1649,47,48.2,18.3,17,73,3,18,23,0,2.23,52,19,+33,+1.80,+1.19,Matches
1153,Javi Galán,es ESP,"DF,MF",Atlético Madrid,es La Liga,28,1994,5,88,18,2.6,1.0,0,,0,5,18,15,1.80,2,1,+1,+1.02,+0.32,Matches
1154,Javi Galán,es ESP,DF,Real Sociedad,es La Liga,28,1994,14,1075,77,31.4,11.9,13,82,10,1,7,0,1.57,14,11,+3,+0.25,-0.09,Matches
1155,Iñigo Ruiz de Galarreta,es ESP,MF,Athletic Club,es La Liga,29,1993,29,2091,72,61.1,23.2,25,79,9,4,27,0,1.79,44,19,+25,+1.08,+1.14,Matches
1156,Pablo Galdames Millán,cl CHI,MF,Genoa,it Serie A,26,1996,2,11,6,0.3,0.1,0,,0,2,6,13,0.00,0,2,-2,-16.36,-16.42,Matches
1157,Conor Gallagher,eng ENG,MF,Chelsea,eng Premier League,23,2000,37,3128,85,91.5,34.8,37,85,28,0,,0,1.70,69,54,+15,+0.43,+0.74,Matches
1158,Antonino Gallo,it ITA,DF,Lecce,it Serie A,23,2000,35,2490,71,72.8,27.7,30,78,13,5,31,3,1.03,21,41,-20,-0.72,-0.53,Matches
1159,Gauthier Gallon,fr FRA,GK,Rennes,fr Ligue 1,30,1993,0,,,0.0,0.0,0,,0,0,,33,3.00,3,1,+2,,,Matches
1160,Cristian Gamboa,cr CRC,"DF,MF",Bochum,de Bundesliga,33,1989,22,1187,54,38.8,13.2,12,82,6,10,21,10,1.14,16,28,-12,-0.91,+0.05,Matches
1161,Kévin Gameiro,fr FRA,"FW,MF",Strasbourg,fr Ligue 1,36,1987,27,1346,50,44.0,15.0,15,71,3,12,24,2,1.30,19,26,-7,-0.47,-0.21,Matches
1162,Idrissa Gana Gueye,sn SEN,MF,Everton,eng Premier League,33,1989,25,1884,75,55.1,20.9,24,77,12,1,45,3,1.36,23,26,-3,-0.14,+0.33,Matches
1163,Ignatius Ganago,cm CMR,"MF,FW",Nantes,fr Ligue 1,24,1999,6,184,31,6.0,2.0,2,47,0,4,23,1,1.00,0,2,-2,-0.98,-0.26,Matches
1164,Ben Gannon-Doak,sct SCO,MF,Liverpool,eng Premier League,17,2005,1,14,14,0.4,0.2,0,,0,1,14,8,1.00,0,0,0,0.00,-1.19,Matches
1165,Aleix García,es ESP,MF,Girona,es La Liga,26,1997,37,3199,86,93.5,35.5,36,88,33,1,18,0,2.11,78,44,+34,+0.96,-1.08,Matches
1166,Álvaro García,es ESP,DF,Alavés,es La Liga,18,2005,0,,,,,0,,0,0,,1,,,,,,,Matches
1167,Álvaro García,es ESP,MF,Rayo Vallecano,es La Liga,30,1992,32,2475,77,72.4,27.5,30,81,11,2,19,0,0.91,22,38,-16,-0.58,-0.30,Matches
1168,Borja García,es ESP,"FW,MF",Girona,es La Liga,32,1990,0,,,,,0,,0,0,,10,,,,,,,Matches
1169,Dani García,es ESP,MF,Athletic Club,es La Liga,33,1990,17,745,44,21.8,8.3,7,81,3,10,18,11,1.71,7,11,-4,-0.48,-1.43,Matches
1170,David García,es ESP,DF,Osasuna,es La Liga,29,1994,27,2334,86,68.2,25.9,27,86,25,0,,2,1.30,28,35,-7,-0.27,+0.06,Matches
1171,Eric García,es ESP,"DF,MF",Barcelona,es La Liga,22,2001,2,57,29,1.7,0.6,0,,0,2,29,1,3.00,4,1,+3,+4.74,+3.88,Matches
1172,Eric García,es ESP,DF,Girona,es La Liga,22,2001,30,2637,88,77.1,29.3,30,88,26,0,,1,2.03,70,40,+30,+1.02,-0.01,Matches
1173,Fran Garcia,es ESP,DF,Real Madrid,es La Liga,23,1999,25,1398,56,40.9,15.5,15,81,9,10,19,13,2.48,34,15,+19,+1.22,-0.65,Matches
1174,Gaizka García,es ESP,GK,Alavés,es La Liga,18,2005,0,,,,,0,,0,0,,2,,,,,,,Matches
1175,Gonzalo García,es ESP,MF,Real Madrid,es La Liga,19,2004,2,19,10,0.6,0.2,0,,0,2,10,4,3.00,0,0,0,0.00,-1.61,Matches
1176,Jastin García,es ESP,FW,Girona,es La Liga,19,2004,3,32,11,0.9,0.4,0,,0,3,11,10,2.00,0,1,-1,-2.81,-3.88,Matches
1177,Raúl García,es ESP,FW,Athletic Club,es La Liga,37,1986,20,420,21,12.3,4.7,1,81,0,19,18,17,1.80,8,3,+5,+1.07,+0.50,Matches
1178,Rubén García,es ESP,"FW,MF",Osasuna,es La Liga,30,1993,30,1547,52,45.2,17.2,19,71,4,11,17,6,1.00,18,26,-8,-0.47,-0.32,Matches
1179,Santiago García,es ESP,MF,Getafe,es La Liga,21,2001,1,25,25,0.7,0.3,0,,0,1,25,1,0.00,0,0,0,0.00,+0.32,Matches
1180,Ulisses Garcia,ch SUI,"DF,MF",Marseille,fr Ligue 1,27,1996,13,906,70,29.6,10.1,10,85,8,3,20,3,1.46,15,14,+1,+0.10,-0.32,Matches
1181,Unai García,es ESP,DF,Osasuna,es La Liga,31,1992,9,560,62,16.4,6.2,6,84,4,3,18,17,0.90,6,12,-6,-0.96,-0.81,Matches
1182,Joe Gardner,eng ENG,DF,Nottingham Forest,eng Premier League,18,2005,0,,,,,0,,0,0,,2,,,,,,,Matches
1183,Alejandro Garnacho,ar ARG,MF,Manchester Utd,eng Premier League,19,2004,36,2565,71,75.0,28.5,30,82,12,6,19,2,1.50,43,39,+4,+0.14,+0.67,Matches
1184,James Garner,eng ENG,MF,Everton,eng Premier League,22,2001,37,3004,81,87.8,33.4,34,86,29,3,22,0,1.22,36,47,-11,-0.33,-0.33,Matches
1185,Giovanni Garofani,it ITA,GK,Juventus,it Serie A,20,2002,0,,,,,0,,0,0,,1,,,,,,,Matches
1186,Aleix Garrido,es ESP,MF,Barcelona,es La Liga,19,2004,0,,,,,0,,0,0,,1,,,,,,,Matches
1187,Carles Garrido,es ESP,FW,Girona,es La Liga,18,2004,0,,,,,0,,0,0,,1,,,,,,,Matches
1188,Luca Garritano,it ITA,MF,Frosinone,it Serie A,29,1994,12,485,40,14.2,5.4,5,67,0,7,21,25,1.17,8,9,-1,-0.19,+0.55,Matches
1189,Yarek Gasiorowski,es ESP,DF,Valencia,es La Liga,18,2005,14,735,53,21.5,8.2,7,90,5,7,15,16,1.00,9,14,-5,-0.61,-0.61,Matches
1190,Tito Gasperini,it ITA,GK,Bologna,it Serie A,17,2006,0,,,,,0,,0,0,,7,,,,,,,Matches
1191,Johan Gastien,fr FRA,MF,Clermont Foot,fr Ligue 1,35,1988,28,2260,81,73.9,25.1,28,81,14,0,,0,0.75,22,41,-19,-0.76,+0.93,Matches
1192,Federico Gatti,it ITA,DF,Juventus,it Serie A,25,1998,32,2637,82,77.1,29.3,30,85,23,2,42,5,1.91,36,27,+9,+0.31,-1.30,Matches
1193,Federico Gattoni,ar ARG,DF,Sevilla,es La Liga,24,1999,2,10,5,0.3,0.1,0,,0,2,5,15,0.00,0,1,-1,-9.00,-8.87,Matches
1194,Joe Gauci,au AUS,GK,Aston Villa,eng Premier League,23,2000,0,,,,,0,,0,0,,5,,,,,,,Matches
1195,Gavi,es ESP,"MF,FW",Barcelona,es La Liga,18,2004,12,944,79,27.6,10.5,10,88,9,2,34,0,2.25,22,11,+11,+1.05,+0.18,Matches
1196,Paulo Gazzaniga,ar ARG,GK,Girona,es La Liga,31,1992,38,3420,90,100.0,38.0,38,90,38,0,,0,2.13,85,46,+39,+1.03,,Matches
1197,Yann Gboho,fr FRA,"MF,FW",Toulouse,fr Ligue 1,22,2001,16,1193,75,39.0,13.3,13,85,4,3,29,0,1.63,23,17,+6,+0.45,+0.93,Matches
1198,Dennis Geiger,de GER,MF,Hoffenheim,de Bundesliga,25,1998,3,64,21,2.1,0.7,0,,0,3,21,1,2.00,0,2,-2,-2.81,-2.87,Matches
1199,Gelabert,es ESP,"MF,FW",Toulouse,fr Ligue 1,22,2000,16,754,47,24.6,8.4,10,68,0,6,12,17,1.06,9,12,-3,-0.36,-0.32,Matches
1200,Francesco Gelli,it ITA,"MF,DF",Frosinone,it Serie A,26,1996,27,1561,58,45.6,17.3,16,86,9,11,17,2,0.93,22,40,-18,-1.04,-0.70,Matches
1201,Luca Gemello,it ITA,GK,Torino,it Serie A,23,2000,2,180,90,5.3,2.0,2,90,2,0,,35,0.00,0,5,-5,-2.50,-2.64,Matches
1202,Valentin Gendrey,fr FRA,DF,Lecce,it Serie A,23,2000,37,3044,82,89.0,33.8,35,86,26,2,25,0,1.03,28,42,-14,-0.41,+1.50,Matches
1203,Denis Genreau,au AUS,MF,Toulouse,fr Ligue 1,24,1999,9,464,52,15.2,5.2,5,75,1,4,22,7,0.89,4,7,-3,-0.58,-0.55,Matches
1204,Tyrique George,eng ENG,FW,Chelsea,eng Premier League,17,2006,0,,,,,0,,0,0,,3,,,,,,,Matches
1205,Yannick Gerhardt,de GER,MF,Wolfsburg,de Bundesliga,29,1994,25,1630,65,53.3,18.1,18,84,8,7,18,5,1.36,23,23,0,0.00,+0.94,Matches
1206,Ismaël Gharbi,tn TUN,MF,Paris Saint-Germain,fr Ligue 1,19,2004,0,,,,,0,,0,0,,2,,,,,,,Matches
1207,Anwar El Ghazi,nl NED,"FW,MF",Mainz 05,de Bundesliga,28,1995,3,54,18,1.8,0.6,0,,0,3,18,0,0.33,1,1,0,0.00,+0.36,Matches
1208,Farés Ghedjemis,dz ALG,FW,Frosinone,it Serie A,20,2002,6,182,30,5.3,2.0,1,62,0,5,24,11,0.83,2,3,-1,-0.49,+0.17,Matches
1209,Saman Ghoddos,ir IRN,"DF,MF",Brentford,eng Premier League,29,1993,19,739,39,21.6,8.2,7,88,5,12,10,13,0.74,10,20,-10,-1.22,-1.25,Matches
1210,Lautaro Gianetti,ar ARG,DF,Udinese,it Serie A,29,1993,7,630,90,18.4,7.0,7,90,7,0,,9,1.29,5,7,-2,-0.29,+0.17,Matches
1211,Morgan Gibbs-White,eng ENG,"MF,FW",Nottingham Forest,eng Premier League,23,2000,37,3156,85,92.3,35.1,35,88,27,2,38,0,0.97,46,59,-13,-0.37,+1.33,Matches
1212,Samuel Gigot,fr FRA,DF,Marseille,fr Ligue 1,29,1993,21,1726,82,56.4,19.2,20,84,15,1,40,2,1.57,32,26,+6,+0.31,-0.02,Matches
1213,Bryan Gil,es ESP,MF,Tottenham Hotspur,eng Premier League,22,2001,11,209,19,6.1,2.3,2,58,0,9,10,13,1.09,4,11,-7,-3.01,-3.57,Matches
1214,David Gil,es ESP,GK,Cádiz,es La Liga,29,1994,5,372,74,10.9,4.1,4,90,4,1,12,32,0.60,3,8,-5,-1.21,-0.50,Matches
1215,Mario Gila,es ESP,DF,Lazio,it Serie A,22,2000,21,1809,86,52.9,20.1,21,86,16,0,,13,1.62,25,18,+7,+0.35,+0.18,Matches
1216,Alfie Gilchrist,eng ENG,DF,Chelsea,eng Premier League,19,2003,11,207,19,6.1,2.3,2,81,0,9,5,14,2.27,8,6,+2,+0.87,+0.53,Matches
1217,Ryan Giles,eng ENG,"MF,DF",Luton Town,eng Premier League,23,2000,11,503,46,14.7,5.6,5,81,2,6,17,9,0.64,4,14,-10,-1.79,-1.08,Matches
1218,Mark Gillespie,eng ENG,GK,Newcastle United,eng Premier League,31,1992,0,,,,,0,,0,0,,12,,,,,,,Matches
1219,Billy Gilmour,sct SCO,MF,Brighton,eng Premier League,22,2001,30,2120,71,62.0,23.6,24,83,13,6,22,1,1.40,40,37,+3,+0.13,+0.82,Matches
1220,Benedikt Gimber,de GER,DF,Heidenheim,de Bundesliga,26,1997,24,2021,84,66.0,22.5,24,84,18,0,,5,1.42,31,30,+1,+0.04,+0.56,Matches
1221,Sergio Gimeno,es ESP,DF,Getafe,es La Liga,22,2001,0,,,,,0,,0,0,,2,,,,,,,Matches
1222,Gvidas Gineitis,lt LTU,MF,Torino,it Serie A,19,2004,14,538,38,15.7,6.0,4,85,2,10,20,15,1.50,6,8,-2,-0.33,-0.40,Matches
1223,Matthias Ginter,de GER,DF,Freiburg,de Bundesliga,29,1994,23,1913,83,62.5,21.3,22,85,18,1,54,0,1.39,30,39,-9,-0.42,-0.11,Matches
1224,Francesco Gioielli,it ITA,MF,Napoli,it Serie A,19,2004,0,,,,,0,,0,0,,2,,,,,,,Matches
1225,Olivier Giroud,fr FRA,FW,Milan,it Serie A,36,1986,35,2363,68,69.1,26.3,28,77,10,7,28,1,1.89,58,28,+30,+1.14,+1.40,Matches
1226,Aitor Gismera,es ESP,MF,Atlético Madrid,es La Liga,19,2004,0,,,,,0,,0,0,,3,,,,,,,Matches
1227,Jamie Gittens,eng ENG,"MF,FW",Dortmund,de Bundesliga,18,2004,25,1058,42,34.6,11.8,14,62,1,11,18,9,1.84,25,12,+13,+1.11,+0.57,Matches
1228,Klaus Gjasula,al ALB,"DF,MF",Darmstadt 98,de Bundesliga,33,1989,22,1363,62,44.5,15.1,17,75,10,5,18,5,0.55,15,31,-16,-1.06,+1.06,Matches
1229,Serge Gnabry,de GER,MF,Bayern Munich,de Bundesliga,28,1995,10,432,43,14.1,4.8,5,66,0,5,21,3,1.60,15,6,+9,+1.87,+0.51,Matches
1230,Ben Godfrey,eng ENG,DF,Everton,eng Premier League,25,1998,15,1120,75,32.7,12.4,13,86,10,2,1,23,1.07,12,13,-1,-0.08,+0.31,Matches
1231,Saba Goglichidze,ge GEO,DF,Empoli,it Serie A,19,2004,0,,,,,0,,0,0,,16,,,,,,,Matches
1232,Edoardo Goldaniga,it ITA,DF,Cagliari,it Serie A,29,1993,13,1011,78,29.6,11.2,12,83,7,1,19,8,1.08,14,17,-3,-0.27,+0.59,Matches
1233,Lovro Golič,si SVN,DF,Roma,it Serie A,17,2006,0,,,,,0,,0,0,,2,,,,,,,Matches
1234,Pierluigi Gollini,it ITA,GK,Napoli,it Serie A,28,1995,7,630,90,18.4,7.0,7,90,7,0,,22,1.43,6,8,-2,-0.29,-0.58,Matches
1235,Aleksandr Golovin,ru RUS,MF,Monaco,fr Ligue 1,27,1996,25,2147,86,70.2,23.9,25,86,16,0,,0,1.96,47,31,+16,+0.67,-0.32,Matches
1236,André Gomes,pt POR,MF,Everton,eng Premier League,30,1993,12,508,42,14.9,5.6,3,73,1,9,32,4,0.92,6,7,-1,-0.18,+0.13,Matches
1237,Angel Gomes,eng ENG,MF,Lille,fr Ligue 1,22,2000,31,2571,83,84.0,28.6,29,86,14,2,41,0,1.61,44,27,+17,+0.60,+0.41,Matches
1238,João Gomes,br BRA,MF,Wolves,eng Premier League,22,2001,34,2649,78,77.5,29.4,32,82,18,2,7,1,1.32,38,51,-13,-0.44,-0.21,Matches
1239,Toti Gomes,pt POR,DF,Wolves,eng Premier League,24,1999,35,2772,79,81.1,30.8,31,86,23,4,29,3,1.31,42,49,-7,-0.23,+0.88,Matches
1240,Joe Gomez,eng ENG,DF,Liverpool,eng Premier League,26,1997,32,1786,56,52.2,19.8,17,85,12,15,23,4,2.22,47,19,+28,+1.41,+0.47,Matches
1241,Maxi Gómez,uy URU,FW,Cádiz,es La Liga,26,1996,31,1163,38,34.0,12.9,12,64,0,19,21,3,0.81,6,21,-15,-1.16,-0.60,Matches
1242,Moi Gómez,es ESP,"MF,FW",Osasuna,es La Liga,29,1994,28,2006,72,58.7,22.3,23,80,11,5,34,5,1.14,26,30,-4,-0.18,+0.27,Matches
1243,Papu Gómez,ar ARG,"FW,MF",Monza,it Serie A,35,1988,2,41,21,1.2,0.5,0,,0,2,21,0,3.00,1,0,+1,+2.20,+2.54,Matches
1244,Papu Gómez,ar ARG,"FW,MF",Sevilla,es La Liga,35,1988,0,,,,,0,,0,0,,3,,,,,,,Matches
1245,Sergio Gómez,es ESP,"DF,MF",Manchester City,eng Premier League,22,2000,6,53,9,1.5,0.6,0,,0,6,9,26,3.00,3,1,+2,+3.40,+1.79,Matches
1246,Unai Gómez,es ESP,MF,Athletic Club,es La Liga,20,2003,25,875,35,25.6,9.7,9,64,1,16,19,12,1.92,17,11,+6,+0.62,-0.02,Matches
1247,Alfred Gomis,sn SEN,GK,Lorient,fr Ligue 1,29,1993,0,,,,,0,,0,0,,25,,,,,,,Matches
1248,Antonio Gomis,es ESP,GK,Atlético Madrid,es La Liga,20,2003,0,,,,,0,,0,0,,38,,,,,,,Matches
1249,Iron Gomis,fr FRA,MF,Salernitana,it Serie A,23,1999,5,134,27,3.9,1.5,1,45,0,4,22,7,0.40,0,4,-4,-2.69,-1.45,Matches
1250,Yoni Gomis,fr FRA,DF,Le Havre,fr Ligue 1,17,2005,0,,,,,0,,0,0,,2,,,,,,,Matches
1251,Maxime Gonalons,fr FRA,MF,Clermont Foot,fr Ligue 1,34,1989,21,1296,62,42.4,14.4,17,72,2,4,19,1,0.71,10,26,-16,-1.11,-0.19,Matches
1252,Diego González,py PAR,MF,Lazio,it Serie A,20,2003,0,,,,,0,,0,0,,6,,,,,,,Matches
1253,Édgar González,es ESP,"DF,MF",Almería,es La Liga,26,1997,31,2522,81,73.7,28.0,30,83,23,1,45,1,0.58,25,52,-27,-0.96,-0.46,Matches
1254,Enso Gonzalez,py PAR,FW,Wolves,eng Premier League,18,2005,1,1,1,0.0,0.0,0,,0,1,1,4,0.00,0,0,0,0.00,+0.39,Matches
1255,Fabio González,es ESP,MF,Las Palmas,es La Liga,26,1997,6,123,21,3.6,1.4,1,78,0,5,9,11,0.83,2,1,+1,+0.73,+1.14,Matches
1256,Fran González,es ESP,DF,Real Madrid,es La Liga,24,1998,0,,,,,0,,0,0,,5,,,,,,,Matches
1257,Giovanni González,uy URU,DF,Mallorca,es La Liga,28,1994,34,2464,72,72.0,27.4,27,84,20,7,29,3,1.06,21,29,-8,-0.29,-0.01,Matches
1258,Hugo González,es ESP,FW,Valencia,es La Liga,20,2003,9,87,10,2.5,1.0,0,,0,9,10,16,1.22,1,1,0,0.00,+0.14,Matches
1259,Iñaki González,es ESP,MF,Las Palmas,es La Liga,19,2004,1,5,5,0.1,0.1,0,,0,1,5,7,3.00,0,0,0,0.00,+0.37,Matches
1260,Joan Gonzàlez,es ESP,MF,Lecce,it Serie A,21,2002,29,1291,45,37.7,14.3,13,70,4,16,24,8,0.97,15,23,-8,-0.56,+0.03,Matches
1261,Mario González,es ESP,MF,Granada,es La Liga,19,2004,0,,,,,0,,0,0,,1,,,,,,,Matches
1262,Nicolás González,ar ARG,MF,Fiorentina,it Serie A,25,1998,29,1913,66,55.9,21.3,21,80,13,8,29,1,1.41,36,28,+8,+0.38,-0.04,Matches
1263,Peter González,do DOM,MF,Valencia,es La Liga,21,2002,15,649,43,19.0,7.2,5,75,0,10,28,1,0.93,5,11,-6,-0.83,-0.86,Matches
1264,Urko González,es ESP,MF,Real Sociedad,es La Liga,22,2001,5,156,31,4.6,1.7,2,51,0,3,18,32,1.40,3,3,0,0.00,-0.33,Matches
1265,Charlie Goode,eng ENG,DF,Brentford,eng Premier League,27,1995,0,,,,,0,,0,0,,5,,,,,,,Matches
1266,Anthony Gordon,eng ENG,FW,Newcastle United,eng Premier League,22,2001,35,2890,83,84.5,32.1,34,83,16,1,79,0,1.57,70,48,+22,+0.69,+0.52,Matches
1267,John-Kymani Gordon,eng ENG,"FW,MF",Crystal Palace,eng Premier League,20,2003,0,,,,,0,,0,0,,3,,,,,,,Matches
1268,Kaide Gordon,eng ENG,FW,Liverpool,eng Premier League,18,2004,1,1,1,0.0,0.0,0,,0,1,1,1,3.00,0,0,0,0.00,-1.18,Matches
1269,Daniel Gore,eng ENG,MF,Manchester Utd,eng Premier League,18,2004,1,1,1,0.0,0.0,0,,0,1,1,6,3.00,0,0,0,0.00,+0.03,Matches
1270,Leon Goretzka,de GER,MF,Bayern Munich,de Bundesliga,28,1995,30,2241,75,73.2,24.9,25,84,17,5,28,0,2.00,64,39,+25,+1.00,-1.63,Matches
1271,Mathieu Gorgelin,fr FRA,GK,Le Havre,fr Ligue 1,32,1990,1,90,90,2.9,1.0,1,90,1,0,,29,0.00,1,2,-1,-1.00,-0.70,Matches
1272,Stefano Gori,it ITA,GK,Monza,it Serie A,27,1996,0,,,,,0,,0,0,,37,,,,,,,Matches
1273,Andoni Gorosabel,es ESP,DF,Alavés,es La Liga,26,1996,36,2854,79,83.5,31.7,33,85,21,3,13,1,1.25,28,35,-7,-0.22,+0.26,Matches
1274,Ale Gorrin,es ESP,GK,Las Palmas,es La Liga,20,2002,0,,,,,0,,0,0,,20,,,,,,,Matches
1275,Robin Gosens,de GER,"MF,DF",Union Berlin,de Bundesliga,29,1994,30,2283,76,74.6,25.4,27,82,10,3,20,0,1.00,27,45,-18,-0.71,+0.10,Matches
1276,Mario Götze,de GER,MF,Eintracht Frankfurt,de Bundesliga,31,1992,30,2068,69,67.6,23.0,23,82,7,7,25,1,1.33,32,30,+2,+0.09,+0.18,Matches
1277,Amine Gouiri,dz ALG,"FW,MF",Rennes,fr Ligue 1,23,2000,31,2067,67,67.5,23.0,24,80,8,7,22,2,1.26,32,37,-5,-0.22,-1.31,Matches
1278,Jeffrey Gouweleeuw,nl NED,DF,Augsburg,de Bundesliga,32,1991,30,2593,86,84.7,28.8,29,88,27,1,45,0,1.13,40,46,-6,-0.21,+0.56,Matches
1279,Pablo Gozalbez,es ESP,MF,Valencia,es La Liga,22,2001,5,103,21,3.0,1.1,1,45,0,4,15,26,2.00,2,2,0,0.00,+0.14,Matches
1280,Jonathan Gradit,fr FRA,DF,Lens,fr Ligue 1,30,1992,26,2112,81,69.0,23.5,26,81,19,0,,1,1.54,34,23,+11,+0.47,+0.75,Matches
1281,Jens Grahl,de GER,GK,Eintracht Frankfurt,de Bundesliga,34,1988,2,180,90,5.9,2.0,2,90,2,0,,32,2.00,4,2,+2,+1.00,+1.03,Matches
1282,Samuel Grandsir,fr FRA,MF,Le Havre,fr Ligue 1,26,1996,23,606,26,19.8,6.7,4,72,1,19,17,8,0.70,6,13,-7,-1.04,-0.89,Matches
1283,Alberto Grassi,it ITA,MF,Empoli,it Serie A,28,1995,27,1807,67,52.8,20.1,22,77,9,5,22,5,1.00,16,28,-12,-0.60,+0.13,Matches
1284,Ryan Gravenberch,nl NED,MF,Bayern Munich,de Bundesliga,21,2002,1,10,10,0.3,0.1,0,,0,1,10,1,3.00,0,1,-1,-9.00,-10.48,Matches
1285,Ryan Gravenberch,nl NED,MF,Liverpool,eng Premier League,21,2002,26,1121,43,32.8,12.5,12,68,1,14,22,5,2.23,28,18,+10,+0.80,-0.57,Matches
1286,Adrian Grbić,at AUT,"FW,MF",Lorient,fr Ligue 1,26,1996,1,31,31,1.0,0.3,0,,0,1,31,1,0.00,0,2,-2,-5.81,-5.18,Matches
1287,Ivo Grbić,hr CRO,GK,Sheffield United,eng Premier League,27,1996,9,771,86,22.5,8.6,9,86,8,0,,5,0.33,11,25,-14,-1.63,+0.23,Matches
1288,Ivo Grbić,hr CRO,GK,Atlético Madrid,es La Liga,27,1996,0,,,,,0,,0,0,,18,,,,,,,Matches
1289,Jack Grealish,eng ENG,"MF,FW",Manchester City,eng Premier League,27,1995,20,1009,50,29.5,11.2,10,83,7,10,18,9,2.45,26,13,+13,+1.16,-0.67,Matches
1290,Ben Greenwood,ie IRL,DF,Bournemouth,eng Premier League,20,2003,0,,,,,0,,0,0,,4,,,,,,,Matches
1291,Mason Greenwood,eng ENG,"MF,FW",Getafe,es La Liga,21,2001,33,2662,81,77.8,29.6,30,86,22,3,27,0,1.18,36,42,-6,-0.20,+0.51,Matches
1292,Michael Gregoritsch,at AUT,FW,Freiburg,de Bundesliga,29,1994,32,1682,53,55.0,18.7,19,75,6,13,20,0,1.28,29,25,+4,+0.21,+1.32,Matches
1293,Dominik Greif,sk SVK,GK,Mallorca,es La Liga,26,1997,1,90,90,2.6,1.0,1,90,1,0,,37,1.00,0,0,0,0.00,+0.30,Matches
1294,Antoine Griezmann,fr FRA,"FW,MF",Atlético Madrid,es La Liga,32,1991,33,2644,80,77.3,29.4,31,83,19,2,39,1,2.00,52,33,+19,+0.65,-0.28,Matches
1295,Harvey Griffiths,eng ENG,MF,Wolves,eng Premier League,19,2003,0,,,,,0,,0,0,,2,,,,,,,Matches
1296,Vincenzo Grifo,it ITA,MF,Freiburg,de Bundesliga,30,1993,32,2325,73,76.0,25.8,29,76,6,3,41,2,1.22,32,42,-10,-0.39,-0.02,Matches
1297,Florian Grillitsch,at AUT,"DF,MF",Hoffenheim,de Bundesliga,27,1995,30,2295,77,75.0,25.5,25,86,20,5,30,0,1.37,50,53,-3,-0.12,-0.47,Matches
1298,Álex Grimaldo,es ESP,MF,Leverkusen,de Bundesliga,27,1995,33,2784,84,91.0,30.9,31,89,26,2,13,0,2.64,76,23,+53,+1.71,-2.20,Matches
1299,Christian Groß,de GER,"DF,MF",Werder Bremen,de Bundesliga,34,1989,20,797,40,26.0,8.9,8,83,2,12,11,11,1.40,14,23,-9,-1.02,-1.14,Matches
1300,Pascal Groß,de GER,"MF,DF",Brighton,eng Premier League,32,1991,36,3114,87,91.1,34.6,34,90,32,2,33,0,1.25,50,50,0,0.00,+2.06,Matches
1301,Brajan Gruda,de GER,"MF,FW",Mainz 05,de Bundesliga,19,2004,28,1641,59,53.6,18.2,19,76,2,9,21,1,1.00,22,28,-6,-0.33,+0.05,Matches
1302,Ilia Gruev,bg BUL,MF,Werder Bremen,de Bundesliga,23,2000,1,4,4,0.1,0.0,0,,0,1,4,1,0.00,0,1,-1,-22.50,-22.35,Matches
1303,Vicente Guaita,es ESP,GK,Celta Vigo,es La Liga,36,1987,27,2403,89,70.3,26.7,26,90,26,1,63,6,1.15,32,39,-7,-0.26,+0.09,Matches
1304,Andrés Guardado,mx MEX,MF,Real Betis,es La Liga,36,1986,12,447,37,13.1,5.0,4,67,1,8,23,6,1.58,5,4,+1,+0.20,+0.14,Matches
1305,Sergi Guardiola,es ESP,FW,Cádiz,es La Liga,32,1991,22,495,23,14.5,5.5,1,69,0,21,20,11,0.73,5,7,-2,-0.36,+0.47,Matches
1306,Gabriele Guarino,it ITA,DF,Empoli,it Serie A,19,2004,0,,,,,0,,0,0,,13,,,,,,,Matches
1307,Niccolò Guccione,it ITA,DF,Salernitana,it Serie A,17,2006,0,,,,,0,,0,0,,2,,,,,,,Matches
1308,Nemanja Gudelj,rs SRB,"DF,MF",Sevilla,es La Liga,31,1991,22,1742,79,50.9,19.4,20,86,16,2,16,2,1.05,29,24,+5,+0.26,+0.85,Matches
1309,Gabriel Gudmundsson,se SWE,"MF,DF",Lille,fr Ligue 1,24,1999,25,1267,51,41.4,14.1,14,80,7,11,14,9,1.72,21,12,+9,+0.64,+0.19,Matches
1310,Gonçalo Guedes,pt POR,"FW,MF",Villarreal,es La Liga,26,1996,17,951,56,27.8,10.6,9,79,3,8,30,1,1.82,24,16,+8,+0.76,+1.05,Matches
1311,Gui Guedes,pt POR,MF,Almería,es La Liga,21,2002,0,,,,,0,,0,0,,3,,,,,,,Matches
1312,Axel Gueguin,fr FRA,DF,Montpellier,fr Ligue 1,18,2005,3,132,44,4.3,1.5,1,90,1,2,21,2,0.33,0,2,-2,-1.36,-1.27,Matches
1313,Marc Guéhi,eng ENG,DF,Crystal Palace,eng Premier League,23,2000,25,2021,81,59.1,22.5,23,86,19,2,17,0,1.32,30,32,-2,-0.09,-0.15,Matches
1314,Mattéo Guendouzi,fr FRA,MF,Marseille,fr Ligue 1,24,1999,2,19,10,0.6,0.2,0,,0,2,10,1,3.00,0,0,0,0.00,-0.33,Matches
1315,Mattéo Guendouzi,fr FRA,MF,Lazio,it Serie A,24,1999,33,2367,72,69.2,26.3,27,83,17,6,22,0,1.67,34,28,+6,+0.23,-0.11,Matches
1316,Tomasso Guercio,pl POL,DF,Inter,it Serie A,18,2005,0,,,,,0,,0,0,,1,,,,,,,Matches
1317,Javier Guerra,es ESP,MF,Valencia,es La Liga,20,2003,36,2498,69,73.0,27.8,28,83,16,8,22,0,1.25,28,34,-6,-0.22,-0.31,Matches
1318,Raphaël Guerreiro,pt POR,"MF,DF",Bayern Munich,de Bundesliga,29,1993,20,1191,60,38.9,13.2,13,75,5,7,31,2,1.90,32,17,+15,+1.13,-0.50,Matches
1319,Daniel Guerrero,es ESP,MF,Real Betis,es La Liga,18,2005,0,,,,,0,,0,0,,1,,,,,,,Matches
1320,Axel Guessand,fr FRA,DF,Udinese,it Serie A,18,2004,1,45,45,1.3,0.5,0,,0,1,45,12,1.00,0,0,0,0.00,+0.43,Matches
1321,Evann Guessand,ci CIV,FW,Nice,fr Ligue 1,22,2001,34,1553,46,50.8,17.3,14,79,7,20,22,0,1.62,18,20,-2,-0.12,-0.89,Matches
1322,Ander Guevara,es ESP,MF,Alavés,es La Liga,26,1997,37,2932,79,85.7,32.6,33,86,23,4,22,0,1.24,31,41,-10,-0.31,-0.31,Matches
1323,Pape Gueye,sn SEN,"MF,DF",Marseille,fr Ligue 1,24,1999,15,765,51,25.0,8.5,9,72,2,6,19,1,1.93,12,11,+1,+0.12,-0.27,Matches
1324,Josuha Guilavogui,fr FRA,DF,Mainz 05,de Bundesliga,32,1990,11,409,37,13.4,4.5,5,62,2,6,16,12,1.64,5,8,-3,-0.66,-0.35,Matches
1325,Morgan Guilavogui,gn GUI,FW,Lens,fr Ligue 1,25,1998,23,566,25,18.5,6.3,2,71,0,21,20,6,1.52,11,5,+6,+0.95,+0.88,Matches
1326,Frederic Guilbert,fr FRA,"DF,MF",Strasbourg,fr Ligue 1,28,1994,32,2490,78,81.4,27.7,29,85,23,3,10,1,1.22,31,42,-11,-0.40,-0.24,Matches
1327,Hugo Guillamón,es ESP,MF,Valencia,es La Liga,23,2000,26,1315,51,38.5,14.6,12,86,8,14,20,11,1.50,15,19,-4,-0.27,-0.23,Matches
1328,Bruno Guimarães,br BRA,MF,Newcastle United,eng Premier League,25,1997,37,3263,88,95.4,36.3,37,88,31,0,,0,1.62,81,60,+21,+0.58,-0.57,Matches
1329,Serhou Guirassy,gn GUI,FW,Stuttgart,de Bundesliga,27,1996,28,2208,79,72.2,24.5,25,85,15,3,28,0,2.39,58,24,+34,+1.39,+0.86,Matches
1330,Marc Guiu,es ESP,FW,Barcelona,es La Liga,17,2006,3,74,25,2.2,0.8,1,60,0,2,7,13,2.33,1,0,+1,+1.22,+0.30,Matches
1331,Péter Gulácsi,hu HUN,GK,RB Leipzig,de Bundesliga,33,1990,13,1170,90,38.2,13.0,13,90,13,0,,16,2.38,32,9,+23,+1.77,+1.05,Matches
1332,Manuel Gulde,de GER,DF,Freiburg,de Bundesliga,32,1991,27,2047,76,66.9,22.7,23,85,18,4,25,5,1.26,33,40,-7,-0.31,+0.23,Matches
1333,Arda Güler,tr TUR,"MF,FW",Real Madrid,es La Liga,18,2005,10,377,38,11.0,4.2,4,78,2,6,11,11,2.60,14,5,+9,+2.15,+0.61,Matches
1334,Gerard Gumbau,es ESP,MF,Granada,es La Liga,28,1994,35,2674,76,78.2,29.7,31,83,18,4,24,0,0.51,30,65,-35,-1.18,-0.45,Matches
1335,Robert Gumny,pl POL,"DF,MF",Augsburg,de Bundesliga,25,1998,13,481,37,15.7,5.3,6,64,2,7,14,10,0.85,9,9,0,0.00,+0.35,Matches
1336,İlkay Gündoğan,de GER,MF,Barcelona,es La Liga,32,1990,36,2994,83,87.5,33.3,33,88,26,3,32,1,2.19,69,42,+27,+0.81,-0.88,Matches
1337,Christian Günter,de GER,"MF,DF",Freiburg,de Bundesliga,30,1993,15,1060,71,34.6,11.8,13,79,4,2,15,1,1.07,17,17,0,0.00,+0.59,Matches
1338,Jon Guridi,es ESP,MF,Alavés,es La Liga,28,1995,36,2678,74,78.3,29.8,34,77,10,2,36,1,1.28,30,32,-2,-0.07,+0.90,Matches
1339,Gorka Guruzeta,es ESP,FW,Athletic Club,es La Liga,26,1996,32,2217,69,64.8,24.6,30,72,4,2,33,1,1.78,44,20,+24,+0.97,+0.97,Matches
1340,Malo Gusto,fr FRA,"DF,MF",Chelsea,eng Premier League,20,2003,27,1751,65,51.2,19.5,19,83,8,8,21,1,1.81,38,27,+11,+0.57,+0.40,Matches
1341,Miguel Gutiérrez,es ESP,"DF,MF",Girona,es La Liga,22,2001,35,3032,87,88.7,33.7,35,87,30,0,,1,2.14,73,39,+34,+1.01,-0.15,Matches
1342,Albert Guðmundsson,is ISL,"FW,MF",Genoa,it Serie A,26,1997,35,3016,86,88.2,33.5,34,88,26,1,24,0,1.34,40,37,+3,+0.09,+0.76,Matches
1343,Joško Gvardiol,hr CRO,DF,Manchester City,eng Premier League,21,2002,28,2328,83,68.1,25.9,26,87,22,2,30,7,2.50,68,23,+45,+1.74,+0.34,Matches
1344,Emmanuel Gyasi,gh GHA,MF,Empoli,it Serie A,29,1994,33,1879,57,54.9,20.9,21,80,13,12,16,4,0.97,17,25,-8,-0.38,+0.61,Matches
1345,Norbert Gyömbér,sk SVK,DF,Salernitana,it Serie A,31,1992,22,1760,80,51.5,19.6,20,82,14,2,58,3,0.55,16,41,-25,-1.28,+0.02,Matches
1346,Erling Haaland,no NOR,"FW,MF",Manchester City,eng Premier League,23,2000,31,2552,82,74.6,28.4,29,86,20,2,25,1,2.32,64,26,+38,+1.34,-1.15,Matches
1347,Nicolas Haas,ch SUI,MF,Empoli,it Serie A,27,1996,1,90,90,2.6,1.0,1,90,1,0,,1,0.00,0,2,-2,-2.00,-1.38,Matches
1348,Janik Haberer,de GER,MF,Union Berlin,de Bundesliga,29,1994,21,1221,58,39.9,13.6,14,75,6,7,25,7,0.71,10,30,-20,-1.47,-1.23,Matches
1349,Robin Hack,de GER,"FW,MF",Gladbach,de Bundesliga,24,1998,29,1348,46,44.1,15.0,14,75,3,15,20,3,0.97,22,26,-4,-0.27,+0.10,Matches
1350,Antwoine Hackford,eng ENG,FW,Sheffield United,eng Premier League,19,2004,2,13,7,0.4,0.1,0,,0,2,7,0,0.00,0,1,-1,-6.92,-5.13,Matches
1351,Munir El Haddadi,ma MAR,"MF,FW",Las Palmas,es La Liga,27,1995,38,2449,64,71.6,27.2,32,73,3,6,19,0,1.05,24,31,-7,-0.26,+0.39,Matches
1352,Jaouen Hadjam,dz ALG,DF,Nantes,fr Ligue 1,20,2003,8,112,14,3.7,1.2,0,,0,8,14,5,0.63,0,5,-5,-4.02,-3.41,Matches
1353,Eduardo Dos Santos Haesler,de GER,GK,Werder Bremen,de Bundesliga,24,1999,0,,,,,0,,0,0,,9,,,,,,,Matches
1354,Ianis Hagi,ro ROU,MF,Alavés,es La Liga,24,1998,22,804,37,23.5,8.9,8,69,1,14,18,13,0.82,4,13,-9,-1.01,-0.97,Matches
1355,Amadou Haidara,ml MLI,MF,RB Leipzig,de Bundesliga,25,1998,21,1526,73,49.9,17.0,19,79,4,2,11,2,2.10,44,17,+27,+1.59,+0.95,Matches
1356,Massadio Haïdara,ml MLI,"DF,MF",Lens,fr Ligue 1,30,1992,18,741,41,24.2,8.2,7,76,3,11,19,8,1.72,8,8,0,0.00,-0.31,Matches
1357,Oualid El Hajjam,ma MAR,"DF,MF",Le Havre,fr Ligue 1,32,1991,13,393,30,12.8,4.4,4,85,2,9,6,17,1.38,4,8,-4,-0.92,-0.68,Matches
1358,Achraf Hakimi,ma MAR,"DF,MF",Paris Saint-Germain,fr Ligue 1,24,1998,25,1932,77,63.1,21.5,20,88,17,5,33,3,2.04,52,24,+28,+1.30,-0.29,Matches
1359,Lewis Hall,eng ENG,DF,Newcastle United,eng Premier League,18,2004,18,781,43,22.8,8.7,8,82,3,10,13,15,1.44,23,12,+11,+1.27,+0.86,Matches
1360,Tyrese Hall,jm JAM,MF,Tottenham Hotspur,eng Premier League,17,2005,0,,,,,0,,0,0,,1,,,,,,,Matches
1361,Sébastien Haller,ci CIV,FW,Dortmund,de Bundesliga,29,1994,14,396,28,12.9,4.4,5,56,0,9,13,3,2.00,6,5,+1,+0.23,-0.58,Matches
1362,Gustavo Hamer,nl NED,MF,Sheffield United,eng Premier League,26,1997,36,2910,81,85.1,32.3,34,83,18,2,39,0,0.44,31,83,-52,-1.61,+1.39,Matches
1363,Micah Hamilton,eng ENG,"FW,MF",Manchester City,eng Premier League,19,2003,0,,,,,0,,0,0,,2,,,,,,,Matches
1364,Owen Hampson,eng ENG,MF,Sheffield United,eng Premier League,18,2004,0,,,,,0,,0,0,,1,,,,,,,Matches
1365,Andreas Hanche-Olsen,no NOR,DF,Mainz 05,de Bundesliga,26,1997,15,992,66,32.4,11.0,12,80,6,3,12,0,1.60,18,10,+8,+0.73,+1.60,Matches
1366,Isak Hansen-Aarøen,no NOR,MF,Werder Bremen,de Bundesliga,18,2004,3,27,9,0.9,0.3,0,,0,3,9,7,1.00,0,3,-3,-10.00,-9.91,Matches
1367,Hamza Haoudi,it ITA,MF,Frosinone,it Serie A,22,2001,0,,,,,0,,0,0,,1,,,,,,,Matches
1368,Ridgeciano Haps,sr SUR,MF,Genoa,it Serie A,30,1993,16,773,48,22.6,8.6,7,85,2,9,20,13,1.06,7,9,-2,-0.23,-0.30,Matches
1369,Genki Haraguchi,jp JPN,"FW,MF",Stuttgart,de Bundesliga,32,1991,2,27,14,0.9,0.3,0,,0,2,14,24,1.50,0,2,-2,-6.67,-7.88,Matches
1370,Hákon Haraldsson,is ISL,"MF,FW",Lille,fr Ligue 1,20,2003,26,1284,49,42.0,14.3,15,73,1,11,17,7,1.73,16,21,-5,-0.35,-1.52,Matches
1371,Amine Harit,ma MAR,MF,Marseille,fr Ligue 1,26,1997,28,1821,65,59.5,20.2,21,78,7,7,27,0,1.54,30,20,+10,+0.49,+0.42,Matches
1372,Luke Harris,wls WAL,MF,Fulham,eng Premier League,18,2005,1,75,75,2.2,0.8,0,,0,1,75,4,0.00,1,5,-4,-4.80,-4.75,Matches
1373,Taylan Harris,eng ENG,FW,Luton Town,eng Premier League,17,2005,0,,,,,0,,0,0,,1,,,,,,,Matches
1374,Jack Harrison,eng ENG,MF,Everton,eng Premier League,26,1996,29,2214,76,64.7,24.6,25,84,17,4,31,1,1.38,27,25,+2,+0.08,+1.05,Matches
1375,Ollie Harrison,eng ENG,MF,Chelsea,eng Premier League,15,2007,0,,,,,0,,0,0,,1,,,,,,,Matches
1376,Abdou Harroui,nl NED,MF,Frosinone,it Serie A,25,1998,18,1019,57,29.8,11.3,13,70,0,5,22,2,0.67,15,29,-14,-1.24,-0.82,Matches
1377,Luis Hasa,it ITA,MF,Juventus,it Serie A,19,2004,0,,,,,0,,0,0,,1,,,,,,,Matches
1378,Makoto Hasebe,jp JPN,"MF,DF",Eintracht Frankfurt,de Bundesliga,39,1984,8,218,27,7.1,2.4,2,87,1,6,7,23,1.75,3,7,-4,-1.65,-1.81,Matches
1379,Daiki Hashioka,jp JPN,"DF,MF",Luton Town,eng Premier League,24,1999,10,595,60,17.4,6.6,6,77,3,4,33,3,0.40,10,21,-11,-1.66,-0.96,Matches
1380,Hans Hateboer,nl NED,MF,Atalanta,it Serie A,29,1994,23,1113,48,32.5,12.4,10,77,7,13,26,7,1.83,24,16,+8,+0.65,-0.21,Matches
1381,Pantelis Hatzidiakos,gr GRE,DF,Cagliari,it Serie A,26,1997,13,856,66,25.0,9.5,13,66,2,0,,17,0.54,6,19,-13,-1.37,-0.91,Matches
1382,Daniel Hausmann,de GER,MF,Augsburg,de Bundesliga,20,2003,0,,,,,0,,0,0,,2,,,,,,,Matches
1383,Kai Havertz,de GER,"MF,FW",Arsenal,eng Premier League,24,1999,37,2634,71,77.0,29.3,30,83,18,7,19,0,2.41,77,22,+55,+1.88,+1.08,Matches
1384,Thorgan Hazard,be BEL,"FW,MF",Dortmund,de Bundesliga,30,1993,1,7,7,0.2,0.1,0,,0,1,7,1,3.00,1,0,+1,+12.86,+12.15,Matches
1385,Travis Hearnes,no NOR,MF,Newcastle United,eng Premier League,17,2005,0,,,,,0,,0,0,,1,,,,,,,Matches
1386,Tom Heaton,eng ENG,GK,Manchester Utd,eng Premier League,37,1986,0,,,,,0,,0,0,,4,,,,,,,Matches
1387,Jan Paul van Hecke,nl NED,DF,Brighton,eng Premier League,23,2000,28,2369,85,69.3,26.3,26,90,26,2,15,4,1.32,40,38,+2,+0.08,+0.85,Matches
1388,Hwang Hee-chan,kr KOR,"FW,MF",Wolves,eng Premier League,27,1996,29,2119,73,62.0,23.5,25,80,14,4,32,0,1.31,35,37,-2,-0.08,+0.81,Matches
1389,Silvan Hefti,ch SUI,"DF,MF",Montpellier,fr Ligue 1,25,1997,11,711,65,23.2,7.9,9,76,5,2,13,5,1.55,13,10,+3,+0.38,+0.69,Matches
1390,Silvan Hefti,ch SUI,MF,Genoa,it Serie A,25,1997,6,114,19,3.3,1.3,1,58,0,5,11,11,0.50,1,8,-7,-5.53,-5.72,Matches
1391,Dominique Heintz,de GER,DF,Köln,de Bundesliga,29,1993,12,568,47,18.6,6.3,6,76,3,6,19,19,1.17,5,9,-4,-0.63,+0.38,Matches
1392,Dean Henderson,eng ENG,GK,Manchester Utd,eng Premier League,26,1997,0,,,,,0,,0,0,,3,,,,,,,Matches
1393,Dean Henderson,eng ENG,GK,Crystal Palace,eng Premier League,26,1997,18,1620,90,47.4,18.0,18,90,18,0,,7,1.56,36,30,+6,+0.33,+0.68,Matches
1394,Liam Henderson,sct SCO,MF,Empoli,it Serie A,27,1996,1,5,5,0.1,0.1,0,,0,1,5,0,0.00,0,0,0,0.00,+0.66,Matches
1395,Wayne Hennessey,wls WAL,GK,Nottingham Forest,eng Premier League,36,1987,0,,,,,0,,0,0,,1,,,,,,,Matches
1396,Benjamin Henrichs,de GER,"DF,MF",RB Leipzig,de Bundesliga,26,1997,33,2526,77,82.5,28.1,28,86,18,5,22,0,1.94,65,31,+34,+1.21,+0.54,Matches
1397,Henrique,br BRA,"DF,MF",Lyon,fr Ligue 1,29,1994,11,607,55,19.8,6.7,6,86,3,5,18,16,1.18,8,12,-4,-0.59,-0.52,Matches
1398,Luis Henrique,br BRA,"FW,MF",Marseille,fr Ligue 1,21,2001,15,784,52,25.6,8.7,8,85,5,7,15,2,1.27,14,12,+2,+0.23,-0.13,Matches
1399,Luiz Henrique,br BRA,MF,Real Betis,es La Liga,22,2001,14,616,44,18.0,6.8,6,73,2,8,22,2,1.64,8,10,-2,-0.29,-0.45,Matches
1400,Matheus Henrique,br BRA,MF,Sassuolo,it Serie A,25,1997,31,2501,81,73.1,27.8,27,89,22,4,26,0,0.84,28,54,-26,-0.94,-0.35,Matches
1401,Rico Henry,jm JAM,DF,Brentford,eng Premier League,26,1997,5,401,80,11.7,4.5,5,80,4,0,,0,1.20,8,5,+3,+0.67,+1.03,Matches
1402,Thomas Henry,fr FRA,FW,Hellas Verona,it Serie A,28,1994,18,334,19,9.8,3.7,2,56,0,16,14,8,0.89,3,2,+1,+0.27,+0.68,Matches
1403,Christophe Hérelle,mq MTQ,DF,Metz,fr Ligue 1,30,1992,19,1617,85,52.8,18.0,18,87,15,1,45,5,0.84,14,26,-12,-0.67,+0.02,Matches
1404,Christophe Hérelle,mq MTQ,DF,Brest,fr Ligue 1,30,1992,0,,,,,0,,0,0,,3,,,,,,,Matches
1405,Mario Hermoso,es ESP,DF,Atlético Madrid,es La Liga,28,1995,31,2557,82,74.8,28.4,29,87,26,2,16,4,1.94,55,34,+21,+0.74,+0.11,Matches
1406,Aridane Hernández,es ESP,DF,Rayo Vallecano,es La Liga,34,1989,19,1690,89,49.4,18.8,19,89,18,0,,12,1.11,17,26,-9,-0.48,+0.04,Matches
1407,Javi Hernández,es ESP,DF,Cádiz,es La Liga,25,1998,30,2514,84,73.5,27.9,28,88,24,2,23,2,1.00,23,42,-19,-0.68,+0.31,Matches
1408,Lucas Hernández,fr FRA,DF,Paris Saint-Germain,fr Ligue 1,27,1996,27,1909,71,62.4,21.2,23,80,12,4,18,1,2.37,50,20,+30,+1.41,+0.01,Matches
1409,Luis Hernández,es ESP,DF,Cádiz,es La Liga,34,1989,9,723,80,21.1,8.0,8,90,8,1,3,0,1.00,6,13,-7,-0.87,-0.14,Matches
1410,Theo Hernández,fr FRA,DF,Milan,it Serie A,25,1997,32,2791,87,81.6,31.0,31,89,26,1,23,0,2.13,70,42,+28,+0.90,+1.05,Matches
1411,Unai Hernandez,es ESP,MF,Barcelona,es La Liga,18,2004,0,,,,,0,,0,0,,7,,,,,,,Matches
1412,Jorge Herrando,es ESP,DF,Osasuna,es La Liga,22,2001,19,1644,87,48.1,18.3,18,89,17,1,36,19,1.05,21,26,-5,-0.27,+0.03,Matches
1413,Alejandro Herranz,es ESP,DF,Getafe,es La Liga,18,2004,0,,,,,0,,0,0,,2,,,,,,,Matches
1414,Ander Herrera,es ESP,MF,Athletic Club,es La Liga,33,1989,23,1030,45,30.1,11.4,10,75,3,13,22,6,1.78,17,10,+7,+0.61,-0.03,Matches
1415,Cristian Herrera,es ESP,MF,Las Palmas,es La Liga,32,1991,8,166,21,4.9,1.8,1,90,1,7,11,23,1.88,3,4,-1,-0.54,-0.18,Matches
1416,Sergio Herrera,es ESP,GK,Osasuna,es La Liga,30,1993,32,2869,90,83.9,31.9,32,90,31,0,,6,1.34,41,47,-6,-0.19,+0.63,Matches
1417,Yangel Herrera,ve VEN,MF,Girona,es La Liga,25,1998,29,2107,73,61.6,23.4,27,77,9,2,15,1,2.31,53,26,+27,+1.15,+0.33,Matches
1418,Patrick Herrmann,de GER,"FW,MF",Gladbach,de Bundesliga,32,1991,8,86,11,2.8,1.0,0,,0,8,11,21,1.38,2,2,0,0.00,+0.33,Matches
1419,Juanma Herzog,es ESP,DF,Las Palmas,es La Liga,19,2004,4,292,73,8.5,3.2,3,90,3,1,22,17,1.50,6,5,+1,+0.31,+0.74,Matches
1420,Owen Hesketh,wls WAL,MF,Wolves,eng Premier League,20,2002,0,,,,,0,,0,0,,1,,,,,,,Matches
1421,Son Heung-min,kr KOR,"FW,MF",Tottenham Hotspur,eng Premier League,31,1992,35,2934,84,85.8,32.6,34,85,19,1,29,0,1.74,63,51,+12,+0.37,+0.18,Matches
1422,Aaron Hickey,sct SCO,"DF,MF",Brentford,eng Premier League,21,2002,9,713,79,20.8,7.9,9,79,2,0,,0,1.11,10,12,-2,-0.25,-0.02,Matches
1423,Isak Hien,se SWE,DF,Hellas Verona,it Serie A,24,1999,10,864,86,25.3,9.6,9,89,8,1,61,0,0.80,7,11,-4,-0.42,-0.10,Matches
1424,Isak Hien,se SWE,DF,Atalanta,it Serie A,24,1999,16,937,59,27.4,10.4,9,90,9,7,18,1,1.94,22,11,+11,+1.06,+0.37,Matches
1425,James Hill,eng ENG,DF,Bournemouth,eng Premier League,21,2002,5,76,15,2.2,0.8,1,54,0,4,6,10,2.00,1,1,0,0.00,+0.35,Matches
1426,Piero Hincapié,ec ECU,DF,Leverkusen,de Bundesliga,21,2002,26,1484,57,48.5,16.5,16,84,10,10,15,5,2.62,36,9,+27,+1.64,-0.53,Matches
1427,Jack Hinshelwood,eng ENG,"DF,MF",Brighton,eng Premier League,18,2005,12,869,72,25.4,9.7,8,81,3,4,56,4,1.33,15,17,-2,-0.21,-0.03,Matches
1428,Adam Hložek,cz CZE,"MF,FW",Leverkusen,de Bundesliga,21,2002,23,459,20,15.0,5.1,5,71,1,18,6,7,2.83,13,3,+10,+1.96,+0.06,Matches
1429,Joseph Hodge,ie IRL,MF,Wolves,eng Premier League,20,2002,0,,,,,0,,0,0,,9,,,,,,,Matches
1430,Nicolas Höfler,de GER,MF,Freiburg,de Bundesliga,33,1990,28,2330,83,76.1,25.9,26,89,22,2,13,0,1.18,37,46,-9,-0.35,+0.15,Matches
1431,Jonas Hofmann,de GER,MF,Leverkusen,de Bundesliga,31,1992,32,2204,69,72.0,24.5,26,81,7,6,16,1,2.63,66,20,+46,+1.88,-0.12,Matches
1432,Philipp Hofmann,de GER,FW,Bochum,de Bundesliga,30,1993,29,1571,54,51.3,17.5,18,72,4,11,25,2,0.86,24,39,-15,-0.86,+0.17,Matches
1433,Rob Holding,eng ENG,DF,Crystal Palace,eng Premier League,27,1995,0,,,,,0,,0,0,,10,,,,,,,Matches
1434,Lucas Höler,de GER,"FW,MF",Freiburg,de Bundesliga,29,1994,33,2305,70,75.3,25.6,26,83,10,7,21,0,1.18,31,50,-19,-0.74,-1.46,Matches
1435,Mason Holgate,jm JAM,DF,Sheffield United,eng Premier League,26,1996,10,710,71,20.8,7.9,9,76,4,1,22,2,0.50,11,22,-11,-1.39,+0.53,Matches
1436,Fabian Holland,de GER,"MF,DF",Darmstadt 98,de Bundesliga,33,1990,23,1835,80,60.0,20.4,23,80,11,0,,0,0.48,21,48,-27,-1.32,+0.81,Matches
1437,Benedict Hollerbach,de GER,"FW,MF",Union Berlin,de Bundesliga,22,2001,28,1282,46,41.9,14.2,15,68,1,13,20,5,0.93,14,25,-11,-0.77,-0.06,Matches
1438,Emil Holm,se SWE,MF,Atalanta,it Serie A,23,2000,22,947,43,27.7,10.5,12,63,2,10,19,8,1.86,23,12,+11,+1.05,+0.35,Matches
1439,Fletcher Holman,eng ENG,FW,Wolves,eng Premier League,18,2004,0,,,,,0,,0,0,,3,,,,,,,Matches
1440,Gerrit Holtmann,ph PHI,MF,Darmstadt 98,de Bundesliga,28,1995,10,392,39,12.8,4.4,2,65,0,8,33,1,0.40,3,11,-8,-1.84,-0.22,Matches
1441,Martin Hongla,cm CMR,MF,Hellas Verona,it Serie A,25,1998,15,1084,72,31.7,12.0,12,83,9,3,28,4,0.80,8,12,-4,-0.33,+0.01,Matches
1442,Martin Hongla,cm CMR,"MF,DF",Granada,es La Liga,25,1998,13,562,43,16.4,6.2,6,70,1,7,20,3,0.69,5,16,-11,-1.76,-0.82,Matches
1443,Franck Honorat,fr FRA,"MF,FW",Gladbach,de Bundesliga,26,1996,32,2345,73,76.6,26.1,28,81,10,4,16,0,1.06,48,50,-2,-0.08,+1.06,Matches
1444,Mathias Honsak,at AUT,"MF,FW",Darmstadt 98,de Bundesliga,26,1996,23,1021,44,33.4,11.3,10,73,2,13,22,0,0.57,9,39,-30,-2.64,-1.50,Matches
1445,Sydney van Hooijdonk,nl NED,FW,Bologna,it Serie A,23,2000,9,212,24,6.2,2.4,2,67,0,7,11,10,1.00,2,2,0,0.00,-0.62,Matches
1446,Fraser Hornby,sct SCO,FW,Darmstadt 98,de Bundesliga,23,1999,7,217,31,7.1,2.4,1,61,0,6,26,1,1.00,1,6,-5,-2.07,-0.46,Matches
1447,Ethan Horvath,us USA,GK,Nottingham Forest,eng Premier League,28,1995,0,,,,,0,,0,0,,4,,,,,,,Matches
1448,Lukáš Hrádecký,fi FIN,GK,Leverkusen,de Bundesliga,33,1989,33,2970,90,97.1,33.0,33,90,33,0,,1,2.70,89,24,+65,+1.97,+1.97,Matches
1449,Xabier Huarte Armendáriz,es ESP,MF,Osasuna,es La Liga,22,2001,1,9,9,0.3,0.1,0,,0,1,9,1,0.00,0,0,0,0.00,+0.29,Matches
1450,Timo Hübers,de GER,DF,Köln,de Bundesliga,27,1996,31,2778,90,90.8,30.9,31,90,30,0,,0,0.81,24,53,-29,-0.94,+0.02,Matches
1451,Justin Hubner,id IDN,DF,Wolves,eng Premier League,19,2003,0,,,,,0,,0,0,,1,,,,,,,Matches
1452,Callum Hudson-Odoi,eng ENG,"MF,FW",Nottingham Forest,eng Premier League,22,2000,29,1854,64,54.2,20.6,20,82,9,9,24,1,0.86,32,41,-9,-0.44,+0.08,Matches
1453,Will Hughes,eng ENG,MF,Crystal Palace,eng Premier League,28,1995,30,1891,63,55.3,21.0,23,78,8,7,15,1,1.23,29,37,-8,-0.38,-0.79,Matches
1454,Joe Hugill,eng ENG,FW,Manchester Utd,eng Premier League,19,2003,0,,,,,0,,0,0,,1,,,,,,,Matches
1455,Dean Huijsen,es ESP,DF,Roma,it Serie A,18,2005,13,509,39,14.9,5.7,4,69,2,9,26,7,2.08,9,10,-1,-0.18,-0.80,Matches
1456,Dean Huijsen,es ESP,DF,Juventus,it Serie A,18,2005,1,13,13,0.4,0.1,0,,0,1,13,14,3.00,0,0,0,0.00,-0.61,Matches
1457,Tom Hülsmann,de GER,GK,Bayern Munich,de Bundesliga,19,2004,0,,,,,0,,0,0,,2,,,,,,,Matches
1458,Mats Hummels,de GER,DF,Dortmund,de Bundesliga,34,1988,25,1581,63,51.7,17.6,20,75,13,5,18,4,1.88,34,24,+10,+0.57,-0.34,Matches
1459,Bashir Humphreys,eng ENG,DF,Chelsea,eng Premier League,20,2003,0,,,,,0,,0,0,,2,,,,,,,Matches
1460,Mackenzie Hunt,ae UAE,"DF,MF",Everton,eng Premier League,21,2001,0,,,,,0,,0,0,,17,,,,,,,Matches
1461,Denis Huseinbasic,ba BIH,MF,Köln,de Bundesliga,22,2001,26,1627,63,53.2,18.1,18,83,10,8,18,6,0.77,18,36,-18,-1.00,-0.12,Matches
1462,Elseid Hysaj,al ALB,DF,Lazio,it Serie A,29,1994,22,1199,55,35.1,13.3,11,78,7,11,31,15,1.64,20,21,-1,-0.08,-0.52,Matches
1463,Pierre Højbjerg,dk DEN,MF,Tottenham Hotspur,eng Premier League,27,1995,36,1311,36,38.3,14.6,8,83,4,28,23,2,1.81,32,28,+4,+0.27,-0.11,Matches
1464,Rasmus Højlund,dk DEN,FW,Manchester Utd,eng Premier League,20,2003,30,2158,72,63.1,24.0,25,81,8,5,26,0,1.60,36,35,+1,+0.04,+0.18,Matches
1465,Iago,br BRA,"DF,MF",Augsburg,de Bundesliga,26,1997,23,1622,71,53.0,18.0,18,82,12,5,29,0,1.43,29,20,+9,+0.50,+1.69,Matches
1466,Pablo Ibáñez,es ESP,MF,Osasuna,es La Liga,24,1998,33,1152,35,33.7,12.8,12,71,2,21,14,4,1.18,19,20,-1,-0.08,+0.32,Matches
1467,Bradley Ibrahim,eng ENG,MF,Arsenal,eng Premier League,18,2004,0,,,,,0,,0,0,,1,,,,,,,Matches
1468,Arijon Ibrahimović,de GER,"MF,FW",Frosinone,it Serie A,17,2005,16,474,30,13.9,5.3,5,70,0,11,11,15,0.75,4,7,-3,-0.57,+0.10,Matches
1469,Hubert Idasiak,pl POL,GK,Napoli,it Serie A,21,2002,0,,,,,0,,0,0,,17,,,,,,,Matches
1470,Stanis Idumbo,be BEL,MF,Sevilla,es La Liga,18,2005,0,,,,,0,,0,0,,6,,,,,,,Matches
1471,Antonio Iervolino,it ITA,MF,Salernitana,it Serie A,20,2003,0,,,,,0,,0,0,,1,,,,,,,Matches
1472,Iglesias,es ESP,"DF,MF",Getafe,es La Liga,25,1998,23,1412,61,41.3,15.7,16,75,5,7,29,7,1.29,13,19,-6,-0.38,-0.11,Matches
1473,Borja Iglesias,es ESP,FW,Leverkusen,de Bundesliga,30,1993,7,256,37,8.4,2.8,2,78,1,5,20,4,3.00,11,1,+10,+3.52,+1.75,Matches
1474,Borja Iglesias,es ESP,FW,Real Betis,es La Liga,30,1993,11,408,37,11.9,4.5,4,63,1,7,22,9,1.45,7,6,+1,+0.22,+0.16,Matches
1475,Igor,br BRA,DF,Brighton,eng Premier League,25,1998,24,1637,68,47.9,18.2,17,82,11,7,34,10,1.17,22,26,-4,-0.22,-0.07,Matches
1476,Jonathan Ikone,fr FRA,MF,Fiorentina,it Serie A,25,1998,28,1682,60,49.2,18.7,18,80,7,10,25,4,1.57,26,18,+8,+0.43,+0.07,Matches
1477,Chukwubuikem Ikwuemesi,ng NGA,FW,Salernitana,it Serie A,21,2001,25,1061,42,31.0,11.8,11,71,2,14,20,6,0.56,11,26,-15,-1.27,+0.02,Matches
1478,Andrej Ilic,rs SRB,FW,Lille,fr Ligue 1,23,2000,2,9,5,0.3,0.1,0,,0,2,5,1,3.00,0,0,0,0.00,-0.53,Matches
1479,Ivan Ilić,rs SRB,MF,Torino,it Serie A,22,2001,31,2098,68,61.3,23.3,25,81,16,6,14,1,1.26,23,23,0,0.00,0.00,Matches
1480,Mihajlo Ilić,rs SRB,DF,Bologna,it Serie A,20,2003,0,,,,,0,,0,0,,18,,,,,,,Matches
1481,Samuel Iling-Junior,eng ENG,MF,Juventus,it Serie A,19,2003,24,810,34,23.7,9.0,4,84,2,20,24,14,1.75,18,10,+8,+0.89,+0.37,Matches
1482,Emirhan İlkhan,tr TUR,MF,Torino,it Serie A,19,2004,0,,,,,0,,0,0,,2,,,,,,,Matches
1483,Imanol,es ESP,DF,Athletic Club,es La Liga,23,2000,9,525,58,15.4,5.8,5,84,3,4,27,26,1.56,10,7,+3,+0.51,-0.14,Matches
1484,Joel Imasuen,us USA,FW,Werder Bremen,de Bundesliga,18,2004,1,2,2,0.1,0.0,0,,0,1,2,1,0.00,0,0,0,0.00,+0.18,Matches
1485,Ciro Immobile,it ITA,FW,Lazio,it Serie A,33,1990,31,1652,53,48.3,18.4,21,69,5,10,20,1,1.42,22,24,-2,-0.11,-0.72,Matches
1486,Gabriele Indragoli,it ITA,DF,Empoli,it Serie A,19,2004,0,,,,,0,,0,0,,6,,,,,,,Matches
1487,Gino Infantino,ar ARG,MF,Fiorentina,it Serie A,20,2003,6,96,16,2.8,1.1,0,,0,6,16,32,2.17,2,2,0,0.00,-0.41,Matches
1488,Danny Ings,eng ENG,"FW,MF",West Ham United,eng Premier League,31,1992,20,404,20,11.8,4.5,3,80,1,17,10,18,0.95,5,10,-5,-1.11,-0.85,Matches
1489,Bonke Innocent,ng NGA,MF,Lorient,fr Ligue 1,27,1996,4,210,53,6.9,2.3,3,68,1,1,5,6,0.25,3,9,-6,-2.57,-2.03,Matches
1490,Bruno Iribarne,es ESP,GK,Almería,es La Liga,18,2004,0,,,,,0,,0,0,,1,,,,,,,Matches
1491,Tim Iroegbunam,eng ENG,MF,Aston Villa,eng Premier League,20,2003,9,164,18,4.8,1.8,1,62,0,8,13,16,1.44,2,7,-5,-2.74,-3.30,Matches
1492,Alexander Isak,se SWE,FW,Newcastle United,eng Premier League,23,1999,30,2255,75,65.9,25.1,27,80,13,3,32,1,1.50,51,41,+10,+0.40,-0.61,Matches
1493,Gustav Isaksen,dk DEN,"FW,MF",Lazio,it Serie A,22,2001,28,1074,38,31.4,11.9,12,62,0,16,21,8,1.61,17,13,+4,+0.34,+0.11,Matches
1494,Isco,es ESP,MF,Real Betis,es La Liga,31,1992,29,2326,80,68.0,25.8,28,82,14,1,37,0,1.55,33,30,+3,+0.12,+0.12,Matches
1495,Thomas Isherwood,se SWE,DF,Darmstadt 98,de Bundesliga,25,1998,12,636,53,20.8,7.1,8,72,2,4,16,14,0.50,8,25,-17,-2.41,-0.96,Matches
1496,Ismaily,br BRA,DF,Lille,fr Ligue 1,33,1990,30,2465,82,80.6,27.4,28,87,24,2,16,2,1.67,43,31,+12,+0.44,-0.47,Matches
1497,Ardian Ismajli,al ALB,DF,Empoli,it Serie A,26,1996,26,2045,79,59.8,22.7,23,85,20,3,27,3,0.92,21,31,-10,-0.44,+0.54,Matches
1498,Yanis Issoufou,fr FRA,FW,Montpellier,fr Ligue 1,16,2006,1,13,13,0.4,0.1,0,,0,1,13,6,0.00,0,0,0,0.00,+0.15,Matches
1499,Ko Itakura,jp JPN,"DF,MF",Gladbach,de Bundesliga,26,1997,20,1596,80,52.2,17.7,18,87,13,2,20,0,0.80,23,35,-12,-0.68,-0.74,Matches
1500,Hiroki Ito,jp JPN,DF,Stuttgart,de Bundesliga,24,1999,26,2228,86,72.8,24.8,25,88,20,1,22,0,2.31,59,27,+32,+1.29,+0.54,Matches
1501,Junya Ito,jp JPN,"FW,MF",Reims,fr Ligue 1,30,1993,31,2714,88,88.7,30.2,31,88,22,0,,0,1.39,37,38,-1,-0.03,+1.01,Matches
1502,Diego Iturralde,es ESP,DF,Sevilla,es La Liga,20,2003,1,37,37,1.1,0.4,0,,0,1,37,3,3.00,0,0,0,0.00,+0.16,Matches
1503,Alex Iwobi,ng NGA,MF,Everton,eng Premier League,27,1996,2,140,70,4.1,1.6,2,70,1,0,,0,0.00,0,4,-4,-2.57,-2.38,Matches
1504,Alex Iwobi,ng NGA,MF,Fulham,eng Premier League,27,1996,30,2192,73,64.1,24.4,25,81,9,5,34,0,1.27,38,38,0,0.00,+0.44,Matches
1505,Ken Izekor,de GER,FW,Leverkusen,de Bundesliga,16,2007,0,,,,,0,,0,0,,2,,,,,,,Matches
1506,Armando Izzo,it ITA,DF,Monza,it Serie A,31,1992,23,1650,72,48.2,18.3,20,81,13,3,8,4,1.13,17,25,-8,-0.44,-0.23,Matches
1507,Ben Jackson,eng ENG,DF,Brighton,eng Premier League,19,2003,0,,,,,0,,0,0,,1,,,,,,,Matches
1508,Louis Jackson,sct SCO,DF,Manchester Utd,eng Premier League,17,2005,0,,,,,0,,0,0,,3,,,,,,,Matches
1509,Nicolas Jackson,sn SEN,FW,Chelsea,eng Premier League,22,2001,35,2799,80,81.8,31.1,31,86,17,4,31,0,1.63,64,47,+17,+0.55,+0.98,Matches
1510,Jérémy Jacquet,fr FRA,DF,Rennes,fr Ligue 1,18,2005,1,5,5,0.2,0.1,0,,0,1,5,4,3.00,0,0,0,0.00,-0.21,Matches
1511,Jérémy Jacquet,fr FRA,DF,Clermont Foot,fr Ligue 1,18,2005,6,253,42,8.3,2.8,2,90,2,4,18,7,1.17,1,8,-7,-2.49,-1.62,Matches
1512,Lee Jae-sung,kr KOR,MF,Mainz 05,de Bundesliga,30,1992,29,2113,73,69.1,23.5,24,79,6,5,43,0,1.10,33,32,+1,+0.04,+1.28,Matches
1513,Paul Jaeckel,de GER,DF,Union Berlin,de Bundesliga,25,1998,6,234,39,7.6,2.6,2,90,2,4,14,19,1.67,2,6,-4,-1.54,-0.87,Matches
1514,Filip Jagiełło,pl POL,MF,Genoa,it Serie A,25,1997,2,33,17,1.0,0.4,0,,0,2,17,13,1.50,0,0,0,0.00,0.00,Matches
1515,Kristijan Jakić,hr CRO,MF,Augsburg,de Bundesliga,26,1997,14,1051,75,34.3,11.7,13,78,8,1,31,0,1.29,17,15,+2,+0.17,+0.71,Matches
1516,Kristijan Jakić,hr CRO,MF,Eintracht Frankfurt,de Bundesliga,26,1997,4,200,50,6.5,2.2,1,69,0,3,44,2,1.75,2,1,+1,+0.45,+0.45,Matches
1517,Karl Jakob Hein,ee EST,GK,Arsenal,eng Premier League,21,2002,0,,,,,0,,0,0,,5,,,,,,,Matches
1518,Ismail Jakobs,sn SEN,"MF,DF",Monaco,fr Ligue 1,23,1999,22,1466,67,47.9,16.3,16,86,10,6,16,2,1.95,31,24,+7,+0.43,-0.64,Matches
1519,Adam Jakubech,sk SVK,GK,Lille,fr Ligue 1,26,1997,0,,,,,0,,0,0,,12,,,,,,,Matches
1520,Ablie Jallow,gm GAM,"MF,FW",Metz,fr Ligue 1,24,1998,17,918,54,30.0,10.2,10,75,1,7,24,4,0.53,13,20,-7,-0.69,-0.01,Matches
1521,Reece James,eng ENG,"DF,MF",Chelsea,eng Premier League,23,1999,10,419,42,12.3,4.7,5,62,0,5,21,0,1.20,8,10,-2,-0.43,-0.91,Matches
1522,Vitaly Janelt,de GER,"MF,DF",Brentford,eng Premier League,25,1998,38,3054,80,89.3,33.9,37,82,16,1,18,0,1.03,50,52,-2,-0.06,+1.66,Matches
1523,Luka Janes,de GER,MF,Heidenheim,de Bundesliga,19,2004,0,,,,,0,,0,0,,5,,,,,,,Matches
1524,Jakub Jankto,cz CZE,MF,Cagliari,it Serie A,27,1996,18,872,48,25.5,9.7,13,61,0,5,16,11,1.22,11,18,-7,-0.72,-0.05,Matches
1525,Tony Jantschke,de GER,"DF,MF",Gladbach,de Bundesliga,33,1990,4,27,7,0.9,0.3,0,,0,4,7,8,1.75,1,1,0,0.00,+0.33,Matches
1526,Adnan Januzaj,be BEL,"FW,MF",Sevilla,es La Liga,28,1995,8,193,24,5.6,2.1,0,,0,8,24,11,0.75,1,3,-2,-0.93,-0.82,Matches
1527,Mohamed Jaouab,ma MAR,DF,Rennes,fr Ligue 1,21,2002,0,,,,,0,,0,0,,4,,,,,,,Matches
1528,Seedy Jarju,gm GAM,DF,Heidenheim,de Bundesliga,18,2004,0,,,,,0,,0,0,,1,,,,,,,Matches
1529,Nuha Jatta,gm GAM,MF,RB Leipzig,de Bundesliga,17,2006,1,1,1,0.0,0.0,0,,0,1,1,2,1.00,0,0,0,0.00,-1.12,Matches
1530,Mikel Jauregizar,es ESP,MF,Athletic Club,es La Liga,19,2003,7,151,22,4.4,1.7,1,45,0,6,18,8,2.71,2,0,+2,+1.19,+0.59,Matches
1531,Luis Javier Suárez,co COL,"FW,MF",Almería,es La Liga,25,1997,15,917,61,26.8,10.2,10,83,3,5,18,0,0.73,16,23,-7,-0.69,+0.21,Matches
1532,Danley Jean-Jacques,ht HAI,MF,Metz,fr Ligue 1,23,2000,33,2682,81,87.6,29.8,30,88,21,3,14,0,0.88,29,49,-20,-0.67,+0.04,Matches
1533,Salim El Jebari,ma MAR,MF,Atlético Madrid,es La Liga,19,2004,1,13,13,0.4,0.1,0,,0,1,13,7,0.00,0,0,0,0.00,-0.71,Matches
1534,Daniel Jebbison,ca CAN,FW,Sheffield United,eng Premier League,19,2003,1,21,21,0.6,0.2,0,,0,1,21,0,0.00,0,0,0,0.00,+1.83,Matches
1535,Jeffinho,br BRA,"MF,FW",Lyon,fr Ligue 1,23,1999,10,308,31,10.1,3.4,3,64,0,7,16,5,0.80,9,8,+1,+0.29,+0.52,Matches
1536,Fredrik Jensen,fi FIN,MF,Augsburg,de Bundesliga,25,1997,22,1338,61,43.7,14.9,18,70,0,4,19,2,1.45,26,22,+4,+0.27,+1.00,Matches
1537,Mathias Jensen,dk DEN,MF,Brentford,eng Premier League,27,1996,32,2204,69,64.4,24.5,27,77,5,5,27,0,1.09,37,45,-8,-0.33,-0.25,Matches
1538,Moritz Jenz,de GER,DF,Wolfsburg,de Bundesliga,24,1999,22,1742,79,56.9,19.4,21,81,16,1,45,6,0.82,23,32,-9,-0.46,-0.06,Matches
1539,Gabriel Jesus,br BRA,FW,Arsenal,eng Premier League,26,1997,27,1478,55,43.2,16.4,17,78,4,10,16,3,2.19,29,11,+18,+1.10,-0.94,Matches
1540,Juan Jesus,br BRA,DF,Napoli,it Serie A,32,1991,24,2116,88,61.9,23.5,23,90,20,1,52,6,1.33,27,29,-2,-0.09,-0.71,Matches
1541,Álex Jiménez,es ESP,DF,Milan,it Serie A,18,2005,3,68,23,2.0,0.8,0,,0,3,23,13,3.00,1,0,+1,+1.32,+0.63,Matches
1542,Raúl Jiménez,mx MEX,FW,Fulham,eng Premier League,32,1991,24,1395,58,40.8,15.5,18,71,4,6,19,5,1.25,25,26,-1,-0.06,+0.16,Matches
1543,Kim Jisoo,kr KOR,DF,Brentford,eng Premier League,18,2004,0,,,,,0,,0,0,,8,,,,,,,Matches
1544,Pere Joan,es ESP,GK,Mallorca,es La Liga,21,2002,0,,,,,0,,0,0,,3,,,,,,,Matches
1545,João Pedro,br BRA,"MF,FW",Brighton,eng Premier League,21,2001,31,2045,66,59.8,22.7,19,85,9,12,36,0,1.29,32,38,-6,-0.26,-0.20,Matches
1546,John Joe,ie IRL,MF,Getafe,es La Liga,19,2003,0,,,,,0,,0,0,,6,,,,,,,Matches
1547,Joelinton,br BRA,"MF,FW",Newcastle United,eng Premier League,26,1996,20,1279,64,37.4,14.2,15,79,8,5,18,0,1.45,26,23,+3,+0.21,-0.63,Matches
1548,Þórir Jóhann Helgason,is ISL,MF,Lecce,it Serie A,22,2000,0,,,,,0,,0,0,,2,,,,,,,Matches
1549,Ryan Johansson,ie IRL,MF,Freiburg,de Bundesliga,22,2001,0,,,,,0,,0,0,,2,,,,,,,Matches
1550,Samuel John Nwachukwu,ng NGA,DF,Udinese,it Serie A,17,2005,0,,,,,0,,0,0,,3,,,,,,,Matches
1551,Ben Johnson,eng ENG,"MF,DF",West Ham United,eng Premier League,23,2000,14,544,39,15.9,6.0,4,90,4,10,18,11,1.14,5,16,-11,-1.82,-1.73,Matches
1552,Brennan Johnson,wls WAL,"MF,FW",Tottenham Hotspur,eng Premier League,22,2001,32,2085,65,61.0,23.2,23,79,8,9,31,0,1.56,49,37,+12,+0.52,+0.45,Matches
1553,Brennan Johnson,wls WAL,"FW,MF",Nottingham Forest,eng Premier League,22,2001,3,237,79,6.9,2.6,3,79,0,0,,0,1.00,4,5,-1,-0.38,+0.10,Matches
1554,Joseph Johnson,eng ENG,DF,Luton Town,eng Premier League,17,2006,2,77,39,2.3,0.9,0,,0,2,39,17,0.00,2,5,-3,-3.51,-2.70,Matches
1555,Sam Johnstone,eng ENG,GK,Crystal Palace,eng Premier League,30,1993,20,1796,90,52.5,20.0,20,90,19,0,,4,1.05,21,27,-6,-0.30,-0.58,Matches
1556,Curtis Jones,eng ENG,MF,Liverpool,eng Premier League,22,2001,23,1167,51,34.1,13.0,14,70,4,9,20,4,1.96,31,17,+14,+1.08,-0.16,Matches
1557,Frenkie de Jong,nl NED,MF,Barcelona,es La Liga,26,1997,20,1634,82,47.8,18.2,20,82,17,0,,1,2.05,41,25,+16,+0.88,-0.08,Matches
1558,Joan Jordán,es ESP,MF,Sevilla,es La Liga,29,1994,8,380,48,11.1,4.2,4,86,3,4,9,22,0.89,5,15,-10,-2.37,-2.49,Matches
1559,Jordi,es ESP,MF,Getafe,es La Liga,22,2001,13,573,44,16.8,6.4,5,69,0,8,29,11,1.23,11,7,+4,+0.63,+1.13,Matches
1560,Jeremy Jorge,es ESP,FW,Getafe,es La Liga,20,2003,1,2,2,0.1,0.0,0,,0,1,2,1,0.00,0,0,0,0.00,+0.32,Matches
1561,Kaio Jorge,br BRA,FW,Frosinone,it Serie A,21,2002,20,812,41,23.7,9.0,8,78,2,12,15,11,0.60,13,20,-7,-0.78,-0.15,Matches
1562,Jorginho,it ITA,MF,Arsenal,eng Premier League,31,1991,24,921,38,26.9,10.2,10,78,3,14,10,13,2.42,25,11,+14,+1.37,-0.36,Matches
1563,Willian José,br BRA,FW,Real Betis,es La Liga,31,1991,33,1971,60,57.6,21.9,25,70,7,8,27,2,1.52,25,28,-3,-0.14,-0.51,Matches
1564,Joseda,es ESP,DF,Alavés,es La Liga,22,2001,0,,,,,0,,0,0,,4,,,,,,,Matches
1565,Joselito,es ESP,MF,Hellas Verona,it Serie A,19,2004,0,,,,,0,,0,0,,7,,,,,,,Matches
1566,Joselu,es ESP,FW,Real Madrid,es La Liga,33,1990,34,1687,50,49.3,18.7,15,84,10,19,23,2,2.50,51,9,+42,+2.24,+1.25,Matches
1567,Diogo Jota,pt POR,FW,Liverpool,eng Premier League,26,1996,21,1145,55,33.5,12.7,14,71,3,7,22,1,2.29,33,10,+23,+1.81,+0.94,Matches
1568,Antoine Joujou,fr FRA,"MF,FW",Le Havre,fr Ligue 1,20,2003,23,779,34,25.5,8.7,6,66,1,17,23,3,0.83,8,11,-3,-0.35,-0.03,Matches
1569,Léo Jousselin,fr FRA,MF,Marseille,fr Ligue 1,21,2002,0,,,,,0,,0,0,,4,,,,,,,Matches
1570,Luka Jović,rs SRB,FW,Fiorentina,it Serie A,25,1997,0,,,,,0,,0,0,,1,,,,,,,Matches
1571,Luka Jović,rs SRB,FW,Milan,it Serie A,25,1997,23,877,38,25.6,9.7,8,75,2,15,18,7,1.70,16,16,0,0.00,-0.96,Matches
1572,Kamil Jóźwiak,pl POL,MF,Granada,es La Liga,25,1998,11,571,52,16.7,6.3,7,74,1,4,13,1,0.82,8,9,-1,-0.16,+1.11,Matches
1573,Juanmi,es ESP,FW,Cádiz,es La Liga,30,1993,16,873,55,25.5,9.7,9,75,3,7,28,0,1.06,7,14,-7,-0.72,+0.06,Matches
1574,Juanpe,es ESP,DF,Girona,es La Liga,32,1991,17,746,44,21.8,8.3,6,80,5,11,24,19,1.94,10,15,-5,-0.60,-2.08,Matches
1575,Mads Juel Andersen,dk DEN,DF,Luton Town,eng Premier League,25,1997,8,400,50,11.7,4.4,4,78,2,4,22,4,1.13,2,6,-4,-0.90,-0.04,Matches
1576,Christopher Jullien,fr FRA,DF,Montpellier,fr Ligue 1,30,1993,20,1233,62,40.3,13.7,13,87,11,7,15,8,1.40,18,18,0,0.00,+0.25,Matches
1577,Anthony Jung,de GER,"DF,MF",Werder Bremen,de Bundesliga,31,1991,31,2579,83,84.3,28.7,30,86,24,1,11,1,1.32,41,36,+5,+0.17,+2.23,Matches
1578,Eli Junior Kroupi,fr FRA,FW,Lorient,fr Ligue 1,17,2006,30,1084,36,35.4,12.0,11,64,0,19,20,4,0.63,16,25,-9,-0.75,-0.11,Matches
1579,Hamed Junior Traorè,ci CIV,MF,Bournemouth,eng Premier League,23,2000,3,47,16,1.4,0.5,0,,0,3,16,7,0.00,0,1,-1,-1.91,-1.59,Matches
1580,Hamed Junior Traorè,ci CIV,MF,Napoli,it Serie A,23,2000,9,382,42,11.2,4.2,5,62,0,4,18,8,1.22,8,7,+1,+0.24,+0.06,Matches
1581,Vinicius Júnior,br BRA,FW,Real Madrid,es La Liga,23,2000,26,1864,72,54.5,20.7,22,80,7,4,26,3,2.62,47,12,+35,+1.69,+0.19,Matches
1582,Josip Juranović,hr CRO,"MF,DF",Union Berlin,de Bundesliga,27,1995,21,1294,62,42.3,14.4,14,83,8,7,19,3,0.95,18,23,-5,-0.35,+0.67,Matches
1583,David Jurásek,cz CZE,"MF,DF",Hoffenheim,de Bundesliga,22,2000,13,496,38,16.2,5.5,4,75,2,9,22,3,1.31,13,8,+5,+0.91,+1.08,Matches
1584,Julian Justvan,de GER,"FW,MF",Hoffenheim,de Bundesliga,25,1998,4,49,12,1.6,0.5,0,,0,4,12,2,0.50,0,1,-1,-1.84,-1.87,Matches
1585,Julian Justvan,de GER,MF,Darmstadt 98,de Bundesliga,25,1998,14,1023,73,33.4,11.4,11,86,7,3,26,0,0.29,8,34,-26,-2.29,-0.96,Matches
1586,Filip Jørgensen,dk DEN,GK,Villarreal,es La Liga,21,2002,36,3240,90,94.7,36.0,36,90,36,0,,2,1.36,59,63,-4,-0.11,-2.11,Matches
1587,Mathias Jørgensen,dk DEN,DF,Brentford,eng Premier League,33,1990,14,1087,78,31.8,12.1,12,90,11,2,4,23,0.57,16,24,-8,-0.66,-0.62,Matches
1588,Mohamed Kaba,gn GUI,MF,Lecce,it Serie A,21,2001,23,1378,60,40.3,15.3,15,77,6,8,27,1,1.00,13,23,-10,-0.65,-0.12,Matches
1589,Sory Kaba,gn GUI,FW,Las Palmas,es La Liga,28,1995,17,720,42,21.1,8.0,9,67,2,8,15,19,1.06,3,11,-8,-1.00,-0.80,Matches
1590,Ozan Kabak,tr TUR,DF,Hoffenheim,de Bundesliga,23,2000,28,2282,82,74.6,25.4,28,82,17,0,,1,1.29,46,52,-6,-0.24,-0.93,Matches
1591,Christian Kabasele,be BEL,DF,Udinese,it Serie A,32,1991,13,861,66,25.2,9.6,10,85,9,3,5,22,1.00,9,18,-9,-0.94,-0.69,Matches
1592,Uroš Kabić,rs SRB,MF,Torino,it Serie A,19,2004,0,,,,,0,,0,0,,14,,,,,,,Matches
1593,Issa Kaboré,bf BFA,"MF,DF",Luton Town,eng Premier League,22,2001,24,1729,72,50.6,19.2,21,79,13,3,24,4,0.58,23,39,-16,-0.83,+0.07,Matches
1594,Abdoul Kader Bamba,fr FRA,MF,Nantes,fr Ligue 1,29,1994,23,611,27,20.0,6.8,1,59,0,22,25,9,0.70,8,17,-9,-1.33,-0.74,Matches
1595,Yaya Kader Fofana,ml MLI,MF,Reims,fr Ligue 1,19,2004,4,32,8,1.0,0.4,0,,0,4,8,5,0.75,1,3,-2,-5.63,-5.54,Matches
1596,Pavel Kadeřábek,cz CZE,"MF,DF",Hoffenheim,de Bundesliga,31,1992,29,2412,83,78.8,26.8,28,85,18,1,45,0,1.45,55,49,+6,+0.22,+1.06,Matches
1597,Tino Kadewere,zw ZIM,FW,Lyon,fr Ligue 1,27,1996,11,296,27,9.7,3.3,2,55,0,9,21,4,1.18,4,9,-5,-1.52,-1.49,Matches
1598,Tino Kadewere,zw ZIM,"FW,MF",Nantes,fr Ligue 1,27,1996,14,781,56,25.5,8.7,8,75,2,6,30,0,0.86,5,9,-4,-0.46,+0.37,Matches
1599,Kaiky,br BRA,DF,Almería,es La Liga,19,2004,8,523,65,15.3,5.8,5,90,5,3,24,14,0.38,11,19,-8,-1.38,-0.63,Matches
1600,Florian Kainz,at AUT,MF,Köln,de Bundesliga,30,1992,33,2197,67,71.8,24.4,29,73,7,4,22,1,0.82,22,41,-19,-0.78,+0.58,Matches
1601,Sasa Kalajdzic,at AUT,FW,Wolves,eng Premier League,26,1997,11,166,15,4.9,1.8,1,60,0,10,11,9,1.09,6,2,+4,+2.17,+2.69,Matches
1602,Sasa Kalajdzic,at AUT,FW,Eintracht Frankfurt,de Bundesliga,26,1997,5,325,65,10.6,3.6,5,65,1,0,,0,1.60,4,2,+2,+0.55,+0.59,Matches
1603,Arnaud Kalimuendo,fr FRA,FW,Rennes,fr Ligue 1,21,2002,30,2139,71,69.9,23.8,25,80,6,5,29,0,1.37,38,31,+7,+0.29,+0.29,Matches
1604,Yayah Kallon,sl SLE,FW,Hellas Verona,it Serie A,22,2001,1,4,4,0.1,0.0,0,,0,1,4,6,0.00,0,1,-1,-22.50,-22.18,Matches
1605,Gedeon Kalulu,cd COD,"MF,DF",Lorient,fr Ligue 1,25,1997,19,970,51,31.7,10.8,11,78,5,8,13,8,1.05,17,23,-6,-0.56,+0.18,Matches
1606,Pierre Kalulu,fr FRA,DF,Milan,it Serie A,23,2000,9,374,42,10.9,4.2,4,61,2,5,26,4,1.89,7,7,0,0.00,-0.80,Matches
1607,Daichi Kamada,jp JPN,MF,Lazio,it Serie A,26,1996,29,1544,53,45.1,17.2,17,75,6,12,23,9,1.69,19,14,+5,+0.29,+0.05,Matches
1608,Warren Kamanzi,no NOR,"MF,DF",Toulouse,fr Ligue 1,22,2000,24,1187,49,38.8,13.2,12,77,6,12,22,8,1.25,15,20,-5,-0.38,-0.43,Matches
1609,Boubacar Kamara,fr FRA,MF,Aston Villa,eng Premier League,23,1999,20,1652,83,48.3,18.4,20,83,10,0,,0,2.05,36,22,+14,+0.76,+0.71,Matches
1610,Hassane Kamara,ci CIV,MF,Udinese,it Serie A,29,1994,35,2225,64,65.1,24.7,27,76,4,8,20,2,0.94,24,30,-6,-0.24,+0.51,Matches
1611,Issiaka Kamate,fr FRA,MF,Inter,it Serie A,18,2004,0,,,,,0,,0,0,,2,,,,,,,Matches
1612,Willy Kambwala,fr FRA,DF,Manchester Utd,eng Premier League,18,2004,8,330,41,9.6,3.7,3,88,2,5,13,8,1.00,5,10,-5,-1.36,-1.48,Matches
1613,Dimitrije Kamenović,rs SRB,DF,Lazio,it Serie A,23,2000,0,,,,,0,,0,0,,2,,,,,,,Matches
1614,Matjaž Kamenšek Pahič,si SVN,MF,Frosinone,it Serie A,19,2004,0,,,,,0,,0,0,,3,,,,,,,Matches
1615,Jakub Kamiński,pl POL,MF,Wolfsburg,de Bundesliga,21,2002,17,473,28,15.5,5.3,4,69,1,13,15,12,1.24,4,9,-5,-0.95,-0.60,Matches
1616,Thomas Kaminski,be BEL,GK,Luton Town,eng Premier League,30,1992,38,3405,90,99.6,37.8,38,90,37,0,,0,0.68,52,85,-33,-0.87,-0.87,Matches
1617,Kevin Kampl,si SVN,MF,RB Leipzig,de Bundesliga,32,1990,26,1363,52,44.5,15.1,14,83,7,12,17,7,1.69,30,15,+15,+0.99,-0.23,Matches
1618,Harry Kane,eng ENG,FW,Bayern Munich,de Bundesliga,30,1993,32,2839,89,92.8,31.5,32,89,27,0,,0,2.16,85,39,+46,+1.46,+0.24,Matches
1619,Lee Kang-in,kr KOR,"MF,FW",Paris Saint-Germain,fr Ligue 1,22,2001,23,1464,64,47.8,16.3,18,74,6,5,26,1,2.17,38,13,+25,+1.54,+0.24,Matches
1620,Yann Karamoh,fr FRA,MF,Torino,it Serie A,25,1998,10,162,16,4.7,1.8,1,45,0,9,13,8,1.40,3,2,+1,+0.56,+0.58,Matches
1621,Yann Karamoh,fr FRA,FW,Montpellier,fr Ligue 1,25,1998,12,284,24,9.3,3.2,1,60,0,11,20,2,1.33,7,5,+2,+0.63,+0.86,Matches
1622,Atakan Karazor,tr TUR,MF,Stuttgart,de Bundesliga,26,1996,33,2623,79,85.7,29.1,31,84,21,2,16,0,2.12,64,34,+30,+1.03,-0.82,Matches
1623,Ayman Kari,fr FRA,MF,Lorient,fr Ligue 1,18,2004,14,893,64,29.2,9.9,12,71,1,2,21,2,1.00,11,19,-8,-0.81,-0.18,Matches
1624,Emir Karic,ba BIH,"MF,DF",Darmstadt 98,de Bundesliga,26,1997,27,1783,66,58.3,19.8,18,87,12,9,25,2,0.37,15,56,-41,-2.07,-1.01,Matches
1625,Loris Karius,de GER,GK,Newcastle United,eng Premier League,30,1993,1,90,90,2.6,1.0,1,90,1,0,,21,0.00,1,4,-3,-3.00,-3.70,Matches
1626,Jesper Karlsson,se SWE,MF,Bologna,it Serie A,25,1998,7,344,49,10.1,3.8,4,71,0,3,20,19,1.43,1,2,-1,-0.26,-0.93,Matches
1627,Jon Karrikaburu,es ESP,FW,Alavés,es La Liga,20,2002,2,16,8,0.5,0.2,0,,0,2,8,13,0.00,0,1,-1,-5.63,-5.39,Matches
1628,Jon Karrikaburu,es ESP,FW,Real Sociedad,es La Liga,20,2002,0,,,,,0,,0,0,,2,,,,,,,Matches
1629,Rick Karsdorp,nl NED,"MF,DF",Roma,it Serie A,28,1995,18,1191,66,34.8,13.2,14,76,4,4,31,16,2.06,21,11,+10,+0.76,+0.39,Matches
1630,Thomas Kastanaras,gr GRE,FW,Stuttgart,de Bundesliga,20,2003,0,,,,,0,,0,0,,2,,,,,,,Matches
1631,Grigoris Kastanos,cy CYP,MF,Salernitana,it Serie A,25,1998,26,1480,57,43.3,16.4,18,73,3,8,20,3,0.54,12,31,-19,-1.16,+0.24,Matches
1632,Silas Katompa,cd COD,MF,Stuttgart,de Bundesliga,24,1998,27,900,33,29.4,10.0,8,70,0,19,18,1,2.15,30,10,+20,+2.00,+1.21,Matches
1633,Panos Katseris,gr GRE,MF,Lorient,fr Ligue 1,22,2001,15,1041,69,34.0,11.6,13,78,3,2,11,0,0.93,12,15,-3,-0.26,+0.63,Matches
1634,Mikkel Kaufmann,dk DEN,FW,Union Berlin,de Bundesliga,22,2001,18,486,27,15.9,5.4,4,66,0,14,16,6,0.94,5,7,-2,-0.37,+0.43,Matches
1635,Leigh Kavanagh,ie IRL,DF,Brighton,eng Premier League,19,2003,0,,,,,0,,0,0,,4,,,,,,,Matches
1636,Michael Kayode,it ITA,DF,Fiorentina,it Serie A,19,2004,26,2058,79,60.2,22.9,22,85,14,4,45,8,1.88,39,20,+19,+0.83,+1.10,Matches
1637,Moise Kean,it ITA,FW,Juventus,it Serie A,23,2000,19,654,34,19.1,7.3,8,66,0,11,11,4,1.95,6,4,+2,+0.28,-0.41,Matches
1638,Michael Keane,eng ENG,DF,Everton,eng Premier League,30,1993,9,439,49,12.8,4.9,4,83,3,5,21,26,0.67,2,13,-11,-2.26,-2.26,Matches
1639,Ibrahima Kebe,ml MLI,MF,Girona,es La Liga,22,2000,2,9,5,0.3,0.1,0,,0,2,5,15,2.00,0,0,0,0.00,-1.03,Matches
1640,Kévin Keben,cm CMR,"DF,MF",Toulouse,fr Ligue 1,19,2004,8,521,65,17.0,5.8,7,69,2,1,37,16,1.63,9,8,+1,+0.17,+0.35,Matches
1641,Yassine Kechta,ma MAR,MF,Le Havre,fr Ligue 1,21,2002,32,1849,58,60.4,20.5,21,78,4,11,20,1,0.97,22,24,-2,-0.10,+0.57,Matches
1642,Thilo Kehrer,de GER,DF,West Ham United,eng Premier League,26,1996,4,22,6,0.6,0.2,0,,0,4,6,14,1.75,0,1,-1,-4.09,-3.75,Matches
1643,Thilo Kehrer,de GER,DF,Monaco,fr Ligue 1,26,1996,15,1323,88,43.2,14.7,15,88,14,0,,0,1.87,30,18,+12,+0.82,+0.09,Matches
1644,Check Keita,fr FRA,DF,Reims,fr Ligue 1,20,2003,0,,,,,0,,0,0,,1,,,,,,,Matches
1645,Habib Keita,ml MLI,MF,Clermont Foot,fr Ligue 1,21,2002,27,1278,47,41.8,14.2,12,82,4,15,20,7,0.85,12,18,-6,-0.42,+0.99,Matches
1646,Naby Keïta,gn GUI,MF,Werder Bremen,de Bundesliga,28,1995,5,109,22,3.6,1.2,1,58,0,4,13,7,0.60,3,3,0,0.00,+0.18,Matches
1647,Yannik Keitel,de GER,"DF,MF",Freiburg,de Bundesliga,23,2000,15,920,61,30.1,10.2,11,80,7,4,9,10,1.53,13,13,0,0.00,+0.55,Matches
1648,Caoimhín Kelleher,ie IRL,GK,Liverpool,eng Premier League,24,1998,10,900,90,26.3,10.0,10,90,10,0,,27,2.60,26,11,+15,+1.50,+0.43,Matches
1649,Thomas Keller,de GER,"DF,MF",Heidenheim,de Bundesliga,23,1999,2,2,1,0.1,0.0,0,,0,2,1,4,3.00,0,0,0,0.00,+0.15,Matches
1650,Lloyd Kelly,eng ENG,DF,Bournemouth,eng Premier League,24,1998,23,1559,68,45.6,17.3,17,83,12,6,25,0,1.13,22,32,-10,-0.58,-0.43,Matches
1651,Omari Kellyman,eng ENG,"FW,MF",Aston Villa,eng Premier League,17,2005,2,37,19,1.1,0.4,0,,0,2,19,10,0.00,0,1,-1,-2.43,-2.86,Matches
1652,Aljoscha Kemlein,de GER,MF,Union Berlin,de Bundesliga,18,2004,2,29,15,0.9,0.3,0,,0,2,15,4,3.00,2,0,+2,+6.21,+7.01,Matches
1653,Tobias Kempe,de GER,MF,Darmstadt 98,de Bundesliga,34,1989,24,1350,56,44.1,15.0,15,79,5,9,19,5,0.54,19,34,-15,-1.00,+1.16,Matches
1654,Milos Kerkez,hu HUN,DF,Bournemouth,eng Premier League,19,2003,28,1970,70,57.6,21.9,22,83,11,6,25,3,1.14,25,37,-12,-0.55,-0.49,Matches
1655,Kaine Kesler-Hayden,eng ENG,"DF,MF",Aston Villa,eng Premier League,20,2002,3,6,2,0.2,0.1,0,,0,3,2,14,2.00,0,0,0,0.00,-0.40,Matches
1656,Reda Khadra,de GER,"MF,FW",Reims,fr Ligue 1,22,2001,29,1368,47,44.7,15.2,14,79,4,15,17,5,1.31,16,23,-7,-0.46,-0.57,Matches
1657,Wahbi Khazri,tn TUN,"MF,FW",Montpellier,fr Ligue 1,32,1991,25,1131,45,37.0,12.6,13,69,1,12,20,0,1.08,17,18,-1,-0.08,+0.11,Matches
1658,Rani Khedira,tn TUN,MF,Union Berlin,de Bundesliga,29,1994,20,1343,67,43.9,14.9,18,73,8,2,19,1,1.10,16,19,-3,-0.20,+0.95,Matches
1659,Abdukodir Khusanov,uz UZB,DF,Lens,fr Ligue 1,19,2004,11,809,74,26.4,9.0,9,84,6,2,25,16,1.45,11,10,+1,+0.11,-0.17,Matches
1660,Kiké,es ESP,FW,Alavés,es La Liga,33,1989,33,1423,43,41.6,15.8,15,71,1,18,20,4,1.24,19,15,+4,+0.25,+0.88,Matches
1661,Luca Kilian,de GER,DF,Köln,de Bundesliga,23,1999,13,635,49,20.8,7.1,6,80,4,7,22,12,0.77,4,14,-10,-1.42,-0.60,Matches
1662,Gavin Kilkenny,ie IRL,MF,Bournemouth,eng Premier League,23,2000,0,,,,,0,,0,0,,7,,,,,,,Matches
1663,Álvaro Killane,es ESP,GK,Las Palmas,es La Liga,18,2004,0,,,,,0,,0,0,,1,,,,,,,Matches
1664,Max Kilman,eng ENG,DF,Wolves,eng Premier League,26,1997,38,3420,90,100.0,38.0,38,90,38,0,,0,1.21,50,65,-15,-0.39,,Matches
1665,Joshua Kimmich,de GER,"MF,DF",Bayern Munich,de Bundesliga,28,1995,28,2176,78,71.1,24.2,27,79,17,1,31,0,1.93,62,31,+31,+1.28,-0.55,Matches
1666,Joshua King,eng ENG,MF,Fulham,eng Premier League,16,2007,0,,,,,0,,0,0,,2,,,,,,,Matches
1667,Tom King,wls WAL,GK,Wolves,eng Premier League,28,1995,0,,,,,0,,0,0,,4,,,,,,,Matches
1668,Jakub Kiwior,pl POL,DF,Arsenal,eng Premier League,23,2000,20,946,47,27.7,10.5,11,80,7,9,7,18,2.65,39,8,+31,+2.95,+1.82,Matches
1669,Simon Kjær,dk DEN,DF,Milan,it Serie A,34,1989,20,1171,59,34.2,13.0,14,79,7,6,11,5,2.30,23,17,+6,+0.46,-0.38,Matches
1670,Davy Klaassen,nl NED,MF,Inter,it Serie A,30,1993,13,206,16,6.0,2.3,1,53,0,12,13,23,2.38,6,0,+6,+2.62,+0.91,Matches
1671,Christoph Klarer,at AUT,DF,Darmstadt 98,de Bundesliga,23,2000,30,2354,78,76.9,26.2,28,83,22,2,14,1,0.47,24,65,-41,-1.57,+0.34,Matches
1672,Tim Kleindienst,de GER,FW,Heidenheim,de Bundesliga,27,1995,33,2869,87,93.8,31.9,33,87,23,0,,0,1.24,49,53,-4,-0.13,+0.35,Matches
1673,Niklas Klinger,de GER,GK,Wolfsburg,de Bundesliga,27,1995,0,,,,,0,,0,0,,7,,,,,,,Matches
1674,Lukas Klostermann,de GER,DF,RB Leipzig,de Bundesliga,27,1996,25,1436,57,46.9,16.0,16,84,13,9,10,4,2.04,34,22,+12,+0.75,-0.69,Matches
1675,Justin Kluivert,nl NED,MF,Bournemouth,eng Premier League,24,1999,32,1916,60,56.0,21.3,26,68,0,6,24,6,1.22,29,23,+6,+0.28,+1.42,Matches
1676,Ansgar Knauff,de GER,"MF,FW",Eintracht Frankfurt,de Bundesliga,21,2002,31,2109,68,68.9,23.4,24,78,5,7,35,1,1.35,35,37,-2,-0.09,-0.37,Matches
1677,Robin Knoche,de GER,DF,Union Berlin,de Bundesliga,31,1992,24,1917,80,62.6,21.3,20,89,18,4,33,7,1.08,25,32,-7,-0.33,+1.09,Matches
1678,Matthias Köbbing,de GER,GK,Köln,de Bundesliga,26,1997,0,,,,,0,,0,0,,10,,,,,,,Matches
1679,Gregor Kobel,ch SUI,GK,Dortmund,de Bundesliga,25,1997,27,2365,88,77.3,26.3,27,88,26,0,,0,1.85,53,34,+19,+0.72,-0.05,Matches
1680,Robin Koch,de GER,DF,Eintracht Frankfurt,de Bundesliga,27,1996,31,2738,88,89.5,30.4,31,88,29,0,,0,1.45,45,43,+2,+0.07,+0.35,Matches
1681,Diego Kochen,us USA,GK,Barcelona,es La Liga,17,2006,0,,,,,0,,0,0,,26,,,,,,,Matches
1682,Samuel Koeberlé,fr FRA,MF,Reims,fr Ligue 1,18,2004,0,,,,,0,,0,0,,1,,,,,,,Matches
1683,Tim Köhler,de GER,DF,RB Leipzig,de Bundesliga,18,2005,0,,,,,0,,0,0,,1,,,,,,,Matches
1684,Philipp Köhn,ch SUI,GK,Monaco,fr Ligue 1,25,1998,22,1980,90,64.7,22.0,22,90,22,0,,12,1.73,41,32,+9,+0.41,-1.01,Matches
1685,Dominik Kohr,de GER,"DF,MF",Mainz 05,de Bundesliga,29,1994,31,2184,70,71.4,24.3,27,79,16,4,10,0,1.06,24,34,-10,-0.41,-0.21,Matches
1686,Koke,es ESP,MF,Atlético Madrid,es La Liga,31,1992,35,2493,71,72.9,27.7,32,76,18,3,23,0,2.06,52,33,+19,+0.69,-0.09,Matches
1687,Aleksandr Kokorin,ru RUS,"FW,MF",Fiorentina,it Serie A,32,1991,0,,,,,0,,0,0,,3,,,,,,,Matches
1688,Sead Kolašinac,ba BIH,DF,Atalanta,it Serie A,30,1993,30,2178,73,63.7,24.2,25,83,16,5,23,2,1.77,45,23,+22,+0.91,+0.33,Matches
1689,Luca Koleosho,it ITA,"MF,FW",Burnley,eng Premier League,18,2004,15,974,65,28.5,10.8,13,69,0,2,38,0,0.47,11,23,-12,-1.11,-0.19,Matches
1690,Randal Kolo Muani,fr FRA,"FW,MF",Paris Saint-Germain,fr Ligue 1,24,1998,26,1268,49,41.4,14.1,13,72,4,13,26,2,2.27,35,14,+21,+1.49,+0.13,Matches
1691,Randal Kolo Muani,fr FRA,FW,Eintracht Frankfurt,de Bundesliga,24,1998,2,153,77,5.0,1.7,2,77,0,0,,0,2.00,1,1,0,0.00,-0.03,Matches
1692,Mert Kömür,de GER,FW,Augsburg,de Bundesliga,18,2005,4,118,30,3.9,1.3,1,73,0,3,15,8,0.75,2,3,-1,-0.76,-0.49,Matches
1693,Cheick Konaté,ml MLI,"MF,DF",Clermont Foot,fr Ligue 1,19,2004,19,1068,56,34.9,11.9,12,81,5,7,14,2,0.68,8,18,-10,-0.84,+0.24,Matches
1694,Ibrahima Konaté,fr FRA,DF,Liverpool,eng Premier League,24,1999,22,1574,72,46.0,17.5,17,87,14,5,20,11,2.00,38,17,+21,+1.20,+0.03,Matches
1695,Geoffrey Kondogbia,cf CTA,MF,Marseille,fr Ligue 1,30,1993,26,1463,56,47.8,16.3,15,81,9,11,22,0,1.50,26,19,+7,+0.43,+0.21,Matches
1696,Abdoul Koné,fr FRA,DF,Reims,fr Ligue 1,18,2005,3,193,64,6.3,2.1,3,64,0,0,,0,2.33,3,1,+2,+0.93,+1.15,Matches
1697,Amadou Koné,ml MLI,MF,Reims,fr Ligue 1,18,2005,16,475,30,15.5,5.3,4,73,2,12,15,4,1.81,7,6,+1,+0.19,+0.40,Matches
1698,Ibrahima Koné,ml MLI,FW,Almería,es La Liga,24,1999,9,277,31,8.1,3.1,2,65,0,7,21,6,0.67,5,11,-6,-1.95,-1.20,Matches
1699,Ibrahima Koné,ml MLI,FW,Lorient,fr Ligue 1,24,1999,1,32,32,1.0,0.4,0,,0,1,32,0,1.00,0,0,0,0.00,+0.68,Matches
1700,Manu Koné,fr FRA,MF,Gladbach,de Bundesliga,22,2001,22,1561,71,51.0,17.3,18,83,7,4,19,1,1.00,25,30,-5,-0.29,+0.07,Matches
1701,Mohamed Koné,ci CIV,GK,Le Havre,fr Ligue 1,21,2002,0,,,,,0,,0,0,,4,,,,,,,Matches
1702,Ezri Konsa,eng ENG,DF,Aston Villa,eng Premier League,25,1997,35,3069,88,89.7,34.1,35,88,30,0,,0,1.77,68,54,+14,+0.41,+0.15,Matches
1703,Djibrili Konté,fr FRA,FW,Brest,fr Ligue 1,20,2002,0,,,,,0,,0,0,,1,,,,,,,Matches
1704,Teun Koopmeiners,nl NED,MF,Atalanta,it Serie A,25,1998,34,2627,77,76.8,29.2,29,85,19,5,33,0,1.68,55,34,+21,+0.72,-0.30,Matches
1705,Odilon Kossounou,ci CIV,DF,Leverkusen,de Bundesliga,22,2001,22,1811,82,59.2,20.1,21,86,18,1,3,7,2.64,58,14,+44,+2.19,+0.67,Matches
1706,Filip Kostić,rs SRB,MF,Juventus,it Serie A,30,1992,29,1815,63,53.1,20.2,26,67,3,3,24,8,2.10,26,15,+11,+0.55,-0.13,Matches
1707,Ilias Kostis,gr GRE,DF,Atlético Madrid,es La Liga,20,2003,0,,,,,0,,0,0,,7,,,,,,,Matches
1708,N'Guessan Kouadio,ci CIV,MF,Metz,fr Ligue 1,20,2003,6,110,18,3.6,1.2,1,87,0,5,5,8,0.50,0,3,-3,-2.45,-1.84,Matches
1709,Christian Kouamé,ci CIV,MF,Fiorentina,it Serie A,25,1997,23,1089,47,31.8,12.1,11,74,4,12,23,4,1.74,20,10,+10,+0.83,+0.63,Matches
1710,Rominigue Kouamé,ml MLI,MF,Cádiz,es La Liga,26,1996,16,821,51,24.0,9.1,9,74,3,7,22,5,0.81,10,13,-3,-0.33,+0.57,Matches
1711,Koffi Kouao,ci CIV,DF,Metz,fr Ligue 1,25,1998,13,860,66,28.1,9.6,10,78,6,3,27,16,0.85,13,21,-8,-0.84,-0.22,Matches
1712,Tomáš Koubek,cz CZE,GK,Augsburg,de Bundesliga,30,1992,3,270,90,8.8,3.0,3,90,3,0,,31,0.00,2,8,-6,-2.00,-1.87,Matches
1713,Therence Koudou,fr FRA,DF,Reims,fr Ligue 1,18,2004,9,314,35,10.3,3.5,3,65,0,6,20,5,0.56,4,6,-2,-0.57,-0.47,Matches
1714,Lewis Koumas,wls WAL,MF,Liverpool,eng Premier League,17,2005,0,,,,,0,,0,0,,3,,,,,,,Matches
1715,Jules Koundé,fr FRA,DF,Barcelona,es La Liga,24,1998,35,2899,83,84.8,32.2,32,88,30,3,29,2,2.31,69,38,+31,+0.96,+0.27,Matches
1716,Christos Kourfalidis,gr GRE,MF,Cagliari,it Serie A,20,2002,0,,,,,0,,0,0,,2,,,,,,,Matches
1717,Boubakar Kouyaté,ml MLI,DF,Montpellier,fr Ligue 1,26,1997,23,1928,84,63.0,21.4,22,88,19,1,2,1,1.30,32,36,-4,-0.19,-0.11,Matches
1718,Cheikhou Kouyaté,sn SEN,MF,Nottingham Forest,eng Premier League,33,1989,12,212,18,6.2,2.4,2,64,0,10,8,18,1.33,1,6,-5,-2.12,-1.76,Matches
1719,Mateo Kovačić,hr CRO,MF,Manchester City,eng Premier League,29,1994,30,1551,52,45.4,17.2,16,81,7,14,18,4,2.43,45,14,+31,+1.80,+0.31,Matches
1720,Viktor Kovalenko,ua UKR,MF,Empoli,it Serie A,27,1996,17,613,36,17.9,6.8,4,78,0,13,23,14,0.82,9,9,0,0.00,+0.80,Matches
1721,Matej Kovar,cz CZE,GK,Leverkusen,de Bundesliga,23,2000,1,90,90,2.9,1.0,1,90,1,0,,32,1.00,0,0,0,0.00,-1.97,Matches
1722,Dawid Kownacki,pl POL,FW,Werder Bremen,de Bundesliga,26,1997,22,380,17,12.4,4.2,3,62,0,19,10,10,0.95,9,9,0,0.00,+0.20,Matches
1723,Emil Krafth,se SWE,DF,Newcastle United,eng Premier League,28,1994,17,913,54,26.7,10.1,8,90,8,9,21,11,1.71,26,15,+11,+1.08,+0.65,Matches
1724,Alex Král,cz CZE,MF,Union Berlin,de Bundesliga,25,1998,24,1370,57,44.8,15.2,13,81,9,11,28,6,1.00,15,22,-7,-0.46,+0.50,Matches
1725,Andrej Kramarić,hr CRO,"MF,FW",Hoffenheim,de Bundesliga,32,1991,30,2199,73,71.9,24.4,25,83,12,5,23,1,1.23,52,44,+8,+0.33,+1.16,Matches
1726,Christoph Kramer,de GER,MF,Gladbach,de Bundesliga,32,1991,14,249,18,8.1,2.8,1,58,0,13,15,6,1.47,3,10,-7,-2.53,-2.40,Matches
1727,Frans Krätzig,de GER,"DF,MF",Bayern Munich,de Bundesliga,20,2003,4,56,14,1.8,0.6,0,,0,4,14,16,3.00,6,0,+6,+9.64,+8.35,Matches
1728,Tom Krauß,de GER,MF,Mainz 05,de Bundesliga,22,2001,29,1346,46,44.0,15.0,13,79,3,16,20,3,0.90,17,25,-8,-0.53,-0.32,Matches
1729,Rasmus Kristensen,dk DEN,"MF,DF",Roma,it Serie A,26,1997,29,1744,60,51.0,19.4,19,80,12,10,22,6,1.79,30,28,+2,+0.10,-0.81,Matches
1730,Thomas Kristensen,dk DEN,DF,Udinese,it Serie A,21,2002,26,2096,81,61.3,23.3,23,87,20,3,29,6,0.88,23,34,-11,-0.47,-0.13,Matches
1731,Toni Kroos,de GER,MF,Real Madrid,es La Liga,33,1990,33,2124,64,62.1,23.6,24,80,10,9,22,5,2.48,53,19,+34,+1.44,-0.43,Matches
1732,Nikola Krstović,me MNE,FW,Lecce,it Serie A,23,2000,35,2373,68,69.4,26.4,30,76,10,5,18,1,0.91,21,35,-14,-0.53,+0.16,Matches
1733,Tim Krul,nl NED,GK,Luton Town,eng Premier League,35,1988,0,,,,,0,,0,0,,37,,,,,,,Matches
1734,Rade Krunić,ba BIH,MF,Milan,it Serie A,29,1993,10,687,69,20.1,7.6,8,81,6,2,19,5,1.70,14,12,+2,+0.26,-0.56,Matches
1735,Lukas Kübler,de GER,DF,Freiburg,de Bundesliga,30,1992,26,1847,71,60.4,20.5,22,81,14,4,14,3,1.27,25,37,-12,-0.58,-0.51,Matches
1736,Takefusa Kubo,jp JPN,"FW,MF",Real Sociedad,es La Liga,22,2001,30,2150,72,62.9,23.9,24,83,14,6,28,4,1.53,32,24,+8,+0.33,+0.05,Matches
1737,Mahmut Kücüksahin,,DF,Augsburg,de Bundesliga,19,2004,1,1,1,0.0,0.0,0,,0,1,1,0,0.00,0,0,0,0.00,+0.29,Matches
1738,Mohammed Kudus,gh GHA,MF,West Ham United,eng Premier League,22,2000,33,2484,75,72.6,27.6,27,88,18,6,17,0,1.30,40,61,-21,-0.76,-1.43,Matches
1739,Christian Kühlwetter,de GER,"FW,MF",Heidenheim,de Bundesliga,27,1996,1,8,8,0.3,0.1,0,,0,1,8,8,3.00,1,0,+1,+11.25,+11.43,Matches
1740,Dejan Kulusevski,se SWE,"MF,FW",Tottenham Hotspur,eng Premier League,23,2000,36,2762,77,80.8,30.7,31,85,21,5,26,0,1.72,57,46,+11,+0.36,+0.08,Matches
1741,Sael Kumbedi,fr FRA,"DF,MF",Lyon,fr Ligue 1,18,2005,17,924,54,30.2,10.3,8,88,7,9,24,10,0.82,6,15,-9,-0.88,-1.00,Matches
1742,Marash Kumbulla,al ALB,DF,Sassuolo,it Serie A,23,2000,7,362,52,10.6,4.0,3,82,2,4,29,9,1.00,3,10,-7,-1.74,-1.00,Matches
1743,Justin Kumi,it ITA,MF,Sassuolo,it Serie A,19,2004,1,4,4,0.1,0.0,0,,0,1,4,0,0.00,0,0,0,0.00,+0.84,Matches
1744,Layvin Kurzawa,fr FRA,DF,Paris Saint-Germain,fr Ligue 1,30,1992,1,9,9,0.3,0.1,0,,0,1,9,12,3.00,0,0,0,0.00,-1.42,Matches
1745,Berkan Kutlu,tr TUR,MF,Genoa,it Serie A,25,1998,6,199,33,5.8,2.2,0,,0,6,33,10,1.33,3,4,-1,-0.45,-0.48,Matches
1746,Daler Kuzyaev,ru RUS,MF,Le Havre,fr Ligue 1,30,1993,30,2090,70,68.3,23.2,24,84,8,6,13,0,1.07,20,29,-9,-0.39,-0.20,Matches
1747,Khvicha Kvaratskhelia,ge GEO,FW,Napoli,it Serie A,22,2001,34,2737,81,80.0,30.4,32,83,14,2,34,0,1.41,47,40,+7,+0.23,+0.23,Matches
1748,Giorgi Kvernadze,ge GEO,FW,Frosinone,it Serie A,20,2003,5,63,13,1.8,0.7,0,,0,5,13,30,0.20,0,3,-3,-4.29,-3.70,Matches
1749,Moritz-Broni Kwarteng,gh GHA,"MF,FW",Bochum,de Bundesliga,25,1998,11,281,26,9.2,3.1,2,63,0,9,17,6,1.36,3,7,-4,-1.28,-0.37,Matches
1750,Grejohn Kyei,fr FRA,FW,Clermont Foot,fr Ligue 1,27,1995,26,1026,39,33.5,11.4,10,75,1,16,17,5,0.58,9,19,-10,-0.88,+0.18,Matches
1751,Giorgos Kyriakopoulos,gr GRE,"MF,DF",Monza,it Serie A,27,1996,28,1712,61,50.1,19.0,20,76,8,8,24,10,0.96,18,25,-7,-0.37,-0.10,Matches
1752,Luca de la Torre,us USA,MF,Celta Vigo,es La Liga,25,1998,31,1956,63,57.2,21.7,22,81,10,9,20,2,1.03,19,32,-13,-0.60,-0.72,Matches
1753,Gaëtan Laborde,fr FRA,"FW,MF",Nice,fr Ligue 1,29,1994,34,1906,56,62.3,21.2,22,74,3,12,23,0,1.62,22,18,+4,+0.19,-0.36,Matches
1754,Alexandre Lacazette,fr FRA,FW,Lyon,fr Ligue 1,32,1991,29,2293,79,74.9,25.5,27,83,12,2,31,0,1.69,38,42,-4,-0.16,+0.08,Matches
1755,Maxence Lacroix,fr FRA,DF,Wolfsburg,de Bundesliga,23,2000,28,2362,84,77.2,26.2,27,87,23,1,15,0,1.25,33,40,-7,-0.27,+0.76,Matches
1756,Alban Lafont,ci CIV,GK,Nantes,fr Ligue 1,24,1999,28,2496,89,81.6,27.7,28,89,27,0,,1,0.89,20,43,-23,-0.83,-0.51,Matches
1757,Yoel Lago,es ESP,DF,Celta Vigo,es La Liga,19,2004,1,90,90,2.6,1.0,1,90,1,0,,0,1.00,2,2,0,0.00,+0.30,Matches
1758,Noah Lahmadi,fr FRA,MF,Toulouse,fr Ligue 1,18,2005,0,,,,,0,,0,0,,3,,,,,,,Matches
1759,Aïssa Laïdouni,tn TUN,MF,Union Berlin,de Bundesliga,26,1996,23,1071,47,35.0,11.9,10,76,4,13,24,7,0.91,13,25,-12,-1.01,-0.42,Matches
1760,Konrad Laimer,at AUT,"MF,DF",Bayern Munich,de Bundesliga,26,1997,29,1772,61,57.9,19.7,18,83,12,11,25,1,2.28,61,25,+36,+1.83,+0.92,Matches
1761,Stefan Lainer,at AUT,"MF,DF",Gladbach,de Bundesliga,30,1992,15,751,50,24.5,8.3,8,73,2,7,24,2,0.80,13,18,-5,-0.60,-0.37,Matches
1762,Levi Laing,eng ENG,DF,West Ham United,eng Premier League,20,2003,0,,,,,0,,0,0,,1,,,,,,,Matches
1763,Kenny Lala,mg MAD,DF,Brest,fr Ligue 1,31,1991,33,2970,90,97.1,33.0,33,90,33,0,,0,1.85,50,30,+20,+0.61,+1.61,Matches
1764,Adam Lallana,eng ENG,MF,Brighton,eng Premier League,35,1988,25,850,34,24.9,9.4,13,53,0,12,13,8,1.24,12,13,-1,-0.11,+0.10,Matches
1765,Eugenio Lamanna,it ITA,GK,Monza,it Serie A,33,1989,0,,,,,0,,0,0,,14,,,,,,,Matches
1766,Mathis Lambourde,fr FRA,FW,Rennes,fr Ligue 1,17,2006,1,10,10,0.3,0.1,0,,0,1,10,11,1.00,1,0,+1,+9.00,+8.82,Matches
1767,Érik Lamela,ar ARG,MF,Sevilla,es La Liga,31,1992,13,463,36,13.5,5.1,5,76,2,8,10,7,1.31,10,7,+3,+0.58,+0.86,Matches
1768,Mohamed Lamine Bayo,gn GUI,FW,Le Havre,fr Ligue 1,25,1998,22,1389,63,45.4,15.4,16,81,4,6,16,1,0.91,14,17,-3,-0.19,+0.24,Matches
1769,Didier Lamkel Zé,cm CMR,"FW,MF",Metz,fr Ligue 1,26,1996,9,550,61,18.0,6.1,7,75,2,2,13,3,0.78,7,11,-4,-0.65,+0.03,Matches
1770,Tariq Lamptey,gh GHA,"DF,MF",Brighton,eng Premier League,22,2000,19,914,48,26.7,10.2,10,67,1,9,27,0,1.32,12,20,-8,-0.79,-0.82,Matches
1771,Bruno Langa,mz MOZ,DF,Almería,es La Liga,25,1997,11,820,75,24.0,9.1,9,87,8,2,18,4,1.00,15,15,0,0.00,+1.11,Matches
1772,Gianluca Lapadula,pe PER,FW,Cagliari,it Serie A,33,1990,23,1205,52,35.2,13.4,14,73,6,9,20,5,0.83,17,24,-7,-0.52,+0.25,Matches
1773,Aymeric Laporte,es ESP,DF,Manchester City,eng Premier League,29,1994,1,12,12,0.4,0.1,0,,0,1,12,0,3.00,0,0,0,0.00,-1.64,Matches
1774,Julien Laporte,fr FRA,DF,Lorient,fr Ligue 1,29,1993,23,1818,79,59.4,20.2,20,85,17,3,39,10,0.83,31,47,-16,-0.79,-0.28,Matches
1775,Cyle Larin,ca CAN,FW,Mallorca,es La Liga,28,1995,35,1823,52,53.3,20.3,20,70,3,15,28,2,1.00,20,21,-1,-0.05,+0.51,Matches
1776,Yasser Larouci,dz ALG,MF,Sheffield United,eng Premier League,22,2001,11,531,48,15.5,5.9,6,61,0,5,33,23,0.18,5,11,-6,-1.02,+0.95,Matches
1777,Hugo Larsson,se SWE,MF,Eintracht Frankfurt,de Bundesliga,19,2004,29,1886,65,61.6,21.0,21,81,13,8,22,1,1.38,35,32,+3,+0.14,+0.30,Matches
1778,Jamaal Lascelles,eng ENG,DF,Newcastle United,eng Premier League,29,1993,16,1080,68,31.6,12.0,13,80,9,3,15,10,1.44,23,15,+8,+0.67,+0.09,Matches
1779,Juanmi Latasa,es ESP,FW,Getafe,es La Liga,22,2001,32,1555,49,45.5,17.3,15,71,4,17,29,4,1.06,17,20,-3,-0.17,+0.26,Matches
1780,Toni Lato,es ESP,DF,Mallorca,es La Liga,25,1997,28,1544,55,45.1,17.2,16,79,4,12,23,7,1.00,12,16,-4,-0.23,+0.10,Matches
1781,Armand Lauriente,fr FRA,"MF,FW",Sassuolo,it Serie A,24,1998,37,2908,79,85.0,32.3,35,82,15,2,18,0,0.81,37,55,-18,-0.56,+1.90,Matches
1782,Roméo Lavia,be BEL,MF,Chelsea,eng Premier League,19,2004,1,33,33,1.0,0.4,0,,0,1,33,1,3.00,1,0,+1,+2.73,+2.38,Matches
1783,Lázaro,br BRA,MF,Almería,es La Liga,21,2002,14,285,20,8.3,3.2,2,54,0,12,15,9,0.21,1,10,-9,-2.84,-2.18,Matches
1784,Valentino Lazaro,at AUT,MF,Torino,it Serie A,27,1996,35,1994,57,58.3,22.2,21,84,12,14,16,2,1.37,19,22,-3,-0.14,-0.32,Matches
1785,Darko Lazović,rs SRB,MF,Hellas Verona,it Serie A,32,1990,32,1928,60,56.4,21.4,22,72,1,10,34,0,0.91,21,27,-6,-0.28,+0.14,Matches
1786,Manuel Lazzari,it ITA,"DF,MF",Lazio,it Serie A,29,1993,24,1671,70,48.9,18.6,19,80,11,5,32,10,1.54,23,15,+8,+0.43,+0.33,Matches
1787,Théo Le Bris,fr FRA,MF,Lorient,fr Ligue 1,20,2002,26,1516,58,49.5,16.8,15,84,8,11,23,8,1.00,22,27,-5,-0.30,+0.75,Matches
1788,Julien Le Cardinal,fr FRA,DF,Brest,fr Ligue 1,25,1997,12,473,39,15.5,5.3,5,88,4,7,5,13,1.83,9,8,+1,+0.19,-0.44,Matches
1789,Julien Le Cardinal,fr FRA,DF,Lens,fr Ligue 1,25,1997,2,58,29,1.9,0.6,0,,0,2,29,1,0.00,1,3,-2,-3.10,-3.40,Matches
1790,Jérémy Le Douaron,fr FRA,"FW,MF",Brest,fr Ligue 1,25,1998,33,1618,49,52.9,18.0,19,72,2,14,18,0,1.82,24,19,+5,+0.28,-0.60,Matches
1791,Enzo Le Fée,fr FRA,MF,Rennes,fr Ligue 1,23,2000,25,1527,61,49.9,17.0,19,74,6,6,19,1,1.12,25,24,+1,+0.06,-0.29,Matches
1792,Vincent Le Goff,fr FRA,"MF,DF",Lorient,fr Ligue 1,33,1989,9,541,60,17.7,6.0,8,66,1,1,12,7,0.78,8,13,-5,-0.83,-0.19,Matches
1793,Robin Le Normand,es ESP,DF,Real Sociedad,es La Liga,26,1996,29,2469,85,72.2,27.4,28,87,23,1,21,6,1.59,37,30,+7,+0.26,-0.22,Matches
1794,Tommy Le Verge,fr FRA,DF,Brest,fr Ligue 1,17,2005,0,,,,,0,,0,0,,1,,,,,,,Matches
1795,Nicola Leali,it ITA,GK,Genoa,it Serie A,30,1993,3,176,59,5.1,2.0,2,88,1,1,1,34,1.00,2,2,0,0.00,0.00,Matches
1796,Rafael Leão,pt POR,"MF,FW",Milan,it Serie A,24,1999,34,2512,74,73.5,27.9,29,80,15,5,37,0,1.94,55,31,+24,+0.86,+0.56,Matches
1797,Adrien Lebeau,fr FRA,MF,Brest,fr Ligue 1,24,1999,7,54,8,1.8,0.6,0,,0,7,8,20,2.43,1,0,+1,+1.67,+1.13,Matches
1798,Jean-Louis Leca,fr FRA,GK,Lens,fr Ligue 1,37,1985,1,90,90,2.9,1.0,1,90,1,0,,33,1.00,2,2,0,0.00,-0.24,Matches
1799,Benjamin Lecomte,fr FRA,GK,Montpellier,fr Ligue 1,32,1991,30,2700,90,88.2,30.0,30,90,30,0,,0,1.27,37,37,0,0.00,+1.25,Matches
1800,Jeremías Ledesma,ar ARG,GK,Cádiz,es La Liga,30,1993,34,3048,90,89.1,33.9,34,90,33,0,,1,0.88,23,47,-24,-0.71,+0.50,Matches
1801,Pierre Lees-Melou,fr FRA,MF,Brest,fr Ligue 1,30,1993,29,2517,87,82.3,28.0,29,87,25,0,,0,1.83,47,29,+18,+0.64,+0.48,Matches
1802,Diogo Leite,pt POR,DF,Union Berlin,de Bundesliga,24,1999,32,2702,84,88.3,30.0,31,86,25,1,27,0,1.00,26,49,-23,-0.77,-0.26,Matches
1803,Maxim Leitsch,de GER,DF,Mainz 05,de Bundesliga,25,1998,7,379,54,12.4,4.2,4,85,3,3,13,1,1.00,5,2,+3,+0.71,+1.22,Matches
1804,Florian Lejeune,fr FRA,DF,Rayo Vallecano,es La Liga,32,1991,37,3327,90,97.3,37.0,37,90,36,0,,0,1.00,29,48,-19,-0.51,-0.51,Matches
1805,Stefan Lekovic,rs SRB,DF,Villarreal,es La Liga,19,2004,1,29,29,0.8,0.3,0,,0,1,29,3,3.00,1,1,0,0.00,0.00,Matches
1806,Iñigo Lekue,es ESP,DF,Athletic Club,es La Liga,30,1993,27,2002,74,58.5,22.2,22,83,18,5,35,9,1.89,34,23,+11,+0.49,-0.33,Matches
1807,Thomas Lemar,fr FRA,MF,Atlético Madrid,es La Liga,27,1995,3,164,55,4.8,1.8,3,55,0,0,,2,1.33,1,2,-1,-0.55,-1.32,Matches
1808,Félix Lemaréchal,fr FRA,MF,Monaco,fr Ligue 1,19,2003,0,,,,,0,,0,0,,1,,,,,,,Matches
1809,Geoffrey Lembet,cf CTA,GK,Rennes,fr Ligue 1,34,1988,0,,,,,0,,0,0,,1,,,,,,,Matches
1810,Mario Lemina,ga GAB,MF,Wolves,eng Premier League,29,1993,35,2968,85,86.8,33.0,34,86,26,1,40,0,1.14,43,55,-12,-0.36,+0.23,Matches
1811,Noha Lemina,ga GAB,MF,Wolves,eng Premier League,18,2005,0,,,,,0,,0,0,,5,,,,,,,Matches
1812,Mats Lemmens,be BEL,DF,Lecce,it Serie A,21,2002,0,,,,,0,,0,0,,1,,,,,,,Matches
1813,Álvaro Lemos,es ESP,DF,Las Palmas,es La Liga,30,1993,4,251,63,7.3,2.8,3,64,1,1,59,18,1.25,3,3,0,0.00,+0.40,Matches
1814,Ruben Lendinez,es ESP,DF,Valencia,es La Liga,20,2003,1,11,11,0.3,0.1,0,,0,1,11,17,1.00,0,0,0,0.00,+0.13,Matches
1815,Clément Lenglet,fr FRA,DF,Aston Villa,eng Premier League,28,1995,14,1153,82,33.7,12.8,14,82,11,0,,20,1.29,22,27,-5,-0.39,-1.18,Matches
1816,Bernd Leno,de GER,GK,Fulham,eng Premier League,31,1992,38,3420,90,100.0,38.0,38,90,38,0,,0,1.24,55,61,-6,-0.16,,Matches
1817,Christopher Lenz,de GER,"DF,MF",RB Leipzig,de Bundesliga,28,1994,5,47,9,1.5,0.5,0,,0,5,9,21,2.60,2,0,+2,+3.83,+2.75,Matches
1818,Christopher Lenz,de GER,"DF,MF",Eintracht Frankfurt,de Bundesliga,28,1994,1,10,10,0.3,0.1,0,,0,1,10,0,1.00,1,0,+1,+9.00,+9.00,Matches
1819,Johann Lepenant,fr FRA,MF,Lyon,fr Ligue 1,20,2002,6,253,42,8.3,2.8,2,80,1,4,23,6,0.33,1,7,-6,-2.13,-2.13,Matches
1820,Jefferson Lerma,co COL,"MF,DF",Crystal Palace,eng Premier League,28,1994,28,2400,86,70.2,26.7,27,88,22,1,15,0,1.07,32,46,-14,-0.52,-1.67,Matches
1821,Léo Leroy,fr FRA,MF,Montpellier,fr Ligue 1,23,2000,21,499,24,16.3,5.5,3,72,1,18,16,6,1.18,8,12,-4,-0.72,-0.69,Matches
1822,Alexandre Letellier,fr FRA,GK,Paris Saint-Germain,fr Ligue 1,32,1990,0,,,,,0,,0,0,,6,,,,,,,Matches
1823,Robert Lewandowski,pl POL,FW,Barcelona,es La Liga,34,1988,35,2750,79,80.4,30.6,32,83,20,3,31,0,2.23,67,35,+32,+1.05,+0.64,Matches
1824,Jamie Leweling,de GER,MF,Stuttgart,de Bundesliga,22,2001,34,1523,45,49.8,16.9,17,71,1,17,18,0,2.15,34,16,+18,+1.06,-0.17,Matches
1825,Rico Lewis,eng ENG,"DF,MF",Manchester City,eng Premier League,18,2004,16,809,51,23.7,9.0,8,83,4,8,19,22,2.25,26,8,+18,+2.00,+0.49,Matches
1826,Keane Lewis-Potter,eng ENG,"FW,MF",Brentford,eng Premier League,22,2001,30,1441,48,42.1,16.0,15,78,2,15,18,3,0.93,24,29,-5,-0.31,-0.13,Matches
1827,Myles Lewis-Skelly,eng ENG,DF,Arsenal,eng Premier League,16,2006,0,,,,,0,,0,0,,1,,,,,,,Matches
1828,Yuzún Ley,es ESP,DF,Mallorca,es La Liga,19,2004,0,,,,,0,,0,0,,7,,,,,,,Matches
1829,Yann Liénard,fr FRA,GK,Monaco,fr Ligue 1,20,2003,0,,,,,0,,0,0,,2,,,,,,,Matches
1830,Philipp Lienhart,at AUT,DF,Freiburg,de Bundesliga,27,1996,15,1265,84,41.3,14.1,14,88,13,1,29,1,1.40,17,23,-6,-0.43,-0.08,Matches
1831,Matthijs de Ligt,nl NED,DF,Bayern Munich,de Bundesliga,23,1999,22,1390,63,45.4,15.4,16,82,12,6,14,4,2.36,48,21,+27,+1.75,+0.56,Matches
1832,Anderson Lima,br BRA,MF,Lazio,it Serie A,23,1999,0,,,,,0,,0,0,,7,,,,,,,Matches
1833,Dimitris Limnios,gr GRE,"FW,MF",Köln,de Bundesliga,25,1998,0,,,,,0,,0,0,,4,,,,,,,Matches
1834,Victor Lindelöf,se SWE,DF,Manchester Utd,eng Premier League,29,1994,19,1328,70,38.8,14.8,14,82,7,5,37,2,1.95,18,15,+3,+0.20,+0.38,Matches
1835,Jesper Lindstrøm,dk DEN,FW,Napoli,it Serie A,23,2000,22,430,20,12.6,4.8,2,69,0,20,15,11,1.32,9,7,+2,+0.42,+0.27,Matches
1836,Jesper Lindstrøm,dk DEN,FW,Eintracht Frankfurt,de Bundesliga,23,2000,1,83,83,2.7,0.9,1,83,0,0,,1,3.00,1,0,+1,+1.08,+1.08,Matches
1837,Karol Linetty,pl POL,MF,Torino,it Serie A,28,1995,28,1858,66,54.3,20.6,19,83,9,9,32,5,1.50,18,17,+1,+0.05,+0.11,Matches
1838,Samuel Lino,br BRA,"MF,DF",Atlético Madrid,es La Liga,23,1999,34,2080,61,60.8,23.1,25,72,6,9,31,2,2.06,46,21,+25,+1.08,+0.95,Matches
1839,Luca Lipani,it ITA,MF,Sassuolo,it Serie A,18,2005,8,384,48,11.2,4.3,5,68,0,3,14,23,0.63,5,5,0,0.00,+0.95,Matches
1840,Pol Lirola,es ESP,"DF,MF",Frosinone,it Serie A,25,1997,25,1536,61,44.9,17.1,18,74,7,7,29,2,0.84,18,29,-11,-0.64,+0.02,Matches
1841,Marcin Listkowski,pl POL,"FW,MF",Lecce,it Serie A,25,1998,1,8,8,0.2,0.1,0,,0,1,8,13,0.00,0,0,0,0.00,+0.58,Matches
1842,Valentino Livramento,eng ENG,DF,Newcastle United,eng Premier League,20,2002,26,1314,51,38.4,14.6,12,84,8,14,22,7,1.73,31,27,+4,+0.27,-0.54,Matches
1843,Dejan Ljubicic,at AUT,MF,Köln,de Bundesliga,25,1997,26,2048,79,66.9,22.8,24,83,15,2,23,0,0.73,17,40,-23,-1.01,-0.21,Matches
1844,Javier Llabrés,es ESP,MF,Mallorca,es La Liga,20,2002,16,247,15,7.2,2.7,1,69,0,15,12,22,0.81,3,3,0,0.00,+0.31,Matches
1845,Diego Llorente,es ESP,DF,Roma,it Serie A,29,1993,29,2170,75,63.5,24.1,27,78,20,2,32,5,1.69,41,27,+14,+0.58,+0.22,Matches
1846,Marcos Llorente,es ESP,"MF,DF",Atlético Madrid,es La Liga,28,1995,37,2565,69,75.0,28.5,29,79,17,8,34,0,2.05,49,33,+16,+0.56,-0.60,Matches
1847,Gautier Lloris,fr FRA,DF,Le Havre,fr Ligue 1,28,1995,31,2778,90,90.8,30.9,31,90,29,0,,2,1.03,33,41,-8,-0.26,+0.70,Matches
1848,Abou Lô,sn SEN,"MF,DF",Metz,fr Ligue 1,23,2000,6,197,33,6.4,2.2,2,70,0,4,15,11,1.17,1,9,-8,-3.65,-3.18,Matches
1849,Giovani Lo Celso,ar ARG,MF,Tottenham Hotspur,eng Premier League,27,1996,22,506,23,14.8,5.6,4,78,0,18,11,6,1.32,12,12,0,0.00,-0.40,Matches
1850,Stanislav Lobotka,sk SVK,MF,Napoli,it Serie A,28,1994,38,3282,86,96.0,36.5,38,86,25,0,,0,1.39,50,44,+6,+0.16,-0.49,Matches
1851,Manuel Locatelli,it ITA,MF,Juventus,it Serie A,25,1998,36,3008,84,88.0,33.4,34,87,29,2,17,1,1.81,46,28,+18,+0.54,-0.55,Matches
1852,Bradley Locko,fr FRA,DF,Brest,fr Ligue 1,21,2002,33,2959,90,96.7,32.9,33,90,31,0,,0,1.76,50,34,+16,+0.49,-2.19,Matches
1853,Tom Lockyer,wls WAL,DF,Luton Town,eng Premier League,28,1994,14,1169,84,34.2,13.0,14,84,10,0,,0,0.64,12,23,-11,-0.85,+0.03,Matches
1854,Renan Lodi,br BRA,"DF,MF",Marseille,fr Ligue 1,25,1998,14,1235,88,40.4,13.7,14,88,12,0,,1,1.64,19,14,+5,+0.36,+0.07,Matches
1855,Seb Loeffen,nl NED,DF,Sassuolo,it Serie A,19,2004,0,,,,,0,,0,0,,1,,,,,,,Matches
1856,Ruben Loftus-Cheek,eng ENG,MF,Milan,it Serie A,27,1996,29,2068,71,60.5,23.0,26,76,11,3,27,2,2.14,43,28,+15,+0.65,-0.15,Matches
1857,Elysée Logbo,fr FRA,FW,Le Havre,fr Ligue 1,19,2004,10,248,25,8.1,2.8,2,54,0,8,18,2,1.20,2,0,+2,+0.73,+1.14,Matches
1858,Enzo Loiodice,fr FRA,MF,Las Palmas,es La Liga,22,2000,34,1790,53,52.3,19.9,19,76,4,15,23,4,1.18,16,19,-3,-0.15,+0.46,Matches
1859,Niklas Lomb,de GER,GK,Leverkusen,de Bundesliga,30,1993,0,,,,,0,,0,0,,2,,,,,,,Matches
1860,Andy Lonergan,ie IRL,GK,Everton,eng Premier League,39,1983,0,,,,,0,,0,0,,10,,,,,,,Matches
1861,Sean Longstaff,eng ENG,MF,Newcastle United,eng Premier League,25,1997,35,2747,78,80.3,30.5,30,88,25,5,24,0,1.54,74,50,+24,+0.79,+0.92,Matches
1862,Ademola Lookman,ng NGA,"FW,MF",Atalanta,it Serie A,25,1997,31,1894,61,55.4,21.0,22,73,4,9,32,1,1.61,33,26,+7,+0.33,-1.02,Matches
1863,Noah Loosli,ch SUI,DF,Bochum,de Bundesliga,26,1997,10,346,35,11.3,3.8,2,90,2,8,21,16,1.40,3,9,-6,-1.56,-0.70,Matches
1864,Anthony Lopes,pt POR,GK,Lyon,fr Ligue 1,32,1990,31,2790,90,91.2,31.0,31,90,31,0,,0,1.68,47,49,-2,-0.06,+1.27,Matches
1865,Adrián López,es ESP,GK,Granada,es La Liga,24,1999,0,,,,,0,,0,0,,25,,,,,,,Matches
1866,Alberto López,es ESP,GK,Sevilla,es La Liga,19,2003,0,,,,,0,,0,0,,21,,,,,,,Matches
1867,David López,es ESP,DF,Girona,es La Liga,33,1989,25,1965,79,57.5,21.8,25,79,15,0,,2,2.48,51,25,+26,+1.19,+0.39,Matches
1868,David López,es ESP,DF,Mallorca,es La Liga,20,2003,0,,,,,0,,0,0,,12,,,,,,,Matches
1869,Diego López,es ESP,"MF,FW",Valencia,es La Liga,21,2002,36,2656,74,77.7,29.5,30,81,8,6,40,0,1.33,28,34,-6,-0.20,-0.32,Matches
1870,Diego López,es ESP,MF,Getafe,es La Liga,21,2001,0,,,,,0,,0,0,,3,,,,,,,Matches
1871,Fermin López,es ESP,"MF,FW",Barcelona,es La Liga,20,2003,31,1446,47,42.3,16.1,14,70,1,17,28,6,2.29,31,14,+17,+1.06,+0.24,Matches
1872,Javi López,es ESP,DF,Alavés,es La Liga,21,2002,32,2386,75,69.8,26.5,25,88,20,7,28,5,1.31,29,28,+1,+0.04,+1.00,Matches
1873,Maxime Lopez,fr FRA,MF,Fiorentina,it Serie A,25,1997,19,800,42,23.4,8.9,7,75,2,12,23,15,1.47,9,10,-1,-0.11,-0.66,Matches
1874,Maxime Lopez,fr FRA,MF,Sassuolo,it Serie A,25,1997,2,140,70,4.1,1.6,2,70,1,0,,0,0.00,0,3,-3,-1.93,-1.13,Matches
1875,Pau López,es ESP,GK,Marseille,fr Ligue 1,28,1994,33,2939,89,96.0,32.7,33,89,32,0,,0,1.52,52,39,+13,+0.40,+1.89,Matches
1876,Unai López,es ESP,MF,Rayo Vallecano,es La Liga,27,1995,35,2108,60,61.6,23.4,28,70,5,7,23,2,1.06,20,28,-8,-0.34,+0.41,Matches
1877,Jakob Löpping,de GER,MF,Werder Bremen,de Bundesliga,20,2003,0,,,,,0,,0,0,,1,,,,,,,Matches
1878,Dion Lopy,sn SEN,MF,Almería,es La Liga,21,2002,30,1916,64,56.0,21.3,23,78,12,7,17,5,0.37,20,43,-23,-1.08,-0.54,Matches
1879,Anthony Losilla,fr FRA,MF,Bochum,de Bundesliga,37,1986,31,2576,83,84.2,28.6,31,83,19,0,,0,0.94,32,54,-22,-0.77,+1.09,Matches
1880,Marcel Lotka,pl POL,GK,Dortmund,de Bundesliga,22,2001,0,,,,,0,,0,0,,7,,,,,,,Matches
1881,Jordan Lotomba,ch SUI,"DF,MF",Nice,fr Ligue 1,24,1998,28,1804,64,59.0,20.0,21,78,9,7,23,3,1.54,23,22,+1,+0.05,-0.67,Matches
1882,Tom Louchet,fr FRA,"MF,FW",Nice,fr Ligue 1,20,2003,13,409,31,13.4,4.5,3,72,1,10,19,9,1.08,6,6,0,0.00,-0.37,Matches
1883,Imran Louza,ma MAR,MF,Lorient,fr Ligue 1,24,1999,14,863,62,28.2,9.6,10,79,3,4,19,1,0.79,12,19,-7,-0.73,-0.07,Matches
1884,Matteo Lovato,it ITA,DF,Torino,it Serie A,23,2000,13,544,42,15.9,6.0,6,76,4,7,13,2,1.38,6,7,-1,-0.17,-0.20,Matches
1885,Matteo Lovato,it ITA,DF,Salernitana,it Serie A,23,2000,13,947,73,27.7,10.5,11,80,7,2,32,9,0.46,8,21,-13,-1.24,+0.07,Matches
1886,Dejan Lovren,hr CRO,DF,Lyon,fr Ligue 1,34,1989,10,718,72,23.5,8.0,8,86,4,2,14,11,1.30,13,14,-1,-0.13,+0.07,Matches
1887,Sandi Lovrić,si SVN,MF,Udinese,it Serie A,25,1998,29,1987,69,58.1,22.1,21,85,11,8,24,0,0.90,21,34,-13,-0.59,-0.40,Matches
1888,Max Lowe,eng ENG,"MF,DF",Sheffield United,eng Premier League,26,1997,10,503,50,14.7,5.6,4,71,1,6,37,3,0.70,6,12,-6,-1.07,+0.87,Matches
1889,Anthony Lozano,hn HON,FW,Getafe,es La Liga,30,1993,6,92,15,2.7,1.0,0,,0,6,15,13,0.33,1,4,-3,-2.93,-2.69,Matches
1890,Anthony Lozano,hn HON,FW,Almería,es La Liga,30,1993,13,772,59,22.6,8.6,10,70,1,3,26,2,0.69,10,11,-1,-0.12,+0.94,Matches
1891,Hirving Lozano,mx MEX,"FW,MF",Napoli,it Serie A,28,1995,0,,,,,0,,0,0,,2,,,,,,,Matches
1892,Lucas,br BRA,DF,Cádiz,es La Liga,22,2001,28,1539,55,45.0,17.1,15,87,13,13,18,9,0.75,7,33,-26,-1.52,-1.38,Matches
1893,Lorenzo Lucca,it ITA,FW,Udinese,it Serie A,22,2000,37,2592,70,75.8,28.8,30,80,13,7,26,0,1.00,28,38,-10,-0.35,+0.30,Matches
1894,Jhon Lucumí,co COL,DF,Bologna,it Serie A,25,1998,29,2217,76,64.8,24.6,23,89,22,6,29,4,1.62,30,18,+12,+0.49,-0.26,Matches
1895,José Luis Gayà,es ESP,DF,Valencia,es La Liga,28,1995,24,1791,75,52.4,19.9,22,80,14,2,21,1,1.46,24,23,+1,+0.05,+0.38,Matches
1896,Mario de Luis,es ESP,GK,Real Madrid,es La Liga,21,2002,0,,,,,0,,0,0,,3,,,,,,,Matches
1897,José Luis Morales,es ESP,"FW,MF",Villarreal,es La Liga,36,1987,29,1048,36,30.6,11.6,8,71,0,21,23,9,1.38,15,25,-10,-0.86,-1.24,Matches
1898,José Luis Palomino,ar ARG,DF,Atalanta,it Serie A,33,1990,4,27,7,0.8,0.3,0,,0,4,7,9,2.50,0,0,0,0.00,-0.80,Matches
1899,Douglas Luiz,br BRA,MF,Aston Villa,eng Premier League,25,1998,35,2993,86,87.5,33.3,35,86,26,0,,0,1.69,65,57,+8,+0.24,-1.23,Matches
1900,Romelu Lukaku,be BEL,FW,Roma,it Serie A,30,1993,32,2641,83,77.2,29.3,30,87,23,2,23,0,1.91,52,30,+22,+0.75,+1.10,Matches
1901,Castello Lukeba,fr FRA,DF,RB Leipzig,de Bundesliga,20,2002,32,2191,68,71.6,24.3,24,88,22,8,10,2,1.91,55,28,+27,+1.11,-0.03,Matches
1902,Dodi Lukebakio,be BEL,"MF,FW",Sevilla,es La Liga,25,1997,23,1125,49,32.9,12.5,12,70,3,11,26,1,1.17,18,20,-2,-0.16,0.00,Matches
1903,Jayden Luker,eng ENG,MF,Luton Town,eng Premier League,18,2005,0,,,,,0,,0,0,,4,,,,,,,Matches
1904,Saša Lukić,rs SRB,MF,Fulham,eng Premier League,26,1996,24,1122,47,32.8,12.5,13,77,5,11,12,9,1.08,14,20,-6,-0.48,-0.48,Matches
1905,Karlo Lulić,hr CRO,MF,Frosinone,it Serie A,27,1996,1,19,19,0.6,0.2,0,,0,1,19,13,1.00,0,0,0,0.00,+0.66,Matches
1906,Daniel Luna,co COL,MF,Mallorca,es La Liga,20,2003,0,,,,,0,,0,0,,13,,,,,,,Matches
1907,Andriy Lunin,ua UKR,GK,Real Madrid,es La Liga,24,1999,21,1890,90,55.3,21.0,21,90,21,0,,17,2.52,52,17,+35,+1.67,+0.14,Matches
1908,Sebastiano Luperto,it ITA,DF,Empoli,it Serie A,26,1996,38,3406,90,99.6,37.8,38,90,37,0,,0,0.95,29,53,-24,-0.63,+5.79,Matches
1909,Mateus Lusuardi,br BRA,DF,Frosinone,it Serie A,19,2004,4,219,55,6.4,2.4,3,73,1,1,1,20,0.25,3,8,-5,-2.05,-1.49,Matches
1910,Andreas Luthe,de GER,GK,Bochum,de Bundesliga,36,1987,1,90,90,2.9,1.0,1,90,1,0,,11,0.00,1,4,-3,-3.00,-2.12,Matches
1911,Zito Luvumbo,ao ANG,"MF,FW",Cagliari,it Serie A,21,2002,30,1946,65,56.9,21.6,19,79,10,11,40,1,0.97,23,34,-11,-0.51,+0.41,Matches
1912,Babis Lykogiannis,gr GRE,DF,Bologna,it Serie A,29,1993,22,904,41,26.4,10.0,10,74,3,12,14,15,1.73,16,11,+5,+0.50,-0.11,Matches
1913,Senne Lynen,be BEL,MF,Werder Bremen,de Bundesliga,24,1999,32,1797,56,58.7,20.0,20,80,10,12,16,1,1.31,29,28,+1,+0.05,+0.55,Matches
1914,Joshua M'Bahia,ci CIV,DF,Clermont Foot,fr Ligue 1,18,2005,1,14,14,0.5,0.2,0,,0,1,14,2,0.00,0,1,-1,-6.43,-5.45,Matches
1915,Othmane Maamma,ma MAR,FW,Montpellier,fr Ligue 1,17,2005,2,88,44,2.9,1.0,1,58,0,1,30,2,0.50,1,3,-2,-2.05,-1.95,Matches
1916,Ian Maatsen,nl NED,DF,Dortmund,de Bundesliga,21,2002,16,1264,79,41.3,14.0,15,81,8,1,45,0,2.06,30,9,+21,+1.50,+1.29,Matches
1917,Ian Maatsen,nl NED,MF,Chelsea,eng Premier League,21,2002,12,209,17,6.1,2.3,1,57,0,11,14,8,1.67,2,5,-3,-1.29,-1.77,Matches
1918,Carmel Mabanza,,MF,Lorient,fr Ligue 1,19,2003,0,,,,,0,,0,0,,1,,,,,,,Matches
1919,Alexis Mac Allister,ar ARG,MF,Liverpool,eng Premier League,24,1998,33,2599,79,76.0,28.9,31,83,17,2,17,0,2.15,62,34,+28,+0.97,-0.89,Matches
1920,Daniel Macej,,DF,Frosinone,it Serie A,19,2004,0,,,,,0,,0,0,,2,,,,,,,Matches
1921,Deiver Machado,co COL,MF,Lens,fr Ligue 1,29,1993,19,1124,59,36.7,12.5,13,75,4,6,24,1,1.42,18,16,+2,+0.16,-0.12,Matches
1922,Darwin Machís,ve VEN,MF,Cádiz,es La Liga,30,1993,21,785,37,23.0,8.7,10,60,1,11,17,12,0.76,12,13,-1,-0.11,+0.84,Matches
1923,James Maddison,eng ENG,MF,Tottenham Hotspur,eng Premier League,26,1996,28,2135,76,62.4,23.7,26,80,4,2,29,0,1.86,47,30,+17,+0.72,+1.00,Matches
1924,Noni Madueke,eng ENG,MF,Chelsea,eng Premier League,21,2002,23,1053,46,30.8,11.7,13,70,2,10,14,10,1.74,28,18,+10,+0.85,+0.70,Matches
1925,Pablo Maffeo,es ESP,"DF,MF",Mallorca,es La Liga,26,1997,22,1454,66,42.5,16.2,17,81,11,5,16,5,0.95,20,23,-3,-0.19,+0.18,Matches
1926,Gabriel Magalhães,br BRA,DF,Arsenal,eng Premier League,25,1997,36,3044,85,89.0,33.8,34,89,32,2,13,2,2.36,78,26,+52,+1.54,-0.86,Matches
1927,Soungoutou Magassa,fr FRA,DF,Monaco,fr Ligue 1,19,2003,21,1346,64,44.0,15.0,15,87,12,6,8,10,2.10,35,22,+13,+0.87,+0.19,Matches
1928,Giulio Maggiore,it ITA,MF,Salernitana,it Serie A,25,1998,27,1800,67,52.6,20.0,20,78,8,7,35,3,0.52,22,36,-14,-0.70,+1.24,Matches
1929,Matej Maglica,hr CRO,DF,Darmstadt 98,de Bundesliga,24,1998,26,1698,65,55.5,18.9,21,78,13,5,13,1,0.58,16,41,-25,-1.33,+0.72,Matches
1930,Giangiacomo Magnani,it ITA,DF,Hellas Verona,it Serie A,27,1995,33,2444,74,71.5,27.2,27,87,24,6,16,2,1.00,22,34,-12,-0.44,-0.35,Matches
1931,Hugo Magnetti,fr FRA,MF,Brest,fr Ligue 1,25,1998,33,2340,71,76.5,26.0,30,76,8,3,23,0,1.76,33,29,+4,+0.15,-1.72,Matches
1932,Yohann Magnin,fr FRA,MF,Clermont Foot,fr Ligue 1,26,1997,31,1687,54,55.1,18.7,17,85,11,14,17,2,0.71,15,36,-21,-1.12,-0.27,Matches
1933,Frank Magri,cm CMR,"FW,MF",Toulouse,fr Ligue 1,23,1999,29,1438,50,47.0,16.0,14,80,5,15,21,0,1.24,18,21,-3,-0.19,-0.13,Matches
1934,Harry Maguire,eng ENG,DF,Manchester Utd,eng Premier League,30,1993,22,1653,75,48.3,18.4,18,88,17,4,20,3,1.68,33,29,+4,+0.22,+0.47,Matches
1935,Jon Magunazelaia,es ESP,FW,Real Sociedad,es La Liga,22,2001,5,121,24,3.5,1.3,1,63,0,4,15,14,1.40,3,0,+3,+2.23,+1.99,Matches
1936,Adel Mahamoud,km COM,FW,Nantes,fr Ligue 1,20,2003,1,10,10,0.3,0.1,0,,0,1,10,5,1.00,0,0,0,0.00,+0.74,Matches
1937,Arne Maier,de GER,"MF,FW",Augsburg,de Bundesliga,24,1999,22,1003,46,32.8,11.1,10,77,3,12,19,5,1.00,20,19,+1,+0.09,+0.57,Matches
1938,Habib Maïga,ci CIV,MF,Metz,fr Ligue 1,27,1996,7,147,21,4.8,1.6,1,61,0,6,14,5,1.57,0,3,-3,-1.84,-1.22,Matches
1939,Mike Maignan,fr FRA,GK,Milan,it Serie A,28,1995,29,2609,90,76.3,29.0,29,90,28,0,,2,2.14,57,34,+23,+0.79,+0.35,Matches
1940,Linton Maina,de GER,MF,Köln,de Bundesliga,24,1999,31,1901,61,62.1,21.1,21,75,5,10,32,0,0.87,18,35,-17,-0.80,+0.36,Matches
1941,Patrick Mainka,de GER,DF,Heidenheim,de Bundesliga,28,1994,34,3060,90,100.0,34.0,34,90,34,0,,0,1.24,50,55,-5,-0.15,,Matches
1942,Kobbie Mainoo,eng ENG,MF,Manchester Utd,eng Premier League,18,2005,24,1924,80,56.3,21.4,24,80,7,0,,5,1.50,33,31,+2,+0.09,+0.27,Matches
1943,Ainsley Maitland-Niles,eng ENG,"DF,MF",Lyon,fr Ligue 1,25,1997,23,1432,62,46.8,15.9,16,80,9,7,21,6,1.78,27,32,-5,-0.31,-0.26,Matches
1944,Radosław Majecki,pl POL,GK,Monaco,fr Ligue 1,23,1999,12,1080,90,35.3,12.0,12,90,12,0,,22,2.42,27,10,+17,+1.42,+1.01,Matches
1945,Lovro Majer,hr CRO,"MF,FW",Wolfsburg,de Bundesliga,25,1998,32,2106,66,68.8,23.4,25,76,4,7,30,2,0.97,32,38,-6,-0.26,+0.59,Matches
1946,Lovro Majer,hr CRO,"FW,MF",Rennes,fr Ligue 1,25,1998,1,16,16,0.5,0.2,0,,0,1,16,0,3.00,2,0,+2,+11.25,+11.10,Matches
1947,Jean-Victor Makengo,fr FRA,"MF,FW",Lorient,fr Ligue 1,25,1998,11,479,44,15.7,5.3,5,73,1,6,19,13,0.64,6,8,-2,-0.38,+0.36,Matches
1948,Jordy Makengo,fr FRA,"DF,MF",Freiburg,de Bundesliga,21,2001,20,1026,51,33.5,11.4,10,82,5,10,21,7,1.25,13,17,-4,-0.35,+0.05,Matches
1949,Antoine Makoumbou,cg CGO,MF,Cagliari,it Serie A,25,1998,32,2702,84,79.0,30.0,32,84,25,0,,1,0.91,34,54,-20,-0.67,+0.09,Matches
1950,Nemanja Maksimović,rs SRB,MF,Getafe,es La Liga,28,1995,37,3265,88,95.5,36.3,37,88,29,0,,0,1.14,38,52,-14,-0.39,-1.55,Matches
1951,Julián Malatini,ar ARG,DF,Werder Bremen,de Bundesliga,22,2001,11,602,55,19.7,6.7,6,85,4,5,19,6,1.27,6,13,-7,-1.05,-1.08,Matches
1952,Daniel Maldini,it ITA,MF,Monza,it Serie A,21,2001,11,333,30,9.7,3.7,2,59,0,9,24,4,1.27,10,8,+2,+0.54,+0.95,Matches
1953,Daniel Maldini,it ITA,"FW,MF",Empoli,it Serie A,21,2001,7,263,38,7.7,2.9,3,66,0,4,16,4,0.71,2,5,-3,-1.03,-0.40,Matches
1954,Youssef Maleh,ma MAR,MF,Empoli,it Serie A,24,1998,34,2602,77,76.1,28.9,30,83,17,4,31,0,1.06,20,43,-23,-0.80,-0.58,Matches
1955,Youssef Maleh,ma MAR,MF,Lecce,it Serie A,24,1998,0,,,,,0,,0,0,,2,,,,,,,Matches
1956,Donyell Malen,nl NED,"MF,FW",Dortmund,de Bundesliga,24,1999,27,1781,66,58.2,19.8,21,77,10,6,29,2,2.00,43,25,+18,+0.91,+0.42,Matches
1957,Ruslan Malinovskyi,ua UKR,"MF,FW",Genoa,it Serie A,30,1993,28,1544,55,45.1,17.2,18,76,6,10,18,2,1.25,20,19,+1,+0.06,+0.11,Matches
1958,Lennard Maloney,us USA,MF,Heidenheim,de Bundesliga,23,1999,29,2284,79,74.6,25.4,27,84,17,2,13,0,1.28,35,44,-9,-0.35,-0.82,Matches
1959,Aaron Malouda,fr FRA,FW,Lille,fr Ligue 1,17,2005,1,1,1,0.0,0.0,0,,0,1,1,8,3.00,0,0,0,0.00,-0.53,Matches
1960,Joel Malusà,it ITA,GK,Udinese,it Serie A,16,2007,0,,,,,0,,0,0,,6,,,,,,,Matches
1961,Giorgi Mamardashvili,ge GEO,GK,Valencia,es La Liga,22,2000,37,3284,89,96.0,36.5,37,89,36,0,,0,1.32,40,41,-1,-0.03,+2.62,Matches
1962,David Mamutovic,de GER,MF,Mainz 05,de Bundesliga,22,2000,2,11,6,0.4,0.1,0,,0,2,6,16,0.00,0,0,0,0.00,+0.35,Matches
1963,Wilson Manafá,pt POR,"DF,MF",Granada,es La Liga,29,1994,4,240,60,7.0,2.7,3,77,1,1,9,14,0.25,1,6,-5,-1.87,-0.86,Matches
1964,Gianluca Mancini,it ITA,DF,Roma,it Serie A,27,1996,36,2869,80,83.9,31.9,34,84,26,2,15,1,1.64,51,37,+14,+0.44,-0.38,Matches
1965,Tommaso Mancini,it ITA,FW,Juventus,it Serie A,19,2004,0,,,,,0,,0,0,,1,,,,,,,Matches
1966,Marco Mancosu,it ITA,"MF,FW",Cagliari,it Serie A,34,1988,6,156,26,4.6,1.7,3,51,0,3,1,8,1.83,2,4,-2,-1.15,-0.49,Matches
1967,Steve Mandanda,fr FRA,GK,Rennes,fr Ligue 1,38,1985,34,3060,90,100.0,34.0,34,90,34,0,,0,1.35,53,46,+7,+0.21,,Matches
1968,Christos Mandas,gr GRE,GK,Lazio,it Serie A,21,2001,9,721,80,21.1,8.0,8,90,8,1,1,26,2.11,14,6,+8,+1.00,+0.93,Matches
1969,Reinildo Mandava,mz MOZ,DF,Atlético Madrid,es La Liga,29,1994,16,731,46,21.4,8.1,7,84,6,9,16,8,2.13,17,11,+6,+0.74,+0.04,Matches
1970,Aïssa Mandi,dz ALG,DF,Villarreal,es La Liga,31,1991,16,1113,70,32.5,12.4,12,85,10,4,22,16,1.38,21,20,+1,+0.08,+0.12,Matches
1971,Rolando Mandragora,it ITA,MF,Fiorentina,it Serie A,26,1997,33,1588,48,46.4,17.6,16,78,7,17,20,3,1.42,28,24,+4,+0.23,-0.31,Matches
1972,Orel Mangala,be BEL,MF,Lyon,fr Ligue 1,25,1998,8,398,50,13.0,4.4,4,73,1,4,27,3,2.63,11,4,+7,+1.58,+2.02,Matches
1973,Orel Mangala,be BEL,MF,Nottingham Forest,eng Premier League,25,1998,20,1563,78,45.7,17.4,19,82,10,1,4,1,0.85,16,31,-15,-0.86,-0.72,Matches
1974,Vito Mannone,it ITA,GK,Lille,fr Ligue 1,35,1988,2,91,46,3.0,1.0,1,90,1,1,1,26,2.00,2,2,0,0.00,-0.55,Matches
1975,Vito Mannone,it ITA,GK,Lorient,fr Ligue 1,35,1988,0,,,,,0,,0,0,,3,,,,,,,Matches
1976,Kostas Manolas,gr GRE,DF,Salernitana,it Serie A,32,1991,8,488,61,14.3,5.4,6,71,1,2,32,3,0.25,3,9,-6,-1.11,+0.21,Matches
1977,Javier Manquillo,es ESP,DF,Newcastle United,eng Premier League,29,1994,0,,,,,0,,0,0,,1,,,,,,,Matches
1978,Javier Manquillo,es ESP,"DF,MF",Celta Vigo,es La Liga,29,1994,12,744,62,21.8,8.3,10,73,4,2,8,3,1.83,13,12,+1,+0.12,+0.52,Matches
1979,Braydon Manu,gh GHA,MF,Darmstadt 98,de Bundesliga,26,1997,4,171,43,5.6,1.9,3,52,0,1,15,0,0.25,1,6,-5,-2.63,-1.04,Matches
1980,Benson Manuel,ao ANG,MF,Burnley,eng Premier League,26,1997,8,116,15,3.4,1.3,1,45,0,7,10,13,0.13,0,5,-5,-3.88,-3.01,Matches
1981,Alberto Manzoni,it ITA,MF,Atalanta,it Serie A,18,2005,0,,,,,0,,0,0,,1,,,,,,,Matches
1982,Faitout Maouassa,fr FRA,DF,Granada,es La Liga,25,1998,6,229,38,6.7,2.5,2,75,1,4,20,11,0.67,4,7,-3,-1.18,-0.11,Matches
1983,Faitout Maouassa,fr FRA,MF,Lens,fr Ligue 1,25,1998,3,76,25,2.5,0.8,1,45,0,2,16,6,1.00,0,1,-1,-1.18,-1.46,Matches
1984,Nikola Maraš,rs SRB,DF,Alavés,es La Liga,27,1995,0,,,,,0,,0,0,,20,,,,,,,Matches
1985,Marcão,br BRA,DF,Sevilla,es La Liga,27,1996,7,355,51,10.4,3.9,3,83,2,4,26,13,1.00,5,8,-3,-0.76,-0.67,Matches
1986,Solly March,eng ENG,"MF,DF",Brighton,eng Premier League,29,1994,7,554,79,16.2,6.2,7,79,2,0,,1,1.43,13,11,+2,+0.32,+0.61,Matches
1987,Agustín Marchesín,ar ARG,GK,Celta Vigo,es La Liga,35,1988,0,,,,,0,,0,0,,18,,,,,,,Matches
1988,Riccardo Marchizza,it ITA,DF,Frosinone,it Serie A,25,1998,13,1148,88,33.6,12.8,13,88,12,0,,7,1.38,18,21,-3,-0.24,+0.64,Matches
1989,Gian Marco Ferrari,it ITA,DF,Sassuolo,it Serie A,31,1992,31,2272,73,66.4,25.2,25,88,24,6,11,6,0.77,24,47,-23,-0.91,-0.21,Matches
1990,Emiliano Marcondes,dk DEN,"FW,MF",Bournemouth,eng Premier League,28,1995,0,,,,,0,,0,0,,1,,,,,,,Matches
1991,Óscar de Marcos,es ESP,DF,Athletic Club,es La Liga,34,1989,28,2258,81,66.0,25.1,26,84,21,2,36,4,1.75,46,27,+19,+0.76,+0.37,Matches
1992,Alberto Marí,es ESP,FW,Valencia,es La Liga,22,2001,16,276,17,8.1,3.1,2,68,0,14,10,6,1.25,4,8,-4,-1.30,-1.28,Matches
1993,José Mari,es ESP,MF,Cádiz,es La Liga,35,1987,3,14,5,0.4,0.2,0,,0,3,5,14,1.25,2,3,-1,-6.43,-5.69,Matches
1994,Pablo Marí,es ESP,DF,Monza,it Serie A,29,1993,34,2615,77,76.5,29.1,30,84,24,4,21,0,1.18,29,39,-10,-0.34,-0.12,Matches
1995,José María Giménez,uy URU,DF,Atlético Madrid,es La Liga,28,1995,22,1326,60,38.8,14.7,14,82,10,8,22,2,2.18,31,15,+16,+1.09,+0.61,Matches
1996,Mariano,do DOM,FW,Sevilla,es La Liga,29,1993,9,244,27,7.1,2.7,2,75,0,7,14,5,0.33,4,7,-3,-1.11,-1.02,Matches
1997,Luca Marianucci,it ITA,DF,Empoli,it Serie A,19,2004,0,,,,,0,,0,0,,1,,,,,,,Matches
1998,Mirko Marić,hr CRO,FW,Monza,it Serie A,28,1995,10,287,29,8.4,3.2,1,59,0,9,25,9,1.09,2,3,-1,-0.31,0.00,Matches
1999,Yan Marillat,fr FRA,GK,Brest,fr Ligue 1,28,1994,0,,,,,0,,0,0,,2,,,,,,,Matches
2000,Pablo Marín,es ESP,MF,Real Sociedad,es La Liga,20,2003,0,,,,,0,,0,0,,12,,,,,,,Matches
2001,Rafa Marín,es ESP,DF,Alavés,es La Liga,21,2002,33,2443,74,71.4,27.1,27,87,26,6,15,3,1.18,23,36,-13,-0.48,-0.76,Matches
2002,Răzvan Marin,ro ROU,MF,Empoli,it Serie A,27,1996,30,1818,61,53.2,20.2,20,80,11,10,21,5,0.83,14,28,-14,-0.69,-0.08,Matches
2003,Renato Marin,it ITA,GK,Roma,it Serie A,17,2006,0,,,,,0,,0,0,,1,,,,,,,Matches
2004,Diego Mariño,es ESP,GK,Almería,es La Liga,33,1990,1,90,90,2.6,1.0,1,90,1,0,,37,0.00,0,2,-2,-2.00,-1.19,Matches
2005,Guillermo Maripán,cl CHI,DF,Monaco,fr Ligue 1,29,1994,23,1767,77,57.7,19.6,21,84,19,2,1,3,1.91,39,26,+13,+0.66,-0.24,Matches
2006,Mika Mármol,es ESP,DF,Las Palmas,es La Liga,22,2001,36,3178,88,92.9,35.3,36,88,33,0,,1,1.08,31,44,-13,-0.37,0.00,Matches
2007,Omar Marmoush,eg EGY,"FW,MF",Eintracht Frankfurt,de Bundesliga,24,1999,29,2301,79,75.2,25.6,27,83,15,2,26,0,1.38,43,41,+2,+0.08,+0.20,Matches
2008,Marquinhos,br BRA,DF,Paris Saint-Germain,fr Ligue 1,29,1994,21,1537,73,50.2,17.1,18,83,12,3,16,3,2.33,42,14,+28,+1.64,+0.46,Matches
2009,Marquinhos,br BRA,MF,Nantes,fr Ligue 1,20,2003,7,154,22,5.0,1.7,1,57,0,6,16,4,1.00,3,4,-1,-0.58,+0.16,Matches
2010,Unai Marrero,es ESP,GK,Real Sociedad,es La Liga,21,2001,2,142,71,4.2,1.6,1,90,1,1,52,36,0.50,2,3,-1,-0.63,-0.99,Matches
2011,Filip Marschall,eng ENG,GK,Aston Villa,eng Premier League,20,2003,0,,,,,0,,0,0,,10,,,,,,,Matches
2012,Louie Marsh,eng ENG,FW,Sheffield United,eng Premier League,19,2003,0,,,,,0,,0,0,,4,,,,,,,Matches
2013,Callum Marshall,nir NIR,FW,West Ham United,eng Premier League,18,2004,0,,,,,0,,0,0,,1,,,,,,,Matches
2014,Agustín Martegani,ar ARG,MF,Salernitana,it Serie A,23,2000,18,731,41,21.4,8.1,6,73,1,12,25,16,0.28,8,21,-13,-1.60,-0.40,Matches
2015,Eric Martel,de GER,MF,Köln,de Bundesliga,21,2002,30,2457,82,80.3,27.3,29,84,20,1,25,0,0.90,21,46,-25,-0.92,+0.13,Matches
2016,Roger Martí,es ESP,FW,Cádiz,es La Liga,32,1991,23,1359,59,39.7,15.1,18,70,3,5,19,2,0.96,15,20,-5,-0.33,+0.72,Matches
2017,Anthony Martial,fr FRA,FW,Manchester Utd,eng Premier League,27,1995,13,448,34,13.1,5.0,5,65,0,8,16,3,1.38,11,6,+5,+1.00,+1.19,Matches
2018,Aarón Martín,es ESP,"MF,DF",Genoa,it Serie A,26,1997,22,1376,63,40.2,15.3,17,76,7,5,17,10,1.27,22,20,+2,+0.13,+0.22,Matches
2019,Iván Martín,es ESP,MF,Girona,es La Liga,24,1999,36,2729,76,79.8,30.3,33,81,12,3,15,1,2.25,71,35,+36,+1.19,+0.80,Matches
2020,Jon Martin,es ESP,DF,Real Sociedad,es La Liga,17,2006,1,24,24,0.7,0.3,0,,0,1,24,8,3.00,0,0,0,0.00,-0.32,Matches
2021,Jonas Martin,fr FRA,MF,Brest,fr Ligue 1,33,1990,31,1208,39,39.5,13.4,9,80,3,22,22,0,1.87,23,10,+13,+0.97,+0.68,Matches
2022,Mario Martín,es ESP,MF,Real Madrid,es La Liga,19,2004,2,18,9,0.5,0.2,0,,0,2,9,3,2.00,0,0,0,0.00,-1.61,Matches
2023,Gabriel Martinelli,br BRA,FW,Arsenal,eng Premier League,22,2001,35,2019,58,59.0,22.4,24,74,4,11,22,0,2.34,52,22,+30,+1.34,-0.72,Matches
2024,Tommaso Martinelli,it ITA,GK,Fiorentina,it Serie A,17,2006,1,90,90,2.6,1.0,1,90,1,0,,31,3.00,3,2,+1,+1.00,+0.62,Matches
2025,Arnau Martinez,es ESP,DF,Girona,es La Liga,20,2003,21,1241,59,36.3,13.8,14,80,6,7,17,15,2.33,26,14,+12,+0.87,-0.24,Matches
2026,Emiliano Martínez,ar ARG,GK,Aston Villa,eng Premier League,30,1992,34,3015,89,88.2,33.5,34,89,33,0,,0,1.91,72,48,+24,+0.72,+2.72,Matches
2027,Iñigo Martínez,es ESP,DF,Barcelona,es La Liga,32,1991,20,1296,65,37.9,14.4,13,89,12,7,20,7,2.45,27,11,+16,+1.11,+0.31,Matches
2028,Javi Martínez,es ESP,MF,Osasuna,es La Liga,23,1999,0,,,,,0,,0,0,,2,,,,,,,Matches
2029,Josep Martinez,es ESP,GK,Genoa,it Serie A,25,1998,36,3239,90,94.7,36.0,36,90,35,0,,1,1.28,43,43,0,0.00,0.00,Matches
2030,Lautaro Martínez,ar ARG,FW,Inter,it Serie A,25,1997,33,2656,80,77.7,29.5,31,84,18,2,32,2,2.58,73,16,+57,+1.93,+0.75,Matches
2031,Lisandro Martínez,ar ARG,DF,Manchester Utd,eng Premier League,25,1998,11,646,59,18.9,7.2,8,74,2,3,19,0,1.82,12,12,0,0.00,+0.03,Matches
2032,Marc Martínez,es ESP,GK,Granada,es La Liga,33,1990,3,270,90,7.9,3.0,3,90,3,0,,14,0.00,2,11,-9,-3.00,-2.09,Matches
2033,Lucas Martínez Quarta,ar ARG,DF,Fiorentina,it Serie A,27,1996,29,2291,79,67.0,25.5,26,86,21,3,19,5,1.69,42,30,+12,+0.47,+0.23,Matches
2034,Dominic Martins,pt POR,MF,Luton Town,eng Premier League,17,2005,0,,,,,0,,0,0,,2,,,,,,,Matches
2035,Javi Martón,es ESP,FW,Athletic Club,es La Liga,24,1999,0,,,,,0,,0,0,,3,,,,,,,Matches
2036,Adam Marušić,me MNE,"DF,MF",Lazio,it Serie A,30,1992,37,3100,84,90.6,34.4,37,84,29,0,,0,1.65,47,34,+13,+0.38,+1.22,Matches
2037,Marvin,es ESP,"MF,DF",Las Palmas,es La Liga,23,2000,31,1855,60,54.2,20.6,17,82,7,14,33,1,1.19,15,26,-11,-0.53,-0.36,Matches
2038,Omar Mascarell,gq EQG,MF,Mallorca,es La Liga,30,1993,29,1571,54,45.9,17.5,18,72,5,11,26,5,1.07,10,21,-11,-0.63,-0.63,Matches
2039,Pau Mascaró,es ESP,FW,Mallorca,es La Liga,18,2004,0,,,,,0,,0,0,,3,,,,,,,Matches
2040,Adam Masina,ma MAR,MF,Udinese,it Serie A,29,1994,4,64,16,1.9,0.7,1,45,0,3,6,9,1.25,0,2,-2,-2.81,-2.44,Matches
2041,Adam Masina,ma MAR,DF,Torino,it Serie A,29,1994,16,1024,64,29.9,11.4,10,87,7,6,26,1,1.31,10,12,-2,-0.18,-0.25,Matches
2042,Erhan Mašović,rs SRB,"DF,MF",Bochum,de Bundesliga,24,1998,29,2219,77,72.5,24.7,24,87,21,5,24,3,1.00,25,53,-28,-1.14,-0.71,Matches
2043,Han-Noah Massengo,fr FRA,MF,Burnley,eng Premier League,22,2001,3,16,5,0.5,0.2,0,,0,3,5,5,0.33,2,0,+2,+11.25,+12.28,Matches
2044,Roberto Massimo,de GER,"FW,MF",Stuttgart,de Bundesliga,22,2000,5,84,17,2.7,0.9,0,,0,5,17,7,1.80,1,2,-1,-1.07,-2.28,Matches
2045,Clinton Mata,ao ANG,"DF,MF",Lyon,fr Ligue 1,30,1992,28,2220,79,72.5,24.7,25,85,21,3,28,3,1.61,39,38,+1,+0.04,+0.79,Matches
2046,Jaime Mata,es ESP,"FW,MF",Getafe,es La Liga,34,1988,35,1787,51,52.3,19.9,22,69,5,13,21,1,1.23,25,30,-5,-0.25,+0.13,Matches
2047,Pape Matar Sarr,sn SEN,MF,Tottenham Hotspur,eng Premier League,20,2002,34,2069,61,60.5,23.0,27,71,4,7,23,0,1.79,40,27,+13,+0.57,+0.57,Matches
2048,Eliot Matazo,be BEL,MF,Monaco,fr Ligue 1,21,2002,6,102,17,3.3,1.1,0,,0,6,17,6,2.17,2,3,-1,-0.88,-1.70,Matches
2049,Jean-Philippe Mateta,fr FRA,FW,Crystal Palace,eng Premier League,26,1997,35,2282,65,66.7,25.4,25,83,13,10,21,2,1.23,46,44,+2,+0.08,+0.32,Matches
2050,Roshaun Mathurin,eng ENG,FW,Crystal Palace,eng Premier League,19,2004,0,,,,,0,,0,0,,2,,,,,,,Matches
2051,Nemanja Matić,rs SRB,MF,Rennes,fr Ligue 1,34,1988,13,1027,79,33.6,11.4,11,88,8,2,32,0,1.00,11,14,-3,-0.26,-0.71,Matches
2052,Nemanja Matić,rs SRB,MF,Lyon,fr Ligue 1,34,1988,15,1254,84,41.0,13.9,15,84,9,0,,0,2.47,26,21,+5,+0.36,+0.91,Matches
2053,Joël Matip,cm CMR,DF,Liverpool,eng Premier League,31,1991,10,781,78,22.8,8.7,9,84,6,1,25,4,2.30,20,9,+11,+1.27,+0.11,Matches
2054,Alex Matos,eng ENG,MF,Chelsea,eng Premier League,18,2004,1,1,1,0.0,0.0,0,,0,1,1,12,3.00,0,0,0,0.00,-0.37,Matches
2055,Chrislain Matsima,fr FRA,DF,Clermont Foot,fr Ligue 1,21,2002,14,1180,84,38.6,13.1,13,90,13,1,10,0,0.71,8,27,-19,-1.45,-0.73,Matches
2056,Chrislain Matsima,fr FRA,DF,Monaco,fr Ligue 1,21,2002,6,298,50,9.7,3.3,3,83,2,3,17,13,2.17,7,6,+1,+0.30,-0.51,Matches
2057,Jean Mattéo Bahoya,fr FRA,MF,Eintracht Frankfurt,de Bundesliga,18,2005,8,177,22,5.8,2.0,1,64,0,7,16,1,0.50,2,6,-4,-2.03,-2.19,Matches
2058,Remi Matthews,eng ENG,GK,Crystal Palace,eng Premier League,29,1994,1,4,4,0.1,0.0,0,,0,1,4,28,0.00,0,1,-1,-22.50,-22.50,Matches
2059,Alan Matturro,uy URU,MF,Genoa,it Serie A,18,2004,6,106,18,3.1,1.2,1,75,0,5,6,15,2.33,3,3,0,0.00,0.00,Matches
2060,Azor Matusiwa,nl NED,MF,Reims,fr Ligue 1,25,1998,16,1385,87,45.3,15.4,16,87,13,0,,0,1.56,22,23,-1,-0.06,+0.15,Matches
2061,Azor Matusiwa,nl NED,MF,Rennes,fr Ligue 1,25,1998,12,794,66,25.9,8.8,9,81,5,3,21,2,1.83,16,13,+3,+0.34,+0.18,Matches
2062,Neal Maupay,fr FRA,FW,Brentford,eng Premier League,26,1996,29,1321,46,38.6,14.7,13,83,5,16,15,2,0.97,24,35,-11,-0.75,-0.84,Matches
2063,Neal Maupay,fr FRA,FW,Everton,eng Premier League,26,1996,2,111,56,3.2,1.2,1,71,0,1,40,1,0.00,0,1,-1,-0.81,-0.54,Matches
2064,Aïman Maurer,ma MAR,MF,Clermont Foot,fr Ligue 1,18,2004,5,56,11,1.8,0.6,0,,0,5,11,5,0.80,0,3,-3,-4.82,-3.89,Matches
2065,Konstantinos Mavropanos,gr GRE,DF,West Ham United,eng Premier League,25,1997,19,1500,79,43.9,16.7,16,88,15,3,30,10,1.32,27,27,0,0.00,+0.66,Matches
2066,Christian Mawissa,fr FRA,"DF,MF",Toulouse,fr Ligue 1,18,2005,17,1118,66,36.5,12.4,12,82,9,5,26,8,1.71,21,19,+2,+0.16,+0.44,Matches
2067,Philipp Max,de GER,"MF,DF",Eintracht Frankfurt,de Bundesliga,29,1993,23,1350,59,44.1,15.0,17,73,3,6,18,11,1.52,22,22,0,0.00,-0.05,Matches
2068,Eric Maxim Choupo-Moting,cm CMR,MF,Bayern Munich,de Bundesliga,34,1989,27,717,27,23.4,8.0,7,76,3,20,9,5,2.00,27,19,+8,+1.00,-0.57,Matches
2069,Luís Maximiano,pt POR,GK,Almería,es La Liga,24,1999,33,2970,90,86.8,33.0,33,90,33,0,,4,0.52,32,63,-31,-0.94,-0.74,Matches
2070,Noam Mayoka-Tika,be BEL,MF,Marseille,fr Ligue 1,19,2003,1,1,1,0.0,0.0,0,,0,1,1,11,1.00,0,1,-1,-90.00,-90.35,Matches
2071,Borja Mayoral,es ESP,FW,Getafe,es La Liga,26,1997,27,2153,80,63.0,23.9,25,83,10,2,36,0,1.30,34,34,0,0.00,+0.85,Matches
2072,Senny Mayulu,fr FRA,"MF,FW",Paris Saint-Germain,fr Ligue 1,17,2006,8,324,41,10.6,3.6,3,62,0,5,27,6,2.13,8,4,+4,+1.11,-0.34,Matches
2073,Youssef Maziz,fr FRA,MF,Metz,fr Ligue 1,25,1998,2,124,62,4.1,1.4,2,62,0,0,,0,0.50,1,3,-2,-1.45,-0.81,Matches
2074,Noussair Mazraoui,ma MAR,DF,Bayern Munich,de Bundesliga,25,1997,19,1197,63,39.1,13.3,15,73,8,4,24,2,2.11,40,16,+24,+1.80,+0.60,Matches
2075,Andrea Mazza,it ITA,GK,Monza,it Serie A,19,2004,0,,,,,0,,0,0,,4,,,,,,,Matches
2076,Luca Mazzitelli,it ITA,MF,Frosinone,it Serie A,27,1995,29,2210,76,64.6,24.6,26,82,11,3,27,3,0.97,30,38,-8,-0.33,+0.94,Matches
2077,Pasquale Mazzocchi,it ITA,"MF,DF",Salernitana,it Serie A,28,1995,18,1272,71,37.2,14.1,16,76,8,2,25,0,0.67,13,30,-17,-1.20,+0.14,Matches
2078,Pasquale Mazzocchi,it ITA,"DF,MF",Napoli,it Serie A,28,1995,10,428,43,12.5,4.8,4,78,1,6,19,9,0.80,5,5,0,0.00,-0.21,Matches
2079,Kevin Mbabu,ch SUI,"DF,MF",Augsburg,de Bundesliga,28,1995,25,2047,82,66.9,22.7,22,88,18,3,41,1,1.12,28,37,-9,-0.40,-0.31,Matches
2080,Kevin Mbabu,ch SUI,"DF,MF",Fulham,eng Premier League,28,1995,0,,,,,0,,0,0,,3,,,,,,,Matches
2081,Keny Mbala,fr FRA,DF,Lens,fr Ligue 1,19,2004,0,,,,,0,,0,0,,5,,,,,,,Matches
2082,Noah Mbamba,be BEL,MF,Leverkusen,de Bundesliga,18,2005,3,16,5,0.5,0.2,0,,0,3,5,13,3.00,1,0,+1,+5.63,+3.73,Matches
2083,Ethan Mbappé,fr FRA,MF,Paris Saint-Germain,fr Ligue 1,16,2006,3,48,16,1.6,0.5,0,,0,3,16,9,3.00,1,0,+1,+1.87,+0.47,Matches
2084,Kylian Mbappé,fr FRA,FW,Paris Saint-Germain,fr Ligue 1,24,1998,29,2158,74,70.5,24.0,24,83,19,5,31,2,2.17,61,25,+36,+1.50,+0.30,Matches
2085,Malick Mbaye,sn SEN,MF,Metz,fr Ligue 1,19,2004,5,153,31,5.0,1.7,1,89,0,4,16,9,0.80,2,6,-4,-2.35,-1.76,Matches
2086,Mamadou Mbaye,sn SEN,DF,Cádiz,es La Liga,25,1998,4,288,72,8.4,3.2,2,90,2,2,54,27,0.75,2,5,-3,-0.94,-0.19,Matches
2087,Chancel Mbemba,cd COD,DF,Marseille,fr Ligue 1,28,1994,25,2207,88,72.1,24.5,25,88,23,0,,1,1.68,41,25,+16,+0.65,+1.18,Matches
2088,Nolan Mbemba,cg CGO,MF,Le Havre,fr Ligue 1,28,1995,6,22,4,0.7,0.2,0,,0,6,4,7,1.83,1,0,+1,+4.09,+4.45,Matches
2089,Yannis Mbemba,ga GAB,DF,Nantes,fr Ligue 1,22,2001,0,,,,,0,,0,0,,1,,,,,,,Matches
2090,Bryan Mbeumo,cm CMR,FW,Brentford,eng Premier League,23,1999,25,1960,78,57.3,21.8,22,87,18,3,17,0,1.28,37,31,+6,+0.28,+1.20,Matches
2091,Hianga'a Mbock,fr FRA,MF,Brest,fr Ligue 1,23,1999,2,9,5,0.3,0.1,0,,0,2,5,1,1.50,0,0,0,0.00,-0.56,Matches
2092,Christ Mbondi,fr FRA,FW,Reims,fr Ligue 1,18,2004,1,2,2,0.1,0.0,0,,0,1,2,0,1.00,0,0,0,0.00,+0.15,Matches
2093,Jordi Mboula,es ESP,"MF,FW",Hellas Verona,it Serie A,24,1999,11,307,28,9.0,3.4,5,53,0,6,7,9,1.27,2,5,-3,-0.88,-0.59,Matches
2094,Nathanael Mbuku,cd COD,MF,Augsburg,de Bundesliga,21,2002,1,5,5,0.2,0.1,0,,0,1,5,5,0.00,0,0,0,0.00,+0.29,Matches
2095,James Mcatee,eng ENG,"MF,FW",Sheffield United,eng Premier League,20,2002,30,1822,61,53.3,20.2,20,78,7,10,25,2,0.50,19,65,-46,-2.27,-0.98,Matches
2096,James Mcatee,eng ENG,MF,Manchester City,eng Premier League,20,2002,1,1,1,0.0,0.0,0,,0,1,1,2,3.00,0,0,0,0.00,-1.63,Matches
2097,John McAtee,eng ENG,"FW,MF",Luton Town,eng Premier League,24,1999,0,,,,,0,,0,0,,1,,,,,,,Matches
2098,Oliver McBurnie,sct SCO,FW,Sheffield United,eng Premier League,27,1996,21,1280,61,37.4,14.2,15,75,6,6,25,3,0.29,20,38,-18,-1.27,+0.88,Matches
2099,James McConnell,eng ENG,MF,Liverpool,eng Premier League,18,2004,3,4,1,0.1,0.0,0,,0,3,1,15,3.00,1,0,+1,+22.50,+21.34,Matches
2100,Jamie McDonnell,nir NIR,MF,Nottingham Forest,eng Premier League,19,2004,0,,,,,0,,0,0,,1,,,,,,,Matches
2101,John McGinn,sct SCO,MF,Aston Villa,eng Premier League,28,1994,35,2999,86,87.7,33.3,35,86,24,0,,0,1.83,68,52,+16,+0.48,+0.69,Matches
2102,Callan Mckenna,sct SCO,GK,Bournemouth,eng Premier League,16,2006,0,,,,,0,,0,0,,3,,,,,,,Matches
2103,Scott McKenna,sct SCO,DF,Nottingham Forest,eng Premier League,26,1996,5,416,83,12.2,4.6,5,83,4,0,,1,1.40,7,6,+1,+0.22,+0.79,Matches
2104,Weston McKennie,us USA,MF,Juventus,it Serie A,24,1998,34,2594,76,75.8,28.8,29,85,17,5,29,2,1.88,37,21,+16,+0.56,-0.21,Matches
2105,Dwight McNeil,eng ENG,MF,Everton,eng Premier League,23,1999,35,2892,83,84.6,32.1,33,86,24,2,22,0,1.37,37,38,-1,-0.03,+1.67,Matches
2106,Scott McTominay,sct SCO,"MF,FW",Manchester Utd,eng Premier League,26,1996,32,1901,59,55.6,21.1,18,88,16,14,23,2,1.81,31,30,+1,+0.05,+0.17,Matches
2107,Djordjije Medenica,es ESP,GK,Getafe,es La Liga,16,2006,0,,,,,0,,0,0,,7,,,,,,,Matches
2108,Facundo Medina,ar ARG,DF,Lens,fr Ligue 1,24,1999,31,2714,88,88.7,30.2,30,90,29,1,17,0,1.45,42,36,+6,+0.20,-0.32,Matches
2109,Ben Mee,eng ENG,DF,Brentford,eng Premier League,33,1989,16,1272,80,37.2,14.1,15,85,11,1,1,2,0.81,16,26,-10,-0.71,-0.75,Matches
2110,Dermot Mee,nir NIR,GK,Manchester Utd,eng Premier League,20,2002,0,,,,,0,,0,0,,1,,,,,,,Matches
2111,Marvin Mehlem,de GER,MF,Darmstadt 98,de Bundesliga,25,1997,20,1482,74,48.4,16.5,19,77,6,1,24,1,0.55,16,38,-22,-1.34,+0.60,Matches
2112,Bamo Meïté,ci CIV,DF,Marseille,fr Ligue 1,21,2001,16,638,40,20.8,7.1,6,77,4,10,18,9,1.31,6,9,-3,-0.42,-0.94,Matches
2113,Bamo Meïté,ci CIV,DF,Lorient,fr Ligue 1,21,2001,2,146,73,4.8,1.6,2,73,1,0,,1,1.00,0,0,0,0.00,+0.71,Matches
2114,Hannibal Mejbri,tn TUN,MF,Manchester Utd,eng Premier League,20,2003,5,133,27,3.9,1.5,1,90,1,4,11,9,2.00,2,1,+1,+0.68,+0.73,Matches
2115,Hannibal Mejbri,tn TUN,MF,Sevilla,es La Liga,20,2003,6,104,17,3.0,1.2,1,52,0,5,10,11,1.67,2,2,0,0.00,+0.16,Matches
2116,Óscar Melendo,es ESP,"MF,FW",Granada,es La Liga,25,1997,26,1122,43,32.8,12.5,15,63,0,11,16,10,0.31,12,23,-11,-0.88,+0.29,Matches
2117,Gonzalo Melero,es ESP,"MF,FW",Almería,es La Liga,29,1994,28,1103,39,32.3,12.3,10,70,3,18,22,3,0.64,17,27,-10,-0.82,+0.04,Matches
2118,Birger Meling,no NOR,DF,Rennes,fr Ligue 1,28,1994,1,16,16,0.5,0.2,0,,0,1,16,0,3.00,2,0,+2,+11.25,+11.10,Matches
2119,Arthur Melo,br BRA,MF,Fiorentina,it Serie A,26,1996,33,1986,60,58.1,22.1,23,74,4,10,28,4,1.73,41,26,+15,+0.68,+0.68,Matches
2120,Memphis,nl NED,FW,Atlético Madrid,es La Liga,29,1994,23,893,39,26.1,9.9,9,61,1,14,25,3,1.74,16,14,+2,+0.20,-0.69,Matches
2121,Houboulang Mendes,gw GNB,DF,Almería,es La Liga,25,1998,7,396,57,11.6,4.4,4,79,2,3,27,6,0.00,4,11,-7,-1.59,-0.85,Matches
2122,Nuno Mendes,pt POR,DF,Paris Saint-Germain,fr Ligue 1,21,2002,6,267,45,8.7,3.0,2,75,0,4,30,0,2.00,10,1,+9,+3.03,+1.78,Matches
2123,Tomás Mendes,es ESP,MF,Alavés,es La Liga,18,2004,1,6,6,0.2,0.1,0,,0,1,6,8,0.00,0,0,0,0.00,+0.26,Matches
2124,Brais Méndez,es ESP,"MF,FW",Real Sociedad,es La Liga,26,1997,32,2413,75,70.6,26.8,27,83,16,5,36,1,1.59,34,29,+5,+0.19,-0.44,Matches
2125,Bruno Méndez,uy URU,DF,Granada,es La Liga,23,1999,17,1333,78,39.0,14.8,15,86,9,2,24,1,0.65,13,23,-10,-0.68,+0.66,Matches
2126,Diego Méndez,es ESP,MF,Rayo Vallecano,es La Liga,19,2003,1,5,5,0.1,0.1,0,,0,1,5,13,3.00,0,0,0,0.00,+0.50,Matches
2127,Leonardo Mendicino,it ITA,MF,Atalanta,it Serie A,17,2006,1,1,1,0.0,0.0,0,,0,1,1,7,3.00,0,0,0,0.00,-0.79,Matches
2128,Antoine Mendy,sn SEN,DF,Nice,fr Ligue 1,19,2004,10,418,42,13.7,4.6,4,74,1,6,20,12,2.00,9,5,+4,+0.86,+0.62,Matches
2129,Benjamin Mendy,fr FRA,"MF,DF",Lorient,fr Ligue 1,29,1994,15,711,47,23.2,7.9,7,71,2,8,26,0,0.33,10,26,-16,-2.03,-1.76,Matches
2130,Ferland Mendy,fr FRA,DF,Real Madrid,es La Liga,28,1995,23,1720,75,50.3,19.1,21,80,12,2,18,5,2.43,44,9,+35,+1.83,+0.45,Matches
2131,Formose Mendy,sn SEN,DF,Lorient,fr Ligue 1,22,2001,18,1256,70,41.0,14.0,13,86,11,5,27,8,1.00,20,17,+3,+0.21,+1.51,Matches
2132,Nampalys Mendy,sn SEN,MF,Lens,fr Ligue 1,31,1992,16,1052,66,34.4,11.7,13,77,5,3,16,8,1.69,15,10,+5,+0.43,+0.29,Matches
2133,Nobel Mendy,sn SEN,DF,Real Betis,es La Liga,18,2004,0,,,,,0,,0,0,,4,,,,,,,Matches
2134,Teden Mengi,eng ENG,DF,Luton Town,eng Premier League,21,2002,30,2469,82,72.2,27.4,28,86,25,2,34,3,0.73,38,59,-21,-0.77,+0.37,Matches
2135,Chris Mepham,wls WAL,DF,Bournemouth,eng Premier League,25,1997,10,617,62,18.0,6.9,6,83,5,4,31,14,1.60,13,16,-3,-0.44,-0.12,Matches
2136,Jorge Meré,es ESP,DF,Cádiz,es La Liga,26,1997,10,673,67,19.7,7.5,8,78,3,2,25,16,0.80,6,12,-6,-0.80,-0.05,Matches
2137,Alex Meret,it ITA,GK,Napoli,it Serie A,26,1997,31,2773,89,81.1,30.8,31,89,30,0,,1,1.39,49,40,+9,+0.29,+0.57,Matches
2138,Mikel Merino,es ESP,MF,Real Sociedad,es La Liga,27,1996,32,2482,78,72.6,27.6,27,86,20,5,34,3,1.75,42,24,+18,+0.65,+1.23,Matches
2139,Quentin Merlin,fr FRA,"DF,MF",Marseille,fr Ligue 1,21,2002,10,703,70,23.0,7.8,8,81,4,2,27,2,1.30,12,13,-1,-0.13,-0.59,Matches
2140,Quentin Merlin,fr FRA,"MF,DF",Nantes,fr Ligue 1,21,2002,16,1283,80,41.9,14.3,15,84,7,1,18,0,0.88,18,25,-7,-0.49,+0.42,Matches
2141,Rafik Messali,fr FRA,MF,Toulouse,fr Ligue 1,20,2003,0,,,,,0,,0,0,,1,,,,,,,Matches
2142,Junior Messias,br BRA,"MF,FW",Genoa,it Serie A,32,1991,18,1053,59,30.8,11.7,13,76,4,5,12,1,1.06,14,12,+2,+0.17,+0.25,Matches
2143,Amine Messoussa,dz ALG,FW,Lille,fr Ligue 1,18,2004,0,,,,,0,,0,0,,2,,,,,,,Matches
2144,Sergio Mestre,es ESP,GK,Atlético Madrid,es La Liga,18,2005,0,,,,,0,,0,0,,1,,,,,,,Matches
2145,Jenson Metcalfe,eng ENG,MF,Everton,eng Premier League,18,2004,0,,,,,0,,0,0,,4,,,,,,,Matches
2146,Thomas Meunier,be BEL,DF,Dortmund,de Bundesliga,31,1991,8,586,73,19.2,6.5,7,83,4,1,7,2,1.63,13,5,+8,+1.23,+0.61,Matches
2147,Bastien Meupiyou,fr FRA,DF,Nantes,fr Ligue 1,17,2006,1,8,8,0.3,0.1,1,8,0,0,,3,1.00,0,1,-1,-11.25,-10.54,Matches
2148,Alexander Meyer,de GER,GK,Dortmund,de Bundesliga,32,1991,8,695,87,22.7,7.7,7,90,7,1,65,26,1.75,15,9,+6,+0.78,+0.05,Matches
2149,Omenuke Mfulu,cd COD,MF,Las Palmas,es La Liga,29,1994,5,82,16,2.4,0.9,1,45,0,4,9,17,0.83,1,3,-2,-2.20,-1.87,Matches
2150,Lucas Michal,fr FRA,FW,Monaco,fr Ligue 1,18,2005,1,7,7,0.2,0.1,0,,0,1,7,8,3.00,0,0,0,0.00,-0.77,Matches
2151,Sven Michel,de GER,"FW,MF",Augsburg,de Bundesliga,33,1990,22,583,27,19.1,6.5,5,64,0,17,15,8,1.09,12,15,-3,-0.46,-0.21,Matches
2152,Miguel,es ESP,FW,Alavés,es La Liga,23,1999,3,65,22,1.9,0.7,1,56,0,2,5,0,1.00,0,2,-2,-2.77,-2.55,Matches
2153,Miguelito,es ESP,DF,Mallorca,es La Liga,22,2001,0,,,,,0,,0,0,,2,,,,,,,Matches
2154,Georges Mikautadze,ge GEO,FW,Metz,fr Ligue 1,22,2000,20,1747,87,57.1,19.4,20,87,12,0,,0,0.85,22,36,-14,-0.72,-0.10,Matches
2155,Nikola Milenković,rs SRB,DF,Fiorentina,it Serie A,25,1997,34,2510,74,73.4,27.9,27,89,26,7,15,4,1.56,45,35,+10,+0.36,-0.14,Matches
2156,Lewis Miley,eng ENG,MF,Newcastle United,eng Premier League,17,2006,17,1202,71,35.1,13.4,14,80,6,3,29,1,1.18,27,29,-2,-0.15,-1.16,Matches
2157,Arkadiusz Milik,pl POL,FW,Juventus,it Serie A,29,1994,32,919,29,26.9,10.2,7,71,2,25,17,0,2.03,24,6,+18,+1.76,+1.58,Matches
2158,Vanja Milinković-Savić,rs SRB,GK,Torino,it Serie A,26,1997,36,3240,90,94.7,36.0,36,90,36,0,,1,1.47,36,31,+5,+0.14,+2.64,Matches
2159,Éder Militão,br BRA,DF,Real Madrid,es La Liga,25,1998,10,496,50,14.5,5.5,6,75,3,4,12,0,2.60,19,4,+15,+2.72,+1.31,Matches
2160,Luis Milla,es ESP,MF,Getafe,es La Liga,28,1994,27,2115,78,61.8,23.5,25,83,16,2,23,0,1.07,26,36,-10,-0.43,-0.29,Matches
2161,Enzo Millot,fr FRA,MF,Stuttgart,de Bundesliga,21,2002,31,2241,72,73.2,24.9,27,80,8,4,24,1,2.26,55,25,+30,+1.20,+0.22,Matches
2162,James Milner,eng ENG,"DF,MF",Brighton,eng Premier League,37,1986,15,773,52,22.6,8.6,11,63,1,4,20,2,1.47,10,12,-2,-0.23,-0.06,Matches
2163,Jovan Milošević,rs SRB,FW,Stuttgart,de Bundesliga,18,2005,5,28,6,0.9,0.3,0,,0,5,6,10,2.40,0,0,0,0.00,-1.16,Matches
2164,Marko Milovanović,rs SRB,FW,Almería,es La Liga,19,2003,11,308,28,9.0,3.4,2,57,0,9,22,14,0.55,3,7,-4,-1.17,-0.36,Matches
2165,Kim Min-jae,kr KOR,DF,Bayern Munich,de Bundesliga,26,1996,25,1970,79,64.4,21.9,22,86,18,3,24,3,2.16,61,28,+33,+1.51,+0.19,Matches
2166,Yerry Mina,co COL,DF,Fiorentina,it Serie A,28,1994,4,44,11,1.3,0.5,0,,0,4,11,10,2.25,0,0,0,0.00,-0.40,Matches
2167,Yerry Mina,co COL,DF,Cagliari,it Serie A,28,1994,14,1215,87,35.5,13.5,14,87,11,0,,1,1.29,21,26,-5,-0.37,+0.49,Matches
2168,Takumi Minamino,jp JPN,MF,Monaco,fr Ligue 1,28,1995,30,2117,71,69.2,23.5,25,81,9,5,17,0,2.00,45,26,+19,+0.81,+0.14,Matches
2169,Lucas Mincarelli,fr FRA,"DF,MF",Montpellier,fr Ligue 1,19,2004,13,978,75,32.0,10.9,12,81,6,1,5,9,1.23,13,14,-1,-0.09,+0.08,Matches
2170,Tyrone Mings,eng ENG,DF,Aston Villa,eng Premier League,30,1993,1,30,30,0.9,0.3,1,30,0,0,,0,0.00,1,2,-1,-3.00,-3.42,Matches
2171,Óscar Mingueza,es ESP,"DF,MF",Celta Vigo,es La Liga,24,1999,38,2998,79,87.7,33.3,33,86,26,5,30,0,1.08,41,48,-7,-0.21,+0.64,Matches
2172,Ignasi Miquel,es ESP,DF,Granada,es La Liga,30,1992,34,2992,88,87.5,33.2,33,89,32,1,67,1,0.59,32,67,-35,-1.05,+0.21,Matches
2173,Rafa Mir,es ESP,FW,Sevilla,es La Liga,26,1997,15,391,26,11.4,4.3,3,73,1,12,14,8,0.93,5,4,+1,+0.23,+0.44,Matches
2174,Ignacio Miramon,ar ARG,MF,Lille,fr Ligue 1,20,2003,2,39,20,1.3,0.4,1,38,0,1,1,17,1.50,0,2,-2,-4.62,-5.21,Matches
2175,Aleksei Miranchuk,ru RUS,"MF,FW",Atalanta,it Serie A,27,1995,27,1176,44,34.4,13.1,12,76,4,15,18,8,1.96,24,10,+14,+1.07,+0.43,Matches
2176,Juan Miranda,es ESP,DF,Real Betis,es La Liga,23,2000,25,1858,74,54.3,20.6,21,82,13,4,36,10,1.52,24,22,+2,+0.10,+0.04,Matches
2177,Kevin Miranda,it ITA,DF,Sassuolo,it Serie A,20,2003,1,14,14,0.4,0.2,0,,0,1,14,1,0.00,0,2,-2,-12.86,-12.06,Matches
2178,Antonio Mirante,it ITA,GK,Milan,it Serie A,40,1983,2,177,89,5.2,2.0,2,89,1,0,,27,0.50,3,3,0,0.00,-0.75,Matches
2179,Fabio Miretti,it ITA,MF,Juventus,it Serie A,19,2003,25,1103,44,32.3,12.3,16,59,0,9,18,12,1.88,18,8,+10,+0.82,+0.31,Matches
2180,Filippo Missori,it ITA,MF,Sassuolo,it Serie A,19,2004,8,266,33,7.8,3.0,2,66,0,6,22,26,0.88,1,6,-5,-1.69,-0.92,Matches
2181,Tyrick Mitchell,eng ENG,"DF,MF",Crystal Palace,eng Premier League,23,1999,37,3204,87,93.7,35.6,37,87,31,0,,0,1.32,52,55,-3,-0.08,-0.92,Matches
2182,Kaoru Mitoma,jp JPN,"MF,FW",Brighton,eng Premier League,26,1997,19,1486,78,43.5,16.5,15,88,12,4,42,0,1.42,31,27,+4,+0.24,+0.75,Matches
2183,Aleksandar Mitrović,rs SRB,FW,Fulham,eng Premier League,28,1994,1,33,33,1.0,0.4,0,,0,1,33,0,3.00,1,0,+1,+2.73,+2.91,Matches
2184,Stefan Mitrović,rs SRB,DF,Getafe,es La Liga,33,1990,11,699,64,20.4,7.8,9,75,5,2,11,10,1.18,9,11,-2,-0.26,+0.07,Matches
2185,Stefan Mitrović,rs SRB,MF,Hellas Verona,it Serie A,20,2002,10,391,39,11.4,4.3,4,59,0,6,26,5,1.20,5,4,+1,+0.23,+0.65,Matches
2186,Maximilian Mittelstädt,de GER,"DF,MF",Stuttgart,de Bundesliga,26,1997,31,2103,68,68.7,23.4,23,85,16,8,18,2,2.16,53,24,+29,+1.24,+0.30,Matches
2187,Henrikh Mkhitaryan,am ARM,MF,Inter,it Serie A,34,1989,36,2785,77,81.4,30.9,35,79,14,1,37,2,2.50,72,19,+53,+1.71,-0.27,Matches
2188,Marko Mladenović,rs SRB,MF,Eintracht Frankfurt,de Bundesliga,18,2005,1,6,6,0.2,0.1,0,,0,1,6,0,0.00,0,0,0,0.00,-0.03,Matches
2189,Jakub Moder,pl POL,"MF,DF",Brighton,eng Premier League,24,1999,17,618,36,18.1,6.9,6,73,1,11,16,10,1.35,6,13,-7,-1.02,-1.02,Matches
2190,Luka Modrić,hr CRO,MF,Real Madrid,es La Liga,37,1985,32,1688,53,49.4,18.8,18,77,4,14,21,5,2.41,43,17,+26,+1.39,-0.43,Matches
2191,Max Moerstedt,de GER,FW,Hoffenheim,de Bundesliga,17,2006,1,12,12,0.4,0.1,0,,0,1,12,3,1.00,1,0,+1,+7.50,+7.53,Matches
2192,Terem Moffi,ng NGA,FW,Nice,fr Ligue 1,24,1999,30,1949,65,63.7,21.7,23,77,5,7,24,0,1.70,27,15,+12,+0.55,+0.64,Matches
2193,Mostafa Mohamed,eg EGY,FW,Nantes,fr Ligue 1,25,1997,29,2002,69,65.4,22.2,24,75,5,5,39,0,0.90,21,33,-12,-0.54,+0.57,Matches
2194,Johan Mojica,co COL,"DF,MF",Osasuna,es La Liga,30,1992,30,2041,68,59.7,22.7,22,84,16,8,23,3,1.17,26,35,-9,-0.40,-0.27,Matches
2195,Horaţiu Moldovan,ro ROU,GK,Atlético Madrid,es La Liga,25,1998,0,,,,,0,,0,0,,18,,,,,,,Matches
2196,Alberto Moleiro,es ESP,"MF,FW",Las Palmas,es La Liga,19,2003,28,1803,64,52.7,20.0,21,77,9,7,27,0,1.04,22,28,-6,-0.30,+0.15,Matches
2197,Nahuel Molina,ar ARG,"MF,DF",Atlético Madrid,es La Liga,25,1998,30,1852,62,54.2,20.6,19,76,8,11,38,2,1.90,40,21,+19,+0.92,+0.46,Matches
2198,Florent Mollet,fr FRA,"MF,FW",Nantes,fr Ligue 1,31,1991,29,2083,72,68.1,23.1,24,82,11,5,25,2,0.90,20,34,-14,-0.60,+0.41,Matches
2199,Jon Moncayola,es ESP,MF,Osasuna,es La Liga,25,1998,33,1800,55,52.6,20.0,21,75,7,12,19,2,1.21,24,29,-5,-0.25,+0.08,Matches
2200,Enzo Mongo,fr FRA,DF,Nantes,fr Ligue 1,18,2005,1,10,10,0.3,0.1,0,,0,1,10,2,3.00,0,1,-1,-9.00,-8.29,Matches
2201,Eric Monjonell,es ESP,DF,Girona,es La Liga,21,2001,0,,,,,0,,0,0,,2,,,,,,,Matches
2202,Ilario Monterisi,it ITA,DF,Frosinone,it Serie A,21,2001,24,1469,61,43.0,16.3,16,84,13,8,16,10,0.92,19,35,-16,-0.98,-0.57,Matches
2203,Rubén Montero,es ESP,GK,Alavés,es La Liga,17,2005,0,,,,,0,,0,0,,5,,,,,,,Matches
2204,César Montes,mx MEX,DF,Almería,es La Liga,26,1997,21,1788,85,52.3,19.9,21,85,17,0,,7,0.57,17,40,-23,-1.16,-0.66,Matches
2205,Gonzalo Montiel,ar ARG,DF,Sevilla,es La Liga,26,1997,0,,,,,0,,0,0,,1,,,,,,,Matches
2206,Gonzalo Montiel,ar ARG,DF,Nottingham Forest,eng Premier League,26,1997,14,801,57,23.4,8.9,8,77,2,6,32,10,1.29,13,11,+2,+0.22,+0.91,Matches
2207,Lorenzo Montipò,it ITA,GK,Hellas Verona,it Serie A,27,1996,37,3330,90,97.4,37.0,37,90,37,0,,0,1.00,36,49,-13,-0.35,-0.35,Matches
2208,Kieffer Moore,wls WAL,"DF,FW",Bournemouth,eng Premier League,30,1992,8,108,14,3.2,1.2,0,,0,8,14,8,0.88,3,2,+1,+0.83,+1.21,Matches
2209,Mikey Moore,eng ENG,MF,Tottenham Hotspur,eng Premier League,15,2007,2,4,2,0.1,0.0,0,,0,2,2,3,1.50,0,0,0,0.00,-0.34,Matches
2210,Alejandro Morata,es ESP,DF,Cádiz,es La Liga,17,2006,0,,,,,0,,0,0,,2,,,,,,,Matches
2211,Álvaro Morata,es ESP,FW,Atlético Madrid,es La Liga,30,1992,32,1904,60,55.7,21.2,21,74,5,11,32,2,1.91,40,25,+15,+0.71,0.00,Matches
2212,Diego Moreira,be BEL,MF,Chelsea,eng Premier League,18,2004,0,,,,,0,,0,0,,1,,,,,,,Matches
2213,Diego Moreira,be BEL,MF,Lyon,fr Ligue 1,18,2004,7,270,39,8.8,3.0,4,53,0,3,19,4,0.57,2,6,-4,-1.33,-1.27,Matches
2214,Alberto Moreno,es ESP,DF,Villarreal,es La Liga,31,1992,27,1484,55,43.4,16.5,17,71,3,10,27,3,1.48,37,27,+10,+0.61,+1.07,Matches
2215,Álex Moreno,es ESP,DF,Aston Villa,eng Premier League,30,1993,21,1031,49,30.1,11.5,11,80,5,10,16,4,1.67,24,20,+4,+0.35,-0.07,Matches
2216,Gerard Moreno,es ESP,FW,Villarreal,es La Liga,31,1992,30,2215,74,64.8,24.6,28,78,9,2,20,2,1.30,39,45,-6,-0.24,-0.69,Matches
2217,Jorge Moreno,es ESP,DF,Osasuna,es La Liga,22,2001,1,15,15,0.4,0.2,0,,0,1,15,1,1.00,0,1,-1,-6.00,-5.74,Matches
2218,Jorge Moreno,es ESP,DF,Rayo Vallecano,es La Liga,22,2001,0,,,,,0,,0,0,,1,,,,,,,Matches
2219,Marco Moreno,es ESP,DF,Atlético Madrid,es La Liga,22,2001,0,,,,,0,,0,0,,6,,,,,,,Matches
2220,Mateu Morey,es ESP,DF,Dortmund,de Bundesliga,23,2000,3,110,37,3.6,1.2,2,54,0,1,3,11,2.00,4,4,0,0.00,-0.76,Matches
2221,Ilaix Moriba,gn GUI,MF,Getafe,es La Liga,20,2003,14,605,43,17.7,6.7,8,63,0,6,17,0,0.93,8,13,-5,-0.74,-0.52,Matches
2222,Ilaix Moriba,gn GUI,MF,RB Leipzig,de Bundesliga,20,2003,0,,,,,0,,0,0,,6,,,,,,,Matches
2223,Manu Morlanes,es ESP,MF,Mallorca,es La Liga,24,1999,35,1615,46,47.2,17.9,16,74,4,19,23,2,1.11,15,23,-8,-0.45,-0.30,Matches
2224,Nikola Moro,hr CRO,"MF,FW",Bologna,it Serie A,25,1998,23,840,37,24.6,9.3,10,62,1,13,17,15,1.61,13,12,+1,+0.11,-0.63,Matches
2225,Carlton Morris,eng ENG,"FW,MF",Luton Town,eng Premier League,27,1995,38,2862,75,83.7,31.8,32,86,22,6,21,0,0.68,40,73,-33,-1.04,-1.04,Matches
2226,Morro,es ESP,GK,Rayo Vallecano,es La Liga,22,2000,0,,,,,0,,0,0,,1,,,,,,,Matches
2227,Federico Mosca,it ITA,GK,Udinese,it Serie A,17,2005,0,,,,,0,,0,0,,6,,,,,,,Matches
2228,Cristhian Mosquera,es ESP,DF,Valencia,es La Liga,19,2004,36,3075,85,89.9,34.2,33,90,32,3,35,1,1.19,37,41,-4,-0.12,+0.14,Matches
2229,Yerson Mosquera,co COL,DF,Villarreal,es La Liga,22,2001,16,1229,77,35.9,13.7,14,87,13,2,7,1,2.00,31,17,+14,+1.03,+1.60,Matches
2230,Yerson Mosquera,co COL,DF,Wolves,eng Premier League,22,2001,0,,,,,0,,0,0,,1,,,,,,,Matches
2231,Dany Mota,pt POR,"MF,FW",Monza,it Serie A,25,1998,34,2049,60,59.9,22.8,24,72,6,10,33,1,1.18,22,35,-13,-0.57,-0.64,Matches
2232,Lebo Mothiba,za RSA,FW,Strasbourg,fr Ligue 1,27,1996,15,617,41,20.2,6.9,5,78,2,10,23,1,1.33,11,8,+3,+0.44,+0.99,Matches
2233,Andrei Motoc,md MDA,DF,Salernitana,it Serie A,21,2002,0,,,,,0,,0,0,,1,,,,,,,Matches
2234,Matteo Motta,it ITA,DF,Inter,it Serie A,18,2005,0,,,,,0,,0,0,,2,,,,,,,Matches
2235,Youssoufa Moukoko,de GER,FW,Dortmund,de Bundesliga,18,2004,20,625,31,20.4,6.9,4,80,2,16,19,10,1.60,18,11,+7,+1.01,+0.34,Matches
2236,Steve Mounié,bj BEN,FW,Brest,fr Ligue 1,28,1994,32,1769,55,57.8,19.7,20,76,5,12,21,0,1.72,33,24,+9,+0.46,-0.24,Matches
2237,Mason Mount,eng ENG,MF,Manchester Utd,eng Premier League,24,1999,14,516,37,15.1,5.7,5,74,0,9,16,0,1.36,3,13,-10,-1.74,-2.02,Matches
2238,Louis Mouquet,pt POR,GK,Paris Saint-Germain,fr Ligue 1,19,2004,0,,,,,0,,0,0,,2,,,,,,,Matches
2239,Samir El Mourabet,ma MAR,MF,Strasbourg,fr Ligue 1,17,2005,0,,,,,0,,0,0,,5,,,,,,,Matches
2240,Samuel Moutoussamy,cd COD,MF,Nantes,fr Ligue 1,26,1996,26,1107,43,36.2,12.3,11,77,3,15,17,4,1.00,9,20,-11,-0.89,-0.25,Matches
2241,Loris Mouyokolo,fr FRA,DF,Lorient,fr Ligue 1,22,2001,1,90,90,2.9,1.0,1,90,1,0,,9,0.00,0,3,-3,-3.00,-2.39,Matches
2242,Fabian Mrozek,pl POL,GK,Liverpool,eng Premier League,19,2003,0,,,,,0,,0,0,,1,,,,,,,Matches
2243,Divin Mubama,eng ENG,FW,West Ham United,eng Premier League,18,2004,5,80,16,2.3,0.9,0,,0,5,16,26,1.60,2,2,0,0.00,+0.38,Matches
2244,Mykhailo Mudryk,ua UKR,MF,Chelsea,eng Premier League,22,2001,31,1576,51,46.1,17.5,18,71,2,13,23,4,1.52,40,28,+12,+0.69,+0.59,Matches
2245,François Mughe,cm CMR,MF,Marseille,fr Ligue 1,19,2004,5,177,35,5.8,2.0,2,53,0,3,24,8,2.20,3,1,+2,+1.02,+0.74,Matches
2246,Nordi Mukiele,fr FRA,DF,Paris Saint-Germain,fr Ligue 1,25,1997,16,796,50,26.0,8.8,9,78,6,7,14,13,2.56,22,6,+16,+1.81,+0.54,Matches
2247,Samuele Mulattieri,it ITA,FW,Sassuolo,it Serie A,22,2000,27,462,17,13.5,5.1,1,82,0,26,15,10,0.59,6,18,-12,-2.34,-1.73,Matches
2248,Andreas Müller,de GER,MF,Darmstadt 98,de Bundesliga,23,2000,11,349,32,11.4,3.9,2,45,0,9,29,11,0.55,3,7,-4,-1.03,+0.69,Matches
2249,Florian Müller,de GER,GK,Freiburg,de Bundesliga,25,1997,0,,,,,0,,0,0,,34,,,,,,,Matches
2250,Jannik Müller,de GER,DF,Darmstadt 98,de Bundesliga,29,1994,16,1134,71,37.1,12.6,12,83,9,4,36,11,0.69,13,30,-17,-1.35,+0.47,Matches
2251,Kevin Müller,de GER,GK,Heidenheim,de Bundesliga,32,1991,34,3060,90,100.0,34.0,34,90,34,0,,0,1.24,50,55,-5,-0.15,,Matches
2252,Marcus Müller,de GER,FW,Mainz 05,de Bundesliga,20,2002,1,18,18,0.6,0.2,0,,0,1,18,2,0.00,0,0,0,0.00,+0.36,Matches
2253,Thomas Müller,de GER,MF,Bayern Munich,de Bundesliga,33,1989,31,1654,53,54.1,18.4,20,74,4,11,16,3,2.19,51,22,+29,+1.58,+0.30,Matches
2254,Tim Müller,de GER,DF,Mainz 05,de Bundesliga,18,2004,0,,,,,0,,0,0,,2,,,,,,,Matches
2255,Abdul Mumin,gh GHA,DF,Rayo Vallecano,es La Liga,25,1998,20,1694,85,49.5,18.8,19,89,17,1,3,15,1.00,11,21,-10,-0.53,-0.06,Matches
2256,Marshall Munetsi,zw ZIM,MF,Reims,fr Ligue 1,27,1996,27,2173,80,71.0,24.1,25,84,18,2,31,0,1.30,29,34,-5,-0.21,-0.21,Matches
2257,Vimoj Muntu Wa Mungu,fr FRA,DF,Torino,it Serie A,18,2004,0,,,,,0,,0,0,,2,,,,,,,Matches
2258,Iker Muniain,es ESP,MF,Athletic Club,es La Liga,30,1992,20,594,30,17.4,6.6,5,61,0,15,19,15,1.80,12,13,-1,-0.15,-0.95,Matches
2259,Rodrigo Muniz,br BRA,FW,Fulham,eng Premier League,22,2001,26,1593,61,46.6,17.7,18,80,7,8,18,7,1.04,24,27,-3,-0.17,-0.02,Matches
2260,Aihen Muñoz,es ESP,DF,Real Sociedad,es La Liga,25,1997,21,1127,54,33.0,12.5,11,85,10,10,19,0,1.67,22,14,+8,+0.64,+0.48,Matches
2261,Daniel Muñoz,co COL,"MF,DF",Crystal Palace,eng Premier League,27,1996,16,1439,90,42.1,16.0,16,90,15,0,,0,1.56,32,22,+10,+0.63,+1.13,Matches
2262,Egoitz Muñoz,es ESP,DF,Alavés,es La Liga,18,2005,0,,,,,0,,0,0,,5,,,,,,,Matches
2263,Iker Muñoz,es ESP,MF,Osasuna,es La Liga,20,2002,28,1854,66,54.2,20.6,20,83,13,8,24,10,1.32,28,26,+2,+0.10,+0.84,Matches
2264,Javier Muñoz,es ESP,MF,Las Palmas,es La Liga,28,1995,37,2640,71,77.2,29.3,30,83,16,7,21,0,1.05,26,36,-10,-0.34,+0.12,Matches
2265,Pablo Muñoz,es ESP,MF,Rayo Vallecano,es La Liga,19,2003,0,,,,,0,,0,0,,1,,,,,,,Matches
2266,Finley Munroe,eng ENG,DF,Aston Villa,eng Premier League,18,2005,1,4,4,0.1,0.0,0,,0,1,4,2,0.00,0,0,0,0.00,-0.40,Matches
2267,Reno Münz,de GER,DF,Leverkusen,de Bundesliga,17,2005,0,,,,,0,,0,0,,2,,,,,,,Matches
2268,Arijanet Muric,xk KVX,GK,Burnley,eng Premier League,24,1998,10,900,90,26.3,10.0,10,90,10,0,,25,1.00,14,16,-2,-0.20,+1.05,Matches
2269,Luis Muriel,co COL,FW,Atalanta,it Serie A,32,1991,18,409,23,12.0,4.5,2,55,0,16,19,4,1.78,7,7,0,0.00,-0.90,Matches
2270,Murillo,br BRA,DF,Nottingham Forest,eng Premier League,21,2002,32,2789,87,81.5,31.0,32,87,28,0,,0,0.91,41,56,-15,-0.48,-0.06,Matches
2271,Vedat Muriqi,xk KVX,FW,Mallorca,es La Liga,29,1994,29,2327,80,68.0,25.9,25,88,19,4,31,0,1.00,23,32,-9,-0.35,-0.18,Matches
2272,Alex Murphy,ie IRL,DF,Newcastle United,eng Premier League,19,2004,2,13,7,0.4,0.1,0,,0,2,7,17,3.00,0,0,0,0.00,-0.61,Matches
2273,Jacob Murphy,eng ENG,"FW,MF",Newcastle United,eng Premier League,28,1995,21,1189,57,34.8,13.2,14,75,5,7,20,5,1.95,40,21,+19,+1.44,+1.28,Matches
2274,Yunus Musah,us USA,MF,Milan,it Serie A,20,2002,30,1478,49,43.2,16.4,13,83,7,17,23,3,1.90,25,23,+2,+0.12,-1.04,Matches
2275,Jamal Musiala,de GER,MF,Bayern Munich,de Bundesliga,20,2003,24,1755,73,57.4,19.5,20,82,4,4,28,1,2.00,54,21,+33,+1.69,+0.59,Matches
2276,Florent Muslija,xk KVX,"FW,MF",Freiburg,de Bundesliga,25,1998,10,105,11,3.4,1.2,0,,0,10,11,6,1.10,3,2,+1,+0.86,+1.28,Matches
2277,Juan Musso,ar ARG,GK,Atalanta,it Serie A,29,1994,11,990,90,28.9,11.0,11,90,11,0,,27,1.73,19,12,+7,+0.64,-0.22,Matches
2278,Kingstone Mutandwa,zm ZAM,FW,Cagliari,it Serie A,20,2003,5,39,8,1.1,0.4,0,,0,5,8,9,0.60,1,4,-3,-6.92,-6.31,Matches
2279,Yvon Mvogo,ch SUI,GK,Lorient,fr Ligue 1,29,1994,34,3060,90,100.0,34.0,34,90,34,0,,0,0.85,43,66,-23,-0.68,,Matches
2280,Joel Mvuka,no NOR,MF,Lorient,fr Ligue 1,20,2002,7,197,28,6.4,2.2,2,50,0,5,19,2,,1,4,-3,-1.37,-0.74,Matches
2281,Junior Mwanga,fr FRA,"MF,FW",Strasbourg,fr Ligue 1,20,2003,22,1450,66,47.4,16.1,17,81,6,5,16,7,1.05,17,28,-11,-0.68,-0.63,Matches
2282,Phillipp Mwene,at AUT,"MF,DF",Mainz 05,de Bundesliga,29,1994,23,1996,87,65.2,22.2,23,87,16,0,,2,1.09,24,26,-2,-0.09,+0.76,Matches
2283,Vitaliy Mykolenko,ua UKR,DF,Everton,eng Premier League,24,1999,28,2469,88,72.2,27.4,28,88,25,0,,4,1.32,30,37,-7,-0.26,+0.12,Matches
2284,Joakim Mæhle,dk DEN,"DF,MF",Wolfsburg,de Bundesliga,26,1997,30,2452,82,80.1,27.2,27,87,22,3,33,1,1.03,34,44,-10,-0.37,+0.37,Matches
2285,Obite N'Dicka,ci CIV,DF,Roma,it Serie A,23,1999,25,2168,87,63.4,24.1,25,87,22,0,,4,1.72,41,27,+14,+0.58,+0.22,Matches
2286,Kévin N'Doram,fr FRA,MF,Metz,fr Ligue 1,27,1996,23,1604,70,52.4,17.8,18,85,13,5,15,2,0.83,18,29,-11,-0.62,+0.12,Matches
2287,Nathan N'Goumou,cm CMR,"MF,FW",Gladbach,de Bundesliga,23,2000,32,1385,43,45.3,15.4,14,70,0,18,23,2,0.94,27,31,-4,-0.26,+0.12,Matches
2288,Caumenan N'Guessan,fr FRA,DF,Torino,it Serie A,19,2003,0,,,,,0,,0,0,,12,,,,,,,Matches
2289,Stanley N'Soki,fr FRA,"DF,MF",Hoffenheim,de Bundesliga,24,1999,11,631,57,20.6,7.0,7,78,4,4,21,3,0.82,7,14,-7,-1.00,-1.26,Matches
2290,Nacho,es ESP,DF,Real Madrid,es La Liga,33,1990,29,1746,60,51.1,19.4,18,83,13,11,23,5,2.41,41,8,+33,+1.70,+0.20,Matches
2291,Bilal Nadir,ma MAR,MF,Marseille,fr Ligue 1,19,2003,5,113,23,3.7,1.3,1,89,0,4,6,12,1.60,1,1,0,0.00,-0.34,Matches
2292,Mahamadou Nagida,cm CMR,MF,Rennes,fr Ligue 1,18,2005,3,106,35,3.5,1.2,1,45,0,2,31,7,1.33,1,2,-1,-0.85,-1.09,Matches
2293,Marvelous Nakamba,zw ZIM,MF,Luton Town,eng Premier League,29,1994,13,1130,87,33.0,12.6,13,87,10,0,,0,0.46,10,24,-14,-1.12,-0.37,Matches
2294,Keito Nakamura,jp JPN,"FW,MF",Reims,fr Ligue 1,23,2000,25,1381,55,45.1,15.3,17,71,2,8,22,1,1.40,19,20,-1,-0.07,+0.15,Matches
2295,Amara Nallo,eng ENG,DF,Liverpool,eng Premier League,16,2006,0,,,,,0,,0,0,,1,,,,,,,Matches
2296,Nahitan Nández,uy URU,"MF,DF",Cagliari,it Serie A,27,1995,33,2341,71,68.5,26.0,29,78,12,4,19,0,0.91,21,47,-26,-1.00,-1.00,Matches
2297,Luca Napolitano,it ITA,MF,Lazio,it Serie A,19,2004,0,,,,,0,,0,0,,2,,,,,,,Matches
2298,Matija Nastasić,rs SRB,DF,Mallorca,es La Liga,30,1993,26,2258,87,66.0,25.1,25,90,25,1,8,7,1.00,21,28,-7,-0.28,+0.03,Matches
2299,Natan,br BRA,DF,Napoli,it Serie A,22,2001,14,952,68,27.8,10.6,11,80,5,3,26,19,1.50,17,15,+2,+0.19,+0.01,Matches
2300,Lapo Nava,it ITA,GK,Milan,it Serie A,19,2004,1,3,3,0.1,0.0,0,,0,1,3,23,1.00,0,1,-1,-30.00,-30.74,Matches
2301,Roberto Navarro,es ESP,MF,Real Sociedad,es La Liga,21,2002,0,,,,,0,,0,0,,3,,,,,,,Matches
2302,Roberto Navarro,es ESP,MF,Cádiz,es La Liga,21,2002,28,1888,67,55.2,21.0,24,73,1,4,33,4,0.79,11,32,-21,-1.00,-0.53,Matches
2303,Jesús Navas,es ESP,"DF,MF",Sevilla,es La Liga,37,1985,29,2003,69,58.6,22.3,25,78,9,4,16,1,1.14,31,32,-1,-0.04,+0.27,Matches
2304,Keylor Navas,cr CRC,GK,Paris Saint-Germain,fr Ligue 1,36,1986,4,360,90,11.8,4.0,4,90,4,0,,18,2.00,10,6,+4,+1.00,-0.47,Matches
2305,Michel Ndary Adopo,fr FRA,MF,Atalanta,it Serie A,23,2000,10,109,11,3.2,1.2,0,,0,10,11,26,2.10,3,3,0,0.00,-0.82,Matches
2306,Youssouf Ndayishimiye,bi BDI,"MF,DF",Nice,fr Ligue 1,24,1998,23,1712,74,55.9,19.0,20,83,15,3,15,3,1.83,20,15,+5,+0.26,-0.14,Matches
2307,Bassirou Ndiaye,sn SEN,FW,Lorient,fr Ligue 1,21,2002,5,152,30,5.0,1.7,0,,0,5,30,0,1.00,1,2,-1,-0.59,+0.09,Matches
2308,Iliman Ndiaye,sn SEN,"FW,MF",Marseille,fr Ligue 1,23,2000,30,1618,54,52.9,18.0,19,70,2,11,27,0,1.40,27,23,+4,+0.22,-0.21,Matches
2309,Junior Ndiaye,ae UAE,FW,Montpellier,fr Ligue 1,18,2005,0,,,,,0,,0,0,,1,,,,,,,Matches
2310,Massamba Ndiaye,sn SEN,GK,Clermont Foot,fr Ligue 1,21,2001,4,360,90,11.8,4.0,4,90,4,0,,30,1.25,4,6,-2,-0.50,+0.57,Matches
2311,Rassoul Ndiaye,sn SEN,MF,Le Havre,fr Ligue 1,21,2001,19,526,28,17.2,5.8,6,56,0,13,15,6,1.00,7,11,-4,-0.68,-0.44,Matches
2312,Michael Ndiweni,eng ENG,MF,Newcastle United,eng Premier League,19,2003,1,1,1,0.0,0.0,0,,0,1,1,0,3.00,0,0,0,0.00,-0.61,Matches
2313,Cher Ndour,it ITA,MF,Paris Saint-Germain,fr Ligue 1,19,2004,3,28,9,0.9,0.3,0,,0,3,9,14,3.00,1,0,+1,+3.21,+1.82,Matches
2314,Dan Ndoye,ch SUI,"MF,FW",Bologna,it Serie A,22,2000,32,1771,55,51.8,19.7,20,76,4,12,21,1,1.97,30,13,+17,+0.86,+0.59,Matches
2315,Joseph Nduquidi,fr FRA,"MF,DF",Metz,fr Ligue 1,18,2004,13,751,58,24.5,8.3,7,84,5,6,27,10,0.92,5,13,-8,-0.96,-0.37,Matches
2316,Loïc Nego,hu HUN,"MF,DF",Le Havre,fr Ligue 1,32,1991,28,1561,56,51.0,17.3,18,74,5,10,23,3,0.89,18,20,-2,-0.12,+0.43,Matches
2317,Brice Negouai,fr FRA,DF,Marseille,fr Ligue 1,21,2002,0,,,,,0,,0,0,,3,,,,,,,Matches
2318,Álvaro Negredo,es ESP,FW,Cádiz,es La Liga,37,1985,7,54,8,1.6,0.6,0,,0,7,8,15,0.43,0,2,-2,-3.33,-2.61,Matches
2319,Tom Negrel,fr FRA,GK,Lille,fr Ligue 1,20,2003,0,,,,,0,,0,0,,1,,,,,,,Matches
2320,Reiss Nelson,eng ENG,FW,Arsenal,eng Premier League,23,1999,15,268,18,7.8,3.0,1,74,0,14,14,15,2.27,10,1,+9,+3.02,+1.51,Matches
2321,Zack Nelson,eng ENG,MF,Luton Town,eng Premier League,18,2005,2,7,4,0.2,0.1,0,,0,2,4,14,0.50,1,1,0,0.00,+0.87,Matches
2322,Neto,br BRA,GK,Bournemouth,eng Premier League,34,1989,32,2880,90,84.2,32.0,32,90,32,0,,4,1.22,46,55,-9,-0.28,+0.39,Matches
2323,Pedro Neto,pt POR,"MF,FW",Wolves,eng Premier League,23,2000,20,1516,76,44.3,16.8,18,83,12,2,12,1,1.40,22,27,-5,-0.30,+0.18,Matches
2324,Luca Netz,de GER,"MF,DF",Gladbach,de Bundesliga,20,2003,30,2225,74,72.7,24.7,25,82,14,5,33,1,1.00,40,42,-2,-0.08,+0.89,Matches
2325,Manuel Neuer,de GER,GK,Bayern Munich,de Bundesliga,37,1986,23,2053,89,67.1,22.8,23,89,22,0,,0,2.13,64,33,+31,+1.36,-0.25,Matches
2326,Florian Neuhaus,de GER,MF,Gladbach,de Bundesliga,26,1997,25,1224,49,40.0,13.6,15,71,2,10,16,7,1.04,22,24,-2,-0.15,+0.29,Matches
2327,Carlos Neva,es ESP,DF,Granada,es La Liga,27,1996,36,3146,87,92.0,35.0,36,87,27,0,,2,0.56,34,66,-32,-0.92,+2.04,Matches
2328,Jessic Ngankam,de GER,"MF,FW",Mainz 05,de Bundesliga,23,2000,7,184,26,6.0,2.0,2,65,0,5,11,4,1.14,0,4,-4,-1.96,-1.71,Matches
2329,Jessic Ngankam,de GER,FW,Eintracht Frankfurt,de Bundesliga,23,2000,15,280,19,9.2,3.1,2,56,0,13,13,2,1.53,5,2,+3,+0.96,+1.03,Matches
2330,Simon Ngapandouetnbu,cm CMR,GK,Marseille,fr Ligue 1,20,2003,0,,,,,0,,0,0,,4,,,,,,,Matches
2331,Cyril Ngonge,be BEL,"MF,FW",Hellas Verona,it Serie A,23,2000,19,1431,75,41.8,15.9,17,80,7,2,36,1,0.89,14,22,-8,-0.50,-0.28,Matches
2332,Cyril Ngonge,be BEL,FW,Napoli,it Serie A,23,2000,13,315,24,9.2,3.5,1,54,0,12,22,0,1.00,5,5,0,0.00,-0.20,Matches
2333,Mikayil Ngor Faye,sn SEN,MF,Barcelona,es La Liga,19,2004,0,,,,,0,,0,0,,3,,,,,,,Matches
2334,Steve Ngoura,fr FRA,FW,Le Havre,fr Ligue 1,18,2005,12,223,19,7.3,2.5,1,60,0,11,15,3,0.67,2,4,-2,-0.81,-0.52,Matches
2335,Moussa Niakhate,sn SEN,DF,Nottingham Forest,eng Premier League,27,1996,21,1460,70,42.7,16.2,15,87,13,6,25,12,0.95,20,35,-15,-0.92,-0.79,Matches
2336,M'Baye Niang,sn SEN,FW,Empoli,it Serie A,28,1994,14,708,51,20.7,7.9,5,69,0,9,40,2,1.29,9,10,-1,-0.13,+0.67,Matches
2337,Tanguy Nianzou,fr FRA,DF,Sevilla,es La Liga,21,2002,8,318,40,9.3,3.5,3,84,2,5,13,15,0.88,4,10,-6,-1.70,-1.70,Matches
2338,Shamar Nicholson,jm JAM,FW,Clermont Foot,fr Ligue 1,26,1997,26,1484,57,48.5,16.5,17,78,5,9,17,2,0.81,12,28,-16,-0.97,+0.06,Matches
2339,Rasmus Nicolaisen,dk DEN,DF,Toulouse,fr Ligue 1,26,1997,33,2925,89,95.6,32.5,33,89,31,0,,0,1.21,39,44,-5,-0.15,-0.82,Matches
2340,Moritz Nicolas,de GER,GK,Gladbach,de Bundesliga,25,1997,27,2430,90,79.4,27.0,27,90,27,0,,7,1.07,47,49,-2,-0.07,+1.21,Matches
2341,Hans Nicolussi Caviglia,it ITA,MF,Juventus,it Serie A,23,2000,8,268,34,7.8,3.0,3,62,0,5,16,30,2.13,3,2,+1,+0.34,-0.29,Matches
2342,Saúl Ñíguez,es ESP,MF,Atlético Madrid,es La Liga,28,1994,34,1374,40,40.2,15.3,14,68,5,20,21,3,2.06,31,16,+15,+0.98,+0.45,Matches
2343,Adrian Niño,es ESP,FW,Atlético Madrid,es La Liga,19,2004,0,,,,,0,,0,0,,2,,,,,,,Matches
2344,Aristide Njalla,cm CMR,MF,Cádiz,es La Liga,20,2003,0,,,,,0,,0,0,,1,,,,,,,Matches
2345,Alieu Njie,se SWE,FW,Torino,it Serie A,18,2005,0,,,,,0,,0,0,,2,,,,,,,Matches
2346,Justin Njinmah,de GER,FW,Werder Bremen,de Bundesliga,22,2000,24,1016,42,33.2,11.3,10,75,1,14,19,2,1.25,18,16,+2,+0.18,+0.53,Matches
2347,Eddie Nketiah,eng ENG,FW,Arsenal,eng Premier League,24,1999,27,1082,40,31.6,12.0,10,78,3,17,18,11,2.15,24,10,+14,+1.16,-0.68,Matches
2348,Noel Nkili,de GER,MF,Bayern Munich,de Bundesliga,17,2005,0,,,,,0,,0,0,,3,,,,,,,Matches
2349,Niels Nkounkou,fr FRA,"MF,DF",Eintracht Frankfurt,de Bundesliga,22,2000,29,1309,45,42.8,14.5,13,77,6,16,20,2,1.24,20,18,+2,+0.14,+0.19,Matches
2350,Christopher Nkunku,fr FRA,"MF,FW",Chelsea,eng Premier League,25,1997,11,443,40,13.0,4.9,2,71,0,9,34,1,2.00,12,12,0,0.00,-0.42,Matches
2351,Felix Nmecha,de GER,MF,Dortmund,de Bundesliga,22,2000,20,1021,51,33.4,11.3,10,78,4,10,24,0,1.95,25,17,+8,+0.71,-0.05,Matches
2352,Lukas Nmecha,de GER,FW,Wolfsburg,de Bundesliga,24,1998,3,42,14,1.4,0.5,0,,0,3,14,0,0.67,1,1,0,0.00,+0.45,Matches
2353,Peru Nolaskoain,es ESP,"DF,MF",Athletic Club,es La Liga,24,1998,2,10,5,0.3,0.1,0,,0,2,5,12,2.00,0,0,0,0.00,-0.63,Matches
2354,Nahuel Noll,de GER,GK,Hoffenheim,de Bundesliga,20,2003,0,,,,,0,,0,0,,7,,,,,,,Matches
2355,Joseph Nonge,be BEL,MF,Juventus,it Serie A,18,2005,2,24,12,0.7,0.3,0,,0,2,12,20,1.50,2,1,+1,+3.75,+3.17,Matches
2356,Jonathan Norbye,no NOR,DF,RB Leipzig,de Bundesliga,16,2007,1,1,1,0.0,0.0,0,,0,1,1,0,1.00,0,0,0,0.00,-1.12,Matches
2357,Arnaud Nordin,fr FRA,"MF,FW",Montpellier,fr Ligue 1,25,1998,20,1246,62,40.7,13.8,15,76,4,5,20,0,1.25,23,21,+2,+0.14,+0.49,Matches
2358,Rhys Norrington-Davies,wls WAL,DF,Sheffield United,eng Premier League,24,1999,5,110,22,3.2,1.2,2,27,0,3,19,1,0.80,1,6,-5,-4.09,-2.35,Matches
2359,Oliver Norwood,nir NIR,MF,Sheffield United,eng Premier League,32,1991,27,1440,53,42.1,16.0,16,82,12,11,11,9,0.44,12,47,-35,-2.19,-0.64,Matches
2360,Tijjani Noslin,nl NED,"FW,MF",Hellas Verona,it Serie A,24,1999,17,1339,79,39.2,14.9,17,79,9,0,,0,1.24,17,20,-3,-0.20,+0.23,Matches
2361,Hugo Novoa,es ESP,"DF,MF",RB Leipzig,de Bundesliga,20,2003,0,,,,,0,,0,0,,1,,,,,,,Matches
2362,Clinton Nsiala,fr FRA,DF,Milan,it Serie A,19,2004,0,,,,,0,,0,0,,3,,,,,,,Matches
2363,Randy Nteka,ao ANG,FW,Rayo Vallecano,es La Liga,25,1997,16,572,36,16.7,6.4,3,74,0,13,27,12,0.94,3,11,-8,-1.26,-0.91,Matches
2364,Ernest Nuamah,gh GHA,"FW,MF",Lyon,fr Ligue 1,19,2003,29,1838,63,60.1,20.4,21,74,2,8,34,0,1.69,29,32,-3,-0.15,+0.07,Matches
2365,Alexander Nübel,de GER,GK,Stuttgart,de Bundesliga,26,1996,30,2700,90,88.2,30.0,30,90,30,0,,0,2.10,69,36,+33,+1.10,-0.40,Matches
2366,Kasim Nuhu,gh GHA,DF,Hoffenheim,de Bundesliga,28,1995,1,5,5,0.2,0.1,0,,0,1,5,7,0.00,0,0,0,0.00,0.00,Matches
2367,Matheus Nunes,pt POR,MF,Wolves,eng Premier League,24,1998,2,179,90,5.2,2.0,2,90,1,0,,0,0.00,1,5,-4,-2.01,-1.71,Matches
2368,Matheus Nunes,pt POR,"MF,FW",Manchester City,eng Premier League,24,1998,17,661,39,19.3,7.3,7,71,3,10,16,16,2.47,18,8,+10,+1.36,-0.33,Matches
2369,Darwin Núñez,uy URU,FW,Liverpool,eng Premier League,24,1999,36,2047,57,59.9,22.7,22,79,9,14,21,1,2.19,48,25,+23,+1.01,-0.43,Matches
2370,Unai Núñez,es ESP,DF,Celta Vigo,es La Liga,26,1997,34,2801,82,81.9,31.1,31,88,27,3,22,4,0.97,36,49,-13,-0.42,-0.71,Matches
2371,Fabian Nürnberger,bg BUL,MF,Darmstadt 98,de Bundesliga,24,1999,21,1513,72,49.4,16.8,17,81,10,4,32,0,0.71,14,41,-27,-1.61,+0.08,Matches
2372,Ethan Nwaneri,eng ENG,MF,Arsenal,eng Premier League,16,2007,1,14,14,0.4,0.2,0,,0,1,14,1,3.00,0,0,0,0.00,-1.64,Matches
2373,Simeon Nwankwo,ng NGA,FW,Salernitana,it Serie A,31,1992,15,686,46,20.1,7.6,6,84,2,9,20,10,0.40,10,13,-3,-0.39,+1.12,Matches
2374,Roggerio Nyakossi,ch SUI,DF,Marseille,fr Ligue 1,19,2004,0,,,,,0,,0,0,,3,,,,,,,Matches
2375,Gerzino Nyamsi,cm CMR,DF,Strasbourg,fr Ligue 1,26,1997,13,1092,84,35.7,12.1,13,84,12,0,,2,1.00,10,17,-7,-0.58,-0.35,Matches
2376,Ørjan Nyland,no NOR,GK,Sevilla,es La Liga,32,1990,24,2160,90,63.2,24.0,24,90,24,0,,4,1.38,33,27,+6,+0.25,+1.11,Matches
2377,Trey Nyoni,eng ENG,MF,Liverpool,eng Premier League,16,2007,0,,,,,0,,0,0,,2,,,,,,,Matches
2378,Rabby Nzingoula,fr FRA,MF,Strasbourg,fr Ligue 1,17,2005,6,133,22,4.3,1.5,1,82,0,5,10,4,1.17,2,1,+1,+0.68,+1.08,Matches
2379,M'Bala Nzola,ao ANG,FW,Fiorentina,it Serie A,26,1996,33,1552,47,45.4,17.2,15,77,7,18,22,1,1.48,26,26,0,0.00,-0.72,Matches
2380,Christian Nørgaard,dk DEN,MF,Brentford,eng Premier League,29,1994,31,2505,81,73.2,27.8,30,83,20,1,20,0,0.97,36,51,-15,-0.54,-1.13,Matches
2381,Jake O'Brien,ie IRL,DF,Lyon,fr Ligue 1,22,2001,27,2369,88,77.4,26.3,27,88,26,0,,4,1.78,44,42,+2,+0.08,+1.12,Matches
2382,Lewis O'Brien,eng ENG,MF,Nottingham Forest,eng Premier League,24,1998,0,,,,,0,,0,0,,1,,,,,,,Matches
2383,Mark O'Mahony,ie IRL,FW,Brighton,eng Premier League,18,2005,3,63,21,1.8,0.7,1,45,0,2,9,8,0.33,0,1,-1,-1.43,-1.27,Matches
2384,Tommi O'Reilly,eng ENG,MF,Aston Villa,eng Premier League,19,2003,0,,,,,0,,0,0,,1,,,,,,,Matches
2385,Dara O'Shea,ie IRL,DF,Burnley,eng Premier League,24,1999,33,2892,88,84.6,32.1,32,89,29,1,45,1,0.58,36,71,-35,-1.09,-0.75,Matches
2386,Michael Obafemi,ie IRL,FW,Burnley,eng Premier League,23,2000,2,20,10,0.6,0.2,0,,0,2,10,4,1.50,1,0,+1,+4.50,+5.51,Matches
2387,Adam Obert,sk SVK,DF,Cagliari,it Serie A,20,2002,17,941,55,27.5,10.5,10,85,7,7,14,21,0.65,10,32,-22,-2.10,-1.96,Matches
2388,Pedro Obiang,gq EQG,MF,Sassuolo,it Serie A,31,1992,8,453,57,13.2,5.0,5,78,2,3,21,11,0.75,6,13,-7,-1.39,-0.63,Matches
2389,Jan Oblak,si SVN,GK,Atlético Madrid,es La Liga,30,1993,38,3420,90,100.0,38.0,38,90,38,0,,0,2.00,70,43,+27,+0.71,,Matches
2390,Brian Ocampo,uy URU,MF,Cádiz,es La Liga,24,1999,13,248,19,7.3,2.8,1,69,0,12,15,9,0.69,2,6,-4,-1.45,-0.74,Matches
2391,Lucas Ocampos,ar ARG,"MF,FW",Sevilla,es La Liga,29,1994,35,2871,82,83.9,31.9,34,83,18,1,45,1,0.97,37,42,-5,-0.16,+0.01,Matches
2392,Guillermo Ochoa,mx MEX,GK,Salernitana,it Serie A,38,1985,21,1890,90,55.3,21.0,21,90,21,0,,4,0.29,13,44,-31,-1.48,-0.42,Matches
2393,Jens Odgaard,dk DEN,"MF,FW",Bologna,it Serie A,24,1999,10,431,43,12.6,4.8,5,67,0,5,19,3,2.00,9,1,+8,+1.67,+1.25,Matches
2394,Wilson Odobert,fr FRA,"MF,FW",Burnley,eng Premier League,18,2004,29,2098,72,61.3,23.3,25,82,11,4,10,4,0.59,25,48,-23,-0.99,-0.03,Matches
2395,Álvaro Odriozola,es ESP,DF,Real Madrid,es La Liga,27,1995,0,,,,,0,,0,0,,2,,,,,,,Matches
2396,Álvaro Odriozola,es ESP,DF,Real Sociedad,es La Liga,27,1995,9,393,44,11.5,4.4,6,49,0,3,34,14,1.33,3,2,+1,+0.23,-0.10,Matches
2397,Tim Oermann,de GER,DF,Bochum,de Bundesliga,19,2003,16,714,45,23.3,7.9,8,71,3,8,18,2,1.38,12,13,-1,-0.13,+1.06,Matches
2398,Odeluga Offiah,eng ENG,DF,Brighton,eng Premier League,20,2002,4,128,32,3.7,1.4,1,73,0,3,18,4,0.25,1,3,-2,-1.41,-1.27,Matches
2399,Oluwaseun Ogbemudia,de GER,DF,Union Berlin,de Bundesliga,17,2006,0,,,,,0,,0,0,,2,,,,,,,Matches
2400,Chiedozie Ogbene,ie IRL,MF,Luton Town,eng Premier League,26,1997,30,1995,67,58.3,22.2,20,87,14,10,27,0,0.73,35,47,-12,-0.54,+0.78,Matches
2401,Angelo Ogbonna,it ITA,DF,West Ham United,eng Premier League,35,1988,11,635,58,18.6,7.1,7,83,5,4,13,27,1.82,12,14,-2,-0.28,+0.10,Matches
2402,Mathis Oger,fr FRA,MF,Nantes,fr Ligue 1,20,2003,0,,,,,0,,0,0,,1,,,,,,,Matches
2403,Florent Ogier,fr FRA,DF,Clermont Foot,fr Ligue 1,34,1989,14,943,67,30.8,10.5,9,89,8,5,29,17,0.79,9,17,-8,-0.76,+0.34,Matches
2404,Habeeb Ogunneye,eng ENG,DF,Manchester Utd,eng Premier League,18,2005,0,,,,,0,,0,0,,7,,,,,,,Matches
2405,Temple Ojinnaka,it ITA,MF,Wolves,eng Premier League,18,2005,0,,,,,0,,0,0,,1,,,,,,,Matches
2406,Noah Okafor,ch SUI,"FW,MF",Milan,it Serie A,23,2000,28,887,32,25.9,9.9,6,67,1,22,22,4,1.96,25,17,+8,+0.81,+0.14,Matches
2407,David Okereke,ng NGA,"FW,MF",Torino,it Serie A,25,1997,9,252,28,7.4,2.8,3,64,0,6,10,8,1.33,4,1,+3,+1.07,+1.16,Matches
2408,Wesley Okoduwa,eng ENG,DF,Wolves,eng Premier League,15,2008,0,,,,,0,,0,0,,5,,,,,,,Matches
2409,Caleb Okoli,it ITA,DF,Frosinone,it Serie A,22,2001,34,2914,86,85.2,32.4,32,89,30,2,28,1,0.91,35,58,-23,-0.71,-0.35,Matches
2410,Caleb Okoli,it ITA,DF,Atalanta,it Serie A,22,2001,0,,,,,0,,0,0,,2,,,,,,,Matches
2411,Maduka Okoye,ng NGA,GK,Udinese,it Serie A,23,1999,21,1890,90,55.3,21.0,21,90,21,0,,16,1.10,22,25,-3,-0.14,+0.62,Matches
2412,Masaya Okugawa,jp JPN,"FW,MF",Augsburg,de Bundesliga,27,1996,2,32,16,1.0,0.4,0,,0,2,16,3,1.50,2,0,+2,+5.63,+5.98,Matches
2413,Joseph Okumu,ke KEN,DF,Reims,fr Ligue 1,26,1997,21,1743,83,57.0,19.4,19,89,17,2,30,2,1.43,21,23,-2,-0.10,+0.10,Matches
2414,Ademola Ola-Adebomi,eng ENG,FW,Crystal Palace,eng Premier League,19,2004,0,,,,,0,,0,0,,3,,,,,,,Matches
2415,Aingeru Olabarrieta,es ESP,FW,Athletic Club,es La Liga,17,2005,1,9,9,0.3,0.1,0,,0,1,9,3,3.00,0,0,0,0.00,-0.63,Matches
2416,Michael Olakigbe,eng ENG,MF,Brentford,eng Premier League,19,2004,8,59,7,1.7,0.7,0,,0,8,7,9,0.63,1,0,+1,+1.53,+1.79,Matches
2417,Olasagasti,es ESP,MF,Real Sociedad,es La Liga,22,2000,14,360,26,10.5,4.0,2,74,0,12,18,23,1.21,6,8,-2,-0.50,-0.91,Matches
2418,Finn Ole Becker,de GER,MF,Hoffenheim,de Bundesliga,23,2000,22,606,28,19.8,6.7,5,70,0,17,15,10,1.50,14,18,-4,-0.59,-0.74,Matches
2419,Mathias Olesen,lu LUX,MF,Köln,de Bundesliga,22,2001,6,112,19,3.7,1.2,0,,0,6,19,2,0.67,0,3,-3,-2.41,-1.53,Matches
2420,Michael Olise,fr FRA,"MF,FW",Crystal Palace,eng Premier League,21,2001,19,1275,67,37.3,14.2,14,85,9,5,18,0,1.47,34,19,+15,+1.06,+1.73,Matches
2421,Mathías Olivera,uy URU,DF,Napoli,it Serie A,25,1997,23,1569,68,45.9,17.4,18,80,10,5,26,4,1.39,29,18,+11,+0.63,+0.83,Matches
2422,Jan Oliveras,es ESP,DF,Roma,it Serie A,19,2004,0,,,,,0,,0,0,,2,,,,,,,Matches
2423,Alexandre Olliero,fr FRA,GK,Reims,fr Ligue 1,27,1996,0,,,,,0,,0,0,,34,,,,,,,Matches
2424,Lisandru Olmeta,fr FRA,GK,Lille,fr Ligue 1,18,2005,0,,,,,0,,0,0,,1,,,,,,,Matches
2425,Dani Olmo,es ESP,MF,RB Leipzig,de Bundesliga,25,1998,21,1449,69,47.4,16.1,17,82,7,4,16,0,2.00,41,20,+21,+1.30,+0.35,Matches
2426,Jan Olschowsky,de GER,GK,Gladbach,de Bundesliga,21,2001,0,,,,,0,,0,0,,23,,,,,,,Matches
2427,Robin Olsen,se SWE,GK,Aston Villa,eng Premier League,33,1990,5,405,81,11.8,4.5,4,90,4,1,45,26,0.80,4,13,-9,-2.00,-2.72,Matches
2428,Warmed Omari,km COM,DF,Rennes,fr Ligue 1,23,2000,25,2071,83,67.7,23.0,23,87,20,2,31,5,1.24,34,30,+4,+0.17,-0.10,Matches
2429,Becir Omeragic,ch SUI,"DF,MF",Montpellier,fr Ligue 1,21,2002,28,2312,83,75.6,25.7,26,88,24,2,17,2,1.32,28,28,0,0.00,+0.60,Matches
2430,Jonas Omlin,ch SUI,GK,Gladbach,de Bundesliga,29,1994,7,630,90,20.6,7.0,7,90,7,0,,1,0.71,9,18,-9,-1.29,-1.21,Matches
2431,Andrew Omobamidele,ie IRL,DF,Nottingham Forest,eng Premier League,21,2002,11,783,71,22.9,8.7,8,90,8,3,21,8,0.73,12,15,-3,-0.34,+0.17,Matches
2432,Samu Omorodion,es ESP,FW,Alavés,es La Liga,19,2004,34,1918,56,56.1,21.3,21,78,3,13,21,1,1.15,15,28,-13,-0.61,-0.79,Matches
2433,Samu Omorodion,es ESP,FW,Granada,es La Liga,19,2004,1,80,80,2.3,0.9,1,80,0,0,,0,0.00,1,2,-1,-1.13,-0.05,Matches
2434,Amadou Onana,be BEL,MF,Everton,eng Premier League,21,2001,30,2091,70,61.1,23.2,23,83,16,7,27,1,1.10,21,37,-16,-0.69,-1.03,Matches
2435,André Onana,cm CMR,GK,Manchester Utd,eng Premier League,27,1996,38,3420,90,100.0,38.0,38,90,38,0,,0,1.58,57,58,-1,-0.03,,Matches
2436,Jean Onana,cm CMR,MF,Marseille,fr Ligue 1,23,2000,13,566,44,18.5,6.3,5,88,2,8,16,1,1.77,10,10,0,0.00,-0.40,Matches
2437,Ryan One,sct SCO,MF,Sheffield United,eng Premier League,17,2006,1,8,8,0.2,0.1,0,,0,1,8,3,0.00,0,2,-2,-22.50,-20.73,Matches
2438,Karim Onisiwo,at AUT,"FW,MF",Mainz 05,de Bundesliga,31,1992,24,1493,62,48.8,16.6,17,81,6,7,18,2,0.88,13,21,-8,-0.48,-0.25,Matches
2439,Tyler Onyango,eng ENG,MF,Everton,eng Premier League,20,2003,1,1,1,0.0,0.0,0,,0,1,1,4,0.00,0,0,0,0.00,+0.29,Matches
2440,Fred Onyedinma,eng ENG,MF,Luton Town,eng Premier League,26,1996,8,407,51,11.9,4.5,4,76,0,4,26,1,0.50,6,14,-8,-1.77,-1.02,Matches
2441,Francis Onyeka,de GER,MF,Leverkusen,de Bundesliga,16,2007,0,,,,,0,,0,0,,2,,,,,,,Matches
2442,Frank Onyeka,ng NGA,MF,Brentford,eng Premier League,25,1998,26,1161,45,33.9,12.9,11,78,3,15,20,4,0.85,17,27,-10,-0.78,-0.82,Matches
2443,Loïs Openda,be BEL,FW,RB Leipzig,de Bundesliga,23,2000,34,2697,79,88.1,30.0,33,81,13,1,26,0,1.91,69,33,+36,+1.20,+0.71,Matches
2444,Royce Openda,ga GAB,FW,Lorient,fr Ligue 1,21,2002,1,16,16,0.5,0.2,0,,0,1,16,1,0.00,0,2,-2,-11.25,-10.63,Matches
2445,Christopher Operi,ci CIV,"DF,MF",Le Havre,fr Ligue 1,26,1997,28,2445,87,79.9,27.2,28,87,26,0,,0,0.93,30,39,-9,-0.33,-0.04,Matches
2446,Leon Opitz,de GER,MF,Werder Bremen,de Bundesliga,18,2005,3,18,6,0.6,0.2,0,,0,3,6,11,1.00,0,2,-2,-10.00,-9.88,Matches
2447,Ike Orazi,ie IRL,FW,Reims,fr Ligue 1,16,2007,0,,,,,0,,0,0,,2,,,,,,,Matches
2448,Gift Orban,ng NGA,FW,Lyon,fr Ligue 1,21,2002,13,474,36,15.5,5.3,5,62,0,8,20,3,2.15,10,6,+4,+0.76,+1.11,Matches
2449,Willi Orban,hu HUN,DF,RB Leipzig,de Bundesliga,30,1992,19,1582,83,51.7,17.6,18,88,16,1,6,0,2.00,45,17,+28,+1.59,+0.98,Matches
2450,Ivan Ordets,ua UKR,DF,Bochum,de Bundesliga,31,1992,24,1880,78,61.4,20.9,21,87,20,3,16,2,0.83,25,57,-32,-1.53,-1.53,Matches
2451,Lewis Orford,eng ENG,MF,West Ham United,eng Premier League,17,2006,0,,,,,0,,0,0,,4,,,,,,,Matches
2452,Divock Origi,be BEL,"MF,FW",Nottingham Forest,eng Premier League,28,1995,20,606,30,17.7,6.7,6,57,0,14,19,7,0.60,4,6,-2,-0.30,+0.21,Matches
2453,Gaetano Oristanio,it ITA,"FW,MF",Cagliari,it Serie A,20,2002,25,1104,44,32.3,12.3,11,67,1,14,26,6,0.88,12,19,-7,-0.57,+0.17,Matches
2454,Aimar Oroz,es ESP,MF,Osasuna,es La Liga,21,2001,33,2339,71,68.4,26.0,26,81,8,7,33,0,1.36,29,34,-5,-0.19,+0.31,Matches
2455,Riccardo Orsolini,it ITA,MF,Bologna,it Serie A,26,1997,33,1792,54,52.4,19.9,19,75,6,14,27,1,1.67,31,17,+14,+0.70,+0.26,Matches
2456,Stefan Ortega,de GER,GK,Manchester City,eng Premier League,30,1992,9,635,71,18.6,7.1,5,90,5,4,46,29,2.56,18,7,+11,+1.56,-0.09,Matches
2457,Eneko Ortiz,es ESP,MF,Alavés,es La Liga,20,2003,1,14,14,0.4,0.2,0,,0,1,14,8,1.00,0,0,0,0.00,+0.26,Matches
2458,Asier Osambela,es ESP,MF,Osasuna,es La Liga,19,2004,1,9,9,0.3,0.1,0,,0,1,9,2,0.00,0,1,-1,-10.00,-9.74,Matches
2459,Ben Osborn,eng ENG,MF,Sheffield United,eng Premier League,28,1994,24,1367,57,40.0,15.2,14,77,10,10,28,5,0.42,19,40,-21,-1.38,+0.72,Matches
2460,Jordi Osei-Tutu,eng ENG,"DF,MF",Bochum,de Bundesliga,24,1998,0,,,,,0,,0,0,,1,,,,,,,Matches
2461,Gabriel Osho,ng NGA,DF,Luton Town,eng Premier League,24,1998,21,1846,88,54.0,20.5,21,88,19,0,,1,0.81,31,47,-16,-0.78,+0.19,Matches
2462,Victor Osimhen,ng NGA,FW,Napoli,it Serie A,24,1998,25,1982,79,58.0,22.0,22,86,13,3,33,1,1.40,36,28,+8,+0.36,+0.43,Matches
2463,Milutin Osmajić,me MNE,FW,Cádiz,es La Liga,24,1999,1,5,5,0.1,0.1,0,,0,1,5,2,0.00,0,1,-1,-18.00,-17.26,Matches
2464,Detlef Osong,eng ENG,FW,Nottingham Forest,eng Premier League,18,2004,0,,,,,0,,0,0,,1,,,,,,,Matches
2465,Patrick Osterhage,de GER,MF,Bochum,de Bundesliga,23,2000,24,1861,78,60.8,20.7,21,86,15,3,18,3,1.00,22,36,-14,-0.68,+0.67,Matches
2466,William Osula,dk DEN,FW,Sheffield United,eng Premier League,19,2003,21,786,37,23.0,8.7,9,60,1,12,20,9,0.29,4,23,-19,-2.18,-0.47,Matches
2467,David Otorbi,es ESP,FW,Valencia,es La Liga,15,2007,0,,,,,0,,0,0,,5,,,,,,,Matches
2468,Dango Ouattara,bf BFA,"DF,MF",Bournemouth,eng Premier League,21,2002,30,1229,41,35.9,13.7,12,74,4,18,19,2,1.40,20,24,-4,-0.29,+0.08,Matches
2469,Kassoum Ouattara,fr FRA,"DF,MF",Monaco,fr Ligue 1,18,2004,14,636,45,20.8,7.1,7,73,2,7,18,10,1.57,10,7,+3,+0.42,-0.43,Matches
2470,Remi Oudin,fr FRA,"MF,FW",Lecce,it Serie A,26,1996,31,1819,59,53.2,20.2,21,75,2,10,25,5,0.94,12,23,-11,-0.54,+0.07,Matches
2471,Alexandre Oukidja,dz ALG,GK,Metz,fr Ligue 1,35,1988,34,2987,88,97.6,33.2,34,88,33,0,,0,0.85,34,57,-23,-0.69,-0.69,Matches
2472,Azzedine Ounahi,ma MAR,MF,Marseille,fr Ligue 1,23,2000,21,1209,58,39.5,13.4,15,75,4,6,13,6,1.38,22,16,+6,+0.45,+0.20,Matches
2473,Adam Ounas,dz ALG,MF,Lille,fr Ligue 1,26,1996,17,418,25,13.7,4.6,3,73,1,14,14,1,1.76,10,6,+4,+0.86,+0.38,Matches
2474,Patrick Ouotro,ci CIV,FW,Strasbourg,fr Ligue 1,17,2005,1,8,8,0.3,0.1,0,,0,1,8,0,0.00,0,1,-1,-11.25,-10.93,Matches
2475,Aiham Ousou,sy SYR,DF,Cádiz,es La Liga,23,2000,6,430,72,12.6,4.8,5,81,4,1,25,5,1.17,3,8,-5,-1.05,-0.32,Matches
2476,Jesús Owono,gq EQG,GK,Alavés,es La Liga,22,2001,4,360,90,10.5,4.0,4,90,4,0,,31,1.25,4,8,-4,-1.00,-0.82,Matches
2477,Mikel Oyarzabal,es ESP,"FW,MF",Real Sociedad,es La Liga,26,1997,33,2156,65,63.0,24.0,23,82,9,10,26,1,1.64,29,20,+9,+0.38,+0.16,Matches
2478,Anthony Oyono,ga GAB,"DF,MF",Frosinone,it Serie A,22,2001,16,1198,75,35.0,13.3,14,84,12,2,10,0,1.19,15,23,-8,-0.60,+0.09,Matches
2479,Salih Özcan,tr TUR,MF,Dortmund,de Bundesliga,25,1998,23,1184,51,38.7,13.2,13,78,8,10,17,9,1.91,27,21,+6,+0.46,-0.46,Matches
2480,Cenk Özkacar,tr TUR,DF,Valencia,es La Liga,22,2000,23,1598,69,46.7,17.8,18,85,15,5,14,13,1.09,11,21,-10,-0.56,-0.81,Matches
2481,David Ozoh,eng ENG,MF,Crystal Palace,eng Premier League,18,2005,9,156,17,4.6,1.7,0,,0,9,17,15,1.00,2,5,-3,-1.73,-1.79,Matches
2482,Jon Pacheco,es ESP,DF,Real Sociedad,es La Liga,22,2001,23,1526,66,44.6,17.0,16,87,14,7,20,13,1.70,19,16,+3,+0.18,-0.25,Matches
2483,Willian Pacho,ec ECU,DF,Eintracht Frankfurt,de Bundesliga,21,2001,33,2970,90,97.1,33.0,33,90,33,0,,0,1.42,51,48,+3,+0.09,+2.09,Matches
2484,Gonçalo Paciência,pt POR,FW,Bochum,de Bundesliga,28,1994,19,650,34,21.2,7.2,6,67,0,13,19,8,0.79,13,14,-1,-0.14,+1.02,Matches
2485,Gonçalo Paciência,pt POR,FW,Celta Vigo,es La Liga,28,1994,0,,,,,0,,0,0,,1,,,,,,,Matches
2486,Daniele Padelli,it ITA,GK,Udinese,it Serie A,37,1985,0,,,0.0,0.0,0,,0,0,,29,1.00,1,1,0,,,Matches
2487,Alex Padilla,es ESP,GK,Athletic Club,es La Liga,19,2003,0,,,,,0,,0,0,,2,,,,,,,Matches
2488,Simone Pafundi,it ITA,FW,Udinese,it Serie A,17,2006,1,8,8,0.2,0.1,0,,0,1,8,12,0.00,0,1,-1,-11.25,-10.85,Matches
2489,Riccardo Pagano,it ITA,MF,Roma,it Serie A,18,2004,4,51,13,1.5,0.6,0,,0,4,13,19,1.75,4,1,+3,+5.29,+4.87,Matches
2490,Pablo Pagis,fr FRA,MF,Lorient,fr Ligue 1,20,2002,3,165,55,5.4,1.8,3,55,0,0,,8,2.00,4,3,+1,+0.55,+1.29,Matches
2491,Exequiel Palacios,ar ARG,MF,Leverkusen,de Bundesliga,24,1998,24,1831,76,59.8,20.3,21,84,10,3,23,3,2.67,56,19,+37,+1.82,-0.23,Matches
2492,Isaac Palazón Camacho,es ESP,MF,Rayo Vallecano,es La Liga,28,1994,37,2791,75,81.6,31.0,34,79,12,3,31,0,1.03,27,32,-5,-0.16,+1.84,Matches
2493,Marco Palestra,it ITA,MF,Atalanta,it Serie A,18,2005,0,,,,,0,,0,0,,3,,,,,,,Matches
2494,João Palhinha,pt POR,MF,Fulham,eng Premier League,28,1995,33,2699,82,78.9,30.0,31,86,18,2,23,0,1.06,43,46,-3,-0.10,+0.27,Matches
2495,Nicolas Pallois,fr FRA,DF,Nantes,fr Ligue 1,35,1987,23,1589,69,51.9,17.7,17,84,15,6,27,11,0.96,12,30,-18,-1.02,-0.59,Matches
2496,Matteo Palma,de GER,DF,Udinese,it Serie A,15,2008,0,,,,,0,,0,0,,1,,,,,,,Matches
2497,Cole Palmer,eng ENG,"FW,MF",Manchester City,eng Premier League,21,2002,1,11,11,0.3,0.1,0,,0,1,11,2,3.00,0,0,0,0.00,-1.64,Matches
2498,Cole Palmer,eng ENG,"MF,FW",Chelsea,eng Premier League,21,2002,33,2607,79,76.2,29.0,29,86,14,4,26,0,1.70,66,46,+20,+0.69,+1.35,Matches
2499,Emerson Palmieri,it ITA,DF,West Ham United,eng Premier League,28,1994,36,3137,87,91.7,34.9,35,88,29,1,45,0,1.42,56,67,-11,-0.32,+0.64,Matches
2500,Lorenzo Palmisani,it ITA,GK,Frosinone,it Serie A,19,2004,0,,,,,0,,0,0,,7,,,,,,,Matches
2501,Yannick Pandor,km COM,GK,Lens,fr Ligue 1,22,2001,0,,,,,0,,0,0,,1,,,,,,,Matches
2502,Joaquín Panichelli,ar ARG,"MF,FW",Alavés,es La Liga,20,2002,8,226,28,6.6,2.5,2,73,0,6,13,8,1.00,3,4,-1,-0.40,-0.14,Matches
2503,Miloš Pantović,rs SRB,"FW,MF",Union Berlin,de Bundesliga,27,1996,1,15,15,0.5,0.2,0,,0,1,15,0,3.00,1,0,+1,+6.00,+6.77,Matches
2504,Antonios Papadopoulos,de GER,DF,Dortmund,de Bundesliga,23,1999,2,117,59,3.8,1.3,1,90,1,1,27,3,2.00,5,2,+3,+2.31,+1.63,Matches
2505,Christos Papadopoulos,gr GRE,MF,Genoa,it Serie A,18,2004,1,4,4,0.1,0.0,0,,0,1,4,7,1.00,0,0,0,0.00,0.00,Matches
2506,Sokratis Papastathopoulos,gr GRE,DF,Real Betis,es La Liga,35,1988,15,1136,76,33.2,12.6,12,88,11,3,27,9,1.33,16,18,-2,-0.16,-0.36,Matches
2507,Merveille Papela,de GER,MF,Mainz 05,de Bundesliga,22,2001,11,257,23,8.4,2.9,3,59,0,8,10,19,0.91,1,7,-6,-2.10,-1.91,Matches
2508,Leart Paqarada,xk KVX,DF,Köln,de Bundesliga,28,1994,17,1075,63,35.1,11.9,11,85,9,6,24,8,0.47,11,31,-20,-1.67,-1.13,Matches
2509,Lucas Paquetá,br BRA,MF,West Ham United,eng Premier League,25,1997,31,2622,85,76.7,29.1,31,85,15,0,,0,1.58,52,52,0,0.00,+1.58,Matches
2510,Victor Parada,es ESP,DF,Alavés,es La Liga,21,2002,2,3,2,0.1,0.0,0,,0,2,2,8,3.00,0,0,0,0.00,+0.26,Matches
2511,Aitor Paredes,es ESP,DF,Athletic Club,es La Liga,23,2000,34,2704,80,79.1,30.0,31,84,24,3,35,2,1.76,48,27,+21,+0.70,+0.32,Matches
2512,Kevin Paredes,us USA,"MF,DF",Wolfsburg,de Bundesliga,20,2003,28,1432,51,46.8,15.9,15,80,6,13,18,3,1.07,20,27,-7,-0.44,0.00,Matches
2513,Leandro Paredes,ar ARG,MF,Roma,it Serie A,29,1994,34,2634,77,77.0,29.3,32,81,17,2,22,0,1.65,42,34,+8,+0.27,-0.99,Matches
2514,Daniel Parejo,es ESP,MF,Villarreal,es La Liga,34,1989,33,2580,78,75.4,28.7,29,85,19,4,28,1,1.42,47,54,-7,-0.24,-0.99,Matches
2515,Fabiano Parisi,it ITA,DF,Fiorentina,it Serie A,22,2000,21,1454,69,42.5,16.2,16,86,13,5,14,16,1.38,25,20,+5,+0.31,-0.15,Matches
2516,Ben Parkinson,eng ENG,FW,Newcastle United,eng Premier League,18,2005,1,25,25,0.7,0.3,0,,0,1,25,8,0.00,0,1,-1,-3.60,-4.24,Matches
2517,Thomas Partey,gh GHA,"MF,DF",Arsenal,eng Premier League,30,1993,14,788,56,23.0,8.8,9,79,4,5,16,3,2.71,20,5,+15,+1.71,+0.11,Matches
2518,Mario Pašalić,hr CRO,MF,Atalanta,it Serie A,28,1995,34,2051,60,60.0,22.8,23,78,13,11,23,4,1.91,47,29,+18,+0.79,0.00,Matches
2519,Triantafyllos Pasaridīs,gr GRE,DF,Salernitana,it Serie A,27,1996,8,452,57,13.2,5.0,5,77,3,3,22,7,0.50,4,11,-7,-1.39,-0.12,Matches
2520,Pascu,es ESP,FW,Villarreal,es La Liga,20,2003,1,14,14,0.4,0.2,0,,0,1,14,2,0.00,2,0,+2,+12.86,+12.91,Matches
2521,Martín Pascual,es ESP,DF,Rayo Vallecano,es La Liga,23,1999,0,,,,,0,,0,0,,25,,,,,,,Matches
2522,Pietro Passador,it ITA,GK,Torino,it Serie A,20,2003,0,,,,,0,,0,0,,3,,,,,,,Matches
2523,Felix Passlack,de GER,"DF,MF",Bochum,de Bundesliga,25,1998,15,960,64,31.4,10.7,13,72,3,2,11,11,0.93,14,23,-9,-0.84,+0.14,Matches
2524,Nicola Patanè,it ITA,MF,Hellas Verona,it Serie A,19,2004,0,,,,,0,,0,0,,5,,,,,,,Matches
2525,Mathieu Patouillet,fr FRA,GK,Lyon,fr Ligue 1,19,2004,0,,,,,0,,0,0,,3,,,,,,,Matches
2526,Patric,es ESP,DF,Lazio,it Serie A,30,1993,20,1608,80,47.0,17.9,19,82,17,1,45,8,1.85,25,12,+13,+0.73,+0.88,Matches
2527,Rui Patrício,pt POR,GK,Roma,it Serie A,35,1988,23,2070,90,60.5,23.0,23,90,23,0,,15,1.65,41,27,+14,+0.61,+0.28,Matches
2528,Nathan Patterson,sct SCO,DF,Everton,eng Premier League,21,2001,20,1005,50,29.4,11.2,9,87,8,11,20,12,1.05,12,21,-9,-0.81,-0.73,Matches
2529,Raul Paula,de GER,MF,Stuttgart,de Bundesliga,19,2004,0,,,,,0,,0,0,,4,,,,,,,Matches
2530,Gabriel Paulista,br BRA,DF,Atlético Madrid,es La Liga,32,1990,5,405,81,11.8,4.5,5,81,4,0,,9,0.80,4,7,-3,-0.67,-1.56,Matches
2531,Gabriel Paulista,br BRA,DF,Valencia,es La Liga,32,1990,18,1398,78,40.9,15.5,16,85,12,2,19,0,1.50,17,19,-2,-0.13,0.00,Matches
2532,Benjamin Pavard,fr FRA,DF,Bayern Munich,de Bundesliga,27,1996,0,,,,,0,,0,0,,1,,,,,,,Matches
2533,Benjamin Pavard,fr FRA,DF,Inter,it Serie A,27,1996,23,1672,73,48.9,18.6,21,79,13,2,4,8,2.52,37,11,+26,+1.40,-0.71,Matches
2534,Jiří Pavlenka,cz CZE,GK,Werder Bremen,de Bundesliga,31,1992,7,630,90,20.6,7.0,7,90,7,0,,17,0.86,12,17,-5,-0.71,-0.68,Matches
2535,Aleksandar Pavlovic,de GER,MF,Bayern Munich,de Bundesliga,19,2004,19,1227,65,40.1,13.6,14,79,7,5,25,6,2.42,35,16,+19,+1.39,-0.08,Matches
2536,Leonardo Pavoletti,it ITA,FW,Cagliari,it Serie A,34,1988,19,628,33,18.4,7.0,5,72,2,14,19,9,0.79,9,11,-2,-0.29,+0.49,Matches
2537,Martín Payero,ar ARG,MF,Udinese,it Serie A,24,1998,29,1796,62,52.5,20.0,21,77,9,8,21,4,0.97,24,29,-5,-0.25,+0.36,Matches
2538,Nicolás Paz,ar ARG,MF,Real Madrid,es La Liga,18,2004,4,23,6,0.7,0.3,0,,0,4,6,8,2.50,1,1,0,0.00,-1.62,Matches
2539,Yeferson Paz,co COL,DF,Sassuolo,it Serie A,21,2002,0,,,,,0,,0,0,,2,,,,,,,Matches
2540,Myles Peart-Harris,eng ENG,MF,Brentford,eng Premier League,20,2002,3,13,4,0.4,0.1,0,,0,3,4,6,1.00,0,0,0,0.00,+0.24,Matches
2541,Sydie Peck,eng ENG,MF,Sheffield United,eng Premier League,18,2004,1,10,10,0.3,0.1,0,,0,1,10,1,3.00,0,0,0,0.00,+1.82,Matches
2542,Kristian Pedersen,dk DEN,"DF,MF",Köln,de Bundesliga,28,1994,0,,,,,0,,0,0,,1,,,,,,,Matches
2543,Mads Pedersen,dk DEN,"DF,MF",Augsburg,de Bundesliga,26,1996,27,1786,66,58.4,19.8,19,83,14,8,25,3,0.96,29,43,-14,-0.71,-0.99,Matches
2544,Marcus Pedersen,no NOR,DF,Sassuolo,it Serie A,23,2000,28,1613,58,47.2,17.9,16,86,14,12,20,5,0.82,14,40,-26,-1.45,-1.15,Matches
2545,Alfonso Pedraza,es ESP,DF,Villarreal,es La Liga,27,1996,19,1116,59,32.6,12.4,14,68,6,5,33,0,1.00,17,27,-10,-0.81,-1.20,Matches
2546,Pedri,es ESP,"MF,FW",Barcelona,es La Liga,20,2002,24,1476,62,43.2,16.4,16,78,3,8,29,0,2.08,32,21,+11,+0.67,-0.44,Matches
2547,Pedro,es ESP,FW,Lazio,it Serie A,36,1987,33,816,25,23.9,9.1,5,59,0,28,19,4,1.64,12,9,+3,+0.33,+0.09,Matches
2548,Adrià Pedrosa,es ESP,"DF,MF",Sevilla,es La Liga,25,1998,31,1753,57,51.3,19.5,15,87,9,16,28,4,1.03,25,31,-6,-0.31,-0.31,Matches
2549,Jordan Pefok,us USA,FW,Gladbach,de Bundesliga,27,1996,25,1420,57,46.4,15.8,18,74,6,7,14,1,1.00,27,31,-4,-0.25,+0.13,Matches
2550,Jordan Pefok,us USA,FW,Union Berlin,de Bundesliga,27,1996,1,27,27,0.9,0.3,0,,0,1,27,1,3.00,1,0,+1,+3.33,+4.10,Matches
2551,Gianluca Pegolo,it ITA,GK,Sassuolo,it Serie A,42,1981,0,,,,,0,,0,0,,37,,,,,,,Matches
2552,Dženan Pejčinović,de GER,FW,Wolfsburg,de Bundesliga,18,2005,4,37,9,1.2,0.4,0,,0,4,9,4,0.75,0,0,0,0.00,+0.45,Matches
2553,David Pejičić,si SVN,MF,Udinese,it Serie A,16,2007,0,,,,,0,,0,0,,6,,,,,,,Matches
2554,Pejiño,es ESP,"MF,FW",Las Palmas,es La Liga,27,1996,17,504,30,14.7,5.6,6,60,0,11,13,15,0.76,4,5,-1,-0.18,+0.22,Matches
2555,Pietro Pellegri,it ITA,"FW,MF",Torino,it Serie A,22,2001,24,756,32,22.1,8.4,7,65,0,17,18,7,1.42,9,12,-3,-0.36,-0.46,Matches
2556,Lorenzo Pellegrini,it ITA,MF,Roma,it Serie A,27,1996,29,1859,64,54.4,20.7,20,79,7,9,30,2,1.62,38,28,+10,+0.48,-0.03,Matches
2557,Luca Pellegrini,it ITA,"DF,MF",Lazio,it Serie A,24,1999,19,786,41,23.0,8.7,8,64,1,11,25,16,1.21,9,8,+1,+0.11,-0.19,Matches
2558,Marco Pellegrino,ar ARG,DF,Salernitana,it Serie A,21,2002,10,545,55,15.9,6.1,5,85,4,5,24,6,0.40,4,17,-13,-2.15,-1.02,Matches
2559,Marco Pellegrino,ar ARG,DF,Milan,it Serie A,21,2002,1,68,68,2.0,0.8,0,,0,1,68,9,1.00,2,2,0,0.00,-0.72,Matches
2560,Facundo Pellistri,uy URU,MF,Manchester Utd,eng Premier League,21,2001,9,172,19,5.0,1.9,1,60,0,8,14,11,1.11,2,2,0,0.00,+0.03,Matches
2561,Facundo Pellistri,uy URU,"MF,FW",Granada,es La Liga,21,2001,15,1232,82,36.0,13.7,14,85,6,1,45,0,0.60,13,31,-18,-1.31,-0.37,Matches
2562,Andy Pelmard,mg MAD,DF,Clermont Foot,fr Ligue 1,23,2000,34,2989,88,97.7,33.2,33,90,33,1,19,0,0.74,26,57,-31,-0.93,+2.87,Matches
2563,Aurélien Pelon,fr FRA,DF,Lorient,fr Ligue 1,19,2004,1,90,90,2.9,1.0,1,90,1,0,,1,0.00,0,3,-3,-3.00,-2.39,Matches
2564,Faris Pemi Moumbagna,cm CMR,FW,Marseille,fr Ligue 1,23,2000,13,547,42,17.9,6.1,5,70,1,8,25,1,1.15,10,9,+1,+0.16,-0.19,Matches
2565,Iñaki Peña,es ESP,GK,Barcelona,es La Liga,24,1999,10,900,90,26.3,10.0,10,90,10,0,,25,2.00,21,17,+4,+0.40,-0.71,Matches
2566,Marcos Peña,es ESP,MF,Almería,es La Liga,18,2005,7,441,63,12.9,4.9,4,82,3,3,38,5,0.86,4,7,-3,-0.61,+0.26,Matches
2567,Rubén Peña,es ESP,"DF,MF",Osasuna,es La Liga,32,1991,29,2088,72,61.1,23.2,26,78,7,3,18,2,1.34,26,33,-7,-0.30,-0.03,Matches
2568,Philipp Pentke,de GER,GK,Köln,de Bundesliga,38,1985,0,,,0.0,0.0,0,,0,0,,24,1.00,1,1,0,,,Matches
2569,Pepín,gq EQG,MF,Monza,it Serie A,26,1996,10,241,24,7.0,2.7,2,45,0,8,19,16,1.20,2,2,0,0.00,+0.34,Matches
2570,Alberto Perea,es ESP,"FW,MF",Granada,es La Liga,32,1990,2,2,1,0.1,0.0,0,,0,2,1,12,1.50,0,0,0,0.00,+1.08,Matches
2571,Andreas Pereira,br BRA,MF,Fulham,eng Premier League,27,1996,37,2613,71,76.4,29.0,34,74,5,3,28,1,1.19,39,40,-1,-0.03,+0.52,Matches
2572,Danilo Pereira,pt POR,DF,Paris Saint-Germain,fr Ligue 1,31,1991,26,1995,77,65.2,22.2,22,88,20,4,13,5,2.08,49,25,+24,+1.08,-0.95,Matches
2573,Mathias Pereira Lage,pt POR,"MF,FW",Brest,fr Ligue 1,26,1996,30,1187,40,38.8,13.2,12,73,0,18,18,1,1.77,18,9,+9,+0.68,+0.20,Matches
2574,Pedro Pereira,pt POR,"MF,DF",Monza,it Serie A,25,1998,23,841,37,24.6,9.3,9,65,2,14,18,15,1.04,8,17,-9,-0.96,-0.86,Matches
2575,Gastón Pereiro,uy URU,"FW,MF",Cagliari,it Serie A,28,1995,0,,,,,0,,0,0,,13,,,,,,,Matches
2576,Daniel Peretz,il ISR,GK,Bayern Munich,de Bundesliga,23,2000,1,17,17,0.6,0.2,0,,0,1,17,13,3.00,0,0,0,0.00,-1.45,Matches
2577,Roberto Pereyra,ar ARG,"FW,MF",Udinese,it Serie A,32,1991,27,1858,69,54.3,20.6,22,80,13,5,20,4,0.93,25,30,-5,-0.24,+0.39,Matches
2578,Ayoze Pérez,es ESP,"MF,FW",Real Betis,es La Liga,30,1993,31,2294,74,67.1,25.5,29,78,12,2,22,1,1.45,28,28,0,0.00,-0.24,Matches
2579,Carles Pérez,es ESP,MF,Celta Vigo,es La Liga,25,1998,16,772,48,22.6,8.6,7,69,0,9,32,13,1.38,13,12,+1,+0.12,+0.52,Matches
2580,Francisco Perez,es ESP,MF,Valencia,es La Liga,20,2002,32,2049,64,59.9,22.8,27,70,2,5,30,0,1.47,24,16,+8,+0.35,+1.20,Matches
2581,Kike Pérez,es ESP,"MF,FW",Rayo Vallecano,es La Liga,26,1997,24,835,35,24.4,9.3,9,59,0,15,20,8,0.92,6,14,-8,-0.86,-0.48,Matches
2582,Nehuén Pérez,ar ARG,DF,Udinese,it Serie A,23,2000,36,3238,90,94.7,36.0,36,90,34,0,,0,1.00,36,49,-13,-0.36,+1.12,Matches
2583,Matteo Perez Vinlöf,se SWE,DF,Bayern Munich,de Bundesliga,17,2005,1,16,16,0.5,0.2,0,,0,1,16,1,3.00,0,0,0,0.00,-1.45,Matches
2584,Simone Perilli,it ITA,GK,Hellas Verona,it Serie A,28,1995,1,90,90,2.6,1.0,1,90,1,0,,37,1.00,2,2,0,0.00,+0.35,Matches
2585,Mattia Perin,it ITA,GK,Juventus,it Serie A,30,1992,3,225,75,6.6,2.5,3,75,2,0,,30,2.33,5,1,+4,+1.60,+1.06,Matches
2586,Samuele Perisan,it ITA,GK,Empoli,it Serie A,25,1997,1,90,90,2.6,1.0,1,90,1,0,,37,0.00,0,2,-2,-2.00,-1.38,Matches
2587,Ivan Perišić,hr CRO,"FW,MF",Tottenham Hotspur,eng Premier League,34,1989,5,103,21,3.0,1.1,0,,0,5,21,0,2.60,4,1,+3,+2.62,+2.35,Matches
2588,Romain Perraud,fr FRA,DF,Nice,fr Ligue 1,25,1997,19,370,19,12.1,4.1,2,75,1,17,13,10,2.00,7,6,+1,+0.24,-0.09,Matches
2589,Lucas Perri,br BRA,GK,Lyon,fr Ligue 1,25,1997,0,,,,,0,,0,0,,16,,,,,,,Matches
2590,Lucas Perrin,fr FRA,DF,Strasbourg,fr Ligue 1,24,1998,31,2723,88,89.0,30.3,30,90,29,1,24,3,1.06,33,44,-11,-0.36,-0.10,Matches
2591,Máximo Perrone,ar ARG,MF,Las Palmas,es La Liga,20,2003,29,1623,56,47.5,18.0,20,72,5,9,21,4,1.21,17,27,-10,-0.55,-0.35,Matches
2592,Máximo Perrone,ar ARG,MF,Manchester City,eng Premier League,20,2003,0,,,,,0,,0,0,,1,,,,,,,Matches
2593,Pavao Pervan,at AUT,GK,Wolfsburg,de Bundesliga,35,1987,9,810,90,26.5,9.0,9,90,9,0,,25,0.78,10,17,-7,-0.78,-0.46,Matches
2594,Matteo Pessina,it ITA,MF,Monza,it Serie A,26,1997,37,3222,87,94.2,35.8,37,87,30,0,,0,1.22,36,44,-8,-0.22,+1.59,Matches
2595,Andrea Petagna,it ITA,FW,Monza,it Serie A,28,1995,0,,,,,0,,0,0,,2,,,,,,,Matches
2596,Andrea Petagna,it ITA,FW,Cagliari,it Serie A,28,1995,18,995,55,29.1,11.1,13,72,4,5,12,10,0.72,12,20,-8,-0.72,-0.06,Matches
2597,Denis Petrić,rs SRB,GK,Nantes,fr Ligue 1,35,1988,1,24,24,0.8,0.3,0,,0,1,24,15,0.00,0,1,-1,-3.75,-3.04,Matches
2598,Njegoš Petrović,rs SRB,MF,Granada,es La Liga,24,1999,10,157,16,4.6,1.7,0,,0,10,16,10,0.60,0,3,-3,-1.72,-0.67,Matches
2599,Đorđe Petrović,rs SRB,GK,Chelsea,eng Premier League,23,1999,23,1987,86,58.1,22.1,22,90,22,1,7,12,1.91,51,38,+13,+0.59,+0.53,Matches
2600,Jens Petter Hauge,no NOR,"DF,FW",Eintracht Frankfurt,de Bundesliga,23,1999,10,147,15,4.8,1.6,0,,0,10,15,4,1.60,5,2,+3,+1.84,+1.90,Matches
2601,Cameron Peupion,au AUS,MF,Brighton,eng Premier League,20,2002,0,,,,,0,,0,0,,6,,,,,,,Matches
2602,Germán Pezzella,ar ARG,DF,Real Betis,es La Liga,32,1991,32,2767,86,80.9,30.7,32,86,28,0,,1,1.63,41,31,+10,+0.33,+1.29,Matches
2603,Giuseppe Pezzella,it ITA,"MF,DF",Empoli,it Serie A,25,1997,19,1085,57,31.7,12.1,14,72,5,5,15,4,0.79,4,17,-13,-1.08,-0.62,Matches
2604,Luca Pfeiffer,de GER,"FW,MF",Darmstadt 98,de Bundesliga,26,1996,24,1619,67,52.9,18.0,20,77,9,4,20,6,0.46,20,37,-17,-0.95,+1.49,Matches
2605,Patric Pfeiffer,gh GHA,DF,Augsburg,de Bundesliga,23,1999,11,511,46,16.7,5.7,4,81,2,7,27,11,0.64,3,14,-11,-1.94,-1.97,Matches
2606,Luca Philipp,de GER,GK,Hoffenheim,de Bundesliga,22,2000,0,,,0.0,0.0,0,,0,0,,26,0.00,2,3,-1,,,Matches
2607,Maximilian Philipp,de GER,FW,Freiburg,de Bundesliga,29,1994,17,323,19,10.6,3.6,1,72,0,16,16,7,0.88,7,7,0,0.00,+0.43,Matches
2608,Ashley Phillips,wls WAL,DF,Tottenham Hotspur,eng Premier League,18,2005,0,,,,,0,,0,0,,7,,,,,,,Matches
2609,Kalvin Phillips,eng ENG,MF,West Ham United,eng Premier League,27,1995,8,309,39,9.0,3.4,3,61,0,5,25,4,0.63,5,10,-5,-1.46,-1.20,Matches
2610,Kalvin Phillips,eng ENG,"DF,MF",Manchester City,eng Premier League,27,1995,4,93,23,2.7,1.0,0,,0,4,23,16,2.25,3,2,+1,+0.97,-0.68,Matches
2611,Jaden Philogene Bidace,eng ENG,"FW,MF",Aston Villa,eng Premier League,21,2002,1,4,4,0.1,0.0,0,,0,1,4,0,0.00,0,1,-1,-22.50,-22.92,Matches
2612,Edoardo Piana,it ITA,GK,Udinese,it Serie A,19,2003,0,,,,,0,,0,0,,2,,,,,,,Matches
2613,Kamil Piątkowski,pl POL,DF,Granada,es La Liga,23,2000,9,505,56,14.8,5.6,6,74,4,3,21,8,0.56,3,15,-12,-2.14,-1.24,Matches
2614,Roberto Piccoli,it ITA,FW,Empoli,it Serie A,22,2001,2,39,20,1.1,0.4,0,,0,2,20,0,0.00,0,1,-1,-2.31,-1.67,Matches
2615,Roberto Piccoli,it ITA,FW,Lecce,it Serie A,22,2001,35,1378,39,40.3,15.3,12,75,4,23,21,0,0.97,16,21,-5,-0.33,+0.42,Matches
2616,Florian Pick,de GER,MF,Heidenheim,de Bundesliga,27,1995,22,327,15,10.7,3.6,1,90,1,21,11,12,1.14,2,8,-6,-1.65,-1.68,Matches
2617,Jordan Pickford,eng ENG,GK,Everton,eng Premier League,29,1994,38,3420,90,100.0,38.0,38,90,38,0,,0,1.26,40,51,-11,-0.29,,Matches
2618,Amos Pieper,de GER,DF,Werder Bremen,de Bundesliga,25,1998,7,590,84,19.3,6.6,7,84,6,0,,5,1.00,10,14,-4,-0.61,-0.54,Matches
2619,Marvin Pieringer,de GER,"FW,MF",Heidenheim,de Bundesliga,23,1999,31,1513,49,49.4,16.8,18,67,1,13,24,0,1.23,27,22,+5,+0.30,+0.88,Matches
2620,Santiago Pierotti,ar ARG,"FW,MF",Lecce,it Serie A,22,2001,11,200,18,5.8,2.2,0,,0,11,18,7,0.82,2,4,-2,-0.90,-0.34,Matches
2621,Niccolò Pierozzi,it ITA,"DF,MF",Fiorentina,it Serie A,21,2001,0,,,,,0,,0,0,,9,,,,,,,Matches
2622,Niccolò Pierozzi,it ITA,DF,Salernitana,it Serie A,21,2001,12,871,73,25.5,9.7,11,77,6,1,25,1,0.33,8,20,-12,-1.24,+0.07,Matches
2623,Alexandre Pierre,ht HAI,GK,Strasbourg,fr Ligue 1,22,2001,0,,,,,0,,0,0,,15,,,,,,,Matches
2624,Ronaël Pierre-Gabriel,fr FRA,"DF,MF",Nantes,fr Ligue 1,25,1998,12,598,50,19.5,6.6,6,85,4,6,15,3,1.25,8,12,-4,-0.60,+0.17,Matches
2625,Axel Piesold,eng ENG,MF,Luton Town,eng Premier League,18,2005,0,,,,,0,,0,0,,9,,,,,,,Matches
2626,Andrea Pinamonti,it ITA,FW,Sassuolo,it Serie A,24,1999,38,3076,81,89.9,34.2,37,83,13,1,8,0,0.79,40,63,-23,-0.67,+1.68,Matches
2627,Diego Piñeiro,es ESP,GK,Real Madrid,es La Liga,19,2004,0,,,,,0,,0,0,,14,,,,,,,Matches
2628,Ethan Pinnock,jm JAM,DF,Brentford,eng Premier League,30,1993,29,2521,87,73.7,28.0,28,90,28,1,1,0,1.21,44,46,-2,-0.07,+0.63,Matches
2629,Yeremi Pino,es ESP,"MF,FW",Villarreal,es La Liga,20,2002,7,475,68,13.9,5.3,7,68,1,0,,1,0.71,6,8,-2,-0.38,-0.44,Matches
2630,Carlo Pinsoglio,it ITA,GK,Juventus,it Serie A,33,1990,1,45,45,1.3,0.5,0,,0,1,45,37,3.00,0,0,0,0.00,-0.61,Matches
2631,Lorenzo Pirola,it ITA,DF,Salernitana,it Serie A,21,2002,27,1987,74,58.1,22.1,24,79,16,3,27,1,0.44,17,49,-32,-1.45,-0.38,Matches
2632,Niccolò Pisilli,it ITA,MF,Roma,it Serie A,18,2004,1,10,10,0.3,0.1,0,,0,1,10,22,0.00,0,0,0,0.00,-0.50,Matches
2633,Marcelo Pitaluga,br BRA,GK,Liverpool,eng Premier League,20,2002,0,,,,,0,,0,0,,1,,,,,,,Matches
2634,Tommaso Pittino,it ITA,DF,Genoa,it Serie A,18,2005,0,,,,,0,,0,0,,7,,,,,,,Matches
2635,Luke Plange,eng ENG,FW,Crystal Palace,eng Premier League,20,2002,0,,,,,0,,0,0,,3,,,,,,,Matches
2636,Aurélien Platret,fr FRA,FW,Monaco,fr Ligue 1,20,2003,0,,,,,0,,0,0,,5,,,,,,,Matches
2637,Alassane Pléa,fr FRA,"FW,MF",Gladbach,de Bundesliga,30,1993,27,1913,71,62.5,21.3,24,75,5,3,34,0,1.00,37,41,-4,-0.19,+0.36,Matches
2638,Xavi Pleguezuelo,es ESP,DF,Real Betis,es La Liga,20,2003,0,,,,,0,,0,0,,7,,,,,,,Matches
2639,Tommaso Pobega,it ITA,"MF,DF",Milan,it Serie A,24,1999,11,319,29,9.3,3.5,3,61,1,8,17,9,2.55,7,4,+3,+0.85,+0.15,Matches
2640,Paul Pogba,fr FRA,MF,Juventus,it Serie A,30,1993,2,54,27,1.6,0.6,0,,0,2,27,1,2.00,2,0,+2,+3.33,+2.77,Matches
2641,Ole Pohlmann,de GER,"FW,MF",Dortmund,de Bundesliga,22,2001,2,54,27,1.8,0.6,0,,0,2,27,3,0.50,0,0,0,0.00,-0.75,Matches
2642,Matteo Politano,it ITA,FW,Napoli,it Serie A,29,1993,37,2360,64,69.0,26.2,31,70,1,6,34,0,1.41,38,34,+4,+0.15,-0.10,Matches
2643,Sebastian Polter,de GER,FW,Darmstadt 98,de Bundesliga,32,1991,9,446,50,14.6,5.0,4,80,1,5,26,0,0.33,4,12,-8,-1.61,+0.04,Matches
2644,Julien Ponceau,fr FRA,MF,Lorient,fr Ligue 1,22,2000,32,2244,70,73.3,24.9,27,79,12,5,23,2,0.81,29,52,-23,-0.92,-0.92,Matches
2645,Marin Pongračić,hr CRO,DF,Lecce,it Serie A,25,1997,36,3219,89,94.1,35.8,36,89,35,0,,0,1.06,32,48,-16,-0.45,+2.24,Matches
2646,Mihai Popa,ro ROU,GK,Torino,it Serie A,22,2000,0,,,,,0,,0,0,,33,,,,,,,Matches
2647,Nick Pope,eng ENG,GK,Newcastle United,eng Premier League,31,1992,15,1345,90,39.3,14.9,15,90,14,0,,3,1.93,36,16,+20,+1.34,+1.21,Matches
2648,Matija Popović,rs SRB,MF,Monza,it Serie A,17,2006,0,,,,,0,,0,0,,3,,,,,,,Matches
2649,Pedro Porro,es ESP,DF,Tottenham Hotspur,eng Premier League,23,1999,35,3089,88,90.3,34.3,35,88,31,0,,1,1.77,66,54,+12,+0.35,+0.08,Matches
2650,Portu,es ESP,"FW,MF",Getafe,es La Liga,31,1992,3,97,32,2.8,1.1,0,,0,3,32,0,1.33,1,1,0,0.00,+0.33,Matches
2651,Portu,es ESP,"MF,FW",Girona,es La Liga,31,1992,33,1188,36,34.7,13.2,11,68,1,22,20,2,2.12,33,15,+18,+1.36,+0.52,Matches
2652,Stefan Posch,at AUT,DF,Bologna,it Serie A,26,1997,31,2409,78,70.4,26.8,29,80,18,2,38,1,1.81,36,24,+12,+0.45,-0.44,Matches
2653,Dan Potts,eng ENG,DF,Luton Town,eng Premier League,29,1994,0,,,,,0,,0,0,,4,,,,,,,Matches
2654,Tom Pouilly,fr FRA,DF,Lens,fr Ligue 1,20,2003,0,,,,,0,,0,0,,4,,,,,,,Matches
2655,Yussuf Poulsen,dk DEN,FW,RB Leipzig,de Bundesliga,29,1994,28,1217,43,39.8,13.5,12,75,2,16,20,3,1.75,34,15,+19,+1.41,+0.48,Matches
2656,José Pozo,es ESP,"FW,MF",Rayo Vallecano,es La Liga,27,1996,2,19,10,0.6,0.2,0,,0,2,10,29,1.00,0,0,0,0.00,+0.50,Matches
2657,Alejandro Pozo Pozo,es ESP,"DF,MF",Almería,es La Liga,24,1999,21,976,46,28.5,10.8,9,82,4,12,20,15,0.43,8,24,-16,-1.48,-0.89,Matches
2658,Beñat Prados,es ESP,MF,Athletic Club,es La Liga,22,2001,26,1449,56,42.4,16.1,16,79,5,10,19,12,1.65,26,15,+11,+0.68,+0.09,Matches
2659,Matteo Prati,it ITA,MF,Cagliari,it Serie A,19,2003,26,1972,76,57.7,21.9,19,87,14,7,46,12,0.88,25,44,-19,-0.87,-0.43,Matches
2660,Abdón Prats,es ESP,FW,Mallorca,es La Liga,30,1992,34,1270,37,37.1,14.1,11,68,3,23,23,4,1.03,16,15,+1,+0.07,+0.57,Matches
2661,Sanjin Prcić,ba BIH,MF,Strasbourg,fr Ligue 1,29,1993,3,88,29,2.9,1.0,1,80,0,2,4,4,2.00,2,0,+2,+2.05,+2.47,Matches
2662,Pau Prim,es ESP,MF,Barcelona,es La Liga,17,2006,0,,,,,0,,0,0,,1,,,,,,,Matches
2663,Sam Proctor,eng ENG,GK,Aston Villa,eng Premier League,16,2006,0,,,,,0,,0,0,,3,,,,,,,Matches
2664,Grischa Prömel,de GER,MF,Hoffenheim,de Bundesliga,28,1995,28,2139,76,69.9,23.8,27,78,15,1,33,0,1.43,45,44,+1,+0.04,+0.14,Matches
2665,Killian Prouchet,fr FRA,DF,Reims,fr Ligue 1,18,2005,0,,,,,0,,0,0,,10,,,,,,,Matches
2666,Ivan Provedel,it ITA,GK,Lazio,it Serie A,29,1994,30,2699,90,78.9,30.0,30,90,29,0,,2,1.40,35,33,+2,+0.07,-0.93,Matches
2667,Marc Pubill,es ESP,DF,Almería,es La Liga,20,2003,23,1883,82,55.1,20.9,22,84,15,1,25,1,0.70,26,36,-10,-0.48,+0.81,Matches
2668,Gustavo Puerta,co COL,MF,Leverkusen,de Bundesliga,20,2003,7,46,7,1.5,0.5,0,,0,7,7,21,3.00,4,0,+4,+7.83,+6.00,Matches
2669,Antonio Puertas,es ESP,"MF,FW",Granada,es La Liga,31,1992,27,730,27,21.3,8.1,6,74,1,21,14,5,0.39,14,23,-9,-1.11,-0.04,Matches
2670,Arnau Puigmal,es ESP,"MF,DF",Almería,es La Liga,22,2001,11,255,23,7.5,2.8,3,58,0,8,10,8,0.27,4,4,0,0.00,+0.91,Matches
2671,Edgar Pujol,do DOM,DF,Real Madrid,es La Liga,18,2004,0,,,,,0,,0,0,,1,,,,,,,Matches
2672,Christian Pulisic,us USA,"MF,FW",Milan,it Serie A,24,1998,36,2602,72,76.1,28.9,32,77,11,4,34,0,2.06,62,31,+31,+1.07,+1.51,Matches
2673,George Pușcaș,ro ROU,FW,Genoa,it Serie A,27,1996,8,191,24,5.6,2.1,1,90,1,7,14,11,0.63,1,5,-4,-1.88,-2.00,Matches
2674,Jarell Quansah,eng ENG,DF,Liverpool,eng Premier League,20,2003,17,1190,70,34.8,13.2,13,87,10,4,16,17,2.35,31,16,+15,+1.13,-0.08,Matches
2675,Joshua Quarshie,de GER,DF,Hoffenheim,de Bundesliga,19,2004,0,,,,,0,,0,0,,1,,,,,,,Matches
2676,Alex Quevedo,es ESP,GK,Mallorca,es La Liga,19,2004,0,,,,,0,,0,0,,1,,,,,,,Matches
2677,Domingos Quina,pt POR,MF,Udinese,it Serie A,23,1999,2,13,7,0.4,0.1,0,,0,2,7,15,1.00,0,0,0,0.00,+0.42,Matches
2678,Rubén Quintanilla,es ESP,MF,Mallorca,es La Liga,21,2002,0,,,,,0,,0,0,,8,,,,,,,Matches
2679,Adrien Rabiot,fr FRA,MF,Juventus,it Serie A,28,1995,31,2651,86,77.5,29.5,30,87,28,1,33,0,1.90,37,24,+13,+0.44,-0.73,Matches
2680,Uroš Račić,rs SRB,MF,Sassuolo,it Serie A,25,1998,22,820,37,24.0,9.1,8,69,1,14,19,10,0.73,5,21,-16,-1.76,-1.20,Matches
2681,Nemanja Radonjić,rs SRB,MF,Torino,it Serie A,27,1996,10,374,37,10.9,4.2,4,61,0,6,22,6,1.40,6,5,+1,+0.24,+0.27,Matches
2682,Nemanja Radonjić,rs SRB,MF,Mallorca,es La Liga,27,1996,11,353,32,10.3,3.9,4,58,0,7,18,4,1.18,4,1,+3,+0.76,+1.18,Matches
2683,Aleksandar Radovanović,rs SRB,DF,Almería,es La Liga,29,1993,9,569,63,16.6,6.3,8,70,4,1,9,3,1.22,10,10,0,0.00,+1.01,Matches
2684,Ionuț Radu,ro ROU,GK,Bournemouth,eng Premier League,26,1997,2,180,90,5.3,2.0,2,90,2,0,,11,1.50,3,7,-4,-2.00,-1.75,Matches
2685,Boris Radunović,rs SRB,GK,Cagliari,it Serie A,27,1996,7,630,90,18.4,7.0,7,90,7,0,,31,0.29,2,12,-10,-1.43,-0.91,Matches
2686,Rafa,es ESP,GK,Sevilla,es La Liga,19,2003,0,,,,,0,,0,0,,4,,,,,,,Matches
2687,Hamza Rafia,tn TUN,MF,Lecce,it Serie A,24,1999,28,1204,43,35.2,13.4,17,60,0,11,16,7,0.93,10,21,-11,-0.82,-0.38,Matches
2688,Abdellah Raihani,ma MAR,FW,Atlético Madrid,es La Liga,19,2004,1,10,10,0.3,0.1,0,,0,1,10,0,0.00,0,1,-1,-9.00,-9.74,Matches
2689,Antonio Raillo,es ESP,DF,Mallorca,es La Liga,31,1991,26,2195,84,64.2,24.4,25,86,22,1,45,3,1.15,21,25,-4,-0.16,+0.35,Matches
2690,Luca Raimund,de GER,MF,Stuttgart,de Bundesliga,18,2005,3,30,10,1.0,0.3,0,,0,3,10,8,1.00,1,2,-1,-3.00,-4.19,Matches
2691,Predrag Rajković,rs SRB,GK,Mallorca,es La Liga,27,1995,36,3240,90,94.7,36.0,36,90,36,0,,2,1.00,31,43,-12,-0.33,-0.83,Matches
2692,Jesurun Rak Sakyi,eng ENG,"FW,MF",Crystal Palace,eng Premier League,20,2002,6,136,23,4.0,1.5,0,,0,6,23,7,0.33,1,3,-2,-1.32,-1.35,Matches
2693,Ivan Rakitić,hr CRO,MF,Sevilla,es La Liga,35,1988,18,1425,79,41.7,15.8,16,83,13,2,52,2,0.56,14,23,-9,-0.57,-0.70,Matches
2694,Ylber Ramadani,al ALB,MF,Lecce,it Serie A,27,1996,34,2970,87,86.8,33.0,34,87,27,0,,0,0.88,21,49,-28,-0.85,-2.05,Matches
2695,Largie Ramazani,be BEL,"MF,FW",Almería,es La Liga,22,2001,29,1555,54,45.5,17.3,16,75,4,13,28,2,0.41,21,34,-13,-0.75,+0.16,Matches
2696,Benito Ramírez,es ESP,MF,Las Palmas,es La Liga,28,1995,20,384,19,11.2,4.3,2,60,0,18,15,10,1.00,3,7,-4,-0.94,-0.64,Matches
2697,Sandro Ramírez,es ESP,"FW,MF",Las Palmas,es La Liga,28,1995,27,1808,67,52.9,20.1,21,79,4,6,26,3,0.74,15,25,-10,-0.50,-0.27,Matches
2698,Jacobo Ramón,es ESP,DF,Real Madrid,es La Liga,18,2005,0,,,,,0,,0,0,,3,,,,,,,Matches
2699,Chris Ramos,es ESP,FW,Cádiz,es La Liga,26,1997,37,2612,71,76.4,29.0,30,80,10,7,32,0,0.89,22,36,-14,-0.48,+1.19,Matches
2700,Gonçalo Ramos,pt POR,FW,Paris Saint-Germain,fr Ligue 1,22,2001,29,1419,49,46.4,15.8,16,69,3,13,24,3,2.17,40,14,+26,+1.65,+0.44,Matches
2701,Sergio Ramos,es ESP,DF,Sevilla,es La Liga,37,1986,28,2517,90,73.6,28.0,28,90,27,0,,3,1.07,31,39,-8,-0.29,-0.49,Matches
2702,Théo Ramousse,fr FRA,GK,Clermont Foot,fr Ligue 1,18,2005,0,,,,,0,,0,0,,1,,,,,,,Matches
2703,Aaron Ramsdale,eng ENG,GK,Arsenal,eng Premier League,25,1998,6,540,90,15.8,6.0,6,90,6,0,,31,2.67,11,5,+6,+1.00,-0.75,Matches
2704,Aaron Ramsey,eng ENG,MF,Burnley,eng Premier League,20,2003,14,527,38,15.4,5.9,5,68,0,9,21,3,0.36,4,17,-13,-2.22,-1.47,Matches
2705,Jacob Ramsey,eng ENG,MF,Aston Villa,eng Premier League,22,2001,16,853,53,24.9,9.5,8,80,5,8,26,0,2.19,22,12,+10,+1.06,+0.88,Matches
2706,Abraham Rando,es ESP,DF,Villarreal,es La Liga,22,2001,0,,,,,0,,0,0,,1,,,,,,,Matches
2707,Darren Randolph,ie IRL,GK,Bournemouth,eng Premier League,36,1987,0,,,,,0,,0,0,,1,,,,,,,Matches
2708,Luca Ranieri,it ITA,DF,Fiorentina,it Serie A,24,1999,26,2065,79,60.4,22.9,23,87,19,3,22,10,1.69,38,28,+10,+0.44,+0.10,Matches
2709,Filippo Ranocchia,it ITA,MF,Empoli,it Serie A,22,2001,9,476,53,13.9,5.3,5,68,0,4,35,11,0.56,3,9,-6,-1.13,-0.55,Matches
2710,Grant Ranos,am ARM,FW,Gladbach,de Bundesliga,20,2003,9,49,5,1.6,0.5,0,,0,9,5,11,1.00,1,0,+1,+1.84,+2.20,Matches
2711,Raphinha,br BRA,"FW,MF",Barcelona,es La Liga,26,1996,28,1368,49,40.0,15.2,17,68,4,11,19,2,2.14,30,14,+16,+1.05,+0.22,Matches
2712,Nicolai Rapp,de GER,DF,Werder Bremen,de Bundesliga,26,1996,2,76,38,2.5,0.8,1,71,0,1,5,9,0.00,1,2,-1,-1.18,-1.03,Matches
2713,Elba Rashani,xk KVX,"MF,FW",Clermont Foot,fr Ligue 1,30,1993,24,1175,49,38.4,13.1,14,70,3,10,20,0,0.83,9,22,-13,-1.00,+0.01,Matches
2714,Marcus Rashford,eng ENG,"MF,FW",Manchester Utd,eng Premier League,25,1997,33,2271,69,66.4,25.2,26,83,12,7,17,0,1.61,36,37,-1,-0.04,-0.04,Matches
2715,Giacomo Raspadori,it ITA,FW,Napoli,it Serie A,23,2000,37,1584,43,46.3,17.6,14,74,4,23,24,0,1.41,25,18,+7,+0.40,+0.40,Matches
2716,Andrei Ratiu,ro ROU,"DF,MF",Rayo Vallecano,es La Liga,25,1998,12,630,53,18.4,7.0,6,82,3,6,24,22,0.58,2,12,-10,-1.43,-1.14,Matches
2717,Raúl,es ESP,FW,Osasuna,es La Liga,22,2000,35,1355,39,39.6,15.1,13,75,2,22,17,2,1.09,18,24,-6,-0.40,-0.18,Matches
2718,David Raum,de GER,DF,RB Leipzig,de Bundesliga,25,1998,31,2739,88,89.5,30.4,31,88,25,0,,2,1.94,69,35,+34,+1.12,0.00,Matches
2719,Federico Ravaglia,it ITA,GK,Bologna,it Serie A,23,1999,6,535,89,15.6,5.9,6,89,5,0,,32,2.17,10,3,+7,+1.18,+0.71,Matches
2720,Noah Raveyre,fr FRA,GK,Milan,it Serie A,18,2005,0,,,,,0,,0,0,,1,,,,,,,Matches
2721,David Raya,es ESP,GK,Arsenal,eng Premier League,27,1995,32,2880,90,84.2,32.0,32,90,32,0,,3,2.28,80,24,+56,+1.75,+0.75,Matches
2722,Jadan Raymond,wls WAL,MF,Crystal Palace,eng Premier League,19,2003,0,,,,,0,,0,0,,2,,,,,,,Matches
2723,Tim Ream,us USA,DF,Fulham,eng Premier League,35,1987,18,1503,84,43.9,16.7,17,87,15,1,16,13,1.22,24,29,-5,-0.30,-0.25,Matches
2724,Abde Rebbach,dz ALG,MF,Alavés,es La Liga,24,1998,23,722,31,21.1,8.0,6,64,0,17,20,15,0.70,5,6,-1,-0.12,+0.18,Matches
2725,Nathan Redmond,eng ENG,"FW,MF",Burnley,eng Premier League,29,1994,12,142,12,4.2,1.6,0,,0,12,12,3,0.58,2,5,-3,-1.90,-0.97,Matches
2726,Harrison Reed,eng ENG,MF,Fulham,eng Premier League,28,1995,27,1325,49,38.7,14.7,15,78,6,12,13,10,1.52,22,23,-1,-0.07,+0.15,Matches
2727,Sergio Reguilón,es ESP,DF,Manchester Utd,eng Premier League,26,1996,9,412,46,12.0,4.6,4,83,1,5,16,5,1.00,4,7,-3,-0.66,-0.72,Matches
2728,Sergio Reguilón,es ESP,"MF,DF",Brentford,eng Premier League,26,1996,16,1118,70,32.7,12.4,14,77,6,2,18,0,1.19,21,21,0,0.00,+0.35,Matches
2729,Tijjani Reijnders,nl NED,MF,Milan,it Serie A,25,1998,36,2820,78,82.5,31.3,33,82,21,3,36,1,1.97,67,38,+29,+0.93,+1.23,Matches
2730,Pepe Reina,es ESP,GK,Villarreal,es La Liga,40,1982,2,180,90,5.3,2.0,2,90,2,0,,29,1.80,11,5,+6,+3.00,+3.17,Matches
2731,Jeff Reine-Adélaïde,fr FRA,"FW,MF",Lyon,fr Ligue 1,25,1998,0,,,,,0,,0,0,,2,,,,,,,Matches
2732,Reinier,br BRA,"MF,FW",Frosinone,it Serie A,21,2002,22,1059,48,31.0,11.8,13,70,0,9,17,10,0.95,12,18,-6,-0.51,+0.21,Matches
2733,Rocco Reitz,de GER,MF,Gladbach,de Bundesliga,21,2002,34,2136,63,69.8,23.7,24,80,7,10,21,0,1.00,39,45,-6,-0.25,+0.23,Matches
2734,Álex Remiro,es ESP,GK,Real Sociedad,es La Liga,28,1995,37,3275,89,95.8,36.4,37,89,36,0,,0,1.62,49,36,+13,+0.36,+0.98,Matches
2735,Davide Renzetti,it ITA,GK,Lazio,it Serie A,17,2006,0,,,,,0,,0,0,,10,,,,,,,Matches
2736,Guillaume Restes,fr FRA,GK,Toulouse,fr Ligue 1,18,2005,34,3060,90,100.0,34.0,34,90,34,0,,0,1.26,42,46,-4,-0.12,,Matches
2737,Mateo Retegui,it ITA,FW,Genoa,it Serie A,24,1999,29,2216,76,64.8,24.6,26,82,14,3,27,1,1.24,32,29,+3,+0.12,+0.35,Matches
2738,Marco Reus,de GER,MF,Dortmund,de Bundesliga,34,1989,26,1601,62,52.3,17.8,18,77,2,8,28,6,1.81,37,27,+10,+0.56,-0.36,Matches
2739,Elvis Rexhbeçaj,xk KVX,MF,Augsburg,de Bundesliga,25,1997,25,1985,79,64.9,22.1,24,81,14,1,31,1,1.20,29,40,-11,-0.50,-0.58,Matches
2740,Gio Reyna,us USA,MF,Dortmund,de Bundesliga,20,2002,11,280,25,9.2,3.1,1,45,0,10,24,4,1.91,9,4,+5,+1.61,+0.96,Matches
2741,Gio Reyna,us USA,MF,Nottingham Forest,eng Premier League,20,2002,9,235,26,6.9,2.6,2,61,0,7,16,4,0.67,3,3,0,0.00,+0.51,Matches
2742,Chadi Riad,ma MAR,DF,Real Betis,es La Liga,20,2003,26,2164,83,63.3,24.0,24,87,22,2,36,7,1.46,32,30,+2,+0.08,+0.01,Matches
2743,Alexsandro Ribeiro,br BRA,DF,Lille,fr Ligue 1,23,1999,29,2220,77,72.5,24.7,24,89,22,5,16,3,1.93,38,19,+19,+0.77,+0.88,Matches
2744,Rodrigo Ribeiro,pt POR,FW,Nottingham Forest,eng Premier League,18,2005,4,17,4,0.5,0.2,0,,0,4,4,8,1.25,0,0,0,0.00,+0.48,Matches
2745,Samuele Ricci,it ITA,MF,Torino,it Serie A,21,2001,32,2395,75,70.0,26.6,28,82,19,4,24,2,1.44,27,25,+2,+0.08,+0.25,Matches
2746,Declan Rice,eng ENG,MF,Arsenal,eng Premier League,24,1999,38,3225,85,94.3,35.8,37,87,29,1,24,0,2.34,84,28,+56,+1.56,-1.21,Matches
2747,Chris Richards,us USA,"DF,MF",Crystal Palace,eng Premier League,23,2000,26,2094,81,61.2,23.3,23,90,23,3,8,9,1.46,43,38,+5,+0.21,+0.62,Matches
2748,Amir Richardson,ma MAR,MF,Reims,fr Ligue 1,21,2002,28,1352,48,44.2,15.0,14,74,2,14,22,3,1.21,14,23,-9,-0.60,-0.81,Matches
2749,Richarlison,br BRA,"FW,MF",Tottenham Hotspur,eng Premier League,26,1997,28,1491,53,43.6,16.6,18,74,6,10,15,1,1.82,36,18,+18,+1.09,+1.32,Matches
2750,Marco Richter,de GER,MF,Mainz 05,de Bundesliga,25,1997,20,717,36,23.4,8.0,7,73,1,13,16,9,0.75,3,12,-9,-1.13,-1.01,Matches
2751,Diego Rico,es ESP,DF,Getafe,es La Liga,30,1993,32,2535,79,74.1,28.2,28,86,20,4,32,0,1.13,36,42,-6,-0.21,+0.40,Matches
2752,Diego Rico,es ESP,DF,Real Sociedad,es La Liga,30,1993,0,,,,,0,,0,0,,3,,,,,,,Matches
2753,Clemens Riedel,de GER,"DF,MF",Darmstadt 98,de Bundesliga,20,2003,14,755,54,24.7,8.4,9,80,7,5,8,6,0.71,9,20,-11,-1.31,+0.45,Matches
2754,Fabian Rieder,ch SUI,MF,Rennes,fr Ligue 1,21,2002,15,365,24,11.9,4.1,2,70,0,13,17,8,0.93,8,7,+1,+0.25,+0.05,Matches
2755,Jaïro Riedewald,nl NED,MF,Crystal Palace,eng Premier League,26,1996,9,235,26,6.9,2.6,2,77,0,7,12,20,2.33,2,3,-1,-0.38,-0.38,Matches
2756,Manuel Riemann,de GER,GK,Bochum,de Bundesliga,34,1988,33,2970,90,97.1,33.0,33,90,33,0,,0,1.00,41,70,-29,-0.88,+2.12,Matches
2757,Lasse Rieß,de GER,GK,Mainz 05,de Bundesliga,22,2001,0,,,,,0,,0,0,,21,,,,,,,Matches
2758,Hugo Rincón,es ESP,"DF,MF",Athletic Club,es La Liga,20,2003,0,,,,,0,,0,0,,11,,,,,,,Matches
2759,Luis Rioja,es ESP,MF,Alavés,es La Liga,29,1993,37,2498,68,73.0,27.8,31,78,5,6,11,1,1.22,25,36,-11,-0.40,-0.49,Matches
2760,Rémy Riou,fr FRA,GK,Lyon,fr Ligue 1,35,1987,3,270,90,8.8,3.0,3,90,3,0,,10,0.33,2,6,-4,-1.33,-1.27,Matches
2761,Rodrigo Riquelme,es ESP,"MF,DF",Atlético Madrid,es La Liga,23,2000,34,1528,45,44.7,17.0,17,64,4,17,26,4,1.97,28,26,+2,+0.12,-1.07,Matches
2762,Alberto Risco,es ESP,MF,Getafe,es La Liga,17,2005,4,137,34,4.0,1.5,1,70,0,3,22,4,0.75,1,0,+1,+0.66,+1.01,Matches
2763,Mihailo Ristić,rs SRB,"DF,MF",Celta Vigo,es La Liga,27,1995,12,808,67,23.6,9.0,9,81,6,3,27,7,1.00,13,14,-1,-0.11,+0.23,Matches
2764,Matt Ritchie,sct SCO,"DF,MF",Newcastle United,eng Premier League,33,1989,13,128,10,3.7,1.4,0,,0,13,10,18,1.92,3,5,-2,-1.41,-2.09,Matches
2765,Gorka Rivera Alonso,es ESP,DF,Getafe,es La Liga,18,2004,1,3,3,0.1,0.0,0,,0,1,3,3,0.00,0,0,0,0.00,+0.32,Matches
2766,Sergi Roberto,es ESP,"MF,DF",Barcelona,es La Liga,31,1992,14,860,61,25.1,9.6,10,75,3,4,27,14,2.64,26,10,+16,+1.67,+1.01,Matches
2767,Lucas Robertone,ar ARG,MF,Almería,es La Liga,26,1997,33,2381,72,69.6,26.5,29,79,12,4,21,0,0.52,32,47,-15,-0.57,+0.91,Matches
2768,Connor Roberts,wls WAL,DF,Burnley,eng Premier League,27,1995,14,823,59,24.1,9.1,8,88,6,6,20,5,0.64,7,22,-15,-1.64,-0.88,Matches
2769,Andrew Robertson,sct SCO,DF,Liverpool,eng Premier League,29,1994,23,1693,74,49.5,18.8,18,86,14,5,28,0,2.04,43,22,+21,+1.12,-0.13,Matches
2770,Antonee Robinson,us USA,DF,Fulham,eng Premier League,25,1997,37,3265,88,95.5,36.3,37,88,32,0,,0,1.19,52,60,-8,-0.22,-1.38,Matches
2771,Jack Robinson,eng ENG,DF,Sheffield United,eng Premier League,29,1993,34,2885,85,84.4,32.1,31,89,27,3,40,0,0.47,30,83,-53,-1.65,+1.04,Matches
2772,Marc Roca,es ESP,MF,Real Betis,es La Liga,26,1996,26,1980,76,57.9,22.0,24,82,14,2,12,6,1.31,24,25,-1,-0.05,-0.30,Matches
2773,Cimo Röcker,de GER,DF,Werder Bremen,de Bundesliga,29,1994,0,,,,,0,,0,0,,11,,,,,,,Matches
2774,Marek Rodák,sk SVK,GK,Fulham,eng Premier League,26,1996,0,,,0.0,0.0,0,,0,0,,37,1.00,2,2,0,,,Matches
2775,Sebastian Rode,de GER,MF,Eintracht Frankfurt,de Bundesliga,32,1990,8,61,8,2.0,0.7,1,5,0,7,8,0,1.38,1,3,-2,-2.95,-3.04,Matches
2776,Sergio Rodelas,es ESP,"MF,FW",Granada,es La Liga,18,2004,3,122,41,3.6,1.4,2,52,0,1,18,0,0.00,1,4,-3,-2.21,-1.18,Matches
2777,Kaden Rodney,eng ENG,"DF,MF",Crystal Palace,eng Premier League,18,2004,0,,,,,0,,0,0,,2,,,,,,,Matches
2778,Rodri,es ESP,MF,Real Betis,es La Liga,23,2000,29,1051,36,30.7,11.7,9,70,2,20,21,8,1.45,10,13,-3,-0.26,-0.48,Matches
2779,Rodri,es ESP,"MF,DF",Manchester City,eng Premier League,27,1996,34,2931,86,85.7,32.6,34,86,27,0,,1,2.59,87,26,+61,+1.87,+1.69,Matches
2780,Adrian Rodriguez,es ESP,GK,Alavés,es La Liga,22,2000,0,,,,,0,,0,0,,16,,,,,,,Matches
2781,Álvaro Rodríguez,uy URU,FW,Real Madrid,es La Liga,19,2004,1,1,1,0.0,0.0,0,,0,1,1,0,3.00,0,0,0,0.00,-1.61,Matches
2782,Óscar Rodríguez Arnaiz,es ESP,"MF,FW",Getafe,es La Liga,25,1998,24,967,40,28.3,10.7,9,69,1,15,23,9,1.13,13,11,+2,+0.19,+0.70,Matches
2783,Damián Rodríguez,es ESP,MF,Celta Vigo,es La Liga,20,2003,5,258,52,7.5,2.9,3,74,1,2,18,4,1.80,6,4,+2,+0.70,+1.07,Matches
2784,Dani Rodríguez,es ESP,MF,Mallorca,es La Liga,35,1988,36,2615,73,76.5,29.1,31,80,8,5,27,1,1.06,29,34,-5,-0.17,+0.50,Matches
2785,Guido Rodríguez,ar ARG,MF,Real Betis,es La Liga,29,1994,24,1846,77,54.0,20.5,22,81,15,2,35,0,1.58,30,23,+7,+0.34,+0.57,Matches
2786,Javi Rodríguez,es ESP,DF,Celta Vigo,es La Liga,20,2003,0,,,,,0,,0,0,,6,,,,,,,Matches
2787,Jay Rodriguez,eng ENG,FW,Burnley,eng Premier League,34,1989,21,822,39,24.0,9.1,7,80,4,14,19,14,0.62,11,18,-7,-0.77,+0.27,Matches
2788,Kirian Rodríguez,es ESP,MF,Las Palmas,es La Liga,27,1996,37,3211,87,93.9,35.7,36,88,29,1,45,0,1.08,32,44,-12,-0.34,+0.52,Matches
2789,Miguel Rodríguez,es ESP,MF,Celta Vigo,es La Liga,20,2003,15,300,20,8.8,3.3,2,74,1,13,12,20,0.47,3,5,-2,-0.60,-0.34,Matches
2790,Ricardo Rodríguez,ch SUI,"DF,MF",Torino,it Serie A,30,1992,35,2772,79,81.1,30.8,34,81,22,1,29,2,1.43,29,27,+2,+0.06,+0.34,Matches
2791,Rodrygo,br BRA,FW,Real Madrid,es La Liga,22,2001,34,2380,70,69.6,26.4,28,81,10,6,21,3,2.44,52,20,+32,+1.21,-1.30,Matches
2792,Mads Roerslev,dk DEN,"MF,DF",Brentford,eng Premier League,24,1999,34,1985,58,58.0,22.1,22,79,8,12,20,3,1.09,32,40,-8,-0.36,-0.30,Matches
2793,Rogério,br BRA,"DF,MF",Wolfsburg,de Bundesliga,25,1998,13,906,70,29.6,10.1,10,83,7,3,26,3,0.77,10,15,-5,-0.50,-0.08,Matches
2794,Morgan Rogers,eng ENG,MF,Aston Villa,eng Premier League,21,2002,11,638,58,18.7,7.1,8,72,4,3,20,3,1.91,12,13,-1,-0.14,-0.66,Matches
2795,Merlin Röhl,de GER,"MF,FW",Freiburg,de Bundesliga,21,2002,24,1477,62,48.3,16.4,17,74,3,7,31,3,1.29,21,29,-8,-0.49,-0.20,Matches
2796,Hugo Rölleke,de GER,GK,Bochum,de Bundesliga,18,2005,0,,,,,0,,0,0,,2,,,,,,,Matches
2797,Alessio Romagnoli,it ITA,DF,Lazio,it Serie A,28,1995,29,2411,83,70.5,26.8,26,88,25,3,39,0,1.62,33,28,+5,+0.19,-0.26,Matches
2798,Simone Romagnoli,it ITA,DF,Frosinone,it Serie A,33,1990,33,2715,82,79.4,30.2,30,87,28,3,35,3,0.97,38,47,-9,-0.30,+1.74,Matches
2799,Carlos Romero,es ESP,DF,Villarreal,es La Liga,21,2001,7,262,37,7.7,2.9,2,53,0,5,31,7,1.86,3,8,-5,-1.72,-1.86,Matches
2800,Cristian Romero,ar ARG,DF,Tottenham Hotspur,eng Premier League,25,1998,33,2790,85,81.6,31.0,33,85,30,0,,0,1.88,63,42,+21,+0.68,+1.82,Matches
2801,Isaac Romero,es ESP,FW,Sevilla,es La Liga,23,2000,14,1039,74,30.4,11.5,14,74,3,0,,0,1.57,15,13,+2,+0.17,+0.48,Matches
2802,Luka Romero,ar ARG,MF,Almería,es La Liga,18,2004,13,438,34,12.8,4.9,5,57,0,8,19,4,0.54,7,7,0,0.00,+0.97,Matches
2803,Luka Romero,ar ARG,MF,Milan,it Serie A,18,2004,4,88,22,2.6,1.0,0,,0,4,22,17,1.00,0,2,-2,-2.05,-2.83,Matches
2804,Oriol Romeu,es ESP,MF,Barcelona,es La Liga,31,1991,28,936,33,27.4,10.4,11,65,1,17,13,9,2.32,12,11,+1,+0.10,-1.14,Matches
2805,Moritz Römling,de GER,FW,Bochum,de Bundesliga,22,2001,0,,,,,0,,0,0,,2,,,,,,,Matches
2806,Valentin Rongier,fr FRA,MF,Marseille,fr Ligue 1,28,1994,10,851,85,27.8,9.5,10,85,8,0,,0,1.30,11,12,-1,-0.11,-0.59,Matches
2807,Frank Ronstadt,de GER,"DF,MF",Darmstadt 98,de Bundesliga,26,1997,4,76,19,2.5,0.8,0,,0,4,19,2,1.00,2,2,0,0.00,+1.69,Matches
2808,Marten de Roon,nl NED,"MF,DF",Atalanta,it Serie A,32,1991,30,2599,87,76.0,28.9,29,89,28,1,23,3,1.93,56,29,+27,+0.93,+0.61,Matches
2809,Unai Ropero,es ESP,FW,Alavés,es La Liga,21,2001,1,5,5,0.1,0.1,0,,0,1,5,1,0.00,0,0,0,0.00,+0.26,Matches
2810,Vitor Roque,br BRA,FW,Barcelona,es La Liga,18,2005,14,328,23,9.6,3.6,2,59,0,12,18,5,2.79,9,4,+5,+1.37,+0.50,Matches
2811,Pablo Rosario,do DOM,"MF,DF",Nice,fr Ligue 1,26,1997,30,2009,67,65.7,22.3,21,86,16,9,23,2,1.67,30,23,+7,+0.31,-0.03,Matches
2812,Max Rosenfelder,de GER,DF,Freiburg,de Bundesliga,20,2003,0,,,,,0,,0,0,,1,,,,,,,Matches
2813,Valentin Rosier,fr FRA,"DF,MF",Nice,fr Ligue 1,26,1996,3,53,18,1.7,0.6,0,,0,3,18,2,0.67,0,0,0,0.00,-0.33,Matches
2814,Francesco Rossi,it ITA,GK,Atalanta,it Serie A,32,1991,1,5,5,0.1,0.1,0,,0,1,5,34,3.00,0,0,0,0.00,-0.79,Matches
2815,Joe Rothwell,eng ENG,MF,Bournemouth,eng Premier League,28,1995,11,386,35,11.3,4.3,3,70,1,8,22,8,1.18,4,12,-8,-1.87,-1.72,Matches
2816,Anthony Rouault,fr FRA,DF,Toulouse,fr Ligue 1,22,2001,0,,,,,0,,0,0,,3,,,,,,,Matches
2817,Anthony Rouault,fr FRA,DF,Stuttgart,de Bundesliga,22,2001,22,1010,46,33.0,11.2,11,77,5,11,15,4,2.18,27,15,+12,+1.07,-0.12,Matches
2818,Jérôme Roussillon,gp GLP,"DF,MF",Union Berlin,de Bundesliga,30,1993,23,752,33,24.6,8.4,8,72,2,15,12,3,1.13,10,12,-2,-0.24,+0.66,Matches
2819,Nicolò Rovella,it ITA,MF,Lazio,it Serie A,21,2001,23,1318,57,38.5,14.6,16,75,6,7,18,7,1.83,21,13,+8,+0.55,+0.46,Matches
2820,Amir Rrahmani,xk KVX,DF,Napoli,it Serie A,29,1994,30,2600,87,76.0,28.9,30,87,27,0,,3,1.43,39,39,0,0.00,-0.77,Matches
2821,Ruan,br BRA,DF,Sassuolo,it Serie A,24,1999,26,1516,58,44.3,16.8,16,77,9,10,29,7,0.73,21,43,-22,-1.31,-0.83,Matches
2822,Pelly Ruddock Mpanzu,cd COD,MF,Luton Town,eng Premier League,30,1993,27,1101,41,32.2,12.2,11,74,3,16,18,11,0.70,13,29,-16,-1.31,-0.65,Matches
2823,Antonio Rüdiger,de GER,DF,Real Madrid,es La Liga,30,1993,33,2709,82,79.2,30.1,30,88,28,3,25,1,2.55,65,23,+42,+1.40,-1.01,Matches
2824,Fabian Rüdlin,de GER,MF,Freiburg,de Bundesliga,26,1997,1,7,7,0.2,0.1,0,,0,1,7,7,0.00,0,1,-1,-12.86,-12.50,Matches
2825,Javi Rueda,es ESP,"DF,MF",Celta Vigo,es La Liga,21,2002,1,20,20,0.6,0.2,0,,0,1,20,0,1.00,0,0,0,0.00,+0.29,Matches
2826,Daniele Rugani,it ITA,DF,Juventus,it Serie A,29,1994,17,1187,70,34.7,13.2,13,87,10,4,14,21,2.18,19,10,+9,+0.68,+0.12,Matches
2827,Fabio Ruggeri,it ITA,DF,Lazio,it Serie A,18,2004,0,,,,,0,,0,0,,10,,,,,,,Matches
2828,Matteo Ruggeri,it ITA,MF,Atalanta,it Serie A,21,2002,34,2449,72,71.6,27.2,28,80,7,6,33,3,1.82,54,31,+23,+0.85,+0.20,Matches
2829,Mário Rui,pt POR,DF,Napoli,it Serie A,32,1991,21,1205,57,35.2,13.4,14,75,5,7,22,10,1.52,22,19,+3,+0.22,+0.06,Matches
2830,Aitor Ruibal,es ESP,"DF,MF",Real Betis,es La Liga,27,1996,18,1017,57,29.7,11.3,11,76,6,7,26,13,1.33,14,16,-2,-0.18,-0.36,Matches
2831,Fabián Ruiz Peña,es ESP,MF,Paris Saint-Germain,fr Ligue 1,27,1996,21,1197,57,39.1,13.3,14,76,8,7,19,7,2.52,30,12,+18,+1.35,-0.10,Matches
2832,Sergio Ruiz,es ESP,MF,Granada,es La Liga,28,1994,35,2494,71,72.9,27.7,30,80,14,5,20,1,0.58,28,57,-29,-1.05,+0.12,Matches
2833,Ruly,es ESP,GK,Celta Vigo,es La Liga,23,2000,0,,,,,0,,0,0,,4,,,,,,,Matches
2834,Iñaki Rupérez,es ESP,DF,Real Sociedad,es La Liga,20,2003,0,,,,,0,,0,0,,8,,,,,,,Matches
2835,Lorenzo Russo,it ITA,MF,Napoli,it Serie A,18,2005,0,,,,,0,,0,0,,3,,,,,,,Matches
2836,Julian Ryerson,no NOR,DF,Dortmund,de Bundesliga,25,1997,21,1767,84,57.7,19.6,20,86,14,1,45,3,2.00,35,24,+11,+0.56,-0.41,Matches
2837,Frederik Rønnow,dk DEN,GK,Union Berlin,de Bundesliga,30,1992,33,2970,90,97.1,33.0,33,90,33,0,,0,1.00,33,56,-23,-0.70,+1.30,Matches
2838,José Sá,pt POR,GK,Wolves,eng Premier League,30,1993,35,3037,87,88.8,33.7,35,87,33,0,,0,1.23,47,58,-11,-0.33,+0.61,Matches
2839,Youssouf Sabaly,sn SEN,DF,Real Betis,es La Liga,30,1993,12,1046,87,30.6,11.6,12,87,10,0,,5,1.50,18,17,+1,+0.09,+0.01,Matches
2840,Emmanuel Sabbi,us USA,"MF,FW",Le Havre,fr Ligue 1,25,1997,30,1584,53,51.8,17.6,18,73,2,12,22,2,0.93,19,20,-1,-0.06,+0.55,Matches
2841,Stefano Sabelli,it ITA,"MF,DF",Genoa,it Serie A,30,1993,32,2429,76,71.0,27.0,30,79,6,2,29,2,1.34,33,25,+8,+0.30,+1.02,Matches
2842,Abdelhamid Sabiri,ma MAR,MF,Fiorentina,it Serie A,26,1996,0,,,,,0,,0,0,,1,,,,,,,Matches
2843,Marcel Sabitzer,at AUT,MF,Dortmund,de Bundesliga,29,1994,25,1961,78,64.1,21.8,23,84,18,2,16,2,1.88,44,26,+18,+0.83,+0.25,Matches
2844,Falaye Sacko,ml MLI,DF,Montpellier,fr Ligue 1,28,1995,19,1382,73,45.2,15.4,15,86,13,4,22,6,1.00,17,24,-7,-0.46,-0.56,Matches
2845,Dominic Sadi,eng ENG,MF,Bournemouth,eng Premier League,19,2003,1,1,1,0.0,0.0,0,,0,1,1,4,3.00,0,0,0,0.00,+0.34,Matches
2846,Umar Sadiq,ng NGA,FW,Real Sociedad,es La Liga,26,1997,26,1077,41,31.5,12.0,12,69,2,14,18,10,1.58,16,15,+1,+0.08,-0.34,Matches
2847,Alexis Saelemaekers,be BEL,MF,Bologna,it Serie A,24,1999,30,1887,63,55.2,21.0,21,76,7,9,32,1,1.87,31,18,+13,+0.62,+0.09,Matches
2848,Pablo Saenz,es ESP,MF,Granada,es La Liga,22,2001,1,19,19,0.6,0.2,0,,0,1,19,1,0.00,0,3,-3,-14.21,-13.20,Matches
2849,Modibo Sagnan,ml MLI,DF,Montpellier,fr Ligue 1,24,1999,13,1054,81,34.4,11.7,12,88,9,1,1,1,1.46,18,17,+1,+0.09,+0.35,Matches
2850,Charles Sagoe Jr,eng ENG,"FW,MF",Arsenal,eng Premier League,19,2004,0,,,,,0,,0,0,,1,,,,,,,Matches
2851,Moïse Sahi Dion,ci CIV,"MF,FW",Strasbourg,fr Ligue 1,21,2001,18,628,35,20.5,7.0,7,61,0,11,18,4,1.06,7,12,-5,-0.72,-0.46,Matches
2852,Yakine Said Mmadi,km COM,DF,Marseille,fr Ligue 1,19,2004,0,,,,,0,,0,0,,1,,,,,,,Matches
2853,Wesley Saïd,fr FRA,FW,Lens,fr Ligue 1,28,1995,27,1020,38,33.3,11.3,11,65,0,16,19,1,1.48,16,13,+3,+0.26,+0.04,Matches
2854,Théo Sainte-Luce,fr FRA,DF,Montpellier,fr Ligue 1,24,1998,6,346,58,11.3,3.8,3,79,1,3,37,7,0.50,1,6,-5,-1.30,-1.30,Matches
2855,Bukayo Saka,eng ENG,FW,Arsenal,eng Premier League,21,2001,35,2919,83,85.4,32.4,35,83,17,0,,0,2.29,78,27,+51,+1.57,-0.40,Matches
2856,Mamadou Sakho,fr FRA,DF,Montpellier,fr Ligue 1,33,1990,1,7,7,0.2,0.1,0,,0,1,7,5,3.00,1,0,+1,+12.86,+13.03,Matches
2857,Ibrahim Salah,ma MAR,"MF,FW",Rennes,fr Ligue 1,21,2001,23,524,23,17.1,5.8,4,62,0,19,15,6,1.61,14,4,+10,+1.72,+1.82,Matches
2858,Mohamed Salah,eg EGY,FW,Liverpool,eng Premier League,31,1992,32,2534,79,74.1,28.2,28,87,22,4,27,0,2.09,58,30,+28,+0.99,-0.73,Matches
2859,Amine Salama,fr FRA,FW,Reims,fr Ligue 1,23,2000,11,313,28,10.2,3.5,2,62,0,9,21,7,1.18,2,3,-1,-0.29,-0.16,Matches
2860,Kike Salas,es ESP,DF,Sevilla,es La Liga,21,2002,23,1605,70,46.9,17.8,19,81,13,4,17,6,0.96,24,28,-4,-0.22,-0.13,Matches
2861,William Saliba,fr FRA,DF,Arsenal,eng Premier League,22,2001,38,3420,90,100.0,38.0,38,90,38,0,,0,2.34,91,29,+62,+1.63,,Matches
2862,Mohammed Salisu,gh GHA,DF,Monaco,fr Ligue 1,24,1999,12,1035,86,33.8,11.5,11,90,11,1,45,5,1.92,23,13,+10,+0.87,+0.16,Matches
2863,Roland Sallai,hu HUN,"MF,FW",Freiburg,de Bundesliga,26,1997,27,1840,68,60.1,20.4,22,79,5,5,21,0,1.33,26,35,-9,-0.44,-0.15,Matches
2864,Yoann Salmier,gf GUF,DF,Le Havre,fr Ligue 1,30,1992,20,1568,78,51.2,17.4,18,86,15,2,6,12,1.00,19,21,-2,-0.11,+0.43,Matches
2865,Gregorio Salvati,it ITA,GK,Salernitana,it Serie A,18,2005,0,,,,,0,,0,0,,13,,,,,,,Matches
2866,Salvi,es ESP,MF,Rayo Vallecano,es La Liga,32,1991,1,28,28,0.8,0.3,0,,0,1,28,0,3.00,0,0,0,0.00,+0.50,Matches
2867,Lazar Samardzic,rs SRB,MF,Udinese,it Serie A,21,2002,34,2372,70,69.4,26.4,28,79,14,6,27,4,1.03,23,28,-5,-0.19,+0.75,Matches
2868,Diadie Samassékou,ml MLI,MF,Hoffenheim,de Bundesliga,27,1996,1,1,1,0.0,0.0,0,,0,1,1,10,3.00,0,0,0,0.00,0.00,Matches
2869,Diadie Samassékou,ml MLI,MF,Cádiz,es La Liga,27,1996,4,92,23,2.7,1.0,0,,0,4,23,10,0.75,0,4,-4,-3.91,-3.24,Matches
2870,Mama Samba Baldé,gw GNB,FW,Lyon,fr Ligue 1,27,1995,20,551,28,18.0,6.1,4,63,0,16,19,3,1.25,9,5,+4,+0.65,+1.01,Matches
2871,Brice Samba,fr FRA,GK,Lens,fr Ligue 1,29,1994,33,2970,90,97.1,33.0,33,90,33,0,,0,1.52,43,35,+8,+0.24,+0.24,Matches
2872,Albert Sambi Lokonga,be BEL,MF,Luton Town,eng Premier League,23,1999,17,1303,77,38.1,14.5,16,80,8,1,19,0,0.76,22,31,-9,-0.62,+0.40,Matches
2873,Junior Sambia,fr FRA,MF,Salernitana,it Serie A,26,1996,18,1032,57,30.2,11.5,10,81,3,8,27,20,0.28,9,23,-14,-1.22,+0.10,Matches
2874,Daniel Samek,cz CZE,DF,Lecce,it Serie A,19,2004,0,,,,,0,,0,0,,7,,,,,,,Matches
2875,Jasper Samooja,fi FIN,GK,Lecce,it Serie A,20,2003,0,,,,,0,,0,0,,31,,,,,,,Matches
2876,Imari Samuels,eng ENG,DF,Brighton,eng Premier League,20,2003,0,,,,,0,,0,0,,1,,,,,,,Matches
2877,Ishé Samuels-Smith,eng ENG,DF,Chelsea,eng Premier League,17,2006,0,,,,,0,,0,0,,1,,,,,,,Matches
2878,Fede San Emeterio,es ESP,MF,Cádiz,es La Liga,26,1997,4,152,38,4.4,1.7,3,50,0,1,1,5,1.00,1,1,0,0.00,+0.80,Matches
2879,Antonio Sanabria,py PAR,FW,Torino,it Serie A,27,1996,35,2133,61,62.4,23.7,23,80,10,12,24,2,1.31,23,21,+2,+0.08,+0.22,Matches
2880,Oihan Sancet,es ESP,MF,Athletic Club,es La Liga,23,2000,30,1975,66,57.7,21.9,25,73,3,5,31,1,1.73,36,18,+18,+0.82,+0.45,Matches
2881,Renato Sanches,pt POR,MF,Roma,it Serie A,25,1997,7,146,21,4.3,1.6,1,45,0,6,17,12,1.71,7,4,+3,+1.85,+1.41,Matches
2882,Alexis Sánchez,cl CHI,FW,Inter,it Serie A,34,1988,23,763,33,22.3,8.5,6,77,3,17,18,10,2.22,16,4,+12,+1.42,-0.45,Matches
2883,Ander Sánchez,es ESP,MF,Alavés,es La Liga,19,2004,0,,,,,0,,0,0,,3,,,,,,,Matches
2884,Antonio Sánchez,es ESP,MF,Mallorca,es La Liga,26,1997,29,1452,50,42.5,16.1,21,63,0,8,15,9,1.21,16,18,-2,-0.12,+0.29,Matches
2885,Davinson Sánchez,co COL,DF,Tottenham Hotspur,eng Premier League,27,1996,1,77,77,2.3,0.9,0,,0,1,77,3,1.00,1,2,-1,-1.17,-1.55,Matches
2886,Juanlu Sánchez,es ESP,"DF,MF",Sevilla,es La Liga,19,2003,26,1181,45,34.5,13.1,11,84,7,15,17,11,1.12,12,20,-8,-0.61,-0.69,Matches
2887,Manu Sánchez,es ESP,"DF,MF",Celta Vigo,es La Liga,22,2000,26,1775,68,51.9,19.7,20,82,13,6,24,11,0.92,18,28,-10,-0.51,-0.45,Matches
2888,Ricard Sánchez,es ESP,DF,Granada,es La Liga,23,2000,33,2295,70,67.1,25.5,25,86,14,8,19,4,0.42,28,55,-27,-1.06,+0.06,Matches
2889,Robert Sánchez,es ESP,GK,Chelsea,eng Premier League,25,1997,16,1433,90,41.9,15.9,16,90,15,0,,2,1.19,26,25,+1,+0.06,-0.53,Matches
2890,Jadon Sancho,eng ENG,"FW,MF",Manchester Utd,eng Premier League,23,2000,3,79,26,2.3,0.9,0,,0,3,26,0,2.00,2,1,+1,+1.14,+1.19,Matches
2891,Jadon Sancho,eng ENG,"MF,FW",Dortmund,de Bundesliga,23,2000,14,947,68,30.9,10.5,11,78,2,3,28,2,1.86,19,11,+8,+0.76,+0.04,Matches
2892,Alex Sandro,br BRA,DF,Juventus,it Serie A,32,1991,16,721,45,21.1,8.0,8,80,6,8,10,9,1.69,13,6,+7,+0.87,+0.34,Matches
2893,Ibou Sané,sn SEN,FW,Metz,fr Ligue 1,18,2005,9,128,14,4.2,1.4,0,,0,9,14,9,0.44,3,3,0,0.00,+0.71,Matches
2894,Leroy Sané,de GER,MF,Bayern Munich,de Bundesliga,27,1996,27,2137,79,69.8,23.7,25,84,16,2,24,0,2.19,67,26,+41,+1.73,+0.95,Matches
2895,Sadibou Sané,sn SEN,DF,Metz,fr Ligue 1,19,2004,14,846,60,27.6,9.4,9,85,8,5,16,8,1.00,9,16,-7,-0.74,-0.09,Matches
2896,Arouna Sangante,sn SEN,DF,Le Havre,fr Ligue 1,21,2002,30,2687,90,87.8,29.9,30,90,27,0,,1,0.87,29,39,-10,-0.33,-0.09,Matches
2897,Ibrahim Sangaré,ci CIV,MF,Nottingham Forest,eng Premier League,25,1997,17,1035,61,30.3,11.5,13,73,4,4,20,7,0.88,12,16,-4,-0.35,+0.18,Matches
2898,Lassina Sangare,ci CIV,MF,Granada,es La Liga,21,2001,0,,,,,0,,0,0,,2,,,,,,,Matches
2899,Nhoa Sangui,fr FRA,DF,Reims,fr Ligue 1,17,2006,0,,,,,0,,0,0,,3,,,,,,,Matches
2900,Mohamed Sankoh,nl NED,FW,Stuttgart,de Bundesliga,19,2003,0,,,,,0,,0,0,,1,,,,,,,Matches
2901,Morgan Sanson,fr FRA,MF,Nice,fr Ligue 1,28,1994,29,1964,68,64.2,21.8,24,76,6,5,30,1,1.79,24,16,+8,+0.37,+0.12,Matches
2902,Nicola Sansone,it ITA,"MF,FW",Lecce,it Serie A,31,1991,25,767,31,22.4,8.5,4,68,1,21,24,4,1.12,14,11,+3,+0.35,+1.20,Matches
2903,Baptiste Santamaria,fr FRA,MF,Rennes,fr Ligue 1,28,1995,30,1926,64,62.9,21.4,22,80,13,8,20,4,1.40,33,27,+6,+0.28,+0.20,Matches
2904,Yago Santiago,es ESP,"FW,MF",Tottenham Hotspur,eng Premier League,20,2003,0,,,,,0,,0,0,,3,,,,,,,Matches
2905,Yellu Santiago,es ESP,MF,Getafe,es La Liga,19,2004,14,656,47,19.2,7.3,8,69,0,6,18,5,0.86,5,8,-3,-0.41,-0.12,Matches
2906,Andrey Santos,br BRA,MF,Strasbourg,fr Ligue 1,19,2004,11,831,76,27.2,9.2,9,88,7,2,18,2,1.18,12,11,+1,+0.11,+0.63,Matches
2907,Andrey Santos,br BRA,MF,Chelsea,eng Premier League,19,2004,0,,,,,0,,0,0,,1,,,,,,,Matches
2908,Andrey Santos,br BRA,MF,Nottingham Forest,eng Premier League,19,2004,1,8,8,0.2,0.1,0,,0,1,8,5,0.00,0,0,0,0.00,+0.47,Matches
2909,Danilo Santos,br BRA,MF,Nottingham Forest,eng Premier League,22,2001,29,1792,62,52.4,19.9,20,80,7,9,20,2,1.03,31,42,-11,-0.55,-0.17,Matches
2910,Kauã Santos,br BRA,GK,Eintracht Frankfurt,de Bundesliga,20,2003,0,,,,,0,,0,0,,2,,,,,,,Matches
2911,Tiago Santos,pt POR,DF,Lille,fr Ligue 1,21,2002,29,2365,82,77.3,26.3,26,90,25,3,12,4,1.76,41,27,+14,+0.53,+0.01,Matches
2912,Paco Sanz,es ESP,DF,Almería,es La Liga,18,2004,1,24,24,0.7,0.3,0,,0,1,24,7,3.00,2,0,+2,+7.50,+8.40,Matches
2913,Riccardo Saponara,it ITA,"MF,FW",Hellas Verona,it Serie A,31,1991,12,342,29,10.0,3.8,3,67,0,9,16,6,1.08,4,5,-1,-0.26,+0.09,Matches
2914,Pablo Sarabia,es ESP,"MF,FW",Wolves,eng Premier League,31,1992,30,1745,58,51.0,19.4,20,77,5,10,20,7,1.33,31,27,+4,+0.21,+1.23,Matches
2915,Amadou Sarr,sn SEN,FW,Inter,it Serie A,19,2004,0,,,,,0,,0,0,,9,,,,,,,Matches
2916,Amin Sarr,se SWE,"MF,FW",Wolfsburg,de Bundesliga,22,2001,14,386,28,12.6,4.3,2,68,0,12,21,6,0.71,2,8,-6,-1.40,-1.10,Matches
2917,Amin Sarr,se SWE,FW,Lyon,fr Ligue 1,22,2001,3,98,33,3.2,1.1,1,70,0,2,14,0,0.33,1,1,0,0.00,+0.18,Matches
2918,Bouna Sarr,sn SEN,DF,Bayern Munich,de Bundesliga,31,1992,2,106,53,3.5,1.2,1,90,1,1,16,8,3.00,4,2,+2,+1.70,+0.27,Matches
2919,Ismaila Sarr,sn SEN,"MF,FW",Marseille,fr Ligue 1,25,1998,23,1447,63,47.3,16.1,15,82,7,8,26,2,1.78,26,11,+15,+0.93,+1.16,Matches
2920,Mamadou Sarr,sn SEN,DF,Lyon,fr Ligue 1,17,2005,1,8,8,0.3,0.1,0,,0,1,8,8,3.00,0,0,0,0.00,+0.18,Matches
2921,Dovydas Sasnauskas,lt LTU,DF,Sheffield United,eng Premier League,16,2007,0,,,,,0,,0,0,,2,,,,,,,Matches
2922,Kein Sato,jp JPN,FW,Werder Bremen,de Bundesliga,22,2001,0,,,,,0,,0,0,,3,,,,,,,Matches
2923,Martin Satriano,uy URU,"FW,MF",Brest,fr Ligue 1,22,2001,33,1864,56,60.9,20.7,21,77,4,12,20,0,1.82,36,19,+17,+0.82,+0.67,Matches
2924,Téji Savanier,fr FRA,MF,Montpellier,fr Ligue 1,31,1991,32,2765,86,90.4,30.7,32,86,19,0,,0,1.28,39,42,-3,-0.10,+0.51,Matches
2925,Stefan Savić,me MNE,DF,Atlético Madrid,es La Liga,32,1991,23,1630,71,47.7,18.1,19,82,15,4,16,9,2.00,35,21,+14,+0.77,+0.12,Matches
2926,Sávio,br BRA,"MF,FW",Girona,es La Liga,19,2004,37,2976,80,87.0,33.1,35,83,15,2,33,0,2.11,74,39,+35,+1.06,+0.25,Matches
2927,Zanos Savva,cy CYP,FW,Torino,it Serie A,17,2005,2,28,14,0.8,0.3,0,,0,2,14,17,1.50,2,0,+2,+6.43,+6.48,Matches
2928,Saba Sazonov,ge GEO,DF,Torino,it Serie A,21,2002,12,356,30,10.4,4.0,2,53,0,10,25,20,1.25,2,8,-6,-1.52,-1.69,Matches
2929,Alessandro Scacchetti,it ITA,GK,Sassuolo,it Serie A,18,2005,0,,,,,0,,0,0,,2,,,,,,,Matches
2930,Simone Scaglia,it ITA,GK,Juventus,it Serie A,19,2004,0,,,,,0,,0,0,,3,,,,,,,Matches
2931,Joe Scally,us USA,"DF,MF",Gladbach,de Bundesliga,20,2002,31,2236,72,73.1,24.8,25,85,19,6,20,3,1.06,42,50,-8,-0.32,+0.01,Matches
2932,Giorgio Scalvini,it ITA,DF,Atalanta,it Serie A,19,2003,33,2544,77,74.4,28.3,31,81,18,2,15,0,1.85,55,33,+22,+0.78,-0.04,Matches
2933,Gianluca Scamacca,it ITA,FW,Atalanta,it Serie A,24,1999,29,1453,50,42.5,16.1,17,66,1,12,28,3,1.72,37,12,+25,+1.55,+1.32,Matches
2934,Calum Scanlon,eng ENG,MF,Liverpool,eng Premier League,18,2005,0,,,,,0,,0,0,,2,,,,,,,Matches
2935,Oliver Scarles,eng ENG,MF,West Ham United,eng Premier League,17,2005,0,,,,,0,,0,0,,5,,,,,,,Matches
2936,Dane Scarlett,eng ENG,FW,Tottenham Hotspur,eng Premier League,19,2004,4,22,6,0.6,0.2,0,,0,4,6,4,3.00,1,0,+1,+4.09,+3.77,Matches
2937,Kevin Schade,de GER,FW,Brentford,eng Premier League,21,2001,11,333,30,9.7,3.7,3,73,0,8,14,0,1.45,8,5,+3,+0.81,+1.16,Matches
2938,András Schäfer,hu HUN,MF,Union Berlin,de Bundesliga,24,1999,20,1214,61,39.7,13.5,14,74,4,6,30,0,1.00,13,24,-11,-0.82,-0.13,Matches
2939,Fabian Schär,ch SUI,DF,Newcastle United,eng Premier League,31,1991,36,3054,85,89.3,33.9,35,86,31,1,28,0,1.56,72,58,+14,+0.41,-1.80,Matches
2940,Patrik Schick,cz CZE,FW,Leverkusen,de Bundesliga,27,1996,20,1063,53,34.7,11.8,12,76,3,8,19,4,2.50,25,7,+18,+1.52,-0.59,Matches
2941,Stefan Schimmer,de GER,FW,Heidenheim,de Bundesliga,29,1994,16,153,10,5.0,1.7,0,,0,16,10,18,0.81,2,3,-1,-0.59,-0.46,Matches
2942,Xaver Schlager,at AUT,MF,RB Leipzig,de Bundesliga,25,1997,29,2477,85,80.9,27.5,29,85,22,0,,0,1.93,64,32,+32,+1.16,+0.24,Matches
2943,Tim Schleinitz,de GER,MF,Union Berlin,de Bundesliga,18,2005,0,,,,,0,,0,0,,1,,,,,,,Matches
2944,Keven Schlotterbeck,de GER,DF,Freiburg,de Bundesliga,26,1997,0,,,,,0,,0,0,,1,,,,,,,Matches
2945,Keven Schlotterbeck,de GER,DF,Bochum,de Bundesliga,26,1997,27,2185,81,71.4,24.3,24,90,23,3,10,2,1.07,33,48,-15,-0.62,+1.13,Matches
2946,Nico Schlotterbeck,de GER,DF,Dortmund,de Bundesliga,23,1999,33,2859,87,93.4,31.8,32,88,29,1,28,1,1.82,62,41,+21,+0.66,-1.13,Matches
2947,Jeffrey Schlupp,gh GHA,"MF,FW",Crystal Palace,eng Premier League,30,1992,29,1352,47,39.5,15.0,17,70,2,12,14,3,1.34,12,25,-13,-0.87,-1.39,Matches
2948,Romano Schmid,at AUT,"MF,FW",Werder Bremen,de Bundesliga,23,2000,33,2601,79,85.0,28.9,30,84,13,3,23,0,1.27,43,48,-5,-0.17,+0.02,Matches
2949,Kenneth Schmidt,de GER,DF,Freiburg,de Bundesliga,21,2002,5,68,14,2.2,0.8,0,,0,5,14,7,0.80,1,4,-3,-3.97,-3.67,Matches
2950,Niklas Schmidt,de GER,MF,Toulouse,fr Ligue 1,25,1998,22,1269,58,41.5,14.1,15,76,6,7,19,4,1.23,15,20,-5,-0.35,-0.40,Matches
2951,Benno Schmitz,de GER,DF,Köln,de Bundesliga,28,1994,22,1155,53,37.7,12.8,13,80,7,9,13,8,0.73,12,19,-7,-0.55,+0.64,Matches
2952,Fabian Schnellhardt,de GER,MF,Darmstadt 98,de Bundesliga,29,1994,10,235,24,7.7,2.6,2,64,0,8,13,13,0.30,1,7,-6,-2.30,-0.70,Matches
2953,Florian Schock,de GER,GK,Stuttgart,de Bundesliga,22,2001,0,,,,,0,,0,0,,3,,,,,,,Matches
2954,Max Scholze,de GER,FW,Bayern Munich,de Bundesliga,18,2005,0,,,,,0,,0,0,,1,,,,,,,Matches
2955,Jan Schöppner,de GER,MF,Heidenheim,de Bundesliga,24,1999,26,1998,77,65.3,22.2,23,84,16,3,21,8,1.31,31,32,-1,-0.05,+0.29,Matches
2956,Marcel Schuhen,de GER,GK,Darmstadt 98,de Bundesliga,30,1993,31,2790,90,91.2,31.0,31,90,31,0,,2,0.52,29,76,-47,-1.52,+1.48,Matches
2957,Philipp Schulze,de GER,GK,Wolfsburg,de Bundesliga,20,2003,0,,,,,0,,0,0,,4,,,,,,,Matches
2958,Perr Schuurs,nl NED,DF,Torino,it Serie A,23,1999,9,770,86,22.5,8.6,9,86,8,0,,0,1.00,6,9,-3,-0.35,-0.45,Matches
2959,Marvin Schwäbe,de GER,GK,Köln,de Bundesliga,28,1995,34,3060,90,100.0,34.0,34,90,34,0,,0,0.79,28,60,-32,-0.94,,Matches
2960,Alexander Schwolow,de GER,GK,Union Berlin,de Bundesliga,31,1992,1,90,90,2.9,1.0,1,90,1,0,,28,0.00,0,2,-2,-2.00,-1.30,Matches
2961,Alex Scott,eng ENG,MF,Bournemouth,eng Premier League,19,2003,23,1014,44,29.6,11.3,11,66,2,12,24,2,1.22,17,25,-8,-0.71,-0.52,Matches
2962,Simone Scuffet,it ITA,GK,Cagliari,it Serie A,27,1996,31,2789,90,81.5,31.0,31,90,30,0,,7,1.10,40,55,-15,-0.48,+1.08,Matches
2963,Jérémy Sebas,mq MTQ,"MF,FW",Strasbourg,fr Ligue 1,20,2003,14,399,29,13.0,4.4,2,76,1,12,21,2,1.50,8,4,+4,+0.90,+1.44,Matches
2964,Demba Seck,sn SEN,MF,Torino,it Serie A,22,2001,9,425,47,12.4,4.7,5,75,0,4,13,9,1.33,4,5,-1,-0.21,-0.24,Matches
2965,Demba Seck,sn SEN,"FW,MF",Frosinone,it Serie A,22,2001,11,298,27,8.7,3.3,3,63,0,8,14,4,0.45,4,7,-3,-0.91,-0.27,Matches
2966,Aleksandar Sedlar,rs SRB,DF,Alavés,es La Liga,31,1991,11,946,86,27.7,10.5,11,86,8,0,,1,1.09,10,14,-4,-0.38,-0.16,Matches
2967,Jacopo Seghetti,it ITA,GK,Empoli,it Serie A,18,2005,0,,,,,0,,0,0,,10,,,,,,,Matches
2968,Alidu Seidu,gh GHA,DF,Rennes,fr Ligue 1,23,2000,11,593,54,19.4,6.6,7,79,3,4,10,3,1.64,7,9,-2,-0.30,-0.63,Matches
2969,Alidu Seidu,gh GHA,DF,Clermont Foot,fr Ligue 1,23,2000,14,1131,81,37.0,12.6,13,86,12,1,7,0,0.64,8,19,-11,-0.88,+0.20,Matches
2970,Dennis Seimen,de GER,GK,Stuttgart,de Bundesliga,17,2005,0,,,,,0,,0,0,,6,,,,,,,Matches
2971,Nicolas Seiwald,at AUT,MF,RB Leipzig,de Bundesliga,22,2001,21,718,34,23.5,8.0,6,74,2,15,18,13,1.76,16,14,+2,+0.25,-1.13,Matches
2972,Kristian Sekularac,ch SUI,MF,Fulham,eng Premier League,19,2003,0,,,,,0,,0,0,,2,,,,,,,Matches
2973,Nikola Sekulov,it ITA,MF,Juventus,it Serie A,21,2002,1,11,11,0.3,0.1,0,,0,1,11,0,0.00,0,1,-1,-8.18,-8.82,Matches
2974,Davie Selke,de GER,FW,Köln,de Bundesliga,28,1995,19,1265,67,41.3,14.1,16,75,5,3,20,1,0.74,9,24,-15,-1.07,-0.21,Matches
2975,Matz Sels,be BEL,GK,Strasbourg,fr Ligue 1,31,1992,19,1710,90,55.9,19.0,19,90,19,0,,0,1.32,20,24,-4,-0.21,+0.32,Matches
2976,Matz Sels,be BEL,GK,Nottingham Forest,eng Premier League,31,1992,16,1440,90,42.1,16.0,16,90,16,0,,0,1.00,22,27,-5,-0.31,+0.28,Matches
2977,Nélson Semedo,pt POR,"MF,DF",Wolves,eng Premier League,29,1993,36,3084,86,90.2,34.3,36,86,27,0,,0,1.19,45,60,-15,-0.44,-0.44,Matches
2978,Vivaldo Semedo,pt POR,FW,Udinese,it Serie A,18,2005,1,12,12,0.4,0.1,0,,0,1,12,3,1.00,0,0,0,0.00,+0.42,Matches
2979,Antoine Semenyo,gh GHA,MF,Bournemouth,eng Premier League,23,2000,33,2105,64,61.5,23.4,25,76,10,8,25,3,1.39,41,33,+8,+0.34,+1.78,Matches
2980,Marvin Senaya,gh GHA,"DF,MF",Strasbourg,fr Ligue 1,22,2001,32,2138,67,69.9,23.8,23,83,16,9,25,1,1.09,25,36,-11,-0.46,-0.37,Matches
2981,Fallou Sene,sn SEN,FW,Fiorentina,it Serie A,18,2004,0,,,,,0,,0,0,,1,,,,,,,Matches
2982,Marcos Senesi,ar ARG,DF,Bournemouth,eng Premier League,26,1997,31,2242,72,65.6,24.9,26,83,17,5,16,1,1.13,37,44,-7,-0.28,+0.18,Matches
2983,Stefano Sensi,it ITA,MF,Inter,it Serie A,27,1995,4,46,12,1.3,0.5,0,,0,4,12,23,3.00,4,0,+4,+7.83,+6.15,Matches
2984,Luigi Sepe,it ITA,GK,Lazio,it Serie A,32,1991,0,,,,,0,,0,0,,33,,,,,,,Matches
2985,Suat Serdar,de GER,MF,Hellas Verona,it Serie A,26,1997,25,1659,66,48.5,18.4,19,80,11,6,25,9,1.08,18,26,-8,-0.43,-0.18,Matches
2986,Femi Seriki,eng ENG,DF,Sheffield United,eng Premier League,21,2002,0,,,,,0,,0,0,,12,,,,,,,Matches
2987,Benjamin Šeško,si SVN,FW,RB Leipzig,de Bundesliga,20,2003,31,1526,49,49.9,17.0,17,74,2,14,19,2,2.00,34,22,+12,+0.71,-0.82,Matches
2988,Kevin Sessa,de GER,MF,Heidenheim,de Bundesliga,23,2000,30,1011,34,33.0,11.2,7,70,0,23,23,2,1.27,21,14,+7,+0.62,+1.15,Matches
2989,Aaron Seydel,de GER,FW,Darmstadt 98,de Bundesliga,27,1996,16,619,39,20.2,6.9,5,72,2,11,23,2,0.50,6,15,-9,-1.31,+0.42,Matches
2990,Andres Sfait,ro ROU,MF,Salernitana,it Serie A,18,2004,2,23,12,0.7,0.3,0,,0,2,12,16,0.50,2,0,+2,+7.83,+9.18,Matches
2991,Stephan El Shaarawy,it ITA,"FW,MF",Roma,it Serie A,30,1992,33,1738,53,50.8,19.3,19,76,5,14,20,5,1.58,36,26,+10,+0.52,+0.04,Matches
2992,Teddy Sharman,eng ENG,GK,Chelsea,eng Premier League,20,2003,0,,,,,0,,0,0,,1,,,,,,,Matches
2993,Luke Shaw,eng ENG,DF,Manchester Utd,eng Premier League,28,1995,12,959,80,28.0,10.7,12,80,7,0,,0,1.83,16,13,+3,+0.28,+0.43,Matches
2994,James Shea,eng ENG,GK,Luton Town,eng Premier League,32,1991,1,15,15,0.4,0.2,0,,0,1,15,13,0.00,0,0,0,0.00,+0.87,Matches
2995,Eldor Shomurodov,uz UZB,"MF,FW",Cagliari,it Serie A,28,1995,22,936,43,27.4,10.4,10,67,0,12,22,5,1.00,12,23,-11,-1.06,-0.51,Matches
2996,Steven Shpendi,al ALB,FW,Empoli,it Serie A,20,2003,12,411,34,12.0,4.6,4,67,0,8,18,25,0.67,3,9,-6,-1.31,-0.75,Matches
2997,Diego Sia,it ITA,FW,Milan,it Serie A,17,2006,0,,,,,0,,0,0,,1,,,,,,,Matches
2998,Sofiane Sidi Ali,fr FRA,FW,Marseille,fr Ligue 1,28,1995,2,18,9,0.6,0.2,0,,0,2,9,5,2.00,0,1,-1,-5.00,-5.36,Matches
2999,Vincent Sierro,ch SUI,MF,Toulouse,fr Ligue 1,27,1995,30,2261,75,73.9,25.1,25,85,16,5,26,2,1.33,32,33,-1,-0.04,+0.30,Matches
3000,Tim Siersleben,de GER,DF,Heidenheim,de Bundesliga,23,2000,14,910,65,29.7,10.1,10,86,9,4,14,19,1.14,13,23,-10,-0.99,-1.20,Matches
3001,Kiliann Sildillia,fr FRA,DF,Freiburg,de Bundesliga,21,2002,27,1806,67,59.0,20.1,20,86,17,7,13,4,1.33,26,33,-7,-0.35,+0.08,Matches
3002,André Silva,pt POR,FW,Real Sociedad,es La Liga,27,1995,19,729,38,21.3,8.1,9,65,0,10,15,9,1.42,8,8,0,0.00,-0.40,Matches
3003,Bernardo Silva,pt POR,MF,Manchester City,eng Premier League,28,1994,33,2578,78,75.4,28.6,29,87,22,4,14,2,2.39,71,26,+45,+1.57,-0.25,Matches
3004,Caio Henrique Oliveira Silva,br BRA,"MF,DF",Monaco,fr Ligue 1,26,1997,9,623,69,20.4,6.9,7,88,4,2,3,2,2.22,18,7,+11,+1.59,+1.04,Matches
3005,Fábio Silva,pt POR,FW,Wolves,eng Premier League,21,2002,8,264,33,7.7,2.9,3,67,0,5,13,9,0.88,2,8,-6,-2.05,-1.79,Matches
3006,Iuri Silva,pt POR,FW,Marseille,fr Ligue 1,19,2004,0,,,,,0,,0,0,,2,,,,,,,Matches
3007,Jonathan Silva,br BRA,MF,Torino,it Serie A,19,2004,0,,,,,0,,0,0,,6,,,,,,,Matches
3008,Rui Silva,pt POR,GK,Real Betis,es La Liga,29,1994,28,2475,88,72.4,27.5,28,88,27,0,,6,1.39,35,36,-1,-0.04,-0.42,Matches
3009,Thiago Silva,br BRA,DF,Chelsea,eng Premier League,38,1984,31,2527,82,73.9,28.1,28,89,25,3,15,5,1.65,58,45,+13,+0.46,+0.36,Matches
3010,Marco Silvestri,it ITA,GK,Udinese,it Serie A,32,1991,17,1530,90,44.7,17.0,17,90,17,0,,16,0.82,15,28,-13,-0.76,-0.62,Matches
3011,Mohamed Simakan,fr FRA,DF,RB Leipzig,de Bundesliga,23,2000,32,2138,67,69.9,23.8,23,84,13,9,24,0,1.91,49,30,+19,+0.80,-1.05,Matches
3012,Giovanni Simeone,ar ARG,FW,Napoli,it Serie A,28,1995,28,800,29,23.4,8.9,8,65,1,20,14,9,1.32,12,12,0,0.00,-0.24,Matches
3013,Giuliano Simeone,ar ARG,MF,Alavés,es La Liga,20,2002,14,630,45,18.4,7.0,6,84,1,8,16,6,1.50,9,5,+4,+0.57,+1.02,Matches
3014,Jan-Carlo Simic,rs SRB,DF,Milan,it Serie A,18,2005,4,146,37,4.3,1.6,0,,0,4,37,13,2.50,3,1,+2,+1.23,+0.55,Matches
3015,Moses Simon,ng NGA,"MF,FW",Nantes,fr Ligue 1,28,1995,22,1788,81,58.4,19.9,21,84,15,1,17,0,0.95,21,31,-10,-0.50,+0.56,Matches
3016,Unai Simón,es ESP,GK,Athletic Club,es La Liga,26,1997,36,3182,88,93.0,35.4,36,88,34,0,,1,1.81,58,33,+25,+0.71,+1.09,Matches
3017,Simon Simoni,al ALB,GK,Eintracht Frankfurt,de Bundesliga,19,2004,0,,,,,0,,0,0,,1,,,,,,,Matches
3018,Xavi Simons,nl NED,MF,RB Leipzig,de Bundesliga,20,2003,32,2653,83,86.7,29.5,32,83,10,0,,0,2.00,69,28,+41,+1.39,+2.05,Matches
3019,Wilfried Singo,ci CIV,DF,Monaco,fr Ligue 1,22,2000,25,2187,87,71.5,24.3,24,90,23,1,28,0,2.12,47,26,+21,+0.86,+0.35,Matches
3020,Luis Sinisterra,co COL,MF,Bournemouth,eng Premier League,24,1999,20,699,35,20.4,7.8,7,59,0,13,22,4,1.35,12,18,-6,-0.77,-0.54,Matches
3021,Daley Sinkgraven,nl NED,DF,Las Palmas,es La Liga,28,1995,10,374,37,10.9,4.2,6,57,1,4,9,18,,4,7,-3,-0.72,-0.40,Matches
3022,Xavi Sintes,es ESP,DF,Sevilla,es La Liga,21,2001,0,,,,,0,,0,0,,3,,,,,,,Matches
3023,Tobias Sippel,de GER,GK,Gladbach,de Bundesliga,35,1988,0,,,,,0,,0,0,,4,,,,,,,Matches
3024,Jailson Siqueira,br BRA,"DF,MF",Celta Vigo,es La Liga,27,1995,14,897,64,26.2,10.0,9,86,8,5,25,5,1.29,17,15,+2,+0.20,+0.66,Matches
3025,Salvatore Sirigu,it ITA,GK,Nice,fr Ligue 1,36,1987,0,,,,,0,,0,0,,10,,,,,,,Matches
3026,Ayanda Sishuba,be BEL,MF,Lens,fr Ligue 1,18,2005,7,62,9,2.0,0.7,0,,0,7,9,9,0.71,1,3,-2,-2.90,-3.20,Matches
3027,Ibrahima Sissoko,ml MLI,MF,Strasbourg,fr Ligue 1,25,1997,27,1642,61,53.7,18.2,18,85,11,9,13,3,1.04,23,28,-5,-0.27,+0.17,Matches
3028,Moussa Sissoko,fr FRA,MF,Nantes,fr Ligue 1,33,1989,26,1821,70,59.5,20.2,21,84,13,5,13,6,1.00,14,32,-18,-0.89,-0.38,Matches
3029,Antonio Sivera,es ESP,GK,Alavés,es La Liga,26,1996,34,3060,90,89.5,34.0,34,90,34,0,,4,1.21,32,38,-6,-0.18,+0.82,Matches
3030,Tim Skarke,de GER,"FW,MF",Darmstadt 98,de Bundesliga,26,1996,30,2404,80,78.6,26.7,29,82,13,1,32,0,0.57,22,69,-47,-1.76,-0.52,Matches
3031,Ellyes Skhiri,tn TUN,MF,Eintracht Frankfurt,de Bundesliga,28,1995,27,2168,80,70.8,24.1,24,88,18,3,22,0,1.41,36,32,+4,+0.17,+0.47,Matches
3032,Oliver Skipp,eng ENG,"MF,DF",Tottenham Hotspur,eng Premier League,22,2000,21,707,34,20.7,7.9,5,73,1,16,21,10,1.90,15,17,-2,-0.25,-0.75,Matches
3033,Leo Skiri Østigård,no NOR,DF,Napoli,it Serie A,23,1999,25,1625,65,47.5,18.1,18,85,16,7,14,11,1.38,29,22,+7,+0.39,+0.39,Matches
3034,Łukasz Skorupski,pl POL,GK,Bologna,it Serie A,32,1991,32,2880,90,84.2,32.0,32,90,32,0,,6,1.72,44,29,+15,+0.47,-0.70,Matches
3035,Robert Skov,dk DEN,MF,Hoffenheim,de Bundesliga,27,1996,25,1260,50,41.2,14.0,14,70,2,11,26,6,1.28,28,32,-4,-0.29,-0.49,Matches
3036,Milan Škriniar,sk SVK,DF,Paris Saint-Germain,fr Ligue 1,28,1995,24,1629,68,53.2,18.1,17,87,15,7,21,1,2.25,45,18,+27,+1.49,+0.17,Matches
3037,Naatan Skyttä,fi FIN,MF,Toulouse,fr Ligue 1,21,2002,8,120,15,3.9,1.3,0,,0,8,15,4,0.88,1,2,-1,-0.75,-0.66,Matches
3038,Zinedin Smajlovic,se SWE,DF,Lecce,it Serie A,19,2003,0,,,,,0,,0,0,,14,,,,,,,Matches
3039,Chris Smalling,eng ENG,DF,Roma,it Serie A,33,1989,8,390,49,11.4,4.3,4,80,2,4,17,7,2.00,8,8,0,0.00,-0.56,Matches
3040,Adam Smith,eng ENG,DF,Bournemouth,eng Premier League,32,1991,28,2150,77,62.9,23.9,25,85,15,3,12,6,1.61,39,33,+6,+0.25,+1.60,Matches
3041,Emile Smith Rowe,eng ENG,MF,Arsenal,eng Premier League,23,2000,13,353,27,10.3,3.9,3,76,0,10,13,18,2.23,12,3,+9,+2.29,+0.74,Matches
3042,Hrvoje Smolčić,hr CRO,DF,Eintracht Frankfurt,de Bundesliga,22,2000,11,347,32,11.3,3.9,3,87,2,8,11,20,1.73,4,6,-2,-0.52,-0.62,Matches
3043,Cédric Soares,pt POR,"DF,MF",Arsenal,eng Premier League,31,1991,3,62,21,1.8,0.7,0,,0,3,21,15,3.00,1,0,+1,+1.45,-0.18,Matches
3044,Danilo Soares,br BRA,MF,Bochum,de Bundesliga,31,1991,5,351,70,11.5,3.9,3,88,2,2,44,11,0.60,3,6,-3,-0.77,+0.19,Matches
3045,Eduard Sobol,ua UKR,"DF,MF",Strasbourg,fr Ligue 1,28,1995,3,25,8,0.8,0.3,0,,0,3,8,11,1.00,0,0,0,0.00,+0.36,Matches
3046,Rubén Sobrino,es ESP,"MF,FW",Cádiz,es La Liga,31,1992,32,1646,51,48.1,18.3,18,72,2,14,25,3,1.00,8,24,-16,-0.87,-0.22,Matches
3047,Andrea Sodero,it ITA,MF,Empoli,it Serie A,18,2004,1,5,5,0.1,0.1,0,,0,1,5,0,0.00,0,0,0,0.00,+0.66,Matches
3048,Emran Soglo,fr FRA,MF,Marseille,fr Ligue 1,18,2005,3,109,36,3.6,1.2,1,66,0,2,22,19,1.67,3,2,+1,+0.83,+0.52,Matches
3049,Alex Sola,es ESP,MF,Alavés,es La Liga,24,1999,29,1262,44,36.9,14.0,14,71,3,15,18,6,1.24,9,20,-11,-0.78,-0.83,Matches
3050,Alex Sola,es ESP,"DF,FW",Real Sociedad,es La Liga,24,1999,2,30,15,0.9,0.3,0,,0,2,15,1,1.00,0,1,-1,-3.00,-3.35,Matches
3051,Dominic Solanke,eng ENG,FW,Bournemouth,eng Premier League,25,1997,38,3325,88,97.2,36.9,37,89,28,1,32,0,1.26,51,61,-10,-0.27,+2.57,Matches
3052,Ola Solbakken,no NOR,FW,Roma,it Serie A,24,1998,1,23,23,0.7,0.3,0,,0,1,23,1,0.00,0,0,0,0.00,-0.50,Matches
3053,Carlos Soler,es ESP,"MF,DF",Paris Saint-Germain,fr Ligue 1,26,1997,24,1090,45,35.6,12.1,12,79,3,12,12,9,2.25,21,14,+7,+0.58,-1.30,Matches
3054,Jhon Solis,co COL,MF,Girona,es La Liga,18,2004,18,384,21,11.2,4.3,2,67,0,16,16,11,1.67,9,7,+2,+0.47,-0.63,Matches
3055,Manor Solomon,il ISR,MF,Tottenham Hotspur,eng Premier League,24,1999,5,199,40,5.8,2.2,2,73,0,3,18,2,2.60,6,2,+4,+1.81,+1.56,Matches
3056,Daniele Sommariva,it ITA,GK,Genoa,it Serie A,26,1997,1,5,5,0.1,0.1,0,,0,1,5,36,3.00,0,0,0,0.00,0.00,Matches
3057,Yann Sommer,ch SUI,GK,Inter,it Serie A,34,1988,34,3060,90,89.5,34.0,34,90,34,0,,3,2.56,81,19,+62,+1.82,+0.57,Matches
3058,Brandon Soppy,fr FRA,MF,Torino,it Serie A,21,2002,5,178,36,5.2,2.0,2,69,0,3,13,6,1.60,0,0,0,0.00,0.00,Matches
3059,David Soria,es ESP,GK,Getafe,es La Liga,30,1993,38,3413,90,99.8,37.9,38,90,37,0,,0,1.13,42,52,-10,-0.26,+25.45,Matches
3060,Alberto Soro,es ESP,"FW,MF",Granada,es La Liga,24,1999,1,8,8,0.2,0.1,0,,0,1,8,1,3.00,0,1,-1,-11.25,-10.19,Matches
3061,Alessandro Sorrentino,it ITA,GK,Monza,it Serie A,21,2002,7,548,78,16.0,6.1,5,90,5,2,49,31,1.00,8,16,-8,-1.31,-1.19,Matches
3062,Borna Sosa,hr CRO,"DF,MF",Stuttgart,de Bundesliga,25,1998,2,46,23,1.5,0.5,0,,0,2,23,0,1.50,0,4,-4,-7.83,-9.11,Matches
3063,Joaquin Sosa,uy URU,DF,Bologna,it Serie A,21,2002,0,,,,,0,,0,0,,2,,,,,,,Matches
3064,Hugo Sotelo,es ESP,MF,Celta Vigo,es La Liga,19,2003,17,721,42,21.1,8.0,8,70,1,9,18,20,0.88,7,16,-9,-1.12,-1.06,Matches
3065,Florian Sotoca,fr FRA,"MF,FW",Lens,fr Ligue 1,32,1990,32,2598,81,84.9,28.9,29,86,20,3,30,0,1.47,36,34,+2,+0.07,-1.10,Matches
3066,Riccardo Sottil,it ITA,MF,Fiorentina,it Serie A,24,1999,22,1103,50,32.3,12.3,13,70,1,9,21,10,1.41,20,12,+8,+0.65,+0.38,Matches
3067,Tomáš Souček,cz CZE,MF,West Ham United,eng Premier League,28,1995,37,2870,78,83.9,31.9,34,83,25,3,16,0,1.32,51,64,-13,-0.41,-0.24,Matches
3068,Matìas Soulé,ar ARG,"MF,FW",Frosinone,it Serie A,20,2003,36,3121,87,91.3,34.7,36,87,17,0,,0,0.89,40,62,-22,-0.63,+0.27,Matches
3069,Matìas Soulé,ar ARG,"FW,MF",Juventus,it Serie A,20,2003,0,,,,,0,,0,0,,2,,,,,,,Matches
3070,Adama Soumaoro,fr FRA,DF,Bologna,it Serie A,31,1992,0,,,,,0,,0,0,,2,,,,,,,Matches
3071,Boubakary Soumaré,fr FRA,MF,Sevilla,es La Liga,24,1999,28,2286,82,66.8,25.4,26,87,22,2,16,3,1.36,31,32,-1,-0.04,+0.36,Matches
3072,Issa Soumaré,sn SEN,"FW,MF",Le Havre,fr Ligue 1,22,2000,7,237,34,7.7,2.6,3,62,0,4,13,4,0.57,2,7,-5,-1.90,-1.71,Matches
3073,Vinicius Souza,br BRA,MF,Sheffield United,eng Premier League,24,1999,36,2668,74,78.0,29.6,29,84,20,7,32,2,0.44,27,80,-53,-1.79,+0.13,Matches
3074,Djibril Sow,ch SUI,MF,Sevilla,es La Liga,26,1997,24,1460,61,42.7,16.2,18,74,4,6,20,3,1.00,17,21,-4,-0.25,-0.15,Matches
3075,Ibrahima Sow,sn SEN,FW,Sevilla,es La Liga,16,2007,0,,,,,0,,0,0,,3,,,,,,,Matches
3076,Saidou Sow,gn GUI,DF,Strasbourg,fr Ligue 1,21,2002,10,719,72,23.5,8.0,8,84,7,2,22,12,1.40,10,9,+1,+0.13,+0.62,Matches
3077,Çağlar Söyüncü,tr TUR,DF,Atlético Madrid,es La Liga,27,1996,6,114,19,3.3,1.3,1,45,0,5,14,8,2.50,5,1,+4,+3.16,+2.53,Matches
3078,Stéphane Sparagna,fr FRA,DF,Marseille,fr Ligue 1,28,1995,0,,,,,0,,0,0,,7,,,,,,,Matches
3079,Djed Spence,eng ENG,MF,Genoa,it Serie A,22,2000,16,859,54,25.1,9.5,8,79,6,8,29,2,1.63,10,9,+1,+0.10,+0.14,Matches
3080,Stijn Spierings,nl NED,MF,Toulouse,fr Ligue 1,27,1996,22,1516,69,49.5,16.8,16,86,12,6,24,3,1.14,18,20,-2,-0.12,0.00,Matches
3081,Stijn Spierings,nl NED,MF,Lens,fr Ligue 1,27,1996,4,118,30,3.9,1.3,1,56,0,3,21,0,0.25,1,5,-4,-3.05,-3.42,Matches
3082,Leonardo Spinazzola,it ITA,"MF,DF",Roma,it Serie A,30,1993,24,1312,55,38.4,14.6,15,72,4,9,27,6,1.63,27,18,+9,+0.62,+0.19,Matches
3083,Marco Sportiello,it ITA,GK,Milan,it Serie A,31,1992,7,630,90,18.4,7.0,7,90,7,0,,19,1.71,16,11,+5,+0.71,0.00,Matches
3084,Giacomo Stabile,it ITA,DF,Inter,it Serie A,18,2005,0,,,,,0,,0,0,,8,,,,,,,Matches
3085,Anton Stach,de GER,MF,Hoffenheim,de Bundesliga,24,1998,31,2321,75,75.8,25.8,26,83,16,5,33,0,1.29,47,55,-8,-0.31,-1.28,Matches
3086,Anton Stach,de GER,MF,Mainz 05,de Bundesliga,24,1998,2,170,85,5.6,1.9,2,85,1,0,,0,0.50,2,4,-2,-1.06,-0.75,Matches
3087,Jens Stage,dk DEN,MF,Werder Bremen,de Bundesliga,26,1996,30,2327,78,76.0,25.9,26,85,15,4,29,0,1.20,32,39,-7,-0.27,-0.39,Matches
3088,Dimitrios Stamatakis,gr GRE,GK,Osasuna,es La Liga,20,2003,0,,,,,0,,0,0,,9,,,,,,,Matches
3089,Benjamin Stambouli,fr FRA,MF,Reims,fr Ligue 1,32,1990,7,286,41,9.3,3.2,3,65,0,4,23,3,0.86,3,5,-2,-0.63,-0.53,Matches
3090,Josip Stanišić,hr CRO,"DF,MF",Leverkusen,de Bundesliga,23,2000,20,1261,63,41.2,14.0,13,90,12,7,13,12,2.70,35,9,+26,+1.86,-0.10,Matches
3091,Aleksandar Stanković,rs SRB,MF,Inter,it Serie A,17,2005,0,,,,,0,,0,0,,11,,,,,,,Matches
3092,Jay Stansfield,eng ENG,"FW,MF",Fulham,eng Premier League,20,2002,0,,,,,0,,0,0,,1,,,,,,,Matches
3093,Carl Starfelt,se SWE,DF,Celta Vigo,es La Liga,28,1995,27,2216,82,64.8,24.6,26,84,20,1,23,7,1.00,27,38,-11,-0.45,-0.45,Matches
3094,Niklas Stark,de GER,DF,Werder Bremen,de Bundesliga,28,1995,17,1088,64,35.6,12.1,12,85,10,5,13,3,1.47,20,16,+4,+0.33,+0.79,Matches
3095,Jason Steele,eng ENG,GK,Brighton,eng Premier League,32,1990,17,1530,90,44.7,17.0,17,90,17,0,,21,1.12,24,34,-10,-0.59,-0.73,Matches
3096,Pascal Stenzel,de GER,DF,Stuttgart,de Bundesliga,27,1996,23,1064,46,34.8,11.8,14,68,1,9,12,9,2.30,30,13,+17,+1.44,+0.45,Matches
3097,Leonidas Stergiou,ch SUI,DF,Stuttgart,de Bundesliga,21,2002,15,594,40,19.4,6.6,6,81,4,9,12,17,2.13,14,6,+8,+1.21,+0.08,Matches
3098,Raheem Sterling,eng ENG,MF,Chelsea,eng Premier League,28,1994,31,1978,64,57.8,22.0,22,82,9,9,20,3,1.48,41,39,+2,+0.09,-0.66,Matches
3099,Trivante Stewart,jm JAM,FW,Salernitana,it Serie A,23,2000,4,100,25,2.9,1.1,0,,0,4,25,6,0.25,2,6,-4,-3.60,-2.38,Matches
3100,Angelo Stiller,de GER,MF,Hoffenheim,de Bundesliga,22,2001,1,84,84,2.7,0.9,1,84,0,0,,0,0.00,1,2,-1,-1.07,-1.10,Matches
3101,Angelo Stiller,de GER,MF,Stuttgart,de Bundesliga,22,2001,31,2694,87,88.0,29.9,30,89,26,1,20,0,2.23,69,32,+37,+1.24,+0.74,Matches
3102,Kevin Stöger,at AUT,MF,Bochum,de Bundesliga,29,1993,32,2668,83,87.2,29.6,32,83,21,0,,0,0.94,38,65,-27,-0.91,+0.24,Matches
3103,Petar Stojanović,si SVN,"DF,MF",Empoli,it Serie A,27,1995,0,,,,,0,,0,0,,1,,,,,,,Matches
3104,Filip Stojilković,ch SUI,FW,Darmstadt 98,de Bundesliga,23,2000,6,154,26,5.0,1.7,0,,0,6,26,2,0.00,0,4,-4,-2.34,-0.73,Matches
3105,John Stones,eng ENG,DF,Manchester City,eng Premier League,29,1994,16,1064,67,31.1,11.8,12,83,9,4,17,11,2.38,25,9,+16,+1.35,-0.40,Matches
3106,Thomas Strakosha,al ALB,GK,Brentford,eng Premier League,28,1995,2,135,68,3.9,1.5,1,90,1,1,45,32,1.50,3,2,+1,+0.67,+0.94,Matches
3107,Jørgen Strand Larsen,no NOR,FW,Celta Vigo,es La Liga,23,2000,37,2863,77,83.7,31.8,36,79,10,1,27,0,1.11,36,35,+1,+0.03,+1.97,Matches
3108,Gabriel Strefezza,br BRA,"FW,MF",Lecce,it Serie A,26,1997,19,1112,59,32.5,12.4,13,75,2,6,22,2,1.05,9,18,-9,-0.73,-0.22,Matches
3109,Kevin Strootman,nl NED,MF,Genoa,it Serie A,33,1990,27,1207,45,35.3,13.4,15,66,2,12,19,3,1.41,16,14,+2,+0.15,+0.23,Matches
3110,Cristhian Stuani,uy URU,FW,Girona,es La Liga,36,1986,31,804,26,23.5,8.9,5,65,0,26,18,1,2.10,24,10,+14,+1.57,+0.71,Matches
3111,Lovro Štubljar,si SVN,GK,Empoli,it Serie A,18,2004,0,,,,,0,,0,0,,7,,,,,,,Matches
3112,Zak Sturge,eng ENG,DF,Chelsea,eng Premier League,19,2004,0,,,,,0,,0,0,,1,,,,,,,Matches
3113,Ronnie Stutter,eng ENG,FW,Chelsea,eng Premier League,18,2005,0,,,,,0,,0,0,,1,,,,,,,Matches
3114,Álex Suárez,es ESP,DF,Las Palmas,es La Liga,30,1993,32,2562,80,74.9,28.5,30,85,21,2,12,5,1.00,25,35,-10,-0.35,+0.07,Matches
3115,Damián Suárez,uy URU,DF,Getafe,es La Liga,35,1988,16,1299,81,38.0,14.4,15,84,9,1,45,1,1.12,20,26,-6,-0.42,-0.16,Matches
3116,Denis Suárez,es ESP,MF,Villarreal,es La Liga,29,1994,4,133,33,3.9,1.5,1,90,1,3,14,1,0.75,1,5,-4,-2.71,-2.82,Matches
3117,Gabriel Suazo,cl CHI,"DF,MF",Toulouse,fr Ligue 1,25,1997,31,2357,76,77.0,26.2,27,84,17,4,25,1,1.16,30,38,-8,-0.31,-0.82,Matches
3118,Isaac Success,ng NGA,"FW,MF",Udinese,it Serie A,27,1996,27,880,33,25.7,9.8,9,62,2,18,18,9,1.00,11,15,-4,-0.41,+0.02,Matches
3119,Niklas Süle,de GER,DF,Dortmund,de Bundesliga,27,1995,23,1514,66,49.5,16.8,14,87,13,9,33,9,1.74,30,19,+11,+0.65,-0.16,Matches
3120,Ibrahim Sulemana,gh GHA,MF,Cagliari,it Serie A,20,2003,21,1339,64,39.2,14.9,16,73,8,5,33,12,0.86,16,26,-10,-0.67,+0.02,Matches
3121,Tomáš Suslov,sk SVK,MF,Hellas Verona,it Serie A,21,2002,32,2092,65,61.2,23.2,23,83,9,9,21,2,0.97,28,34,-6,-0.26,+0.22,Matches
3122,Suso,es ESP,MF,Sevilla,es La Liga,29,1993,29,1517,52,44.4,16.9,15,77,6,14,26,1,1.03,30,35,-5,-0.30,-0.25,Matches
3123,Mahamadou Susoho,es ESP,MF,Manchester City,eng Premier League,18,2005,0,,,,,0,,0,0,,6,,,,,,,Matches
3124,Mattias Svanberg,se SWE,MF,Wolfsburg,de Bundesliga,24,1999,25,1715,69,56.0,19.1,20,80,5,5,25,4,1.16,25,33,-8,-0.42,+0.05,Matches
3125,Max Svensson,es ESP,FW,Osasuna,es La Liga,21,2001,1,3,3,0.1,0.0,0,,0,1,3,4,1.00,0,0,0,0.00,+0.29,Matches
3126,Velizar-Ilia Svetozarov Iliev,bg BUL,GK,Cagliari,it Serie A,18,2005,0,,,,,0,,0,0,,3,,,,,,,Matches
3127,Martin Šviderský,sk SVK,MF,Almería,es La Liga,20,2002,0,,,,,0,,0,0,,4,,,,,,,Matches
3128,Mile Svilar,rs SRB,GK,Roma,it Serie A,23,1999,15,1350,90,39.5,15.0,15,90,15,0,,23,1.67,24,19,+5,+0.33,-0.28,Matches
3129,Williot Swedberg,se SWE,FW,Celta Vigo,es La Liga,19,2004,15,439,29,12.8,4.9,4,67,0,11,15,16,1.27,11,13,-2,-0.41,-0.14,Matches
3130,James Sweet,wls WAL,DF,Arsenal,eng Premier League,19,2003,0,,,,,0,,0,0,,1,,,,,,,Matches
3131,Karol Świderski,pl POL,"FW,MF",Hellas Verona,it Serie A,26,1997,15,504,34,14.7,5.6,3,57,0,12,28,0,1.27,7,7,0,0.00,+0.40,Matches
3132,Abakar Sylla,ci CIV,DF,Strasbourg,fr Ligue 1,20,2002,22,1792,81,58.6,19.9,19,88,16,3,42,9,1.18,24,32,-8,-0.40,-0.12,Matches
3133,Dembo Sylla,gn GUI,"DF,MF",Lorient,fr Ligue 1,20,2002,1,45,45,1.5,0.5,0,,0,1,45,4,0.00,0,3,-3,-6.00,-5.40,Matches
3134,Fodé Sylla,fr FRA,MF,Lens,fr Ligue 1,17,2006,0,,,,,0,,0,0,,3,,,,,,,Matches
3135,Issiaga Sylla,gn GUI,"DF,MF",Montpellier,fr Ligue 1,29,1994,19,1455,77,47.5,16.2,17,85,14,2,7,1,1.26,25,24,+1,+0.06,+0.40,Matches
3136,Mamadou Sylla,sn SEN,FW,Alavés,es La Liga,29,1994,2,18,9,0.5,0.2,0,,0,2,9,0,1.50,0,1,-1,-5.00,-4.76,Matches
3137,Mohamed Sylla,fr FRA,DF,Clermont Foot,fr Ligue 1,19,2004,0,,,,,0,,0,0,,2,,,,,,,Matches
3138,Attila Szalai,hu HUN,DF,Hoffenheim,de Bundesliga,25,1998,4,288,72,9.4,3.2,4,72,2,0,,14,1.50,7,7,0,0.00,0.00,Matches
3139,Attila Szalai,hu HUN,"DF,MF",Freiburg,de Bundesliga,25,1998,3,103,34,3.4,1.1,0,,0,3,34,12,1.00,0,3,-3,-2.62,-2.32,Matches
3140,Wojciech Szczęsny,pl POL,GK,Juventus,it Serie A,33,1990,35,3150,90,92.1,35.0,35,90,35,0,,1,1.83,49,30,+19,+0.54,-0.79,Matches
3141,Dominik Szoboszlai,hu HUN,MF,Liverpool,eng Premier League,22,2000,33,2104,64,61.5,23.4,25,79,12,8,15,0,2.12,42,23,+19,+0.81,-0.97,Matches
3142,Przemysław Szymiński,pl POL,DF,Frosinone,it Serie A,29,1994,1,9,9,0.3,0.1,0,,0,1,9,1,3.00,0,0,0,0.00,+0.66,Matches
3143,Alexander Sørloth,no NOR,FW,Villarreal,es La Liga,27,1995,34,2489,73,72.8,27.7,30,79,23,4,27,1,1.41,56,46,+10,+0.36,+1.33,Matches
3144,Musa Al-Taamari,jo JOR,"MF,FW",Montpellier,fr Ligue 1,26,1997,27,1928,71,63.0,21.4,24,78,8,3,23,0,1.41,27,29,-2,-0.09,+0.15,Matches
3145,Nicolás Tagliafico,ar ARG,"DF,MF",Lyon,fr Ligue 1,30,1992,25,2123,85,69.4,23.6,25,85,19,0,,0,1.72,31,36,-5,-0.21,-0.12,Matches
3146,Jonathan Tah,de GER,DF,Leverkusen,de Bundesliga,27,1996,31,2631,85,86.0,29.2,30,87,27,1,19,2,2.68,78,21,+57,+1.95,+0.27,Matches
3147,Flavien Tait,fr FRA,"FW,MF",Rennes,fr Ligue 1,30,1993,0,,,,,0,,0,0,,3,,,,,,,Matches
3148,Montassar Talbi,tn TUN,DF,Lorient,fr Ligue 1,25,1998,25,2204,88,72.0,24.5,25,88,24,0,,1,1.00,36,46,-10,-0.41,+0.96,Matches
3149,Yassin Tallal,es ESP,MF,Getafe,es La Liga,18,2005,1,3,3,0.1,0.0,0,,0,1,3,2,1.00,0,0,0,0.00,+0.32,Matches
3150,Adrien Tameze,cm CMR,"DF,MF",Torino,it Serie A,29,1994,29,2146,74,62.7,23.8,25,81,14,4,30,3,1.38,22,22,0,0.00,0.00,Matches
3151,Japhet Tanganga,eng ENG,DF,Augsburg,de Bundesliga,24,1999,0,,,,,0,,0,0,,1,,,,,,,Matches
3152,Devan Tanton,co COL,DF,Fulham,eng Premier League,19,2004,0,,,,,0,,0,0,,1,,,,,,,Matches
3153,Renato Tapia,pe PER,"MF,DF",Celta Vigo,es La Liga,28,1995,21,1337,64,39.1,14.9,15,81,10,6,19,9,1.10,14,15,-1,-0.07,+0.36,Matches
3154,Edmond Tapsoba,bf BFA,DF,Leverkusen,de Bundesliga,24,1999,28,2087,75,68.2,23.2,23,89,20,5,9,2,2.64,62,19,+43,+1.85,-0.18,Matches
3155,Matt Targett,eng ENG,DF,Newcastle United,eng Premier League,27,1995,3,78,26,2.3,0.9,1,73,0,2,3,8,0.33,0,4,-4,-4.62,-5.34,Matches
3156,Oussama Targhalline,ma MAR,MF,Le Havre,fr Ligue 1,21,2002,14,1025,73,33.5,11.4,12,80,3,2,30,1,1.14,19,15,+4,+0.35,+1.01,Matches
3157,James Tarkowski,eng ENG,DF,Everton,eng Premier League,30,1992,38,3419,90,100.0,38.0,38,90,37,0,,0,1.26,40,51,-11,-0.29,-0.29,Matches
3158,César Tárrega,es ESP,DF,Valencia,es La Liga,21,2002,1,8,8,0.2,0.1,0,,0,1,8,10,3.00,0,0,0,0.00,+0.13,Matches
3159,Jimi Tauriainen,eng ENG,FW,Chelsea,eng Premier League,19,2004,1,1,1,0.0,0.0,0,,0,1,1,4,3.00,0,0,0,0.00,-0.37,Matches
3160,Nuno Tavares,pt POR,DF,Nottingham Forest,eng Premier League,23,2000,8,457,57,13.4,5.1,5,80,4,3,20,5,1.13,8,9,-1,-0.20,+0.32,Matches
3161,Marcus Tavernier,eng ENG,MF,Bournemouth,eng Premier League,24,1999,30,2118,71,61.9,23.5,25,78,7,5,33,0,1.33,37,38,-1,-0.04,+0.79,Matches
3162,Elayis Tavsan,nl NED,"FW,MF",Hellas Verona,it Serie A,22,2001,3,50,17,1.5,0.6,0,,0,3,17,13,0.67,0,1,-1,-1.80,-1.48,Matches
3163,Charlie Taylor,eng ENG,DF,Burnley,eng Premier League,29,1993,28,2331,83,68.2,25.9,25,88,22,3,40,2,0.75,31,46,-15,-0.58,+1.24,Matches
3164,Marciano Tchami,gw GNB,FW,Almería,es La Liga,19,2004,6,43,7,1.3,0.5,0,,0,6,7,6,0.00,0,3,-3,-6.28,-5.51,Matches
3165,Loum Tchaouna,fr FRA,"MF,FW",Salernitana,it Serie A,19,2003,33,2100,64,61.4,23.3,23,81,14,10,23,2,0.33,25,53,-28,-1.20,+0.23,Matches
3166,Arthur Tchaptchet,fr FRA,DF,Reims,fr Ligue 1,17,2006,0,,,,,0,,0,0,,6,,,,,,,Matches
3167,Jackson Tchatchoua,cm CMR,DF,Hellas Verona,it Serie A,21,2001,26,1725,66,50.4,19.2,19,84,13,7,19,7,1.04,25,26,-1,-0.05,+0.58,Matches
3168,Enzo Tchato,cm CMR,DF,Montpellier,fr Ligue 1,20,2002,17,1125,66,36.8,12.5,11,86,8,6,30,14,1.41,16,18,-2,-0.16,-0.02,Matches
3169,Aurélien Tchouaméni,fr FRA,"MF,DF",Real Madrid,es La Liga,23,2000,27,1987,74,58.1,22.1,22,86,18,5,20,1,2.67,48,13,+35,+1.59,-0.05,Matches
3170,Martín Tejón,es ESP,MF,Valencia,es La Liga,19,2004,0,,,,,0,,0,0,,2,,,,,,,Matches
3171,Mathys Tel,fr FRA,"MF,FW",Bayern Munich,de Bundesliga,18,2005,30,1050,35,34.3,11.7,6,85,4,24,22,4,2.10,37,17,+20,+1.71,+0.42,Matches
3172,Nathan Tella,ng NGA,MF,Leverkusen,de Bundesliga,24,1999,24,819,34,26.8,9.1,8,73,1,16,15,8,2.75,24,2,+22,+2.42,+0.69,Matches
3173,Nahuel Tenaglia,ar ARG,DF,Alavés,es La Liga,27,1996,25,1141,46,33.4,12.7,11,85,9,14,14,9,1.48,15,19,-4,-0.32,-0.08,Matches
3174,Arnau Tenas,es ESP,GK,Paris Saint-Germain,fr Ligue 1,22,2001,6,529,88,17.3,5.9,5,90,5,1,79,13,1.83,9,7,+2,+0.34,-1.30,Matches
3175,Marc-André ter Stegen,de GER,GK,Barcelona,es La Liga,31,1992,28,2520,90,73.7,28.0,28,90,28,0,,0,2.32,58,27,+31,+1.11,+0.71,Matches
3176,Filippo Terracciano,it ITA,"MF,DF",Hellas Verona,it Serie A,20,2003,18,1296,72,37.9,14.4,14,85,10,4,28,0,0.78,12,17,-5,-0.35,-0.01,Matches
3177,Filippo Terracciano,it ITA,DF,Milan,it Serie A,20,2003,3,76,25,2.2,0.8,1,64,0,2,6,16,1.33,1,4,-3,-3.55,-4.36,Matches
3178,Pietro Terracciano,it ITA,GK,Fiorentina,it Serie A,33,1990,33,2970,90,86.8,33.0,33,90,33,0,,5,1.61,50,35,+15,+0.45,+0.45,Matches
3179,Ramón Terrats,es ESP,MF,Villarreal,es La Liga,22,2000,19,785,41,23.0,8.7,6,78,1,13,24,7,1.16,13,18,-5,-0.57,-0.74,Matches
3180,Martin Terrier,fr FRA,"FW,MF",Rennes,fr Ligue 1,26,1997,24,1527,64,49.9,17.0,19,75,6,5,19,0,1.42,27,24,+3,+0.18,-0.06,Matches
3181,Kenny Tete,nl NED,DF,Fulham,eng Premier League,27,1995,14,867,62,25.4,9.6,10,82,5,4,13,14,1.07,14,21,-7,-0.73,-0.76,Matches
3182,Benjamin Tetteh,gh GHA,FW,Metz,fr Ligue 1,26,1997,12,278,23,9.1,3.1,1,80,0,11,18,4,0.50,1,4,-3,-0.97,-0.32,Matches
3183,Teddy Teuma,mt MLT,MF,Reims,fr Ligue 1,29,1993,28,2113,75,69.1,23.5,25,81,11,3,28,0,1.46,32,30,+2,+0.09,+0.75,Matches
3184,Florian Thauvin,fr FRA,FW,Udinese,it Serie A,30,1993,29,1710,59,50.0,19.0,19,79,4,10,20,3,0.90,15,28,-13,-0.68,-0.53,Matches
3185,Arthur Theate,be BEL,DF,Rennes,fr Ligue 1,23,2000,28,2296,82,75.0,25.5,27,85,23,1,2,3,1.46,44,35,+9,+0.35,+0.59,Matches
3186,Daniel Theiner,it ITA,GK,Sassuolo,it Serie A,19,2004,0,,,,,0,,0,0,,2,,,,,,,Matches
3187,Norman Theuerkauf,de GER,"MF,DF",Heidenheim,de Bundesliga,36,1987,25,1259,50,41.1,14.0,14,74,4,11,20,8,1.40,20,21,-1,-0.07,+0.13,Matches
3188,Aliou Thiaré,sn SEN,DF,Le Havre,fr Ligue 1,19,2003,0,,,,,0,,0,0,,2,,,,,,,Matches
3189,Malick Thiaw,de GER,DF,Milan,it Serie A,21,2001,21,1619,77,47.3,18.0,19,84,15,2,10,3,1.81,31,24,+7,+0.39,-0.61,Matches
3190,Niclas Thiede,de GER,GK,Bochum,de Bundesliga,24,1999,0,,,,,0,,0,0,,20,,,,,,,Matches
3191,Jan Thielmann,de GER,"FW,MF",Köln,de Bundesliga,21,2002,22,1579,72,51.6,17.5,20,76,7,2,29,1,0.86,8,18,-10,-0.57,+0.77,Matches
3192,Denis Thomalla,de GER,MF,Heidenheim,de Bundesliga,30,1992,21,446,21,14.6,5.0,3,68,0,18,13,5,1.24,9,10,-1,-0.20,-0.06,Matches
3193,Luke Thomas,eng ENG,"MF,DF",Sheffield United,eng Premier League,22,2001,12,917,76,26.8,10.2,11,81,7,1,23,4,0.42,5,29,-24,-2.36,-0.74,Matches
3194,Adrien Thomasson,fr FRA,MF,Lens,fr Ligue 1,29,1993,29,1193,41,39.0,13.3,13,71,1,16,17,4,1.45,14,15,-1,-0.08,-0.51,Matches
3195,Morten Thorsby,no NOR,MF,Genoa,it Serie A,27,1996,24,1157,48,33.8,12.9,9,84,7,15,27,12,1.46,18,20,-2,-0.16,-0.24,Matches
3196,Kristian Thorstvedt,no NOR,MF,Sassuolo,it Serie A,24,1999,34,2397,71,70.1,26.6,30,76,10,4,32,3,0.68,32,53,-21,-0.79,+0.18,Matches
3197,Khéphren Thuram,fr FRA,MF,Nice,fr Ligue 1,22,2001,27,2108,78,68.9,23.4,25,83,16,2,22,0,1.59,27,18,+9,+0.38,+0.20,Matches
3198,Marcus Thuram,fr FRA,FW,Inter,it Serie A,25,1997,35,2687,77,78.6,29.9,34,78,13,1,26,1,2.51,69,19,+50,+1.67,-0.41,Matches
3199,Cheikh Tidiane Sabaly,sn SEN,"MF,FW",Metz,fr Ligue 1,24,1999,29,1379,48,45.1,15.3,17,71,0,12,14,2,0.66,13,24,-11,-0.72,-0.08,Matches
3200,Youri Tielemans,be BEL,"MF,FW",Aston Villa,eng Premier League,26,1997,32,1622,51,47.4,18.0,17,77,6,15,21,0,1.91,40,27,+13,+0.72,+0.62,Matches
3201,Kieran Tierney,sct SCO,DF,Real Sociedad,es La Liga,26,1997,20,1238,62,36.2,13.8,14,75,2,6,32,4,1.75,17,12,+5,+0.36,+0.07,Matches
3202,Phillip Tietz,de GER,FW,Augsburg,de Bundesliga,26,1997,34,2382,70,77.8,26.5,31,74,4,3,30,0,1.15,41,45,-4,-0.15,+0.65,Matches
3203,Steffen Tigges,de GER,FW,Köln,de Bundesliga,25,1998,25,727,29,23.8,8.1,6,69,1,19,17,4,0.88,9,10,-1,-0.12,+1.07,Matches
3204,Antonio Tikvić,hr CRO,DF,Udinese,it Serie A,19,2004,1,1,1,0.0,0.0,0,,0,1,1,33,1.00,0,0,0,0.00,+0.42,Matches
3205,Jurriën Timber,nl NED,DF,Arsenal,eng Premier League,22,2001,2,71,36,2.1,0.8,1,49,0,1,22,0,3.00,3,0,+3,+3.80,+2.22,Matches
3206,Vinicius Tobias,br BRA,DF,Real Madrid,es La Liga,19,2004,0,,,,,0,,0,0,,2,,,,,,,Matches
3207,Jean-Clair Todibo,fr FRA,DF,Nice,fr Ligue 1,23,1999,30,2651,88,86.6,29.5,30,88,27,0,,0,1.60,34,26,+8,+0.27,-0.39,Matches
3208,Harry Toffolo,eng ENG,"DF,MF",Nottingham Forest,eng Premier League,27,1995,23,1459,63,42.7,16.2,15,88,12,8,18,9,0.91,18,29,-11,-0.68,-0.36,Matches
3209,Umut Tohumcu,de GER,MF,Hoffenheim,de Bundesliga,18,2004,20,1011,51,33.0,11.2,12,67,2,8,26,6,1.40,22,17,+5,+0.45,+0.66,Matches
3210,Corentin Tolisso,fr FRA,MF,Lyon,fr Ligue 1,28,1994,25,1741,70,56.9,19.3,21,76,8,4,36,2,1.72,19,28,-9,-0.47,-0.67,Matches
3211,Jeremy Toljan,de GER,DF,Sassuolo,it Serie A,28,1994,25,2083,83,60.9,23.1,24,86,21,1,16,4,1.00,31,40,-9,-0.39,+1.16,Matches
3212,Rafael Tolói,it ITA,DF,Atalanta,it Serie A,32,1990,18,965,54,28.2,10.7,10,82,6,8,18,8,1.89,21,12,+9,+0.84,+0.07,Matches
3213,Raúl de Tomás,es ESP,FW,Rayo Vallecano,es La Liga,28,1994,25,1272,51,37.2,14.1,15,69,1,10,23,11,0.96,13,14,-1,-0.07,+0.68,Matches
3214,Tiago Tomás,pt POR,"FW,MF",Wolfsburg,de Bundesliga,21,2002,26,1032,40,33.7,11.5,11,63,0,15,23,2,1.08,11,20,-9,-0.78,-0.52,Matches
3215,Takehiro Tomiyasu,jp JPN,DF,Arsenal,eng Premier League,24,1998,22,1149,52,33.6,12.8,10,85,7,12,25,1,2.41,30,10,+20,+1.57,-0.10,Matches
3216,James Tomkins,eng ENG,"DF,MF",Crystal Palace,eng Premier League,34,1989,4,10,3,0.3,0.1,0,,0,4,3,24,2.25,0,2,-2,-18.00,-18.03,Matches
3217,Fikayo Tomori,eng ENG,DF,Milan,it Serie A,25,1997,26,2121,82,62.0,23.6,24,86,19,2,28,1,2.04,51,27,+24,+1.02,+0.81,Matches
3218,Sandro Tonali,it ITA,MF,Newcastle United,eng Premier League,23,2000,8,438,55,12.8,4.9,5,74,1,3,22,1,1.63,10,5,+5,+1.03,+0.48,Matches
3219,Ivan Toney,eng ENG,FW,Brentford,eng Premier League,27,1996,17,1450,85,42.4,16.1,16,90,16,1,10,1,0.82,20,30,-10,-0.62,-0.67,Matches
3220,Giacomo Toniolo,it ITA,GK,Hellas Verona,it Serie A,19,2004,0,,,,,0,,0,0,,1,,,,,,,Matches
3221,Pablo Torre,es ESP,MF,Girona,es La Liga,20,2003,26,701,27,20.5,7.8,4,66,0,22,20,10,2.08,14,10,+4,+0.51,-0.64,Matches
3222,Raúl Torrente,es ESP,DF,Granada,es La Liga,21,2001,17,1250,74,36.5,13.9,14,85,10,3,21,13,0.35,11,28,-17,-1.22,-0.23,Matches
3223,Ferrán Torres,es ESP,FW,Barcelona,es La Liga,23,2000,29,1211,42,35.4,13.5,12,68,4,17,23,2,2.21,33,18,+15,+1.11,+0.30,Matches
3224,Óliver Torres,es ESP,MF,Sevilla,es La Liga,28,1994,27,1616,60,47.3,18.0,18,76,3,9,27,3,1.22,20,16,+4,+0.22,+0.72,Matches
3225,Pau Torres,es ESP,DF,Aston Villa,eng Premier League,26,1997,29,2464,85,72.0,27.4,27,88,25,2,45,5,2.07,57,37,+20,+0.73,+1.20,Matches
3226,Lorenzo Torriani,it ITA,GK,Milan,it Serie A,18,2005,0,,,,,0,,0,0,,2,,,,,,,Matches
3227,Lucas Torró,es ESP,MF,Osasuna,es La Liga,29,1994,28,1788,64,52.3,19.9,21,79,10,7,18,9,1.11,22,31,-9,-0.45,-0.34,Matches
3228,Fabio Torsiello,it ITA,FW,Darmstadt 98,de Bundesliga,18,2005,10,156,16,5.1,1.7,1,45,0,9,12,7,0.10,2,5,-3,-1.73,-0.09,Matches
3229,Ahmed Touba,dz ALG,DF,Lecce,it Serie A,25,1998,6,277,46,8.1,3.1,3,79,2,3,14,25,0.67,1,7,-6,-1.95,-1.49,Matches
3230,Abdoulaye Touré,gn GUI,MF,Le Havre,fr Ligue 1,29,1994,30,2284,76,74.6,25.4,27,83,15,3,12,0,0.90,19,34,-15,-0.59,-1.05,Matches
3231,Ousmane Toure,fr FRA,DF,Lille,fr Ligue 1,18,2005,0,,,,,0,,0,0,,4,,,,,,,Matches
3232,Souleymane Touré,fr FRA,DF,Marseille,fr Ligue 1,20,2003,0,,,,,0,,0,0,,3,,,,,,,Matches
3233,Souleymane Touré,fr FRA,DF,Lorient,fr Ligue 1,20,2003,24,2051,85,67.0,22.8,23,87,21,1,45,2,0.79,26,43,-17,-0.75,-0.21,Matches
3234,Lucas Tousart,fr FRA,MF,Union Berlin,de Bundesliga,26,1997,23,1572,68,51.4,17.5,18,80,10,5,28,3,0.83,11,28,-17,-0.97,-0.49,Matches
3235,Andros Townsend,eng ENG,"MF,FW",Luton Town,eng Premier League,32,1991,27,1210,45,35.4,13.4,14,67,1,13,21,3,0.78,16,26,-10,-0.74,+0.19,Matches
3236,James Trafford,eng ENG,GK,Burnley,eng Premier League,20,2002,28,2520,90,73.7,28.0,28,90,28,0,,8,0.50,27,62,-35,-1.25,-1.05,Matches
3237,Adama Traoré,es ESP,MF,Fulham,eng Premier League,27,1996,17,377,22,11.0,4.2,1,78,0,16,19,2,1.06,11,13,-2,-0.48,-0.36,Matches
3238,Bénie Traoré,ci CIV,"FW,MF",Sheffield United,eng Premier League,20,2002,8,387,48,11.3,4.3,3,86,1,5,26,11,0.13,2,13,-11,-2.56,-0.84,Matches
3239,Bénie Traoré,ci CIV,FW,Nantes,fr Ligue 1,20,2002,14,504,36,16.5,5.6,4,67,0,10,24,1,0.79,5,12,-7,-1.25,-0.62,Matches
3240,Bertrand Traoré,bf BFA,MF,Villarreal,es La Liga,27,1995,11,568,52,16.6,6.3,6,77,1,5,22,2,2.00,17,5,+12,+1.90,+2.28,Matches
3241,Bertrand Traoré,bf BFA,"FW,MF",Aston Villa,eng Premier League,27,1995,2,11,6,0.3,0.1,0,,0,2,6,6,3.00,0,0,0,0.00,-0.40,Matches
3242,Boubacar Traoré,ml MLI,MF,Wolves,eng Premier League,21,2001,24,819,34,23.9,9.1,7,78,5,17,16,9,1.00,9,23,-14,-1.54,-1.50,Matches
3243,Chaka Traorè,ci CIV,FW,Milan,it Serie A,18,2004,2,20,10,0.6,0.2,0,,0,2,10,7,3.00,1,1,0,0.00,-0.71,Matches
3244,Daouda Traoré,fr FRA,MF,Nice,fr Ligue 1,17,2006,1,16,16,0.5,0.2,0,,0,1,16,5,1.00,1,0,+1,+5.63,+5.33,Matches
3245,Hamari Traoré,ml MLI,DF,Real Sociedad,es La Liga,31,1992,31,2292,74,67.0,25.5,27,82,18,4,22,1,1.68,43,27,+16,+0.63,+0.95,Matches
3246,Ismaël Traoré,ci CIV,DF,Metz,fr Ligue 1,36,1986,26,2220,85,72.5,24.7,25,89,23,1,6,2,0.73,27,45,-18,-0.73,-0.19,Matches
3247,Omar Traoré,de GER,DF,Heidenheim,de Bundesliga,25,1998,31,2472,80,80.8,27.5,29,83,19,2,38,1,1.13,43,46,-3,-0.11,+0.20,Matches
3248,Kevin Trapp,de GER,GK,Eintracht Frankfurt,de Bundesliga,33,1990,32,2880,90,94.1,32.0,32,90,32,0,,0,1.34,47,48,-1,-0.03,-1.03,Matches
3249,Mark Travers,ie IRL,GK,Bournemouth,eng Premier League,24,1999,4,360,90,10.5,4.0,4,90,4,0,,25,1.50,5,5,0,0.00,+0.38,Matches
3250,Óscar Trejo,ar ARG,"FW,MF",Rayo Vallecano,es La Liga,35,1988,31,1380,45,40.4,15.3,19,60,1,12,20,2,1.10,12,18,-6,-0.39,+0.18,Matches
3251,Mike Trésor,be BEL,"MF,FW",Burnley,eng Premier League,24,1999,16,420,26,12.3,4.7,3,62,0,13,18,9,0.63,4,10,-6,-1.29,-0.36,Matches
3252,Ryan Trevitt,eng ENG,MF,Brentford,eng Premier League,20,2003,0,,,,,0,,0,0,,2,,,,,,,Matches
3253,Manu Trigueros,es ESP,MF,Villarreal,es La Liga,31,1991,14,309,22,9.0,3.4,2,82,1,12,12,24,1.36,3,5,-2,-0.58,-0.64,Matches
3254,Christopher Trimmel,at AUT,"MF,DF",Union Berlin,de Bundesliga,36,1987,26,1646,63,53.8,18.3,19,79,8,7,20,6,0.88,15,33,-18,-0.98,-0.54,Matches
3255,Kieran Trippier,eng ENG,DF,Newcastle United,eng Premier League,32,1990,28,2236,80,65.4,24.8,26,86,21,2,6,0,1.46,49,43,+6,+0.24,-1.05,Matches
3256,Pol Tristán,es ESP,GK,Granada,es La Liga,21,2002,0,,,,,0,,0,0,,1,,,,,,,Matches
3257,Leandro Trossard,be BEL,"FW,MF",Arsenal,eng Premier League,28,1994,34,1649,49,48.2,18.3,18,72,3,16,22,3,2.32,45,11,+34,+1.86,+0.43,Matches
3258,Adrien Truffert,fr FRA,"DF,MF",Rennes,fr Ligue 1,21,2001,30,2145,72,70.1,23.8,24,84,17,6,23,0,1.33,34,29,+5,+0.21,+0.01,Matches
3259,Auston Trusty,us USA,DF,Sheffield United,eng Premier League,24,1998,32,2572,80,75.2,28.6,28,89,24,4,21,6,0.38,22,81,-59,-2.06,-1.00,Matches
3260,Kostas Tsimikas,gr GRE,DF,Liverpool,eng Premier League,27,1996,13,679,52,19.9,7.5,8,79,6,5,9,17,2.15,16,7,+9,+1.19,+0.01,Matches
3261,Viktor Tsyhankov,ua UKR,MF,Girona,es La Liga,25,1997,30,2052,68,60.0,22.8,26,76,4,4,22,0,2.17,49,26,+23,+1.01,-0.04,Matches
3262,Alexandre Tunkadi,fr FRA,MF,Marseille,fr Ligue 1,17,2005,0,,,,,0,,0,0,,1,,,,,,,Matches
3263,Stefano Turati,it ITA,GK,Frosinone,it Serie A,21,2001,31,2745,89,80.3,30.5,31,89,30,0,,2,0.87,37,58,-21,-0.69,-0.16,Matches
3264,Matt Turner,us USA,GK,Nottingham Forest,eng Premier League,29,1994,17,1530,90,44.7,17.0,17,90,17,0,,20,1.11,24,29,-5,-0.29,+0.32,Matches
3265,Beñat Turrientes,es ESP,MF,Real Sociedad,es La Liga,21,2002,29,1687,58,49.3,18.7,19,78,6,10,21,8,1.86,23,18,+5,+0.27,-0.10,Matches
3266,Tuta,br BRA,"DF,MF",Eintracht Frankfurt,de Bundesliga,24,1999,30,2600,87,85.0,28.9,30,87,22,0,,1,1.40,43,42,+1,+0.03,+0.03,Matches
3267,Destiny Udogie,it ITA,DF,Tottenham Hotspur,eng Premier League,20,2002,28,2391,85,69.9,26.6,28,85,21,0,,0,1.93,56,40,+16,+0.60,+0.86,Matches
3268,Matthieu Udol,fr FRA,DF,Metz,fr Ligue 1,27,1996,30,2700,90,88.2,30.0,30,90,30,0,,0,0.93,29,46,-17,-0.57,+0.93,Matches
3269,Manuel Ugarte,uy URU,MF,Paris Saint-Germain,fr Ligue 1,22,2001,25,1932,77,63.1,21.5,21,84,15,4,42,8,2.28,54,19,+35,+1.63,+0.59,Matches
3270,Lesley Ugochukwu,fr FRA,MF,Chelsea,eng Premier League,19,2004,12,301,25,8.8,3.3,3,72,1,9,9,5,1.50,3,6,-3,-0.90,-1.39,Matches
3271,Hwang Ui-jo,kr KOR,"FW,MF",Nottingham Forest,eng Premier League,30,1992,0,,,,,0,,0,0,,2,,,,,,,Matches
3272,Lukas Ullrich,de GER,DF,Gladbach,de Bundesliga,19,2004,4,47,12,1.5,0.5,0,,0,4,12,2,0.00,0,3,-3,-5.74,-5.51,Matches
3273,Sven Ulreich,de GER,GK,Bayern Munich,de Bundesliga,34,1988,11,990,90,32.4,11.0,11,90,11,0,,21,2.09,30,12,+18,+1.64,+0.29,Matches
3274,Franco Umeh-Chibueze,ie IRL,MF,Crystal Palace,eng Premier League,18,2005,0,,,,,0,,0,0,,5,,,,,,,Matches
3275,Samuel Umtiti,fr FRA,DF,Lille,fr Ligue 1,29,1993,6,185,31,6.0,2.1,2,68,1,4,13,10,1.83,2,5,-3,-1.46,-2.12,Matches
3276,Enes Ünal,tr TUR,FW,Bournemouth,eng Premier League,26,1997,16,328,21,9.6,3.6,2,67,0,14,14,0,1.31,11,9,+2,+0.55,+0.99,Matches
3277,Enes Ünal,tr TUR,FW,Getafe,es La Liga,26,1997,3,140,47,4.1,1.6,1,90,1,2,25,1,1.00,2,3,-1,-0.64,-0.34,Matches
3278,Deniz Undav,de GER,"FW,MF",Stuttgart,de Bundesliga,27,1996,30,2089,70,68.3,23.2,23,83,8,7,27,0,2.20,53,27,+26,+1.12,-0.08,Matches
3279,Dayot Upamecano,fr FRA,DF,Bayern Munich,de Bundesliga,24,1998,25,1762,70,57.6,19.6,19,82,14,6,34,3,1.92,43,28,+15,+0.77,-1.59,Matches
3280,Kacper Urbanski,pl POL,"MF,FW",Bologna,it Serie A,18,2004,22,926,42,27.1,10.3,9,72,2,13,21,16,1.91,15,10,+5,+0.49,-0.13,Matches
3281,Mark Uth,de GER,"MF,FW",Köln,de Bundesliga,31,1991,11,373,34,12.2,4.1,3,65,0,8,22,2,0.91,6,9,-3,-0.72,+0.25,Matches
3282,Myrto Uzuni,al ALB,"FW,MF",Granada,es La Liga,28,1995,34,2448,72,71.6,27.2,28,81,11,6,32,1,0.62,30,53,-23,-0.85,+0.82,Matches
3283,Josha Vagnoman,de GER,"MF,DF",Stuttgart,de Bundesliga,22,2000,18,1183,66,38.7,13.1,12,85,7,6,28,0,2.17,25,19,+6,+0.46,-1.13,Matches
3284,Hákon Valdimarsson,is ISL,GK,Brentford,eng Premier League,21,2001,0,,,,,0,,0,0,,4,,,,,,,Matches
3285,Pablo Valencia,es ESP,GK,Osasuna,es La Liga,22,2001,0,,,,,0,,0,0,,19,,,,,,,Matches
3286,Óscar Valentín,es ESP,MF,Rayo Vallecano,es La Liga,28,1994,34,2692,79,78.7,29.9,32,83,20,2,21,2,1.09,21,29,-8,-0.27,+1.09,Matches
3287,Emanuele Valeri,it ITA,"MF,DF",Frosinone,it Serie A,24,1998,16,1178,74,34.4,13.1,14,82,12,2,13,0,0.75,11,22,-11,-0.84,-0.28,Matches
3288,Martin Valjent,sk SVK,DF,Mallorca,es La Liga,27,1995,28,2349,84,68.7,26.1,28,84,22,0,,1,0.96,24,34,-10,-0.38,-0.30,Matches
3289,Jesús Vallejo,es ESP,DF,Granada,es La Liga,26,1997,3,108,36,3.2,1.2,1,90,1,2,9,1,1.33,1,4,-3,-2.50,-1.47,Matches
3290,Manu Vallejo,es ESP,"FW,MF",Girona,es La Liga,26,1997,0,,,,,0,,0,0,,2,,,,,,,Matches
3291,Álvaro Vallés,es ESP,GK,Las Palmas,es La Liga,26,1997,37,3263,88,95.4,36.3,37,88,36,0,,0,1.08,33,44,-11,-0.30,+1.42,Matches
3292,Ritchy Valme,fr FRA,DF,Monaco,fr Ligue 1,18,2005,0,,,,,0,,0,0,,5,,,,,,,Matches
3293,Federico Valverde,uy URU,MF,Real Madrid,es La Liga,25,1998,37,2904,78,84.9,32.3,33,86,22,4,19,1,2.49,76,22,+54,+1.67,+0.45,Matches
3294,Kévin Van Den Kerkhof,dz ALG,"MF,FW",Metz,fr Ligue 1,27,1996,29,1913,66,62.5,21.3,21,82,7,8,25,1,0.83,21,32,-11,-0.52,+0.42,Matches
3295,Siebe Van Der Heyden,be BEL,DF,Mallorca,es La Liga,25,1998,6,286,48,8.4,3.2,4,67,1,2,9,25,0.86,3,5,-2,-0.63,-0.37,Matches
3296,Virgil van Dijk,nl NED,DF,Liverpool,eng Premier League,32,1991,36,3177,88,92.9,35.3,36,88,35,0,,0,2.11,78,40,+38,+1.08,-1.52,Matches
3297,Jelle Van Neck,be BEL,GK,Marseille,fr Ligue 1,19,2004,0,,,,,0,,0,0,,1,,,,,,,Matches
3298,Vanderson,br BRA,"MF,DF",Monaco,fr Ligue 1,22,2001,20,1641,82,53.6,18.2,20,82,11,0,,5,2.00,39,25,+14,+0.77,+0.01,Matches
3299,Tommaso Vannucchi,it ITA,GK,Fiorentina,it Serie A,16,2007,0,,,,,0,,0,0,,17,,,,,,,Matches
3300,Raphaël Varane,fr FRA,DF,Manchester Utd,eng Premier League,30,1993,22,1375,63,40.2,15.3,16,81,12,6,12,4,1.91,25,23,+2,+0.13,+0.26,Matches
3301,Ruben Vargas,ch SUI,"MF,FW",Augsburg,de Bundesliga,24,1998,31,1962,63,64.1,21.8,25,72,3,6,26,0,1.16,32,41,-9,-0.41,-0.33,Matches
3302,Johan Vásquez,mx MEX,DF,Genoa,it Serie A,24,1998,37,2850,77,83.3,31.7,32,85,26,5,25,0,1.32,35,33,+2,+0.06,+0.38,Matches
3303,José Luis García Vayá,es ESP,MF,Valencia,es La Liga,24,1998,37,3302,89,96.5,36.7,37,89,34,0,,0,1.32,39,43,-4,-0.11,+0.65,Matches
3304,Borja Vázquez,es ESP,FW,Cádiz,es La Liga,18,2005,1,4,4,0.1,0.0,0,,0,1,4,0,0.00,0,0,0,0.00,+0.76,Matches
3305,Jesus Vazquez,es ESP,DF,Valencia,es La Liga,20,2003,20,716,36,20.9,8.0,6,81,3,14,17,7,1.50,11,10,+1,+0.13,+0.33,Matches
3306,Kevin Vázquez,es ESP,DF,Celta Vigo,es La Liga,30,1993,12,700,58,20.5,7.8,10,69,3,2,5,24,0.67,9,13,-4,-0.51,-0.28,Matches
3307,Lucas Vázquez,es ESP,DF,Real Madrid,es La Liga,32,1991,29,1419,49,41.5,15.8,14,86,10,15,15,9,2.55,37,15,+22,+1.40,-0.36,Matches
3308,Matías Vecino,uy URU,MF,Lazio,it Serie A,31,1991,31,1153,37,33.7,12.8,8,78,3,23,23,5,1.68,20,15,+5,+0.39,+0.19,Matches
3309,Gabriel Veiga,es ESP,MF,Celta Vigo,es La Liga,21,2002,1,18,18,0.5,0.2,0,,0,1,18,1,0.00,0,1,-1,-5.00,-4.74,Matches
3310,Alejo Véliz,ar ARG,FW,Tottenham Hotspur,eng Premier League,19,2003,8,50,6,1.5,0.6,0,,0,8,6,5,1.88,3,2,+1,+1.80,+1.48,Matches
3311,Alejo Véliz,ar ARG,FW,Sevilla,es La Liga,19,2003,6,35,6,1.0,0.4,0,,0,6,6,6,1.17,0,2,-2,-5.14,-5.04,Matches
3312,Miloš Veljković,rs SRB,DF,Werder Bremen,de Bundesliga,27,1995,23,1920,83,62.7,21.3,21,88,19,2,36,1,1.04,33,40,-7,-0.33,-0.41,Matches
3313,Joël Veltman,nl NED,DF,Brighton,eng Premier League,31,1992,27,1588,59,46.4,17.6,17,80,13,10,22,2,1.30,28,32,-4,-0.23,-0.08,Matches
3314,Micky van de Ven,nl NED,DF,Tottenham Hotspur,eng Premier League,22,2001,27,2339,87,68.4,26.0,27,87,23,0,,1,1.85,47,38,+9,+0.35,+0.01,Matches
3315,Lorenzo Venuti,it ITA,DF,Lecce,it Serie A,28,1995,14,364,26,10.6,4.0,3,74,1,11,13,23,0.93,2,12,-10,-2.47,-2.12,Matches
3316,Bart Verbruggen,nl NED,GK,Brighton,eng Premier League,20,2002,21,1890,90,55.3,21.0,21,90,21,0,,17,1.38,31,28,+3,+0.14,+0.73,Matches
3317,Simone Verdi,it ITA,"FW,MF",Torino,it Serie A,31,1992,1,4,4,0.1,0.0,0,,0,1,4,0,1.00,0,0,0,0.00,0.00,Matches
3318,Jordan Veretout,fr FRA,MF,Marseille,fr Ligue 1,30,1993,29,2183,75,71.3,24.3,24,86,18,5,24,0,1.48,37,34,+3,+0.12,-0.70,Matches
3319,Arthur Vermeeren,be BEL,MF,Atlético Madrid,es La Liga,18,2005,5,162,32,4.7,1.8,2,51,0,3,20,13,1.80,3,2,+1,+0.56,-0.16,Matches
3320,Yorbe Vertessen,be BEL,"FW,MF",Union Berlin,de Bundesliga,22,2001,13,593,46,19.4,6.6,7,60,0,6,28,2,1.00,7,10,-3,-0.46,+0.35,Matches
3321,Filippo Vertua,it ITA,GK,Empoli,it Serie A,17,2006,0,,,,,0,,0,0,,2,,,,,,,Matches
3322,Mikel Vesga,es ESP,MF,Athletic Club,es La Liga,30,1993,27,1534,57,44.9,17.0,18,75,8,9,20,6,1.78,26,18,+8,+0.47,-0.29,Matches
3323,Guglielmo Vicario,it ITA,GK,Tottenham Hotspur,eng Premier League,26,1996,38,3420,90,100.0,38.0,38,90,38,0,,0,1.74,74,61,+13,+0.34,,Matches
3324,Carlos Vicente,es ESP,MF,Alavés,es La Liga,24,1999,18,1114,62,32.6,12.4,12,79,2,6,28,1,1.67,17,13,+4,+0.32,+0.87,Matches
3325,Pau Victor,es ESP,FW,Barcelona,es La Liga,21,2001,0,,,,,0,,0,0,,3,,,,,,,Matches
3326,Nacho Vidal,es ESP,DF,Osasuna,es La Liga,28,1995,7,96,14,2.8,1.1,0,,0,7,14,13,2.00,2,2,0,0.00,+0.30,Matches
3327,Nacho Vidal,es ESP,DF,Mallorca,es La Liga,28,1995,8,416,52,12.2,4.6,5,68,1,3,26,9,1.88,3,4,-1,-0.22,+0.08,Matches
3328,Fabio Vieira,pt POR,MF,Arsenal,eng Premier League,23,2000,11,297,27,8.7,3.3,2,62,0,9,19,13,2.36,11,2,+9,+2.73,+1.20,Matches
3329,Fran Vieites,es ESP,GK,Real Betis,es La Liga,24,1999,4,315,79,9.2,3.5,3,90,3,1,45,28,1.25,2,4,-2,-0.57,-0.72,Matches
3330,Jonathan Viera,es ESP,"MF,FW",Las Palmas,es La Liga,33,1989,9,617,69,18.0,6.9,7,82,3,2,22,0,1.22,3,7,-4,-0.58,-0.26,Matches
3331,Jonathan Viera,es ESP,MF,Almería,es La Liga,33,1989,12,912,76,26.7,10.1,12,76,2,0,,2,0.83,16,18,-2,-0.20,+0.88,Matches
3332,Emanuel Vignato,it ITA,"MF,FW",Salernitana,it Serie A,22,2000,9,311,35,9.1,3.5,3,69,0,6,18,7,0.44,7,6,+1,+0.29,+1.74,Matches
3333,Samuele Vignato,it ITA,MF,Monza,it Serie A,19,2004,10,343,34,10.0,3.8,3,65,0,7,21,12,1.50,4,2,+2,+0.52,+0.93,Matches
3334,Lawrence Vigouroux,cl CHI,GK,Burnley,eng Premier League,29,1993,0,,,,,0,,0,0,,5,,,,,,,Matches
3335,Oscar Vilhelmsson,se SWE,FW,Darmstadt 98,de Bundesliga,19,2003,26,1374,53,44.9,15.3,16,73,5,10,21,2,0.31,12,37,-25,-1.64,+0.02,Matches
3336,Toni Villa,es ESP,MF,Girona,es La Liga,28,1995,2,13,7,0.4,0.1,0,,0,2,7,6,1.50,0,0,0,0.00,-1.03,Matches
3337,Asier Villalibre,es ESP,FW,Athletic Club,es La Liga,25,1997,18,513,29,15.0,5.7,4,55,0,14,21,20,1.72,8,6,+2,+0.35,-0.33,Matches
3338,Gonzalo Villar,es ESP,MF,Granada,es La Liga,25,1998,35,1803,52,52.7,20.0,21,69,4,14,26,0,0.49,21,42,-21,-1.05,+0.06,Matches
3339,Iván Villar,es ESP,GK,Celta Vigo,es La Liga,26,1997,12,1014,85,29.6,11.3,12,85,11,0,,22,1.00,15,19,-4,-0.36,-0.09,Matches
3340,Matías Viña,uy URU,DF,Sassuolo,it Serie A,25,1997,15,1014,68,29.6,11.3,13,72,3,2,41,0,1.00,16,15,+1,+0.09,+1.32,Matches
3341,Rúben Vinagre,pt POR,DF,Hellas Verona,it Serie A,24,1999,12,282,24,8.2,3.1,2,76,1,10,13,5,1.42,5,6,-1,-0.32,+0.03,Matches
3342,Alessandro Vinciguerra,it ITA,FW,Cagliari,it Serie A,17,2005,0,,,,,0,,0,0,,2,,,,,,,Matches
3343,Carlos Vinícius,br BRA,FW,Fulham,eng Premier League,28,1995,13,315,24,9.2,3.5,2,61,0,11,18,7,1.23,6,5,+1,+0.29,+0.49,Matches
3344,Nicolas Viola,it ITA,"MF,FW",Cagliari,it Serie A,33,1989,26,1207,46,35.3,13.4,11,73,3,15,27,10,1.12,25,18,+7,+0.52,+1.86,Matches
3345,João Virgínia,pt POR,GK,Everton,eng Premier League,23,1999,0,,,,,0,,0,0,,38,,,,,,,Matches
3346,Alan Virginius,fr FRA,MF,Lille,fr Ligue 1,20,2003,2,71,36,2.3,0.8,1,66,0,1,5,5,2.00,0,1,-1,-1.27,-1.84,Matches
3347,Alan Virginius,fr FRA,"MF,FW",Clermont Foot,fr Ligue 1,20,2003,14,934,67,30.5,10.4,12,73,0,2,30,0,0.93,10,19,-9,-0.87,+0.19,Matches
3348,Paolo Vismara,it ITA,GK,Atalanta,it Serie A,20,2003,0,,,,,0,,0,0,,3,,,,,,,Matches
3349,Ricardo Visus,es ESP,DF,Real Betis,es La Liga,22,2001,3,166,55,4.9,1.8,1,90,1,2,38,9,1.67,0,0,0,0.00,-0.08,Matches
3350,Radek Vítek,,GK,Manchester Utd,eng Premier League,19,2003,0,,,,,0,,0,0,,1,,,,,,,Matches
3351,Mattia Viti,it ITA,DF,Sassuolo,it Serie A,21,2002,15,979,65,28.6,10.9,12,74,5,3,30,13,0.87,12,22,-10,-0.92,-0.11,Matches
3352,Vitinha,pt POR,FW,Marseille,fr Ligue 1,23,2000,18,923,51,30.2,10.3,10,79,4,8,17,1,1.61,16,10,+6,+0.59,+0.37,Matches
3353,Vitinha,pt POR,"MF,FW",Genoa,it Serie A,23,2000,9,285,32,8.3,3.2,2,83,1,7,17,1,1.00,4,4,0,0.00,0.00,Matches
3354,Vitinha,pt POR,MF,Paris Saint-Germain,fr Ligue 1,23,2000,28,2126,76,69.5,23.6,23,86,16,5,31,3,2.32,57,22,+35,+1.48,+0.23,Matches
3355,Vitinho,br BRA,"DF,MF",Burnley,eng Premier League,24,1999,32,2314,72,67.7,25.7,26,85,16,6,20,2,0.63,31,43,-12,-0.47,+1.57,Matches
3356,Daniel Vivian,es ESP,DF,Athletic Club,es La Liga,24,1999,33,2878,87,84.2,32.0,31,89,29,2,56,2,1.82,54,34,+20,+0.63,-0.04,Matches
3357,Odysseas Vlachodimos,gr GRE,GK,Nottingham Forest,eng Premier League,29,1994,5,450,90,13.2,5.0,5,90,5,0,,14,0.60,6,12,-6,-1.20,-0.84,Matches
3358,Dušan Vlahović,rs SRB,FW,Juventus,it Serie A,23,2000,33,2307,70,67.5,25.6,27,80,8,6,25,0,2.00,35,23,+12,+0.47,-0.42,Matches
3359,Nikola Vlašić,hr CRO,MF,Torino,it Serie A,25,1997,33,2608,79,76.3,29.0,30,82,20,3,52,0,1.24,23,29,-6,-0.21,-0.87,Matches
3360,Joel Voelkerling Persson,se SWE,FW,Lecce,it Serie A,20,2003,0,,,,,0,,0,0,,1,,,,,,,Matches
3361,Alessandro Vogliacco,it ITA,DF,Genoa,it Serie A,24,1998,20,1169,58,34.2,13.0,14,80,5,6,9,12,1.50,16,17,-1,-0.08,-0.12,Matches
3362,Kevin Vogt,de GER,DF,Hoffenheim,de Bundesliga,31,1991,16,1319,82,43.1,14.7,14,88,13,2,42,0,1.50,32,27,+5,+0.34,+0.60,Matches
3363,Kevin Vogt,de GER,DF,Union Berlin,de Bundesliga,31,1991,16,1323,83,43.2,14.7,16,83,13,0,,0,0.88,8,22,-14,-0.95,-0.38,Matches
3364,Mërgim Vojvoda,xk KVX,"MF,DF",Torino,it Serie A,28,1995,28,1379,49,40.3,15.3,15,80,8,13,14,4,1.43,14,14,0,0.00,0.00,Matches
3365,Kevin Volland,de GER,"FW,MF",Union Berlin,de Bundesliga,31,1992,26,1345,52,44.0,14.9,17,68,3,9,22,1,1.12,13,22,-9,-0.60,+0.24,Matches
3366,Kevin Volland,de GER,"FW,MF",Monaco,fr Ligue 1,31,1992,0,,,,,0,,0,0,,1,,,,,,,Matches
3367,Cristian Volpato,it ITA,"MF,FW",Sassuolo,it Serie A,19,2003,22,645,29,18.9,7.2,5,58,0,17,21,15,0.27,8,16,-8,-1.12,-0.34,Matches
3368,Aster Vranckx,be BEL,MF,Wolfsburg,de Bundesliga,20,2002,24,1153,48,37.7,12.8,12,84,9,12,13,3,1.21,13,24,-11,-0.86,-0.67,Matches
3369,Stefan de Vrij,nl NED,DF,Inter,it Serie A,31,1992,25,1586,63,46.4,17.6,17,86,16,8,16,9,2.68,48,5,+43,+2.44,+1.26,Matches
3370,İsak Vural,tr TUR,MF,Frosinone,it Serie A,17,2006,0,,,,,0,,0,0,,1,,,,,,,Matches
3371,Elye Wahi,ci CIV,FW,Montpellier,fr Ligue 1,20,2003,1,14,14,0.5,0.2,0,,0,1,14,0,1.00,0,1,-1,-6.43,-6.31,Matches
3372,Elye Wahi,ci CIV,FW,Lens,fr Ligue 1,20,2003,27,1692,63,55.3,18.8,20,75,2,7,28,1,1.52,25,18,+7,+0.37,+0.31,Matches
3373,Walace,br BRA,MF,Udinese,it Serie A,28,1995,37,3238,88,94.7,36.0,37,88,30,0,,0,0.92,32,48,-16,-0.44,-0.44,Matches
3374,Simon Walde,de GER,DF,Gladbach,de Bundesliga,18,2005,0,,,,,0,,0,0,,3,,,,,,,Matches
3375,Luca Waldschmidt,de GER,MF,Köln,de Bundesliga,27,1996,22,1146,52,37.5,12.7,14,68,2,8,25,0,0.86,11,19,-8,-0.63,+0.50,Matches
3376,Kyle Walker,eng ENG,"DF,MF",Manchester City,eng Premier League,33,1990,32,2767,86,80.9,30.7,30,89,27,2,52,3,2.34,78,29,+49,+1.59,-0.20,Matches
3377,Reuell Walters,eng ENG,DF,Arsenal,eng Premier League,18,2004,0,,,,,0,,0,0,,8,,,,,,,Matches
3378,Sebastian Walukiewicz,pl POL,DF,Empoli,it Serie A,23,2000,27,2055,76,60.1,22.8,23,84,19,4,33,6,1.00,18,31,-13,-0.57,+0.22,Matches
3379,Aaron Wan-Bissaka,cd COD,DF,Manchester Utd,eng Premier League,25,1997,22,1780,81,52.0,19.8,20,88,16,2,11,3,1.32,30,34,-4,-0.20,-0.37,Matches
3380,Joel Ward,eng ENG,DF,Crystal Palace,eng Premier League,33,1989,26,1980,76,57.9,22.0,23,85,19,3,6,5,1.19,23,34,-11,-0.50,-1.12,Matches
3381,James Ward-Prowse,eng ENG,MF,West Ham United,eng Premier League,28,1994,37,3001,81,87.7,33.3,34,86,28,3,23,0,1.38,53,65,-12,-0.36,+0.07,Matches
3382,Lewis Warrington,eng ENG,MF,Everton,eng Premier League,20,2002,1,1,1,0.0,0.0,0,,0,1,1,7,3.00,0,0,0,0.00,+0.29,Matches
3383,Nicolas Wasbauer,fr FRA,DF,Toulouse,fr Ligue 1,19,2004,0,,,,,0,,0,0,,1,,,,,,,Matches
3384,Deivid Washington,br BRA,FW,Chelsea,eng Premier League,18,2005,2,13,7,0.4,0.1,0,,0,2,7,17,1.50,1,1,0,0.00,-0.37,Matches
3385,Kjell-Arik Wätjen,de GER,MF,Dortmund,de Bundesliga,17,2006,2,105,53,3.4,1.2,1,90,1,1,15,3,1.50,5,1,+4,+3.43,+2.79,Matches
3386,Ollie Watkins,eng ENG,FW,Aston Villa,eng Premier League,27,1995,37,3217,87,94.1,35.7,37,87,27,0,,0,1.84,71,56,+15,+0.42,+0.42,Matches
3387,Timothy Weah,us USA,MF,Juventus,it Serie A,23,2000,30,1258,42,36.8,14.0,12,72,3,18,22,2,1.77,24,12,+12,+0.86,+0.40,Matches
3388,Adam Webster,eng ENG,DF,Brighton,eng Premier League,28,1995,15,1144,76,33.5,12.7,13,85,11,2,18,12,1.13,16,22,-6,-0.47,-0.43,Matches
3389,Wout Weghorst,nl NED,FW,Hoffenheim,de Bundesliga,30,1992,28,1977,71,64.6,22.0,24,79,12,4,20,1,1.57,40,37,+3,+0.14,+0.39,Matches
3390,Victor Wehbi,br BRA,GK,Cádiz,es La Liga,20,2002,0,,,,,0,,0,0,,5,,,,,,,Matches
3391,Julian Weigl,de GER,MF,Gladbach,de Bundesliga,27,1995,31,2764,89,90.3,30.7,31,89,29,0,,0,0.97,53,63,-10,-0.33,-0.02,Matches
3392,Nelson Weiper,de GER,FW,Mainz 05,de Bundesliga,18,2005,5,124,25,4.1,1.4,1,69,0,4,14,2,1.00,1,3,-2,-1.45,-1.15,Matches
3393,Mitchell Weiser,de GER,MF,Werder Bremen,de Bundesliga,29,1994,30,2636,88,86.1,29.3,30,88,26,0,,1,1.20,43,45,-2,-0.07,+0.78,Matches
3394,Noah Weißhaupt,de GER,MF,Freiburg,de Bundesliga,21,2001,24,759,32,24.8,8.4,6,82,3,18,15,3,1.04,13,15,-2,-0.24,+0.19,Matches
3395,Shon Weissman,il ISR,FW,Granada,es La Liga,27,1996,5,82,16,2.4,0.9,0,,0,5,16,6,0.40,1,0,+1,+1.10,+2.23,Matches
3396,Shon Weissman,il ISR,FW,Salernitana,it Serie A,27,1996,11,494,45,14.4,5.5,5,64,0,6,29,4,0.18,5,14,-9,-1.64,-0.41,Matches
3397,Danny Welbeck,eng ENG,"FW,MF",Brighton,eng Premier League,32,1990,29,1693,58,49.5,18.8,21,70,4,8,28,1,1.21,25,28,-3,-0.16,+0.05,Matches
3398,Maxwell Wellings,eng ENG,DF,Bournemouth,eng Premier League,18,2005,0,,,,,0,,0,0,,7,,,,,,,Matches
3399,Timo Werner,de GER,"MF,FW",Tottenham Hotspur,eng Premier League,27,1996,13,809,62,23.7,9.0,10,76,2,3,16,0,1.62,18,16,+2,+0.22,-0.16,Matches
3400,Timo Werner,de GER,"MF,FW",RB Leipzig,de Bundesliga,27,1996,8,207,26,6.8,2.3,2,62,0,6,14,4,2.00,6,4,+2,+0.87,-0.27,Matches
3401,Adam Wharton,eng ENG,MF,Crystal Palace,eng Premier League,19,2004,16,1297,81,37.9,14.4,15,82,6,1,63,0,1.56,27,16,+11,+0.76,+1.27,Matches
3402,Ethan Wheatley,eng ENG,FW,Manchester Utd,eng Premier League,17,2006,3,16,5,0.5,0.2,0,,0,3,5,2,1.00,0,0,0,0.00,+0.03,Matches
3403,Ben White,eng ENG,DF,Arsenal,eng Premier League,25,1997,37,2988,81,87.4,33.2,35,85,27,2,7,0,2.32,81,26,+55,+1.66,+0.20,Matches
3404,Joe White,eng ENG,MF,Newcastle United,eng Premier League,20,2002,4,13,3,0.4,0.1,0,,0,4,3,10,1.00,2,0,+2,+13.85,+13.29,Matches
3405,Alfie Whiteman,eng ENG,GK,Tottenham Hotspur,eng Premier League,24,1998,0,,,,,0,,0,0,,1,,,,,,,Matches
3406,Matthew Whittingham,eng ENG,MF,Wolves,eng Premier League,18,2004,0,,,,,0,,0,0,,1,,,,,,,Matches
3407,Joseph Whitworth,eng ENG,GK,Crystal Palace,eng Premier League,19,2004,0,,,,,0,,0,0,,1,,,,,,,Matches
3408,Silvan Widmer,ch SUI,"MF,DF",Mainz 05,de Bundesliga,30,1993,20,1242,62,40.6,13.8,13,82,4,7,26,5,1.25,16,19,-3,-0.22,+0.23,Matches
3409,Mateusz Wieteska,pl POL,DF,Cagliari,it Serie A,26,1997,19,965,51,28.2,10.7,10,84,7,9,14,16,0.84,8,20,-12,-1.12,-0.61,Matches
3410,Mateusz Wieteska,pl POL,DF,Clermont Foot,fr Ligue 1,26,1997,2,174,87,5.7,1.9,2,87,1,0,,0,0.00,2,6,-4,-2.07,-1.13,Matches
3411,Lasse Wilhelm,de GER,DF,Mainz 05,de Bundesliga,20,2003,0,,,,,0,,0,0,,4,,,,,,,Matches
3412,Iñaki Williams,gh GHA,MF,Athletic Club,es La Liga,29,1994,34,2844,84,83.2,31.6,32,87,19,2,37,0,1.74,52,32,+20,+0.63,+0.01,Matches
3413,Neco Williams,wls WAL,"DF,MF",Nottingham Forest,eng Premier League,22,2001,26,1637,63,47.9,18.2,18,85,14,8,13,5,0.92,23,33,-10,-0.55,-0.15,Matches
3414,Nico Williams,es ESP,MF,Athletic Club,es La Liga,21,2002,31,2263,73,66.2,25.1,29,76,7,2,23,0,1.90,44,23,+21,+0.84,+0.60,Matches
3415,Willian,br BRA,"MF,FW",Fulham,eng Premier League,34,1988,31,2053,66,60.0,22.8,24,77,9,7,29,2,1.29,33,28,+5,+0.22,+0.94,Matches
3416,Joe Willock,eng ENG,MF,Newcastle United,eng Premier League,23,1999,9,419,47,12.3,4.7,5,67,0,4,22,0,1.56,6,9,-3,-0.64,-1.42,Matches
3417,Callum Wilson,eng ENG,FW,Newcastle United,eng Premier League,31,1992,20,991,50,29.0,11.0,9,80,5,11,25,0,1.65,30,15,+15,+1.36,+1.07,Matches
3418,Harry Wilson,wls WAL,"MF,FW",Fulham,eng Premier League,26,1997,35,1620,46,47.4,18.0,16,76,5,19,22,1,1.26,21,30,-9,-0.50,-0.65,Matches
3419,Josh Wilson-Esbrand,eng ENG,"DF,MF",Reims,fr Ligue 1,20,2002,11,461,42,15.1,5.1,5,72,0,6,17,0,1.64,7,5,+2,+0.39,+0.63,Matches
3420,Patrick Wimmer,at AUT,"MF,FW",Wolfsburg,de Bundesliga,22,2001,14,589,42,19.2,6.5,8,61,0,6,17,4,1.36,14,8,+6,+0.92,+1.68,Matches
3421,Jonas Wind,dk DEN,FW,Wolfsburg,de Bundesliga,24,1999,34,2651,78,86.6,29.5,31,84,16,3,16,0,1.09,38,47,-9,-0.31,+1.01,Matches
3422,Frederik Winther,dk DEN,DF,Augsburg,de Bundesliga,22,2001,0,,,,,0,,0,0,,3,,,,,,,Matches
3423,Florian Wirtz,de GER,MF,Leverkusen,de Bundesliga,20,2003,32,2372,74,77.5,26.4,26,85,9,6,29,0,2.63,68,19,+49,+1.86,-0.23,Matches
3424,Yoane Wissa,cd COD,FW,Brentford,eng Premier League,26,1996,34,2493,73,72.9,27.7,29,81,9,5,30,0,0.97,40,40,0,0.00,+0.87,Matches
3425,Axel Witsel,be BEL,DF,Atlético Madrid,es La Liga,34,1989,35,2783,80,81.4,30.9,30,87,27,5,32,1,2.09,51,31,+20,+0.65,-0.34,Matches
3426,Maximilian Wittek,de GER,"MF,DF",Bochum,de Bundesliga,27,1995,21,1070,51,35.0,11.9,13,73,6,8,15,11,0.81,14,36,-22,-1.85,-1.40,Matches
3427,Maximilian Wöber,at AUT,DF,Gladbach,de Bundesliga,25,1998,25,2066,83,67.5,23.0,24,85,17,1,21,0,0.96,45,46,-1,-0.04,+0.86,Matches
3428,Marius Wolf,de GER,DF,Dortmund,de Bundesliga,28,1995,22,1166,53,38.1,13.0,12,82,9,10,19,10,1.95,30,22,+8,+0.62,-0.19,Matches
3429,Nick Woltemade,de GER,"FW,MF",Werder Bremen,de Bundesliga,21,2002,30,1189,40,38.9,13.2,12,73,1,18,18,3,1.37,20,17,+3,+0.23,+0.66,Matches
3430,Jeong Woo-yeong,kr KOR,MF,Stuttgart,de Bundesliga,23,1999,26,633,24,20.7,7.0,5,75,1,21,12,0,2.12,19,9,+10,+1.42,+0.35,Matches
3431,Chris Wood,nz NZL,FW,Nottingham Forest,eng Premier League,31,1991,31,1812,58,53.0,20.1,20,83,13,11,14,0,0.94,28,34,-6,-0.30,+0.37,Matches
3432,Cauley Woodrow,eng ENG,FW,Luton Town,eng Premier League,28,1994,24,427,18,12.5,4.7,2,62,0,22,14,8,0.63,10,12,-2,-0.42,+0.51,Matches
3433,Christopher Wooh,cm CMR,DF,Rennes,fr Ligue 1,21,2001,18,1388,77,45.4,15.4,15,88,13,3,25,12,1.11,22,18,+4,+0.26,+0.10,Matches
3434,Joe Worrall,eng ENG,DF,Nottingham Forest,eng Premier League,26,1997,7,439,63,12.8,4.9,5,85,3,2,7,7,1.57,7,8,-1,-0.21,+0.31,Matches
3435,Jacob Wright,eng ENG,MF,Manchester City,eng Premier League,17,2005,0,,,,,0,,0,0,,1,,,,,,,Matches
3436,James Wright,eng ENG,GK,Aston Villa,eng Premier League,18,2004,0,,,,,0,,0,0,,3,,,,,,,Matches
3437,Xeber,es ESP,"MF,FW",Alavés,es La Liga,26,1997,10,302,30,8.8,3.4,3,72,0,7,12,28,1.00,6,6,0,0.00,+0.29,Matches
3438,Granit Xhaka,ch SUI,MF,Leverkusen,de Bundesliga,30,1992,33,2821,85,92.2,31.3,32,88,24,1,21,0,2.70,78,21,+57,+1.82,-1.19,Matches
3439,Antal Yaakobishvili,hu HUN,DF,Girona,es La Liga,19,2004,1,61,61,1.8,0.7,0,,0,1,61,6,3.00,2,0,+2,+2.95,+1.96,Matches
3440,Áron Yaakobishvili,hu HUN,GK,Barcelona,es La Liga,17,2006,0,,,,,0,,0,0,,1,,,,,,,Matches
3441,Lamine Yamal,es ESP,"FW,MF",Barcelona,es La Liga,16,2007,37,2201,59,64.4,24.5,22,83,12,15,25,1,2.22,56,33,+23,+0.94,+0.05,Matches
3442,Roman Yaremchuk,ua UKR,FW,Valencia,es La Liga,27,1995,25,928,37,27.1,10.3,11,60,0,14,20,4,1.16,12,12,0,0.00,+0.18,Matches
3443,Yehor Yarmoliuk,ua UKR,MF,Brentford,eng Premier League,19,2004,27,688,25,20.1,7.6,6,61,0,21,15,11,1.19,13,9,+4,+0.52,+0.95,Matches
3444,Ryan Yates,eng ENG,MF,Nottingham Forest,eng Premier League,25,1997,35,1992,57,58.2,22.1,21,83,14,14,18,2,1.00,31,38,-7,-0.32,+0.38,Matches
3445,Yusuf Yazıcı,tr TUR,"MF,FW",Lille,fr Ligue 1,26,1997,27,1312,49,42.9,14.6,16,71,2,11,16,3,1.63,22,15,+7,+0.48,-0.09,Matches
3446,Kelvin Yeboah,it ITA,FW,Montpellier,fr Ligue 1,23,2000,13,276,21,9.0,3.1,0,,0,13,21,3,1.08,2,4,-2,-0.65,-0.56,Matches
3447,Bertuğ Yıldırım,tr TUR,FW,Rennes,fr Ligue 1,21,2002,21,469,22,15.3,5.2,2,77,0,19,17,8,1.33,13,7,+6,+1.15,+1.12,Matches
3448,Kenan Yıldız,tr TUR,FW,Juventus,it Serie A,18,2005,27,952,35,27.8,10.6,9,68,0,18,19,9,1.67,20,7,+13,+1.23,+0.86,Matches
3449,Darlin Yongwa,cm CMR,"MF,DF",Lorient,fr Ligue 1,22,2000,22,1159,53,37.9,12.9,11,82,7,11,23,9,0.82,16,18,-2,-0.16,+0.84,Matches
3450,Leny Yoro,fr FRA,DF,Lille,fr Ligue 1,17,2005,32,2673,84,87.4,29.7,30,89,29,2,8,2,1.72,47,31,+16,+0.54,+0.07,Matches
3451,Dominique Youfeigane,cf CTA,GK,Lorient,fr Ligue 1,23,2000,0,,,,,0,,0,0,,6,,,,,,,Matches
3452,Ashley Young,eng ENG,"DF,MF",Everton,eng Premier League,38,1985,31,2280,74,66.7,25.3,27,81,14,4,21,1,1.32,28,33,-5,-0.20,+0.28,Matches
3453,Kadan Young,eng ENG,MF,Aston Villa,eng Premier League,17,2006,0,,,,,0,,0,0,,1,,,,,,,Matches
3454,Etienne Youte Kinkoue,fr FRA,DF,Le Havre,fr Ligue 1,21,2002,22,1941,88,63.4,21.6,22,88,20,0,,12,0.91,20,29,-9,-0.42,-0.26,Matches
3455,Illia Zabarnyi,ua UKR,DF,Bournemouth,eng Premier League,20,2002,37,3330,90,97.4,37.0,37,90,37,0,,0,1.22,51,67,-16,-0.43,-3.43,Matches
3456,Mattia Zaccagni,it ITA,"FW,MF",Lazio,it Serie A,28,1995,28,1956,70,57.2,21.7,24,75,3,4,37,0,1.57,27,21,+6,+0.28,+0.03,Matches
3457,Dan-Axel Zagadou,fr FRA,DF,Stuttgart,de Bundesliga,24,1999,19,1453,76,47.5,16.1,16,88,14,3,13,0,1.95,37,22,+15,+0.93,-0.42,Matches
3458,Yoram Zague,fr FRA,DF,Paris Saint-Germain,fr Ligue 1,17,2006,5,373,75,12.2,4.1,4,90,4,1,13,1,2.00,8,6,+2,+0.48,-1.06,Matches
3459,Warren Zaïre-Emery,fr FRA,"MF,DF",Paris Saint-Germain,fr Ligue 1,17,2006,26,1962,75,64.1,21.8,21,88,16,5,25,2,2.27,54,20,+34,+1.56,+0.41,Matches
3460,Denis Zakaria,ch SUI,"MF,DF",Monaco,fr Ligue 1,26,1996,25,2137,85,69.8,23.7,24,88,18,1,17,0,1.76,41,32,+9,+0.38,-1.28,Matches
3461,Arsen Zakharyan,ru RUS,"MF,FW",Real Sociedad,es La Liga,20,2003,29,1228,42,35.9,13.6,15,64,0,14,19,2,1.52,15,17,-2,-0.15,-0.72,Matches
3462,Joseba Zaldúa,es ESP,"DF,MF",Cádiz,es La Liga,31,1992,13,704,54,20.6,7.8,9,72,0,4,14,22,0.85,5,13,-8,-1.02,-0.33,Matches
3463,Nicola Zalewski,pl POL,"MF,FW",Roma,it Serie A,21,2002,22,968,44,28.3,10.8,10,70,1,12,22,15,1.41,13,12,+1,+0.09,-0.57,Matches
3464,Andre-Frank Zambo Anguissa,cm CMR,MF,Napoli,it Serie A,27,1995,34,2786,82,81.5,31.0,32,85,24,2,30,0,1.35,43,36,+7,+0.23,+0.23,Matches
3465,Oliver Zandén,se SWE,DF,Toulouse,fr Ligue 1,21,2001,0,,,,,0,,0,0,,1,,,,,,,Matches
3466,Nicolò Zaniolo,it ITA,"MF,FW",Aston Villa,eng Premier League,24,1999,25,839,34,24.5,9.3,9,61,0,16,18,5,1.60,17,13,+4,+0.43,+0.05,Matches
3467,Alessandro Zanoli,it ITA,"MF,DF",Salernitana,it Serie A,22,2000,17,921,54,26.9,10.2,10,77,3,7,22,1,0.29,9,20,-11,-1.07,+0.29,Matches
3468,Alessandro Zanoli,it ITA,MF,Napoli,it Serie A,22,2000,4,52,13,1.5,0.6,0,,0,4,13,15,1.75,0,0,0,0.00,-0.19,Matches
3469,Duván Zapata,co COL,FW,Torino,it Serie A,32,1991,35,2880,82,84.2,32.0,34,84,21,1,27,0,1.49,31,26,+5,+0.16,+0.99,Matches
3470,Duván Zapata,co COL,FW,Atalanta,it Serie A,32,1991,2,112,56,3.3,1.2,2,56,0,0,,0,1.50,1,2,-1,-0.80,-1.65,Matches
3471,Gabriele Zappa,it ITA,"DF,MF",Cagliari,it Serie A,23,1999,38,2561,67,74.9,28.5,25,85,18,13,34,0,0.95,38,53,-15,-0.53,+0.63,Matches
3472,Davide Zappacosta,it ITA,MF,Atalanta,it Serie A,31,1992,31,1867,60,54.6,20.7,23,71,6,8,29,5,1.81,36,21,+15,+0.72,-0.15,Matches
3473,Bryan Zaragoza,es ESP,MF,Bayern Munich,de Bundesliga,21,2001,7,183,26,6.0,2.0,1,74,0,6,18,6,1.29,4,6,-2,-0.98,-2.58,Matches
3474,Bryan Zaragoza,es ESP,"MF,FW",Granada,es La Liga,21,2001,21,1638,78,47.9,18.2,18,87,13,3,27,0,0.52,19,37,-18,-0.99,+0.17,Matches
3475,Anass Zaroury,ma MAR,FW,Burnley,eng Premier League,22,2000,6,152,25,4.4,1.7,1,67,0,5,17,7,0.17,2,4,-2,-1.18,-0.22,Matches
3476,Oier Zarraga,es ESP,MF,Udinese,it Serie A,24,1999,15,404,27,11.8,4.5,4,74,2,11,10,23,1.07,6,10,-4,-0.89,-0.53,Matches
3477,Akim Zedadka,dz ALG,DF,Lille,fr Ligue 1,28,1995,0,,,,,0,,0,0,,10,,,,,,,Matches
3478,Karim Zedadka,fr FRA,MF,Napoli,it Serie A,23,2000,0,,,,,0,,0,0,,1,,,,,,,Matches
3479,Mehdi Zeffane,dz ALG,"MF,DF",Clermont Foot,fr Ligue 1,31,1992,23,1231,54,40.2,13.7,15,74,3,8,15,10,0.74,11,28,-17,-1.24,-0.41,Matches
3480,Jordan Zemura,zw ZIM,MF,Udinese,it Serie A,23,1999,27,1038,38,30.4,11.5,10,73,0,17,18,7,0.93,11,17,-6,-0.52,-0.14,Matches
3481,Robin Zentner,de GER,GK,Mainz 05,de Bundesliga,28,1994,30,2700,90,88.2,30.0,30,90,30,0,,0,1.10,38,48,-10,-0.33,+0.17,Matches
3482,Alessio Zerbin,it ITA,MF,Monza,it Serie A,24,1999,13,684,53,20.0,7.6,7,75,2,6,27,4,0.85,4,5,-1,-0.13,+0.23,Matches
3483,Alessio Zerbin,it ITA,FW,Napoli,it Serie A,24,1999,7,150,21,4.4,1.7,1,70,0,6,13,13,1.14,1,2,-1,-0.60,-0.82,Matches
3484,Kevin Zeroli,it ITA,MF,Milan,it Serie A,18,2005,3,28,9,0.8,0.3,0,,0,3,9,11,2.33,0,0,0,0.00,-0.72,Matches
3485,Cedric Zesiger,ch SUI,DF,Wolfsburg,de Bundesliga,25,1998,23,1634,71,53.4,18.2,18,84,14,5,24,10,1.35,20,32,-12,-0.66,-0.47,Matches
3486,Michael Zetterer,de GER,GK,Werder Bremen,de Bundesliga,28,1995,27,2430,90,79.4,27.0,27,90,27,0,,7,1.33,36,37,-1,-0.04,+0.68,Matches
3487,Nathan Zeze,fr FRA,DF,Nantes,fr Ligue 1,18,2005,13,1022,79,33.4,11.4,11,88,10,2,26,10,0.77,6,21,-15,-1.32,-0.88,Matches
3488,Edon Zhegrova,xk KVX,"MF,FW",Lille,fr Ligue 1,24,1999,33,2288,69,74.8,25.4,25,82,6,8,31,1,1.76,41,21,+20,+0.79,+1.02,Matches
3489,Theo Zidane,fr FRA,MF,Real Madrid,es La Liga,21,2002,0,,,,,0,,0,0,,1,,,,,,,Matches
3490,Piotr Zieliński,pl POL,MF,Napoli,it Serie A,29,1994,28,1924,69,56.3,21.4,23,78,4,5,28,2,1.36,30,25,+5,+0.23,+0.11,Matches
3491,David Zima,cz CZE,DF,Torino,it Serie A,22,2000,5,91,18,2.7,1.0,0,,0,5,18,12,1.80,1,0,+1,+0.99,+1.02,Matches
3492,Christoph Zimmermann,de GER,DF,Darmstadt 98,de Bundesliga,30,1993,19,1220,64,39.9,13.6,12,81,8,7,35,5,0.42,8,34,-26,-1.92,-0.45,Matches
3493,Oleksandr Zinchenko,ua UKR,DF,Arsenal,eng Premier League,26,1996,27,1722,64,50.4,19.1,20,79,7,7,21,5,2.26,38,15,+23,+1.20,-0.87,Matches
3494,Leopold Zingerle,de GER,GK,RB Leipzig,de Bundesliga,29,1994,0,,,,,0,,0,0,,10,,,,,,,Matches
3495,Joshua Zirkzee,nl NED,FW,Bologna,it Serie A,22,2001,34,2759,81,80.7,30.7,32,84,15,2,30,0,1.88,44,25,+19,+0.62,+0.21,Matches
3496,Luck Zogbé,ci CIV,DF,Brest,fr Ligue 1,18,2005,1,11,11,0.4,0.1,0,,0,1,11,13,0.00,0,1,-1,-8.18,-8.77,Matches
3497,Simon Zoller,de GER,"FW,MF",Bochum,de Bundesliga,32,1991,1,45,45,1.5,0.5,0,,0,1,45,0,0.00,0,3,-3,-6.00,-5.13,Matches
3498,Nadir Zortea,it ITA,"MF,DF",Frosinone,it Serie A,24,1999,14,1258,90,36.8,14.0,14,90,12,0,,0,1.07,15,18,-3,-0.21,+0.70,Matches
3499,Nadir Zortea,it ITA,"DF,MF",Atalanta,it Serie A,24,1999,5,149,30,4.4,1.7,0,,0,5,30,14,1.40,4,1,+3,+1.81,+1.07,Matches
3500,Kurt Zouma,fr FRA,DF,West Ham United,eng Premier League,28,1994,33,2838,86,83.0,31.5,32,88,29,1,31,1,1.39,53,63,-10,-0.32,+0.30,Matches
3501,Igor Zubeldia,es ESP,DF,Real Sociedad,es La Liga,26,1997,30,2518,84,73.6,28.0,29,86,23,1,30,1,1.57,38,28,+10,+0.36,+0.16,Matches
3502,Martín Zubimendi,es ESP,MF,Real Sociedad,es La Liga,24,1999,31,2654,86,77.6,29.5,29,89,27,2,39,0,1.52,41,32,+9,+0.31,-0.05,Matches
3503,Edhy Zuliani,fr FRA,MF,Toulouse,fr Ligue 1,18,2004,0,,,,,0,,0,0,,1,,,,,,,Matches
3504,Bor Žunec,si SVN,MF,Udinese,it Serie A,18,2005,0,,,,,0,,0,0,,1,,,,,,,Matches
3505,Szymon Żurkowski,pl POL,MF,Empoli,it Serie A,25,1997,13,868,67,25.4,9.6,10,79,3,3,25,5,1.23,9,7,+2,+0.21,+1.16,Matches
3506,Lovro Zvonarek,hr CRO,MF,Bayern Munich,de Bundesliga,18,2005,5,163,33,5.3,1.8,1,89,0,4,19,9,2.40,2,4,-2,-1.10,-2.69,Matches
3507,Oliwier Zych,pl POL,GK,Aston Villa,eng Premier League,19,2004,0,,,,,0,,0,0,,1,,,,,,,Matches
3508,Martin Ødegaard,no NOR,MF,Arsenal,eng Premier League,24,1998,35,3091,88,90.4,34.3,35,88,22,0,,1,2.37,80,23,+57,+1.66,+0.29,Matches
3509,Milan Đurić,ba BIH,FW,Hellas Verona,it Serie A,33,1990,20,1204,60,35.2,13.4,13,79,4,7,25,0,0.85,15,21,-6,-0.45,-0.16,Matches
3510,Milan Đurić,ba BIH,FW,Monza,it Serie A,33,1990,17,1257,74,36.8,14.0,13,86,9,4,35,0,1.18,14,20,-6,-0.43,-0.18,Matches
3511,Mateusz Łęgowski,pl POL,MF,Salernitana,it Serie A,20,2003,29,1145,39,33.5,12.7,10,74,4,19,21,9,0.52,9,31,-22,-1.73,-0.66,Matches
3512,Marcel Łubik,pl POL,GK,Augsburg,de Bundesliga,19,2004,0,,,,,0,,0,0,,3,,,,,,,Matches
