Rk,Player,Nation,Pos,Squad,Comp,Age,Born,Playing Time_MP,Playing Time_Min,Playing Time_Mn/MP,Playing Time_Min%,Playing Time_90s,Starts_Starts,Starts_Mn/Start,Starts_Compl,Subs_Subs,Subs_Mn/Sub,Subs_unSub,Team Success_PPM,Team Success_onG,Team Success_onGA,Team Success_+/-,Team Success_+/-90,Team Success_On-Off,Matches
1,Max Aarons,eng ENG,DF,Bournemouth,eng Premier League,24,2000,3,86,29,2.5,1.0,1,61,0,2,13,11,0.67,2,0,+2,+2.09,+1.82,Matches
2,Max Aarons,eng ENG,DF,Valencia,es La Liga,24,2000,4,120,30,3.5,1.3,1,73,0,3,16,14,0.75,1,3,-2,-1.50,-1.28,Matches
3,Álvaro Abajas,es ESP,GK,Leganés,es La Liga,21,2003,0,,,,,0,,0,0,,33,,,,,,,Matches
4,Rodrigo Abajas,es ESP,DF,Valencia,es La Liga,21,2003,1,65,65,1.9,0.7,1,65,0,0,,8,0.00,1,2,-1,-1.38,-1.14,Matches
5,James Abankwah,ie IRL,DF,Udinese,it Serie A,20,2004,6,88,15,2.6,1.0,0,,0,6,15,12,1.67,2,0,+2,+2.05,+2.50,Matches
6,Zach Abbott,eng ENG,DF,Nottingham Forest,eng Premier League,18,2006,0,,,,,0,,0,0,,7,,,,,,,Matches
7,Keyliane Abdallah,fr FRA,FW,Marseille,fr Ligue 1,18,2006,1,3,3,0.1,0.0,0,,0,1,3,7,3.00,0,0,0,0.00,-0.79,Matches
8,Yunis Abdelhamid,ma MAR,DF,Saint-Étienne,fr Ligue 1,36,1987,16,1033,65,33.8,11.5,11,85,9,5,19,17,0.94,5,31,-26,-2.27,-1.73,Matches
9,Jones El-Abdellaoui,ma MAR,FW,Celta Vigo,es La Liga,18,2006,0,,,,,0,,0,0,,9,,,,,,,Matches
10,Himad Abdelli,dz ALG,MF,Angers,fr Ligue 1,24,1999,32,2842,89,92.9,31.6,32,89,25,0,,0,1.03,28,50,-22,-0.70,-1.11,Matches
11,Mohamed Abdelmonem,eg EGY,DF,Nice,fr Ligue 1,25,1999,12,855,71,27.9,9.5,10,83,8,2,12,12,1.92,15,14,+1,+0.11,-0.87,Matches
12,Ali Abdi,tn TUN,MF,Nice,fr Ligue 1,30,1993,25,1393,56,45.5,15.5,17,77,6,8,10,1,1.80,26,16,+10,+0.65,-0.16,Matches
13,Saud Abdulhamid,sa KSA,MF,Roma,it Serie A,25,1999,4,205,51,6.0,2.3,2,62,0,2,41,27,1.50,4,1,+3,+1.32,+0.81,Matches
14,Nabil Aberdin,fr FRA,MF,Getafe,es La Liga,21,2002,7,263,38,7.7,2.9,4,63,1,3,4,7,1.14,1,2,-1,-0.34,-0.23,Matches
15,Oliver Abildgaard,dk DEN,"DF,MF",Como,it Serie A,28,1996,1,7,7,0.2,0.1,0,,0,1,7,0,0.00,0,0,0,0.00,+0.08,Matches
16,Matthis Abline,fr FRA,FW,Nantes,fr Ligue 1,21,2003,34,2768,81,90.5,30.8,33,83,12,1,23,0,1.06,34,42,-8,-0.26,+1.28,Matches
17,Abner,br BRA,"DF,MF",Lyon,fr Ligue 1,24,2000,19,1090,57,35.6,12.1,12,83,6,7,14,13,1.84,18,15,+3,+0.25,-0.48,Matches
18,Zakaria Aboukhlal,ma MAR,"MF,FW",Toulouse,fr Ligue 1,24,2000,26,1901,73,62.1,21.1,22,82,9,4,25,0,1.31,22,23,-1,-0.05,-0.20,Matches
19,Abdel Abqar,ma MAR,DF,Alavés,es La Liga,25,1999,29,2463,85,72.0,27.4,29,85,24,0,,0,1.03,30,41,-11,-0.40,-0.50,Matches
20,Tammy Abraham,eng ENG,FW,Roma,it Serie A,26,1997,1,1,1,0.0,0.0,0,,0,1,1,1,1.00,0,0,0,0.00,-0.55,Matches
21,Tammy Abraham,eng ENG,FW,Milan,it Serie A,26,1997,28,1183,42,34.6,13.1,12,70,2,16,22,6,1.75,27,14,+13,+0.99,+0.79,Matches
22,Vicent Abril,es ESP,GK,Valencia,es La Liga,19,2005,0,,,,,0,,0,0,,1,,,,,,,Matches
23,Mathieu Acapandié,mg MAD,DF,Nantes,fr Ligue 1,19,2004,0,,,,,0,,0,0,,14,,,,,,,Matches
24,Federico Accornero,it ITA,MF,Genoa,it Serie A,20,2004,1,5,5,0.1,0.1,0,,0,1,5,11,0.00,0,0,0,0.00,+0.32,Matches
25,Francesco Acerbi,it ITA,DF,Inter,it Serie A,36,1988,23,1710,74,50.0,19.0,20,83,18,3,17,7,2.04,31,21,+10,+0.53,-1.26,Matches
26,Álvaro Aceves,es ESP,GK,Valladolid,es La Liga,21,2003,0,,,,,0,,0,0,,1,,,,,,,Matches
27,Joshua Acheampong,eng ENG,DF,Chelsea,eng Premier League,18,2006,4,170,43,5.0,1.9,2,80,1,2,5,19,2.00,2,3,-1,-0.53,-1.14,Matches
28,Akor Adams,ng NGA,FW,Montpellier,fr Ligue 1,24,2000,15,1075,72,35.1,11.9,13,79,7,2,22,1,0.53,12,29,-17,-1.42,+0.35,Matches
29,Akor Adams,ng NGA,FW,Sevilla,es La Liga,24,2000,4,134,34,3.9,1.5,1,90,1,3,15,0,0.25,1,3,-2,-1.34,-1.04,Matches
30,Che Adams,sct SCO,FW,Torino,it Serie A,28,1996,36,2652,74,77.5,29.5,30,82,20,6,33,1,1.14,31,36,-5,-0.17,-0.05,Matches
31,Tyler Adams,us USA,MF,Bournemouth,eng Premier League,25,1999,28,1965,70,57.5,21.8,21,85,15,7,26,1,1.46,41,30,+11,+0.50,+0.44,Matches
32,Junior Adamu,at AUT,FW,Freiburg,de Bundesliga,23,2001,25,1545,62,50.5,17.2,19,75,4,6,20,5,1.40,20,29,-9,-0.52,-0.82,Matches
33,Tosin Adarabioyo,eng ENG,DF,Chelsea,eng Premier League,26,1997,22,1409,64,41.2,15.7,15,84,13,7,20,16,1.86,29,14,+15,+0.96,+0.69,Matches
34,Vernon Addo,,MF,Lecce,it Serie A,,,0,,,,,0,,0,0,,1,,,,,,,Matches
35,Wesley Adeh,de GER,MF,Werder Bremen,de Bundesliga,17,2007,0,,,,,0,,0,0,,2,,,,,,,Matches
36,Martin Adeline,fr FRA,MF,Reims,fr Ligue 1,20,2003,1,26,26,0.8,0.3,0,,0,1,26,1,1.00,0,1,-1,-3.46,-3.08,Matches
37,Karim Adeyemi,de GER,"MF,FW",Dortmund,de Bundesliga,22,2002,25,1433,57,46.8,15.9,17,72,2,8,25,0,1.84,37,24,+13,+0.82,+0.43,Matches
38,Raphaël Adiceam,fr FRA,GK,Auxerre,fr Ligue 1,34,1990,0,,,,,0,,0,0,,1,,,,,,,Matches
39,Simon Adingra,ci CIV,MF,Brighton,eng Premier League,22,2002,29,1097,38,32.1,12.2,12,66,1,17,18,6,1.59,18,23,-5,-0.41,-0.88,Matches
40,Amine Adli,ma MAR,"MF,FW",Leverkusen,de Bundesliga,24,2000,20,766,38,25.0,8.5,6,69,1,14,25,1,1.85,17,13,+4,+0.47,-0.51,Matches
41,Yacine Adli,fr FRA,MF,Fiorentina,it Serie A,24,2000,26,1234,47,36.1,13.7,15,70,4,11,16,5,1.73,30,16,+14,+1.02,+0.82,Matches
42,Adrián,es ESP,GK,Real Betis,es La Liga,37,1987,19,1710,90,50.0,19.0,19,90,19,0,,17,1.95,39,27,+12,+0.63,+0.89,Matches
43,Adryelson,br BRA,DF,Lyon,fr Ligue 1,26,1998,1,1,1,0.0,0.0,0,,0,1,1,2,3.00,0,0,0,0.00,-0.56,Matches
44,Daniel Adu-Adjei,eng ENG,FW,Bournemouth,eng Premier League,19,2005,0,,,,,0,,0,0,,4,,,,,,,Matches
45,Vasilije Adžić,me MNE,MF,Juventus,it Serie A,18,2006,6,42,7,1.2,0.5,0,,0,6,7,16,2.33,1,0,+1,+2.14,+1.56,Matches
46,Michel Aebischer,ch SUI,MF,Bologna,it Serie A,27,1997,14,724,52,21.2,8.0,9,66,2,5,26,10,1.36,6,12,-6,-0.75,-1.28,Matches
47,Dapo Afolayan,eng ENG,"FW,MF",St Pauli,de Bundesliga,26,1997,32,1639,51,53.6,18.2,17,76,2,15,23,2,0.97,18,27,-9,-0.49,-0.24,Matches
48,Emmanuel Agbadou,ci CIV,DF,Reims,fr Ligue 1,27,1997,14,1260,90,41.2,14.0,14,90,14,0,,0,1.36,19,17,+2,+0.14,+0.94,Matches
49,Emmanuel Agbadou,ci CIV,DF,Wolves,eng Premier League,27,1997,16,1410,88,41.2,15.7,16,88,15,0,,0,1.44,20,22,-2,-0.13,+0.45,Matches
50,Asher Agbinone,eng ENG,MF,Crystal Palace,eng Premier League,18,2005,2,6,3,0.2,0.1,0,,0,2,3,10,0.00,0,0,0,0.00,0.00,Matches
51,Jeremy Agbonifo,se SWE,FW,Lens,fr Ligue 1,18,2005,8,300,38,9.8,3.3,1,45,0,7,36,3,1.13,4,6,-2,-0.60,-0.76,Matches
52,Julen Agirrezabala,es ESP,GK,Athletic Club,es La Liga,23,2000,14,1206,86,35.3,13.4,14,86,12,0,,22,2.21,22,9,+13,+0.97,+0.48,Matches
53,Lucien Agoume,fr FRA,MF,Sevilla,es La Liga,22,2002,35,2114,60,61.8,23.5,24,84,14,11,10,1,1.09,26,39,-13,-0.55,-0.55,Matches
54,Saad Agouzoul,ma MAR,DF,Auxerre,fr Ligue 1,26,1997,0,,,,,0,,0,0,,5,,,,,,,Matches
55,Felix Agu,ng NGA,MF,Werder Bremen,de Bundesliga,24,1999,22,1751,80,57.2,19.5,21,82,9,1,30,2,1.64,30,31,-1,-0.05,+0.09,Matches
56,Álvaro Aguado,es ESP,MF,Espanyol,es La Liga,28,1996,16,443,28,13.0,4.9,4,71,0,12,13,20,0.94,6,7,-1,-0.20,+0.10,Matches
57,Diego Aguado,es ESP,DF,Real Madrid,es La Liga,17,2007,0,,,,,0,,0,0,,4,,,,,,,Matches
58,Lorenzo Aguado,es ESP,DF,Real Madrid,es La Liga,21,2002,2,5,3,0.1,0.1,0,,0,2,3,6,3.00,0,0,0,0.00,-1.05,Matches
59,Nayef Aguerd,ma MAR,DF,Real Sociedad,es La Liga,28,1996,21,1760,84,51.5,19.6,21,84,17,0,,3,1.48,18,15,+3,+0.15,+0.91,Matches
60,Lalo Aguilar,es ESP,DF,Leganés,es La Liga,22,2002,0,,,,,0,,0,0,,1,,,,,,,Matches
61,Ruben Aguilar,fr FRA,"MF,DF",Lens,fr Ligue 1,31,1993,16,1124,70,36.7,12.5,13,84,5,3,12,3,1.69,17,12,+5,+0.40,+0.49,Matches
62,Naouirou Ahamada,fr FRA,MF,Crystal Palace,eng Premier League,22,2002,0,,,,,0,,0,0,,1,,,,,,,Matches
63,Naouirou Ahamada,fr FRA,MF,Rennes,fr Ligue 1,22,2002,3,58,19,1.9,0.6,0,,0,3,19,10,1.00,1,2,-1,-1.55,-1.61,Matches
64,Honest Ahanor,it ITA,"MF,DF",Genoa,it Serie A,16,2008,6,270,45,7.9,3.0,3,70,0,3,20,11,0.67,2,7,-5,-1.67,-1.47,Matches
65,Erik Ahlstrand,se SWE,MF,St Pauli,de Bundesliga,22,2001,5,43,9,1.4,0.5,0,,0,5,9,16,1.20,1,1,0,0.00,+0.39,Matches
66,Jean-Eudes Aholou,ci CIV,MF,Angers,fr Ligue 1,30,1994,26,1959,75,64.0,21.8,26,75,7,0,,1,1.12,18,31,-13,-0.60,+0.06,Matches
67,Joseph Aidoo,gh GHA,DF,Valladolid,es La Liga,28,1995,8,583,73,17.0,6.5,6,78,4,2,57,1,0.00,6,25,-19,-2.93,-1.51,Matches
68,Joseph Aidoo,gh GHA,DF,Celta Vigo,es La Liga,28,1995,1,2,2,0.1,0.0,0,,0,1,2,13,3.00,1,0,+1,+45.00,+44.97,Matches
69,Mike Aidoo,it ITA,DF,Inter,it Serie A,19,2005,0,,,,,0,,0,0,,7,,,,,,,Matches
70,Romeo Aigbekaen,de GER,MF,St Pauli,de Bundesliga,20,2004,0,,,,,0,,0,0,,1,,,,,,,Matches
71,Ayman Aiki,fr FRA,MF,Saint-Étienne,fr Ligue 1,19,2005,5,127,25,4.2,1.4,1,58,0,4,17,3,0.00,0,3,-3,-2.13,-1.05,Matches
72,Ola Aina,ng NGA,DF,Nottingham Forest,eng Premier League,27,1996,35,2995,86,87.6,33.3,35,86,28,0,,0,1.77,55,39,+16,+0.48,+1.33,Matches
73,Abdelhamid Ait Boudlal,ma MAR,DF,Rennes,fr Ligue 1,18,2006,0,,,,,0,,0,0,,4,,,,,,,Matches
74,Rayan Aït-Nouri,dz ALG,"MF,DF",Wolves,eng Premier League,23,2001,37,3109,84,90.9,34.5,37,84,18,0,,0,1.05,46,66,-20,-0.58,-2.03,Matches
75,Junior Ajayi,ci CIV,FW,Hellas Verona,it Serie A,19,2004,2,13,7,0.4,0.1,0,,0,2,7,24,2.00,0,0,0,0.00,+0.85,Matches
76,Oyindamola Ajayi,eng ENG,MF,Tottenham Hotspur,eng Premier League,18,2005,0,,,,,0,,0,0,,5,,,,,,,Matches
77,Kristoffer Ajer,no NOR,DF,Brentford,eng Premier League,26,1998,24,1438,60,42.0,16.0,17,79,5,7,14,2,1.33,20,25,-5,-0.31,-0.95,Matches
78,Ludovic Ajorque,fr FRA,FW,Brest,fr Ligue 1,30,1994,31,2495,80,81.5,27.7,29,84,16,2,28,0,1.48,44,47,-3,-0.11,+0.53,Matches
79,Jonathan Akaegbobi,de GER,FW,Wolfsburg,de Bundesliga,18,2006,0,,,,,0,,0,0,,2,,,,,,,Matches
80,Manuel Akanji,ch SUI,"DF,MF",Manchester City,eng Premier League,29,1995,26,2014,77,58.9,22.4,23,86,20,3,12,2,2.04,46,28,+18,+0.80,+0.16,Matches
81,Ümit Akdag,ro ROU,DF,Toulouse,fr Ligue 1,20,2003,9,500,56,16.3,5.6,6,72,0,3,22,22,0.89,1,9,-8,-1.44,-1.76,Matches
82,Nathan Aké,nl NED,DF,Manchester City,eng Premier League,29,1995,10,678,68,19.8,7.5,8,79,2,2,24,9,1.40,11,11,0,0.00,-0.92,Matches
83,Ilias Akhomach,ma MAR,MF,Villarreal,es La Liga,20,2004,11,584,53,17.1,6.5,7,69,0,4,25,1,1.91,8,7,+1,+0.15,-0.45,Matches
84,Sergio Akieme,es ESP,DF,Reims,fr Ligue 1,26,1997,30,2523,84,82.5,28.0,29,87,23,1,13,0,0.80,24,39,-15,-0.54,-0.70,Matches
85,Matai Akinmboni,us USA,DF,Bournemouth,eng Premier League,17,2006,0,,,,,0,,0,0,,8,,,,,,,Matches
86,Maghnes Akliouche,fr FRA,MF,Monaco,fr Ligue 1,22,2002,32,2406,75,78.6,26.7,27,86,20,5,19,0,1.78,53,31,+22,+0.82,+0.82,Matches
87,Paul Akouokou,ci CIV,MF,Lyon,fr Ligue 1,26,1997,2,19,10,0.6,0.2,0,,0,2,10,10,1.50,0,0,0,0.00,-0.56,Matches
88,Clément Akpa,ci CIV,DF,Auxerre,fr Ligue 1,22,2001,31,2486,80,81.2,27.6,29,83,19,2,34,1,1.29,38,40,-2,-0.07,+0.08,Matches
89,Jean-Daniel Akpa-Akpro,ci CIV,MF,Monza,it Serie A,31,1992,14,966,69,28.2,10.7,12,78,5,2,18,0,0.50,7,24,-17,-1.58,-0.70,Matches
90,David Akpan Ankeye,ng NGA,FW,Genoa,it Serie A,22,2002,4,45,11,1.3,0.5,0,,0,4,11,9,0.25,1,1,0,0.00,+0.32,Matches
91,Kevin Akpoguma,ng NGA,DF,Hoffenheim,de Bundesliga,29,1995,32,2220,69,72.5,24.7,23,86,21,9,26,2,0.97,30,48,-18,-0.73,-0.30,Matches
92,Chuba Akpom,eng ENG,FW,Lille,fr Ligue 1,28,1995,14,639,46,20.9,7.1,6,69,0,8,28,0,1.79,10,9,+1,+0.14,-0.42,Matches
93,Al-Musrati,ly LBY,MF,Monaco,fr Ligue 1,28,1996,10,386,39,12.6,4.3,3,74,1,7,23,1,1.70,10,4,+6,+1.40,+0.86,Matches
94,David Alaba,at AUT,DF,Real Madrid,es La Liga,32,1992,7,317,45,9.3,3.5,4,66,1,3,17,5,2.14,6,4,+2,+0.57,-0.53,Matches
95,Kerim Alajbegović,ba BIH,MF,Leverkusen,de Bundesliga,16,2007,0,,,,,0,,0,0,,5,,,,,,,Matches
96,Ibrahim Alani,ng NGA,MF,Valladolid,es La Liga,18,2006,3,160,53,4.7,1.8,1,90,1,2,35,0,0.00,0,4,-4,-2.25,-0.59,Matches
97,Andreas Albers,dk DEN,"FW,MF",St Pauli,de Bundesliga,34,1990,14,62,4,2.0,0.7,0,,0,14,4,4,0.86,1,2,-1,-1.45,-1.09,Matches
98,Raúl Albiol,es ESP,DF,Villarreal,es La Liga,38,1985,15,1188,79,34.7,13.2,14,84,12,1,6,13,1.73,26,20,+6,+0.45,-0.11,Matches
99,Carlos Alcaraz,ar ARG,MF,Southampton,eng Premier League,21,2002,1,10,10,0.3,0.1,0,,0,1,10,0,0.00,0,0,0,0.00,+1.58,Matches
100,Carlos Alcaraz,ar ARG,MF,Everton,eng Premier League,21,2002,15,764,51,22.3,8.5,7,84,2,8,22,0,1.47,12,9,+3,+0.35,+0.52,Matches
101,Alcázar,es ESP,DF,Real Betis,es La Liga,22,2002,0,,,,,0,,0,0,,5,,,,,,,Matches
102,Omar Alderete,py PAR,DF,Getafe,es La Liga,27,1996,34,2971,87,86.9,33.0,34,87,27,0,,0,1.21,32,35,-3,-0.09,+0.31,Matches
103,Pedro Alemañ,es ESP,MF,Valencia,es La Liga,22,2002,0,,,,,0,,0,0,,3,,,,,,,Matches
104,Carles Aleñá,es ESP,MF,Getafe,es La Liga,26,1998,10,452,45,13.2,5.0,5,67,0,5,23,7,0.80,2,4,-2,-0.40,-0.31,Matches
105,Carles Aleñá,es ESP,MF,Alavés,es La Liga,26,1998,14,1090,78,31.9,12.1,13,82,5,1,18,1,1.29,11,12,-1,-0.08,+0.27,Matches
106,Ben Alexander Voll,de GER,GK,St Pauli,de Bundesliga,23,2000,2,91,46,3.0,1.0,1,90,1,1,1,22,0.50,2,2,0,0.00,+0.39,Matches
107,Trent Alexander-Arnold,eng ENG,DF,Liverpool,eng Premier League,25,1998,33,2365,72,69.2,26.3,28,79,12,5,29,1,2.27,67,25,+42,+1.60,+1.34,Matches
108,Christos Alexiou,gr GRE,DF,Inter,it Serie A,19,2005,0,,,,,0,,0,0,,4,,,,,,,Matches
109,Alfon,es ESP,"FW,MF",Celta Vigo,es La Liga,25,1999,26,1371,53,40.1,15.2,14,76,4,12,26,9,1.19,24,26,-2,-0.13,-0.31,Matches
110,Mohamed Ali Cho,fr FRA,"FW,MF",Nice,fr Ligue 1,20,2004,27,1621,60,53.0,18.0,21,72,0,6,18,2,1.74,34,22,+12,+0.67,-0.15,Matches
111,Mohamed Ali Diadie,fr FRA,FW,Reims,fr Ligue 1,19,2004,0,,,,,0,,0,0,,6,,,,,,,Matches
112,Faride Alidou,de GER,FW,Hellas Verona,it Serie A,23,2001,3,71,24,2.1,0.8,0,,0,3,24,10,0.00,0,0,0,0.00,+0.86,Matches
113,Alisson,br BRA,GK,Liverpool,eng Premier League,31,1992,28,2508,90,73.3,27.9,28,90,27,0,,0,2.18,64,29,+35,+1.26,+0.27,Matches
114,Tadeo Allende,ar ARG,"FW,MF",Celta Vigo,es La Liga,25,1999,1,2,2,0.1,0.0,0,,0,1,2,7,1.50,0,1,-1,-45.00,-45.08,Matches
115,Jim Allevinah,ga GAB,MF,Angers,fr Ligue 1,29,1995,28,1750,63,57.2,19.4,23,69,1,5,33,0,1.29,17,28,-11,-0.57,+0.12,Matches
116,Max Alleyne,eng ENG,DF,Manchester City,eng Premier League,19,2005,0,,,,,0,,0,0,,2,,,,,,,Matches
117,Dele Alli,eng ENG,"FW,MF",Como,it Serie A,28,1996,1,9,9,0.3,0.1,0,,0,1,9,9,0.00,0,0,0,0.00,+0.08,Matches
118,Thiago Almada,ar ARG,MF,Lyon,fr Ligue 1,23,2001,16,951,59,31.1,10.6,9,88,5,7,23,1,1.75,27,15,+12,+1.14,+0.84,Matches
119,Alex Almansa,es ESP,FW,Espanyol,es La Liga,20,2003,0,,,,,0,,0,0,,3,,,,,,,Matches
120,Domingos André Ribeiro Almeida,pt POR,"MF,FW",Valencia,es La Liga,24,2000,34,1977,58,57.8,22.0,24,73,4,10,21,2,1.32,27,29,-2,-0.09,+0.41,Matches
121,Iker Almena,es ESP,MF,Girona,es La Liga,20,2004,2,48,24,1.4,0.5,0,,0,2,24,0,0.50,1,1,0,0.00,+0.43,Matches
122,Miguel Almirón,py PAR,FW,Newcastle United,eng Premier League,30,1994,9,157,17,4.6,1.7,1,67,0,8,11,14,1.56,1,3,-2,-1.15,-1.78,Matches
123,Pontus Almqvist,se SWE,"FW,MF",Parma,it Serie A,25,1999,29,1112,38,32.5,12.4,10,61,0,19,26,7,0.79,14,24,-10,-0.81,-0.65,Matches
124,Marcos Alonso,es ESP,DF,Celta Vigo,es La Liga,33,1990,31,2647,85,77.4,29.4,29,88,25,2,51,0,1.48,41,39,+2,+0.07,+0.07,Matches
125,Giorgio Altare,it ITA,DF,Venezia,it Serie A,25,1998,12,753,63,22.0,8.4,8,80,5,4,29,4,0.92,9,12,-3,-0.36,+0.35,Matches
126,Adrià Altimira,es ESP,"DF,MF",Leganés,es La Liga,23,2001,22,1630,74,47.7,18.1,19,79,11,3,43,14,1.18,18,26,-8,-0.44,+0.01,Matches
127,Sergi Altimira,es ESP,MF,Real Betis,es La Liga,22,2001,32,1972,62,57.7,21.9,22,77,9,10,27,6,1.63,32,33,-1,-0.05,-0.54,Matches
128,Olabade Aluko,,DF,Leicester City,eng Premier League,,,1,2,2,0.1,0.0,0,,0,1,2,1,0.00,0,0,0,0.00,+1.24,Matches
129,Laurenzo Alvarenga,fr FRA,MF,Nice,fr Ligue 1,20,2004,0,,,,,0,,0,0,,3,,,,,,,Matches
130,Edson Álvarez,mx MEX,MF,West Ham United,eng Premier League,26,1997,28,1772,63,51.8,19.7,20,76,4,8,32,2,1.25,19,29,-10,-0.51,-0.18,Matches
131,Hugo Álvarez,es ESP,MF,Celta Vigo,es La Liga,21,2003,26,1572,60,46.0,17.5,16,80,9,10,29,8,1.31,30,27,+3,+0.17,+0.22,Matches
132,Iker Álvarez,ad AND,GK,Villarreal,es La Liga,23,2001,0,,,,,0,,0,0,,1,,,,,,,Matches
133,Julián Álvarez,ar ARG,FW,Atlético Madrid,es La Liga,24,2000,37,2509,68,73.4,27.9,30,77,12,7,29,0,1.97,47,17,+30,+1.08,+0.29,Matches
134,Yeray Álvarez,es ESP,DF,Athletic Club,es La Liga,29,1995,21,1781,85,52.1,19.8,20,89,19,1,2,9,1.90,20,11,+9,+0.45,-0.42,Matches
135,Skelly Alvero,fr FRA,MF,Werder Bremen,de Bundesliga,22,2002,12,236,20,7.7,2.6,1,56,0,11,16,10,1.42,0,4,-4,-1.53,-1.56,Matches
136,Will Alves,eng ENG,MF,Leicester City,eng Premier League,19,2005,1,1,1,0.0,0.0,0,,0,1,1,2,0.00,0,0,0,0.00,+1.24,Matches
137,Selim Amallah,ma MAR,MF,Valladolid,es La Liga,27,1996,24,1376,57,40.2,15.3,18,67,2,6,29,7,0.38,10,34,-24,-1.57,+0.19,Matches
138,Harry Amass,eng ENG,MF,Manchester Utd,eng Premier League,17,2007,5,346,69,10.1,3.8,4,81,3,1,22,8,0.60,5,9,-4,-1.04,-0.86,Matches
139,Amath,sn SEN,"FW,MF",Valladolid,es La Liga,28,1996,13,375,29,11.0,4.2,5,57,0,8,11,18,0.54,2,6,-4,-0.96,+0.81,Matches
140,Jordan Amavi,fr FRA,DF,Brest,fr Ligue 1,30,1994,11,790,72,25.8,8.8,8,87,4,3,33,9,1.18,8,18,-10,-1.14,-1.26,Matches
141,Aurele Amenda,ch SUI,DF,Eintracht Frankfurt,de Bundesliga,21,2003,8,96,12,3.1,1.1,1,45,0,7,7,16,2.75,2,1,+1,+0.94,+0.30,Matches
142,Kelvin Amian,fr FRA,DF,Nantes,fr Ligue 1,26,1998,30,2165,72,70.8,24.1,23,87,18,7,23,3,1.07,26,36,-10,-0.42,-0.11,Matches
143,Michael Amir Murillo,pa PAN,DF,Marseille,fr Ligue 1,28,1996,30,2437,81,79.6,27.1,27,87,25,3,26,1,2.13,63,35,+28,+1.03,+1.18,Matches
144,Nadiem Amiri,de GER,MF,Mainz 05,de Bundesliga,27,1996,30,2473,82,80.8,27.5,30,82,18,0,,0,1.63,48,36,+12,+0.44,+0.44,Matches
145,Samuel Amissah,eng ENG,DF,Fulham,eng Premier League,17,2007,0,,,,,0,,0,0,,1,,,,,,,Matches
146,Samuel Amo-Ameyaw,eng ENG,"FW,MF",Southampton,eng Premier League,18,2006,2,28,14,0.8,0.3,0,,0,2,14,7,0.00,0,0,0,0.00,+1.59,Matches
147,Samuel Amo-Ameyaw,eng ENG,MF,Strasbourg,fr Ligue 1,18,2006,9,320,36,10.5,3.6,3,76,0,6,15,5,1.89,7,6,+1,+0.28,-0.08,Matches
148,Mathis Amougou,fr FRA,MF,Chelsea,eng Premier League,18,2006,1,8,8,0.2,0.1,0,,0,1,8,3,3.00,0,0,0,0.00,-0.55,Matches
149,Mathis Amougou,fr FRA,MF,Saint-Étienne,fr Ligue 1,18,2006,17,859,51,28.1,9.5,9,77,3,8,21,1,0.71,8,19,-11,-1.15,-0.05,Matches
150,Mohamed Amoura,dz ALG,"FW,MF",Wolfsburg,de Bundesliga,24,2000,31,2467,80,80.6,27.4,29,83,9,2,33,0,1.29,47,43,+4,+0.15,+0.45,Matches
151,Sofyan Amrabat,ma MAR,MF,Fiorentina,it Serie A,27,1996,2,180,90,5.3,2.0,2,90,2,0,,0,1.00,1,1,0,0.00,-0.53,Matches
152,Joachim Andersen,dk DEN,DF,Crystal Palace,eng Premier League,28,1996,1,90,90,2.6,1.0,1,90,1,0,,0,0.00,1,2,-1,-1.00,-1.03,Matches
153,Joachim Andersen,dk DEN,DF,Fulham,eng Premier League,28,1996,29,2583,89,75.5,28.7,29,89,28,0,,2,1.45,43,44,-1,-0.03,-0.14,Matches
154,Elliot Anderson,eng ENG,MF,Nottingham Forest,eng Premier League,21,2002,37,2728,74,79.8,30.3,33,79,13,4,27,0,1.76,49,37,+12,+0.40,+0.40,Matches
155,André,br BRA,MF,Wolves,eng Premier League,23,2001,33,2472,75,72.3,27.5,31,80,14,2,3,2,1.15,39,46,-7,-0.25,+0.50,Matches
156,Benjamin André,fr FRA,MF,Lille,fr Ligue 1,33,1990,30,2692,90,88.0,29.9,30,90,29,0,,0,1.77,46,33,+13,+0.43,-0.30,Matches
157,Marcos André,br BRA,FW,Valladolid,es La Liga,27,1996,22,1188,54,34.7,13.2,14,75,2,8,17,13,0.41,11,32,-21,-1.59,+0.14,Matches
158,Francesco Andrealli,it ITA,MF,Como,it Serie A,16,2007,0,,,,,0,,0,0,,2,,,,,,,Matches
159,Aleksandar Andreev,bg BUL,GK,Girona,es La Liga,18,2006,0,,,,,0,,0,0,,1,,,,,,,Matches
160,Robert Andrich,de GER,"MF,DF",Leverkusen,de Bundesliga,29,1994,23,1598,69,52.2,17.8,19,81,9,4,16,9,2.17,35,20,+15,+0.84,-0.02,Matches
161,Angeliño,es ESP,"MF,DF",Roma,it Serie A,27,1997,38,3177,84,92.9,35.3,36,87,32,2,20,0,1.82,52,32,+20,+0.57,+0.20,Matches
162,Mathys Angély,fr FRA,DF,Wolfsburg,de Bundesliga,17,2007,0,,,,,0,,0,0,,4,,,,,,,Matches
163,Lorenzo Anghelè,it ITA,FW,Juventus,it Serie A,19,2005,1,6,6,0.2,0.1,0,,0,1,6,0,3.00,0,0,0,0.00,-0.61,Matches
164,Faustino Anjorin,eng ENG,MF,Empoli,it Serie A,22,2001,22,1114,51,32.6,12.4,14,68,1,8,20,0,1.00,15,19,-4,-0.32,+0.54,Matches
165,Aaron Anselmino,ar ARG,DF,Chelsea,eng Premier League,19,2005,0,,,,,0,,0,0,,2,,,,,,,Matches
166,Jaidon Anthony,eng ENG,"FW,MF",Bournemouth,eng Premier League,24,1999,0,,,,,0,,0,0,,2,,,,,,,Matches
167,Waldemar Anton,de GER,DF,Dortmund,de Bundesliga,28,1996,26,1949,75,63.7,21.7,22,85,19,4,22,3,1.77,50,31,+19,+0.88,+0.80,Matches
168,Leandro Antonetti,pr PUR,FW,Sevilla,es La Liga,21,2003,2,28,14,0.8,0.3,0,,0,2,14,6,2.00,0,0,0,0.00,+0.34,Matches
169,Kyllian Antonio,fr FRA,"MF,DF",Lens,fr Ligue 1,16,2008,3,139,46,4.5,1.5,2,64,0,1,12,4,1.00,0,2,-2,-1.29,-1.45,Matches
170,Michail Antonio,jm JAM,FW,West Ham United,eng Premier League,34,1990,14,836,60,24.4,9.3,11,66,0,3,37,0,1.07,13,18,-5,-0.54,-0.16,Matches
171,Antoniu,es ESP,MF,Espanyol,es La Liga,21,2002,26,1022,39,29.9,11.4,13,61,0,13,17,9,1.08,14,10,+4,+0.35,+0.92,Matches
172,Antony,br BRA,"FW,MF",Manchester Utd,eng Premier League,24,2000,8,141,18,4.1,1.6,0,,0,8,18,11,0.88,5,2,+3,+1.91,+2.27,Matches
173,Antony,br BRA,MF,Real Betis,es La Liga,24,2000,17,1362,80,39.8,15.1,15,85,10,2,40,0,1.88,34,20,+14,+0.93,+1.23,Matches
174,Genesis Antwi,se SWE,DF,Chelsea,eng Premier League,17,2007,0,,,,,0,,0,0,,1,,,,,,,Matches
175,Anuar,ma MAR,"MF,FW",Valladolid,es La Liga,29,1995,26,1720,66,50.3,19.1,21,76,8,5,25,2,0.42,12,39,-27,-1.41,+0.55,Matches
176,Dennis Appiah,fr FRA,DF,Saint-Étienne,fr Ligue 1,32,1992,29,2128,73,69.5,23.6,22,90,20,7,21,2,0.90,29,55,-26,-1.10,+0.06,Matches
177,Aritz Arambarri,es ESP,DF,Leganés,es La Liga,26,1998,2,177,89,5.2,2.0,2,89,1,0,,1,2.00,3,2,+1,+0.51,+1.01,Matches
178,Mauro Arambarri,uy URU,MF,Getafe,es La Liga,28,1995,35,2661,76,77.8,29.6,31,83,23,4,23,0,1.11,29,32,-3,-0.10,+0.14,Matches
179,Jon Aramburu,ve VEN,DF,Real Sociedad,es La Liga,22,2002,35,2460,70,71.9,27.3,28,83,19,7,20,2,1.31,26,35,-9,-0.33,-0.14,Matches
180,Egoitz Arana,es ESP,GK,Real Sociedad,es La Liga,22,2002,0,,,,,0,,0,0,,6,,,,,,,Matches
181,Julian Araujo,mx MEX,DF,Bournemouth,eng Premier League,22,2001,12,497,41,14.5,5.5,7,62,0,5,12,7,1.08,2,10,-8,-1.45,-2.06,Matches
182,Ronald Araújo,uy URU,DF,Barcelona,es La Liga,25,1999,12,754,63,22.0,8.4,11,68,5,1,5,7,2.69,22,8,+14,+1.67,+0.02,Matches
183,Matías Árbol,es ESP,GK,Sevilla,es La Liga,21,2002,0,,,,,0,,0,0,,10,,,,,,,Matches
184,Cameron Archer,eng ENG,FW,Southampton,eng Premier League,23,2001,35,1441,41,42.1,16.0,13,71,0,22,24,2,0.26,10,34,-24,-1.50,+0.14,Matches
185,Carlens Arcus,ht HAI,DF,Angers,fr Ligue 1,28,1996,28,2047,73,66.9,22.7,25,79,13,3,28,2,1.00,22,35,-13,-0.57,+0.14,Matches
186,Alphonse Areola,fr FRA,GK,West Ham United,eng Premier League,31,1993,26,2260,87,66.1,25.1,25,88,24,1,55,8,0.96,29,41,-12,-0.48,-0.17,Matches
187,Adu Ares,es ESP,MF,Athletic Club,es La Liga,22,2001,1,19,19,0.6,0.2,0,,0,1,19,2,0.00,0,1,-1,-4.74,-5.42,Matches
188,Jesús Areso,es ESP,DF,Osasuna,es La Liga,25,1999,36,3079,86,90.0,34.2,35,87,24,1,28,1,1.44,47,43,+4,+0.12,+2.23,Matches
189,David Argüelles,es ESP,DF,Getafe,es La Liga,22,2002,1,7,7,0.2,0.1,0,,0,1,7,13,1.00,1,0,+1,+12.86,+13.02,Matches
190,Iñigo Arguibide,es ESP,FW,Osasuna,es La Liga,19,2005,0,,,,,0,,0,0,,2,,,,,,,Matches
191,Joe Aribo,ng NGA,MF,Southampton,eng Premier League,28,1996,32,2013,63,58.9,22.4,21,79,8,11,32,6,0.34,17,56,-39,-1.74,-0.40,Matches
192,Adam Armstrong,eng ENG,"FW,MF",Southampton,eng Premier League,27,1997,20,1248,62,36.5,13.9,15,75,4,5,25,4,0.30,7,35,-28,-2.02,-0.69,Matches
193,Harrison Armstrong,eng ENG,MF,Everton,eng Premier League,17,2007,3,48,16,1.4,0.5,0,,0,3,16,20,1.00,0,1,-1,-1.87,-1.85,Matches
194,José Arnaiz,es ESP,MF,Osasuna,es La Liga,29,1995,15,133,9,3.9,1.5,1,45,0,14,6,18,0.60,2,3,-1,-0.68,-0.59,Matches
195,Marko Arnautović,at AUT,FW,Inter,it Serie A,35,1989,18,549,31,16.1,6.1,5,69,1,13,16,20,2.06,12,9,+3,+0.49,-0.79,Matches
196,Maximilian Arnold,de GER,MF,Wolfsburg,de Bundesliga,30,1994,28,2356,84,77.0,26.2,27,86,24,1,45,0,1.21,48,38,+10,+0.38,+1.40,Matches
197,Jann-Fiete Arp,de GER,FW,Holstein Kiel,de Bundesliga,24,2000,23,713,31,23.3,7.9,3,78,1,20,24,9,0.52,16,17,-1,-0.13,+1.02,Matches
198,Sergio Arribas,es ESP,DF,Real Betis,es La Liga,21,2003,1,90,90,2.6,1.0,1,90,1,0,,2,3.00,1,0,+1,+1.00,+0.84,Matches
199,Kepa Arrizabalaga,es ESP,GK,Bournemouth,eng Premier League,29,1994,31,2790,90,81.6,31.0,31,90,31,0,,1,1.48,50,39,+11,+0.35,+0.21,Matches
200,Ricard Artero,es ESP,MF,Girona,es La Liga,21,2003,0,,,,,0,,0,0,,3,,,,,,,Matches
201,Arthur,br BRA,"MF,DF",Leverkusen,de Bundesliga,21,2003,20,752,38,24.6,8.4,7,76,2,13,17,11,2.05,21,7,+14,+1.68,+1.09,Matches
202,Benjamin Arthur,eng ENG,DF,Brentford,eng Premier League,18,2005,0,,,,,0,,0,0,,4,,,,,,,Matches
203,Takuma Asano,jp JPN,"MF,FW",Mallorca,es La Liga,29,1994,21,1054,50,30.8,11.7,13,67,0,8,23,2,1.14,14,13,+1,+0.09,+0.47,Matches
204,Raúl Asencio,es ESP,DF,Real Madrid,es La Liga,21,2003,23,1670,73,48.8,18.6,18,84,13,5,32,3,2.43,37,16,+21,+1.13,+0.15,Matches
205,Marco Asensio,es ESP,MF,Aston Villa,eng Premier League,28,1996,13,743,57,21.7,8.3,9,72,3,4,23,0,2.00,18,8,+10,+1.21,+1.31,Matches
206,Marco Asensio,es ESP,"FW,MF",Paris Saint-Germain,fr Ligue 1,28,1996,12,618,52,20.2,6.9,8,72,2,4,12,6,2.50,19,5,+14,+2.04,+0.45,Matches
207,Kristjan Asllani,al ALB,MF,Inter,it Serie A,22,2002,22,988,45,28.9,11.0,10,80,5,12,16,14,2.36,20,10,+10,+0.91,-0.35,Matches
208,Ank Asmussen,dk DEN,FW,Empoli,it Serie A,19,2005,0,,,,,0,,0,0,,6,,,,,,,Matches
209,Iago Aspas,es ESP,"FW,MF",Celta Vigo,es La Liga,36,1987,30,1745,58,51.0,19.4,19,78,8,11,23,3,1.50,30,27,+3,+0.15,+0.21,Matches
210,Yaser Asprilla,co COL,"MF,FW",Girona,es La Liga,20,2003,27,1405,52,41.1,15.6,15,76,6,12,22,3,1.00,17,28,-11,-0.70,-0.48,Matches
211,Lorenz Assignon,tg TOG,"MF,DF",Rennes,fr Ligue 1,24,2000,32,2357,74,77.0,26.2,27,83,16,5,24,0,1.25,41,37,+4,+0.15,+0.54,Matches
212,Dehmaine Assoumani,fr FRA,FW,Nantes,fr Ligue 1,19,2005,12,98,8,3.2,1.1,0,,0,12,8,11,1.08,1,2,-1,-0.92,-0.55,Matches
213,Ander Astralaga,es ESP,GK,Barcelona,es La Liga,20,2004,0,,,,,0,,0,0,,16,,,,,,,Matches
214,Valentin Atangana Edoa,fr FRA,MF,Reims,fr Ligue 1,18,2005,34,2854,84,93.3,31.7,33,85,20,1,45,0,0.97,32,44,-12,-0.38,+0.50,Matches
215,Arthur Atta,fr FRA,"MF,FW",Udinese,it Serie A,21,2003,27,1251,46,36.6,13.9,12,78,4,15,21,3,1.15,10,20,-10,-0.72,-0.51,Matches
216,Noah Atubolu,de GER,GK,Freiburg,de Bundesliga,22,2002,26,2307,89,75.4,25.6,26,89,25,0,,2,1.62,37,37,0,0.00,+0.48,Matches
217,Emil Audero,id IDN,GK,Como,it Serie A,27,1997,8,720,90,21.1,8.0,8,90,8,0,,15,1.00,11,18,-7,-0.87,-1.01,Matches
218,Tommaso Augello,it ITA,"MF,DF",Cagliari,it Serie A,29,1994,38,2713,71,79.3,30.1,30,84,20,8,26,0,0.95,30,46,-16,-0.53,-0.53,Matches
219,Carlos Augusto,br BRA,"DF,MF",Inter,it Serie A,25,1999,29,1691,58,49.4,18.8,15,86,13,14,29,3,2.07,37,17,+20,+1.06,-0.18,Matches
220,Yann Aurel Bisseck,de GER,DF,Inter,it Serie A,23,2000,27,1643,61,48.0,18.3,17,78,10,10,32,8,2.22,42,20,+22,+1.21,+0.09,Matches
221,Henrijs Auseklis,lv LVA,GK,Cagliari,it Serie A,17,2006,0,,,,,0,,0,0,,3,,,,,,,Matches
222,Brandon Austin,eng ENG,GK,Tottenham Hotspur,eng Premier League,25,1999,1,90,90,2.6,1.0,1,90,1,0,,12,0.00,1,2,-1,-1.00,-1.00,Matches
223,Ezequiel Ávila,ar ARG,"MF,FW",Real Betis,es La Liga,30,1994,19,677,36,19.8,7.5,6,62,1,13,23,5,1.63,9,7,+2,+0.27,+0.10,Matches
224,Taiwo Awoniyi,ng NGA,FW,Nottingham Forest,eng Premier League,26,1997,26,416,16,12.2,4.6,3,64,0,23,10,7,1.92,5,10,-5,-1.08,-1.59,Matches
225,Yasin Ayari,se SWE,MF,Brighton,eng Premier League,20,2003,34,1965,58,57.5,21.8,22,78,8,12,22,2,1.68,31,28,+3,+0.14,-0.11,Matches
226,Florian Ayé,fr FRA,FW,Auxerre,fr Ligue 1,27,1997,26,575,22,18.8,6.4,4,65,0,22,14,8,1.00,11,11,0,0.00,+0.11,Matches
227,André Ayew,gh GHA,FW,Le Havre,fr Ligue 1,34,1989,27,1453,54,47.5,16.1,15,77,5,12,25,0,1.04,18,35,-17,-1.05,-0.27,Matches
228,Jordan Ayew,gh GHA,"FW,MF",Crystal Palace,eng Premier League,32,1991,1,21,21,0.6,0.2,0,,0,1,21,0,0.00,0,1,-1,-4.29,-4.31,Matches
229,Jordan Ayew,gh GHA,MF,Leicester City,eng Premier League,32,1991,30,1638,55,47.9,18.2,19,77,4,11,16,6,0.77,17,41,-24,-1.32,-0.16,Matches
230,Neil El Aynaoui,ma MAR,MF,Lens,fr Ligue 1,23,2001,24,1588,66,51.9,17.6,17,84,12,7,23,1,1.50,26,23,+3,+0.17,+0.17,Matches
231,Ayman Azhil,ma MAR,MF,Dortmund,de Bundesliga,23,2001,1,24,24,0.8,0.3,0,,0,1,24,7,3.00,0,0,0,0.00,-0.59,Matches
232,Ilyas Azizi,fr FRA,FW,Toulouse,fr Ligue 1,16,2008,0,,,,,0,,0,0,,1,,,,,,,Matches
233,Adam Aznou,ma MAR,DF,Bayern Munich,de Bundesliga,18,2006,2,17,9,0.6,0.2,0,,0,2,9,11,3.00,0,2,-2,-10.59,-12.63,Matches
234,Adam Aznou,ma MAR,"DF,MF",Valladolid,es La Liga,18,2006,13,876,67,25.6,9.7,10,79,7,3,29,2,0.08,7,23,-16,-1.64,+0.05,Matches
235,Ivan Azón,es ESP,FW,Como,it Serie A,21,2002,0,,,,,0,,0,0,,6,,,,,,,Matches
236,César Azpilicueta,es ESP,DF,Atlético Madrid,es La Liga,34,1989,14,875,63,25.6,9.7,10,75,5,4,32,16,1.80,18,8,+10,+1.03,+0.04,Matches
237,Paulo Azzi,br BRA,MF,Cagliari,it Serie A,30,1994,6,426,71,12.5,4.7,5,79,3,1,31,15,0.33,1,5,-4,-0.85,-0.48,Matches
238,Oussama El Azzouzi,ma MAR,MF,Bologna,it Serie A,23,2001,2,19,10,0.6,0.2,0,,0,2,10,16,1.50,0,1,-1,-4.74,-5.03,Matches
239,Papa Ba,es ESP,FW,Girona,es La Liga,19,2004,1,48,48,1.4,0.5,0,,0,1,48,2,0.00,0,0,0,0.00,+0.43,Matches
240,Shavy Babicka,ga GAB,MF,Toulouse,fr Ligue 1,24,2000,30,1186,40,38.8,13.2,11,75,2,19,19,2,1.23,20,22,-2,-0.15,-0.30,Matches
241,Jacopo Bacci,it ITA,MF,Empoli,it Serie A,19,2005,3,31,10,0.9,0.3,0,,0,3,10,16,0.33,1,0,+1,+2.90,+3.62,Matches
242,Iker Bachiller,es ESP,DF,Leganés,es La Liga,21,2002,0,,,,,0,,0,0,,13,,,,,,,Matches
243,Mio Backhaus,de GER,GK,Werder Bremen,de Bundesliga,20,2004,0,,,,,0,,0,0,,33,,,,,,,Matches
244,Aliou Badara Baldé,gn GUI,FW,Bochum,de Bundesliga,21,2002,5,91,18,3.0,1.0,0,,0,5,18,1,0.00,0,2,-2,-1.98,-1.01,Matches
245,Loïc Bade,fr FRA,DF,Sevilla,es La Liga,24,2000,32,2686,84,78.5,29.8,31,86,29,1,21,1,1.06,31,40,-9,-0.30,+0.19,Matches
246,Milan Badelj,hr CRO,MF,Genoa,it Serie A,35,1989,23,1472,64,43.0,16.4,21,68,4,2,19,11,1.09,13,17,-4,-0.24,+0.13,Matches
247,Benoît Badiashile,fr FRA,DF,Chelsea,eng Premier League,23,2001,5,334,67,9.8,3.7,3,88,2,2,35,17,1.80,7,5,+2,+0.54,-0.02,Matches
248,Alex Baena,es ESP,"MF,FW",Villarreal,es La Liga,23,2001,32,2595,81,75.9,28.8,30,84,16,2,33,0,1.91,59,36,+23,+0.80,+1.12,Matches
249,Nicola Bagnolini,it ITA,GK,Bologna,it Serie A,20,2004,0,,,,,0,,0,0,,36,,,,,,,Matches
250,Leon Bailey,jm JAM,MF,Aston Villa,eng Premier League,26,1997,24,1139,47,33.3,12.7,14,65,2,10,23,5,1.54,22,19,+3,+0.24,+0.08,Matches
251,Eric Bailly,ci CIV,DF,Villarreal,es La Liga,30,1994,12,617,51,18.0,6.9,8,67,3,4,20,20,1.67,11,14,-3,-0.44,-1.18,Matches
252,Theo Bair,ca CAN,FW,Auxerre,fr Ligue 1,24,1999,29,939,32,30.7,10.4,11,60,0,18,15,5,1.34,13,14,-1,-0.10,-0.01,Matches
253,Stefan Bajcetic,es ESP,"MF,DF",Las Palmas,es La Liga,19,2004,14,969,69,28.3,10.8,12,75,3,2,35,1,0.64,7,17,-10,-0.93,-0.52,Matches
254,Cédric Bakambu,cd COD,FW,Real Betis,es La Liga,33,1991,25,710,28,20.8,7.9,6,57,0,19,19,7,1.46,15,8,+7,+0.89,+0.89,Matches
255,Mitchel Bakker,nl NED,"DF,MF",Atalanta,it Serie A,24,2000,1,22,22,0.6,0.2,0,,0,1,22,0,3.00,0,0,0,0.00,-1.09,Matches
256,Mitchel Bakker,nl NED,"MF,DF",Lille,fr Ligue 1,24,2000,24,1139,47,37.2,12.7,14,67,3,10,20,3,1.54,23,16,+7,+0.55,+0.13,Matches
257,Darryl Bakola,fr FRA,MF,Marseille,fr Ligue 1,16,2007,2,14,7,0.5,0.2,0,,0,2,7,9,1.00,0,3,-3,-19.29,-20.17,Matches
258,Ridle Baku,de GER,MF,Wolfsburg,de Bundesliga,26,1998,15,1170,78,38.2,13.0,14,82,8,1,26,0,1.40,27,23,+4,+0.31,+0.40,Matches
259,Ridle Baku,de GER,MF,RB Leipzig,de Bundesliga,26,1998,19,1275,67,41.7,14.2,15,80,7,4,19,0,1.26,22,22,0,0.00,-0.25,Matches
260,Dilane Bakwa,fr FRA,MF,Strasbourg,fr Ligue 1,21,2002,30,2497,83,81.6,27.7,29,85,12,1,25,0,1.60,48,37,+11,+0.40,+0.24,Matches
261,Jon Balda,es ESP,DF,Real Sociedad,es La Liga,22,2002,0,,,,,0,,0,0,,1,,,,,,,Matches
262,Tommaso Baldanzi,it ITA,"MF,FW",Roma,it Serie A,21,2003,31,832,27,24.3,9.2,5,64,0,26,20,7,1.81,16,8,+8,+0.87,+0.41,Matches
263,Alejandro Balde,es ESP,DF,Barcelona,es La Liga,20,2003,32,2284,71,66.8,25.4,26,81,13,6,30,3,2.25,66,22,+44,+1.73,+0.23,Matches
264,Keita Baldé,sn SEN,FW,Monza,it Serie A,29,1995,11,638,58,18.7,7.1,8,72,2,3,20,0,0.45,6,19,-13,-1.83,-0.93,Matches
265,Carlos Baleba,cm CMR,MF,Brighton,eng Premier League,20,2004,34,2661,78,77.8,29.6,31,83,15,3,27,2,1.68,55,39,+16,+0.54,+1.61,Matches
266,Leonardo Balerdi,ar ARG,DF,Marseille,fr Ligue 1,25,1999,27,2273,84,74.3,25.3,27,84,24,0,,1,1.96,57,32,+25,+0.99,+0.76,Matches
267,Iván Balliu,al ALB,DF,Rayo Vallecano,es La Liga,32,1992,25,1200,48,35.1,13.3,12,83,9,13,16,13,1.72,12,12,0,0.00,+0.16,Matches
268,Fodé Ballo-Touré,sn SEN,"DF,MF",Le Havre,fr Ligue 1,27,1997,10,589,59,19.2,6.5,9,63,2,1,25,1,1.20,9,15,-6,-0.92,-0.01,Matches
269,Botond Balogh,hu HUN,DF,Parma,it Serie A,22,2002,29,2053,71,60.0,22.8,23,82,17,6,30,7,1.00,27,32,-5,-0.22,+0.37,Matches
270,Folarin Balogun,us USA,FW,Monaco,fr Ligue 1,23,2001,13,615,47,20.1,6.8,7,76,3,6,14,1,2.08,14,6,+8,+1.17,+0.66,Matches
271,Mario Balotelli,it ITA,FW,Genoa,it Serie A,33,1990,6,62,10,1.8,0.7,0,,0,6,10,3,1.50,1,0,+1,+1.45,+1.80,Matches
272,Abdoulaye Bamba,ci CIV,DF,Angers,fr Ligue 1,34,1990,19,1510,79,49.3,16.8,16,88,14,3,33,12,0.79,11,29,-18,-1.07,-0.90,Matches
273,Aladji Bamba,fr FRA,MF,Monaco,fr Ligue 1,18,2006,0,,,,,0,,0,0,,1,,,,,,,Matches
274,Jonathan Bamba,ci CIV,"MF,FW",Celta Vigo,es La Liga,28,1996,12,811,68,23.7,9.0,10,76,4,2,26,4,0.92,10,20,-10,-1.11,-1.52,Matches
275,Mohamed Bamba,ci CIV,MF,Reims,fr Ligue 1,19,2004,2,10,5,0.3,0.1,0,,0,2,5,6,0.00,0,1,-1,-9.00,-8.62,Matches
276,Samuel Bamba,de GER,FW,Bochum,de Bundesliga,20,2004,5,27,5,0.9,0.3,0,,0,5,5,8,0.60,0,1,-1,-3.33,-2.35,Matches
277,Lameck Banda,zm ZAM,"MF,FW",Lecce,it Serie A,23,2001,15,610,41,17.8,6.8,6,59,0,9,29,7,0.60,2,11,-9,-1.33,-0.62,Matches
278,Daniel Bandeira,pt POR,MF,Hellas Verona,it Serie A,24,2000,11,407,37,11.9,4.5,4,71,1,7,18,12,0.82,6,12,-6,-1.33,-0.55,Matches
279,Mamady Bangré,bf BFA,MF,Toulouse,fr Ligue 1,23,2001,0,,,,,0,,0,0,,2,,,,,,,Matches
280,Mattia Bani,it ITA,DF,Genoa,it Serie A,30,1993,20,1507,75,44.1,16.7,19,78,13,1,22,4,1.25,18,19,-1,-0.06,+0.46,Matches
281,Noahkai Banks,us USA,DF,Augsburg,de Bundesliga,17,2006,8,278,35,9.1,3.1,2,74,0,6,22,12,2.13,1,2,-1,-0.32,+0.16,Matches
282,Scott Banks,sct SCO,MF,St Pauli,de Bundesliga,22,2001,12,116,10,3.8,1.3,0,,0,12,10,10,0.92,1,2,-1,-0.78,-0.41,Matches
283,Adrian Baquerin,es ESP,FW,Valladolid,es La Liga,17,2007,5,49,10,1.4,0.5,0,,0,5,10,9,0.00,1,0,+1,+1.84,+3.57,Matches
284,Antonín Barák,cz CZE,MF,Fiorentina,it Serie A,29,1994,1,54,54,1.6,0.6,1,54,0,0,,1,1.00,0,0,0,0.00,-0.51,Matches
285,Federico Barba,it ITA,DF,Como,it Serie A,30,1993,7,431,62,12.6,4.8,5,82,3,2,12,8,0.57,3,9,-6,-1.25,-1.34,Matches
286,Hugo Barbet,fr FRA,GK,Nantes,fr Ligue 1,22,2001,0,,,,,0,,0,0,,6,,,,,,,Matches
287,Matteo Barbini,it ITA,DF,Genoa,it Serie A,17,2006,0,,,,,0,,0,0,,3,,,,,,,Matches
288,Valentín Barco,ar ARG,DF,Sevilla,es La Liga,20,2004,7,288,41,8.4,3.2,3,75,1,4,16,7,1.86,3,4,-1,-0.31,+0.03,Matches
289,Valentín Barco,ar ARG,MF,Strasbourg,fr Ligue 1,20,2004,14,1157,83,37.8,12.9,14,83,5,0,,0,2.14,22,9,+13,+1.01,+1.06,Matches
290,Valentín Barco,ar ARG,"DF,MF",Brighton,eng Premier League,20,2004,0,,,,,0,,0,0,,1,,,,,,,Matches
291,Bradley Barcola,fr FRA,FW,Paris Saint-Germain,fr Ligue 1,21,2002,34,2181,64,71.3,24.2,27,74,7,7,28,0,2.47,66,21,+45,+1.86,+0.63,Matches
292,Melvin Bard,fr FRA,"DF,MF",Nice,fr Ligue 1,23,2000,24,1938,81,63.3,21.5,22,86,16,2,22,1,2.00,47,23,+24,+1.11,+1.03,Matches
293,Nicolò Barella,it ITA,MF,Inter,it Serie A,27,1997,33,2493,76,72.9,27.7,29,82,18,4,30,2,2.12,56,24,+32,+1.16,-0.01,Matches
294,Gabriel Bares,ch SUI,MF,Montpellier,fr Ligue 1,23,2000,6,56,9,1.8,0.6,0,,0,6,9,10,0.17,2,2,0,0.00,+1.68,Matches
295,Borna Barišić,hr CRO,DF,Leganés,es La Liga,31,1992,1,9,9,0.3,0.1,1,9,0,0,,0,0.00,0,0,0,0.00,+0.45,Matches
296,Téo Barisic,hr CRO,DF,Lyon,fr Ligue 1,19,2004,1,2,2,0.1,0.0,0,,0,1,2,1,3.00,0,0,0,0.00,-0.56,Matches
297,Kike Barja,es ESP,"FW,MF",Osasuna,es La Liga,27,1997,15,315,21,9.2,3.5,3,56,0,12,12,11,1.47,6,3,+3,+0.86,+1.06,Matches
298,Ross Barkley,eng ENG,MF,Aston Villa,eng Premier League,30,1993,20,581,29,17.0,6.5,3,85,2,17,19,4,1.75,11,10,+1,+0.15,-0.04,Matches
299,Aymen Barkok,ma MAR,MF,Mainz 05,de Bundesliga,26,1998,4,73,18,2.4,0.8,0,,0,4,18,10,1.00,2,2,0,0.00,-0.36,Matches
300,Harvey Barnes,eng ENG,"FW,MF",Newcastle United,eng Premier League,26,1997,33,1755,53,51.3,19.5,17,80,6,16,25,1,1.82,34,23,+11,+0.56,+0.02,Matches
301,Leonardo Baroncelli,it ITA,DF,Fiorentina,it Serie A,18,2005,0,,,,,0,,0,0,,4,,,,,,,Matches
302,Enzo Barrenechea,ar ARG,MF,Valencia,es La Liga,23,2001,30,2191,73,64.1,24.3,26,81,7,4,22,2,1.37,28,29,-1,-0.04,+0.62,Matches
303,Ander Barrenetxea,es ESP,MF,Real Sociedad,es La Liga,22,2001,30,1263,42,36.9,14.0,14,58,0,16,28,3,1.17,15,23,-8,-0.57,-0.44,Matches
304,Pablo Barrios,es ESP,MF,Atlético Madrid,es La Liga,21,2003,31,2330,75,68.1,25.9,28,80,19,3,34,0,2.00,51,24,+27,+1.04,+0.13,Matches
305,Thierno Barry,fr FRA,FW,Villarreal,es La Liga,21,2002,35,2323,66,67.9,25.8,25,81,14,10,29,0,1.80,54,32,+22,+0.85,+1.02,Matches
306,Davide Bartesaghi,it ITA,DF,Milan,it Serie A,18,2005,4,118,30,3.5,1.3,1,60,0,3,19,19,3.00,2,1,+1,+0.76,+0.30,Matches
307,Marc Bartra,es ESP,DF,Real Betis,es La Liga,33,1991,25,2099,84,61.4,23.3,23,89,19,2,29,6,1.72,41,29,+12,+0.51,+0.86,Matches
308,Federico Baschirotto,it ITA,DF,Lecce,it Serie A,27,1996,38,3420,90,100.0,38.0,38,90,38,0,,0,0.89,27,58,-31,-0.82,,Matches
309,Daniele Baselli,it ITA,MF,Como,it Serie A,32,1992,2,22,11,0.6,0.2,1,21,0,1,1,11,1.50,0,1,-1,-4.09,-4.04,Matches
310,Toma Bašić,hr CRO,MF,Lazio,it Serie A,27,1996,0,,,,,0,,0,0,,16,,,,,,,Matches
311,Calvin Bassey,ng NGA,DF,Fulham,eng Premier League,24,1999,35,3074,88,89.9,34.2,34,90,34,1,14,2,1.51,49,47,+2,+0.06,+0.58,Matches
312,Aboubacar Bassinga,ci CIV,MF,Las Palmas,es La Liga,19,2005,1,4,4,0.1,0.0,0,,0,1,4,4,1.00,0,0,0,0.00,+0.55,Matches
313,Alessandro Bastoni,it ITA,DF,Inter,it Serie A,25,1999,33,2401,73,70.2,26.7,31,76,8,2,19,3,2.15,64,21,+43,+1.61,+1.52,Matches
314,Augusto Batalla,ar ARG,GK,Rayo Vallecano,es La Liga,28,1996,32,2880,90,84.2,32.0,32,90,32,0,,3,1.31,34,39,-5,-0.16,-0.32,Matches
315,Callum Bates,eng ENG,MF,Everton,eng Premier League,18,2005,0,,,,,0,,0,0,,2,,,,,,,Matches
316,Michy Batshuayi,be BEL,FW,Eintracht Frankfurt,de Bundesliga,30,1993,10,300,30,9.8,3.3,3,53,0,7,20,4,1.00,4,4,0,0.00,-0.72,Matches
317,Dylan Batubinsika,cd COD,DF,Saint-Étienne,fr Ligue 1,28,1996,25,2016,81,65.9,22.4,22,87,20,3,33,5,0.76,25,54,-29,-1.29,-0.52,Matches
318,Daniel Batz,de GER,GK,Mainz 05,de Bundesliga,33,1991,0,,,,,0,,0,0,,7,,,,,,,Matches
319,Maximilian Bauer,de GER,DF,Augsburg,de Bundesliga,24,2000,11,658,60,21.5,7.3,8,77,6,3,15,7,1.27,9,16,-7,-0.96,-0.62,Matches
320,Oliver Baumann,de GER,GK,Hoffenheim,de Bundesliga,34,1990,28,2520,90,82.4,28.0,28,90,28,0,,0,0.93,35,53,-18,-0.64,+0.02,Matches
321,Christoph Baumgartner,at AUT,"MF,FW",RB Leipzig,de Bundesliga,24,1999,31,1610,52,52.6,17.9,18,76,7,13,19,1,1.58,21,29,-8,-0.45,-1.25,Matches
322,Rafael Bauza,es ESP,MF,Espanyol,es La Liga,19,2005,5,183,37,5.4,2.0,2,62,0,3,20,12,0.80,2,9,-7,-3.44,-3.33,Matches
323,Altay Bayındır,tr TUR,GK,Manchester Utd,eng Premier League,26,1998,4,360,90,10.5,4.0,4,90,4,0,,27,0.75,6,10,-4,-1.00,-0.82,Matches
324,Ihlas Bebou,tg TOG,"FW,MF",Hoffenheim,de Bundesliga,30,1994,1,9,9,0.3,0.1,0,,0,1,9,0,0.00,0,1,-1,-10.00,-9.38,Matches
325,Adrian Beck,de GER,"MF,FW",Heidenheim,de Bundesliga,27,1997,32,1598,50,52.2,17.8,18,73,4,14,20,1,0.91,22,29,-7,-0.39,+0.84,Matches
326,Sheraldo Becker,sr SUR,"MF,FW",Real Sociedad,es La Liga,29,1995,22,995,45,29.1,11.1,11,71,2,11,19,4,1.00,7,11,-4,-0.36,-0.10,Matches
327,Timo Becker,de GER,"DF,MF",Holstein Kiel,de Bundesliga,27,1997,30,2445,82,79.9,27.2,28,84,23,2,42,1,0.73,41,65,-24,-0.88,+0.14,Matches
328,Jan Bednarek,pl POL,DF,Southampton,eng Premier League,28,1996,30,2531,84,74.0,28.1,30,84,26,0,,0,0.37,19,57,-38,-1.35,+0.88,Matches
329,Donny van de Beek,nl NED,MF,Girona,es La Liga,27,1997,26,1421,55,41.5,15.8,16,74,4,10,25,6,1.12,25,23,+2,+0.13,+0.94,Matches
330,Asmir Begović,ba BIH,GK,Everton,eng Premier League,37,1987,0,,,,,0,,0,0,,18,,,,,,,Matches
331,Hannes Behrens,de GER,DF,Hoffenheim,de Bundesliga,19,2005,1,29,29,0.9,0.3,0,,0,1,29,1,0.00,0,0,0,0.00,+0.65,Matches
332,Kevin Behrens,de GER,FW,Wolfsburg,de Bundesliga,33,1991,18,170,9,5.6,1.9,0,,0,18,9,14,1.33,6,4,+2,+1.06,+1.06,Matches
333,Maximilian Beier,de GER,"MF,FW",Dortmund,de Bundesliga,21,2002,29,1591,55,52.0,17.7,17,75,6,12,27,1,1.55,39,24,+15,+0.85,+0.54,Matches
334,Luken Beitia,es ESP,DF,Real Sociedad,es La Liga,20,2004,1,8,8,0.2,0.1,0,,0,1,8,5,3.00,0,0,0,0.00,+0.29,Matches
335,Ismael Bekhoucha,ma MAR,DF,Getafe,es La Liga,19,2004,5,69,14,2.0,0.8,0,,0,5,14,6,0.20,0,2,-2,-2.61,-2.53,Matches
336,Eba Bekir Is,de GER,MF,Eintracht Frankfurt,de Bundesliga,15,2008,0,,,,,0,,0,0,,1,,,,,,,Matches
337,Reda Belahyane,ma MAR,MF,Hellas Verona,it Serie A,20,2004,22,1658,75,48.5,18.4,17,88,13,5,32,0,0.91,20,39,-19,-1.03,-0.37,Matches
338,Reda Belahyane,ma MAR,MF,Lazio,it Serie A,20,2004,6,198,33,5.8,2.2,1,90,1,5,22,8,1.50,1,1,0,0.00,-0.34,Matches
339,Rayane Belaid,es ESP,DF,Atlético Madrid,es La Liga,19,2005,0,,,,,0,,0,0,,3,,,,,,,Matches
340,Luca Belardinelli,it ITA,MF,Empoli,it Serie A,23,2001,0,,,,,0,,0,0,,6,,,,,,,Matches
341,Haris Belkebla,dz ALG,MF,Angers,fr Ligue 1,30,1994,22,1792,81,58.6,19.9,21,85,17,1,14,0,1.18,20,26,-6,-0.30,+0.76,Matches
342,Yassin Belkhdim,fr FRA,MF,Angers,fr Ligue 1,22,2002,29,1523,53,49.8,16.9,16,78,6,13,21,4,1.00,16,26,-10,-0.59,+0.05,Matches
343,Stefan Bell,de GER,DF,Mainz 05,de Bundesliga,32,1991,18,1436,80,46.9,16.0,15,82,9,3,67,5,1.61,29,19,+10,+0.63,+0.52,Matches
344,Armel Bella Kotchap,de GER,DF,Southampton,eng Premier League,22,2001,4,331,83,9.7,3.7,2,90,2,2,76,8,0.00,2,13,-11,-2.99,-1.56,Matches
345,Raoul Bellanova,it ITA,MF,Torino,it Serie A,24,2000,1,87,87,2.5,1.0,1,87,0,0,,0,1.00,2,0,+2,+2.07,+2.28,Matches
346,Raoul Bellanova,it ITA,MF,Atalanta,it Serie A,24,2000,34,2402,71,70.2,26.7,27,81,16,7,32,2,1.97,53,27,+26,+0.97,-0.35,Matches
347,Hamza Bellari,es ESP,FW,Valencia,es La Liga,21,2003,0,,,,,0,,0,0,,3,,,,,,,Matches
348,Jean-Ricner Bellegarde,ht HAI,MF,Wolves,eng Premier League,26,1998,35,1677,48,49.0,18.6,20,69,1,15,20,2,1.09,30,31,-1,-0.05,+0.67,Matches
349,Héctor Bellerín,es ESP,DF,Real Betis,es La Liga,29,1995,9,580,64,17.0,6.4,6,83,5,3,28,10,2.11,10,6,+4,+0.62,+0.53,Matches
350,Jude Bellingham,eng ENG,MF,Real Madrid,es La Liga,21,2003,31,2488,80,72.7,27.6,29,84,19,2,28,0,2.19,60,33,+27,+0.98,-0.28,Matches
351,Jeanuël Belocian,fr FRA,DF,Leverkusen,de Bundesliga,19,2005,5,68,14,2.2,0.8,1,45,0,4,6,5,2.60,2,4,-2,-2.65,-3.58,Matches
352,Andrea Belotti,it ITA,FW,Como,it Serie A,30,1993,18,593,33,17.3,6.6,7,66,0,11,12,5,0.83,5,12,-7,-1.06,-1.19,Matches
353,Fran Beltrán,es ESP,MF,Celta Vigo,es La Liga,25,1999,34,2421,71,70.8,26.9,29,79,15,5,28,4,1.59,37,39,-2,-0.07,-0.43,Matches
354,Lucas Beltrán,ar ARG,"MF,FW",Fiorentina,it Serie A,23,2001,33,1953,59,57.1,21.7,21,78,5,12,27,4,1.67,37,25,+12,+0.55,+0.12,Matches
355,Dawid Bembnista,pl POL,DF,Empoli,it Serie A,17,2007,0,,,,,0,,0,0,,7,,,,,,,Matches
356,Eliesse Ben Seghir,ma MAR,MF,Monaco,fr Ligue 1,19,2005,33,1750,53,57.2,19.4,19,75,6,14,23,1,1.76,31,23,+8,+0.41,-0.55,Matches
357,Salim Ben Seghir,fr FRA,FW,Marseille,fr Ligue 1,21,2003,0,,,,,0,,0,0,,1,,,,,,,Matches
358,Carlos Benavídez,uy URU,MF,Alavés,es La Liga,26,1998,18,487,27,14.2,5.4,6,59,1,12,11,12,1.32,7,11,-4,-0.74,-0.56,Matches
359,Steven Benda,de GER,GK,Fulham,eng Premier League,25,1998,0,,,,,0,,0,0,,38,,,,,,,Matches
360,Adrian Benedyczak,pl POL,MF,Parma,it Serie A,23,2000,9,214,24,6.3,2.4,2,45,0,7,18,5,1.11,4,7,-3,-1.26,-0.95,Matches
361,László Bénes,sk SVK,"MF,FW",Union Berlin,de Bundesliga,26,1997,23,589,26,19.2,6.5,3,72,1,20,19,7,1.13,5,9,-4,-0.61,-0.17,Matches
362,Iker Benito,es ESP,"FW,MF",Osasuna,es La Liga,21,2002,2,37,19,1.1,0.4,0,,0,2,19,14,1.50,0,2,-2,-4.86,-4.81,Matches
363,Jorge Benito,es ESP,GK,Getafe,es La Liga,18,2006,0,,,,,0,,0,0,,3,,,,,,,Matches
364,Ismaël Bennacer,dz ALG,MF,Marseille,fr Ligue 1,26,1997,12,646,54,21.1,7.2,8,65,0,4,32,1,1.83,14,8,+6,+0.84,+0.05,Matches
365,Ismaël Bennacer,dz ALG,MF,Milan,it Serie A,26,1997,6,300,50,8.8,3.3,4,53,0,2,45,2,1.50,3,3,0,0.00,-0.52,Matches
366,Saïd Benrahma,dz ALG,"FW,MF",Lyon,fr Ligue 1,28,1995,13,735,57,24.0,8.2,9,74,2,4,17,3,1.46,12,10,+2,+0.24,-0.41,Matches
367,Ramy Bensebaini,dz ALG,DF,Dortmund,de Bundesliga,29,1995,31,2022,65,66.1,22.5,23,80,14,8,22,0,1.84,50,29,+21,+0.93,+1.02,Matches
368,Nabil Bentaleb,dz ALG,MF,Lille,fr Ligue 1,29,1994,10,329,33,10.8,3.7,3,81,2,7,12,2,1.90,4,8,-4,-1.09,-1.75,Matches
369,Rodrigo Bentancur,uy URU,MF,Tottenham Hotspur,eng Premier League,27,1997,26,1645,63,48.1,18.3,21,75,7,5,15,1,1.04,26,26,0,0.00,+0.05,Matches
370,Daniel Bentley,eng ENG,GK,Wolves,eng Premier League,31,1993,2,180,90,5.3,2.0,2,90,2,0,,16,1.50,3,4,-1,-0.50,-0.11,Matches
371,Lucas Beraldo,br BRA,DF,Paris Saint-Germain,fr Ligue 1,20,2003,25,2011,80,65.7,22.3,22,88,19,3,27,8,2.52,61,25,+36,+1.61,-0.19,Matches
372,Alessandro Berardi,it ITA,GK,Hellas Verona,it Serie A,33,1991,0,,,0.0,0.0,0,,0,0,,29,1.00,1,1,0,,,Matches
373,Yuri Berchiche,es ESP,DF,Athletic Club,es La Liga,34,1990,30,2044,68,59.8,22.7,22,86,20,8,19,5,1.90,33,18,+15,+0.66,+0.01,Matches
374,Thomas Berenbruch,it ITA,MF,Inter,it Serie A,19,2005,0,,,,,0,,0,0,,11,,,,,,,Matches
375,Álex Berenguer,es ESP,"MF,FW",Athletic Club,es La Liga,29,1995,36,2339,65,68.4,26.0,28,76,6,8,26,1,1.78,36,18,+18,+0.69,+0.11,Matches
376,Sander Berge,no NOR,MF,Fulham,eng Premier League,26,1998,31,2224,72,65.0,24.7,26,81,16,5,23,0,1.48,33,34,-1,-0.04,-0.12,Matches
377,Lucas Bergvall,se SWE,MF,Tottenham Hotspur,eng Premier League,18,2006,27,1212,45,35.4,13.5,11,81,6,16,20,7,1.11,28,25,+3,+0.22,+0.39,Matches
378,Medon Berisha,al ALB,MF,Lecce,it Serie A,20,2003,17,716,42,20.9,8.0,7,67,1,10,25,5,0.59,7,10,-3,-0.38,+0.55,Matches
379,Mergim Berisha,de GER,FW,Hoffenheim,de Bundesliga,26,1998,11,333,30,10.9,3.7,3,48,0,8,24,2,0.73,8,11,-3,-0.81,-0.18,Matches
380,Mergim Berisha,de GER,FW,Augsburg,de Bundesliga,26,1998,2,40,20,1.3,0.4,0,,0,2,20,1,0.50,0,1,-1,-2.25,-1.80,Matches
381,Adrian Bernabe,es ESP,MF,Parma,it Serie A,23,2001,21,1453,69,42.5,16.1,18,73,8,3,48,2,1.10,20,22,-2,-0.12,+0.43,Matches
382,Marc Bernal,es ESP,MF,Barcelona,es La Liga,17,2007,3,242,81,7.1,2.7,3,81,1,0,,0,3.00,6,3,+3,+1.12,-0.58,Matches
383,Bernardo,br BRA,DF,Bochum,de Bundesliga,29,1995,21,1782,85,58.2,19.8,19,90,19,2,36,0,1.10,20,26,-6,-0.30,+1.67,Matches
384,Lorenzo Bernasconi,it ITA,MF,Atalanta,it Serie A,20,2003,0,,,,,0,,0,0,,2,,,,,,,Matches
385,Juan Bernat,es ESP,DF,Villarreal,es La Liga,31,1993,10,212,21,6.2,2.4,1,90,1,9,14,9,1.50,5,3,+2,+0.85,+0.34,Matches
386,Juan Bernat,es ESP,MF,Getafe,es La Liga,31,1993,14,699,50,20.4,7.8,9,67,1,5,18,1,1.29,8,12,-4,-0.52,-0.48,Matches
387,Maxime Bernauer,fr FRA,DF,Saint-Étienne,fr Ligue 1,26,1998,11,763,69,24.9,8.5,9,80,7,2,22,1,1.09,13,15,-2,-0.24,+1.17,Matches
388,Antoine Bernede,fr FRA,MF,Hellas Verona,it Serie A,25,1999,14,594,42,17.4,6.6,7,60,0,7,24,1,0.79,2,13,-11,-1.67,-1.00,Matches
389,Alexander Bernhardsson,se SWE,"FW,MF",Holstein Kiel,de Bundesliga,25,1998,19,1263,66,41.3,14.0,15,75,4,4,34,1,0.79,21,30,-9,-0.64,+0.46,Matches
390,Victor Bernth Kristiansen,dk DEN,"DF,MF",Leicester City,eng Premier League,21,2002,30,2482,83,72.6,27.6,29,85,20,1,14,5,0.60,19,62,-43,-1.56,-1.18,Matches
391,Matúš Bero,sk SVK,MF,Bochum,de Bundesliga,28,1995,30,2565,86,83.8,28.5,29,87,22,1,45,0,0.83,29,47,-18,-0.63,+2.28,Matches
392,Alessandro Berretta,it ITA,MF,Monza,it Serie A,18,2006,0,,,,,0,,0,0,,1,,,,,,,Matches
393,Juan Berrocal,es ESP,DF,Getafe,es La Liga,25,1999,19,1063,56,31.1,11.8,11,80,6,8,23,14,0.95,7,12,-5,-0.42,-0.42,Matches
394,Dimitry Bertaud,cd COD,GK,Montpellier,fr Ligue 1,26,1998,4,360,90,11.8,4.0,4,90,4,0,,30,0.75,6,11,-5,-1.25,+0.45,Matches
395,Jan-Niklas Beste,de GER,"DF,MF",Freiburg,de Bundesliga,25,1999,12,212,18,6.9,2.4,0,,0,12,18,1,1.83,5,2,+3,+1.27,+1.49,Matches
396,Beto,gw GNB,FW,Everton,eng Premier League,26,1998,30,1534,51,44.9,17.0,15,82,6,15,20,8,1.07,23,24,-1,-0.06,-0.01,Matches
397,Davide Bettella,it ITA,DF,Monza,it Serie A,24,2000,0,,,,,0,,0,0,,1,,,,,,,Matches
398,Marcus Bettinelli,eng ENG,GK,Chelsea,eng Premier League,32,1992,0,,,,,0,,0,0,,5,,,,,,,Matches
399,Sam Beukema,nl NED,DF,Bologna,it Serie A,25,1998,35,3012,86,88.1,33.5,33,90,32,2,25,3,1.74,51,39,+12,+0.36,+0.80,Matches
400,Noah El Biache,be BEL,MF,Empoli,it Serie A,19,2005,0,,,,,0,,0,0,,2,,,,,,,Matches
401,Côme Bianay Balcot,fr FRA,DF,Torino,it Serie A,19,2005,0,,,,,0,,0,0,,13,,,,,,,Matches
402,Alessandro Bianco,it ITA,MF,Monza,it Serie A,21,2002,34,2600,76,76.0,28.9,29,84,17,5,30,1,0.47,19,60,-41,-1.42,-1.42,Matches
403,Alessandro Bianco,it ITA,MF,Fiorentina,it Serie A,21,2002,1,18,18,0.5,0.2,0,,0,1,18,1,1.00,1,0,+1,+5.00,+4.52,Matches
404,Bartosz Białek,pl POL,FW,Wolfsburg,de Bundesliga,22,2001,0,,,,,0,,0,0,,1,,,,,,,Matches
405,Mika Biereth,dk DEN,FW,Monaco,fr Ligue 1,21,2003,16,1228,77,40.1,13.6,16,77,5,0,,1,1.88,31,16,+15,+1.10,+0.76,Matches
406,Davide Bifulco,it ITA,GK,Monza,it Serie A,18,2006,0,,,,,0,,0,0,,1,,,,,,,Matches
407,Jaka Bijol,si SVN,DF,Udinese,it Serie A,25,1999,34,2963,87,86.6,32.9,34,87,32,0,,0,1.18,37,46,-9,-0.27,+0.91,Matches
408,El Bilal Touré,ml MLI,FW,Stuttgart,de Bundesliga,22,2001,12,356,30,11.6,4.0,3,67,0,9,17,1,1.42,9,7,+2,+0.51,+0.21,Matches
409,Philip Billing,dk DEN,MF,Bournemouth,eng Premier League,28,1996,10,184,18,5.4,2.0,1,72,0,9,12,3,1.90,5,4,+1,+0.49,+0.18,Matches
410,Philip Billing,dk DEN,MF,Napoli,it Serie A,28,1996,10,197,20,5.8,2.2,1,61,0,9,15,8,2.10,2,3,-1,-0.46,-1.38,Matches
411,Cristiano Biraghi,it ITA,DF,Torino,it Serie A,31,1992,15,1158,77,33.9,12.9,13,87,10,2,15,0,1.13,12,15,-3,-0.23,-0.11,Matches
412,Cristiano Biraghi,it ITA,"DF,MF",Fiorentina,it Serie A,31,1992,8,433,54,12.7,4.8,5,81,4,3,9,5,1.88,5,7,-2,-0.42,-1.05,Matches
413,Samuele Birindelli,it ITA,MF,Monza,it Serie A,25,1999,21,1468,70,42.9,16.3,18,79,7,3,15,3,0.29,10,30,-20,-1.23,-0.26,Matches
414,Tom Bischof,de GER,MF,Hoffenheim,de Bundesliga,19,2005,31,2559,83,83.6,28.4,30,85,19,1,15,0,0.94,35,52,-17,-0.60,+0.30,Matches
415,Yves Bissouma,ml MLI,MF,Tottenham Hotspur,eng Premier League,27,1996,28,1408,50,41.2,15.6,16,72,4,12,21,6,1.11,28,28,0,0.00,+0.04,Matches
416,Leonardo Bittencourt,de GER,MF,Werder Bremen,de Bundesliga,30,1993,27,982,36,32.1,10.9,10,70,2,17,17,4,1.41,18,26,-8,-0.73,-0.95,Matches
417,Stipe Biuk,hr CRO,"FW,MF",Valladolid,es La Liga,21,2002,0,,,,,0,,0,0,,1,,,,,,,Matches
418,Emmanuel Biumla,fr FRA,DF,Angers,fr Ligue 1,19,2005,17,1336,79,43.7,14.8,15,87,14,2,16,4,1.18,19,21,-2,-0.13,+0.86,Matches
419,Marco Bizot,nl NED,GK,Brest,fr Ligue 1,33,1991,32,2880,90,94.1,32.0,32,90,32,0,,0,1.47,47,54,-7,-0.22,-0.22,Matches
420,Bjarki Bjarkason,is ISL,MF,Venezia,it Serie A,24,2000,9,165,18,4.8,1.8,1,75,0,8,11,16,0.67,2,1,+1,+0.55,+1.24,Matches
421,Antonio Blanco,es ESP,MF,Alavés,es La Liga,24,2000,35,2727,78,79.7,30.3,32,83,19,3,19,1,1.14,24,39,-15,-0.50,-1.14,Matches
422,Ludovic Blas,fr FRA,"MF,FW",Rennes,fr Ligue 1,26,1997,29,2293,79,74.9,25.5,26,85,15,3,25,0,1.10,37,37,0,0.00,-0.12,Matches
423,Daley Blind,nl NED,DF,Girona,es La Liga,34,1990,34,2780,82,81.3,30.9,31,87,29,3,29,1,1.03,38,46,-8,-0.26,+0.87,Matches
424,Myron Boadu,nl NED,FW,Bochum,de Bundesliga,23,2001,19,1042,55,34.1,11.6,11,70,2,8,34,3,0.42,16,26,-10,-0.86,+0.21,Matches
425,Augustine Boakye,gh GHA,"MF,FW",Saint-Étienne,fr Ligue 1,23,2000,17,733,43,24.0,8.1,8,63,0,9,25,3,0.76,9,13,-4,-0.49,+0.82,Matches
426,Oscar Bobb,no NOR,"FW,MF",Manchester City,eng Premier League,21,2003,3,16,5,0.5,0.2,0,,0,3,5,0,3.00,0,1,-1,-5.63,-6.39,Matches
427,Mathéo Bodmer,fr FRA,DF,Le Havre,fr Ligue 1,20,2004,1,6,6,0.2,0.1,0,,0,1,6,3,3.00,0,1,-1,-15.00,-14.12,Matches
428,Sacha Boey,fr FRA,DF,Bayern Munich,de Bundesliga,23,2000,13,593,46,19.4,6.6,6,69,1,7,26,9,2.08,20,9,+11,+1.67,-0.37,Matches
429,Jeremie Boga,ci CIV,"MF,FW",Nice,fr Ligue 1,27,1997,21,1054,50,34.4,11.7,12,77,3,9,15,3,1.71,16,21,-5,-0.43,-1.77,Matches
430,Lamare Bogarde,nl NED,"DF,MF",Aston Villa,eng Premier League,20,2004,8,476,60,13.9,5.3,5,77,2,3,30,14,1.50,10,11,-1,-0.19,-0.43,Matches
431,Emil Bohinen,no NOR,MF,Genoa,it Serie A,25,1999,3,166,55,4.9,1.8,1,90,1,2,38,19,0.33,2,8,-6,-3.25,-3.09,Matches
432,Adama Boiro,es ESP,DF,Athletic Club,es La Liga,22,2002,18,1101,61,32.2,12.2,13,74,3,5,28,18,1.89,18,8,+10,+0.82,+0.24,Matches
433,Adama Bojang,gm GAM,FW,Reims,fr Ligue 1,20,2004,0,,,,,0,,0,0,,3,,,,,,,Matches
434,Pierre Bolchini,it ITA,GK,Como,it Serie A,25,1999,0,,,,,0,,0,0,,1,,,,,,,Matches
435,Willy Boly,ci CIV,DF,Nottingham Forest,eng Premier League,33,1991,6,150,25,4.4,1.7,1,90,1,5,12,23,2.17,3,1,+2,+1.20,+0.92,Matches
436,Moïse Bombito,ca CAN,DF,Nice,fr Ligue 1,24,2000,27,2192,81,71.6,24.4,25,86,20,2,24,0,1.78,46,28,+18,+0.74,+0.01,Matches
437,Warren Bondo,fr FRA,MF,Monza,it Serie A,20,2003,20,1618,81,47.3,18.0,19,85,13,1,10,0,0.65,18,25,-7,-0.39,+1.31,Matches
438,Warren Bondo,fr FRA,MF,Milan,it Serie A,20,2003,4,162,41,4.7,1.8,3,50,0,1,11,8,1.75,0,5,-5,-2.78,-3.41,Matches
439,Somto Boniface,eng ENG,DF,Ipswich Town,eng Premier League,18,2006,0,,,,,0,,0,0,,5,,,,,,,Matches
440,Victor Boniface,ng NGA,FW,Leverkusen,de Bundesliga,23,2000,19,1008,53,32.9,11.2,12,75,0,7,16,5,2.00,23,11,+12,+1.07,+0.33,Matches
441,Kevin Bonifazi,it ITA,DF,Lecce,it Serie A,28,1996,3,65,22,1.9,0.7,0,,0,3,22,6,1.00,1,4,-3,-4.15,-3.40,Matches
442,Ange-Yoan Bonny,fr FRA,FW,Parma,it Serie A,20,2003,37,2529,68,73.9,28.1,30,75,7,7,40,0,0.97,33,36,-3,-0.11,+1.00,Matches
443,Alexandru Borbei,ro ROU,GK,Lecce,it Serie A,21,2003,0,,,,,0,,0,0,,22,,,,,,,Matches
444,Filipe Bordon,br BRA,DF,Lazio,it Serie A,19,2005,0,,,,,0,,0,0,,2,,,,,,,Matches
445,Sebastiaan Bornauw,be BEL,DF,Wolfsburg,de Bundesliga,25,1999,15,788,53,25.8,8.8,8,90,8,7,10,4,1.47,18,19,-1,-0.11,-0.23,Matches
446,Sven Botman,nl NED,DF,Newcastle United,eng Premier League,24,2000,8,412,52,12.0,4.6,6,67,1,2,5,2,1.63,7,4,+3,+0.66,+0.12,Matches
447,Léo Botz,fr FRA,FW,Brest,fr Ligue 1,19,2005,0,,,,,0,,0,0,,1,,,,,,,Matches
448,Hervé Boua Dié,fr FRA,FW,Lens,fr Ligue 1,19,2005,0,,,,,0,,0,0,,1,,,,,,,Matches
449,Saïmon Bouabré,fr FRA,MF,Monaco,fr Ligue 1,18,2006,3,97,32,3.2,1.1,1,61,0,2,18,4,0.33,2,4,-2,-1.86,-2.58,Matches
450,Ayyoub Bouaddi,fr FRA,MF,Lille,fr Ligue 1,16,2007,24,1151,48,37.6,12.8,11,80,3,13,21,10,1.88,20,10,+10,+0.78,+0.50,Matches
451,Badredine Bouanani,dz ALG,"MF,FW",Nice,fr Ligue 1,19,2004,26,1099,42,35.9,12.2,11,76,2,15,17,5,1.65,25,13,+12,+0.98,+0.39,Matches
452,Benjamin Bouchouari,ma MAR,MF,Saint-Étienne,fr Ligue 1,22,2001,25,1772,71,57.9,19.7,20,82,12,5,26,2,0.80,24,46,-22,-1.12,0.00,Matches
453,Hicham Boudaoui,dz ALG,MF,Nice,fr Ligue 1,24,1999,29,2435,84,79.6,27.1,27,88,20,2,27,0,1.72,48,32,+16,+0.59,-0.70,Matches
454,Carlo Boukhalfa,ma MAR,MF,St Pauli,de Bundesliga,25,1999,25,1646,66,53.8,18.3,19,81,5,6,19,7,1.08,15,20,-5,-0.27,+0.24,Matches
455,Teddy Boulhendi,fr FRA,GK,Nice,fr Ligue 1,23,2001,0,,,,,0,,0,0,,1,,,,,,,Matches
456,Ismaïl Bouneb,fr FRA,MF,Le Havre,fr Ligue 1,18,2006,0,,,,,0,,0,0,,6,,,,,,,Matches
457,Justin Bourgault,fr FRA,DF,Brest,fr Ligue 1,18,2005,2,122,61,4.0,1.4,2,61,0,0,,3,2.00,3,2,+1,+0.74,+0.98,Matches
458,Benjamin Bourigeaud,fr FRA,MF,Rennes,fr Ligue 1,30,1994,1,80,80,2.6,0.9,1,80,0,0,,0,3.00,2,0,+2,+2.25,+2.28,Matches
459,Edoardo Bove,it ITA,MF,Fiorentina,it Serie A,22,2002,12,851,71,24.9,9.5,11,74,5,1,33,0,2.42,21,7,+14,+1.48,+1.31,Matches
460,Edoardo Bove,it ITA,MF,Roma,it Serie A,22,2002,0,,,,,0,,0,0,,2,,,,,,,Matches
461,Jarrod Bowen,eng ENG,"MF,FW",West Ham United,eng Premier League,27,1996,34,2973,87,86.9,33.0,34,87,27,0,,0,1.15,41,50,-9,-0.27,+1.14,Matches
462,Enzo Boyomo,cm CMR,DF,Osasuna,es La Liga,22,2001,34,2987,88,87.3,33.2,33,89,32,1,45,0,1.38,45,44,+1,+0.03,+1.07,Matches
463,Enzo Boyomo,cm CMR,DF,Valladolid,es La Liga,22,2001,3,270,90,7.9,3.0,3,90,3,0,,0,1.33,1,3,-2,-0.67,+1.10,Matches
464,Domagoj Bradarić,hr CRO,"MF,DF",Hellas Verona,it Serie A,24,1999,28,1933,69,56.5,21.5,24,76,7,4,28,7,0.96,16,39,-23,-1.07,-0.53,Matches
465,Conor Bradley,nir NIR,DF,Liverpool,eng Premier League,21,2003,19,754,40,22.0,8.4,7,68,1,12,23,6,1.84,13,10,+3,+0.36,-1.06,Matches
466,Bilal Brahimi,dz ALG,MF,Nice,fr Ligue 1,24,2000,2,76,38,2.5,0.8,1,63,0,1,13,1,0.50,1,1,0,0.00,-0.75,Matches
467,Federico Brancolini,it ITA,GK,Empoli,it Serie A,23,2001,0,,,,,0,,0,0,,24,,,,,,,Matches
468,Julian Brandt,de GER,MF,Dortmund,de Bundesliga,28,1996,30,2303,77,75.3,25.6,28,82,10,2,10,0,1.70,49,40,+9,+0.35,-0.96,Matches
469,Jarrad Branthwaite,eng ENG,DF,Everton,eng Premier League,22,2002,30,2511,84,73.4,27.9,28,89,27,2,4,0,1.33,34,28,+6,+0.22,+1.01,Matches
470,Darko Brašanac,rs SRB,MF,Leganés,es La Liga,32,1992,30,1617,54,47.3,18.0,15,80,5,15,28,5,1.17,18,29,-11,-0.61,-0.31,Matches
471,Lilian Brassier,fr FRA,DF,Marseille,fr Ligue 1,24,1999,12,779,65,25.5,8.7,9,83,6,3,11,5,1.50,12,15,-3,-0.35,-1.53,Matches
472,Lilian Brassier,fr FRA,DF,Rennes,fr Ligue 1,24,1999,14,1234,88,40.3,13.7,14,88,12,0,,0,1.71,23,19,+4,+0.29,+0.44,Matches
473,Matthias Braunöder,at AUT,MF,Como,it Serie A,22,2002,8,268,34,7.8,3.0,3,65,1,5,14,28,0.75,1,9,-8,-2.69,-2.83,Matches
474,Iker Bravo,es ESP,FW,Udinese,it Serie A,19,2005,29,682,24,19.9,7.6,4,64,0,25,17,7,1.17,7,11,-4,-0.53,-0.17,Matches
475,Brayan,br BRA,FW,Empoli,it Serie A,18,2006,0,,,,,0,,0,0,,3,,,,,,,Matches
476,Sammy Braybrooke,eng ENG,MF,Leicester City,eng Premier League,20,2004,0,,,,,0,,0,0,,1,,,,,,,Matches
477,Fabian Bredlow,de GER,GK,Stuttgart,de Bundesliga,29,1995,0,,,,,0,,0,0,,34,,,,,,,Matches
478,James Bree,eng ENG,"DF,MF",Southampton,eng Premier League,26,1997,17,1075,63,31.4,11.9,13,78,7,4,15,15,0.29,8,31,-23,-1.93,-0.51,Matches
479,Tim Breithaupt,de GER,MF,Augsburg,de Bundesliga,22,2002,2,120,60,3.9,1.3,2,60,0,0,,13,0.50,2,4,-2,-1.50,-1.07,Matches
480,Josip Brekalo,hr CRO,"FW,MF",Fiorentina,it Serie A,26,1998,0,,,,,0,,0,0,,2,,,,,,,Matches
481,Gleison Bremer,br BRA,DF,Juventus,it Serie A,27,1997,6,540,90,15.8,6.0,6,90,6,0,,0,2.00,9,0,+9,+1.50,+1.06,Matches
482,Brenner,br BRA,"MF,FW",Udinese,it Serie A,24,2000,9,386,43,11.3,4.3,5,70,1,4,9,10,1.56,5,4,+1,+0.23,+0.71,Matches
483,Ben Brereton,cl CHI,"FW,MF",Southampton,eng Premier League,25,1999,10,449,45,13.1,5.0,4,78,2,6,23,4,0.20,2,10,-8,-1.60,-0.03,Matches
484,Marco Brescianini,it ITA,MF,Atalanta,it Serie A,24,2000,29,991,34,29.0,11.0,9,63,1,20,21,5,1.83,21,13,+8,+0.73,-0.50,Matches
485,Abel Bretones,es ESP,"DF,MF",Osasuna,es La Liga,23,2000,35,2074,59,60.6,23.0,20,86,13,15,24,3,1.46,30,35,-5,-0.22,-0.28,Matches
486,Maximilian Breunig,de GER,FW,Heidenheim,de Bundesliga,23,2000,13,350,27,11.4,3.9,2,70,0,11,19,6,0.77,5,9,-4,-1.03,-0.26,Matches
487,Anthony Briançon,fr FRA,"DF,MF",Saint-Étienne,fr Ligue 1,29,1994,1,1,1,0.0,0.0,0,,0,1,1,5,0.00,0,0,0,0.00,+1.12,Matches
488,Thorsten Brits,eng ENG,GK,Manchester City,eng Premier League,17,2007,0,,,,,0,,0,0,,1,,,,,,,Matches
489,Nathan Broadhead,wls WAL,MF,Ipswich Town,eng Premier League,26,1998,18,702,39,20.5,7.8,7,74,1,11,17,7,0.44,12,12,0,0.00,+1.52,Matches
490,Bennit Bröger,de GER,MF,Wolfsburg,de Bundesliga,18,2006,0,,,,,0,,0,0,,4,,,,,,,Matches
491,Benjamin Broggio,eng ENG,MF,Aston Villa,eng Premier League,17,2007,0,,,,,0,,0,0,,1,,,,,,,Matches
492,Armando Broja,al ALB,FW,Everton,eng Premier League,22,2001,10,334,33,9.8,3.7,4,58,0,6,17,3,1.00,1,2,-1,-0.27,-0.24,Matches
493,David Brooks,wls WAL,MF,Bournemouth,eng Premier League,27,1997,29,960,33,28.1,10.7,9,67,0,20,18,7,1.41,23,12,+11,+1.03,+0.99,Matches
494,Arvid Brorsson,se SWE,DF,Monza,it Serie A,25,1999,6,362,60,10.6,4.0,3,90,3,3,31,10,0.67,3,11,-8,-1.99,-1.02,Matches
495,Moritz Broschinski,de GER,"FW,MF",Bochum,de Bundesliga,23,2000,33,1390,42,45.4,15.4,15,70,0,18,19,1,0.76,11,37,-26,-1.68,-1.25,Matches
496,Nathaniel Brown,de GER,"MF,DF",Eintracht Frankfurt,de Bundesliga,21,2003,26,1947,75,63.6,21.6,22,84,12,4,26,2,1.77,45,27,+18,+0.83,+0.51,Matches
497,Bruno,br BRA,GK,Venezia,it Serie A,26,1998,0,,,,,0,,0,0,,11,,,,,,,Matches
498,Jacob Bruun Larsen,dk DEN,"MF,FW",Hoffenheim,de Bundesliga,25,1998,12,400,33,13.1,4.4,3,79,0,9,18,3,0.92,7,10,-3,-0.68,-0.03,Matches
499,Jacob Bruun Larsen,dk DEN,MF,Stuttgart,de Bundesliga,25,1998,15,414,28,13.5,4.6,3,70,0,12,17,2,1.40,8,7,+1,+0.22,-0.12,Matches
500,Tajon Buchanan,ca CAN,MF,Villarreal,es La Liga,25,1999,13,416,32,12.2,4.6,4,65,0,9,17,1,2.00,8,8,0,0.00,-0.60,Matches
501,Tajon Buchanan,ca CAN,"DF,MF",Inter,it Serie A,25,1999,6,95,16,2.8,1.1,0,,0,6,16,7,2.67,2,1,+1,+0.95,-0.22,Matches
502,Ante Budimir,hr CRO,FW,Osasuna,es La Liga,33,1991,38,2952,78,86.3,32.8,34,84,15,4,24,0,1.37,44,41,+3,+0.09,+1.44,Matches
503,Emi Buendía,ar ARG,"FW,MF",Aston Villa,eng Premier League,27,1996,12,98,8,2.9,1.1,0,,0,12,8,11,2.00,0,2,-2,-1.84,-2.08,Matches
504,Emi Buendía,ar ARG,MF,Leverkusen,de Bundesliga,27,1996,11,257,23,8.4,2.9,3,55,0,8,12,4,2.00,4,4,0,0.00,-0.93,Matches
505,Manu Bueno,es ESP,MF,Sevilla,es La Liga,20,2004,9,140,16,4.1,1.6,1,69,0,8,9,9,1.00,3,3,0,0.00,+0.36,Matches
506,Santiago Bueno,uy URU,DF,Wolves,eng Premier League,25,1998,29,1687,58,49.3,18.7,18,87,14,11,12,8,1.31,26,34,-8,-0.43,-0.06,Matches
507,Endika Buján,es ESP,FW,Athletic Club,es La Liga,21,2003,1,7,7,0.2,0.1,0,,0,1,7,2,3.00,0,0,0,0.00,-0.66,Matches
508,Marius Bülter,de GER,"MF,FW",Hoffenheim,de Bundesliga,31,1993,25,1729,69,56.5,19.2,22,74,7,3,31,0,0.92,34,40,-6,-0.31,+0.77,Matches
509,Facundo Buonanotte,ar ARG,"MF,FW",Leicester City,eng Premier League,19,2004,31,1523,49,44.5,16.9,14,80,6,17,24,3,0.52,17,33,-16,-0.95,+0.53,Matches
510,Alessandro Buongiorno,it ITA,DF,Napoli,it Serie A,25,1999,22,1924,87,56.3,21.4,22,87,20,0,,4,2.14,33,14,+19,+0.89,+0.11,Matches
511,Jan Bürger,de GER,DF,Wolfsburg,de Bundesliga,17,2007,0,,,,,0,,0,0,,1,,,,,,,Matches
512,Cameron Burgess,au AUS,DF,Ipswich Town,eng Premier League,28,1995,18,1541,86,45.1,17.1,16,90,16,2,51,5,0.72,19,37,-18,-1.05,+0.29,Matches
513,Jonathan Burkardt,de GER,FW,Mainz 05,de Bundesliga,24,2000,29,2109,73,68.9,23.4,28,74,9,1,24,0,1.59,42,32,+10,+0.43,+0.24,Matches
514,Oliver Burke,sct SCO,FW,Werder Bremen,de Bundesliga,27,1997,25,908,36,29.7,10.1,9,78,3,16,13,4,1.48,16,13,+3,+0.30,+0.55,Matches
515,Vincent Burlet,be BEL,DF,Lille,fr Ligue 1,18,2005,0,,,,,0,,0,0,,1,,,,,,,Matches
516,Dan Burn,eng ENG,DF,Newcastle United,eng Premier League,32,1992,37,3330,90,97.4,37.0,37,90,37,0,,0,1.78,68,45,+23,+0.62,+2.62,Matches
517,Rareș-Cătălin Burnete,ro ROU,FW,Lecce,it Serie A,20,2004,4,28,7,0.8,0.3,0,,0,4,7,23,1.00,0,2,-2,-6.43,-5.66,Matches
518,Wes Burns,wls WAL,MF,Ipswich Town,eng Premier League,29,1994,18,926,51,27.1,10.3,12,67,0,6,20,3,0.67,7,23,-16,-1.56,-0.47,Matches
519,Marnon Busch,de GER,"DF,MF",Heidenheim,de Bundesliga,29,1994,23,1396,61,45.6,15.5,15,80,8,8,24,8,1.09,13,26,-13,-0.84,-0.08,Matches
520,Maxime Busi,be BEL,DF,Reims,fr Ligue 1,24,1999,0,,,,,0,,0,0,,4,,,,,,,Matches
521,Gianluca Busio,us USA,MF,Venezia,it Serie A,22,2002,33,2518,76,73.6,28.0,28,85,16,5,29,1,0.82,25,45,-20,-0.71,-0.32,Matches
522,Jakob Busk,dk DEN,GK,Hoffenheim,de Bundesliga,30,1993,0,,,,,0,,0,0,,4,,,,,,,Matches
523,Pablo Busto,es ESP,DF,Real Betis,es La Liga,18,2005,0,,,,,0,,0,0,,1,,,,,,,Matches
524,Aurélio Buta,pt POR,DF,Reims,fr Ligue 1,27,1997,27,1970,73,64.4,21.9,24,80,13,3,18,4,1.15,25,28,-3,-0.14,+0.77,Matches
525,Ludovic Butelle,fr FRA,GK,Reims,fr Ligue 1,41,1983,0,,,,,0,,0,0,,5,,,,,,,Matches
526,Jean Butez,fr FRA,GK,Como,it Serie A,29,1995,19,1666,88,48.7,18.5,18,90,18,1,46,1,1.47,26,20,+6,+0.32,+0.79,Matches
527,Nathan Butler-Oyedeji,eng ENG,FW,Arsenal,eng Premier League,21,2003,1,7,7,0.2,0.1,0,,0,1,7,13,3.00,1,0,+1,+12.86,+11.96,Matches
528,Marcin Bułka,pl POL,GK,Nice,fr Ligue 1,24,1999,34,3060,90,100.0,34.0,34,90,34,0,,0,1.76,66,41,+25,+0.74,,Matches
529,Naïm Byar,ma MAR,MF,Bologna,it Serie A,19,2005,0,,,,,0,,0,0,,2,,,,,,,Matches
530,Pau Cabanes,es ESP,FW,Villarreal,es La Liga,19,2005,10,163,16,4.8,1.8,0,,0,10,16,5,1.30,5,1,+4,+2.21,+1.77,Matches
531,Pau Cabanes,es ESP,MF,Alavés,es La Liga,19,2005,6,188,31,5.5,2.1,2,52,0,4,21,11,0.50,1,2,-1,-0.48,-0.23,Matches
532,Rémy Cabella,fr FRA,MF,Lille,fr Ligue 1,34,1990,23,1011,44,33.0,11.2,12,72,2,11,13,4,1.61,15,12,+3,+0.27,-0.30,Matches
533,Leandro Cabrera,uy URU,DF,Espanyol,es La Liga,33,1991,33,2869,87,83.9,31.9,32,88,30,1,45,0,1.06,36,41,-5,-0.16,+0.82,Matches
534,Liberato Cacace,nz NZL,"MF,DF",Empoli,it Serie A,23,2000,33,2230,68,65.2,24.8,24,86,16,9,20,4,0.85,21,46,-25,-1.01,-0.93,Matches
535,Alessio Cacciamani,it ITA,MF,Torino,it Serie A,17,2007,2,31,16,0.9,0.3,0,,0,2,16,4,0.00,0,0,0,0.00,+0.16,Matches
536,Anthony Caci,fr FRA,MF,Mainz 05,de Bundesliga,27,1997,33,2684,81,87.7,29.8,33,81,11,0,,0,1.55,54,38,+16,+0.54,+1.49,Matches
537,Mathieu Cafaro,fr FRA,"MF,FW",Saint-Étienne,fr Ligue 1,27,1997,15,732,49,23.9,8.1,9,67,2,6,21,1,1.13,5,20,-15,-1.84,-0.96,Matches
538,Killian Cahill,ie IRL,GK,Brighton,eng Premier League,20,2003,0,,,,,0,,0,0,,1,,,,,,,Matches
539,Moisés Caicedo,ec ECU,"MF,DF",Chelsea,eng Premier League,22,2001,38,3351,88,98.0,37.2,38,88,33,0,,0,1.82,62,42,+20,+0.54,-0.77,Matches
540,Marc-Aurèle Caillard,fr FRA,GK,Lille,fr Ligue 1,30,1994,0,,,,,0,,0,0,,4,,,,,,,Matches
541,Tom Cairney,sct SCO,MF,Fulham,eng Premier League,33,1991,25,628,25,18.4,7.0,3,70,0,22,19,10,1.20,14,12,+2,+0.29,+0.35,Matches
542,Jens Cajuste,se SWE,MF,Ipswich Town,eng Premier League,24,1999,30,1959,65,57.3,21.8,25,76,3,5,14,3,0.67,24,46,-22,-1.01,+0.47,Matches
543,Davide Calabria,it ITA,DF,Bologna,it Serie A,27,1996,11,632,57,18.5,7.0,7,86,5,4,8,2,1.82,13,6,+7,+1.00,+0.90,Matches
544,Davide Calabria,it ITA,DF,Milan,it Serie A,27,1996,7,316,45,9.2,3.5,4,72,0,3,10,9,1.71,3,5,-2,-0.57,-1.15,Matches
545,Riccardo Calafiori,it ITA,DF,Arsenal,eng Premier League,22,2002,19,983,52,28.7,10.9,11,72,3,8,25,3,2.05,27,12,+15,+1.37,+0.63,Matches
546,Luca Caldirola,it ITA,DF,Monza,it Serie A,33,1991,14,876,63,25.6,9.7,10,75,6,4,31,9,0.21,3,16,-13,-1.34,-0.35,Matches
547,Fernando Calero,es ESP,DF,Espanyol,es La Liga,28,1995,21,715,34,20.9,7.9,6,82,3,15,15,10,1.57,8,12,-4,-0.50,-0.27,Matches
548,Duje Ćaleta-Car,hr CRO,DF,Lyon,fr Ligue 1,27,1996,19,1584,83,51.8,17.6,17,89,14,2,39,12,1.58,29,24,+5,+0.28,-0.57,Matches
549,Hakan Çalhanoğlu,tr TUR,MF,Inter,it Serie A,30,1994,29,1947,67,56.9,21.6,26,72,6,3,25,1,2.07,46,20,+26,+1.20,+0.10,Matches
550,Alessandro Calligaris,it ITA,GK,Inter,it Serie A,19,2005,0,,,,,0,,0,0,,14,,,,,,,Matches
551,Dominic Calvert-Lewin,eng ENG,FW,Everton,eng Premier League,27,1997,26,1609,62,47.0,17.9,19,77,8,7,20,0,1.27,17,18,-1,-0.06,-0.01,Matches
552,Abdoulaye Camara,fr FRA,MF,Montpellier,fr Ligue 1,15,2008,0,,,,,0,,0,0,,1,,,,,,,Matches
553,Dawda Camara,mr MTN,FW,Girona,es La Liga,21,2002,0,,,,,0,,0,0,,2,,,,,,,Matches
554,Drissa Camara,ci CIV,FW,Parma,it Serie A,22,2002,21,447,21,13.1,5.0,1,57,0,20,20,16,0.81,5,13,-8,-1.61,-1.43,Matches
555,Issiaga Camara,gn GUI,MF,Nice,fr Ligue 1,19,2005,4,20,5,0.7,0.2,0,,0,4,5,12,1.00,0,2,-2,-9.00,-9.80,Matches
556,Lamine Camara,sn SEN,MF,Monaco,fr Ligue 1,20,2004,29,2054,71,67.1,22.8,25,79,9,4,21,0,1.86,41,26,+15,+0.66,+0.03,Matches
557,Mahdi Camara,fr FRA,MF,Brest,fr Ligue 1,26,1998,34,2659,78,86.9,29.5,31,84,17,3,16,0,1.47,44,49,-5,-0.17,+0.28,Matches
558,Ousmane Camara,ml MLI,DF,Angers,fr Ligue 1,21,2003,3,252,84,8.2,2.8,3,84,2,0,,6,2.00,3,3,0,0.00,+0.67,Matches
559,Francesco Camarda,it ITA,FW,Milan,it Serie A,16,2008,10,206,21,6.0,2.3,1,65,0,9,16,16,1.30,5,3,+2,+0.87,+0.43,Matches
560,Eduardo Camavinga,fr FRA,"MF,DF",Real Madrid,es La Liga,21,2002,19,1102,58,32.2,12.2,11,84,8,8,22,1,2.21,24,11,+13,+1.06,+0.01,Matches
561,Nicolò Cambiaghi,it ITA,"MF,FW",Bologna,it Serie A,23,2000,18,620,34,18.1,6.9,4,69,1,14,25,1,1.61,11,7,+4,+0.58,+0.39,Matches
562,Andrea Cambiaso,it ITA,"DF,MF",Juventus,it Serie A,24,2000,33,2221,67,64.9,24.7,25,81,16,8,25,0,1.79,35,20,+15,+0.61,+0.01,Matches
563,Axel Camblan,fr FRA,FW,Brest,fr Ligue 1,20,2003,2,26,13,0.8,0.3,0,,0,2,13,6,1.50,0,0,0,0.00,+0.21,Matches
564,Sergio Camello,es ESP,FW,Rayo Vallecano,es La Liga,23,2001,23,1134,49,33.2,12.6,14,64,0,9,27,2,1.52,14,14,0,0.00,+0.16,Matches
565,José Campaña,es ESP,MF,Las Palmas,es La Liga,31,1993,25,1189,48,34.8,13.2,15,67,0,10,19,5,1.00,12,18,-6,-0.45,+0.15,Matches
566,Thomas Campaniello,it ITA,FW,Empoli,it Serie A,16,2008,3,25,8,0.7,0.3,0,,0,3,8,9,0.00,0,1,-1,-3.60,-2.94,Matches
567,Cole Campbell,us USA,FW,Dortmund,de Bundesliga,18,2006,4,22,6,0.7,0.2,0,,0,4,6,8,0.75,0,0,0,0.00,-0.59,Matches
568,Emre Can,de GER,"DF,MF",Dortmund,de Bundesliga,30,1994,31,2105,68,68.8,23.4,23,85,19,8,18,0,1.71,43,33,+10,+0.43,-0.51,Matches
569,Peio Canales,es ESP,MF,Athletic Club,es La Liga,19,2005,8,259,32,7.6,2.9,2,60,0,6,23,13,2.00,2,1,+1,+0.35,-0.34,Matches
570,Matteo Cancellieri,it ITA,"MF,FW",Parma,it Serie A,22,2002,27,1424,53,41.6,15.8,19,65,2,8,23,2,1.00,17,26,-9,-0.57,-0.34,Matches
571,Fali Candé,gw GNB,DF,Venezia,it Serie A,26,1998,17,1530,90,44.7,17.0,17,90,17,0,,0,0.82,13,22,-9,-0.53,+0.18,Matches
572,Antonio Candela,it ITA,DF,Valladolid,es La Liga,24,2000,12,906,76,26.5,10.1,12,76,5,0,,4,0.08,6,30,-24,-2.38,-0.95,Matches
573,Antonio Candela,it ITA,"MF,DF",Venezia,it Serie A,24,2000,14,1008,72,29.5,11.2,12,80,6,2,24,5,0.71,9,23,-14,-1.25,-0.88,Matches
574,Tom Cannon,ie IRL,FW,Leicester City,eng Premier League,21,2002,0,,,,,0,,0,0,,1,,,,,,,Matches
575,Sergi Canós,es ESP,MF,Valencia,es La Liga,27,1997,17,370,22,10.8,4.1,2,58,0,15,17,17,0.94,4,9,-5,-1.22,-1.07,Matches
576,Jaydee Canvot,fr FRA,"DF,MF",Toulouse,fr Ligue 1,18,2006,18,1106,61,36.1,12.3,12,87,8,6,11,6,1.17,14,15,-1,-0.08,-0.17,Matches
577,Pierrick Capelle,fr FRA,MF,Angers,fr Ligue 1,37,1987,16,483,30,15.8,5.4,3,74,0,13,20,10,1.25,8,12,-4,-0.75,-0.15,Matches
578,Gianluca Caprari,it ITA,"MF,FW",Monza,it Serie A,31,1993,34,1651,49,48.3,18.3,18,74,3,16,20,0,0.53,14,31,-17,-0.93,+0.29,Matches
579,Elia Caprile,it ITA,GK,Cagliari,it Serie A,22,2001,18,1620,90,47.4,18.0,18,90,18,0,,0,1.06,22,22,0,0.00,+0.80,Matches
580,Elia Caprile,it ITA,GK,Napoli,it Serie A,22,2001,4,325,81,9.5,3.6,3,90,3,1,55,15,2.50,6,1,+5,+1.38,+0.60,Matches
581,Gabin Capuano,fr FRA,FW,Lens,fr Ligue 1,18,2006,1,11,11,0.4,0.1,0,,0,1,11,0,0.00,0,0,0,0.00,-0.09,Matches
582,Francesco Caputo,it ITA,FW,Empoli,it Serie A,36,1987,1,6,6,0.2,0.1,0,,0,1,6,0,1.00,0,0,0,0.00,+0.69,Matches
583,Maxence Caqueret,fr FRA,MF,Como,it Serie A,24,2000,18,1087,60,31.8,12.1,15,67,1,3,26,1,1.67,21,12,+9,+0.75,+1.21,Matches
584,Maxence Caqueret,fr FRA,MF,Lyon,fr Ligue 1,24,2000,9,573,64,18.7,6.4,6,87,4,3,16,5,1.78,11,11,0,0.00,-0.69,Matches
585,Simon Cara,fr FRA,FW,Montpellier,fr Ligue 1,19,2005,2,9,5,0.3,0.1,0,,0,2,5,1,0.00,0,1,-1,-10.00,-8.38,Matches
586,Filippo Carbone,it ITA,MF,Genoa,it Serie A,17,2006,0,,,,,0,,0,0,,1,,,,,,,Matches
587,Andrea Carboni,it ITA,DF,Monza,it Serie A,23,2001,26,2191,84,64.1,24.3,25,86,19,1,52,6,0.62,21,39,-18,-0.74,+0.94,Matches
588,Franco Carboni,it ITA,MF,Venezia,it Serie A,21,2003,8,226,28,6.6,2.5,3,56,0,5,12,27,0.63,2,1,+1,+0.40,+1.10,Matches
589,Valentin Carboni,ar ARG,MF,Marseille,fr Ligue 1,19,2005,4,103,26,3.4,1.1,1,45,0,3,19,2,1.25,0,1,-1,-0.87,-1.73,Matches
590,Dani Cárdenas,es ESP,GK,Rayo Vallecano,es La Liga,27,1997,6,540,90,15.8,6.0,6,90,6,0,,32,1.67,7,6,+1,+0.17,+0.32,Matches
591,Irvin Cardona,mt MLT,"FW,MF",Espanyol,es La Liga,26,1997,16,606,38,17.7,6.7,5,68,0,11,24,2,0.94,7,5,+2,+0.30,+0.71,Matches
592,Irvin Cardona,mt MLT,"FW,MF",Saint-Étienne,fr Ligue 1,26,1997,15,1063,71,34.7,11.8,13,75,3,2,45,0,0.80,21,27,-6,-0.51,+0.93,Matches
593,Marc Cardona,es ESP,FW,Las Palmas,es La Liga,29,1995,11,132,12,3.9,1.5,0,,0,11,12,21,0.64,2,4,-2,-1.36,-0.84,Matches
594,Sergi Cardona,es ESP,DF,Villarreal,es La Liga,25,1999,35,2945,84,86.1,32.7,34,86,24,1,18,1,1.91,60,44,+16,+0.49,-0.27,Matches
595,Johnny Cardoso,us USA,MF,Real Betis,es La Liga,22,2001,28,2144,77,62.7,23.8,24,86,19,4,18,3,1.61,39,32,+7,+0.29,+0.29,Matches
596,Tiago Cardoso,lu LUX,GK,Gladbach,de Bundesliga,18,2006,5,380,76,12.4,4.2,4,90,4,1,20,6,2.00,7,3,+4,+0.95,+1.15,Matches
597,Patrik Carlgren,se SWE,GK,Nantes,fr Ligue 1,32,1992,5,417,83,13.6,4.6,4,90,4,1,57,26,1.00,5,7,-2,-0.43,-0.06,Matches
598,Diego Carlos,br BRA,DF,Aston Villa,eng Premier League,31,1993,10,830,83,24.3,9.2,8,90,8,2,55,7,1.30,14,15,-1,-0.11,-0.39,Matches
599,José Carlos González,es ESP,MF,Las Palmas,es La Liga,18,2006,1,11,11,0.3,0.1,0,,0,1,11,0,0.00,0,1,-1,-8.18,-7.65,Matches
600,Juan Carlos,es ESP,GK,Girona,es La Liga,36,1988,0,,,0.0,0.0,0,,0,0,,33,0.00,0,1,-1,,,Matches
601,Carmona,es ESP,DF,Sevilla,es La Liga,22,2002,35,2942,84,86.0,32.7,35,84,22,0,,0,1.09,33,47,-14,-0.43,-0.62,Matches
602,Marco Carnesecchi,it ITA,GK,Atalanta,it Serie A,24,2000,34,3060,90,89.5,34.0,34,90,34,0,,2,1.88,65,34,+31,+0.91,-1.59,Matches
603,Sergio Carreira,es ESP,MF,Celta Vigo,es La Liga,23,2000,23,1656,72,48.4,18.4,19,82,14,4,25,9,1.52,26,24,+2,+0.11,+0.11,Matches
604,Scott Carson,eng ENG,GK,Manchester City,eng Premier League,38,1985,0,,,,,0,,0,0,,16,,,,,,,Matches
605,Henry Cartwright,eng ENG,MF,Leicester City,eng Premier League,19,2004,0,,,,,0,,0,0,,1,,,,,,,Matches
606,Dani Carvajal,es ESP,DF,Real Madrid,es La Liga,32,1992,8,609,76,17.8,6.8,7,85,5,1,15,0,2.25,12,3,+9,+1.33,+0.34,Matches
607,Fabio Carvalho,pt POR,"FW,MF",Brentford,eng Premier League,21,2002,19,455,24,13.3,5.1,3,81,0,16,13,6,1.47,9,14,-5,-0.99,-1.41,Matches
608,William Carvalho,pt POR,MF,Real Betis,es La Liga,32,1992,14,484,35,14.2,5.4,6,60,1,8,15,1,1.50,3,5,-2,-0.37,-0.65,Matches
609,Cesare Casadei,it ITA,MF,Torino,it Serie A,21,2003,15,1017,68,29.7,11.3,13,75,4,2,24,0,1.13,10,13,-3,-0.27,-0.15,Matches
610,Cesare Casadei,it ITA,MF,Chelsea,eng Premier League,21,2003,0,,,,,0,,0,0,,4,,,,,,,Matches
611,Marc Casado,es ESP,MF,Barcelona,es La Liga,20,2003,23,1611,70,47.1,17.9,20,78,10,3,19,7,2.22,49,14,+35,+1.96,+0.56,Matches
612,Nicolò Casale,it ITA,DF,Bologna,it Serie A,26,1998,15,900,60,26.3,10.0,9,84,7,6,24,17,1.73,14,16,-2,-0.20,-0.63,Matches
613,Nicolò Casale,it ITA,DF,Lazio,it Serie A,26,1998,2,135,68,3.9,1.5,2,68,1,0,,0,1.50,3,2,+1,+0.67,+0.37,Matches
614,Casemiro,br BRA,MF,Manchester Utd,eng Premier League,32,1992,24,1494,62,43.7,16.6,18,76,7,6,22,14,1.29,18,20,-2,-0.12,+0.25,Matches
615,Kaelan Casey,eng ENG,DF,West Ham United,eng Premier League,19,2004,1,1,1,0.0,0.0,0,,0,1,1,7,1.00,0,0,0,0.00,+0.42,Matches
616,Matty Cash,pl POL,DF,Aston Villa,eng Premier League,26,1997,27,2070,77,60.5,23.0,24,82,16,3,38,2,1.78,35,22,+13,+0.57,+0.97,Matches
617,Eiran Cashin,ie IRL,DF,Brighton,eng Premier League,22,2001,2,20,10,0.6,0.2,0,,0,2,10,9,0.00,0,2,-2,-9.00,-9.24,Matches
618,Josué Casimir,ht HAI,"MF,FW",Le Havre,fr Ligue 1,22,2001,27,1997,74,65.3,22.2,23,84,10,4,18,0,1.15,29,45,-16,-0.72,+0.55,Matches
619,Federico Cassa,it ITA,MF,Atalanta,it Serie A,18,2006,2,14,7,0.4,0.2,0,,0,2,7,4,1.50,0,0,0,0.00,-1.08,Matches
620,Tommaso Cassandro,it ITA,"DF,MF",Como,it Serie A,24,2000,0,,,,,0,,0,0,,1,,,,,,,Matches
621,Dante Cassanova,jm JAM,DF,Tottenham Hotspur,eng Premier League,20,2004,0,,,,,0,,0,0,,2,,,,,,,Matches
622,Cristian Cásseres Jr.,ve VEN,MF,Toulouse,fr Ligue 1,24,2000,32,2696,84,88.1,30.0,31,86,20,1,33,0,1.25,40,37,+3,+0.10,+0.59,Matches
623,Marco Cassin,it ITA,GK,Udinese,it Serie A,16,2008,0,,,,,0,,0,0,,1,,,,,,,Matches
624,Timothy Castagne,be BEL,"DF,MF",Fulham,eng Premier League,28,1995,24,1649,69,48.2,18.3,17,89,16,7,19,9,1.33,30,28,+2,+0.11,+0.21,Matches
625,Valentín Castellanos,ar ARG,FW,Lazio,it Serie A,25,1998,29,2384,82,69.7,26.5,28,84,16,1,31,2,1.90,48,28,+20,+0.76,+1.45,Matches
626,Jean-Charles Castelletto,cm CMR,"DF,MF",Nantes,fr Ligue 1,29,1995,30,2620,87,85.6,29.1,30,87,27,0,,0,1.00,31,40,-9,-0.31,+0.51,Matches
627,Castrin,es ESP,DF,Sevilla,es La Liga,21,2003,0,,,,,0,,0,0,,1,,,,,,,Matches
628,Santiago Castro,ar ARG,FW,Bologna,it Serie A,19,2004,36,2294,64,67.1,25.5,27,78,9,9,21,1,1.64,37,32,+5,+0.20,-0.20,Matches
629,Gaetano Castrovilli,it ITA,MF,Monza,it Serie A,27,1997,12,596,50,17.4,6.6,7,66,0,5,27,3,0.33,5,12,-7,-1.06,+0.03,Matches
630,Gaetano Castrovilli,it ITA,MF,Lazio,it Serie A,27,1997,9,148,16,4.3,1.6,1,60,0,8,11,10,1.78,3,4,-1,-0.61,-0.97,Matches
631,Català,es ESP,DF,Espanyol,es La Liga,19,2004,0,,,,,0,,0,0,,1,,,,,,,Matches
632,Danilo Cataldi,it ITA,MF,Fiorentina,it Serie A,29,1994,25,1728,69,50.5,19.2,23,73,8,2,21,1,1.64,31,20,+11,+0.57,+0.15,Matches
633,Danilo Cataldi,it ITA,MF,Lazio,it Serie A,29,1994,0,,,,,0,,0,0,,2,,,,,,,Matches
634,Catena,es ESP,DF,Osasuna,es La Liga,29,1994,35,3074,88,89.9,34.2,35,88,32,0,,1,1.46,44,45,-1,-0.03,+0.75,Matches
635,Maximiliano Caufriez,be BEL,DF,Valencia,es La Liga,27,1997,1,90,90,2.6,1.0,1,90,1,0,,10,1.00,1,1,0,0.00,+0.27,Matches
636,Enzo Caumont,fr FRA,MF,Angers,fr Ligue 1,20,2004,2,34,17,1.1,0.4,0,,0,2,17,2,1.50,0,1,-1,-2.65,-2.05,Matches
637,Dani Ceballos,es ESP,MF,Real Madrid,es La Liga,27,1996,23,1215,53,35.5,13.5,15,74,4,8,13,6,2.43,30,11,+19,+1.41,+0.55,Matches
638,Abdoulie Ceesay,gm GAM,FW,St Pauli,de Bundesliga,20,2004,7,60,9,2.0,0.7,0,,0,7,9,7,0.43,2,1,+1,+1.50,+1.92,Matches
639,Nidal Celik,ba BIH,DF,Lens,fr Ligue 1,18,2006,0,,,,,0,,0,0,,10,,,,,,,Matches
640,Zeki Çelik,tr TUR,"DF,MF",Roma,it Serie A,27,1997,31,2256,73,66.0,25.1,27,80,16,4,26,3,1.61,26,25,+1,+0.04,-1.51,Matches
641,Fabien Centonze,fr FRA,DF,Nantes,fr Ligue 1,28,1996,7,265,38,8.7,2.9,3,65,1,4,18,2,1.00,2,4,-2,-0.68,-0.33,Matches
642,Alberto Cerri,it ITA,FW,Como,it Serie A,28,1996,5,87,17,2.5,1.0,0,,0,5,17,8,0.20,0,4,-4,-4.14,-4.16,Matches
643,Franco Cervi,ar ARG,"MF,FW",Celta Vigo,es La Liga,30,1994,7,273,39,8.0,3.0,4,60,0,3,11,25,1.43,3,6,-3,-0.99,-1.13,Matches
644,Julian Chabot,de GER,DF,Stuttgart,de Bundesliga,26,1998,31,2269,73,74.2,25.2,27,82,18,4,12,0,1.55,47,38,+9,+0.36,+0.13,Matches
645,El Chadaille Bitshiabu,fr FRA,DF,RB Leipzig,de Bundesliga,19,2005,21,1130,54,36.9,12.6,13,80,8,8,12,7,1.38,14,14,0,0.00,-0.23,Matches
646,Fares Chaïbi,dz ALG,MF,Eintracht Frankfurt,de Bundesliga,21,2002,26,1013,39,33.1,11.3,10,71,1,16,19,4,1.77,22,21,+1,+0.09,-0.83,Matches
647,Trevoh Chalobah,eng ENG,DF,Crystal Palace,eng Premier League,25,1999,12,1060,88,31.0,11.8,12,88,9,0,,2,1.42,13,13,0,0.00,0.00,Matches
648,Trevoh Chalobah,eng ENG,DF,Chelsea,eng Premier League,25,1999,13,910,70,26.6,10.1,11,81,9,2,10,3,1.77,13,12,+1,+0.10,-0.62,Matches
649,Timothy Chandler,us USA,"DF,MF",Eintracht Frankfurt,de Bundesliga,34,1990,3,24,8,0.8,0.3,0,,0,3,8,7,2.33,0,1,-1,-3.75,-4.43,Matches
650,Conor Chaplin,eng ENG,"MF,FW",Ipswich Town,eng Premier League,27,1997,22,857,39,25.1,9.5,10,71,1,12,13,6,0.41,8,20,-12,-1.26,-0.07,Matches
651,Brendan Chardonnet,fr FRA,DF,Brest,fr Ligue 1,29,1994,27,2416,89,79.0,26.8,27,89,26,0,,4,1.44,42,48,-6,-0.22,-0.08,Matches
652,Gabriel Charpentier,cg CGO,FW,Parma,it Serie A,25,1999,10,271,27,7.9,3.0,0,,0,10,27,0,1.00,5,6,-1,-0.33,+0.04,Matches
653,Raúl Chasco,es ESP,DF,Valladolid,es La Liga,20,2003,2,130,65,3.8,1.4,1,90,1,1,40,21,1.50,4,4,0,0.00,+1.75,Matches
654,Anrie Chase,jp JPN,DF,Stuttgart,de Bundesliga,20,2004,12,734,61,24.0,8.2,7,90,7,5,21,3,1.58,16,12,+4,+0.49,+0.22,Matches
655,Pep Chavarría,es ESP,DF,Rayo Vallecano,es La Liga,26,1998,34,2585,76,75.6,28.7,28,87,24,6,26,2,1.38,31,35,-4,-0.14,-0.14,Matches
656,Arthur Chaves,br BRA,DF,Hoffenheim,de Bundesliga,23,2001,26,2185,84,71.4,24.3,24,88,20,2,42,2,1.12,34,46,-12,-0.49,+0.53,Matches
657,Jhoanner Chávez,ec ECU,MF,Lens,fr Ligue 1,22,2002,10,596,60,19.5,6.6,7,82,2,3,8,5,1.80,8,5,+3,+0.45,+0.45,Matches
658,Walid Cheddira,ma MAR,FW,Espanyol,es La Liga,26,1998,22,640,29,18.7,7.1,5,59,0,17,20,12,1.00,8,9,-1,-0.14,+0.18,Matches
659,Walid Cheddira,ma MAR,FW,Napoli,it Serie A,26,1998,1,12,12,0.4,0.1,0,,0,1,12,1,0.00,0,1,-1,-7.50,-8.37,Matches
660,Chema,es ESP,MF,Real Madrid,es La Liga,19,2005,2,12,6,0.4,0.1,0,,0,2,6,5,3.00,0,0,0,0.00,-1.06,Matches
661,Théo Chennahi,fr FRA,DF,Montpellier,fr Ligue 1,19,2005,4,181,45,5.9,2.0,2,87,1,2,4,21,0.75,1,7,-6,-2.98,-1.42,Matches
662,Sidiki Cherif,fr FRA,FW,Angers,fr Ligue 1,17,2006,7,324,46,10.6,3.6,3,81,1,4,21,0,0.86,2,7,-5,-1.39,-0.86,Matches
663,Rayan Cherki,fr FRA,"MF,FW",Lyon,fr Ligue 1,20,2003,30,2041,68,66.7,22.7,22,81,8,8,32,0,1.77,48,28,+20,+0.88,+0.97,Matches
664,Youssef Chermiti,pt POR,FW,Everton,eng Premier League,20,2004,4,45,11,1.3,0.5,0,,0,4,11,10,0.50,1,0,+1,+2.00,+2.08,Matches
665,Lucas Chevalier,fr FRA,GK,Lille,fr Ligue 1,22,2001,34,3060,90,100.0,34.0,34,90,34,0,,0,1.76,52,36,+16,+0.47,,Matches
666,Fabio Chiarodia,it ITA,DF,Gladbach,de Bundesliga,19,2005,16,379,24,12.4,4.2,3,79,1,13,11,17,1.56,6,10,-4,-0.95,-1.02,Matches
667,Julián Chicco,ar ARG,"MF,DF",Leganés,es La Liga,26,1998,14,302,22,8.8,3.4,2,80,1,12,12,23,1.14,4,8,-4,-1.19,-0.82,Matches
668,Leandro Chichizola,ar ARG,GK,Parma,it Serie A,34,1990,1,90,90,2.6,1.0,1,90,1,0,,18,0.00,2,3,-1,-1.00,-0.65,Matches
669,Alessio Chiesa,it ITA,DF,Como,it Serie A,18,2006,0,,,,,0,,0,0,,1,,,,,,,Matches
670,Federico Chiesa,it ITA,FW,Liverpool,eng Premier League,26,1997,6,108,18,3.2,1.2,1,62,0,5,9,13,1.50,5,3,+2,+1.67,+0.50,Matches
671,Alberto Chiesurin,it ITA,MF,Venezia,it Serie A,19,2005,0,,,,,0,,0,0,,8,,,,,,,Matches
672,Ben Chilwell,eng ENG,MF,Crystal Palace,eng Premier League,27,1996,8,259,32,7.6,2.9,1,90,1,7,24,4,2.00,6,4,+2,+0.69,+0.75,Matches
673,Federico Chinetti,it ITA,FW,Como,it Serie A,19,2005,0,,,,,0,,0,0,,7,,,,,,,Matches
674,Niccolò Chiorra,it ITA,GK,Empoli,it Serie A,23,2001,0,,,,,0,,0,0,,1,,,,,,,Matches
675,Chiquinho,pt POR,MF,Mallorca,es La Liga,24,2000,8,146,18,4.3,1.6,1,56,0,7,13,23,1.13,4,2,+2,+1.23,+1.54,Matches
676,Chiquinho,pt POR,"FW,MF",Wolves,eng Premier League,24,2000,1,7,7,0.2,0.1,0,,0,1,7,0,0.00,0,0,0,0.00,+0.40,Matches
677,Tawanda Chirewa,zw ZIM,MF,Wolves,eng Premier League,20,2003,0,,,,,0,,0,0,,1,,,,,,,Matches
678,Pedro Chirivella,es ESP,MF,Nantes,fr Ligue 1,27,1997,30,2348,78,76.7,26.1,28,82,11,2,29,1,0.97,26,39,-13,-0.50,-0.50,Matches
679,Joris Chotard,fr FRA,MF,Montpellier,fr Ligue 1,22,2001,26,1892,73,61.8,21.0,23,79,14,3,23,0,0.38,16,52,-36,-1.71,-0.17,Matches
680,Hamza Choudhury,bd BAN,MF,Leicester City,eng Premier League,26,1997,4,131,33,3.8,1.5,1,58,0,3,24,11,0.25,0,5,-5,-3.44,-2.29,Matches
681,Andreas Christensen,dk DEN,DF,Barcelona,es La Liga,28,1996,5,254,51,7.4,2.8,2,83,1,3,29,7,3.00,4,2,+2,+0.71,-1.03,Matches
682,Ryan Christie,sct SCO,MF,Bournemouth,eng Premier League,29,1995,29,2117,73,61.9,23.5,27,76,10,2,28,0,1.52,40,28,+12,+0.51,+0.51,Matches
683,Carney Chukwuemeka,at AUT,MF,Dortmund,de Bundesliga,20,2003,10,253,25,8.3,2.8,1,69,0,9,20,1,2.50,13,2,+11,+3.91,+3.62,Matches
684,Samuel Chukwueze,ng NGA,"MF,FW",Milan,it Serie A,25,1999,26,925,36,27.0,10.3,9,73,1,17,16,8,1.46,17,11,+6,+0.58,+0.15,Matches
685,Aaron Ciammaglichella,it ITA,MF,Torino,it Serie A,19,2005,1,1,1,0.0,0.0,0,,0,1,1,12,3.00,0,0,0,0.00,+0.16,Matches
686,Jasper Cillessen,nl NED,GK,Las Palmas,es La Liga,35,1989,27,2335,86,68.3,25.9,27,86,25,0,,5,0.96,31,42,-11,-0.42,+0.41,Matches
687,Giuseppe Ciocci,it ITA,GK,Cagliari,it Serie A,22,2002,1,9,9,0.3,0.1,0,,0,1,9,25,0.00,0,0,0,0.00,+0.42,Matches
688,Alessandro Circati,au AUS,DF,Parma,it Serie A,20,2003,6,540,90,15.8,6.0,6,90,6,0,,6,1.33,9,9,0,0.00,+0.44,Matches
689,Pathé Ciss,sn SEN,"MF,DF",Rayo Vallecano,es La Liga,30,1994,33,2140,65,62.6,23.8,25,78,10,8,25,3,1.33,24,32,-8,-0.34,-0.62,Matches
690,Alphadjo Cissè,it ITA,MF,Hellas Verona,it Serie A,17,2006,2,9,5,0.3,0.1,0,,0,2,5,33,0.00,0,0,0,0.00,+0.84,Matches
691,Amadou Cissé,gn GUI,FW,Strasbourg,fr Ligue 1,18,2006,0,,,,,0,,0,0,,7,,,,,,,Matches
692,Djaoui Cissé,fr FRA,MF,Rennes,fr Ligue 1,20,2004,14,1121,80,36.6,12.5,14,80,5,0,,6,1.71,20,13,+7,+0.56,+0.84,Matches
693,Seydouba Cissé,gn GUI,MF,Leganés,es La Liga,23,2001,34,2435,72,71.2,27.1,31,76,11,3,30,2,1.12,28,37,-9,-0.33,+0.40,Matches
694,Yoann Cissé,fr FRA,MF,Auxerre,fr Ligue 1,19,2004,2,5,3,0.2,0.1,0,,0,2,3,4,0.00,1,1,0,0.00,+0.09,Matches
695,Patrick Ciurria,it ITA,MF,Monza,it Serie A,29,1995,21,1111,53,32.5,12.3,12,80,7,9,17,8,0.38,6,23,-17,-1.38,-0.44,Matches
696,Brayden Clarke,wls WAL,DF,Arsenal,eng Premier League,17,2007,0,,,,,0,,0,0,,1,,,,,,,Matches
697,Harry Clarke,eng ENG,DF,Ipswich Town,eng Premier League,23,2001,7,379,54,11.1,4.2,4,85,3,3,14,5,0.43,4,9,-5,-1.19,+0.03,Matches
698,Jack Clarke,eng ENG,MF,Ipswich Town,eng Premier League,23,2000,32,1181,37,34.5,13.1,12,66,1,20,19,3,0.59,14,31,-17,-1.30,-0.13,Matches
699,Alexis Claude-Maurice,fr FRA,"MF,FW",Augsburg,de Bundesliga,26,1998,28,2109,75,68.9,23.4,25,80,7,3,37,3,1.36,23,22,+1,+0.04,+1.65,Matches
700,Jonathan Clauss,fr FRA,"MF,DF",Nice,fr Ligue 1,31,1992,28,2303,82,75.3,25.6,27,84,18,1,45,0,1.68,48,28,+20,+0.78,+0.19,Matches
701,Silvi Clúa,es ESP,MF,Girona,es La Liga,19,2005,4,163,41,4.8,1.8,2,68,0,2,14,7,2.25,3,3,0,0.00,+0.44,Matches
702,Nathaniel Clyne,eng ENG,"DF,MF",Crystal Palace,eng Premier League,33,1991,13,483,37,14.1,5.4,5,70,1,8,16,24,1.31,4,11,-7,-1.30,-1.52,Matches
703,Conor Coady,eng ENG,DF,Leicester City,eng Premier League,31,1993,22,1714,78,50.1,19.0,19,89,16,3,7,13,0.73,16,42,-26,-1.37,-0.26,Matches
704,Matteo Cocchi,it ITA,DF,Inter,it Serie A,17,2007,0,,,,,0,,0,0,,5,,,,,,,Matches
705,Marcus Coco,fr FRA,DF,Nantes,fr Ligue 1,28,1996,20,951,48,31.1,10.6,10,79,2,10,16,6,1.15,13,20,-7,-0.66,-0.41,Matches
706,Saúl Coco,gq EQG,DF,Torino,it Serie A,25,1999,32,2845,89,83.2,31.6,32,89,29,0,,3,1.19,34,36,-2,-0.06,+0.56,Matches
707,Andrea Cogoni,it ITA,DF,Cagliari,it Serie A,18,2006,0,,,,,0,,0,0,,3,,,,,,,Matches
708,Séamus Coleman,ie IRL,DF,Everton,eng Premier League,35,1988,5,215,43,6.3,2.4,3,65,1,2,10,13,1.60,4,4,0,0.00,+0.06,Matches
709,Nathan Collins,ie IRL,DF,Brentford,eng Premier League,23,2001,38,3420,90,100.0,38.0,38,90,38,0,,0,1.47,66,57,+9,+0.24,,Matches
710,Nnamdi Collins,de GER,"DF,MF",Eintracht Frankfurt,de Bundesliga,20,2004,24,1489,62,48.7,16.5,15,84,11,9,26,7,1.96,36,18,+18,+1.09,+0.86,Matches
711,Toby Collyer,eng ENG,MF,Manchester Utd,eng Premier League,20,2004,6,179,30,5.2,2.0,0,,0,6,30,11,1.67,6,2,+4,+2.01,+2.40,Matches
712,Leonardo Colombo,it ITA,MF,Monza,it Serie A,19,2005,0,,,,,0,,0,0,,20,,,,,,,Matches
713,Lorenzo Colombo,it ITA,"FW,MF",Empoli,it Serie A,22,2002,37,2233,60,65.3,24.8,26,72,7,11,33,0,0.76,27,36,-9,-0.36,+0.93,Matches
714,Andrea Colpani,it ITA,MF,Fiorentina,it Serie A,25,1999,25,1450,58,42.4,16.1,18,71,2,7,25,2,1.56,25,20,+5,+0.31,-0.33,Matches
715,Levi Colwill,eng ENG,DF,Chelsea,eng Premier League,21,2003,35,3149,90,92.1,35.0,35,90,34,0,,2,1.77,56,41,+15,+0.43,-1.56,Matches
716,Florinel Coman,ro ROU,"MF,FW",Cagliari,it Serie A,26,1998,9,263,29,7.7,2.9,2,46,0,7,25,4,0.67,3,4,-1,-0.34,+0.09,Matches
717,Kingsley Coman,fr FRA,MF,Bayern Munich,de Bundesliga,28,1996,28,1282,46,41.9,14.2,14,69,2,14,23,0,2.57,49,5,+44,+3.09,+1.92,Matches
718,Eray Cömert,ch SUI,"DF,MF",Valladolid,es La Liga,26,1998,25,1779,71,52.0,19.8,21,82,13,4,13,7,0.48,13,53,-40,-2.02,-0.71,Matches
719,Santi Comesaña,es ESP,MF,Villarreal,es La Liga,27,1996,35,2560,73,74.9,28.4,30,82,19,5,18,2,1.83,48,42,+6,+0.21,-1.25,Matches
720,Pietro Comi,it ITA,DF,Atalanta,it Serie A,19,2005,0,,,,,0,,0,0,,7,,,,,,,Matches
721,Pietro Comuzzo,it ITA,DF,Fiorentina,it Serie A,19,2005,33,2200,67,64.3,24.4,24,85,18,9,18,4,1.88,35,25,+10,+0.41,-0.25,Matches
722,Francisco Conceição,pt POR,MF,Juventus,it Serie A,21,2002,26,1340,52,39.2,14.9,12,84,4,14,24,2,1.81,28,16,+12,+0.81,+0.33,Matches
723,Diego Conde,es ESP,GK,Villarreal,es La Liga,25,1998,22,1962,89,57.4,21.8,22,89,21,0,,11,1.77,41,33,+8,+0.37,-0.37,Matches
724,Martín Conde,es ESP,DF,Celta Vigo,es La Liga,21,2003,0,,,,,0,,0,0,,2,,,,,,,Matches
725,Tomás Conechny,ar ARG,"MF,FW",Alavés,es La Liga,26,1998,22,847,39,24.8,9.4,9,64,1,13,21,9,1.09,11,16,-5,-0.53,-0.36,Matches
726,Alois Confais,fr FRA,"DF,MF",Le Havre,fr Ligue 1,27,1996,1,3,3,0.1,0.0,0,,0,1,3,14,0.00,0,0,0,0.00,+0.91,Matches
727,Sirlord Conteh,de GER,"MF,FW",Heidenheim,de Bundesliga,28,1996,29,892,31,29.2,9.9,4,58,0,25,26,4,0.69,14,27,-13,-1.31,-0.73,Matches
728,Nikita Contini Baranovsky,it ITA,GK,Napoli,it Serie A,28,1996,0,,,0.0,0.0,0,,0,0,,29,1.00,1,1,0,,,Matches
729,Lewis Cook,eng ENG,"MF,DF",Bournemouth,eng Premier League,27,1997,36,2978,83,87.1,33.1,32,89,30,4,31,0,1.39,47,43,+4,+0.12,-1.51,Matches
730,Copete,es ESP,DF,Mallorca,es La Liga,24,1999,25,1528,61,44.7,17.0,16,88,15,9,13,9,1.20,14,21,-7,-0.41,-0.32,Matches
731,Diego Coppola,it ITA,DF,Hellas Verona,it Serie A,20,2003,34,2927,86,85.6,32.5,33,89,32,1,2,1,1.09,31,51,-20,-0.61,+1.58,Matches
732,Francis Coquelin,fr FRA,MF,Nantes,fr Ligue 1,33,1991,6,224,37,7.3,2.5,3,59,0,3,16,0,1.67,4,1,+3,+1.21,+1.71,Matches
733,Tommaso Corazza,it ITA,MF,Bologna,it Serie A,20,2004,0,,,,,0,,0,0,,17,,,,,,,Matches
734,Iker Córdoba,es ESP,DF,Valencia,es La Liga,18,2005,2,15,8,0.4,0.2,0,,0,2,8,10,0.50,0,0,0,0.00,+0.26,Matches
735,Derek Cornelius,ca CAN,DF,Marseille,fr Ligue 1,26,1997,21,1420,68,46.4,15.8,17,79,10,4,18,7,2.14,38,18,+20,+1.27,+0.88,Matches
736,Maxwel Cornet,ci CIV,MF,Southampton,eng Premier League,27,1996,2,72,36,2.1,0.8,1,45,0,1,27,3,0.00,0,4,-4,-5.00,-3.49,Matches
737,Maxwel Cornet,ci CIV,MF,Genoa,it Serie A,27,1996,7,246,35,7.2,2.7,2,60,0,5,25,0,1.57,6,4,+2,+0.73,+1.13,Matches
738,Pierre Cornud,fr FRA,"DF,MF",Saint-Étienne,fr Ligue 1,27,1996,11,576,52,18.8,6.4,7,77,3,4,9,10,0.64,3,21,-18,-2.81,-2.09,Matches
739,Christian Corradi,it ITA,DF,Hellas Verona,it Serie A,19,2005,0,,,,,0,,0,0,,12,,,,,,,Matches
740,Ángel Correa,ar ARG,FW,Atlético Madrid,es La Liga,29,1995,31,805,26,23.5,8.9,3,57,0,28,23,3,2.00,21,6,+15,+1.68,+0.89,Matches
741,Joaquín Correa,ar ARG,"FW,MF",Inter,it Serie A,29,1994,19,731,38,21.4,8.1,6,79,4,13,20,14,2.11,13,7,+6,+0.74,-0.53,Matches
742,Thierry Correia,pt POR,DF,Valencia,es La Liga,25,1999,11,768,70,22.5,8.5,9,79,4,2,28,0,0.64,7,13,-6,-0.70,-0.57,Matches
743,Álvaro Cortés,es ESP,DF,Barcelona,es La Liga,19,2005,0,,,,,0,,0,0,,1,,,,,,,Matches
744,Guillem Cortiñas,es ESP,DF,Getafe,es La Liga,21,2003,0,,,,,0,,0,0,,3,,,,,,,Matches
745,Edoardo Corvi,it ITA,GK,Parma,it Serie A,23,2001,0,,,,,0,,0,0,,38,,,,,,,Matches
746,Isaac Cossier,fr FRA,DF,Lille,fr Ligue 1,17,2006,0,,,,,0,,0,0,,3,,,,,,,Matches
747,Alberto costa,pt POR,"DF,MF",Juventus,it Serie A,20,2003,9,357,40,10.4,4.0,3,71,1,6,24,9,1.56,7,3,+4,+1.01,+0.45,Matches
748,Coba da Costa,es ESP,MF,Getafe,es La Liga,22,2002,19,1006,53,29.4,11.2,12,69,1,7,25,11,1.05,10,10,0,0.00,+0.19,Matches
749,Danny da Costa,de GER,DF,Mainz 05,de Bundesliga,31,1993,25,2006,80,65.6,22.3,25,80,19,0,,7,1.56,35,26,+9,+0.40,+0.15,Matches
750,David Costa,pt POR,MF,Lens,fr Ligue 1,23,2001,11,352,32,11.5,3.9,3,61,0,8,21,4,1.18,3,6,-3,-0.77,-0.97,Matches
751,João Costa,br BRA,FW,Roma,it Serie A,19,2005,0,,,,,0,,0,0,,3,,,,,,,Matches
752,Logan Costa,cv CPV,DF,Villarreal,es La Liga,23,2001,32,2587,81,75.6,28.7,28,87,25,4,36,3,1.94,52,40,+12,+0.42,-0.45,Matches
753,Logan Costa,cv CPV,DF,Toulouse,fr Ligue 1,23,2001,1,90,90,2.9,1.0,1,90,1,0,,0,1.00,0,0,0,0.00,-0.03,Matches
754,Samu Costa,pt POR,MF,Mallorca,es La Liga,23,2000,32,2649,83,77.5,29.4,31,85,23,1,26,0,1.19,25,37,-12,-0.41,-0.76,Matches
755,Grégoire Coudert,fr FRA,GK,Brest,fr Ligue 1,25,1999,2,180,90,5.9,2.0,2,90,2,0,,32,1.50,5,5,0,0.00,+0.22,Matches
756,Vladimír Coufal,cz CZE,"DF,MF",West Ham United,eng Premier League,31,1992,22,1067,49,31.2,11.9,11,78,5,11,19,11,1.00,12,21,-9,-0.76,-0.49,Matches
757,Abdoul Coulibaly,de GER,DF,Werder Bremen,de Bundesliga,17,2007,0,,,,,0,,0,0,,1,,,,,,,Matches
758,Joel Coulibaly,fr FRA,MF,Rennes,fr Ligue 1,17,2007,0,,,,,0,,0,0,,2,,,,,,,Matches
759,Lassana Coulibaly,ml MLI,MF,Lecce,it Serie A,28,1996,38,2667,70,78.0,29.6,30,80,17,8,32,0,0.89,23,38,-15,-0.51,+1.41,Matches
760,Lasso Coulibaly,ci CIV,MF,Auxerre,fr Ligue 1,21,2002,3,45,15,1.5,0.5,0,,0,3,15,0,1.00,1,2,-1,-2.00,-1.94,Matches
761,Mamadou Coulibaly,fr FRA,MF,Monaco,fr Ligue 1,20,2004,1,8,8,0.3,0.1,0,,0,1,8,5,3.00,1,0,+1,+11.25,+10.63,Matches
762,Soumaïla Coulibaly,fr FRA,DF,Brest,fr Ligue 1,20,2003,7,438,63,14.3,4.9,5,77,3,2,26,6,1.86,6,5,+1,+0.21,+0.48,Matches
763,Tanguy Coulibaly,fr FRA,"MF,FW",Montpellier,fr Ligue 1,23,2001,25,1485,59,48.5,16.5,17,79,7,8,19,2,0.48,9,39,-30,-1.82,-0.33,Matches
764,Woyo Coulibaly,ml MLI,DF,Leicester City,eng Premier League,25,1999,4,109,27,3.2,1.2,1,45,0,3,21,6,0.75,0,6,-6,-4.95,-3.84,Matches
765,Woyo Coulibaly,ml MLI,DF,Parma,it Serie A,25,1999,14,1084,77,31.7,12.0,12,85,10,2,32,3,1.00,16,23,-7,-0.58,-0.31,Matches
766,Marius Courcoul,fr FRA,MF,Angers,fr Ligue 1,17,2007,8,309,39,10.1,3.4,3,79,1,5,15,11,0.88,4,5,-1,-0.29,+0.36,Matches
767,Thibaut Courtois,be BEL,GK,Real Madrid,es La Liga,32,1992,30,2700,90,78.9,30.0,30,90,30,0,,2,2.20,62,29,+33,+1.10,+0.23,Matches
768,Yan Couto,br BRA,"DF,MF",Dortmund,de Bundesliga,22,2002,21,895,43,29.2,9.9,8,78,3,13,21,8,1.67,21,19,+2,+0.20,-0.55,Matches
769,Patrice Čović,hr CRO,MF,Werder Bremen,de Bundesliga,17,2007,0,,,,,0,,0,0,,6,,,,,,,Matches
770,Nicolas Cozza,fr FRA,DF,Wolfsburg,de Bundesliga,25,1999,0,,,,,0,,0,0,,1,,,,,,,Matches
771,Nicolas Cozza,fr FRA,"DF,MF",Nantes,fr Ligue 1,25,1999,27,2051,76,67.0,22.8,23,86,20,4,20,1,0.93,24,36,-12,-0.53,-0.44,Matches
772,Aaron Cresswell,eng ENG,DF,West Ham United,eng Premier League,34,1989,18,824,46,24.1,9.2,10,76,4,8,8,13,1.78,8,8,0,0.00,+0.55,Matches
773,Charlie Cresswell,eng ENG,DF,Toulouse,fr Ligue 1,21,2002,31,2592,84,84.7,28.8,29,89,26,2,12,1,1.29,38,36,+2,+0.07,+0.26,Matches
774,Bryan Cristante,it ITA,MF,Roma,it Serie A,29,1995,30,2045,68,59.8,22.7,23,81,15,7,25,0,1.73,28,20,+8,+0.35,-0.50,Matches
775,Domen Črnigoj,si SVN,MF,Venezia,it Serie A,28,1995,8,136,17,4.0,1.5,1,45,0,7,13,10,1.00,1,4,-3,-1.99,-1.41,Matches
776,Juan Cruz Armada,es ESP,DF,Osasuna,es La Liga,32,1992,25,1492,60,43.6,16.6,19,74,6,6,14,12,1.56,19,20,-1,-0.06,+0.08,Matches
777,Juan Cruz,es ESP,"MF,DF",Leganés,es La Liga,24,2000,34,2257,66,66.0,25.1,26,78,10,8,28,4,0.97,27,36,-9,-0.36,+0.26,Matches
778,Pablo Cruz,es ESP,MF,Sevilla,es La Liga,20,2004,0,,,,,0,,0,0,,2,,,,,,,Matches
779,Juan Cuadrado,co COL,"MF,FW",Atalanta,it Serie A,36,1988,23,832,36,24.3,9.2,7,60,1,16,26,6,1.96,19,4,+15,+1.62,+0.72,Matches
780,Pau Cubarsí,es ESP,DF,Barcelona,es La Liga,17,2007,35,2618,75,76.5,29.1,29,84,20,6,30,3,2.26,81,32,+49,+1.68,+0.11,Matches
781,Cucho,co COL,FW,Real Betis,es La Liga,25,1999,15,1139,76,33.3,12.7,14,78,3,1,45,1,2.07,28,15,+13,+1.03,+1.26,Matches
782,Marc Cucurella,es ESP,DF,Chelsea,eng Premier League,26,1998,36,2988,83,87.4,33.2,33,88,27,3,24,0,1.89,60,38,+22,+0.66,+0.87,Matches
783,Iván Cuéllar,es ESP,GK,Mallorca,es La Liga,40,1984,0,,,,,0,,0,0,,28,,,,,,,Matches
784,Martin Cuellar,es ESP,,Getafe,es La Liga,17,2007,0,,,,,0,,0,0,,2,,,,,,,Matches
785,Andres Cuenca,es ESP,DF,Barcelona,es La Liga,17,2007,0,,,,,0,,0,0,,5,,,,,,,Matches
786,Hugo Cuenca,py PAR,MF,Genoa,it Serie A,19,2005,0,,,,,0,,0,0,,4,,,,,,,Matches
787,Hugo Cuenca,py PAR,MF,Milan,it Serie A,19,2005,0,,,,,0,,0,0,,1,,,,,,,Matches
788,Jorge Cuenca,es ESP,DF,Fulham,eng Premier League,24,1999,8,351,44,10.3,3.9,4,87,3,4,1,18,1.50,5,8,-3,-0.77,-0.86,Matches
789,Luke Cundle,eng ENG,MF,Wolves,eng Premier League,22,2002,0,,,,,0,,0,0,,3,,,,,,,Matches
790,Matheus Cunha,br BRA,MF,Wolves,eng Premier League,25,1999,33,2597,79,75.9,28.9,29,85,19,4,31,0,0.97,41,54,-13,-0.45,-0.23,Matches
791,Patrick Cutrone,it ITA,FW,Como,it Serie A,26,1998,33,2047,62,59.9,22.7,23,77,5,10,27,5,1.09,27,31,-4,-0.18,-0.24,Matches
792,Tomáš Čvančara,cz CZE,"MF,FW",Gladbach,de Bundesliga,23,2000,28,831,30,27.2,9.2,7,76,2,21,14,5,1.25,12,21,-9,-0.97,-1.26,Matches
793,Wylan Cyprien,fr FRA,MF,Parma,it Serie A,29,1995,2,28,14,0.8,0.3,0,,0,2,14,1,2.00,1,0,+1,+3.21,+3.61,Matches
794,Marco D'Alessandro,it ITA,"FW,MF",Monza,it Serie A,33,1991,0,,,,,0,,0,0,,2,,,,,,,Matches
795,Danilo D'Ambrosio,it ITA,DF,Monza,it Serie A,35,1988,20,1095,55,32.0,12.2,12,81,4,8,16,6,0.45,10,24,-14,-1.15,-0.11,Matches
796,Lucas Da Cunha,fr FRA,MF,Como,it Serie A,23,2001,36,2613,73,76.4,29.0,30,82,14,6,25,2,1.28,35,37,-2,-0.07,+0.04,Matches
797,Matthias Da Silva,pt POR,GK,Lyon,fr Ligue 1,16,2007,0,,,,,0,,0,0,,1,,,,,,,Matches
798,Giovanni Daffara,it ITA,GK,Juventus,it Serie A,19,2004,0,,,,,0,,0,0,,2,,,,,,,Matches
799,Samuel Dahl,se SWE,DF,Roma,it Serie A,21,2003,2,43,22,1.3,0.5,0,,0,2,22,20,0.00,2,2,0,0.00,-0.56,Matches
800,Finn Dahmen,de GER,GK,Augsburg,de Bundesliga,26,1998,19,1710,90,55.9,19.0,19,90,19,0,,10,1.42,18,19,-1,-0.05,+0.95,Matches
801,Thomas Dähne,de GER,GK,Holstein Kiel,de Bundesliga,30,1994,9,810,90,26.5,9.0,9,90,9,0,,25,0.89,12,19,-7,-0.78,+0.18,Matches
802,Mahmoud Dahoud,de GER,MF,Eintracht Frankfurt,de Bundesliga,28,1996,9,364,40,11.9,4.0,3,71,1,6,25,16,1.89,14,9,+5,+1.24,+0.67,Matches
803,Dario Daka,al ALB,FW,Lecce,it Serie A,20,2004,0,,,,,0,,0,0,,2,,,,,,,Matches
804,Patson Daka,zm ZAM,"MF,FW",Leicester City,eng Premier League,25,1998,23,736,32,21.5,8.2,6,72,1,17,18,4,0.61,7,16,-9,-1.10,+0.17,Matches
805,Ameen Al-Dakhil,be BEL,DF,Stuttgart,de Bundesliga,22,2002,7,432,62,14.1,4.8,6,70,1,1,11,7,1.00,10,6,+4,+0.83,+0.59,Matches
806,Marco Dalla Vecchia,it ITA,MF,Torino,it Serie A,19,2005,0,,,,,0,,0,0,,7,,,,,,,Matches
807,Thijs Dallinga,nl NED,FW,Bologna,it Serie A,23,2000,31,1154,37,33.7,12.8,11,73,2,20,18,7,1.68,19,15,+4,+0.31,+0.07,Matches
808,Diogo Dalot,pt POR,"MF,DF",Manchester Utd,eng Premier League,25,1999,33,2814,85,82.3,31.3,31,89,30,2,29,0,1.15,34,45,-11,-0.35,-0.50,Matches
809,Mikkel Damsgaard,dk DEN,MF,Brentford,eng Premier League,24,2000,38,2911,77,85.1,32.3,34,83,11,4,23,0,1.47,58,41,+17,+0.53,+1.94,Matches
810,Maat Daniel Caprini,it ITA,FW,Fiorentina,it Serie A,18,2006,2,8,4,0.2,0.1,0,,0,2,4,12,1.50,0,1,-1,-11.25,-11.78,Matches
811,Flavius Daniliuc,at AUT,DF,Hellas Verona,it Serie A,23,2001,18,1004,56,29.4,11.2,9,86,4,9,26,17,0.83,9,24,-15,-1.34,-0.71,Matches
812,Danilo,br BRA,DF,Juventus,it Serie A,33,1991,12,581,48,17.0,6.5,6,87,4,6,10,5,1.83,13,12,+1,+0.15,-0.54,Matches
813,Arnaut Danjuma,nl NED,FW,Villarreal,es La Liga,27,1997,3,200,67,5.8,2.2,3,67,0,0,,0,2.33,4,5,-1,-0.45,-1.04,Matches
814,Arnaut Danjuma,nl NED,"MF,FW",Girona,es La Liga,27,1997,25,1335,53,39.0,14.8,15,72,5,10,25,5,0.96,11,27,-16,-1.08,-1.08,Matches
815,Jayden Danns,eng ENG,FW,Liverpool,eng Premier League,18,2006,1,11,11,0.3,0.1,0,,0,1,11,1,3.00,0,1,-1,-8.18,-9.40,Matches
816,Kévin Danois,fr FRA,MF,Auxerre,fr Ligue 1,20,2004,22,1460,66,47.7,16.2,16,84,10,6,21,1,1.36,26,20,+6,+0.37,+0.88,Matches
817,Kevin Danso,at AUT,DF,Tottenham Hotspur,eng Premier League,25,1998,10,842,84,24.6,9.4,9,89,8,1,45,0,0.80,11,18,-7,-0.75,-0.96,Matches
818,Kevin Danso,at AUT,DF,Lens,fr Ligue 1,25,1998,12,1080,90,35.3,12.0,12,90,12,0,,0,1.83,17,12,+5,+0.42,+0.51,Matches
819,Dante,br BRA,DF,Nice,fr Ligue 1,40,1983,25,1964,79,64.2,21.8,21,88,17,4,28,1,1.80,45,23,+22,+1.01,+0.76,Matches
820,Pape Daouda Diongue,sn SEN,MF,Strasbourg,fr Ligue 1,18,2006,9,78,9,2.5,0.9,1,45,0,8,4,18,2.11,2,1,+1,+1.15,+0.82,Matches
821,Mohamed Daramy,dk DEN,"FW,MF",Reims,fr Ligue 1,22,2002,2,16,8,0.5,0.2,0,,0,2,8,1,3.00,1,2,-1,-5.63,-5.24,Matches
822,Bence Dárdai,hu HUN,MF,Wolfsburg,de Bundesliga,18,2006,21,1304,62,42.6,14.5,16,75,3,5,20,13,1.52,22,24,-2,-0.14,-0.34,Matches
823,Sergi Darder,es ESP,MF,Mallorca,es La Liga,30,1993,38,2744,72,80.2,30.5,34,78,9,4,19,0,1.26,26,33,-7,-0.23,+0.04,Matches
824,Achraf Dari,ma MAR,DF,Brest,fr Ligue 1,25,1999,0,,,,,0,,0,0,,2,,,,,,,Matches
825,Matteo Darmian,it ITA,"MF,DF",Inter,it Serie A,34,1989,29,1781,61,52.1,19.8,20,81,11,9,19,4,2.28,45,14,+31,+1.57,+0.85,Matches
826,Noah Darvich,de GER,MF,Barcelona,es La Liga,17,2006,0,,,,,0,,0,0,,2,,,,,,,Matches
827,Lukas Daschner,de GER,"FW,MF",Bochum,de Bundesliga,25,1998,14,412,29,13.5,4.6,3,61,0,11,21,4,0.43,5,11,-6,-1.31,-0.36,Matches
828,Lulo Dasilva,es ESP,MF,Sevilla,es La Liga,21,2002,0,,,,,0,,0,0,,3,,,,,,,Matches
829,Juan David Cabal,co COL,DF,Juventus,it Serie A,23,2001,7,460,66,13.5,5.1,6,75,3,1,11,5,2.14,13,6,+7,+1.37,+0.88,Matches
830,Jonathan David,ca CAN,FW,Lille,fr Ligue 1,24,2000,32,2554,80,83.5,28.4,28,86,20,4,33,0,1.78,46,26,+20,+0.70,+1.42,Matches
831,Alphonso Davies,ca CAN,DF,Bayern Munich,de Bundesliga,23,2000,19,1560,82,51.0,17.3,17,89,13,2,28,2,2.58,52,15,+37,+2.13,+0.33,Matches
832,Ben Davies,wls WAL,DF,Tottenham Hotspur,eng Premier League,31,1993,17,1331,78,38.9,14.8,14,88,13,3,33,7,1.00,22,26,-4,-0.27,-0.40,Matches
833,Harvey Davies,eng ENG,GK,Liverpool,eng Premier League,20,2003,0,,,,,0,,0,0,,3,,,,,,,Matches
834,Keinan Davis,eng ENG,FW,Udinese,it Serie A,26,1998,23,1066,46,31.2,11.8,10,81,4,13,20,2,1.09,10,20,-10,-0.84,-0.65,Matches
835,Leif Davis,eng ENG,DF,Ipswich Town,eng Premier League,24,1999,33,2743,83,80.2,30.5,32,85,27,1,10,0,0.52,29,69,-40,-1.31,-0.51,Matches
836,Zuriko Davitashvili,ge GEO,"FW,MF",Saint-Étienne,fr Ligue 1,23,2001,33,2778,84,90.8,30.9,32,85,20,1,45,0,0.82,35,69,-34,-1.10,+0.18,Matches
837,Paweł Dawidowicz,pl POL,"DF,MF",Hellas Verona,it Serie A,29,1995,26,1845,71,53.9,20.5,24,75,15,2,19,1,1.12,20,30,-10,-0.49,+0.77,Matches
838,Craig Dawson,eng ENG,DF,Wolves,eng Premier League,34,1990,15,971,65,28.4,10.8,10,89,9,5,17,6,0.87,16,25,-9,-0.83,-0.61,Matches
839,Kevin De Bruyne,be BEL,"MF,FW",Manchester City,eng Premier League,33,1991,28,1702,61,49.8,18.9,19,83,7,9,15,5,1.82,41,19,+22,+1.16,+0.85,Matches
840,Bobby De Cordova-Reid,jm JAM,"MF,FW",Leicester City,eng Premier League,31,1993,23,744,32,21.8,8.3,9,67,0,14,10,9,0.65,9,17,-8,-0.97,+0.34,Matches
841,Charles De Ketelaere,be BEL,"MF,FW",Atalanta,it Serie A,23,2001,36,2070,58,60.5,23.0,25,70,5,11,28,0,1.89,49,22,+27,+1.17,+0.24,Matches
842,Jeffrey De Lange,nl NED,GK,Marseille,fr Ligue 1,26,1998,0,,,,,0,,0,0,,34,,,,,,,Matches
843,Giorgio De Marzi,us USA,GK,Roma,it Serie A,17,2007,0,,,,,0,,0,0,,19,,,,,,,Matches
844,Rodrigo De Paul,ar ARG,MF,Atlético Madrid,es La Liga,30,1994,34,2106,62,61.6,23.4,23,76,8,11,33,0,1.94,41,17,+24,+1.03,+0.07,Matches
845,Théo De Percin,mq MTQ,GK,Auxerre,fr Ligue 1,23,2001,2,180,90,5.9,2.0,2,90,2,0,,30,0.50,1,3,-2,-1.00,-0.97,Matches
846,Giacomo De Pieri,it ITA,MF,Inter,it Serie A,17,2006,0,,,,,0,,0,0,,2,,,,,,,Matches
847,Mattia De Sciglio,it ITA,DF,Empoli,it Serie A,31,1992,16,769,48,22.5,8.5,7,80,5,9,23,16,0.63,4,23,-19,-2.22,-1.99,Matches
848,Lorenzo De Silvestri,it ITA,DF,Bologna,it Serie A,36,1988,18,1060,59,31.0,11.8,13,75,3,5,16,19,1.72,13,11,+2,+0.17,-0.14,Matches
849,Thibault De Smet,be BEL,DF,Reims,fr Ligue 1,26,1998,5,192,38,6.3,2.1,2,85,1,3,7,12,1.00,2,5,-3,-1.41,-1.06,Matches
850,Koni De Winter,be BEL,DF,Genoa,it Serie A,22,2002,25,2135,85,62.4,23.7,23,90,23,2,33,2,1.20,23,33,-10,-0.42,-0.28,Matches
851,Amar Dedić,ba BIH,MF,Marseille,fr Ligue 1,21,2002,10,314,31,10.3,3.5,2,54,0,8,26,3,1.50,6,9,-3,-0.86,-1.84,Matches
852,David Deger,de GER,MF,Augsburg,de Bundesliga,24,2000,0,,,,,0,,0,0,,1,,,,,,,Matches
853,Alessandro Deiola,it ITA,MF,Cagliari,it Serie A,28,1995,29,1432,49,41.9,15.9,16,74,5,13,20,8,0.83,16,22,-6,-0.38,+0.08,Matches
854,Romain Del Castillo,fr FRA,"FW,MF",Brest,fr Ligue 1,28,1996,26,1259,48,41.1,14.0,14,73,2,12,20,0,1.35,19,29,-10,-0.71,-0.86,Matches
855,Tommaso Del Lungo,it ITA,DF,Atalanta,it Serie A,20,2003,0,,,,,0,,0,0,,9,,,,,,,Matches
856,Enrico Del Prato,it ITA,"DF,MF",Parma,it Serie A,24,1999,34,2947,87,86.2,32.7,32,89,31,2,52,1,0.94,39,49,-10,-0.31,+0.46,Matches
857,Thomas Delaine,fr FRA,"DF,MF",Strasbourg,fr Ligue 1,32,1992,2,9,5,0.3,0.1,0,,0,2,5,0,3.00,0,1,-1,-10.00,-10.38,Matches
858,Liam Delap,eng ENG,FW,Ipswich Town,eng Premier League,21,2003,37,2593,70,75.8,28.8,32,78,3,5,18,0,0.59,25,58,-33,-1.15,+0.27,Matches
859,Fisayo Dele-Bashiru,ng NGA,MF,Lazio,it Serie A,23,2001,20,947,47,27.7,10.5,12,68,5,8,17,16,1.55,11,16,-5,-0.48,-1.09,Matches
860,Alessandro Dellavalle,it ITA,DF,Torino,it Serie A,20,2004,0,,,,,0,,0,0,,2,,,,,,,Matches
861,Andy Delort,dz ALG,FW,Montpellier,fr Ligue 1,32,1991,9,607,67,19.8,6.7,8,73,2,1,25,0,0.00,1,17,-16,-2.37,-0.90,Matches
862,Adam Delplace,fr FRA,GK,Lens,fr Ligue 1,17,2006,0,,,,,0,,0,0,,7,,,,,,,Matches
863,Olivier Deman,be BEL,"DF,FW",Werder Bremen,de Bundesliga,24,2000,9,67,7,2.2,0.7,0,,0,9,7,6,2.00,1,0,+1,+1.34,+1.46,Matches
864,Ali Dembélé,fr FRA,DF,Torino,it Serie A,20,2004,15,388,26,11.3,4.3,4,59,0,11,14,22,1.67,3,8,-5,-1.16,-1.13,Matches
865,Ousmane Dembélé,fr FRA,FW,Paris Saint-Germain,fr Ligue 1,27,1997,29,1730,60,56.5,19.2,20,75,5,9,25,1,2.48,56,16,+40,+2.08,+0.93,Matches
866,Ermedin Demirović,ba BIH,FW,Stuttgart,de Bundesliga,26,1998,34,1855,55,60.6,20.6,20,79,6,14,20,0,1.47,40,32,+8,+0.39,+0.16,Matches
867,Sepp van den Berg,nl NED,DF,Brentford,eng Premier League,22,2001,31,2586,83,75.6,28.7,29,88,25,2,18,1,1.55,54,49,+5,+0.17,-0.26,Matches
868,Will Dennis,eng ENG,GK,Bournemouth,eng Premier League,24,2000,0,,,,,0,,0,0,,21,,,,,,,Matches
869,Rémy Descamps,fr FRA,GK,Lyon,fr Ligue 1,28,1996,1,90,90,2.9,1.0,1,90,1,0,,31,0.00,1,2,-1,-1.00,-1.61,Matches
870,Arthur Desmas,fr FRA,GK,Le Havre,fr Ligue 1,30,1994,18,1620,90,52.9,18.0,18,90,18,0,,15,0.83,16,38,-22,-1.22,-0.66,Matches
871,Justin Devenny,nir NIR,MF,Crystal Palace,eng Premier League,20,2003,23,507,22,14.8,5.6,4,68,0,19,12,7,1.65,8,8,0,0.00,0.00,Matches
872,Alfie Devine,eng ENG,MF,Tottenham Hotspur,eng Premier League,19,2004,0,,,,,0,,0,0,,1,,,,,,,Matches
873,Kiernan Dewsbury-Hall,eng ENG,MF,Chelsea,eng Premier League,25,1998,13,264,20,7.7,2.9,2,67,0,11,12,13,2.15,6,3,+3,+1.02,+0.51,Matches
874,Gianluca Di Chiara,it ITA,"DF,MF",Parma,it Serie A,30,1993,0,,,,,0,,0,0,,11,,,,,,,Matches
875,Raffaele Di Gennaro,it ITA,GK,Inter,it Serie A,30,1993,0,,,,,0,,0,0,,25,,,,,,,Matches
876,Michele Di Gregorio,it ITA,GK,Juventus,it Serie A,27,1997,33,2970,90,86.8,33.0,33,90,33,0,,5,1.85,50,32,+18,+0.55,-0.45,Matches
877,Giovanni Di Lorenzo,it ITA,DF,Napoli,it Serie A,30,1993,37,3330,90,97.4,37.0,37,90,37,0,,0,2.14,56,27,+29,+0.78,-2.22,Matches
878,Alessandro Di Pardo,it ITA,"DF,MF",Cagliari,it Serie A,25,1999,0,,,,,0,,0,0,,1,,,,,,,Matches
879,Boulaye Dia,sn SEN,"MF,FW",Lazio,it Serie A,27,1996,35,2177,62,63.7,24.2,27,72,5,8,31,2,1.77,39,24,+15,+0.62,+0.84,Matches
880,Mouctar Diakhaby,gn GUI,DF,Valencia,es La Liga,27,1996,13,653,50,19.1,7.3,7,83,4,6,12,5,2.00,9,7,+2,+0.28,+0.67,Matches
881,Mamadou Diakhon,sn SEN,"MF,FW",Reims,fr Ligue 1,18,2005,28,858,31,28.0,9.5,5,72,1,23,22,4,0.79,6,9,-3,-0.31,+0.13,Matches
882,Bafodé Diakité,fr FRA,DF,Lille,fr Ligue 1,23,2001,31,2766,89,90.4,30.7,31,89,30,0,,1,1.90,50,31,+19,+0.62,+1.54,Matches
883,Oumar Diakité,ci CIV,FW,Reims,fr Ligue 1,20,2003,26,1628,63,53.2,18.1,20,73,1,6,28,3,0.88,20,26,-6,-0.33,+0.17,Matches
884,Amad Diallo,ci CIV,"MF,FW",Manchester Utd,eng Premier League,22,2002,26,1901,73,55.6,21.1,20,87,14,6,28,2,1.08,28,30,-2,-0.09,+0.38,Matches
885,Tidiane Diallo,fr FRA,FW,Strasbourg,fr Ligue 1,18,2006,0,,,,,0,,0,0,,2,,,,,,,Matches
886,Assane Diao,sn SEN,"MF,FW",Como,it Serie A,18,2005,15,1252,83,36.6,13.9,14,84,6,1,71,0,1.40,23,15,+8,+0.58,+1.03,Matches
887,Assane Diao,sn SEN,FW,Real Betis,es La Liga,18,2005,10,277,28,8.1,3.1,2,62,0,8,19,8,1.60,3,4,-1,-0.32,-0.55,Matches
888,Soriba Diaoune,fr FRA,FW,Lille,fr Ligue 1,16,2007,0,,,,,0,,0,0,,1,,,,,,,Matches
889,Habib Diarra,sn SEN,"MF,FW",Strasbourg,fr Ligue 1,20,2004,30,2352,78,76.9,26.1,27,84,19,3,26,0,1.60,40,33,+7,+0.27,-0.37,Matches
890,Lassine Diarra,ml MLI,GK,Lyon,fr Ligue 1,21,2002,0,,,,,0,,0,0,,2,,,,,,,Matches
891,Moussa Diarra,ml MLI,DF,Alavés,es La Liga,23,2000,26,1866,72,54.6,20.7,20,89,18,6,16,8,0.81,21,31,-10,-0.48,-0.48,Matches
892,Rúben Dias,pt POR,"DF,MF",Manchester City,eng Premier League,27,1997,27,2271,84,66.4,25.2,25,90,25,2,11,0,2.11,50,21,+29,+1.15,+1.23,Matches
893,Alassane Diatta,sn SEN,MF,Villarreal,es La Liga,19,2005,0,,,,,0,,0,0,,1,,,,,,,Matches
894,Krépin Diatta,sn SEN,"DF,MF",Monaco,fr Ligue 1,25,1999,19,508,27,16.6,5.6,3,73,1,16,18,5,1.89,8,7,+1,+0.18,-0.56,Matches
895,Kandet Diawara,gn GUI,MF,Le Havre,fr Ligue 1,24,2000,1,4,4,0.1,0.0,0,,0,1,4,0,0.00,0,1,-1,-22.50,-21.62,Matches
896,Mahamadou Diawara,fr FRA,MF,Le Havre,fr Ligue 1,19,2005,15,582,39,19.0,6.5,6,68,1,9,19,0,1.40,12,11,+1,+0.15,+1.32,Matches
897,Mahamadou Diawara,fr FRA,MF,Lyon,fr Ligue 1,19,2005,2,16,8,0.5,0.2,0,,0,2,8,4,0.00,0,1,-1,-5.63,-6.22,Matches
898,Brahim Díaz,ma MAR,"MF,FW",Real Madrid,es La Liga,24,1999,31,1385,45,40.5,15.4,16,68,5,15,20,0,2.10,43,15,+28,+1.82,+1.29,Matches
899,Daniel Díaz,es ESP,FW,Real Sociedad,es La Liga,18,2006,1,10,10,0.3,0.1,0,,0,1,10,1,3.00,0,1,-1,-9.00,-8.74,Matches
900,Luis Díaz,co COL,"FW,MF",Liverpool,eng Premier League,27,1997,36,2399,67,70.1,26.7,28,79,7,8,24,2,2.25,67,21,+46,+1.73,+1.81,Matches
901,Pedro Díaz,es ESP,MF,Rayo Vallecano,es La Liga,26,1998,26,1211,47,35.4,13.5,12,73,3,14,24,12,1.27,15,17,-2,-0.15,-0.07,Matches
902,Tyler Dibling,eng ENG,"MF,FW",Southampton,eng Premier League,18,2006,33,1874,57,54.8,20.8,20,76,8,13,27,1,0.27,16,50,-34,-1.63,-0.12,Matches
903,Diego,es ESP,"FW,MF",Leganés,es La Liga,24,2000,28,1195,43,34.9,13.3,13,77,3,15,13,6,1.14,15,23,-8,-0.60,-0.24,Matches
904,Justin Diehl,de GER,MF,Stuttgart,de Bundesliga,19,2004,6,104,17,3.4,1.2,0,,0,6,17,3,1.17,5,3,+2,+1.73,+1.46,Matches
905,Bamba Dieng,sn SEN,FW,Angers,fr Ligue 1,24,2000,18,532,30,17.4,5.9,5,67,1,13,15,3,0.89,8,10,-2,-0.34,+0.34,Matches
906,Eric Dier,eng ENG,DF,Bayern Munich,de Bundesliga,30,1994,21,1463,70,47.8,16.3,16,88,14,5,11,13,2.33,43,17,+26,+1.60,-0.71,Matches
907,Lucas Digne,fr FRA,DF,Aston Villa,eng Premier League,31,1993,32,2351,73,68.7,26.1,28,80,13,4,30,6,1.59,35,36,-1,-0.04,-0.71,Matches
908,Kembo Diliwidi,fr FRA,FW,Lens,fr Ligue 1,18,2006,1,4,4,0.1,0.0,0,,0,1,4,1,0.00,0,0,0,0.00,-0.09,Matches
909,Federico Dimarco,it ITA,MF,Inter,it Serie A,26,1997,33,2177,66,63.7,24.2,29,72,5,4,26,2,2.00,50,17,+33,+1.36,+0.57,Matches
910,Stole Dimitrievski,mk MKD,GK,Valencia,es La Liga,30,1993,4,360,90,10.5,4.0,4,90,4,0,,34,0.50,4,6,-2,-0.50,-0.26,Matches
911,Junior Dina Ebimbe,cm CMR,MF,Eintracht Frankfurt,de Bundesliga,23,2000,7,293,42,9.6,3.3,3,61,0,4,28,2,1.57,7,5,+2,+0.61,-0.04,Matches
912,Eren Dinkçi,de GER,MF,Freiburg,de Bundesliga,22,2001,23,1196,52,39.1,13.3,13,72,3,10,26,2,1.52,19,18,+1,+0.08,+0.32,Matches
913,Sinaly Diomande,ci CIV,DF,Auxerre,fr Ligue 1,23,2001,23,1945,85,63.6,21.6,22,87,20,1,25,6,0.91,30,40,-10,-0.46,-1.03,Matches
914,Yan Diomandé,ci CIV,MF,Leganés,es La Liga,17,2006,10,545,55,15.9,6.1,6,73,3,4,28,0,1.30,8,7,+1,+0.17,+0.73,Matches
915,Lois Diony,fr FRA,FW,Angers,fr Ligue 1,31,1992,1,21,21,0.7,0.2,0,,0,1,21,0,0.00,0,0,0,0.00,+0.62,Matches
916,Edan Diop,fr FRA,MF,Monaco,fr Ligue 1,19,2004,0,,,,,0,,0,0,,3,,,,,,,Matches
917,Issa Diop,ma MAR,DF,Fulham,eng Premier League,27,1997,21,1339,64,39.2,14.9,15,86,13,6,8,9,1.52,19,19,0,0.00,0.00,Matches
918,Sérigné Diop,sn SEN,FW,Brest,fr Ligue 1,19,2005,2,4,2,0.1,0.0,0,,0,2,2,5,1.00,0,0,0,0.00,+0.21,Matches
919,Sofiane Diop,ma MAR,"MF,FW",Nice,fr Ligue 1,24,2000,28,1064,38,34.8,11.8,8,81,2,20,21,1,1.86,26,19,+7,+0.59,-0.22,Matches
920,Andy Diouf,fr FRA,MF,Lens,fr Ligue 1,21,2003,34,2225,65,72.7,24.7,27,77,8,7,22,0,1.53,27,23,+4,+0.16,+0.27,Matches
921,Yehvann Diouf,sn SEN,GK,Reims,fr Ligue 1,24,1999,34,3060,90,100.0,34.0,34,90,34,0,,0,0.97,33,47,-14,-0.41,,Matches
922,Assane Dioussé,sn SEN,MF,Auxerre,fr Ligue 1,26,1997,17,663,39,21.7,7.4,7,81,2,10,9,17,1.00,9,10,-1,-0.14,-0.06,Matches
923,Axel Disasi,fr FRA,DF,Aston Villa,eng Premier League,26,1998,7,490,70,14.3,5.4,5,90,5,2,20,4,1.57,8,9,-1,-0.18,-0.43,Matches
924,Axel Disasi,fr FRA,DF,Chelsea,eng Premier League,26,1998,6,364,61,10.6,4.0,4,79,2,2,24,9,2.17,5,3,+2,+0.49,-0.07,Matches
925,Roman Dixon,eng ENG,DF,Everton,eng Premier League,19,2004,1,90,90,2.6,1.0,1,90,1,0,,7,0.00,0,4,-4,-4.00,-4.05,Matches
926,Álvaro djaló,gw GNB,"MF,FW",Athletic Club,es La Liga,24,1999,17,659,39,19.3,7.3,7,58,0,10,25,12,1.76,7,6,+1,+0.14,-0.65,Matches
927,Djené,tg TOG,"DF,MF",Getafe,es La Liga,32,1991,31,2548,82,74.5,28.3,31,82,23,0,,1,1.16,24,24,0,0.00,+0.52,Matches
928,Nasser Djiga,bf BFA,DF,Wolves,eng Premier League,21,2002,5,66,13,1.9,0.7,1,45,0,4,5,8,2.40,1,2,-1,-1.36,-0.99,Matches
929,Berat Djimsiti,al ALB,DF,Atalanta,it Serie A,31,1993,34,2640,78,77.2,29.3,32,81,23,2,27,1,1.88,59,31,+28,+0.95,-0.55,Matches
930,Marko Dmitrović,rs SRB,GK,Leganés,es La Liga,32,1992,32,2880,90,84.2,32.0,32,90,32,0,,6,1.09,36,49,-13,-0.41,+0.26,Matches
931,Alan Do Marcolino,ga GAB,FW,Rennes,fr Ligue 1,22,2002,0,,,,,0,,0,0,,1,,,,,,,Matches
932,Henrick Do Marcolino,fr FRA,FW,Rennes,fr Ligue 1,18,2006,0,,,,,0,,0,0,,1,,,,,,,Matches
933,Ritsu Doan,jp JPN,MF,Freiburg,de Bundesliga,26,1998,34,2862,84,93.5,31.8,33,86,18,1,33,0,1.62,48,47,+1,+0.03,+2.30,Matches
934,Dodô,br BRA,"DF,MF",Fiorentina,it Serie A,25,1998,35,3115,89,91.1,34.6,35,89,31,0,,0,1.77,57,36,+21,+0.61,+1.20,Matches
935,Danilho Doekhi,nl NED,DF,Union Berlin,de Bundesliga,26,1998,34,3060,90,100.0,34.0,34,90,34,0,,0,1.18,36,50,-14,-0.41,,Matches
936,Matt Doherty,ie IRL,"DF,MF",Wolves,eng Premier League,32,1992,30,2109,70,61.7,23.4,25,83,16,5,9,8,1.33,26,38,-12,-0.51,-0.31,Matches
937,Jeremy Doku,be BEL,"MF,FW",Manchester City,eng Premier League,22,2002,29,1516,52,44.3,16.8,16,81,6,13,17,4,1.90,34,14,+20,+1.19,+0.81,Matches
938,Jaume Doménech,es ESP,GK,Valencia,es La Liga,33,1990,0,,,,,0,,0,0,,23,,,,,,,Matches
939,Marc Domenech,es ESP,"FW,MF",Mallorca,es La Liga,18,2006,10,303,30,8.9,3.4,3,59,0,7,18,12,0.60,2,2,0,0.00,+0.26,Matches
940,Álex Domínguez,es ESP,GK,Toulouse,fr Ligue 1,26,1998,1,19,19,0.6,0.2,0,,0,1,19,16,3.00,0,0,0,0.00,-0.03,Matches
941,Benjamín Domínguez,ar ARG,MF,Bologna,it Serie A,20,2003,24,1281,53,37.5,14.2,16,71,1,8,17,11,1.71,22,16,+6,+0.42,+0.25,Matches
942,Carlos Dominguez,es ESP,DF,Celta Vigo,es La Liga,23,2001,19,1181,62,34.5,13.1,13,82,10,6,19,18,1.68,22,19,+3,+0.23,+0.27,Matches
943,Israel Domínguez,es ESP,MF,Sevilla,es La Liga,21,2003,1,18,18,0.5,0.2,0,,0,1,18,2,0.00,0,0,0,0.00,+0.34,Matches
944,Nicolás Domínguez,ar ARG,MF,Nottingham Forest,eng Premier League,26,1998,34,1963,58,57.4,21.8,23,73,5,11,26,3,1.76,31,27,+4,+0.18,-0.31,Matches
945,Sergi Dominguez,es ESP,DF,Barcelona,es La Liga,19,2005,3,172,57,5.0,1.9,2,71,0,1,30,16,2.00,8,5,+3,+1.57,-0.09,Matches
946,Antonio Donnarumma,it ITA,GK,Torino,it Serie A,34,1990,0,,,,,0,,0,0,,38,,,,,,,Matches
947,Gianluigi Donnarumma,it ITA,GK,Paris Saint-Germain,fr Ligue 1,25,1999,24,2091,87,68.3,23.2,24,87,23,0,,5,2.46,62,25,+37,+1.59,-0.27,Matches
948,Ifenna Dorgu,dk DEN,FW,Genoa,it Serie A,17,2006,0,,,,,0,,0,0,,1,,,,,,,Matches
949,Patrick Dorgu,dk DEN,MF,Manchester Utd,eng Premier League,19,2004,12,842,70,24.6,9.4,10,77,6,2,34,0,0.75,7,11,-4,-0.43,-0.22,Matches
950,Patrick Dorgu,dk DEN,"MF,DF",Lecce,it Serie A,19,2004,21,1840,88,53.8,20.4,21,88,19,0,,1,0.90,15,40,-25,-1.22,-0.88,Matches
951,Alfie Dorrington,eng ENG,DF,Tottenham Hotspur,eng Premier League,19,2005,1,14,14,0.4,0.2,0,,0,1,14,3,3.00,0,0,0,0.00,+0.03,Matches
952,Niklas Dorsch,de GER,MF,Augsburg,de Bundesliga,26,1998,1,32,32,1.0,0.4,0,,0,1,32,0,1.00,0,0,0,0.00,+0.48,Matches
953,Niklas Dorsch,de GER,MF,Heidenheim,de Bundesliga,26,1998,22,1335,61,43.6,14.8,19,67,1,3,21,1,0.95,15,25,-10,-0.67,+0.21,Matches
954,Alberto Dossena,it ITA,DF,Como,it Serie A,25,1998,23,1825,79,53.4,20.3,20,87,14,3,29,3,0.91,25,34,-9,-0.44,-0.78,Matches
955,Abdoulaye Doucouré,ml MLI,MF,Everton,eng Premier League,31,1993,33,2564,78,75.0,28.5,31,82,16,2,12,1,1.30,27,33,-6,-0.21,-0.63,Matches
956,Cheick Doucouré,ml MLI,MF,Crystal Palace,eng Premier League,24,2000,13,452,35,13.2,5.0,4,55,0,9,26,4,1.38,5,7,-2,-0.40,-0.46,Matches
957,Sékou Doucoure,fr FRA,DF,Nantes,fr Ligue 1,19,2005,2,12,6,0.4,0.1,0,,0,2,6,4,3.00,0,0,0,0.00,+0.38,Matches
958,Désiré Doué,fr FRA,"MF,FW",Paris Saint-Germain,fr Ligue 1,19,2005,31,1730,56,56.5,19.2,18,75,5,13,29,1,2.48,50,21,+29,+1.51,-0.39,Matches
959,Guela Doué,ci CIV,"DF,MF",Strasbourg,fr Ligue 1,21,2002,32,2717,85,88.8,30.2,30,89,29,2,22,0,1.69,49,39,+10,+0.33,-0.19,Matches
960,Douglas,br BRA,MF,Nantes,fr Ligue 1,27,1997,28,2307,82,75.4,25.6,28,82,18,0,,2,1.00,32,39,-7,-0.27,+0.44,Matches
961,Ismaël Doukouré,fr FRA,"DF,MF",Strasbourg,fr Ligue 1,21,2003,31,2639,85,86.2,29.3,31,85,23,0,,0,1.74,49,34,+15,+0.51,+1.15,Matches
962,Daouda Doumbia,ml MLI,MF,Alavés,es La Liga,22,2002,0,,,,,0,,0,0,,2,,,,,,,Matches
963,Issa Doumbia,it ITA,MF,Venezia,it Serie A,20,2003,24,939,39,27.5,10.4,10,70,0,14,17,12,0.83,9,16,-7,-0.67,-0.05,Matches
964,Kamory Doumbia,ml MLI,"MF,FW",Brest,fr Ligue 1,21,2003,30,1322,44,43.2,14.7,13,72,1,17,22,1,1.47,24,23,+1,+0.07,+0.48,Matches
965,Amidou Doumbouya,fr FRA,MF,Nice,fr Ligue 1,16,2007,2,46,23,1.5,0.5,0,,0,2,23,4,1.50,1,1,0,0.00,-0.75,Matches
966,Anastasios Douvikas,gr GRE,FW,Como,it Serie A,24,1999,13,580,45,17.0,6.4,6,72,2,7,21,1,1.85,10,8,+2,+0.31,+0.47,Matches
967,Anastasios Douvikas,gr GRE,FW,Celta Vigo,es La Liga,24,1999,20,700,35,20.5,7.8,6,66,0,14,22,2,1.25,14,13,+1,+0.13,+0.10,Matches
968,Artem Dovbyk,ua UKR,FW,Roma,it Serie A,27,1997,32,2418,76,70.7,26.9,27,84,10,5,31,3,1.59,39,27,+12,+0.45,-0.36,Matches
969,Flynn Downes,eng ENG,MF,Southampton,eng Premier League,25,1999,27,2151,80,62.9,23.9,25,85,18,2,13,2,0.33,14,49,-35,-1.46,+0.31,Matches
970,Tommy Doyle,eng ENG,MF,Wolves,eng Premier League,22,2001,24,488,20,14.3,5.4,3,70,1,21,13,9,0.96,7,10,-3,-0.55,-0.18,Matches
971,Radu Drăgușin,ro ROU,DF,Tottenham Hotspur,eng Premier League,22,2002,16,1252,78,36.6,13.9,14,83,11,2,43,7,0.88,25,29,-4,-0.29,-0.41,Matches
972,Patrick Drewes,de GER,GK,Bochum,de Bundesliga,31,1993,21,1890,90,61.8,21.0,21,90,21,0,,12,0.62,19,46,-27,-1.29,-0.75,Matches
973,Tim Drexler,de GER,DF,Hoffenheim,de Bundesliga,19,2005,8,357,45,11.7,4.0,5,54,1,3,29,3,1.00,5,12,-7,-1.76,-1.27,Matches
974,Stefan Drljača,de GER,GK,Stuttgart,de Bundesliga,25,1999,0,,,,,0,,0,0,,1,,,,,,,Matches
975,Domingos Duarte,pt POR,DF,Getafe,es La Liga,29,1995,22,1859,85,54.4,20.7,21,88,18,1,2,15,1.32,22,25,-3,-0.15,-0.03,Matches
976,Martin Dúbravka,sk SVK,GK,Newcastle United,eng Premier League,35,1989,10,900,90,26.3,10.0,10,90,10,0,,24,2.10,23,12,+11,+1.10,+0.74,Matches
977,Marvin Ducksch,de GER,FW,Werder Bremen,de Bundesliga,30,1994,32,2418,76,79.0,26.9,30,79,9,2,20,0,1.50,41,41,0,0.00,+0.42,Matches
978,Ondrej Duda,sk SVK,MF,Hellas Verona,it Serie A,29,1994,28,2395,86,70.0,26.6,27,87,19,1,45,0,1.14,25,35,-10,-0.38,+1.56,Matches
979,Duk,cv CPV,MF,Leganés,es La Liga,24,2000,10,179,18,5.2,2.0,1,65,0,9,13,6,1.20,3,2,+1,+0.50,+1.00,Matches
980,Denzel Dumfries,nl NED,MF,Inter,it Serie A,28,1996,29,1955,67,57.2,21.7,20,85,16,9,28,4,2.03,45,23,+22,+1.01,-0.34,Matches
981,Alfred Duncan,gh GHA,MF,Venezia,it Serie A,31,1993,16,957,60,28.0,10.6,12,76,6,4,11,4,0.56,8,19,-11,-1.03,-0.56,Matches
982,Lewis Dunk,eng ENG,DF,Brighton,eng Premier League,32,1991,25,2083,83,60.9,23.1,23,89,21,2,24,2,1.24,33,42,-9,-0.39,-1.47,Matches
983,Maxime Dupé,fr FRA,GK,Nice,fr Ligue 1,31,1993,0,,,,,0,,0,0,,34,,,,,,,Matches
984,Jáder Durán,co COL,FW,Aston Villa,eng Premier League,20,2003,20,638,32,18.7,7.1,4,60,0,16,25,1,1.50,12,12,0,0.00,-0.23,Matches
985,Pablo Durán,es ESP,"FW,MF",Celta Vigo,es La Liga,23,2001,27,1394,52,40.8,15.5,15,80,4,12,16,10,1.56,24,23,+1,+0.06,+0.02,Matches
986,Julien Duranville,be BEL,MF,Dortmund,de Bundesliga,18,2006,12,283,24,9.2,3.1,2,51,0,10,18,17,1.42,4,6,-2,-0.64,-1.35,Matches
987,Hugo Duro,es ESP,FW,Valencia,es La Liga,24,1999,31,2166,70,63.3,24.1,25,80,14,6,27,2,1.10,28,37,-9,-0.37,-0.30,Matches
988,Jean-Kevin Duverne,ht HAI,DF,Nantes,fr Ligue 1,27,1997,9,537,60,17.5,6.0,7,72,3,2,17,6,1.00,9,9,0,0.00,+0.46,Matches
989,Paulo Dybala,ar ARG,"FW,MF",Roma,it Serie A,30,1993,24,1417,59,41.4,15.7,16,80,5,8,18,7,1.63,29,15,+14,+0.89,+0.57,Matches
990,Stefan Džodić,rs SRB,DF,Montpellier,fr Ligue 1,19,2005,7,242,35,7.9,2.7,2,82,1,5,16,6,0.43,1,9,-8,-2.98,-1.44,Matches
991,Adam Dźwigała,pl POL,DF,St Pauli,de Bundesliga,28,1995,16,373,23,12.2,4.1,2,61,0,14,18,15,0.88,3,9,-6,-1.45,-1.21,Matches
992,Aron Dønnum,no NOR,MF,Toulouse,fr Ligue 1,26,1998,32,2689,84,87.9,29.9,31,86,20,1,27,0,1.19,37,38,-1,-0.03,-0.52,Matches
993,Coby Ebere,de GER,MF,Everton,eng Premier League,18,2005,0,,,,,0,,0,0,,1,,,,,,,Matches
994,Festy Ebosele,ie IRL,"DF,MF",Udinese,it Serie A,21,2002,0,,,,,0,,0,0,,2,,,,,,,Matches
995,Enzo Ebosse,cm CMR,DF,Udinese,it Serie A,25,1999,2,90,45,2.6,1.0,0,,0,2,45,15,0.00,0,1,-1,-1.00,-0.62,Matches
996,Tyronne Ebuehi,ng NGA,DF,Empoli,it Serie A,28,1995,4,74,19,2.2,0.8,0,,0,4,19,5,1.25,1,1,0,0.00,+0.70,Matches
997,Claudio Echeverri,ar ARG,MF,Manchester City,eng Premier League,18,2006,1,6,6,0.2,0.1,0,,0,1,6,0,3.00,0,0,0,0.00,-0.74,Matches
998,Ederson,br BRA,GK,Manchester City,eng Premier League,30,1993,26,2320,89,67.8,25.8,26,89,25,0,,4,2.00,49,26,+23,+0.89,+0.48,Matches
999,Éderson,br BRA,MF,Atalanta,it Serie A,25,1999,37,2881,78,84.2,32.0,32,85,22,5,33,0,2.00,67,31,+36,+1.12,+0.29,Matches
1000,Noah Edjouma,fr FRA,MF,Toulouse,fr Ligue 1,18,2005,10,171,17,5.6,1.9,1,37,0,9,15,9,0.90,6,2,+4,+2.11,+2.20,Matches
1001,George Edmundson,eng ENG,DF,Ipswich Town,eng Premier League,26,1997,1,2,2,0.1,0.0,0,,0,1,2,0,0.00,0,0,0,0.00,+1.21,Matches
1002,Odsonne Édouard,fr FRA,MF,Crystal Palace,eng Premier League,26,1998,2,115,58,3.4,1.3,1,70,0,1,45,0,0.00,1,2,-1,-0.78,-0.81,Matches
1003,Odsonne Édouard,fr FRA,FW,Leicester City,eng Premier League,26,1998,4,29,7,0.8,0.3,0,,0,4,7,3,1.00,0,1,-1,-3.10,-1.88,Matches
1004,Samuel Edozie,eng ENG,"FW,MF",Southampton,eng Premier League,21,2003,2,65,33,1.9,0.7,0,,0,2,33,0,0.00,0,0,0,0.00,+1.61,Matches
1005,Tom Edozie,eng ENG,MF,Wolves,eng Premier League,18,2006,0,,,,,0,,0,0,,1,,,,,,,Matches
1006,Ronnie Edwards,eng ENG,DF,Southampton,eng Premier League,21,2003,1,12,12,0.4,0.1,0,,0,1,12,2,0.00,0,1,-1,-7.50,-5.94,Matches
1007,Johannes Eggestein,de GER,FW,St Pauli,de Bundesliga,26,1998,27,1853,69,60.6,20.6,22,82,3,5,11,5,1.00,16,25,-9,-0.44,-0.14,Matches
1008,Maximilian Eggestein,de GER,MF,Freiburg,de Bundesliga,27,1996,33,2845,86,93.0,31.6,33,86,23,0,,1,1.67,46,50,-4,-0.13,-0.13,Matches
1009,Unai Eguíluz,es ESP,DF,Athletic Club,es La Liga,22,2002,0,,,,,0,,0,0,,3,,,,,,,Matches
1010,Kingsley Ehizibue,nl NED,"MF,DF",Udinese,it Serie A,29,1995,33,2498,76,73.0,27.8,30,81,15,3,23,1,1.15,28,40,-12,-0.43,-0.14,Matches
1011,Vitus Eicher,de GER,GK,Heidenheim,de Bundesliga,33,1990,0,,,,,0,,0,0,,19,,,,,,,Matches
1012,Chidera Ejuke,ng NGA,"MF,FW",Sevilla,es La Liga,26,1998,25,966,39,28.2,10.7,9,72,2,16,20,4,1.04,11,12,-1,-0.09,+0.35,Matches
1013,Jeff Ekhator,it ITA,"FW,MF",Genoa,it Serie A,17,2006,24,769,32,22.5,8.5,6,70,0,18,19,9,1.04,10,11,-1,-0.12,+0.26,Matches
1014,Hugo Ekitike,fr FRA,FW,Eintracht Frankfurt,de Bundesliga,22,2002,33,2563,78,83.8,28.5,31,81,9,2,25,0,1.73,54,36,+18,+0.63,-0.09,Matches
1015,Jurgen Ekkelenkamp,nl NED,MF,Udinese,it Serie A,24,2000,34,1892,56,55.3,21.0,20,76,4,14,26,2,1.21,25,30,-5,-0.24,+0.35,Matches
1016,Jacques Ekomie,ga GAB,"DF,MF",Angers,fr Ligue 1,20,2003,18,697,39,22.8,7.7,7,74,1,11,16,10,0.72,5,10,-5,-0.65,-0.04,Matches
1017,Emmanuel Ekong,se SWE,FW,Empoli,it Serie A,22,2002,15,186,12,5.4,2.1,0,,0,15,12,4,1.07,0,1,-1,-0.48,+0.21,Matches
1018,Caleb Ekuban,gh GHA,FW,Genoa,it Serie A,30,1994,18,555,31,16.2,6.2,3,69,0,15,23,0,1.28,7,8,-1,-0.16,+0.18,Matches
1019,Pierre Ekwah Elimby,fr FRA,MF,Saint-Étienne,fr Ligue 1,22,2002,29,2575,89,84.2,28.6,29,89,25,0,,0,1.00,37,65,-28,-0.98,+0.88,Matches
1020,Anthony Elanga,se SWE,"MF,FW",Nottingham Forest,eng Premier League,22,2002,38,2501,66,73.1,27.8,31,76,12,7,22,0,1.71,45,35,+10,+0.36,+0.16,Matches
1021,Agon Elezi,mk MKD,MF,Bochum,de Bundesliga,23,2001,0,,,,,0,,0,0,,2,,,,,,,Matches
1022,Meschak Elia,cd COD,FW,Nantes,fr Ligue 1,26,1997,8,170,21,5.6,1.9,1,73,0,7,14,4,0.88,3,6,-3,-1.59,-1.28,Matches
1023,Mikael Ellertsson,is ISL,MF,Venezia,it Serie A,22,2002,36,2470,69,72.2,27.4,29,79,11,7,25,1,0.81,25,32,-7,-0.26,+1.36,Matches
1024,Harvey Elliott,eng ENG,MF,Liverpool,eng Premier League,21,2003,18,371,21,10.8,4.1,2,79,1,16,13,12,2.06,11,6,+5,+1.21,+0.03,Matches
1025,Elif Elmas,mk MKD,"MF,FW",Torino,it Serie A,24,1999,13,1021,79,29.9,11.3,12,83,6,1,29,1,1.23,10,13,-3,-0.26,-0.15,Matches
1026,Elif Elmas,mk MKD,"FW,MF",RB Leipzig,de Bundesliga,24,1999,2,44,22,1.4,0.5,0,,0,2,22,10,1.50,0,0,0,0.00,-0.15,Matches
1027,Rodney Elongo-Yombo,de GER,"FW,MF",Dortmund,de Bundesliga,23,2001,0,,,,,0,,0,0,,2,,,,,,,Matches
1028,Aritz Elustondo,es ESP,DF,Real Sociedad,es La Liga,30,1994,22,1457,66,42.6,16.2,16,82,12,6,25,8,1.32,22,23,-1,-0.06,+0.40,Matches
1029,Nico Elvedi,ch SUI,DF,Gladbach,de Bundesliga,27,1996,25,2135,85,69.8,23.7,25,85,22,0,,2,1.28,35,38,-3,-0.13,-0.22,Matches
1030,Adri Embarba,es ESP,"MF,FW",Rayo Vallecano,es La Liga,32,1992,35,1607,46,47.0,17.9,18,69,1,17,22,3,1.43,20,22,-2,-0.11,-0.01,Matches
1031,Breel Embolo,ch SUI,"FW,MF",Monaco,fr Ligue 1,27,1997,29,1841,63,60.2,20.5,19,80,7,10,33,5,1.69,35,23,+12,+0.59,-0.15,Matches
1032,Emanuel Emegha,nl NED,FW,Strasbourg,fr Ligue 1,21,2003,27,2293,85,74.9,25.5,27,85,12,0,,0,2.00,43,23,+20,+0.78,+1.72,Matches
1033,Emerson,br BRA,DF,Milan,it Serie A,25,1999,17,1377,81,40.3,15.3,16,85,10,1,24,3,1.53,23,16,+7,+0.46,-0.03,Matches
1034,Yunus Emre Konak,tr TUR,MF,Brentford,eng Premier League,18,2006,10,42,4,1.2,0.5,0,,0,10,4,26,2.20,1,2,-1,-2.14,-2.41,Matches
1035,Julio Enciso,py PAR,MF,Ipswich Town,eng Premier League,20,2004,13,869,67,25.4,9.7,12,71,2,1,12,0,0.46,9,18,-9,-0.93,+0.37,Matches
1036,Julio Enciso,py PAR,MF,Brighton,eng Premier League,20,2004,12,294,25,8.6,3.3,2,67,0,10,16,7,1.50,3,4,-1,-0.31,-0.54,Matches
1037,Wataru Endo,jp JPN,MF,Liverpool,eng Premier League,31,1993,20,273,14,8.0,3.0,1,68,0,19,11,17,2.50,4,5,-1,-0.33,-1.65,Matches
1038,Endrick,br BRA,FW,Real Madrid,es La Liga,18,2006,22,363,17,10.6,4.0,3,64,0,19,9,15,2.18,6,5,+1,+0.25,-0.90,Matches
1039,Marcel Engelhardt,de GER,GK,Holstein Kiel,de Bundesliga,31,1993,0,,,,,0,,0,0,,7,,,,,,,Matches
1040,Yannik Engelhardt,de GER,"MF,DF",Como,it Serie A,23,2001,26,1164,45,34.0,12.9,11,84,7,15,16,11,1.46,13,22,-9,-0.70,-0.94,Matches
1041,Arne Engels,be BEL,FW,Augsburg,de Bundesliga,20,2003,1,79,79,2.6,0.9,1,79,0,0,,0,1.00,2,2,0,0.00,+0.48,Matches
1042,Christian Eriksen,dk DEN,MF,Manchester Utd,eng Premier League,32,1992,23,1061,46,31.0,11.8,11,80,5,12,15,12,1.13,17,16,+1,+0.08,+0.50,Matches
1043,Martin Erlic,hr CRO,DF,Bologna,it Serie A,26,1998,8,334,42,9.8,3.7,5,59,2,3,13,22,0.88,3,3,0,0.00,-0.29,Matches
1044,Patrick Erras,de GER,DF,Holstein Kiel,de Bundesliga,29,1995,10,832,83,27.2,9.2,10,83,8,0,,0,0.40,8,22,-14,-1.51,-0.83,Matches
1045,Antonio Espigare,es ESP,DF,Villarreal,es La Liga,19,2004,0,,,,,0,,0,0,,3,,,,,,,Matches
1046,Alfonso Espino,uy URU,DF,Rayo Vallecano,es La Liga,32,1992,16,833,52,24.4,9.3,9,76,3,7,22,13,1.25,10,15,-5,-0.54,-0.58,Matches
1047,Mattia Esposito,it ITA,DF,Napoli,it Serie A,18,2006,0,,,,,0,,0,0,,1,,,,,,,Matches
1048,Sebastian Esposito,au AUS,DF,Lecce,it Serie A,19,2005,0,,,,,0,,0,0,,1,,,,,,,Matches
1049,Sebastiano Esposito,it ITA,"FW,MF",Empoli,it Serie A,22,2002,33,2331,71,68.2,25.9,27,80,8,6,27,1,0.79,25,42,-17,-0.66,+0.09,Matches
1050,Romain Esse,eng ENG,MF,Crystal Palace,eng Premier League,19,2005,7,138,20,4.0,1.5,1,80,0,6,10,8,1.57,5,3,+2,+1.30,+1.36,Matches
1051,Samuel Essende,cd COD,FW,Augsburg,de Bundesliga,26,1998,30,1636,55,53.5,18.2,21,67,3,9,25,1,1.30,16,37,-21,-1.16,-1.47,Matches
1052,Dario Essugo,pt POR,MF,Las Palmas,es La Liga,19,2005,27,1938,72,56.7,21.5,25,74,8,2,43,1,0.96,17,28,-11,-0.51,+0.10,Matches
1053,Estanis,es ESP,FW,Bologna,it Serie A,20,2003,1,9,9,0.3,0.1,0,,0,1,9,7,3.00,0,0,0,0.00,-0.26,Matches
1054,Nahuel Estévez,ar ARG,MF,Parma,it Serie A,28,1995,14,657,47,19.2,7.3,7,59,1,7,35,10,1.53,10,10,0,0.00,+0.46,Matches
1055,Pervis Estupiñán,ec ECU,DF,Brighton,eng Premier League,26,1998,30,2402,80,70.2,26.7,26,88,22,4,27,1,1.57,47,44,+3,+0.11,-0.24,Matches
1056,Etienne Eto'o,cm CMR,FW,Rayo Vallecano,es La Liga,21,2002,2,40,20,1.2,0.4,0,,0,2,20,8,0.50,2,1,+1,+2.25,+2.38,Matches
1057,Karl Etta Eyong,cm CMR,FW,Villarreal,es La Liga,20,2003,4,37,9,1.1,0.4,0,,0,4,9,8,2.50,1,1,0,0.00,-0.53,Matches
1058,Evanilson,br BRA,FW,Bournemouth,eng Premier League,24,1999,31,2319,75,67.8,25.8,28,80,7,3,23,1,1.45,34,29,+5,+0.19,-0.38,Matches
1059,Jake Evans,eng ENG,MF,Leicester City,eng Premier League,15,2008,4,24,6,0.7,0.3,0,,0,4,6,1,1.75,0,1,-1,-3.75,-2.53,Matches
1060,Jonny Evans,nir NIR,DF,Manchester Utd,eng Premier League,36,1988,7,315,45,9.2,3.5,3,77,1,4,21,10,2.43,8,2,+6,+1.71,+2.18,Matches
1061,Edu Expósito,es ESP,MF,Espanyol,es La Liga,27,1996,19,1045,55,30.6,11.6,12,75,4,7,20,5,1.11,13,11,+2,+0.17,+0.66,Matches
1062,Julian Eyestone,us USA,GK,Brentford,eng Premier League,18,2006,0,,,,,0,,0,0,,1,,,,,,,Matches
1063,Eberechi Eze,eng ENG,MF,Crystal Palace,eng Premier League,26,1998,34,2588,76,75.7,28.8,31,81,13,3,28,0,1.50,39,34,+5,+0.17,+0.71,Matches
1064,Abde Ezzalzouli,ma MAR,MF,Real Betis,es La Liga,22,2001,32,1984,62,58.0,22.0,23,75,2,9,28,1,1.47,31,31,0,0.00,-0.44,Matches
1065,Giovanni Fabbian,it ITA,MF,Bologna,it Serie A,21,2003,30,1023,34,29.9,11.4,9,64,1,21,21,8,1.57,17,18,-1,-0.09,-0.50,Matches
1066,Łukasz Fabiański,pl POL,GK,West Ham United,eng Premier League,39,1985,14,1160,83,33.9,12.9,13,86,12,1,45,21,1.50,17,21,-4,-0.31,+0.17,Matches
1067,Alieu Fadera,gm GAM,MF,Como,it Serie A,22,2001,28,1644,59,48.1,18.3,20,77,6,8,14,6,1.32,25,24,+1,+0.05,+0.26,Matches
1068,Wout Faes,be BEL,DF,Leicester City,eng Premier League,26,1998,34,2815,83,82.3,31.3,30,90,30,4,29,1,0.71,29,63,-34,-1.09,+0.85,Matches
1069,Nicolò Fagioli,it ITA,MF,Fiorentina,it Serie A,23,2001,15,962,64,28.1,10.7,10,84,5,5,25,0,1.53,16,14,+2,+0.19,-0.44,Matches
1070,Nicolò Fagioli,it ITA,MF,Juventus,it Serie A,23,2001,17,571,34,16.7,6.3,5,74,2,12,17,6,1.71,13,9,+4,+0.63,+0.03,Matches
1071,Romain Faivre,fr FRA,"MF,FW",Brest,fr Ligue 1,26,1998,20,899,45,29.4,10.0,10,71,0,10,19,4,1.40,16,15,+1,+0.10,+0.43,Matches
1072,Wladimiro Falcone,it ITA,GK,Lecce,it Serie A,29,1995,38,3420,90,100.0,38.0,38,90,38,0,,0,0.89,27,58,-31,-0.82,,Matches
1073,Darius Fălcușan,ro ROU,DF,Empoli,it Serie A,18,2006,0,,,,,0,,0,0,,2,,,,,,,Matches
1074,Cheikh Fall,sn SEN,MF,Saint-Étienne,fr Ligue 1,20,2004,0,,,,,0,,0,0,,3,,,,,,,Matches
1075,Davide Faraoni,it ITA,"MF,DF",Hellas Verona,it Serie A,32,1991,8,260,33,7.6,2.9,3,66,0,5,13,24,1.33,4,5,-1,-0.35,+0.54,Matches
1076,Landry Farré,es ESP,DF,Barcelona,es La Liga,17,2007,0,,,,,0,,0,0,,1,,,,,,,Matches
1077,Abdul Fatawu Issahaku,gh GHA,"MF,FW",Leicester City,eng Premier League,20,2004,11,579,53,16.9,6.4,6,86,5,5,12,0,0.91,7,14,-7,-1.09,+0.18,Matches
1078,Ansu Fati,es ESP,MF,Barcelona,es La Liga,21,2002,6,233,39,6.8,2.6,3,60,0,3,17,17,2.50,4,1,+3,+1.16,-0.54,Matches
1079,Khalil Fayad,fr FRA,"MF,FW",Montpellier,fr Ligue 1,20,2004,20,1028,51,33.6,11.4,10,76,4,10,27,1,0.50,8,29,-21,-1.84,-0.29,Matches
1080,Jacopo Fazzini,it ITA,MF,Empoli,it Serie A,21,2003,20,1383,69,40.4,15.4,16,80,6,4,25,2,0.75,17,25,-8,-0.52,+0.27,Matches
1081,Nabil Fekir,fr FRA,MF,Real Betis,es La Liga,31,1993,2,180,90,5.3,2.0,2,90,2,0,,0,1.00,1,1,0,0.00,-0.19,Matches
1082,Mattia Felici,it ITA,MF,Cagliari,it Serie A,23,2001,20,925,46,27.0,10.3,9,71,1,11,26,17,0.85,10,13,-3,-0.29,+0.18,Matches
1083,Luiz Felipe,it ITA,DF,Marseille,fr Ligue 1,27,1997,4,122,31,4.0,1.4,2,54,0,2,8,6,2.25,5,3,+2,+1.48,+0.71,Matches
1084,João Félix,pt POR,MF,Chelsea,eng Premier League,24,1999,12,369,31,10.8,4.1,3,75,1,9,16,8,2.25,10,4,+6,+1.46,+1.02,Matches
1085,João Félix,pt POR,MF,Milan,it Serie A,24,1999,15,760,51,22.2,8.4,8,73,1,7,25,1,1.67,19,8,+11,+1.30,+1.07,Matches
1086,Frank Feller,de GER,GK,Heidenheim,de Bundesliga,20,2004,2,121,61,4.0,1.3,1,90,1,1,31,14,2.00,3,0,+3,+2.23,+3.15,Matches
1087,Kiko Femenía,es ESP,DF,Villarreal,es La Liga,33,1991,28,2227,80,65.1,24.7,27,82,21,1,24,2,1.86,40,34,+6,+0.24,-0.81,Matches
1088,Noah Fenyő,hu HUN,MF,Eintracht Frankfurt,de Bundesliga,18,2006,0,,,,,0,,0,0,,1,,,,,,,Matches
1089,William Feola,it ITA,DF,Como,it Serie A,18,2006,0,,,,,0,,0,0,,2,,,,,,,Matches
1090,Evan Ferguson,ie IRL,FW,West Ham United,eng Premier League,19,2004,8,156,20,4.6,1.7,1,45,0,7,16,4,1.13,0,2,-2,-1.15,-0.77,Matches
1091,Evan Ferguson,ie IRL,FW,Brighton,eng Premier League,19,2004,13,246,19,7.2,2.7,2,65,0,11,11,2,0.92,4,7,-3,-1.10,-1.38,Matches
1092,Lewis Ferguson,sct SCO,MF,Bologna,it Serie A,24,1999,16,983,61,28.7,10.9,10,84,8,6,25,9,1.94,22,12,+10,+0.92,+0.92,Matches
1093,Zinedine Ferhat,dz ALG,MF,Angers,fr Ligue 1,31,1993,24,849,35,27.7,9.4,8,67,3,16,20,2,0.96,8,17,-9,-0.95,-0.47,Matches
1094,Bruno Fernandes,pt POR,MF,Manchester Utd,eng Premier League,29,1994,36,3018,84,88.2,33.5,35,85,28,1,32,1,1.17,41,43,-2,-0.06,+1.73,Matches
1095,Edimilson Fernandes,ch SUI,"MF,DF",Brest,fr Ligue 1,28,1996,19,1105,58,36.1,12.3,12,81,8,7,20,8,1.42,21,28,-7,-0.57,-0.57,Matches
1096,Guilherme Fernandes,pt POR,GK,Real Betis,es La Liga,23,2001,0,,,,,0,,0,0,,11,,,,,,,Matches
1097,Mateus Fernandes,pt POR,MF,Southampton,eng Premier League,20,2004,36,2909,81,85.1,32.3,34,84,19,2,30,0,0.33,25,66,-41,-1.27,+2.08,Matches
1098,Rafael Fernandes,pt POR,DF,Lille,fr Ligue 1,22,2002,0,,,,,0,,0,0,,1,,,,,,,Matches
1099,Aitor Fernández,es ESP,GK,Osasuna,es La Liga,33,1991,1,90,90,2.6,1.0,1,90,1,0,,37,1.00,0,0,0,0.00,+0.11,Matches
1100,Álvaro Fernández,es ESP,GK,Sevilla,es La Liga,26,1998,9,747,83,21.8,8.3,8,90,8,1,27,29,1.11,10,16,-6,-0.72,-0.49,Matches
1101,César Fernández,es ESP,GK,Celta Vigo,es La Liga,20,2004,0,,,,,0,,0,0,,4,,,,,,,Matches
1102,Enzo Fernández,ar ARG,MF,Chelsea,eng Premier League,23,2001,36,2947,82,86.2,32.7,32,89,26,4,25,0,1.75,56,37,+19,+0.58,+0.20,Matches
1103,Guillermo Fernandez,es ESP,MF,Barcelona,es La Liga,16,2008,0,,,,,0,,0,0,,6,,,,,,,Matches
1104,Marcos Fernández,es ESP,FW,Real Betis,es La Liga,21,2003,0,,,,,0,,0,0,,1,,,,,,,Matches
1105,Pelayo Fernandez,es ESP,DF,Rayo Vallecano,es La Liga,21,2003,2,98,49,2.9,1.1,1,90,1,1,8,23,3.00,2,0,+2,+1.84,+2.00,Matches
1106,Rafa Fernández,es ESP,GK,Osasuna,es La Liga,20,2004,0,,,,,0,,0,0,,1,,,,,,,Matches
1107,Roberto Férnandez,es ESP,FW,Espanyol,es La Liga,22,2002,19,1497,79,43.8,16.6,18,82,5,1,28,0,1.37,17,16,+1,+0.06,+0.62,Matches
1108,Toni Fernández,es ESP,MF,Barcelona,es La Liga,16,2008,0,,,,,0,,0,0,,3,,,,,,,Matches
1109,Valery Fernández,es ESP,MF,Mallorca,es La Liga,24,1999,18,309,17,9.0,3.4,1,66,0,17,14,12,1.56,11,5,+6,+1.75,+2.18,Matches
1110,Matias Fernandez-Pardo,be BEL,"MF,FW",Lille,fr Ligue 1,19,2005,22,1065,48,34.8,11.8,12,71,2,10,21,3,1.82,19,12,+7,+0.59,+0.19,Matches
1111,André Ferreira,pt POR,GK,Valladolid,es La Liga,28,1996,6,540,90,15.8,6.0,6,90,6,0,,27,0.00,7,20,-13,-2.17,-0.57,Matches
1112,Diego Ferrer,es ESP,GK,Getafe,es La Liga,17,2007,0,,,,,0,,0,0,,2,,,,,,,Matches
1113,Jordan Ferri,fr FRA,MF,Montpellier,fr Ligue 1,32,1992,25,1773,71,57.9,19.7,21,79,9,4,29,1,0.28,11,48,-37,-1.88,-0.55,Matches
1114,Daniel Fila,cz CZE,FW,Venezia,it Serie A,21,2002,10,492,49,14.4,5.5,6,68,0,4,22,4,0.70,3,6,-3,-0.55,+0.10,Matches
1115,Karol Fila,pl POL,DF,Strasbourg,fr Ligue 1,26,1998,1,5,5,0.2,0.1,0,,0,1,5,1,1.00,0,0,0,0.00,-0.35,Matches
1116,Seydou Fini,it ITA,FW,Genoa,it Serie A,18,2006,0,,,,,0,,0,0,,1,,,,,,,Matches
1117,Kilian Fischer,de GER,DF,Wolfsburg,de Bundesliga,23,2000,32,2297,72,75.1,25.5,29,78,12,3,15,0,1.22,36,46,-10,-0.39,-1.81,Matches
1118,Jayce Fitzgerald,eng ENG,MF,Manchester Utd,eng Premier League,17,2007,0,,,,,0,,0,0,,1,,,,,,,Matches
1119,Mark Flekken,nl NED,GK,Brentford,eng Premier League,31,1993,37,3275,89,95.8,36.4,37,89,36,0,,0,1.51,66,55,+11,+0.30,+1.54,Matches
1120,Jack Fletcher,eng ENG,MF,Manchester Utd,eng Premier League,17,2007,0,,,,,0,,0,0,,5,,,,,,,Matches
1121,Alessandro Florenzi,it ITA,"DF,FW",Milan,it Serie A,33,1991,1,5,5,0.1,0.1,0,,0,1,5,10,3.00,0,0,0,0.00,-0.47,Matches
1122,Mateo Flores,es ESP,MF,Real Betis,es La Liga,20,2004,6,153,26,4.5,1.7,1,75,0,5,16,15,1.17,2,3,-1,-0.59,-0.81,Matches
1123,Phil Foden,eng ENG,"MF,FW",Manchester City,eng Premier League,24,2000,28,1777,63,52.0,19.7,20,81,10,8,20,5,1.54,30,24,+6,+0.30,-0.90,Matches
1124,Wes Foderingham,eng ENG,GK,West Ham United,eng Premier League,33,1991,0,,,,,0,,0,0,,9,,,,,,,Matches
1125,Malick Fofana,be BEL,"FW,MF",Lyon,fr Ligue 1,19,2005,29,1589,55,51.9,17.7,16,82,6,13,21,0,1.72,36,19,+17,+0.96,+0.84,Matches
1126,Rayan Fofana,fr FRA,MF,Lens,fr Ligue 1,18,2006,2,25,13,0.8,0.3,0,,0,2,13,1,1.50,1,0,+1,+3.60,+3.54,Matches
1127,Seko Fofana,ci CIV,MF,Rennes,fr Ligue 1,29,1995,16,844,53,27.6,9.4,9,71,2,7,29,1,1.31,15,16,-1,-0.11,-0.19,Matches
1128,Wesley Fofana,fr FRA,DF,Chelsea,eng Premier League,23,2000,14,1172,84,34.3,13.0,14,84,10,0,,1,2.00,25,13,+12,+0.92,+0.56,Matches
1129,Yahia Fofana,ci CIV,GK,Angers,fr Ligue 1,23,2000,33,2970,90,97.1,33.0,33,90,33,0,,1,1.09,32,51,-19,-0.58,+1.42,Matches
1130,Youssouf Fofana,fr FRA,MF,Milan,it Serie A,25,1999,35,2504,72,73.2,27.8,29,81,18,6,28,0,1.66,39,29,+10,+0.36,-0.43,Matches
1131,Jonas Föhrenbach,de GER,"DF,MF",Heidenheim,de Bundesliga,28,1996,27,1832,68,59.9,20.4,22,80,17,5,13,6,0.74,24,45,-21,-1.03,-0.59,Matches
1132,Michael Folorunsho,it ITA,MF,Fiorentina,it Serie A,26,1998,14,650,46,19.0,7.2,6,83,3,8,19,1,1.50,9,6,+3,+0.42,-0.10,Matches
1133,Michael Folorunsho,it ITA,"FW,MF",Napoli,it Serie A,26,1998,6,35,6,1.0,0.4,0,,0,6,6,5,2.17,0,0,0,0.00,-0.85,Matches
1134,Lamine Fomba,fr FRA,MF,Saint-Étienne,fr Ligue 1,26,1998,7,217,31,7.1,2.4,3,62,0,4,8,21,0.43,1,4,-3,-1.24,-0.14,Matches
1135,Alessandro Fontanarosa,it ITA,DF,Inter,it Serie A,21,2003,0,,,,,0,,0,0,,2,,,,,,,Matches
1136,Carlos Forbs,pt POR,MF,Wolves,eng Premier League,20,2004,10,239,24,7.0,2.7,1,67,0,9,19,17,0.80,6,9,-3,-1.13,-0.79,Matches
1137,Pablo Fornals,es ESP,MF,Real Betis,es La Liga,28,1996,26,1827,70,53.4,20.3,22,78,7,4,28,2,1.54,26,24,+2,+0.10,-0.18,Matches
1138,Omari Forson,eng ENG,FW,Monza,it Serie A,20,2004,9,223,25,6.5,2.5,1,64,0,8,20,22,0.33,1,4,-3,-1.21,-0.14,Matches
1139,Fraser Forster,eng ENG,GK,Tottenham Hotspur,eng Premier League,36,1988,7,630,90,18.4,7.0,7,90,7,0,,11,0.71,14,15,-1,-0.14,-0.14,Matches
1140,Héctor Fort,es ESP,DF,Barcelona,es La Liga,17,2006,17,585,34,17.1,6.5,5,75,1,12,18,19,2.24,17,8,+9,+1.38,-0.33,Matches
1141,Niccolò Fortini,it ITA,MF,Fiorentina,it Serie A,18,2006,0,,,,,0,,0,0,,2,,,,,,,Matches
1142,Fortuño,es ESP,GK,Espanyol,es La Liga,22,2001,0,,,,,0,,0,0,,38,,,,,,,Matches
1143,Dimitri Foulquier,fr FRA,DF,Valencia,es La Liga,31,1993,32,2299,72,67.2,25.5,25,86,20,7,21,1,1.22,32,40,-8,-0.31,-0.15,Matches
1144,Juan Foyth,ar ARG,DF,Villarreal,es La Liga,26,1998,19,1517,80,44.4,16.9,17,88,15,2,13,2,2.11,34,14,+20,+1.19,+1.19,Matches
1145,Aitor Fraga,es ESP,GK,Real Sociedad,es La Liga,21,2003,0,,,,,0,,0,0,,11,,,,,,,Matches
1146,Fran,es ESP,GK,Real Madrid,es La Liga,19,2005,1,90,90,2.6,1.0,1,90,1,0,,24,0.00,1,2,-1,-1.00,-2.11,Matches
1147,Matheus França,br BRA,FW,Crystal Palace,eng Premier League,20,2004,4,55,14,1.6,0.6,0,,0,4,14,7,1.25,2,0,+2,+3.27,+3.33,Matches
1148,Alejandro Francés,es ESP,DF,Girona,es La Liga,21,2002,18,1173,65,34.3,13.0,13,80,7,5,26,18,0.89,13,26,-13,-1.00,-0.88,Matches
1149,Przemysław Frankowski,pl POL,"MF,DF",Lens,fr Ligue 1,29,1995,18,1387,77,45.3,15.4,16,85,12,2,14,2,1.67,22,15,+7,+0.45,+0.67,Matches
1150,Enric Franquesa,es ESP,"MF,DF",Leganés,es La Liga,27,1997,12,616,51,18.0,6.8,7,76,4,5,17,1,1.08,9,10,-1,-0.15,+0.37,Matches
1151,Ryan Fraser,sct SCO,"MF,DF",Southampton,eng Premier League,30,1994,8,306,38,8.9,3.4,4,60,0,4,17,5,0.25,4,10,-6,-1.76,-0.20,Matches
1152,Davide Frattesi,it ITA,MF,Inter,it Serie A,24,1999,28,1225,44,35.8,13.6,9,83,5,19,25,8,2.07,25,16,+9,+0.66,-0.77,Matches
1153,Benjamin Fredrick,ng NGA,DF,Brentford,eng Premier League,19,2005,0,,,,,0,,0,0,,2,,,,,,,Matches
1154,Tyler Fredricson,eng ENG,DF,Manchester Utd,eng Premier League,19,2005,2,165,83,4.8,1.8,2,83,1,0,,6,0.00,1,5,-4,-2.18,-2.02,Matches
1155,Morten Frendrup,dk DEN,MF,Genoa,it Serie A,23,2001,35,3103,89,90.7,34.5,35,89,31,0,,1,1.11,31,42,-11,-0.32,-0.04,Matches
1156,Martin Frese,dk DEN,"DF,MF",Hellas Verona,it Serie A,26,1998,11,549,50,16.1,6.1,5,83,4,6,22,3,1.09,7,7,0,0.00,+1.00,Matches
1157,Remo Freuler,ch SUI,MF,Bologna,it Serie A,32,1992,37,3204,87,93.7,35.6,37,87,27,0,,0,1.59,52,44,+8,+0.22,-0.61,Matches
1158,Marco Friedl,at AUT,DF,Werder Bremen,de Bundesliga,26,1998,26,2161,83,70.6,24.0,25,86,20,1,9,0,1.69,38,26,+12,+0.50,+2.00,Matches
1159,Marvin Friedrich,de GER,DF,Gladbach,de Bundesliga,28,1995,22,989,45,32.3,11.0,9,90,9,13,14,9,1.73,18,15,+3,+0.27,+0.49,Matches
1160,Jeremie Frimpong,nl NED,MF,Leverkusen,de Bundesliga,23,2000,33,2314,70,75.6,25.7,25,84,10,8,28,1,2.06,53,33,+20,+0.78,-0.31,Matches
1161,Christian Früchtl,de GER,GK,Lecce,it Serie A,24,2000,0,,,,,0,,0,0,,38,,,,,,,Matches
1162,Jorge de Frutos,es ESP,"MF,FW",Rayo Vallecano,es La Liga,27,1997,36,2495,69,73.0,27.7,30,76,6,6,37,0,1.42,35,30,+5,+0.18,+1.06,Matches
1163,Darío Fuentes,es ESP,DF,Sevilla,es La Liga,21,2003,1,5,5,0.1,0.1,0,,0,1,5,0,3.00,0,0,0,0.00,+0.34,Matches
1164,Jon Fuentes,es ESP,MF,Osasuna,es La Liga,21,2003,0,,,,,0,,0,0,,1,,,,,,,Matches
1165,Chris Führich,de GER,MF,Stuttgart,de Bundesliga,26,1998,33,1981,60,64.7,22.0,23,76,5,10,24,0,1.52,39,29,+10,+0.45,+0.37,Matches
1166,Shiō Fukuda,jp JPN,FW,Gladbach,de Bundesliga,20,2004,6,60,10,2.0,0.7,0,,0,6,10,18,0.00,2,4,-2,-3.00,-3.00,Matches
1167,Angelo Fulgini,nc NCL,MF,Lens,fr Ligue 1,27,1996,23,1045,45,34.2,11.6,11,71,1,12,22,6,1.48,16,13,+3,+0.26,+0.26,Matches
1168,Niclas Füllkrug,de GER,FW,West Ham United,eng Premier League,31,1993,18,790,44,23.1,8.8,6,74,1,12,29,1,0.94,16,18,-2,-0.23,+0.25,Matches
1169,Alessio Furlanetto,it ITA,GK,Lazio,it Serie A,22,2002,0,,,,,0,,0,0,,38,,,,,,,Matches
1170,Kyogo Furuhashi,jp JPN,FW,Rennes,fr Ligue 1,29,1995,6,123,21,4.0,1.4,1,65,0,5,12,6,1.50,2,4,-2,-1.46,-1.56,Matches
1171,Manuel Fuster,es ESP,"MF,FW",Las Palmas,es La Liga,26,1997,28,1003,36,29.3,11.1,8,69,2,20,23,10,0.61,13,20,-7,-0.63,-0.11,Matches
1172,Matteo Gabbia,it ITA,DF,Milan,it Serie A,24,1999,26,2152,83,62.9,23.9,24,88,20,2,15,8,1.88,42,22,+20,+0.84,+0.98,Matches
1173,Tommaso Gabellini,it ITA,FW,Torino,it Serie A,17,2006,1,10,10,0.3,0.1,0,,0,1,10,5,0.00,0,0,0,0.00,+0.16,Matches
1174,Tiago Gabriel,pt POR,DF,Lecce,it Serie A,19,2004,2,96,48,2.8,1.1,0,,0,2,48,14,0.50,1,1,0,0.00,+0.84,Matches
1175,Alessandro Gabrielloni,it ITA,FW,Como,it Serie A,30,1994,15,142,9,4.2,1.6,0,,0,15,9,14,1.13,4,3,+1,+0.63,+0.74,Matches
1176,Gianluca Gaetano,it ITA,"MF,FW",Cagliari,it Serie A,24,2000,28,1009,36,29.5,11.2,8,61,0,20,26,6,0.93,18,11,+7,+0.62,+1.48,Matches
1177,Gianluca Gaetano,it ITA,MF,Napoli,it Serie A,24,2000,0,,,,,0,,0,0,,1,,,,,,,Matches
1178,Roberto Gagliardini,it ITA,MF,Monza,it Serie A,30,1994,8,180,23,5.3,2.0,0,,0,8,23,1,0.75,0,3,-3,-1.50,-0.44,Matches
1179,Cody Gakpo,nl NED,MF,Liverpool,eng Premier League,25,1999,35,1935,55,56.6,21.5,23,73,6,12,21,0,2.20,45,25,+20,+0.93,-0.58,Matches
1180,Javi Galán,es ESP,DF,Atlético Madrid,es La Liga,29,1994,25,1784,71,52.2,19.8,21,78,11,4,38,11,2.00,38,14,+24,+1.21,+0.44,Matches
1181,Iñigo Ruiz de Galarreta,es ESP,MF,Athletic Club,es La Liga,30,1993,26,1477,57,43.2,16.4,18,70,0,8,28,1,2.19,28,11,+17,+1.04,+0.67,Matches
1182,Conor Gallagher,eng ENG,MF,Atlético Madrid,es La Liga,24,2000,32,1633,51,47.7,18.1,19,68,4,13,26,5,2.00,34,19,+15,+0.83,-0.33,Matches
1183,Antonino Gallo,it ITA,DF,Lecce,it Serie A,24,2000,31,2609,84,76.3,29.0,31,84,24,0,,1,0.90,17,34,-17,-0.59,+0.97,Matches
1184,Gauthier Gallon,fr FRA,GK,Rennes,fr Ligue 1,31,1993,1,45,45,1.5,0.5,0,,0,1,45,16,0.00,0,0,0,0.00,-0.03,Matches
1185,Cristian Gamboa,cr CRC,MF,Bochum,de Bundesliga,34,1989,12,226,19,7.4,2.5,1,45,0,11,16,18,0.75,3,10,-7,-2.79,-1.93,Matches
1186,Idrissa Gana Gueye,sn SEN,MF,Everton,eng Premier League,34,1989,37,3063,83,89.6,34.0,35,86,25,2,21,0,1.27,37,39,-2,-0.06,-0.06,Matches
1187,Ignatius Ganago,cm CMR,MF,Nantes,fr Ligue 1,25,1999,11,241,22,7.9,2.7,1,82,0,10,16,1,0.36,3,7,-4,-1.49,-1.21,Matches
1188,Ismaëlo Ganiou,fr FRA,DF,Lens,fr Ligue 1,19,2005,0,,,,,0,,0,0,,1,,,,,,,Matches
1189,Silvère Ganvoula M'Boussy,cg CGO,FW,Monza,it Serie A,28,1996,7,326,47,9.5,3.6,4,67,1,3,19,3,0.14,1,10,-9,-2.48,-1.55,Matches
1190,Facundo Garcés,my MAS,DF,Alavés,es La Liga,24,1999,10,678,68,19.8,7.5,7,90,7,3,16,10,1.70,5,5,0,0.00,+0.33,Matches
1191,Aleix García,es ESP,MF,Leverkusen,de Bundesliga,27,1997,28,1455,52,47.5,16.2,17,78,9,11,12,6,2.11,31,27,+4,+0.25,-1.15,Matches
1192,Álvaro García,es ESP,"MF,FW",Rayo Vallecano,es La Liga,31,1992,36,2559,71,74.8,28.4,28,83,14,8,30,0,1.33,28,33,-5,-0.18,-0.28,Matches
1193,Andrés García,es ESP,"DF,MF",Aston Villa,eng Premier League,21,2003,7,318,45,9.3,3.5,5,58,1,2,14,9,1.57,7,5,+2,+0.57,+0.42,Matches
1194,Enric García,es ESP,MF,Girona,es La Liga,18,2006,0,,,,,0,,0,0,,2,,,,,,,Matches
1195,Eric García,es ESP,"DF,MF",Barcelona,es La Liga,23,2001,29,1566,54,45.8,17.4,14,85,9,15,25,3,2.52,53,16,+37,+2.13,+0.86,Matches
1196,Fran Garcia,es ESP,DF,Real Madrid,es La Liga,24,1999,31,2171,70,63.5,24.1,24,87,19,7,13,7,2.10,54,23,+31,+1.29,+0.64,Matches
1197,Germán García,es ESP,GK,Real Betis,es La Liga,20,2004,0,,,,,0,,0,0,,6,,,,,,,Matches
1198,Gonzalo García,es ESP,MF,Real Madrid,es La Liga,20,2004,3,56,19,1.6,0.6,0,,0,3,19,3,3.00,4,0,+4,+6.43,+5.47,Matches
1199,Jastin García,es ESP,FW,Girona,es La Liga,20,2004,0,,,,,0,,0,0,,5,,,,,,,Matches
1200,Joan García,es ESP,GK,Espanyol,es La Liga,23,2001,38,3420,90,100.0,38.0,38,90,38,0,,0,1.11,40,51,-11,-0.29,,Matches
1201,Lucas García,es ESP,GK,Girona,es La Liga,20,2004,0,,,,,0,,0,0,,4,,,,,,,Matches
1202,Naim García,es ESP,MF,Leganés,es La Liga,22,2002,0,,,,,0,,0,0,,7,,,,,,,Matches
1203,Pablo Garcia,es ESP,FW,Real Betis,es La Liga,18,2006,3,38,13,1.1,0.4,0,,0,3,13,4,1.67,1,0,+1,+2.37,+2.21,Matches
1204,Rubén García,es ESP,"FW,MF",Osasuna,es La Liga,31,1993,36,2413,67,70.6,26.8,30,75,4,6,27,0,1.28,34,32,+2,+0.07,+0.61,Matches
1205,Ulisses Garcia,ch SUI,"DF,MF",Marseille,fr Ligue 1,28,1996,20,930,47,30.4,10.3,10,77,2,10,16,6,1.95,26,13,+13,+1.26,+0.67,Matches
1206,Unai García,es ESP,DF,Osasuna,es La Liga,32,1992,3,65,22,1.9,0.7,1,60,0,2,3,34,1.33,0,4,-4,-5.54,-5.54,Matches
1207,Alejandro Garnacho,ar ARG,MF,Manchester Utd,eng Premier League,20,2004,36,2199,61,64.3,24.4,23,81,14,13,26,0,1.00,26,36,-10,-0.41,-0.41,Matches
1208,James Garner,eng ENG,"MF,DF",Everton,eng Premier League,23,2001,21,1594,76,46.6,17.7,17,87,11,4,28,1,1.57,21,19,+2,+0.11,+0.31,Matches
1209,Yarek Gasiorowski,es ESP,DF,Valencia,es La Liga,19,2005,15,947,63,27.7,10.5,9,88,5,6,26,23,0.93,11,22,-11,-1.05,-1.08,Matches
1210,Oier Gastesi,es ESP,GK,Athletic Club,es La Liga,20,2003,0,,,,,0,,0,0,,3,,,,,,,Matches
1211,Federico Gatti,it ITA,DF,Juventus,it Serie A,26,1998,30,2195,73,64.2,24.4,26,83,18,4,10,3,1.83,35,19,+16,+0.66,+0.14,Matches
1212,Joe Gauci,au AUS,GK,Aston Villa,eng Premier League,24,2000,0,,,,,0,,0,0,,10,,,,,,,Matches
1213,Antoine Gauthier,fr FRA,MF,Saint-Étienne,fr Ligue 1,20,2004,0,,,,,0,,0,0,,2,,,,,,,Matches
1214,Gavi,es ESP,MF,Barcelona,es La Liga,19,2004,26,1085,42,31.7,12.1,14,69,4,12,10,3,2.12,27,12,+15,+1.24,-0.61,Matches
1215,Yacine Gaya,dz ALG,DF,Angers,fr Ligue 1,19,2004,0,,,,,0,,0,0,,3,,,,,,,Matches
1216,Paulo Gazzaniga,ar ARG,GK,Girona,es La Liga,32,1992,36,3195,89,93.4,35.5,36,89,35,0,,2,1.14,41,51,-10,-0.28,+2.12,Matches
1217,Jean-Philippe Gbamin,ci CIV,MF,Nantes,fr Ligue 1,28,1995,14,216,15,7.1,2.4,2,66,0,12,7,3,0.93,1,6,-5,-2.08,-1.83,Matches
1218,Mory Gbane,ci CIV,"DF,MF",Reims,fr Ligue 1,23,2000,13,1125,87,36.8,12.5,13,87,12,0,,0,0.62,6,18,-12,-0.96,-0.87,Matches
1219,Yann Gboho,fr FRA,"MF,FW",Toulouse,fr Ligue 1,23,2001,31,2333,75,76.2,25.9,27,83,14,4,25,0,1.23,31,33,-2,-0.08,-0.45,Matches
1220,David de Gea,es ESP,GK,Fiorentina,it Serie A,33,1990,35,3150,90,92.1,35.0,35,90,35,0,,3,1.77,57,38,+19,+0.54,+0.54,Matches
1221,Viggo Gebel,de GER,MF,RB Leipzig,de Bundesliga,16,2007,1,14,14,0.5,0.2,0,,0,1,14,15,0.00,1,1,0,0.00,-0.15,Matches
1222,Lutsharel Geertruida,nl NED,DF,RB Leipzig,de Bundesliga,24,2000,24,1557,65,50.9,17.3,17,82,11,7,22,7,1.50,26,27,-1,-0.06,-0.42,Matches
1223,Dennis Geiger,de GER,MF,Hoffenheim,de Bundesliga,26,1998,20,734,37,24.0,8.2,7,74,2,13,16,5,0.75,9,23,-14,-1.72,-1.41,Matches
1224,Valentin Gendrey,fr FRA,"DF,MF",Hoffenheim,de Bundesliga,24,2000,22,1414,64,46.2,15.7,14,82,8,8,34,2,0.77,19,25,-6,-0.38,+0.49,Matches
1225,Valentin Gendrey,fr FRA,DF,Lecce,it Serie A,24,2000,2,180,90,5.3,2.0,2,90,2,0,,0,0.00,0,6,-6,-3.00,-2.31,Matches
1226,Denis Genreau,au AUS,MF,Toulouse,fr Ligue 1,25,1999,8,222,28,7.3,2.5,2,80,0,6,11,8,1.38,1,2,-1,-0.41,-0.47,Matches
1227,Tyrique George,eng ENG,FW,Chelsea,eng Premier League,18,2006,8,183,23,5.4,2.0,1,80,0,7,15,11,2.25,4,0,+4,+1.97,+1.49,Matches
1228,Yannick Gerhardt,de GER,"MF,DF",Wolfsburg,de Bundesliga,30,1994,29,1518,52,49.6,16.9,15,81,11,14,22,2,1.41,28,27,+1,+0.06,0.00,Matches
1229,Max Geschwill,de GER,DF,Holstein Kiel,de Bundesliga,23,2001,19,1282,67,41.9,14.2,13,84,8,6,31,10,0.74,17,33,-16,-1.12,-0.36,Matches
1230,Daniele Ghilardi,it ITA,DF,Hellas Verona,it Serie A,21,2003,24,2029,85,59.3,22.5,21,90,19,3,49,11,1.04,18,34,-16,-0.71,+0.33,Matches
1231,Lautaro Gianetti,ar ARG,DF,Udinese,it Serie A,30,1993,15,878,59,25.7,9.8,11,76,5,4,11,14,1.40,10,17,-7,-0.72,-0.43,Matches
1232,Dimitris Giannoulis,gr GRE,MF,Augsburg,de Bundesliga,28,1995,31,2650,85,86.6,29.4,31,85,25,0,,0,1.23,31,46,-15,-0.51,-0.29,Matches
1233,Morgan Gibbs-White,eng ENG,MF,Nottingham Forest,eng Premier League,24,2000,34,2803,82,82.0,31.1,34,82,13,0,,0,1.74,49,34,+15,+0.48,+0.92,Matches
1234,Samuel Gigot,fr FRA,DF,Lazio,it Serie A,30,1993,15,683,46,20.0,7.6,7,81,4,8,14,18,2.27,17,5,+12,+1.58,+1.58,Matches
1235,Armin Gigovic,ba BIH,MF,Holstein Kiel,de Bundesliga,22,2002,31,1895,61,61.9,21.1,23,73,3,8,28,2,0.81,33,44,-11,-0.52,+1.02,Matches
1236,Álex Gil,es ESP,MF,Leganés,es La Liga,21,2003,0,,,,,0,,0,0,,1,,,,,,,Matches
1237,Bryan Gil,es ESP,"MF,FW",Girona,es La Liga,23,2001,25,1721,69,50.3,19.1,21,78,4,4,22,0,1.32,29,31,-2,-0.10,+0.64,Matches
1238,Iván Gil,es ESP,MF,Las Palmas,es La Liga,24,2000,0,,,,,0,,0,0,,12,,,,,,,Matches
1239,Javier Gil,es ESP,DF,Juventus,it Serie A,18,2006,0,,,,,0,,0,0,,3,,,,,,,Matches
1240,Mario Gila,es ESP,DF,Lazio,it Serie A,23,2000,32,2741,86,80.1,30.5,31,88,28,1,21,2,1.81,49,35,+14,+0.46,+0.72,Matches
1241,Billy Gilmour,sct SCO,MF,Brighton,eng Premier League,23,2001,2,98,49,2.9,1.1,1,89,0,1,9,0,3.00,2,1,+1,+0.92,+0.76,Matches
1242,Billy Gilmour,sct SCO,MF,Napoli,it Serie A,23,2001,26,1177,45,34.4,13.1,13,76,4,13,15,9,2.15,16,8,+8,+0.61,-0.35,Matches
1243,Benedikt Gimber,de GER,DF,Heidenheim,de Bundesliga,27,1997,32,2671,83,87.3,29.7,32,83,23,0,,1,0.91,34,55,-21,-0.71,+0.68,Matches
1244,Santiago Giménez,mx MEX,FW,Milan,it Serie A,23,2001,14,669,48,19.6,7.4,7,69,1,7,27,0,1.57,15,9,+6,+0.81,+0.41,Matches
1245,Gvidas Gineitis,lt LTU,MF,Torino,it Serie A,20,2004,30,1430,48,41.8,15.9,15,69,5,15,27,2,1.17,13,20,-7,-0.44,-0.49,Matches
1246,Matthias Ginter,de GER,DF,Freiburg,de Bundesliga,30,1994,32,2561,80,83.7,28.5,28,87,27,4,28,1,1.63,43,42,+1,+0.04,+0.94,Matches
1247,Francesco Gioielli,it ITA,MF,Napoli,it Serie A,20,2004,0,,,,,0,,0,0,,2,,,,,,,Matches
1248,Aitor Gismera,es ESP,MF,Atlético Madrid,es La Liga,20,2004,0,,,,,0,,0,0,,1,,,,,,,Matches
1249,Jamie Gittens,eng ENG,MF,Dortmund,de Bundesliga,19,2004,32,1776,56,58.0,19.7,21,74,4,11,20,2,1.66,35,34,+1,+0.05,-1.28,Matches
1250,Daniel Gleiber,de GER,MF,Mainz 05,de Bundesliga,19,2005,0,,,,,0,,0,0,,9,,,,,,,Matches
1251,Neil Glossoa,fr FRA,FW,Auxerre,fr Ligue 1,19,2004,0,,,,,0,,0,0,,2,,,,,,,Matches
1252,Serge Gnabry,de GER,"MF,FW",Bayern Munich,de Bundesliga,29,1995,27,1242,46,40.6,13.8,13,73,4,14,21,2,2.44,46,15,+31,+2.25,+0.46,Matches
1253,Ben Godfrey,eng ENG,"DF,MF",Atalanta,it Serie A,26,1998,1,23,23,0.7,0.3,0,,0,1,23,14,3.00,0,0,0,0.00,-1.09,Matches
1254,Ben Godfrey,eng ENG,DF,Ipswich Town,eng Premier League,26,1998,3,159,53,4.6,1.8,2,54,0,1,51,8,0.00,1,10,-9,-5.09,-4.07,Matches
1255,Martial Godo,ci CIV,"FW,MF",Fulham,eng Premier League,21,2003,2,24,12,0.7,0.3,0,,0,2,12,7,0.50,0,0,0,0.00,0.00,Matches
1256,Saba Goglichidze,ge GEO,DF,Empoli,it Serie A,20,2004,33,2539,77,74.2,28.2,29,82,17,4,41,4,0.64,25,49,-24,-0.85,-0.65,Matches
1257,Edoardo Goldaniga,it ITA,DF,Como,it Serie A,30,1993,32,2532,79,74.0,28.1,28,89,27,4,12,3,1.41,34,38,-4,-0.14,-0.24,Matches
1258,Michael Golding,eng ENG,MF,Leicester City,eng Premier League,18,2006,1,1,1,0.0,0.0,0,,0,1,1,1,3.00,0,0,0,0.00,+1.24,Matches
1259,Pierluigi Gollini,it ITA,GK,Genoa,it Serie A,29,1995,7,630,90,18.4,7.0,7,90,7,0,,8,0.71,5,15,-10,-1.43,-1.36,Matches
1260,Pierluigi Gollini,it ITA,GK,Roma,it Serie A,29,1995,0,,,,,0,,0,0,,16,,,,,,,Matches
1261,Aleksandr Golovin,ru RUS,MF,Monaco,fr Ligue 1,28,1996,19,1153,61,37.7,12.8,13,82,7,6,14,2,1.58,20,17,+3,+0.23,-0.66,Matches
1262,André Gomes,pt POR,MF,Lille,fr Ligue 1,31,1993,20,1276,64,41.7,14.2,16,77,6,4,12,6,2.05,21,11,+10,+0.71,+0.40,Matches
1263,Angel Gomes,eng ENG,MF,Lille,fr Ligue 1,23,2000,14,736,53,24.1,8.2,10,64,2,4,23,10,1.43,9,12,-3,-0.37,-1.10,Matches
1264,João Gomes,br BRA,MF,Wolves,eng Premier League,23,2001,36,2974,83,87.0,33.0,35,84,18,1,45,0,1.08,45,58,-13,-0.39,+0.01,Matches
1265,Rodrigo Gomes,pt POR,MF,Wolves,eng Premier League,21,2003,25,810,32,23.7,9.0,7,76,1,18,16,9,1.20,18,20,-2,-0.22,+0.23,Matches
1266,Toti Gomes,pt POR,DF,Wolves,eng Premier League,25,1999,31,2614,84,76.4,29.0,30,87,27,1,14,1,1.32,44,45,-1,-0.03,+1.53,Matches
1267,Andrés Gómez,co COL,MF,Rennes,fr Ligue 1,21,2002,17,381,22,12.5,4.2,2,80,1,15,15,7,1.12,5,7,-2,-0.47,-0.57,Matches
1268,Dani Gómez,es ESP,FW,Valencia,es La Liga,26,1998,14,532,38,15.6,5.9,5,81,1,9,14,7,0.71,5,9,-4,-0.68,-0.49,Matches
1269,Diego Gómez,py PAR,MF,Brighton,eng Premier League,21,2003,16,516,32,15.1,5.7,4,72,0,12,19,1,1.88,16,13,+3,+0.52,+0.40,Matches
1270,Joe Gomez,eng ENG,DF,Liverpool,eng Premier League,27,1997,9,519,58,15.2,5.8,6,77,4,3,19,10,2.56,17,8,+9,+1.56,+0.44,Matches
1271,Moi Gómez,es ESP,"MF,FW",Osasuna,es La Liga,30,1994,26,796,31,23.3,8.8,6,76,3,20,17,10,1.27,2,19,-17,-1.92,-2.37,Matches
1272,Rubén Gómez,es ESP,GK,Villarreal,es La Liga,22,2002,0,,,,,0,,0,0,,8,,,,,,,Matches
1273,Sergi Gómez,es ESP,DF,Espanyol,es La Liga,32,1992,12,664,55,19.4,7.4,6,86,5,6,25,25,1.08,7,13,-6,-0.81,-0.65,Matches
1274,Sergio Gómez,es ESP,MF,Real Sociedad,es La Liga,23,2000,37,2738,74,80.1,30.4,31,82,18,6,34,1,1.24,26,33,-7,-0.23,+0.30,Matches
1275,Unai Gómez,es ESP,"MF,FW",Athletic Club,es La Liga,21,2003,32,1284,40,37.5,14.3,14,61,0,18,24,4,1.75,13,12,+1,+0.07,-0.94,Matches
1276,Antonio Gomis,es ESP,GK,Atlético Madrid,es La Liga,21,2003,0,,,,,0,,0,0,,31,,,,,,,Matches
1277,Tidiam Gomis,fr FRA,FW,RB Leipzig,de Bundesliga,17,2006,8,152,19,5.0,1.7,1,66,0,7,12,6,1.13,3,2,+1,+0.59,+0.47,Matches
1278,Yoni Gomis,fr FRA,DF,Strasbourg,fr Ligue 1,18,2005,0,,,,,0,,0,0,,1,,,,,,,Matches
1279,Fabio González,es ESP,MF,Las Palmas,es La Liga,27,1997,2,53,27,1.5,0.6,0,,0,2,27,14,1.50,2,1,+1,+1.70,+2.29,Matches
1280,Jorge Gonzalez,es ESP,DF,Valladolid,es La Liga,19,2005,0,,,,,0,,0,0,,9,,,,,,,Matches
1281,Manu González,es ESP,GK,Real Betis,es La Liga,17,2007,0,,,,,0,,0,0,,8,,,,,,,Matches
1282,Nicolás González,es ESP,MF,Manchester City,eng Premier League,22,2002,11,760,69,22.2,8.4,9,82,5,2,12,3,2.27,17,7,+10,+1.18,+0.58,Matches
1283,Nicolás González,ar ARG,"MF,FW",Juventus,it Serie A,26,1998,26,1750,67,51.2,19.4,23,75,5,3,7,1,1.77,28,18,+10,+0.51,-0.19,Matches
1284,Peter González,do DOM,MF,Getafe,es La Liga,22,2002,17,477,28,13.9,5.3,2,57,0,15,24,21,0.47,5,6,-1,-0.19,-0.07,Matches
1285,Urko González,es ESP,MF,Espanyol,es La Liga,23,2001,17,1374,81,40.2,15.3,16,84,7,1,24,0,1.35,17,12,+5,+0.33,+1.03,Matches
1286,Urko González,es ESP,MF,Real Sociedad,es La Liga,23,2001,1,45,45,1.3,0.5,1,45,0,0,,9,0.00,0,0,0,0.00,+0.29,Matches
1287,Anthony Gordon,eng ENG,"FW,MF",Newcastle United,eng Premier League,23,2001,34,2434,72,71.2,27.0,28,81,9,6,26,0,1.68,43,33,+10,+0.37,-0.63,Matches
1288,Leon Goretzka,de GER,MF,Bayern Munich,de Bundesliga,29,1995,26,1325,51,43.3,14.7,13,80,9,13,22,5,2.38,42,14,+28,+1.90,-0.12,Matches
1289,Mathieu Gorgelin,fr FRA,GK,Le Havre,fr Ligue 1,33,1990,16,1440,90,47.1,16.0,16,90,16,0,,17,1.19,24,33,-9,-0.56,+0.66,Matches
1290,Andoni Gorosabel,es ESP,DF,Athletic Club,es La Liga,27,1996,20,1485,74,43.4,16.5,17,84,9,3,20,17,1.70,16,12,+4,+0.24,-0.73,Matches
1291,Robin Gosens,de GER,"DF,MF",Fiorentina,it Serie A,30,1994,32,2521,79,73.7,28.0,29,84,19,3,27,0,1.81,52,32,+20,+0.71,+0.81,Matches
1292,Robin Gosens,de GER,MF,Union Berlin,de Bundesliga,30,1994,1,90,90,2.9,1.0,1,90,1,0,,0,1.00,1,1,0,0.00,+0.48,Matches
1293,Mikel Goti,es ESP,MF,Real Sociedad,es La Liga,22,2002,0,,,,,0,,0,0,,1,,,,,,,Matches
1294,Mario Götze,de GER,MF,Eintracht Frankfurt,de Bundesliga,32,1992,24,1542,64,50.4,17.1,18,77,4,6,26,4,1.83,30,20,+10,+0.58,-0.13,Matches
1295,Amine Gouiri,dz ALG,FW,Marseille,fr Ligue 1,24,2000,14,1048,75,34.2,11.6,12,82,6,2,32,0,1.79,27,18,+9,+0.77,-0.03,Matches
1296,Amine Gouiri,dz ALG,"MF,FW",Rennes,fr Ligue 1,24,2000,19,1037,55,33.9,11.5,11,69,4,8,34,0,0.89,14,18,-4,-0.35,-0.57,Matches
1297,Lucas Gourna-Douath,fr FRA,MF,Roma,it Serie A,20,2003,6,229,38,6.7,2.5,2,69,0,4,23,9,2.67,3,0,+3,+1.18,+0.67,Matches
1298,Jeffrey Gouweleeuw,nl NED,DF,Augsburg,de Bundesliga,33,1991,33,2944,89,96.2,32.7,33,89,32,0,,0,1.30,34,46,-12,-0.37,+2.74,Matches
1299,Jimi Gower,eng ENG,MF,Arsenal,eng Premier League,19,2004,0,,,,,0,,0,0,,4,,,,,,,Matches
1300,Kamil Grabara,pl POL,GK,Wolfsburg,de Bundesliga,25,1999,29,2585,89,84.5,28.7,29,89,28,0,,0,1.17,50,49,+1,+0.03,-0.15,Matches
1301,Hubert Graczyk,pl POL,GK,Manchester Utd,eng Premier League,21,2003,0,,,,,0,,0,0,,2,,,,,,,Matches
1302,Jonathan Gradit,fr FRA,DF,Lens,fr Ligue 1,31,1992,25,2112,84,69.0,23.5,24,87,19,1,15,4,1.52,27,29,-2,-0.09,-0.56,Matches
1303,José Gragera,es ESP,MF,Espanyol,es La Liga,23,2000,10,569,57,16.6,6.3,7,71,2,3,25,3,1.00,4,12,-8,-1.27,-1.17,Matches
1304,Jens Grahl,de GER,GK,Eintracht Frankfurt,de Bundesliga,35,1988,0,,,,,0,,0,0,,12,,,,,,,Matches
1305,Matteo Grandi,it ITA,GK,Venezia,it Serie A,31,1992,0,,,,,0,,0,0,,38,,,,,,,Matches
1306,Samuel Grandsir,fr FRA,"FW,MF",Le Havre,fr Ligue 1,27,1996,6,84,14,2.7,0.9,0,,0,6,14,9,0.50,1,8,-7,-7.50,-6.77,Matches
1307,Alberto Grassi,it ITA,MF,Empoli,it Serie A,29,1995,28,2203,79,64.4,24.5,27,81,13,1,17,1,0.68,20,37,-17,-0.69,-0.03,Matches
1308,Paul Grave,de GER,GK,Bochum,de Bundesliga,23,2001,0,,,,,0,,0,0,,1,,,,,,,Matches
1309,Ryan Gravenberch,nl NED,MF,Liverpool,eng Premier League,22,2002,37,3160,85,92.4,35.1,37,85,27,0,,0,2.27,79,35,+44,+1.25,+0.91,Matches
1310,Archie Gray,eng ENG,"DF,MF",Tottenham Hotspur,eng Premier League,18,2006,28,1751,63,51.2,19.5,19,88,17,9,10,10,1.11,30,41,-11,-0.57,-1.10,Matches
1311,Jack Grealish,eng ENG,"MF,FW",Manchester City,eng Premier League,28,1995,20,721,36,21.1,8.0,7,81,2,13,12,12,2.00,17,10,+7,+0.87,+0.17,Matches
1312,Jacob Greaves,eng ENG,DF,Ipswich Town,eng Premier League,23,2000,25,2205,88,64.5,24.5,25,88,24,0,,2,0.40,19,53,-34,-1.39,-0.50,Matches
1313,Mason Greenwood,eng ENG,"MF,FW",Marseille,fr Ligue 1,22,2001,34,2804,82,91.6,31.2,32,85,15,2,37,0,1.91,68,41,+27,+0.87,+0.87,Matches
1314,Michael Gregoritsch,at AUT,FW,Freiburg,de Bundesliga,30,1994,20,639,32,20.9,7.1,5,73,1,15,18,8,1.25,15,13,+2,+0.28,+0.50,Matches
1315,Dominik Greif,sk SVK,GK,Mallorca,es La Liga,27,1997,31,2790,90,81.6,31.0,31,90,31,0,,7,1.32,30,34,-4,-0.13,+0.59,Matches
1316,Antoine Griezmann,fr FRA,"FW,MF",Atlético Madrid,es La Liga,33,1991,38,2469,65,72.2,27.4,29,75,9,9,31,0,2.00,40,21,+19,+0.69,-1.11,Matches
1317,Vincenzo Grifo,it ITA,MF,Freiburg,de Bundesliga,31,1993,34,2432,72,79.5,27.0,31,76,6,3,30,0,1.62,43,42,+1,+0.04,+0.75,Matches
1318,Florian Grillitsch,at AUT,"MF,DF",Hoffenheim,de Bundesliga,28,1995,8,601,75,19.6,6.7,8,75,4,0,,0,1.13,9,11,-2,-0.30,+0.43,Matches
1319,Florian Grillitsch,at AUT,MF,Valladolid,es La Liga,28,1995,13,623,48,18.2,6.9,7,63,1,6,30,1,0.08,5,15,-10,-1.44,+0.29,Matches
1320,Álex Grimaldo,es ESP,MF,Leverkusen,de Bundesliga,28,1995,32,2636,82,86.1,29.3,31,84,20,1,32,1,2.09,65,34,+31,+1.06,+1.48,Matches
1321,Pascal Groß,de GER,"MF,DF",Dortmund,de Bundesliga,33,1991,30,2327,78,76.0,25.9,28,81,15,2,34,0,1.70,54,36,+18,+0.70,+0.45,Matches
1322,Brajan Gruda,de GER,"MF,FW",Brighton,eng Premier League,20,2004,21,687,33,20.1,7.6,8,64,0,13,14,7,1.38,14,15,-1,-0.13,-0.39,Matches
1323,Marco Grüll,at AUT,"FW,MF",Werder Bremen,de Bundesliga,26,1998,30,1181,39,38.6,13.1,13,71,1,17,15,1,1.60,23,27,-4,-0.30,-0.35,Matches
1324,Albert Grønbaek,dk DEN,"MF,FW",Southampton,eng Premier League,23,2001,4,143,36,4.2,1.6,2,66,0,2,6,2,0.75,2,3,-1,-0.63,+0.99,Matches
1325,Albert Grønbaek,dk DEN,"MF,FW",Rennes,fr Ligue 1,23,2001,16,813,51,26.6,9.0,9,68,1,7,29,1,1.06,15,11,+4,+0.44,+0.56,Matches
1326,Vicente Guaita,es ESP,GK,Celta Vigo,es La Liga,37,1987,34,3060,90,89.5,34.0,34,90,34,0,,3,1.44,49,48,+1,+0.03,-0.22,Matches
1327,Sergi Guardiola,es ESP,FW,Rayo Vallecano,es La Liga,33,1991,16,362,23,10.6,4.0,1,54,0,15,21,18,1.25,6,4,+2,+0.50,+0.67,Matches
1328,Gabriele Guarino,it ITA,DF,Empoli,it Serie A,20,2004,0,,,,,0,,0,0,,2,,,,,,,Matches
1329,Nemanja Gudelj,rs SRB,"MF,DF",Sevilla,es La Liga,32,1991,31,2493,80,72.9,27.7,27,87,21,4,33,4,1.16,35,42,-7,-0.25,+0.33,Matches
1330,Gabriel Gudmundsson,se SWE,"DF,MF",Lille,fr Ligue 1,25,1999,30,1785,60,58.3,19.8,20,80,8,10,18,4,1.60,30,28,+2,+0.10,-0.89,Matches
1331,Gonçalo Guedes,pt POR,"MF,FW",Wolves,eng Premier League,27,1996,29,995,34,29.1,11.1,10,67,1,19,17,4,0.93,16,25,-9,-0.81,-0.59,Matches
1332,Axel Gueguin,fr FRA,FW,Montpellier,fr Ligue 1,19,2005,1,23,23,0.8,0.3,0,,0,1,23,4,0.00,1,1,0,0.00,+1.66,Matches
1333,Marc Guéhi,eng ENG,DF,Crystal Palace,eng Premier League,24,2000,34,3059,90,89.4,34.0,34,90,33,0,,0,1.35,42,42,0,0.00,0.00,Matches
1334,Mattéo Guendouzi,fr FRA,MF,Lazio,it Serie A,25,1999,37,3270,88,95.6,36.3,37,88,32,0,,0,1.68,59,47,+12,+0.33,+0.33,Matches
1335,Javier Guerra,es ESP,MF,Valencia,es La Liga,21,2003,36,2581,72,75.5,28.7,31,80,14,5,17,1,1.25,37,41,-4,-0.14,+0.50,Matches
1336,Raphaël Guerreiro,pt POR,"DF,MF",Bayern Munich,de Bundesliga,30,1993,23,1572,68,51.4,17.5,19,78,5,4,20,9,2.48,48,14,+34,+1.95,-0.05,Matches
1337,Evann Guessand,ci CIV,"MF,FW",Nice,fr Ligue 1,23,2001,33,2565,78,83.8,28.5,30,84,16,3,14,1,1.73,53,34,+19,+0.67,-0.42,Matches
1338,Ander Guevara,es ESP,MF,Alavés,es La Liga,27,1997,33,1947,59,56.9,21.6,20,80,10,13,27,5,1.12,24,24,0,0.00,+0.61,Matches
1339,Pape Gueye,sn SEN,"MF,FW",Villarreal,es La Liga,25,1999,34,2224,65,65.0,24.7,26,79,12,8,22,0,1.76,41,29,+12,+0.49,-0.12,Matches
1340,Morgan Guilavogui,gn GUI,"FW,MF",St Pauli,de Bundesliga,26,1998,25,1807,72,59.1,20.1,21,80,7,4,31,0,1.00,15,16,-1,-0.05,+0.81,Matches
1341,Frederic Guilbert,fr FRA,DF,Lecce,it Serie A,29,1994,31,2435,79,71.2,27.1,31,79,15,0,,2,1.10,23,36,-13,-0.48,+1.16,Matches
1342,Luis Guilherme,br BRA,MF,West Ham United,eng Premier League,18,2006,12,150,13,4.4,1.7,1,45,0,11,10,22,0.50,2,5,-3,-1.80,-1.44,Matches
1343,Hugo Guillamón,es ESP,MF,Valencia,es La Liga,24,2000,12,364,30,10.6,4.0,4,70,1,8,11,26,1.25,2,7,-5,-1.24,-1.09,Matches
1344,Bruno Guimarães,br BRA,MF,Newcastle United,eng Premier League,26,1997,38,3271,86,95.6,36.3,38,86,21,0,,0,1.74,67,44,+23,+0.63,+1.84,Matches
1345,Carlos Guirao,es ESP,MF,Leganés,es La Liga,21,2003,0,,,,,0,,0,0,,1,,,,,,,Matches
1346,Carlos Guirao,es ESP,MF,Real Betis,es La Liga,21,2003,2,110,55,3.2,1.2,2,55,0,0,,1,0.00,1,6,-5,-4.09,-4.42,Matches
1347,Bahereba Guirassy,fr FRA,MF,Nantes,fr Ligue 1,17,2006,19,348,18,11.4,3.9,2,69,0,17,12,9,0.95,5,8,-3,-0.78,-0.44,Matches
1348,Serhou Guirassy,gn GUI,FW,Dortmund,de Bundesliga,28,1996,30,2598,87,84.9,28.9,29,89,24,1,30,0,1.57,58,49,+9,+0.31,-1.83,Matches
1349,Marc Guiu,es ESP,FW,Chelsea,eng Premier League,18,2006,3,73,24,2.1,0.8,0,,0,3,24,10,1.33,2,2,0,0.00,-0.56,Matches
1350,Péter Gulácsi,hu HUN,GK,RB Leipzig,de Bundesliga,34,1990,30,2631,88,86.0,29.2,30,88,28,0,,1,1.57,44,39,+5,+0.17,+0.17,Matches
1351,Arda Güler,tr TUR,"MF,FW",Real Madrid,es La Liga,19,2005,28,1250,45,36.5,13.9,14,73,2,14,16,10,2.36,28,17,+11,+0.79,-0.41,Matches
1352,Gerard Gumbau,es ESP,MF,Rayo Vallecano,es La Liga,29,1994,22,849,39,24.8,9.4,7,65,0,15,26,15,1.18,8,13,-5,-0.53,-0.57,Matches
1353,Robert Gumny,pl POL,MF,Augsburg,de Bundesliga,26,1998,7,271,39,8.9,3.0,2,65,0,5,28,4,0.71,3,7,-4,-1.33,-0.94,Matches
1354,İlkay Gündoğan,de GER,MF,Manchester City,eng Premier League,33,1990,33,2223,67,65.0,24.7,25,84,12,8,14,4,1.94,53,28,+25,+1.01,+0.79,Matches
1355,Christian Günter,de GER,DF,Freiburg,de Bundesliga,31,1993,29,2314,80,75.6,25.7,27,85,15,2,16,5,1.66,36,36,0,0.00,+0.48,Matches
1356,Gabriel Guri,al ALB,GK,Le Havre,fr Ligue 1,18,2006,0,,,,,0,,0,0,,1,,,,,,,Matches
1357,Jon Guridi,es ESP,MF,Alavés,es La Liga,29,1995,33,2080,63,60.8,23.1,27,72,5,6,23,3,1.15,24,27,-3,-0.13,+0.34,Matches
1358,Gorka Guruzeta,es ESP,FW,Athletic Club,es La Liga,27,1996,36,1840,51,53.8,20.4,21,69,4,15,26,1,1.92,28,13,+15,+0.73,+0.16,Matches
1359,Malo Gusto,fr FRA,DF,Chelsea,eng Premier League,21,2003,32,1862,58,54.4,20.7,19,84,14,13,20,1,1.66,39,26,+13,+0.63,+0.17,Matches
1360,Miguel Gutiérrez,es ESP,"DF,MF",Girona,es La Liga,23,2001,29,2458,85,71.9,27.3,29,85,22,0,,1,1.21,35,41,-6,-0.22,+0.72,Matches
1361,Albert Guðmundsson,is ISL,"FW,MF",Fiorentina,it Serie A,27,1997,24,1273,53,37.2,14.1,16,68,3,8,23,3,1.71,22,12,+10,+0.71,+0.33,Matches
1362,Joško Gvardiol,hr CRO,DF,Manchester City,eng Premier League,22,2002,37,3277,89,95.8,36.4,36,90,33,1,45,1,1.92,70,41,+29,+0.80,+1.43,Matches
1363,Emmanuel Gyasi,gh GHA,MF,Empoli,it Serie A,30,1994,37,3217,87,94.1,35.7,37,87,29,0,,0,0.81,32,55,-23,-0.64,+0.69,Matches
1364,Christian Gytkjær,dk DEN,FW,Venezia,it Serie A,34,1990,29,754,26,22.0,8.4,6,69,0,23,15,9,0.76,10,15,-5,-0.60,+0.04,Matches
1365,Erling Haaland,no NOR,FW,Manchester City,eng Premier League,24,2000,31,2736,88,80.0,30.4,31,88,25,0,,1,1.77,58,38,+20,+0.66,-0.39,Matches
1366,Nicolas Haas,ch SUI,MF,Empoli,it Serie A,28,1996,10,287,29,8.4,3.2,2,83,1,8,15,2,1.50,2,2,0,0.00,+0.75,Matches
1367,Janik Haberer,de GER,MF,Union Berlin,de Bundesliga,30,1994,28,1696,61,55.4,18.8,21,75,5,7,16,6,1.39,21,24,-3,-0.16,+0.70,Matches
1368,Robin Hack,de GER,MF,Gladbach,de Bundesliga,25,1998,33,2172,66,71.0,24.1,27,76,4,6,22,1,1.36,43,36,+7,+0.29,+1.20,Matches
1369,Saad El Haddad,ma MAR,MF,Venezia,it Serie A,19,2005,3,30,10,0.9,0.3,0,,0,3,10,26,0.00,0,1,-1,-3.00,-2.39,Matches
1370,Munir El Haddadi,ma MAR,"MF,FW",Leganés,es La Liga,28,1995,25,862,34,25.2,9.6,10,62,1,15,16,7,1.00,16,9,+7,+0.73,+1.58,Matches
1371,Amadou Haidara,ml MLI,MF,RB Leipzig,de Bundesliga,26,1998,28,1320,47,43.1,14.7,16,64,2,12,24,2,1.64,21,14,+7,+0.48,+0.58,Matches
1372,Massadio Haïdara,ml MLI,DF,Brest,fr Ligue 1,31,1992,22,1678,76,54.8,18.6,20,83,14,2,8,1,1.64,30,27,+3,+0.16,+0.81,Matches
1373,Massadio Haïdara,ml MLI,"DF,MF",Lens,fr Ligue 1,31,1992,0,,,,,0,,0,0,,1,,,,,,,Matches
1374,Antoine Hainaut,fr FRA,"DF,MF",Parma,it Serie A,22,2002,25,1206,48,35.3,13.4,10,81,5,15,26,12,0.96,19,20,-1,-0.07,+0.45,Matches
1375,Mohamed Haj,tn TUN,MF,Parma,it Serie A,19,2005,15,453,30,13.2,5.0,3,53,0,12,25,22,0.53,12,10,+2,+0.40,+0.88,Matches
1376,Oualid El Hajjam,ma MAR,DF,Le Havre,fr Ligue 1,33,1991,0,,,,,0,,0,0,,2,,,,,,,Matches
1377,Achraf Hakimi,ma MAR,DF,Paris Saint-Germain,fr Ligue 1,25,1998,25,2066,83,67.5,23.0,24,85,20,1,17,2,2.64,65,20,+45,+1.96,+0.87,Matches
1378,Lewis Hall,eng ENG,DF,Newcastle United,eng Premier League,19,2004,27,2189,81,64.0,24.3,24,87,18,3,30,0,1.63,44,31,+13,+0.53,-0.05,Matches
1379,Sébastien Haller,ci CIV,FW,Leganés,es La Liga,30,1994,8,404,51,11.8,4.5,5,71,1,3,16,4,0.75,2,9,-7,-1.56,-1.26,Matches
1380,Sébastien Haller,ci CIV,FW,Dortmund,de Bundesliga,30,1994,0,,,,,0,,0,0,,1,,,,,,,Matches
1381,Ali Al Hamadi,iq IRQ,FW,Ipswich Town,eng Premier League,22,2002,11,134,12,3.9,1.5,0,,0,11,12,2,0.82,1,5,-4,-2.69,-1.54,Matches
1382,Andreas Hanche-Olsen,no NOR,DF,Mainz 05,de Bundesliga,27,1997,22,1284,58,42.0,14.3,12,85,11,10,27,6,1.55,26,27,-1,-0.07,-0.73,Matches
1383,Florent Hanin,dz ALG,DF,Angers,fr Ligue 1,34,1990,33,2672,81,87.3,29.7,31,85,21,2,21,1,1.09,30,46,-16,-0.54,+0.62,Matches
1384,Naoufel El Hannach,ma MAR,DF,Paris Saint-Germain,fr Ligue 1,17,2006,0,,,,,0,,0,0,,3,,,,,,,Matches
1385,Isak Hansen-Aarøen,no NOR,MF,Werder Bremen,de Bundesliga,19,2004,0,,,,,0,,0,0,,9,,,,,,,Matches
1386,Ridgeciano Haps,sr SUR,"MF,DF",Venezia,it Serie A,31,1993,25,1369,55,40.0,15.2,14,78,5,11,25,9,0.76,18,23,-5,-0.33,+0.51,Matches
1387,Hákon Haraldsson,is ISL,MF,Lille,fr Ligue 1,21,2003,25,1755,70,57.4,19.5,21,78,6,4,31,1,1.76,27,20,+7,+0.36,-0.26,Matches
1388,Jonas Harder,it ITA,MF,Fiorentina,it Serie A,18,2005,0,,,,,0,,0,0,,6,,,,,,,Matches
1389,Malachi Hardy,eng ENG,DF,Tottenham Hotspur,eng Premier League,16,2008,0,,,,,0,,0,0,,6,,,,,,,Matches
1390,Amine Harit,ma MAR,MF,Marseille,fr Ligue 1,27,1997,13,519,40,17.0,5.8,8,59,0,5,10,6,2.00,19,7,+12,+2.08,+1.55,Matches
1391,Marcus Harness,eng ENG,"FW,MF",Ipswich Town,eng Premier League,28,1996,2,45,23,1.3,0.5,0,,0,2,23,0,0.00,0,1,-1,-2.00,-0.80,Matches
1392,Phil Harres,de GER,FW,Holstein Kiel,de Bundesliga,22,2002,26,1544,59,50.5,17.2,17,78,7,9,24,1,0.85,25,38,-13,-0.76,+0.31,Matches
1393,Archie Harris,wls WAL,DF,Bournemouth,eng Premier League,19,2004,0,,,,,0,,0,0,,2,,,,,,,Matches
1394,Elyh Harrison,eng ENG,GK,Manchester Utd,eng Premier League,18,2006,0,,,,,0,,0,0,,6,,,,,,,Matches
1395,Jack Harrison,eng ENG,"MF,FW",Everton,eng Premier League,27,1996,34,2076,61,60.7,23.1,24,76,8,10,26,4,1.21,20,27,-7,-0.30,-0.64,Matches
1396,Abdou Harroui,nl NED,"MF,FW",Hellas Verona,it Serie A,26,1998,10,463,46,13.5,5.1,5,65,1,5,27,1,1.20,8,12,-4,-0.78,+0.07,Matches
1397,Taylor Harwood-Bellis,eng ENG,DF,Southampton,eng Premier League,22,2002,34,2825,83,82.6,31.4,32,87,27,2,28,0,0.35,20,65,-45,-1.43,+0.84,Matches
1398,Luis Hasa,it ITA,MF,Napoli,it Serie A,20,2004,0,,,,,0,,0,0,,19,,,,,,,Matches
1399,Luis Hasa,it ITA,MF,Lecce,it Serie A,20,2004,0,,,,,0,,0,0,,11,,,,,,,Matches
1400,Hans Hateboer,nl NED,"DF,MF",Rennes,fr Ligue 1,30,1994,26,1684,65,55.0,18.7,18,85,14,8,19,6,1.23,28,24,+4,+0.21,+0.41,Matches
1401,Pantelis Hatzidiakos,gr GRE,"DF,MF",Cagliari,it Serie A,27,1997,0,,,,,0,,0,0,,3,,,,,,,Matches
1402,Kjetil Haug,no NOR,GK,Toulouse,fr Ligue 1,26,1998,6,498,83,16.3,5.5,5,90,5,1,48,11,1.33,12,7,+5,+0.90,+1.04,Matches
1403,Kai Havertz,de GER,FW,Arsenal,eng Premier League,25,1999,23,1875,82,54.8,20.8,21,88,18,2,18,1,2.13,40,20,+20,+0.96,+0.09,Matches
1404,Isaac Heath,eng ENG,MF,Everton,eng Premier League,19,2004,0,,,,,0,,0,0,,4,,,,,,,Matches
1405,Tom Heaton,eng ENG,GK,Manchester Utd,eng Premier League,38,1986,0,,,,,0,,0,0,,8,,,,,,,Matches
1406,Ayden Heaven,eng ENG,DF,Arsenal,eng Premier League,17,2006,0,,,,,0,,0,0,,3,,,,,,,Matches
1407,Ayden Heaven,eng ENG,DF,Manchester Utd,eng Premier League,17,2006,4,170,43,5.0,1.9,2,58,0,2,28,4,1.75,1,1,0,0.00,+0.28,Matches
1408,Jan Paul van Hecke,nl NED,DF,Brighton,eng Premier League,24,2000,34,2958,87,86.5,32.9,33,89,30,1,9,0,1.59,55,46,+9,+0.27,+0.66,Matches
1409,Hwang Hee-chan,kr KOR,"MF,FW",Wolves,eng Premier League,28,1996,21,661,31,19.3,7.3,5,69,1,16,20,8,0.86,8,19,-11,-1.50,-1.37,Matches
1410,Dean Henderson,eng ENG,GK,Crystal Palace,eng Premier League,27,1997,38,3420,90,100.0,38.0,38,90,38,0,,0,1.39,51,51,0,0.00,,Matches
1411,Liam Henderson,sct SCO,MF,Empoli,it Serie A,28,1996,36,2337,65,68.3,26.0,27,79,8,9,22,0,0.86,18,40,-22,-0.85,-0.51,Matches
1412,Ramon Hendriks,nl NED,DF,Stuttgart,de Bundesliga,23,2001,25,1154,46,37.7,12.8,10,88,9,15,19,8,1.52,26,22,+4,+0.31,-0.02,Matches
1413,Wayne Hennessey,wls WAL,GK,Nottingham Forest,eng Premier League,37,1987,0,,,,,0,,0,0,,5,,,,,,,Matches
1414,Paul Hennrich,de GER,MF,Hoffenheim,de Bundesliga,19,2005,1,12,12,0.4,0.1,0,,0,1,12,0,1.00,1,0,+1,+7.50,+8.18,Matches
1415,Benjamin Henrichs,de GER,"DF,MF",RB Leipzig,de Bundesliga,27,1997,15,935,62,30.6,10.4,10,84,6,5,19,0,1.80,17,20,-3,-0.29,-0.63,Matches
1416,Henrique,br BRA,DF,Valladolid,es La Liga,30,1994,5,352,70,10.3,3.9,4,77,2,1,45,2,0.00,3,11,-8,-2.05,-0.40,Matches
1417,Luis Henrique,br BRA,MF,Marseille,fr Ligue 1,22,2001,33,2613,79,85.4,29.0,29,85,17,4,34,1,1.88,61,41,+20,+0.69,-0.72,Matches
1418,Kobi Henry,tt TRI,DF,Reims,fr Ligue 1,20,2004,0,,,,,0,,0,0,,2,,,,,,,Matches
1419,Rico Henry,jm JAM,"DF,MF",Brentford,eng Premier League,27,1997,5,99,20,2.9,1.1,0,,0,5,20,5,2.00,4,3,+1,+0.91,+0.69,Matches
1420,Jack Henry-Francis,ie IRL,MF,Arsenal,eng Premier League,20,2003,0,,,,,0,,0,0,,6,,,,,,,Matches
1421,Mads Hermansen,dk DEN,GK,Leicester City,eng Premier League,24,2000,27,2385,88,69.7,26.5,27,88,26,0,,0,0.56,23,58,-35,-1.32,-0.28,Matches
1422,Mario Hermoso,es ESP,DF,Leverkusen,de Bundesliga,29,1995,4,293,73,9.6,3.3,3,90,3,1,23,1,1.75,4,3,+1,+0.31,-0.60,Matches
1423,Mario Hermoso,es ESP,DF,Roma,it Serie A,29,1995,8,251,31,7.3,2.8,2,77,1,6,16,5,1.38,2,7,-5,-1.79,-2.53,Matches
1424,Aridane Hernández,es ESP,DF,Rayo Vallecano,es La Liga,35,1989,14,1025,73,30.0,11.4,11,84,9,3,33,23,1.21,13,17,-4,-0.35,-0.35,Matches
1425,Javi Hernández,es ESP,DF,Leganés,es La Liga,26,1998,31,2389,77,69.9,26.5,27,86,21,4,17,5,1.03,25,38,-13,-0.49,-0.14,Matches
1426,Lucas Hernández,fr FRA,DF,Paris Saint-Germain,fr Ligue 1,28,1996,16,877,55,28.7,9.7,10,74,5,6,23,4,2.69,28,11,+17,+1.74,+0.10,Matches
1427,Theo Hernández,fr FRA,"DF,MF",Milan,it Serie A,26,1997,33,2696,82,78.8,30.0,30,86,25,3,37,2,1.70,52,34,+18,+0.60,+0.60,Matches
1428,Hernani,br BRA,MF,Parma,it Serie A,30,1994,25,1327,53,38.8,14.7,15,69,3,10,30,2,0.88,12,28,-16,-1.09,-1.17,Matches
1429,Jorge Herrando,es ESP,DF,Osasuna,es La Liga,23,2001,18,1366,76,39.9,15.2,15,90,15,3,5,20,1.22,14,23,-9,-0.59,-0.81,Matches
1430,Ander Herrera,es ESP,MF,Athletic Club,es La Liga,34,1989,8,273,34,8.0,3.0,2,71,0,6,22,6,1.13,3,2,+1,+0.33,-0.36,Matches
1431,Sergio Herrera,es ESP,GK,Osasuna,es La Liga,31,1993,37,3330,90,97.4,37.0,37,90,37,0,,0,1.38,48,52,-4,-0.11,-0.11,Matches
1432,Yangel Herrera,ve VEN,MF,Girona,es La Liga,26,1998,29,2257,78,66.0,25.1,27,82,16,2,19,1,1.17,26,35,-9,-0.36,+0.18,Matches
1433,Charles Herrmann,de GER,FW,Gladbach,de Bundesliga,18,2006,0,,,,,0,,0,0,,2,,,,,,,Matches
1434,Juanma Herzog,es ESP,DF,Las Palmas,es La Liga,20,2004,19,1315,69,38.5,14.6,15,82,11,4,22,19,0.42,9,23,-14,-0.96,-0.66,Matches
1435,Son Heung-min,kr KOR,"FW,MF",Tottenham Hotspur,eng Premier League,32,1992,30,2110,70,61.7,23.4,24,79,11,6,35,0,1.13,44,35,+9,+0.38,+1.07,Matches
1436,Aaron Hickey,sct SCO,"DF,MF",Brentford,eng Premier League,22,2002,0,,,,,0,,0,0,,1,,,,,,,Matches
1437,Isak Hien,se SWE,DF,Atalanta,it Serie A,25,1999,30,2327,78,68.0,25.9,27,83,22,3,33,2,2.10,58,21,+37,+1.43,+1.10,Matches
1438,Omar El Hilali,ma MAR,DF,Espanyol,es La Liga,20,2003,36,3153,88,92.2,35.0,36,88,30,0,,0,1.14,38,45,-7,-0.20,+1.15,Matches
1439,James Hill,eng ENG,DF,Bournemouth,eng Premier League,22,2002,10,448,45,13.1,5.0,6,68,1,4,11,21,1.30,7,9,-2,-0.40,-0.83,Matches
1440,Piero Hincapié,ec ECU,DF,Leverkusen,de Bundesliga,22,2002,32,2670,83,87.3,29.7,28,89,25,4,44,1,2.06,61,35,+26,+0.88,+0.18,Matches
1441,Roger Hinojo,es ESP,DF,Espanyol,es La Liga,19,2005,1,9,9,0.3,0.1,0,,0,1,9,11,0.00,0,0,0,0.00,+0.29,Matches
1442,Jack Hinshelwood,eng ENG,"MF,DF",Brighton,eng Premier League,19,2005,26,1842,71,53.9,20.5,22,82,12,4,11,0,1.73,39,30,+9,+0.44,+0.55,Matches
1443,George Hirst,sct SCO,FW,Ipswich Town,eng Premier League,25,1999,26,661,25,19.3,7.3,5,72,0,21,14,0,0.50,10,16,-6,-0.82,+0.49,Matches
1444,Adam Hložek,cz CZE,"FW,MF",Hoffenheim,de Bundesliga,22,2002,27,1871,69,61.1,20.8,22,81,13,5,18,0,0.85,28,44,-16,-0.77,-0.32,Matches
1445,Ki-Jana Hoever,nl NED,"DF,MF",Auxerre,fr Ligue 1,22,2002,30,2124,71,69.4,23.6,26,79,6,4,21,1,1.27,34,30,+4,+0.17,+0.84,Matches
1446,Nicolas Höfler,de GER,MF,Freiburg,de Bundesliga,34,1990,20,794,40,25.9,8.8,7,86,6,13,15,14,1.45,12,11,+1,+0.11,+0.31,Matches
1447,Jonas Hofmann,de GER,MF,Leverkusen,de Bundesliga,32,1992,11,356,32,11.6,4.0,4,58,0,7,18,16,1.82,7,6,+1,+0.25,-0.68,Matches
1448,Philipp Hofmann,de GER,FW,Bochum,de Bundesliga,31,1993,32,2277,71,74.4,25.3,27,81,13,5,19,0,0.69,21,45,-24,-0.95,+0.20,Matches
1449,Rob Holding,eng ENG,DF,Crystal Palace,eng Premier League,28,1995,0,,,,,0,,0,0,,1,,,,,,,Matches
1450,Lucas Höler,de GER,"FW,MF",Freiburg,de Bundesliga,30,1994,31,1867,60,61.0,20.7,21,79,8,10,20,2,1.61,30,34,-4,-0.19,-0.19,Matches
1451,Mason Holgate,jm JAM,DF,Everton,eng Premier League,27,1996,1,6,6,0.2,0.1,0,,0,1,6,1,0.00,0,1,-1,-15.00,-14.97,Matches
1452,Benedict Hollerbach,de GER,"FW,MF",Union Berlin,de Bundesliga,23,2001,34,2540,75,83.0,28.2,30,80,11,4,35,0,1.18,33,42,-9,-0.32,+0.89,Matches
1453,Emil Holm,se SWE,DF,Bologna,it Serie A,24,2000,21,1137,54,33.2,12.6,12,83,5,9,16,9,1.43,18,17,+1,+0.08,-0.28,Matches
1454,Lewis Holtby,de GER,MF,Holstein Kiel,de Bundesliga,33,1990,25,1238,50,40.5,13.8,13,72,3,12,25,1,0.56,16,40,-24,-1.74,-1.40,Matches
1455,Gerrit Holtmann,ph PHI,"MF,DF",Bochum,de Bundesliga,29,1995,23,1136,49,37.1,12.6,12,69,1,11,28,2,0.65,16,22,-6,-0.48,+0.83,Matches
1456,Franck Honorat,fr FRA,MF,Gladbach,de Bundesliga,27,1996,19,1439,76,47.0,16.0,18,78,1,1,31,1,1.37,31,22,+9,+0.56,+1.17,Matches
1457,Mathias Honsak,at AUT,"MF,FW",Heidenheim,de Bundesliga,27,1996,22,1181,54,38.6,13.1,12,82,7,10,20,0,0.68,12,32,-20,-1.52,-1.19,Matches
1458,Dinko Horkaš,hr CRO,GK,Las Palmas,es La Liga,25,1999,13,1085,83,31.7,12.1,11,90,11,2,48,23,0.54,9,19,-10,-0.83,-0.41,Matches
1459,Timo Horn,de GER,GK,Bochum,de Bundesliga,31,1993,13,1170,90,38.2,13.0,13,90,13,0,,21,0.92,13,22,-9,-0.69,+0.50,Matches
1460,Krisztofer Horváth,hu HUN,MF,Torino,it Serie A,22,2002,0,,,,,0,,0,0,,2,,,,,,,Matches
1461,Cédric Hountondji,bj BEN,DF,Angers,fr Ligue 1,30,1994,3,270,90,8.8,3.0,3,90,3,0,,10,0.00,1,7,-6,-2.00,-1.52,Matches
1462,Ilyes Housni,fr FRA,FW,Le Havre,fr Ligue 1,19,2005,12,230,19,7.5,2.6,3,61,0,9,5,13,0.25,1,10,-9,-3.52,-2.82,Matches
1463,Harry Howell,eng ENG,MF,Brighton,eng Premier League,16,2008,1,7,7,0.2,0.1,0,,0,1,7,4,3.00,1,0,+1,+12.86,+12.70,Matches
1464,Lukáš Hrádecký,fi FIN,GK,Leverkusen,de Bundesliga,34,1989,29,2610,90,85.3,29.0,29,90,29,0,,4,2.03,63,38,+25,+0.86,+0.06,Matches
1465,Robin Hranáč,cz CZE,DF,Hoffenheim,de Bundesliga,24,2000,4,219,55,7.2,2.4,2,59,0,2,51,15,0.00,3,7,-4,-1.64,-1.07,Matches
1466,Callum Hudson-Odoi,eng ENG,MF,Nottingham Forest,eng Premier League,23,2000,31,2194,71,64.2,24.4,25,81,8,6,28,1,1.74,37,23,+14,+0.57,+0.72,Matches
1467,Will Hughes,eng ENG,MF,Crystal Palace,eng Premier League,29,1995,33,2108,64,61.6,23.4,24,76,3,9,32,0,1.45,31,30,+1,+0.04,+0.11,Matches
1468,Dean Huijsen,es ESP,DF,Bournemouth,eng Premier League,19,2005,32,2427,76,71.0,27.0,26,90,26,6,15,6,1.50,42,31,+11,+0.41,+0.32,Matches
1469,Mats Hummels,de GER,DF,Roma,it Serie A,35,1988,14,915,65,26.8,10.2,11,77,5,3,23,19,1.93,21,9,+12,+1.18,+0.86,Matches
1470,Omari Hutchinson,eng ENG,MF,Ipswich Town,eng Premier League,20,2003,31,2583,83,75.5,28.7,30,85,18,1,24,1,0.55,25,61,-36,-1.25,-0.18,Matches
1471,Jannik Huth,de GER,GK,Freiburg,de Bundesliga,30,1994,0,,,,,0,,0,0,,12,,,,,,,Matches
1472,Elseid Hysaj,al ALB,DF,Lazio,it Serie A,30,1994,11,424,39,12.4,4.7,4,75,1,7,18,6,1.45,10,2,+8,+1.70,+1.58,Matches
1473,Hong Hyunseok,kr KOR,MF,Mainz 05,de Bundesliga,25,1999,23,530,23,17.3,5.9,4,55,0,19,16,9,1.48,10,11,-1,-0.17,-0.63,Matches
1474,Pierre Højbjerg,dk DEN,MF,Marseille,fr Ligue 1,28,1995,30,2664,89,87.1,29.6,30,89,28,0,,1,1.97,64,36,+28,+0.95,+1.17,Matches
1475,Oscar Højlund,dk DEN,MF,Eintracht Frankfurt,de Bundesliga,19,2005,20,722,36,23.6,8.0,7,66,2,13,20,3,1.65,12,11,+1,+0.12,-0.68,Matches
1476,Rasmus Højlund,dk DEN,FW,Manchester Utd,eng Premier League,21,2003,32,2004,63,58.6,22.3,23,78,7,9,24,2,1.03,17,31,-14,-0.63,-0.88,Matches
1477,Gennaro Iaccarino,it ITA,MF,Napoli,it Serie A,21,2003,0,,,,,0,,0,0,,2,,,,,,,Matches
1478,Pablo Ibáñez,es ESP,MF,Osasuna,es La Liga,25,1998,28,1294,46,37.8,14.4,13,71,4,15,25,10,1.54,15,23,-8,-0.56,-0.73,Matches
1479,Hafiz Ibrahim,ng NGA,FW,Reims,fr Ligue 1,18,2005,11,391,36,12.8,4.3,2,75,0,9,27,2,1.00,2,3,-1,-0.23,+0.21,Matches
1480,Arijon Ibrahimović,de GER,MF,Bayern Munich,de Bundesliga,18,2005,1,1,1,0.0,0.0,0,,0,1,1,5,3.00,0,0,0,0.00,-1.97,Matches
1481,Arijon Ibrahimović,de GER,MF,Lazio,it Serie A,18,2005,1,8,8,0.2,0.1,0,,0,1,8,14,0.00,0,1,-1,-11.25,-11.59,Matches
1482,Javison Idele,it ITA,DF,Atalanta,it Serie A,17,2007,0,,,,,0,,0,0,,1,,,,,,,Matches
1483,Stanis Idumbo,be BEL,MF,Sevilla,es La Liga,19,2005,14,284,20,8.3,3.2,3,50,0,11,12,22,1.00,7,7,0,0.00,+0.37,Matches
1484,Jay Idzes,id IDN,DF,Venezia,it Serie A,24,2000,35,3127,89,91.4,34.7,35,89,34,0,,0,0.74,26,48,-22,-0.63,-0.02,Matches
1485,Demian Iesin,ua UKR,DF,Torino,it Serie A,17,2007,0,,,,,0,,0,0,,3,,,,,,,Matches
1486,Iglesias,es ESP,"DF,MF",Getafe,es La Liga,26,1998,37,2888,78,84.4,32.1,32,85,25,5,33,1,1.05,28,35,-7,-0.22,-0.56,Matches
1487,Borja Iglesias,es ESP,FW,Celta Vigo,es La Liga,31,1993,37,1952,53,57.1,21.7,24,70,1,13,21,1,1.49,30,31,-1,-0.05,-0.23,Matches
1488,Juan Ignacio Cabrera,de GER,MF,Augsburg,de Bundesliga,21,2003,0,,,,,0,,0,0,,3,,,,,,,Matches
1489,Igor,br BRA,DF,Brighton,eng Premier League,26,1998,13,961,74,28.1,10.7,10,84,8,3,39,10,1.54,17,17,0,0.00,-0.26,Matches
1490,Kelechi Iheanacho,ng NGA,FW,Sevilla,es La Liga,27,1996,9,400,44,11.7,4.4,5,59,0,4,26,10,0.89,2,6,-4,-0.90,-0.63,Matches
1491,Jonathan Ikone,fr FRA,"MF,FW",Como,it Serie A,26,1998,13,540,42,15.8,6.0,5,73,0,8,22,2,1.62,8,5,+3,+0.50,+0.69,Matches
1492,Jonathan Ikone,fr FRA,MF,Fiorentina,it Serie A,26,1998,14,334,24,9.8,3.7,1,55,0,13,21,3,1.57,7,0,+7,+1.89,+1.54,Matches
1493,George Ilenikhena,ng NGA,FW,Monaco,fr Ligue 1,17,2006,23,717,31,23.4,8.0,6,66,0,17,19,5,1.78,16,9,+7,+0.88,+0.30,Matches
1494,Andrej Ilic,rs SRB,FW,Union Berlin,de Bundesliga,24,2000,16,937,59,30.6,10.4,11,69,1,5,35,0,1.25,16,19,-3,-0.29,+0.26,Matches
1495,Andrej Ilic,rs SRB,FW,Lille,fr Ligue 1,24,2000,0,,,,,0,,0,0,,2,,,,,,,Matches
1496,Ivan Ilić,rs SRB,MF,Torino,it Serie A,23,2001,19,920,48,26.9,10.2,9,75,4,10,24,4,0.84,13,10,+3,+0.29,+0.62,Matches
1497,Mihajlo Ilić,rs SRB,DF,Bologna,it Serie A,21,2003,0,,,,,0,,0,0,,3,,,,,,,Matches
1498,Rareş Ilie,ro ROU,MF,Nice,fr Ligue 1,21,2003,2,13,7,0.4,0.1,0,,0,2,7,5,0.50,0,0,0,0.00,-0.74,Matches
1499,Samuel Iling-Junior,eng ENG,MF,Bologna,it Serie A,20,2003,7,118,17,3.5,1.3,0,,0,7,17,12,1.57,3,2,+1,+0.76,+0.52,Matches
1500,Emirhan İlkhan,tr TUR,MF,Torino,it Serie A,20,2004,0,,,,,0,,0,0,,1,,,,,,,Matches
1501,Gino Infantino,ar ARG,MF,Fiorentina,it Serie A,21,2003,0,,,,,0,,0,0,,2,,,,,,,Matches
1502,Danny Ings,eng ENG,FW,West Ham United,eng Premier League,32,1992,15,284,19,8.3,3.2,1,45,0,14,17,15,1.07,4,4,0,0.00,+0.46,Matches
1503,Alessio Iovine,it ITA,DF,Como,it Serie A,33,1991,10,387,39,11.3,4.3,3,75,2,7,23,27,0.80,6,7,-1,-0.23,-0.17,Matches
1504,Paris Irie,fr FRA,DF,Brest,fr Ligue 1,18,2006,0,,,,,0,,0,0,,1,,,,,,,Matches
1505,Tim Iroegbunam,eng ENG,MF,Everton,eng Premier League,21,2003,18,574,32,16.8,6.4,5,83,3,13,12,4,1.00,9,16,-7,-1.10,-1.26,Matches
1506,Jackson Irvine,au AUS,MF,St Pauli,de Bundesliga,31,1993,29,2610,90,85.3,29.0,29,90,29,0,,0,1.00,25,35,-10,-0.34,+0.26,Matches
1507,Andy Irving,sct SCO,MF,West Ham United,eng Premier League,24,2000,10,166,17,4.9,1.8,1,76,0,9,10,15,1.10,1,4,-3,-1.63,-1.27,Matches
1508,Alexander Isak,se SWE,FW,Newcastle United,eng Premier League,24,1999,34,2756,81,80.6,30.6,34,81,15,0,,0,1.88,61,41,+20,+0.65,+0.52,Matches
1509,Gustav Isaksen,dk DEN,MF,Lazio,it Serie A,23,2001,37,2210,60,64.6,24.6,29,67,2,8,34,0,1.68,35,33,+2,+0.08,-0.66,Matches
1510,Isco,es ESP,MF,Real Betis,es La Liga,32,1992,22,1547,70,45.2,17.2,17,82,9,5,31,0,1.77,35,24,+11,+0.64,+0.83,Matches
1511,Ismaily,br BRA,DF,Lille,fr Ligue 1,34,1990,16,904,57,29.5,10.0,10,81,3,6,16,5,1.88,11,6,+5,+0.50,+0.04,Matches
1512,Ardian Ismajli,al ALB,DF,Empoli,it Serie A,27,1996,29,2508,86,73.3,27.9,29,86,27,0,,0,0.93,28,36,-8,-0.29,+1.49,Matches
1513,Yanis Issoufou,fr FRA,MF,Montpellier,fr Ligue 1,17,2006,4,77,19,2.5,0.9,1,26,0,3,17,4,0.75,0,3,-3,-3.51,-1.91,Matches
1514,Ko Itakura,jp JPN,DF,Gladbach,de Bundesliga,27,1997,31,2790,90,91.2,31.0,31,90,31,0,,0,1.35,51,52,-1,-0.03,+0.30,Matches
1515,Hiroki Ito,jp JPN,DF,Bayern Munich,de Bundesliga,25,1999,6,250,42,8.2,2.8,3,68,0,3,15,0,1.83,6,5,+1,+0.36,-1.75,Matches
1516,Junya Ito,jp JPN,"MF,FW",Reims,fr Ligue 1,31,1993,33,2690,82,87.9,29.9,31,84,18,2,36,0,1.00,31,40,-9,-0.30,+0.92,Matches
1517,Alejandro Iturbe,es ESP,GK,Atlético Madrid,es La Liga,20,2003,0,,,,,0,,0,0,,1,,,,,,,Matches
1518,Diego Iturralde,es ESP,MF,Sevilla,es La Liga,21,2003,1,37,37,1.1,0.4,1,37,0,0,,2,0.00,0,1,-1,-2.43,-2.11,Matches
1519,Daniel Iversen,dk DEN,GK,Leicester City,eng Premier League,27,1997,0,,,,,0,,0,0,,12,,,,,,,Matches
1520,Marko Ivezić,rs SRB,DF,Holstein Kiel,de Bundesliga,22,2001,23,1657,72,54.2,18.4,18,85,15,5,25,10,0.70,26,40,-14,-0.76,+0.33,Matches
1521,Alex Iwobi,ng NGA,MF,Fulham,eng Premier League,28,1996,38,2981,78,87.2,33.1,35,83,14,3,26,0,1.42,40,45,-5,-0.15,-1.18,Matches
1522,Ander Izagirre,es ESP,DF,Athletic Club,es La Liga,21,2003,0,,,,,0,,0,0,,1,,,,,,,Matches
1523,Armando Izzo,it ITA,DF,Monza,it Serie A,32,1992,30,2435,81,71.2,27.1,28,86,22,2,10,1,0.47,23,46,-23,-0.85,+0.79,Matches
1524,Fellipe Jack,br BRA,DF,Como,it Serie A,18,2006,7,171,24,5.0,1.9,1,45,0,6,21,23,1.00,3,3,0,0.00,+0.08,Matches
1525,Nicolas Jackson,sn SEN,FW,Chelsea,eng Premier League,23,2001,30,2220,74,64.9,24.7,28,76,5,2,41,1,1.80,42,23,+19,+0.77,+0.62,Matches
1526,Jérémy Jacquet,fr FRA,DF,Rennes,fr Ligue 1,19,2005,11,927,84,30.3,10.3,11,84,9,0,,1,1.64,19,14,+5,+0.49,+0.65,Matches
1527,Lee Jae-sung,kr KOR,MF,Mainz 05,de Bundesliga,31,1992,33,2650,80,86.6,29.4,31,83,13,2,37,0,1.48,45,38,+7,+0.24,-0.86,Matches
1528,Paul Jaeckel,de GER,DF,Union Berlin,de Bundesliga,26,1998,0,,,,,0,,0,0,,1,,,,,,,Matches
1529,Ivan Jaime Pajuelo,es ESP,MF,Valencia,es La Liga,23,2000,9,297,33,8.7,3.3,2,60,0,7,25,1,1.33,4,7,-3,-0.91,-0.71,Matches
1530,Kristijan Jakić,hr CRO,MF,Augsburg,de Bundesliga,27,1997,31,2306,74,75.4,25.6,27,82,20,4,22,0,1.26,26,38,-12,-0.47,+0.01,Matches
1531,Karl Jakob Hein,ee EST,GK,Valladolid,es La Liga,22,2002,31,2790,90,81.6,31.0,31,90,31,0,,2,0.52,18,68,-50,-1.61,+0.39,Matches
1532,Ismail Jakobs,sn SEN,DF,Monaco,fr Ligue 1,24,1999,2,180,90,5.9,2.0,2,90,2,0,,0,3.00,3,0,+3,+1.50,+0.91,Matches
1533,Jordan James,wls WAL,MF,Rennes,fr Ligue 1,20,2004,23,1178,51,38.5,13.1,14,73,4,9,17,8,1.35,21,16,+5,+0.38,+0.57,Matches
1534,Reece James,eng ENG,"DF,MF",Chelsea,eng Premier League,24,1999,19,1063,56,31.1,11.8,12,76,5,7,22,4,1.63,13,14,-1,-0.08,-0.92,Matches
1535,Vitaly Janelt,de GER,MF,Brentford,eng Premier League,26,1998,32,2254,70,65.9,25.0,27,79,10,5,25,0,1.34,38,37,+1,+0.04,-0.58,Matches
1536,Luka Janes,de GER,MF,Heidenheim,de Bundesliga,20,2004,0,,,,,0,,0,0,,2,,,,,,,Matches
1537,Jakub Jankto,cz CZE,MF,Cagliari,it Serie A,28,1996,0,,,,,0,,0,0,,28,,,,,,,Matches
1538,Omar Janneh,es ESP,FW,Atlético Madrid,es La Liga,17,2006,0,,,,,0,,0,0,,1,,,,,,,Matches
1539,Adnan Januzaj,be BEL,"MF,FW",Las Palmas,es La Liga,29,1995,18,598,33,17.5,6.6,5,74,1,13,18,6,0.56,9,8,+1,+0.15,+0.85,Matches
1540,Luca Jaquez,ch SUI,DF,Stuttgart,de Bundesliga,21,2003,5,253,51,8.3,2.8,2,78,0,3,32,8,2.40,10,2,+8,+2.85,+2.75,Matches
1541,Vitezslav Jaros,cz CZE,GK,Liverpool,eng Premier League,23,2001,1,12,12,0.4,0.1,0,,0,1,12,11,3.00,0,0,0,0.00,-1.19,Matches
1542,Ali Jasim,iq IRQ,MF,Como,it Serie A,20,2004,2,10,5,0.3,0.1,0,,0,2,5,9,1.50,0,1,-1,-9.00,-8.95,Matches
1543,Nuha Jatta,gm GAM,MF,RB Leipzig,de Bundesliga,18,2006,0,,,,,0,,0,0,,3,,,,,,,Matches
1544,Noah Jauny,ie IRL,GK,Brest,fr Ligue 1,19,2004,0,,,,,0,,0,0,,3,,,,,,,Matches
1545,Mikel Jauregizar,es ESP,MF,Athletic Club,es La Liga,20,2003,34,2244,66,65.6,24.9,25,80,16,9,27,2,1.91,34,21,+13,+0.52,-0.40,Matches
1546,Dominik Javorček,sk SVK,"MF,DF",Holstein Kiel,de Bundesliga,21,2002,13,386,30,12.6,4.3,4,65,0,9,14,12,1.00,8,14,-6,-1.40,-0.56,Matches
1547,Alejandro Jay Agustín,es ESP,MF,Alavés,es La Liga,22,2002,0,,,,,0,,0,0,,1,,,,,,,Matches
1548,Gaby Jean,fr FRA,DF,Lecce,it Serie A,24,2000,19,1388,73,40.6,15.4,16,83,13,3,18,11,0.95,15,25,-10,-0.65,+0.28,Matches
1549,Daniel Jebbison,ca CAN,FW,Bournemouth,eng Premier League,20,2003,16,119,7,3.5,1.3,0,,0,16,7,4,1.25,7,2,+5,+3.78,+3.59,Matches
1550,Finn Jeltsch,de GER,DF,Stuttgart,de Bundesliga,18,2006,12,780,65,25.5,8.7,9,84,8,3,9,1,1.17,13,16,-3,-0.35,-0.90,Matches
1551,Malcolm Jeng,se SWE,DF,Reims,fr Ligue 1,19,2005,3,107,36,3.5,1.2,2,50,0,1,8,11,2.00,1,2,-1,-0.84,-0.44,Matches
1552,Fredrik Jensen,fi FIN,"MF,FW",Augsburg,de Bundesliga,26,1997,20,763,38,24.9,8.5,9,64,0,11,17,2,1.35,7,7,0,0.00,+0.63,Matches
1553,Mathias Jensen,dk DEN,MF,Brentford,eng Premier League,28,1996,24,862,36,25.2,9.6,8,73,2,16,17,0,1.71,20,17,+3,+0.31,+0.10,Matches
1554,Moritz Jenz,de GER,DF,Mainz 05,de Bundesliga,25,1999,19,1600,84,52.3,17.8,18,89,16,1,5,4,1.68,27,22,+5,+0.28,-0.15,Matches
1555,Niklas Jessen,de GER,MF,Dortmund,de Bundesliga,20,2003,0,,,,,0,,0,0,,1,,,,,,,Matches
1556,Gabriel Jesus,br BRA,FW,Arsenal,eng Premier League,27,1997,17,608,36,17.8,6.8,6,81,2,11,11,1,1.94,15,5,+10,+1.48,+0.68,Matches
1557,Juan Jesus,br BRA,DF,Napoli,it Serie A,33,1991,15,1074,72,31.4,11.9,12,87,10,3,8,18,2.13,21,12,+9,+0.75,-0.13,Matches
1558,Álex Jiménez,es ESP,"MF,DF",Milan,it Serie A,19,2005,22,1266,58,37.0,14.1,14,71,3,8,35,6,1.68,16,15,+1,+0.07,-0.64,Matches
1559,David Jiménez,es ESP,DF,Real Madrid,es La Liga,20,2004,0,,,,,0,,0,0,,2,,,,,,,Matches
1560,Raúl Jiménez,es ESP,GK,Valencia,es La Liga,18,2006,0,,,,,0,,0,0,,4,,,,,,,Matches
1561,Raúl Jiménez,mx MEX,FW,Fulham,eng Premier League,33,1991,38,2494,66,72.9,27.7,30,78,9,8,18,0,1.42,31,37,-6,-0.22,-0.80,Matches
1562,Jamaldeen Jimoh,eng ENG,MF,Aston Villa,eng Premier League,17,2006,0,,,,,0,,0,0,,7,,,,,,,Matches
1563,Kim Jisoo,kr KOR,DF,Brentford,eng Premier League,19,2004,3,30,10,0.9,0.3,0,,0,3,10,12,0.33,0,0,0,0.00,-0.24,Matches
1564,Pere Joan,es ESP,GK,Mallorca,es La Liga,22,2002,0,,,,,0,,0,0,,3,,,,,,,Matches
1565,João Pedro,br BRA,"FW,MF",Brighton,eng Premier League,22,2001,27,1948,72,57.0,21.6,23,81,12,4,23,0,1.48,33,27,+6,+0.28,+0.22,Matches
1566,John Joe,ie IRL,MF,Getafe,es La Liga,20,2003,4,48,12,1.4,0.5,0,,0,4,12,5,1.00,0,0,0,0.00,+0.13,Matches
1567,John Joe,ie IRL,MF,Reims,fr Ligue 1,20,2003,13,545,42,17.8,6.1,5,70,1,8,25,4,0.62,3,10,-7,-1.16,-0.91,Matches
1568,Joelinton,br BRA,"MF,FW",Newcastle United,eng Premier League,27,1996,29,2393,83,70.0,26.6,29,83,18,0,,0,1.83,51,32,+19,+0.71,+0.54,Matches
1569,Jofre,es ESP,MF,Espanyol,es La Liga,23,2001,37,2165,59,63.3,24.1,26,73,3,11,23,0,1.11,23,38,-15,-0.62,-0.91,Matches
1570,Þórir Jóhann Helgason,is ISL,MF,Lecce,it Serie A,23,2000,21,1156,55,33.8,12.8,13,74,4,8,24,6,1.14,13,14,-1,-0.08,+1.11,Matches
1571,Carl Johansson,se SWE,DF,Holstein Kiel,de Bundesliga,30,1994,10,568,57,18.6,6.3,7,75,4,3,15,7,1.10,11,19,-8,-1.27,-0.44,Matches
1572,Ben Johnson,eng ENG,"MF,DF",Ipswich Town,eng Premier League,24,2000,23,1354,59,39.6,15.0,14,85,10,9,19,9,0.74,17,36,-19,-1.26,-0.09,Matches
1573,Brennan Johnson,wls WAL,"FW,MF",Tottenham Hotspur,eng Premier League,23,2001,33,2177,66,63.7,24.2,24,79,14,9,31,2,1.03,40,38,+2,+0.08,+0.30,Matches
1574,Karl-Johan Johnsson,se SWE,GK,Strasbourg,fr Ligue 1,34,1990,3,270,90,8.8,3.0,3,90,3,0,,31,1.33,7,6,+1,+0.33,-0.02,Matches
1575,Sam Johnstone,eng ENG,GK,Crystal Palace,eng Premier League,31,1993,0,,,,,0,,0,0,,2,,,,,,,Matches
1576,Sam Johnstone,eng ENG,GK,Wolves,eng Premier League,31,1993,7,630,90,18.4,7.0,7,90,7,0,,16,0.14,9,17,-8,-1.14,-0.92,Matches
1577,Paul Joly,fr FRA,"DF,MF",Auxerre,fr Ligue 1,24,2000,26,1009,39,33.0,11.2,10,77,3,16,15,2,1.04,15,22,-7,-0.62,-0.80,Matches
1578,Curtis Jones,eng ENG,"MF,DF",Liverpool,eng Premier League,23,2001,33,1712,52,50.1,19.0,19,76,6,14,19,1,2.09,38,26,+12,+0.63,-1.11,Matches
1579,Frenkie de Jong,nl NED,MF,Barcelona,es La Liga,27,1997,26,1143,44,33.4,12.7,9,72,3,17,29,3,2.35,42,18,+24,+1.89,+0.35,Matches
1580,Joan Jordán,es ESP,MF,Alavés,es La Liga,30,1994,25,1414,57,41.3,15.7,15,76,5,10,28,4,1.08,19,20,-1,-0.06,+0.34,Matches
1581,Jorginho,it ITA,MF,Arsenal,eng Premier League,32,1991,15,704,47,20.6,7.8,9,72,3,6,9,19,2.00,14,7,+7,+0.89,-0.03,Matches
1582,Jesse Joronen,fi FIN,GK,Venezia,it Serie A,31,1993,8,703,88,20.6,7.8,7,90,7,1,73,28,0.50,7,15,-8,-1.02,-0.49,Matches
1583,Jota,pt POR,MF,Rennes,fr Ligue 1,25,1999,9,334,37,10.9,3.7,3,73,0,6,19,2,1.44,3,5,-2,-0.54,-0.64,Matches
1584,Diogo Jota,pt POR,FW,Liverpool,eng Premier League,27,1996,26,1196,46,35.0,13.3,14,67,2,12,22,3,2.12,28,12,+16,+1.20,+0.03,Matches
1585,Antoine Joujou,fr FRA,"MF,FW",Le Havre,fr Ligue 1,21,2003,26,943,36,30.8,10.5,9,72,2,17,17,2,0.85,14,21,-7,-0.67,+0.35,Matches
1586,Ilan Jourdren,fr FRA,GK,Lens,fr Ligue 1,16,2008,0,,,,,0,,0,0,,1,,,,,,,Matches
1587,Luka Jović,rs SRB,FW,Milan,it Serie A,26,1997,15,557,37,16.3,6.2,6,64,0,9,19,6,1.33,7,8,-1,-0.16,-0.76,Matches
1588,Juanmi,es ESP,FW,Getafe,es La Liga,31,1993,13,696,54,20.4,7.7,8,74,1,5,21,1,1.23,12,8,+4,+0.52,+0.81,Matches
1589,Juanmi,es ESP,MF,Real Betis,es La Liga,31,1993,11,244,22,7.1,2.7,2,60,0,9,14,9,0.91,3,3,0,0.00,-0.20,Matches
1590,Juanpe,es ESP,GK,Rayo Vallecano,es La Liga,23,2001,0,,,,,0,,0,0,,7,,,,,,,Matches
1591,Juanpe,es ESP,DF,Girona,es La Liga,33,1991,12,727,61,21.3,8.1,8,86,7,4,10,26,1.42,11,18,-7,-0.87,-0.57,Matches
1592,Jubal,br BRA,DF,Auxerre,fr Ligue 1,30,1993,30,2640,88,86.3,29.3,30,88,27,0,,0,1.30,42,39,+3,+0.10,+1.39,Matches
1593,Christopher Jullien,fr FRA,DF,Montpellier,fr Ligue 1,31,1993,0,,,,,0,,0,0,,1,,,,,,,Matches
1594,Abdulai Juma Bah,sl SLE,DF,Valladolid,es La Liga,18,2006,12,864,72,25.3,9.6,10,84,8,2,11,3,0.92,6,18,-12,-1.25,+0.58,Matches
1595,Abdulai Juma Bah,sl SLE,DF,Lens,fr Ligue 1,18,2006,10,686,69,22.4,7.6,8,84,7,2,9,3,1.90,10,9,+1,+0.13,+0.06,Matches
1596,Anthony Jung,de GER,DF,Werder Bremen,de Bundesliga,32,1991,28,1898,68,62.0,21.1,20,86,15,8,23,5,1.50,35,42,-7,-0.33,-0.64,Matches
1597,Luiz Lúcio Reis Júnior,br BRA,GK,Villarreal,es La Liga,23,2001,17,1458,86,42.6,16.2,16,90,16,1,18,20,1.82,30,18,+12,+0.74,+0.37,Matches
1598,Hamed Junior Traorè,ci CIV,MF,Bournemouth,eng Premier League,24,2000,0,,,,,0,,0,0,,1,,,,,,,Matches
1599,Hamed Junior Traorè,ci CIV,MF,Auxerre,fr Ligue 1,24,2000,26,2093,81,68.4,23.3,26,81,10,0,,0,1.23,31,30,+1,+0.04,+0.42,Matches
1600,Vinicius Júnior,br BRA,"FW,MF",Real Madrid,es La Liga,24,2000,30,2253,75,65.9,25.0,24,86,12,6,31,0,2.10,44,24,+20,+0.80,-0.74,Matches
1601,Josip Juranović,hr CRO,"MF,DF",Union Berlin,de Bundesliga,28,1995,17,1159,68,37.9,12.9,13,82,8,4,23,1,1.24,12,19,-7,-0.54,-0.12,Matches
1602,David Jurásek,cz CZE,"DF,MF",Hoffenheim,de Bundesliga,23,2000,14,619,44,20.2,6.9,6,81,2,8,17,10,0.57,5,15,-10,-1.45,-1.01,Matches
1603,Stanko Jurić,hr CRO,MF,Valladolid,es La Liga,27,1996,26,1729,67,50.6,19.2,19,79,7,7,32,8,0.58,15,46,-31,-1.61,+0.14,Matches
1604,James Justin,eng ENG,"DF,MF",Leicester City,eng Premier League,26,1998,36,2912,81,85.1,32.4,34,84,23,2,27,1,0.67,31,68,-37,-1.14,+0.63,Matches
1605,Filip Jørgensen,dk DEN,GK,Chelsea,eng Premier League,22,2002,6,540,90,15.8,6.0,6,90,6,0,,31,1.50,12,9,+3,+0.50,-0.06,Matches
1606,Mohamed Kaba,gn GUI,MF,Lecce,it Serie A,22,2001,15,452,30,13.2,5.0,2,68,1,13,24,16,1.13,4,9,-5,-1.00,-0.21,Matches
1607,Yusuf Kabadayı,de GER,FW,Augsburg,de Bundesliga,20,2004,5,71,14,2.3,0.8,0,,0,5,14,7,1.40,1,1,0,0.00,+0.48,Matches
1608,Almugera Kabar,de GER,DF,Dortmund,de Bundesliga,18,2006,5,137,27,4.5,1.5,1,77,0,4,15,12,1.20,1,4,-3,-1.97,-2.68,Matches
1609,Christian Kabasele,be BEL,DF,Udinese,it Serie A,33,1991,16,1161,73,33.9,12.9,12,82,6,4,45,22,1.25,16,21,-5,-0.39,+0.01,Matches
1610,Ismeal Kabia,eng ENG,MF,Arsenal,eng Premier League,18,2005,0,,,,,0,,0,0,,9,,,,,,,Matches
1611,Issa Kaboré,bf BFA,MF,Werder Bremen,de Bundesliga,23,2001,9,308,34,10.1,3.4,3,65,0,6,19,3,0.56,9,9,0,0.00,+0.10,Matches
1612,Issa Kaboré,bf BFA,"DF,MF",Manchester City,eng Premier League,23,2001,0,,,,,0,,0,0,,1,,,,,,,Matches
1613,Maldini Kacurri,al ALB,DF,Arsenal,eng Premier League,18,2005,0,,,,,0,,0,0,,4,,,,,,,Matches
1614,Yaya Kader Fofana,ml MLI,"MF,FW",Reims,fr Ligue 1,20,2004,12,634,53,20.7,7.0,8,69,0,4,22,2,1.50,12,7,+5,+0.71,+1.41,Matches
1615,Pavel Kadeřábek,cz CZE,"MF,DF",Hoffenheim,de Bundesliga,32,1992,24,1576,66,51.5,17.5,18,81,12,6,21,4,0.79,27,41,-14,-0.80,-0.31,Matches
1616,Tino Kadewere,zw ZIM,MF,Nantes,fr Ligue 1,28,1996,12,512,43,16.7,5.7,6,75,0,6,11,1,0.92,7,7,0,0.00,+0.46,Matches
1617,Ferdi Kadioglu,tr TUR,"DF,MF",Brighton,eng Premier League,24,1999,6,385,64,11.3,4.3,5,72,1,1,23,1,1.33,5,8,-3,-0.70,-1.00,Matches
1618,Arnaud Kalimuendo,fr FRA,FW,Rennes,fr Ligue 1,22,2002,33,2578,78,84.2,28.6,31,81,14,2,33,0,1.15,43,42,+1,+0.03,+0.03,Matches
1619,Pierre Kalulu,fr FRA,DF,Juventus,it Serie A,24,2000,29,2337,81,68.3,26.0,25,88,23,4,34,2,1.62,35,26,+9,+0.35,-0.82,Matches
1620,Justin-Noël Kalumba,fr FRA,FW,Angers,fr Ligue 1,19,2004,2,31,16,1.0,0.3,0,,0,2,16,6,0.50,1,1,0,0.00,+0.62,Matches
1621,Daichi Kamada,jp JPN,MF,Crystal Palace,eng Premier League,27,1996,34,1564,46,45.7,17.4,15,81,7,19,18,1,1.38,25,26,-1,-0.06,-0.11,Matches
1622,Warren Kamanzi,no NOR,MF,Toulouse,fr Ligue 1,23,2000,24,1022,43,33.4,11.4,11,80,4,13,11,9,1.63,16,9,+7,+0.62,+0.88,Matches
1623,Boubacar Kamara,fr FRA,"MF,DF",Aston Villa,eng Premier League,24,1999,26,1726,66,50.5,19.2,20,81,12,6,16,1,1.69,28,22,+6,+0.31,+0.26,Matches
1624,Glen Kamara,fi FIN,MF,Rennes,fr Ligue 1,28,1995,13,662,51,21.6,7.4,8,70,3,5,20,3,1.23,10,13,-3,-0.41,-0.56,Matches
1625,Hassane Kamara,ci CIV,"MF,DF",Udinese,it Serie A,30,1994,30,2001,67,58.5,22.2,25,75,12,5,24,4,1.17,24,27,-3,-0.13,+0.63,Matches
1626,Noham Kamara,fr FRA,DF,Paris Saint-Germain,fr Ligue 1,17,2007,2,76,38,2.5,0.8,0,,0,2,38,1,1.50,1,1,0,0.00,-1.72,Matches
1627,Willy Kambwala,fr FRA,DF,Villarreal,es La Liga,19,2004,19,1117,59,32.7,12.4,12,80,8,7,22,11,2.05,20,15,+5,+0.40,-0.18,Matches
1628,Jakub Kamiński,pl POL,"MF,DF",Wolfsburg,de Bundesliga,22,2002,22,1130,51,36.9,12.6,12,80,8,10,17,9,1.09,23,21,+2,+0.16,+0.16,Matches
1629,Kevin Kampl,si SVN,MF,RB Leipzig,de Bundesliga,33,1990,26,1593,61,52.1,17.7,18,78,6,8,23,2,1.50,28,28,0,0.00,-0.31,Matches
1630,Enzo Kana-Biyik,fr FRA,FW,Le Havre,fr Ligue 1,17,2007,0,,,,,0,,0,0,,1,,,,,,,Matches
1631,Nordine Kandil,fr FRA,MF,Strasbourg,fr Ligue 1,22,2001,1,10,10,0.3,0.1,0,,0,1,10,0,1.00,0,0,0,0.00,-0.35,Matches
1632,Harry Kane,eng ENG,FW,Bayern Munich,de Bundesliga,31,1993,31,2381,77,77.8,26.5,28,82,15,3,29,0,2.52,81,18,+63,+2.38,+1.85,Matches
1633,Lee Kang-in,kr KOR,"FW,MF",Paris Saint-Germain,fr Ligue 1,23,2001,30,1663,55,54.3,18.5,19,73,4,11,26,2,2.50,47,21,+26,+1.41,-0.59,Matches
1634,Ibrahim Kanté,fr FRA,MF,Brest,fr Ligue 1,17,2007,0,,,,,0,,0,0,,5,,,,,,,Matches
1635,Yann Karamoh,fr FRA,"MF,FW",Torino,it Serie A,26,1998,29,1046,36,30.6,11.6,10,71,0,19,17,7,1.14,15,14,+1,+0.09,+0.35,Matches
1636,Atakan Karazor,tr TUR,MF,Stuttgart,de Bundesliga,27,1996,32,2618,82,85.6,29.1,31,84,21,1,21,0,1.56,56,45,+11,+0.38,+0.38,Matches
1637,Lennart Karl,de GER,MF,Bayern Munich,de Bundesliga,16,2008,0,,,,,0,,0,0,,3,,,,,,,Matches
1638,Jesper Karlsson,se SWE,"MF,FW",Bologna,it Serie A,26,1998,7,298,43,8.7,3.3,3,54,0,4,34,10,1.29,5,7,-2,-0.60,-0.95,Matches
1639,Jesper Karlsson,se SWE,"MF,FW",Lecce,it Serie A,26,1998,13,495,38,14.5,5.5,6,58,0,7,21,7,0.92,5,6,-1,-0.18,+0.74,Matches
1640,Jesper Karlström,se SWE,MF,Udinese,it Serie A,29,1995,37,3186,86,93.2,35.4,36,88,31,1,33,0,1.11,36,53,-17,-0.48,-1.25,Matches
1641,Roman Karolewicz,fr FRA,GK,Lens,fr Ligue 1,19,2005,0,,,,,0,,0,0,,2,,,,,,,Matches
1642,Lior Kasa,il ISR,MF,Genoa,it Serie A,18,2005,8,230,29,6.7,2.6,2,50,0,6,22,17,1.38,2,1,+1,+0.39,+0.76,Matches
1643,Grigoris Kastanos,cy CYP,"MF,FW",Hellas Verona,it Serie A,26,1998,27,872,32,25.5,9.7,8,56,0,19,22,11,0.74,11,20,-9,-0.93,-0.12,Matches
1644,Silas Katompa,cd COD,"FW,MF",Stuttgart,de Bundesliga,25,1998,0,,,,,0,,0,0,,1,,,,,,,Matches
1645,Mikkel Kaufmann,dk DEN,"FW,MF",Heidenheim,de Bundesliga,23,2001,9,372,41,12.2,4.1,3,63,0,6,31,4,0.33,3,9,-6,-1.45,-0.75,Matches
1646,Joachim Kayi Sanda,fr FRA,DF,Southampton,eng Premier League,17,2006,2,14,7,0.4,0.2,0,,0,2,7,0,0.00,0,1,-1,-6.43,-4.87,Matches
1647,Michael Kayode,it ITA,DF,Fiorentina,it Serie A,20,2004,5,127,25,3.7,1.4,1,90,1,4,9,14,2.00,3,2,+1,+0.71,+0.22,Matches
1648,Michael Kayode,it ITA,DF,Brentford,eng Premier League,20,2004,12,528,44,15.4,5.9,6,78,1,6,11,1,1.83,15,5,+10,+1.70,+1.74,Matches
1649,Moise Kean,it ITA,FW,Fiorentina,it Serie A,24,2000,32,2704,85,79.1,30.0,31,86,22,1,35,0,1.66,49,34,+15,+0.50,0.00,Matches
1650,Michael Keane,eng ENG,DF,Everton,eng Premier League,31,1993,14,1049,75,30.7,11.7,11,90,11,3,20,22,1.29,12,20,-8,-0.69,-0.91,Matches
1651,Yassine Kechta,ma MAR,"MF,FW",Le Havre,fr Ligue 1,22,2002,31,2096,68,68.5,23.3,25,79,4,6,19,2,1.00,26,42,-16,-0.69,+0.71,Matches
1652,Thilo Kehrer,de GER,DF,Monaco,fr Ligue 1,27,1996,27,2383,88,77.9,26.5,27,88,25,0,,6,1.96,54,29,+25,+0.94,+1.34,Matches
1653,Abdoulaye Keita,es ESP,MF,Getafe,es La Liga,21,2002,3,95,32,2.8,1.1,1,54,0,2,21,9,1.00,0,0,0,0.00,+0.14,Matches
1654,Madiou Keïta,gn GUI,DF,Auxerre,fr Ligue 1,19,2004,0,,,,,0,,0,0,,5,,,,,,,Matches
1655,Mandela Keita,be BEL,MF,Parma,it Serie A,22,2002,30,1826,61,53.4,20.3,24,70,12,6,23,4,1.03,18,24,-6,-0.30,+0.16,Matches
1656,Yannik Keitel,de GER,MF,Stuttgart,de Bundesliga,24,2000,11,270,25,8.8,3.0,2,86,0,9,11,18,2.18,5,4,+1,+0.33,+0.01,Matches
1657,Andu Kelati,de GER,MF,Holstein Kiel,de Bundesliga,21,2002,8,288,36,9.4,3.2,2,71,0,6,25,7,0.25,9,6,+3,+0.94,+2.04,Matches
1658,Caoimhín Kelleher,ie IRL,GK,Liverpool,eng Premier League,25,1998,10,900,90,26.3,10.0,10,90,10,0,,27,2.30,22,12,+10,+1.00,-0.25,Matches
1659,Thomas Keller,de GER,"MF,DF",Heidenheim,de Bundesliga,24,1999,6,148,25,4.8,1.6,2,52,0,4,11,14,1.17,1,4,-3,-1.82,-1.08,Matches
1660,Lloyd Kelly,eng ENG,DF,Newcastle United,eng Premier League,25,1998,10,303,30,8.9,3.4,4,68,1,6,6,14,1.60,2,6,-4,-1.19,-1.91,Matches
1661,Lloyd Kelly,eng ENG,DF,Juventus,it Serie A,25,1998,12,1013,84,29.6,11.3,11,88,9,1,45,1,2.08,15,12,+3,+0.27,-0.48,Matches
1662,Aljoscha Kemlein,de GER,MF,Union Berlin,de Bundesliga,19,2004,15,922,61,30.1,10.2,11,77,4,4,20,4,0.80,6,17,-11,-1.07,-0.86,Matches
1663,Marc-Oliver Kempf,de GER,DF,Como,it Serie A,29,1995,31,2615,84,76.5,29.1,30,86,26,1,22,1,1.52,44,35,+9,+0.31,+1.65,Matches
1664,Kenedy,br BRA,"FW,MF",Valladolid,es La Liga,28,1996,2,9,5,0.3,0.1,0,,0,2,5,7,0.00,0,1,-1,-10.00,-8.34,Matches
1665,Luca Kerber,de GER,MF,Heidenheim,de Bundesliga,22,2002,23,783,34,25.6,8.7,7,62,1,16,22,9,1.13,12,16,-4,-0.46,+0.45,Matches
1666,Milos Kerkez,hu HUN,DF,Bournemouth,eng Premier League,20,2003,38,3336,88,97.5,37.1,38,88,32,0,,0,1.47,52,45,+7,+0.19,-5.17,Matches
1667,Reda Khadra,de GER,"FW,MF",Reims,fr Ligue 1,23,2001,4,78,20,2.5,0.9,0,,0,4,20,1,1.75,1,1,0,0.00,+0.42,Matches
1668,Bilal El Khannouss,ma MAR,MF,Leicester City,eng Premier League,20,2004,32,2182,68,63.8,24.2,27,78,8,5,16,3,0.63,17,54,-37,-1.53,-0.80,Matches
1669,Wahbi Khazri,tn TUN,"FW,MF",Montpellier,fr Ligue 1,33,1991,30,1118,37,36.5,12.4,10,69,1,20,21,2,0.50,7,28,-21,-1.69,-0.07,Matches
1670,Rani Khedira,tn TUN,MF,Union Berlin,de Bundesliga,30,1994,32,2723,85,89.0,30.3,31,87,26,1,19,1,1.25,34,39,-5,-0.17,+2.77,Matches
1671,Abdukodir Khusanov,uz UZB,DF,Manchester City,eng Premier League,20,2004,6,503,84,14.7,5.6,6,84,5,0,,5,1.67,8,6,+2,+0.36,-0.44,Matches
1672,Abdukodir Khusanov,uz UZB,DF,Lens,fr Ligue 1,20,2004,13,975,75,31.9,10.8,11,87,10,2,9,0,1.62,12,9,+3,+0.28,+0.28,Matches
1673,Kialonda,ao ANG,DF,Lecce,it Serie A,26,1997,24,2144,89,62.7,23.8,24,89,23,0,,5,0.92,14,36,-22,-0.92,-0.29,Matches
1674,Kiké,es ESP,FW,Alavés,es La Liga,34,1989,35,2542,73,74.3,28.2,29,82,12,6,26,2,1.17,29,25,+4,+0.14,+1.58,Matches
1675,Álvaro Killane,es ESP,GK,Las Palmas,es La Liga,19,2004,0,,,,,0,,0,0,,13,,,,,,,Matches
1676,Max Kilman,eng ENG,DF,West Ham United,eng Premier League,27,1997,38,3348,88,97.9,37.2,38,88,37,0,,0,1.13,45,62,-17,-0.46,-1.71,Matches
1677,Joshua Kimmich,de GER,MF,Bayern Munich,de Bundesliga,29,1995,33,2847,86,93.0,31.6,32,89,31,1,15,0,2.39,90,28,+62,+1.96,-0.15,Matches
1678,Presnel Kimpembe,fr FRA,DF,Paris Saint-Germain,fr Ligue 1,28,1995,2,23,12,0.8,0.3,0,,0,2,12,12,3.00,1,0,+1,+3.91,+2.25,Matches
1679,Joshua King,no NOR,"FW,MF",Toulouse,fr Ligue 1,32,1992,28,1673,60,54.7,18.6,21,72,6,7,23,0,1.18,25,18,+7,+0.38,+0.77,Matches
1680,Joshua King,eng ENG,MF,Fulham,eng Premier League,17,2007,8,130,16,3.8,1.4,1,61,0,7,10,15,1.38,3,0,+3,+2.08,+2.16,Matches
1681,Maeson King,eng ENG,DF,Tottenham Hotspur,eng Premier League,18,2005,0,,,,,0,,0,0,,1,,,,,,,Matches
1682,Tom King,wls WAL,GK,Wolves,eng Premier League,29,1995,1,1,1,0.0,0.0,0,,0,1,1,2,1.00,0,0,0,0.00,+0.39,Matches
1683,Antonín Kinský,cz CZE,GK,Tottenham Hotspur,eng Premier League,21,2003,6,540,90,15.8,6.0,6,90,6,0,,12,0.50,6,11,-5,-0.83,-0.96,Matches
1684,Cédric Kipré,ci CIV,DF,Reims,fr Ligue 1,27,1996,28,2190,78,71.6,24.3,26,84,22,2,7,4,0.96,22,34,-12,-0.49,-0.29,Matches
1685,Yann Kitala,,FW,Le Havre,fr Ligue 1,26,1998,0,,,,,0,,0,0,,1,,,,,,,Matches
1686,Bradel Kiwa,fr FRA,MF,Monaco,fr Ligue 1,18,2006,0,,,,,0,,0,0,,4,,,,,,,Matches
1687,Jakub Kiwior,pl POL,DF,Arsenal,eng Premier League,24,2000,17,1122,66,32.8,12.5,10,90,10,7,32,20,1.82,19,15,+4,+0.32,-0.89,Matches
1688,Carl Klaus,de GER,GK,Union Berlin,de Bundesliga,30,1994,0,,,,,0,,0,0,,8,,,,,,,Matches
1689,Daniel Klein,de GER,GK,Augsburg,de Bundesliga,23,2001,0,,,,,0,,0,0,,5,,,,,,,Matches
1690,Tim Kleindienst,de GER,FW,Gladbach,de Bundesliga,28,1995,31,2737,88,89.4,30.4,31,88,23,0,,0,1.35,53,49,+4,+0.13,+1.80,Matches
1691,Lukas Klostermann,de GER,DF,RB Leipzig,de Bundesliga,28,1996,28,1838,66,60.1,20.4,20,85,15,8,17,3,1.64,26,24,+2,+0.10,-0.12,Matches
1692,Justin Kluivert,nl NED,MF,Bournemouth,eng Premier League,25,1999,34,2340,69,68.4,26.0,29,74,5,5,40,0,1.50,36,29,+7,+0.27,-0.15,Matches
1693,Ansgar Knauff,de GER,MF,Eintracht Frankfurt,de Bundesliga,22,2002,30,1597,53,52.2,17.7,18,72,1,12,25,1,1.80,36,27,+9,+0.51,-0.29,Matches
1694,Joe Knight,eng ENG,MF,Brighton,eng Premier League,18,2005,0,,,,,0,,0,0,,3,,,,,,,Matches
1695,Magnus Knudsen,no NOR,MF,Holstein Kiel,de Bundesliga,23,2001,31,1850,60,60.5,20.6,22,76,10,9,20,2,0.77,25,49,-24,-1.17,-0.65,Matches
1696,Gregor Kobel,ch SUI,GK,Dortmund,de Bundesliga,26,1997,32,2880,90,94.1,32.0,32,90,32,0,,0,1.69,68,47,+21,+0.66,+1.16,Matches
1697,Robin Koch,de GER,DF,Eintracht Frankfurt,de Bundesliga,28,1996,30,2586,86,84.5,28.7,30,86,27,0,,0,1.87,62,37,+25,+0.87,+1.44,Matches
1698,Diego Kochen,us USA,GK,Barcelona,es La Liga,18,2006,0,,,,,0,,0,0,,17,,,,,,,Matches
1699,Ghianny Kodia,fr FRA,FW,Strasbourg,fr Ligue 1,16,2007,0,,,,,0,,0,0,,1,,,,,,,Matches
1700,Hervé Koffi,bf BFA,GK,Lens,fr Ligue 1,27,1996,5,450,90,14.7,5.0,5,90,5,0,,20,0.60,3,8,-5,-1.00,-1.28,Matches
1701,Magnus Kofod Andersen,dk DEN,MF,Venezia,it Serie A,25,1999,14,695,50,20.3,7.7,7,79,2,7,21,4,1.00,10,10,0,0.00,+0.79,Matches
1702,Derrick Köhn,gh GHA,"MF,DF",Werder Bremen,de Bundesliga,25,1999,27,1343,50,43.9,14.9,14,77,1,13,20,4,1.37,23,29,-6,-0.40,-0.56,Matches
1703,Philipp Köhn,ch SUI,GK,Monaco,fr Ligue 1,26,1998,19,1710,90,55.9,19.0,19,90,19,0,,15,2.00,32,19,+13,+0.68,+0.08,Matches
1704,Rudy Kohon,fr FRA,DF,Real Betis,es La Liga,20,2004,0,,,,,0,,0,0,,1,,,,,,,Matches
1705,Dominik Kohr,de GER,"DF,MF",Mainz 05,de Bundesliga,30,1994,28,2295,82,75.0,25.5,28,82,18,0,,0,1.57,40,28,+12,+0.47,+0.47,Matches
1706,Koka,eg EGY,FW,Le Havre,fr Ligue 1,31,1993,16,851,53,27.8,9.5,10,69,1,6,27,0,1.38,17,16,+1,+0.11,+1.41,Matches
1707,Koke,es ESP,MF,Atlético Madrid,es La Liga,32,1992,32,1926,60,56.3,21.4,20,76,9,12,33,1,2.06,32,14,+18,+0.84,-0.36,Matches
1708,Sead Kolašinac,ba BIH,DF,Atalanta,it Serie A,31,1993,23,1903,83,55.6,21.1,23,83,16,0,,0,1.96,42,18,+24,+1.14,+0.13,Matches
1709,Markus Kolke,de GER,GK,Werder Bremen,de Bundesliga,33,1990,0,,,,,0,,0,0,,1,,,,,,,Matches
1710,Randal Kolo Muani,fr FRA,FW,Juventus,it Serie A,25,1998,16,1160,73,33.9,12.9,13,83,6,3,25,1,1.88,17,15,+2,+0.16,-0.68,Matches
1711,Randal Kolo Muani,fr FRA,FW,Paris Saint-Germain,fr Ligue 1,25,1998,10,358,36,11.7,4.0,2,68,1,8,28,3,2.40,10,7,+3,+0.75,-1.04,Matches
1712,Marco Komenda,hr CRO,DF,Holstein Kiel,de Bundesliga,27,1996,19,1307,69,42.7,14.5,17,76,9,2,9,6,0.89,22,32,-10,-0.69,+0.39,Matches
1713,Mert Kömür,de GER,MF,Augsburg,de Bundesliga,19,2005,20,654,33,21.4,7.3,5,62,0,15,23,9,1.15,4,12,-8,-1.10,-0.80,Matches
1714,Ibrahima Konaté,fr FRA,DF,Liverpool,eng Premier League,25,1999,31,2560,83,74.9,28.4,30,84,24,1,45,1,2.26,60,28,+32,+1.13,-0.24,Matches
1715,Ismael Konate,it ITA,FW,Empoli,it Serie A,18,2006,12,116,10,3.4,1.3,0,,0,12,10,23,0.33,1,1,0,0.00,+0.71,Matches
1716,Geoffrey Kondogbia,cf CTA,"DF,MF",Marseille,fr Ligue 1,31,1993,25,2020,81,66.0,22.4,22,89,18,3,23,0,1.72,41,31,+10,+0.45,-1.03,Matches
1717,Abdoul Koné,fr FRA,DF,Reims,fr Ligue 1,19,2005,4,133,33,4.3,1.5,1,60,0,3,24,5,1.50,2,2,0,0.00,+0.43,Matches
1718,Amadou Koné,ml MLI,MF,Reims,fr Ligue 1,19,2005,24,1293,54,42.3,14.4,17,68,2,7,20,3,0.83,13,14,-1,-0.07,+0.59,Matches
1719,Ismaël Koné,ca CAN,MF,Marseille,fr Ligue 1,22,2002,8,360,45,11.8,4.0,3,62,0,5,35,6,1.88,5,4,+1,+0.25,-0.62,Matches
1720,Ismaël Koné,ca CAN,MF,Rennes,fr Ligue 1,22,2002,13,469,36,15.3,5.2,4,69,0,9,21,1,1.38,9,7,+2,+0.38,+0.42,Matches
1721,Manu Koné,fr FRA,MF,Roma,it Serie A,23,2001,34,2572,76,75.2,28.6,31,80,20,3,29,1,1.82,41,29,+12,+0.42,-0.54,Matches
1722,Sekou Koné,ml MLI,MF,Manchester Utd,eng Premier League,18,2006,0,,,,,0,,0,0,,3,,,,,,,Matches
1723,Noah König,de GER,DF,Hoffenheim,de Bundesliga,21,2003,0,,,,,0,,0,0,,2,,,,,,,Matches
1724,Ezri Konsa,eng ENG,DF,Aston Villa,eng Premier League,26,1997,34,2936,86,85.8,32.6,33,88,32,1,45,1,1.76,48,45,+3,+0.09,-0.65,Matches
1725,Teun Koopmeiners,nl NED,MF,Juventus,it Serie A,26,1998,28,1994,71,58.3,22.2,23,80,15,5,33,1,1.75,33,18,+15,+0.68,+0.17,Matches
1726,Kacper Koscierski,de GER,DF,Bochum,de Bundesliga,17,2007,1,7,7,0.2,0.1,0,,0,1,7,0,3.00,0,0,0,0.00,+1.00,Matches
1727,Odilon Kossounou,ci CIV,DF,Atalanta,it Serie A,23,2001,18,1125,63,32.9,12.5,12,81,8,6,26,2,2.22,25,15,+10,+0.80,-0.42,Matches
1728,Odilon Kossounou,ci CIV,DF,Leverkusen,de Bundesliga,23,2001,0,,,,,0,,0,0,,1,,,,,,,Matches
1729,Ilias Kostis,gr GRE,DF,Atlético Madrid,es La Liga,21,2003,0,,,,,0,,0,0,,7,,,,,,,Matches
1730,Eddy Kouadio,ci CIV,DF,Fiorentina,it Serie A,18,2006,0,,,,,0,,0,0,,1,,,,,,,Matches
1731,Christian Kouamé,ci CIV,"MF,FW",Fiorentina,it Serie A,26,1997,18,622,35,18.2,6.9,5,74,1,13,19,3,1.78,10,1,+9,+1.30,+0.98,Matches
1732,Christian Kouamé,ci CIV,"FW,MF",Empoli,it Serie A,26,1997,8,507,63,14.8,5.6,5,79,3,3,37,0,0.38,1,11,-10,-1.78,-1.28,Matches
1733,Henri Koudossou,de GER,MF,Augsburg,de Bundesliga,24,1999,21,748,36,24.4,8.3,4,78,1,17,26,5,1.24,11,12,-1,-0.12,+0.46,Matches
1734,Konstantinos Koulierakis,gr GRE,DF,Wolfsburg,de Bundesliga,20,2003,30,2468,82,80.7,27.4,28,86,24,2,26,1,1.33,44,40,+4,+0.15,+0.45,Matches
1735,Emmanuel Koum Mbondo,fr FRA,FW,Marseille,fr Ligue 1,18,2006,1,12,12,0.4,0.1,0,,0,1,12,1,3.00,0,0,0,0.00,-0.80,Matches
1736,Jules Koundé,fr FRA,DF,Barcelona,es La Liga,25,1998,32,2605,81,76.2,28.9,29,88,25,3,21,1,2.28,77,30,+47,+1.62,-0.14,Matches
1737,Boubakar Kouyaté,ml MLI,DF,Montpellier,fr Ligue 1,27,1997,11,756,69,24.7,8.4,8,87,7,3,21,7,0.55,4,22,-18,-2.14,-0.66,Matches
1738,Mateo Kovačić,hr CRO,"MF,DF",Manchester City,eng Premier League,30,1994,31,2198,71,64.3,24.4,25,82,12,6,26,2,1.94,50,28,+22,+0.90,+0.46,Matches
1739,Viktor Kovalenko,ua UKR,MF,Empoli,it Serie A,28,1996,6,77,13,2.3,0.9,0,,0,6,13,7,0.00,0,1,-1,-1.17,-0.50,Matches
1740,Matej Kovar,cz CZE,GK,Leverkusen,de Bundesliga,24,2000,5,450,90,14.7,5.0,5,90,5,0,,28,2.00,9,5,+4,+0.80,-0.06,Matches
1741,Mateusz Kowalski,pl POL,MF,Parma,it Serie A,19,2005,1,56,56,1.6,0.6,1,56,0,0,,2,0.00,1,0,+1,+1.61,+2.01,Matches
1742,Goduine Koyalipou,cf CTA,FW,Lens,fr Ligue 1,24,2000,15,885,59,28.9,9.8,12,69,0,3,19,3,1.47,14,12,+2,+0.20,+0.16,Matches
1743,Caleb Kporha,eng ENG,DF,Crystal Palace,eng Premier League,18,2006,2,13,7,0.4,0.1,0,,0,2,7,25,0.00,0,1,-1,-6.92,-6.95,Matches
1744,Emil Krafth,se SWE,DF,Newcastle United,eng Premier League,29,1994,12,342,29,10.0,3.8,2,90,2,10,16,14,1.92,5,2,+3,+0.79,+0.26,Matches
1745,Alex Král,cz CZE,MF,Espanyol,es La Liga,26,1998,37,2714,73,79.4,30.2,29,86,25,8,26,0,1.14,31,45,-14,-0.46,-0.85,Matches
1746,Andrej Kramarić,hr CRO,MF,Hoffenheim,de Bundesliga,33,1991,32,2767,86,90.4,30.7,32,86,18,0,,0,1.00,37,59,-22,-0.72,-0.72,Matches
1747,Vladyslav Krapyvtsov,ua UKR,GK,Girona,es La Liga,19,2005,2,180,90,5.3,2.0,2,90,2,0,,13,0.00,2,7,-5,-2.50,-2.19,Matches
1748,Frans Krätzig,de GER,"MF,DF",Heidenheim,de Bundesliga,21,2003,16,1217,76,39.8,13.5,15,80,5,1,20,1,1.06,12,18,-6,-0.44,+0.58,Matches
1749,Frans Krätzig,de GER,DF,Stuttgart,de Bundesliga,21,2003,1,56,56,1.8,0.6,1,56,0,0,,4,0.00,1,2,-1,-1.61,-1.97,Matches
1750,Tom Krauß,de GER,MF,Bochum,de Bundesliga,23,2001,14,1077,77,35.2,12.0,13,81,7,1,28,0,0.71,11,19,-8,-0.67,+0.51,Matches
1751,Ladislav Krejčí,cz CZE,DF,Girona,es La Liga,25,1999,28,2440,87,71.3,27.1,27,90,27,1,10,6,0.89,28,45,-17,-0.63,-0.72,Matches
1752,Rasmus Kristensen,dk DEN,"DF,MF",Eintracht Frankfurt,de Bundesliga,27,1997,30,2513,84,82.1,27.9,28,86,24,2,52,0,1.60,50,40,+10,+0.36,-1.62,Matches
1753,Thomas Kristensen,dk DEN,DF,Udinese,it Serie A,22,2002,24,1754,73,51.3,19.5,19,86,16,5,24,4,1.21,19,31,-12,-0.62,-0.45,Matches
1754,Nikola Krstović,me MNE,FW,Lecce,it Serie A,24,2000,37,3057,83,89.4,34.0,37,83,23,0,,0,0.89,24,52,-28,-0.82,-0.08,Matches
1755,Lukas Kübler,de GER,DF,Freiburg,de Bundesliga,31,1992,28,1842,66,60.2,20.5,22,78,8,6,20,3,1.46,31,35,-4,-0.20,-0.20,Matches
1756,Takefusa Kubo,jp JPN,"MF,FW",Real Sociedad,es La Liga,23,2001,36,2372,66,69.4,26.4,27,79,10,9,28,1,1.28,26,28,-2,-0.08,+0.70,Matches
1757,Mahmut Kücüksahin,,DF,Augsburg,de Bundesliga,20,2004,0,,,,,0,,0,0,,2,,,,,,,Matches
1758,Mohammed Kudus,gh GHA,"MF,FW",West Ham United,eng Premier League,23,2000,32,2590,81,75.7,28.8,31,83,14,1,19,0,1.13,33,45,-12,-0.42,+0.02,Matches
1759,Godwill Kukonki,eng ENG,DF,Manchester Utd,eng Premier League,16,2008,0,,,,,0,,0,0,,4,,,,,,,Matches
1760,Dejan Kulusevski,se SWE,"MF,FW",Tottenham Hotspur,eng Premier League,24,2000,32,2389,75,69.9,26.5,27,84,22,5,24,0,1.06,50,41,+9,+0.34,+1.21,Matches
1761,Sael Kumbedi,fr FRA,DF,Lyon,fr Ligue 1,19,2005,14,951,68,31.1,10.6,12,78,4,2,5,12,1.93,18,12,+6,+0.57,+0.01,Matches
1762,Marash Kumbulla,al ALB,DF,Espanyol,es La Liga,24,2000,35,2972,85,86.9,33.0,34,87,29,1,27,0,1.11,35,44,-9,-0.27,+0.13,Matches
1763,Jonah Kusi-Asare,se SWE,FW,Bayern Munich,de Bundesliga,17,2007,1,3,3,0.1,0.0,0,,0,1,3,9,3.00,0,0,0,0.00,-1.97,Matches
1764,Daler Kuzyaev,ru RUS,MF,Le Havre,fr Ligue 1,31,1993,12,567,47,18.5,6.3,6,76,3,6,19,12,0.75,5,16,-11,-1.75,-1.02,Matches
1765,Khvicha Kvaratskhelia,ge GEO,"FW,MF",Napoli,it Serie A,23,2001,17,1178,69,34.4,13.1,15,76,4,2,19,0,2.24,19,6,+13,+0.99,+0.23,Matches
1766,Khvicha Kvaratskhelia,ge GEO,FW,Paris Saint-Germain,fr Ligue 1,23,2001,14,916,65,29.9,10.2,11,77,4,3,24,2,2.50,24,10,+14,+1.38,-0.43,Matches
1767,Moritz-Broni Kwarteng,gh GHA,MF,Bochum,de Bundesliga,26,1998,7,172,25,5.6,1.9,0,,0,7,25,4,0.14,1,3,-2,-1.05,-0.05,Matches
1768,Giorgos Kyriakopoulos,gr GRE,MF,Monza,it Serie A,28,1996,34,2845,84,83.2,31.6,33,84,25,1,59,0,0.44,23,57,-34,-1.08,+0.02,Matches
1769,César de la Hoz,es ESP,MF,Valladolid,es La Liga,32,1992,0,,,,,0,,0,0,,8,,,,,,,Matches
1770,Luca de la Torre,us USA,MF,Celta Vigo,es La Liga,26,1998,1,4,4,0.1,0.0,0,,0,1,4,3,3.00,0,0,0,0.00,-0.05,Matches
1771,Rémy Labeau Lascary,gp GLP,"MF,FW",Lens,fr Ligue 1,21,2003,14,637,46,20.8,7.1,6,72,1,8,26,0,1.64,13,9,+4,+0.57,+0.60,Matches
1772,Gaëtan Laborde,fr FRA,FW,Nice,fr Ligue 1,30,1994,28,1829,65,59.8,20.3,20,81,3,8,25,0,1.82,41,19,+22,+1.08,+0.86,Matches
1773,Nediljko Labrović,hr CRO,GK,Augsburg,de Bundesliga,24,1999,15,1350,90,44.1,15.0,15,90,15,0,,19,1.07,17,32,-15,-1.00,-0.95,Matches
1774,Alexandre Lacazette,fr FRA,FW,Lyon,fr Ligue 1,33,1991,30,2051,68,67.0,22.8,24,80,8,6,22,0,1.77,43,26,+17,+0.75,+0.57,Matches
1775,Younes Lachaab,fr FRA,MF,Lille,fr Ligue 1,19,2005,2,9,5,0.3,0.1,0,,0,2,5,3,3.00,0,0,0,0.00,-0.47,Matches
1776,Justin Lacombe,fr FRA,GK,Toulouse,fr Ligue 1,21,2003,0,,,,,0,,0,0,,2,,,,,,,Matches
1777,Maxence Lacroix,fr FRA,DF,Crystal Palace,eng Premier League,24,2000,35,3116,89,91.1,34.6,35,89,32,0,,0,1.49,49,45,+4,+0.12,+1.30,Matches
1778,Marco Ladisa,it ITA,FW,Venezia,it Serie A,18,2006,0,,,,,0,,0,0,,4,,,,,,,Matches
1779,Alban Lafont,ci CIV,GK,Nantes,fr Ligue 1,25,1999,12,1080,90,35.3,12.0,12,90,12,0,,4,0.83,14,19,-5,-0.42,-0.05,Matches
1780,Gael Lafont,fr FRA,FW,Marseille,fr Ligue 1,18,2006,0,,,,,0,,0,0,,1,,,,,,,Matches
1781,Yoel Lago,es ESP,DF,Celta Vigo,es La Liga,20,2004,8,583,73,17.0,6.5,7,81,5,1,14,8,1.25,12,14,-2,-0.31,-0.44,Matches
1782,Konrad Laimer,at AUT,DF,Bayern Munich,de Bundesliga,27,1997,29,1699,59,55.5,18.9,19,81,12,10,16,4,2.38,56,20,+36,+1.91,-0.14,Matches
1783,Stefan Lainer,at AUT,DF,Gladbach,de Bundesliga,31,1992,21,757,36,24.7,8.4,6,86,5,15,16,12,1.38,9,16,-7,-0.83,-1.03,Matches
1784,Kenny Lala,mg MAD,DF,Brest,fr Ligue 1,32,1991,30,2686,90,87.8,29.8,29,90,29,1,76,2,1.57,46,50,-4,-0.13,+0.59,Matches
1785,Adam Lallana,eng ENG,MF,Southampton,eng Premier League,36,1988,14,361,26,10.6,4.0,5,51,0,9,12,6,0.50,3,8,-5,-1.25,+0.37,Matches
1786,Mathis Lambourde,fr FRA,FW,Hellas Verona,it Serie A,18,2006,7,89,13,2.6,1.0,0,,0,7,13,22,0.00,2,3,-1,-1.01,-0.17,Matches
1787,Mohamed Lamine Bayo,gn GUI,FW,Lille,fr Ligue 1,26,1998,12,309,26,10.1,3.4,4,63,0,8,7,6,1.42,6,7,-1,-0.29,-0.85,Matches
1788,Tariq Lamptey,gh GHA,"DF,MF",Brighton,eng Premier League,23,2000,15,860,57,25.1,9.6,10,76,5,5,19,10,1.40,14,21,-7,-0.73,-1.22,Matches
1789,Will Lankshear,eng ENG,FW,Tottenham Hotspur,eng Premier League,19,2005,3,11,4,0.3,0.1,0,,0,3,4,12,1.33,0,0,0,0.00,+0.03,Matches
1790,Gianluca Lapadula,pe PER,FW,Cagliari,it Serie A,34,1990,12,310,26,9.1,3.4,1,59,0,11,23,7,1.00,4,2,+2,+0.58,+1.10,Matches
1791,Cyle Larin,ca CAN,FW,Mallorca,es La Liga,29,1995,32,1764,55,51.6,19.6,21,72,2,11,23,4,1.19,13,20,-7,-0.36,-0.25,Matches
1792,Gautier Larsonneur,fr FRA,GK,Saint-Étienne,fr Ligue 1,27,1997,34,3060,90,100.0,34.0,34,90,34,0,,0,0.88,39,77,-38,-1.12,,Matches
1793,Hugo Larsson,se SWE,MF,Eintracht Frankfurt,de Bundesliga,20,2004,33,2393,73,78.2,26.6,28,81,13,5,26,0,1.79,50,33,+17,+0.64,-0.04,Matches
1794,Julen Lartitegi,es ESP,FW,Alavés,es La Liga,20,2003,0,,,,,0,,0,0,,1,,,,,,,Matches
1795,Marco de las Sías,es ESP,DF,Rayo Vallecano,es La Liga,18,2005,0,,,,,0,,0,0,,18,,,,,,,Matches
1796,Jamaal Lascelles,eng ENG,DF,Newcastle United,eng Premier League,30,1993,0,,,,,0,,0,0,,3,,,,,,,Matches
1797,Juanmi Latasa,es ESP,FW,Valladolid,es La Liga,23,2001,28,1398,50,40.9,15.5,14,77,7,14,22,3,0.32,10,41,-31,-2.00,-0.53,Matches
1798,Toni Lato,es ESP,DF,Mallorca,es La Liga,26,1997,14,621,44,18.2,6.9,7,79,2,7,10,16,1.29,6,5,+1,+0.14,+0.47,Matches
1799,Roméo Lavia,be BEL,MF,Chelsea,eng Premier League,20,2004,16,797,50,23.3,8.9,11,66,0,5,14,4,1.88,11,11,0,0.00,-0.72,Matches
1800,Valentino Lazaro,at AUT,MF,Torino,it Serie A,28,1996,33,2307,70,67.5,25.6,26,81,9,7,28,1,1.18,31,30,+1,+0.04,+0.61,Matches
1801,Darko Lazović,rs SRB,MF,Hellas Verona,it Serie A,33,1990,27,1459,54,42.7,16.2,17,71,4,10,25,11,0.89,19,29,-10,-0.62,+0.39,Matches
1802,Manuel Lazzari,it ITA,DF,Lazio,it Serie A,30,1993,25,1406,56,41.1,15.6,16,75,6,9,23,3,1.80,26,24,+2,+0.13,-0.32,Matches
1803,Julien Le Cardinal,fr FRA,DF,Brest,fr Ligue 1,26,1997,16,1378,86,45.0,15.3,15,89,14,1,45,8,1.06,22,29,-7,-0.46,-0.46,Matches
1804,Jérémy Le Douaron,fr FRA,FW,Brest,fr Ligue 1,26,1998,2,102,51,3.3,1.1,1,90,1,1,12,0,0.00,1,5,-4,-3.53,-3.44,Matches
1805,Enzo Le Fée,fr FRA,MF,Roma,it Serie A,24,2000,6,318,53,9.3,3.5,4,69,1,2,21,9,0.67,4,2,+2,+0.57,+0.01,Matches
1806,Raphael Le Guen,fr FRA,DF,Brest,fr Ligue 1,17,2006,0,,,,,0,,0,0,,5,,,,,,,Matches
1807,Robin Le Normand,es ESP,DF,Atlético Madrid,es La Liga,27,1996,27,2151,80,62.9,23.9,24,87,23,3,18,3,1.93,39,17,+22,+0.92,-0.21,Matches
1808,Nicola Leali,it ITA,GK,Genoa,it Serie A,31,1993,29,2610,90,76.3,29.0,29,90,29,0,,9,1.17,27,31,-4,-0.14,+0.75,Matches
1809,Rafael Leão,pt POR,"MF,FW",Milan,it Serie A,25,1999,34,2323,68,67.9,25.8,25,79,11,9,38,2,1.56,45,28,+17,+0.66,+0.58,Matches
1810,Benjamin Lecomte,fr FRA,GK,Montpellier,fr Ligue 1,33,1991,30,2700,90,88.2,30.0,30,90,30,0,,4,0.43,17,68,-51,-1.70,-0.45,Matches
1811,Pierre Lees-Melou,fr FRA,MF,Brest,fr Ligue 1,31,1993,20,1526,76,49.9,17.0,17,83,13,3,36,1,1.30,23,28,-5,-0.29,-0.18,Matches
1812,Jordan Lefort,mr MTN,DF,Angers,fr Ligue 1,30,1993,34,3060,90,100.0,34.0,34,90,34,0,,0,1.06,32,53,-21,-0.62,,Matches
1813,Diogo Leite,pt POR,DF,Union Berlin,de Bundesliga,25,1999,30,2546,85,83.2,28.3,29,86,27,1,45,0,1.20,31,38,-7,-0.25,+1.33,Matches
1814,Maxim Leitsch,de GER,DF,Mainz 05,de Bundesliga,26,1998,14,674,48,22.0,7.5,6,79,4,8,25,14,1.00,8,7,+1,+0.13,-0.28,Matches
1815,Florian Lejeune,fr FRA,DF,Rayo Vallecano,es La Liga,33,1991,37,3325,90,97.2,36.9,37,90,36,0,,0,1.32,39,45,-6,-0.16,-2.06,Matches
1816,Youssef Lekhedim,es ESP,DF,Real Madrid,es La Liga,18,2005,0,,,,,0,,0,0,,6,,,,,,,Matches
1817,Stefan Lekovic,rs SRB,DF,Monza,it Serie A,20,2004,7,367,52,10.7,4.1,3,90,3,4,24,9,0.14,1,15,-14,-3.43,-2.64,Matches
1818,Iñigo Lekue,es ESP,DF,Athletic Club,es La Liga,31,1993,16,773,48,22.6,8.6,8,84,6,8,12,22,1.63,8,9,-1,-0.12,-1.00,Matches
1819,Nunzio Lella,it ITA,MF,Venezia,it Serie A,24,2000,1,5,5,0.1,0.1,0,,0,1,5,1,0.00,0,0,0,0.00,+0.63,Matches
1820,David Lelle,de GER,DF,Dortmund,de Bundesliga,21,2003,0,,,,,0,,0,0,,1,,,,,,,Matches
1821,Thomas Lemar,fr FRA,MF,Atlético Madrid,es La Liga,28,1995,5,85,17,2.5,0.9,0,,0,5,17,21,1.80,3,2,+1,+1.06,+0.06,Matches
1822,Félix Lemaréchal,fr FRA,"MF,FW",Strasbourg,fr Ligue 1,20,2003,27,1779,66,58.1,19.8,20,80,8,7,27,5,1.74,33,20,+13,+0.66,+0.73,Matches
1823,Mario Lemina,ga GAB,"MF,DF",Wolves,eng Premier League,30,1993,17,1364,80,39.9,15.2,15,87,13,2,30,0,0.53,22,39,-17,-1.12,-1.21,Matches
1824,Ruben Lendinez,es ESP,DF,Valencia,es La Liga,21,2003,0,,,,,0,,0,0,,9,,,,,,,Matches
1825,Clément Lenglet,fr FRA,DF,Atlético Madrid,es La Liga,29,1995,23,1972,86,57.7,21.9,23,86,19,0,,10,2.39,43,18,+25,+1.14,+0.33,Matches
1826,Oscar Lenne,fr FRA,MF,Lens,fr Ligue 1,17,2006,0,,,,,0,,0,0,,1,,,,,,,Matches
1827,Bernd Leno,de GER,GK,Fulham,eng Premier League,32,1992,38,3420,90,100.0,38.0,38,90,38,0,,0,1.42,54,54,0,0.00,,Matches
1828,Christopher Lenz,de GER,"DF,MF",Hoffenheim,de Bundesliga,29,1994,0,,,,,0,,0,0,,2,,,,,,,Matches
1829,Donovan Léon,gf GUF,GK,Auxerre,fr Ligue 1,31,1992,32,2880,90,94.1,32.0,32,90,32,0,,0,1.28,47,48,-1,-0.03,+0.97,Matches
1830,Pietro Leonardelli,it ITA,GK,Fiorentina,it Serie A,18,2006,0,,,,,0,,0,0,,1,,,,,,,Matches
1831,Giovanni Leoni,it ITA,DF,Parma,it Serie A,17,2006,17,1199,71,35.1,13.3,14,74,6,3,53,17,0.88,15,19,-4,-0.30,+0.10,Matches
1832,Esteban Lepaul,fr FRA,FW,Angers,fr Ligue 1,24,2000,28,1629,58,53.2,18.1,18,83,9,10,13,4,1.18,16,26,-10,-0.55,+0.14,Matches
1833,Johann Lepenant,fr FRA,MF,Nantes,fr Ligue 1,21,2002,29,2048,71,66.9,22.8,23,86,12,6,11,1,1.17,27,34,-7,-0.31,+0.23,Matches
1834,Jefferson Lerma,co COL,"MF,DF",Crystal Palace,eng Premier League,29,1994,33,2274,69,66.5,25.3,26,79,18,7,31,1,1.42,35,36,-1,-0.04,-0.12,Matches
1835,Louis Leroux,fr FRA,"MF,DF",Nantes,fr Ligue 1,18,2006,16,816,51,26.7,9.1,8,86,4,8,16,12,1.31,11,11,0,0.00,+0.52,Matches
1836,Sven Lesjak,hr CRO,MF,Como,it Serie A,17,2006,0,,,,,0,,0,0,,4,,,,,,,Matches
1837,Jiří Letáček,,GK,Getafe,es La Liga,25,1999,0,,,,,0,,0,0,,38,,,,,,,Matches
1838,Robert Lewandowski,pl POL,FW,Barcelona,es La Liga,35,1988,34,2667,78,78.0,29.6,32,82,15,2,27,2,2.24,73,27,+46,+1.55,-0.48,Matches
1839,Jamie Leweling,de GER,MF,Stuttgart,de Bundesliga,23,2001,27,1663,62,54.3,18.5,22,71,2,5,22,0,1.44,33,27,+6,+0.32,0.00,Matches
1840,Rico Lewis,eng ENG,"DF,MF",Manchester City,eng Premier League,19,2004,28,1893,68,55.4,21.0,21,85,14,7,16,8,1.82,41,27,+14,+0.67,-0.16,Matches
1841,Keane Lewis-Potter,eng ENG,"DF,MF",Brentford,eng Premier League,23,2001,38,3093,81,90.4,34.4,36,85,26,2,17,0,1.47,58,49,+9,+0.26,+0.26,Matches
1842,Myles Lewis-Skelly,eng ENG,DF,Arsenal,eng Premier League,17,2006,23,1369,60,40.0,15.2,15,80,7,8,20,9,1.96,26,16,+10,+0.66,-0.44,Matches
1843,Ben Lhassine Kone,ci CIV,MF,Como,it Serie A,24,2000,4,51,13,1.5,0.6,0,,0,4,13,4,1.75,2,1,+1,+1.76,+1.87,Matches
1844,Mattia Liberali,it ITA,MF,Milan,it Serie A,17,2007,1,61,61,1.8,0.7,1,61,0,0,,4,1.00,0,0,0,0.00,-0.48,Matches
1845,Yann Liénard,fr FRA,GK,Monaco,fr Ligue 1,21,2003,0,,,,,0,,0,0,,8,,,,,,,Matches
1846,Philipp Lienhart,at AUT,DF,Freiburg,de Bundesliga,28,1996,32,2770,87,90.5,30.8,31,87,28,1,71,0,1.63,42,44,-2,-0.06,+0.56,Matches
1847,Matthijs de Ligt,nl NED,DF,Manchester Utd,eng Premier League,24,1999,29,2123,73,62.1,23.6,25,82,16,4,19,1,1.28,32,36,-4,-0.17,+0.25,Matches
1848,Pedro Lima,br BRA,MF,Wolves,eng Premier League,18,2006,3,70,23,2.0,0.8,1,58,0,2,6,18,1.00,0,2,-2,-2.57,-2.22,Matches
1849,Victor Lindelöf,se SWE,DF,Manchester Utd,eng Premier League,30,1994,16,704,44,20.6,7.8,6,88,5,10,18,7,1.25,10,9,+1,+0.13,+0.49,Matches
1850,Jesper Lindstrøm,dk DEN,MF,Everton,eng Premier League,24,2000,25,1239,50,36.2,13.8,15,67,1,10,23,3,1.20,15,14,+1,+0.07,+0.20,Matches
1851,Karol Linetty,pl POL,MF,Torino,it Serie A,29,1995,28,1540,55,45.0,17.1,18,78,7,10,14,8,1.25,16,19,-3,-0.18,-0.03,Matches
1852,Samuel Lino,br BRA,MF,Atlético Madrid,es La Liga,24,1999,31,1552,50,45.4,17.2,21,58,1,10,33,5,1.94,30,10,+20,+1.16,+0.29,Matches
1853,Pol Lirola,es ESP,DF,Marseille,fr Ligue 1,26,1997,19,680,36,22.2,7.6,5,64,0,14,26,8,1.68,23,14,+9,+1.19,+0.51,Matches
1854,Dailon Livramento,cv CPV,"MF,FW",Hellas Verona,it Serie A,23,2001,29,940,32,27.5,10.4,8,65,0,21,20,7,1.10,10,22,-12,-1.15,-0.42,Matches
1855,Valentino Livramento,eng ENG,DF,Newcastle United,eng Premier League,21,2002,37,2840,77,83.0,31.6,32,85,25,5,26,0,1.70,58,40,+18,+0.57,+0.10,Matches
1856,Marin Ljubicic,hr CRO,FW,Union Berlin,de Bundesliga,22,2002,13,281,22,9.2,3.1,1,45,0,12,20,1,1.46,7,8,-1,-0.32,+0.17,Matches
1857,Javier Llabrés,es ESP,MF,Mallorca,es La Liga,21,2002,1,57,57,1.7,0.6,1,57,0,0,,8,0.00,0,1,-1,-1.58,-1.36,Matches
1858,Diego Llorente,es ESP,DF,Real Betis,es La Liga,30,1993,30,2519,84,73.7,28.0,29,86,26,1,12,1,1.60,36,32,+4,+0.14,-0.16,Matches
1859,Marcos Llorente,es ESP,"DF,MF",Atlético Madrid,es La Liga,29,1995,33,2513,76,73.5,27.9,28,85,22,5,29,0,2.00,52,25,+27,+0.97,-0.12,Matches
1860,Gautier Lloris,fr FRA,DF,Le Havre,fr Ligue 1,29,1995,31,2768,89,90.5,30.8,31,89,29,0,,1,1.00,36,64,-28,-0.91,+0.01,Matches
1861,Giovani Lo Celso,ar ARG,MF,Real Betis,es La Liga,28,1996,25,1457,58,42.6,16.2,15,78,7,10,29,0,1.40,22,20,+2,+0.12,-0.11,Matches
1862,Stanislav Lobotka,sk SVK,MF,Napoli,it Serie A,29,1994,32,2636,82,77.1,29.3,31,84,17,1,31,1,2.16,49,20,+29,+0.99,+0.65,Matches
1863,Manuel Locatelli,it ITA,MF,Juventus,it Serie A,26,1998,36,2822,78,82.5,31.4,34,82,21,2,10,1,1.83,48,31,+17,+0.54,-0.36,Matches
1864,Bradley Locko,fr FRA,DF,Brest,fr Ligue 1,22,2002,2,97,49,3.2,1.1,1,78,0,1,19,1,1.50,0,4,-4,-3.71,-3.62,Matches
1865,Ruben Loftus-Cheek,eng ENG,MF,Milan,it Serie A,28,1996,19,1037,55,30.3,11.5,10,84,6,9,22,0,1.95,18,14,+4,+0.35,-0.18,Matches
1866,Elysée Logbo,fr FRA,FW,Le Havre,fr Ligue 1,20,2004,1,27,27,0.9,0.3,0,,0,1,27,0,0.00,1,2,-1,-3.33,-2.44,Matches
1867,Luca Lohr,es ESP,DF,Getafe,es La Liga,21,2002,0,,,,,0,,0,0,,10,,,,,,,Matches
1868,Enzo Loiodice,fr FRA,MF,Las Palmas,es La Liga,23,2000,17,684,40,20.0,7.6,7,74,3,10,17,19,0.76,5,18,-13,-1.71,-1.45,Matches
1869,Niklas Lomb,de GER,GK,Leverkusen,de Bundesliga,31,1993,0,,,,,0,,0,0,,12,,,,,,,Matches
1870,Sean Longstaff,eng ENG,MF,Newcastle United,eng Premier League,26,1997,25,798,32,23.3,8.9,8,72,3,17,13,13,1.88,9,11,-2,-0.23,-1.02,Matches
1871,Ademola Lookman,ng NGA,"MF,FW",Atalanta,it Serie A,26,1997,31,2247,72,65.7,25.0,28,76,7,3,42,2,2.03,50,23,+27,+1.08,+0.01,Matches
1872,Noah Loosli,ch SUI,DF,Bochum,de Bundesliga,27,1997,0,,,,,0,,0,0,,8,,,,,,,Matches
1873,Anthony Lopes,pt POR,GK,Lyon,fr Ligue 1,33,1990,0,,,,,0,,0,0,,2,,,,,,,Matches
1874,Anthony Lopes,pt POR,GK,Nantes,fr Ligue 1,33,1990,18,1563,87,51.1,17.4,18,87,17,0,,0,1.17,20,26,-6,-0.35,+0.08,Matches
1875,Alberto López,es ESP,GK,Sevilla,es La Liga,20,2003,0,,,,,0,,0,0,,22,,,,,,,Matches
1876,Alberto López,es ESP,MF,Sevilla,es La Liga,19,2005,0,,,,,0,,0,0,,5,,,,,,,Matches
1877,David López,es ESP,DF,Girona,es La Liga,34,1989,29,2429,84,71.0,27.0,27,88,23,2,30,9,1.24,34,37,-3,-0.11,+1.07,Matches
1878,David López,es ESP,DF,Mallorca,es La Liga,21,2003,2,169,85,4.9,1.9,2,85,1,0,,15,0.50,0,1,-1,-0.53,-0.31,Matches
1879,Diego López,es ESP,MF,Valencia,es La Liga,22,2002,38,2737,72,80.0,30.4,35,76,9,3,25,0,1.21,40,40,0,0.00,+1.32,Matches
1880,Fer López,es ESP,"FW,MF",Celta Vigo,es La Liga,20,2004,17,671,39,19.6,7.5,7,66,1,10,21,3,1.65,12,8,+4,+0.54,+0.60,Matches
1881,Fermin López,es ESP,MF,Barcelona,es La Liga,21,2003,28,1252,45,36.6,13.9,12,69,4,16,27,3,2.32,30,15,+15,+1.08,-0.91,Matches
1882,Javi López,es ESP,DF,Real Sociedad,es La Liga,22,2002,29,1936,67,56.6,21.5,21,80,12,8,32,7,1.31,22,31,-9,-0.42,-0.30,Matches
1883,José López,es ESP,DF,Espanyol,es La Liga,18,2006,0,,,,,0,,0,0,,2,,,,,,,Matches
1884,Pau López,es ESP,GK,Girona,es La Liga,29,1994,1,45,45,1.3,0.5,0,,0,1,45,16,0.00,1,2,-1,-2.00,-1.60,Matches
1885,Roberto López,es ESP,MF,Leganés,es La Liga,24,2000,13,396,30,11.6,4.4,3,86,2,10,14,25,1.00,2,8,-6,-1.36,-1.04,Matches
1886,Unai López,es ESP,MF,Rayo Vallecano,es La Liga,28,1995,32,1707,53,49.9,19.0,23,65,2,9,23,1,1.56,21,22,-1,-0.05,+0.10,Matches
1887,Joseph Lopy,sn SEN,"DF,MF",Angers,fr Ligue 1,32,1992,0,,,,,0,,0,0,,5,,,,,,,Matches
1888,Iker Losada,es ESP,"MF,FW",Celta Vigo,es La Liga,22,2001,12,358,30,10.5,4.0,4,54,0,8,18,5,2.00,7,7,0,0.00,-0.06,Matches
1889,Iker Losada,es ESP,MF,Real Betis,es La Liga,22,2001,10,336,34,9.8,3.7,3,67,0,7,19,11,1.50,4,8,-4,-1.07,-1.39,Matches
1890,Anthony Losilla,fr FRA,MF,Bochum,de Bundesliga,38,1986,21,1137,54,37.2,12.6,13,72,5,8,25,11,0.90,11,32,-21,-1.66,-1.05,Matches
1891,Marcel Lotka,pl POL,GK,Dortmund,de Bundesliga,23,2001,0,,,,,0,,0,0,,4,,,,,,,Matches
1892,Jordan Lotomba,ch SUI,"DF,MF",Nice,fr Ligue 1,25,1998,2,35,18,1.1,0.4,0,,0,2,18,0,0.50,0,1,-1,-2.57,-3.34,Matches
1893,Tom Louchet,fr FRA,"DF,MF",Nice,fr Ligue 1,21,2003,22,775,35,25.3,8.6,7,80,3,15,14,8,1.86,20,11,+9,+1.05,+0.41,Matches
1894,Marius Louer,fr FRA,MF,Angers,fr Ligue 1,17,2007,0,,,,,0,,0,0,,1,,,,,,,Matches
1895,Sandi Lovrić,si SVN,MF,Udinese,it Serie A,26,1998,36,2308,64,67.5,25.6,31,70,5,5,25,0,1.14,30,41,-11,-0.43,-0.11,Matches
1896,Pol Lozano,es ESP,MF,Espanyol,es La Liga,24,1999,30,1943,65,56.8,21.6,27,70,5,3,15,4,1.17,19,23,-4,-0.19,+0.24,Matches
1897,Sergio Lozano,es ESP,DF,Rayo Vallecano,es La Liga,18,2006,0,,,,,0,,0,0,,1,,,,,,,Matches
1898,Lorenzo Lucca,it ITA,FW,Udinese,it Serie A,23,2000,33,2353,71,68.8,26.1,27,79,12,6,36,0,1.18,33,35,-2,-0.08,+1.02,Matches
1899,Lorenzo Lucchesi,it ITA,DF,Venezia,it Serie A,21,2003,0,,,,,0,,0,0,,2,,,,,,,Matches
1900,Jhon Lucumí,co COL,DF,Bologna,it Serie A,26,1998,32,2614,82,76.4,29.0,29,85,25,3,48,3,1.63,46,37,+9,+0.31,+0.20,Matches
1901,Yannik Lührs,de GER,DF,Dortmund,de Bundesliga,20,2003,3,127,42,4.2,1.4,1,90,1,2,19,7,0.33,2,4,-2,-1.42,-2.09,Matches
1902,José Luis Gayà,es ESP,DF,Valencia,es La Liga,29,1995,23,1803,78,52.7,20.0,22,81,13,1,25,1,1.48,28,26,+2,+0.10,+0.77,Matches
1903,José Luis Palomino,ar ARG,DF,Cagliari,it Serie A,34,1990,18,1081,60,31.6,12.0,10,85,7,8,29,20,1.06,15,17,-2,-0.17,+0.37,Matches
1904,Douglas Luiz,br BRA,MF,Juventus,it Serie A,26,1998,19,529,28,15.5,5.9,3,82,2,16,18,6,1.74,7,5,+2,+0.34,-0.31,Matches
1905,Romelu Lukaku,be BEL,FW,Napoli,it Serie A,31,1993,36,2843,79,83.1,31.6,35,80,6,1,29,0,2.19,53,20,+33,+1.04,+1.20,Matches
1906,Castello Lukeba,fr FRA,DF,RB Leipzig,de Bundesliga,21,2002,23,1577,69,51.5,17.5,18,83,12,5,15,1,1.65,31,23,+8,+0.46,+0.64,Matches
1907,Dodi Lukebakio,be BEL,"MF,FW",Sevilla,es La Liga,26,1997,38,3092,81,90.4,34.4,36,84,23,2,35,0,1.08,40,47,-7,-0.20,+1.44,Matches
1908,Saša Lukić,rs SRB,MF,Fulham,eng Premier League,27,1996,30,2344,78,68.5,26.0,28,82,10,2,31,0,1.37,37,38,-1,-0.04,-0.12,Matches
1909,Milos Lukovic,rs SRB,FW,Strasbourg,fr Ligue 1,18,2005,2,12,6,0.4,0.1,0,,0,2,6,0,0.00,0,1,-1,-7.50,-7.88,Matches
1910,Carlos Lumbreras,es ESP,FW,Osasuna,es La Liga,19,2005,0,,,,,0,,0,0,,1,,,,,,,Matches
1911,Joe Lumley,eng ENG,GK,Southampton,eng Premier League,29,1995,3,270,90,7.9,3.0,3,90,3,0,,5,0.33,2,7,-5,-1.67,-0.10,Matches
1912,Daniel Luna,co COL,MF,Mallorca,es La Liga,21,2003,2,20,10,0.6,0.2,0,,0,2,10,19,0.00,0,0,0,0.00,+0.24,Matches
1913,Sacha Lung,fr FRA,DF,Strasbourg,fr Ligue 1,16,2008,0,,,,,0,,0,0,,1,,,,,,,Matches
1914,Andriy Lunin,ua UKR,GK,Real Madrid,es La Liga,25,1999,7,630,90,18.4,7.0,7,90,7,0,,29,2.57,15,7,+8,+1.14,+0.11,Matches
1915,Massimo Luongo,au AUS,MF,Ipswich Town,eng Premier League,31,1992,11,201,18,5.9,2.2,2,68,0,9,7,11,0.55,1,7,-6,-2.69,-1.57,Matches
1916,Sebastiano Luperto,it ITA,DF,Cagliari,it Serie A,27,1996,36,3240,90,94.7,36.0,36,90,36,0,,2,1.00,38,50,-12,-0.33,+1.67,Matches
1917,Zito Luvumbo,ao ANG,"FW,MF",Cagliari,it Serie A,22,2002,26,1606,62,47.0,17.8,19,73,5,7,30,2,0.92,20,27,-7,-0.39,+0.05,Matches
1918,Babis Lykogiannis,gr GRE,DF,Bologna,it Serie A,30,1993,17,1048,62,30.6,11.6,12,79,5,5,20,17,1.47,14,15,-1,-0.09,-0.50,Matches
1919,Senne Lynen,be BEL,MF,Werder Bremen,de Bundesliga,25,1999,32,2733,85,89.3,30.4,32,85,17,0,,0,1.59,49,51,-2,-0.07,+0.21,Matches
1920,Mathias Løvik,no NOR,"DF,MF",Parma,it Serie A,20,2003,6,92,15,2.7,1.0,0,,0,6,15,13,0.83,1,2,-1,-0.98,-0.63,Matches
1921,Othmane Maamma,ma MAR,MF,Montpellier,fr Ligue 1,18,2005,12,361,30,11.8,4.0,2,78,1,10,21,1,0.83,3,3,0,0.00,+1.87,Matches
1922,Ian Maatsen,nl NED,DF,Aston Villa,eng Premier League,22,2002,29,1139,39,33.3,12.7,10,78,6,19,19,8,1.76,23,16,+7,+0.55,+0.55,Matches
1923,Alexis Mac Allister,ar ARG,MF,Liverpool,eng Premier League,25,1998,35,2599,74,76.0,28.9,30,82,17,5,26,0,2.34,69,24,+45,+1.56,+1.56,Matches
1924,Deiver Machado,co COL,"DF,MF",Lens,fr Ligue 1,30,1993,27,1805,67,59.0,20.1,20,83,15,7,20,0,1.41,20,25,-5,-0.25,-0.82,Matches
1925,Lanroy Machine,fr FRA,MF,Angers,fr Ligue 1,18,2005,2,8,4,0.3,0.1,0,,0,2,4,1,1.50,0,0,0,0.00,+0.62,Matches
1926,Shuto Machino,jp JPN,"FW,MF",Holstein Kiel,de Bundesliga,24,1999,32,1953,61,63.8,21.7,23,71,8,9,35,2,0.69,31,52,-21,-0.97,-0.15,Matches
1927,Darwin Machís,ve VEN,"MF,FW",Valladolid,es La Liga,31,1993,18,639,36,18.7,7.1,7,55,0,11,23,12,0.22,5,17,-12,-1.69,-0.01,Matches
1928,Yvann Macon,fr FRA,DF,Saint-Étienne,fr Ligue 1,25,1998,12,790,66,25.8,8.8,10,77,3,2,10,2,0.67,8,18,-10,-1.14,-0.03,Matches
1929,James Maddison,eng ENG,MF,Tottenham Hotspur,eng Premier League,27,1996,31,1809,58,52.9,20.1,21,75,1,10,24,1,1.10,38,32,+6,+0.30,+0.69,Matches
1930,Eros Maddy,nl NED,"FW,MF",Auxerre,fr Ligue 1,23,2001,2,15,8,0.5,0.2,0,,0,2,8,13,1.50,0,1,-1,-6.00,-5.94,Matches
1931,Warren Madrigal,cr CRC,FW,Valencia,es La Liga,20,2004,0,,,,,0,,0,0,,6,,,,,,,Matches
1932,Noni Madueke,eng ENG,MF,Chelsea,eng Premier League,22,2002,32,2033,64,59.4,22.6,27,73,6,5,14,1,1.97,38,28,+10,+0.44,-0.27,Matches
1933,Pablo Maffeo,es ESP,DF,Mallorca,es La Liga,27,1997,30,2368,79,69.2,26.3,28,84,19,2,14,2,1.27,23,28,-5,-0.19,+0.15,Matches
1934,Gabriel Magalhães,br BRA,DF,Arsenal,eng Premier League,26,1997,28,2363,84,69.1,26.3,28,84,25,0,,0,2.04,50,22,+28,+1.07,+0.47,Matches
1935,Soungoutou Magassa,fr FRA,MF,Monaco,fr Ligue 1,20,2003,21,1025,49,33.5,11.4,12,73,4,9,16,4,1.86,18,20,-2,-0.18,-1.24,Matches
1936,Edmond-Paris Maghoma,eng ENG,MF,Brentford,eng Premier League,23,2001,8,119,15,3.5,1.3,0,,0,8,15,15,1.25,3,1,+2,+1.51,+1.32,Matches
1937,Giangiacomo Magnani,it ITA,DF,Hellas Verona,it Serie A,28,1995,17,1065,63,31.1,11.8,11,87,10,6,18,4,0.94,14,35,-21,-1.77,-1.35,Matches
1938,Hugo Magnetti,fr FRA,MF,Brest,fr Ligue 1,26,1998,32,2323,73,75.9,25.8,27,82,14,5,23,0,1.47,36,40,-4,-0.15,+0.21,Matches
1939,Frank Magri,cm CMR,FW,Toulouse,fr Ligue 1,24,1999,31,1516,49,49.5,16.8,17,76,6,14,16,0,1.16,21,26,-5,-0.30,-0.65,Matches
1940,Federico Magro,it ITA,GK,Hellas Verona,it Serie A,19,2005,0,,,,,0,,0,0,,9,,,,,,,Matches
1941,Harry Maguire,eng ENG,DF,Manchester Utd,eng Premier League,31,1993,27,1758,65,51.4,19.5,19,82,13,8,26,3,1.07,20,27,-7,-0.36,-0.20,Matches
1942,Jon Magunazelaia,es ESP,MF,Real Sociedad,es La Liga,23,2001,2,7,4,0.2,0.1,0,,0,2,4,14,3.00,1,0,+1,+12.86,+13.17,Matches
1943,Adel Mahamoud,km COM,FW,Nantes,fr Ligue 1,21,2003,0,,,,,0,,0,0,,1,,,,,,,Matches
1944,Arne Maier,de GER,MF,Augsburg,de Bundesliga,25,1999,28,938,34,30.7,10.4,7,62,0,21,24,4,1.29,12,16,-4,-0.38,+0.13,Matches
1945,Mike Maignan,fr FRA,GK,Milan,it Serie A,29,1995,37,3294,89,96.3,36.6,37,89,36,0,,0,1.62,56,41,+15,+0.41,-1.73,Matches
1946,Patrick Mainka,de GER,DF,Heidenheim,de Bundesliga,29,1994,34,3060,90,100.0,34.0,34,90,34,0,,0,0.85,37,64,-27,-0.79,,Matches
1947,Kobbie Mainoo,eng ENG,MF,Manchester Utd,eng Premier League,19,2005,25,1651,66,48.3,18.3,19,76,8,6,35,1,1.00,19,27,-8,-0.44,-0.33,Matches
1948,Ainsley Maitland-Niles,eng ENG,"DF,MF",Lyon,fr Ligue 1,26,1997,32,1985,62,64.9,22.1,20,89,19,12,18,2,1.69,44,30,+14,+0.63,+0.22,Matches
1949,Radosław Majecki,pl POL,GK,Monaco,fr Ligue 1,24,1999,15,1350,90,44.1,15.0,15,90,15,0,,11,1.53,31,22,+9,+0.60,-0.08,Matches
1950,Lovro Majer,hr CRO,MF,Wolfsburg,de Bundesliga,26,1998,9,304,34,9.9,3.4,3,65,0,6,18,0,1.11,7,4,+3,+0.89,+0.92,Matches
1951,Hamidou Makalou,ml MLI,MF,Brest,fr Ligue 1,18,2006,4,32,8,1.0,0.4,0,,0,4,8,4,1.00,0,2,-2,-5.63,-5.48,Matches
1952,Jordy Makengo,fr FRA,DF,Freiburg,de Bundesliga,22,2001,19,745,39,24.3,8.3,7,87,5,12,12,12,1.84,13,19,-6,-0.72,-0.80,Matches
1953,Antoine Makoumbou,cg CGO,MF,Cagliari,it Serie A,26,1998,33,2150,65,62.9,23.9,27,75,6,6,23,3,1.00,29,39,-10,-0.42,+0.01,Matches
1954,Nikola Maksimović,rs SRB,DF,Montpellier,fr Ligue 1,32,1991,7,581,83,19.0,6.5,7,83,4,0,,0,0.71,6,8,-2,-0.31,+1.65,Matches
1955,Tyrell Malacia,nl NED,MF,Manchester Utd,eng Premier League,24,1999,3,100,33,2.9,1.1,2,45,0,1,10,8,1.00,0,1,-1,-0.90,-0.66,Matches
1956,Jarzinho Malanga,de GER,MF,Stuttgart,de Bundesliga,18,2006,1,2,2,0.1,0.0,0,,0,1,2,4,0.00,0,0,0,0.00,-0.32,Matches
1957,Julián Malatini,ar ARG,DF,Werder Bremen,de Bundesliga,23,2001,10,454,45,14.8,5.0,5,79,2,5,12,21,1.30,10,12,-2,-0.40,-0.36,Matches
1958,Daniel Maldini,it ITA,"MF,FW",Monza,it Serie A,22,2001,20,1306,65,38.2,14.5,16,76,4,4,23,0,0.50,11,20,-9,-0.62,+0.74,Matches
1959,Daniel Maldini,it ITA,MF,Atalanta,it Serie A,22,2001,10,258,26,7.5,2.9,2,59,0,8,18,2,1.40,5,3,+2,+0.70,-0.41,Matches
1960,Youssef Maleh,ma MAR,MF,Empoli,it Serie A,25,1998,22,1510,69,44.2,16.8,17,82,8,5,23,1,0.82,15,25,-10,-0.60,+0.16,Matches
1961,Donyell Malen,nl NED,MF,Aston Villa,eng Premier League,25,1999,14,305,22,8.9,3.4,2,62,0,12,15,3,1.93,7,6,+1,+0.30,+0.12,Matches
1962,Donyell Malen,nl NED,MF,Dortmund,de Bundesliga,25,1999,14,614,44,20.1,6.8,6,72,1,8,23,2,1.50,15,8,+7,+1.03,+0.55,Matches
1963,Ruslan Malinovskyi,ua UKR,MF,Genoa,it Serie A,31,1993,9,383,43,11.2,4.3,4,61,0,5,28,3,1.33,4,2,+2,+0.47,+0.88,Matches
1964,Lennard Maloney,us USA,"MF,DF",Heidenheim,de Bundesliga,24,1999,11,760,69,24.8,8.4,10,76,4,1,2,0,0.91,12,21,-9,-1.07,-0.36,Matches
1965,Lennard Maloney,us USA,"DF,MF",Mainz 05,de Bundesliga,24,1999,5,26,5,0.8,0.3,0,,0,5,5,10,2.60,1,0,+1,+3.46,+3.14,Matches
1966,Aaron Malouda,fr FRA,FW,Lille,fr Ligue 1,18,2005,1,2,2,0.1,0.0,0,,0,1,2,7,0.00,0,0,0,0.00,-0.47,Matches
1967,Giorgi Mamardashvili,ge GEO,GK,Valencia,es La Liga,23,2000,34,3060,90,89.5,34.0,34,90,34,0,,0,1.29,40,48,-8,-0.24,+0.26,Matches
1968,Craig Mamilo,fr FRA,DF,Montpellier,fr Ligue 1,18,2006,0,,,,,0,,0,0,,1,,,,,,,Matches
1969,Dennis Man,ro ROU,"MF,FW",Parma,it Serie A,25,1998,33,1995,60,58.3,22.2,23,77,9,10,24,2,0.94,26,40,-14,-0.63,-0.63,Matches
1970,Gianluca Mancini,it ITA,DF,Roma,it Serie A,28,1996,37,3143,85,91.9,34.9,36,87,32,1,29,0,1.78,53,33,+20,+0.57,+0.25,Matches
1971,Steve Mandanda,fr FRA,GK,Rennes,fr Ligue 1,39,1985,18,1486,83,48.6,16.5,17,87,16,1,1,16,1.11,23,23,0,0.00,-0.06,Matches
1972,Christos Mandas,gr GRE,GK,Lazio,it Serie A,22,2001,9,810,90,23.7,9.0,9,90,9,0,,29,1.56,10,7,+3,+0.33,+0.02,Matches
1973,Reinildo Mandava,mz MOZ,"DF,MF",Atlético Madrid,es La Liga,30,1994,19,941,50,27.5,10.5,10,76,6,9,20,19,1.74,15,12,+3,+0.29,-0.98,Matches
1974,Aïssa Mandi,dz ALG,DF,Lille,fr Ligue 1,32,1991,24,1733,72,56.6,19.3,20,83,13,4,18,10,1.71,25,23,+2,+0.10,-0.85,Matches
1975,Rolando Mandragora,it ITA,MF,Fiorentina,it Serie A,27,1997,29,1931,67,56.5,21.5,22,80,10,7,26,5,1.69,33,28,+5,+0.23,-0.61,Matches
1976,Filippo Mane,it ITA,DF,Dortmund,de Bundesliga,19,2005,0,,,,,0,,0,0,,6,,,,,,,Matches
1977,Mateus Mane,pt POR,MF,Wolves,eng Premier League,16,2007,1,2,2,0.1,0.0,0,,0,1,2,4,0.00,0,0,0,0.00,+0.39,Matches
1978,Orel Mangala,be BEL,MF,Everton,eng Premier League,26,1998,19,1261,66,36.9,14.0,14,84,10,5,18,0,1.21,13,10,+3,+0.21,+0.42,Matches
1979,Orel Mangala,be BEL,MF,Lyon,fr Ligue 1,26,1998,1,67,67,2.2,0.7,1,67,0,0,,1,0.00,0,2,-2,-2.69,-3.32,Matches
1980,Ryan Manning,ie IRL,"DF,MF",Southampton,eng Premier League,28,1996,24,1462,61,42.7,16.2,18,77,5,6,14,7,0.29,12,35,-23,-1.42,+0.28,Matches
1981,Vito Mannone,it ITA,GK,Lille,fr Ligue 1,36,1988,0,,,,,0,,0,0,,33,,,,,,,Matches
1982,Javier Manquillo,es ESP,DF,Celta Vigo,es La Liga,30,1994,10,515,52,15.1,5.7,7,63,0,3,26,5,1.00,8,11,-3,-0.52,-0.68,Matches
1983,Johan Manzambi,ch SUI,MF,Freiburg,de Bundesliga,18,2005,11,335,30,10.9,3.7,4,66,0,7,10,9,2.00,9,6,+3,+0.81,+1.04,Matches
1984,Alberto Manzoni,it ITA,MF,Atalanta,it Serie A,19,2005,1,6,6,0.2,0.1,0,,0,1,6,2,0.00,0,0,0,0.00,-1.08,Matches
1985,Sekou Mara,fr FRA,"FW,MF",Strasbourg,fr Ligue 1,22,2002,25,768,31,25.1,8.5,7,67,2,18,16,7,1.44,11,18,-7,-0.82,-1.57,Matches
1986,Alessio Marcaccini,it ITA,GK,Roma,it Serie A,15,2008,0,,,,,0,,0,0,,2,,,,,,,Matches
1987,Alessandro Marcandalli,it ITA,DF,Genoa,it Serie A,21,2002,2,46,23,1.3,0.5,1,45,0,1,1,18,1.00,0,1,-1,-1.96,-1.66,Matches
1988,Alessandro Marcandalli,it ITA,DF,Venezia,it Serie A,21,2002,8,354,44,10.4,3.9,5,61,0,3,17,8,0.88,1,4,-3,-0.76,-0.15,Matches
1989,Marcão,br BRA,DF,Sevilla,es La Liga,28,1996,12,552,46,16.1,6.1,6,85,3,6,7,22,1.08,6,17,-11,-1.79,-1.73,Matches
1990,Solly March,eng ENG,MF,Brighton,eng Premier League,30,1994,8,168,21,4.9,1.9,1,62,0,7,15,5,1.75,4,3,+1,+0.54,+0.37,Matches
1991,Alex Marchal,es ESP,MF,Real Sociedad,es La Liga,16,2007,0,,,,,0,,0,0,,3,,,,,,,Matches
1992,Filip Marchwiński,pl POL,MF,Lecce,it Serie A,22,2002,1,15,15,0.4,0.2,0,,0,1,15,12,0.00,0,0,0,0.00,+0.82,Matches
1993,Richard Marcone,it ITA,GK,Parma,it Serie A,31,1993,0,,,,,0,,0,0,,16,,,,,,,Matches
1994,Óscar de Marcos,es ESP,DF,Athletic Club,es La Liga,35,1989,26,1564,60,45.7,17.4,17,84,11,9,15,11,2.04,35,11,+24,+1.38,+1.33,Matches
1995,Alberto Marí,es ESP,FW,Valencia,es La Liga,23,2001,1,7,7,0.2,0.1,0,,0,1,7,2,0.00,0,0,0,0.00,+0.26,Matches
1996,Pablo Marí,es ESP,DF,Monza,it Serie A,30,1993,19,1628,86,47.6,18.1,19,86,17,0,,0,0.68,16,23,-7,-0.39,+1.32,Matches
1997,Pablo Marí,es ESP,DF,Fiorentina,it Serie A,30,1993,13,1098,84,32.1,12.2,12,90,12,1,18,1,1.77,19,14,+5,+0.41,-0.13,Matches
1998,José María Giménez,uy URU,DF,Atlético Madrid,es La Liga,29,1995,27,1999,74,58.5,22.2,20,88,19,7,34,7,1.89,41,20,+21,+0.95,-0.13,Matches
1999,Luca Marianucci,it ITA,DF,Empoli,it Serie A,20,2004,18,1069,59,31.3,11.9,12,84,9,6,10,17,0.94,7,16,-9,-0.76,-0.11,Matches
2000,Mirko Marić,hr CRO,FW,Monza,it Serie A,29,1995,8,106,13,3.1,1.2,1,45,0,7,9,14,0.38,0,0,0,0.00,+1.11,Matches
2001,Mirko Marić,hr CRO,FW,Venezia,it Serie A,29,1995,10,356,36,10.4,4.0,4,67,0,6,15,3,0.80,0,4,-4,-1.01,-0.42,Matches
2002,Arkaitz Mariezkurrena,es ESP,FW,Real Sociedad,es La Liga,19,2005,9,241,27,7.0,2.7,1,70,0,8,21,5,0.78,2,4,-2,-0.75,-0.49,Matches
2003,Pablo Marín,es ESP,MF,Real Sociedad,es La Liga,21,2003,23,1239,54,36.2,13.8,14,79,8,9,15,11,1.17,12,22,-10,-0.73,-0.69,Matches
2004,Rafa Marín,es ESP,DF,Napoli,it Serie A,22,2002,4,142,36,4.2,1.6,1,90,1,3,17,34,2.50,1,1,0,0.00,-0.88,Matches
2005,Răzvan Marin,ro ROU,MF,Cagliari,it Serie A,28,1996,33,1406,43,41.1,15.6,13,76,4,20,21,5,0.94,15,22,-7,-0.45,-0.05,Matches
2006,Renato Marin,it ITA,GK,Roma,it Serie A,18,2006,0,,,,,0,,0,0,,20,,,,,,,Matches
2007,Guillermo Maripán,cl CHI,DF,Torino,it Serie A,30,1994,28,2340,84,68.4,26.0,27,86,25,1,13,6,1.11,27,30,-3,-0.12,+0.13,Matches
2008,Guillermo Maripán,cl CHI,DF,Monaco,fr Ligue 1,30,1994,0,,,,,0,,0,0,,1,,,,,,,Matches
2009,Mika Mármol,es ESP,DF,Las Palmas,es La Liga,23,2001,30,2399,80,70.1,26.7,27,87,24,3,20,3,0.83,29,44,-15,-0.56,-0.03,Matches
2010,Omar Marmoush,eg EGY,"MF,FW",Manchester City,eng Premier League,25,1999,16,1175,73,34.4,13.1,14,82,4,2,15,0,2.06,26,12,+14,+1.07,+0.51,Matches
2011,Omar Marmoush,eg EGY,"FW,MF",Eintracht Frankfurt,de Bundesliga,25,1999,17,1448,85,47.3,16.1,17,85,10,0,,0,1.94,40,22,+18,+1.12,+0.90,Matches
2012,Mario Maroto,es ESP,MF,Valladolid,es La Liga,20,2003,2,64,32,1.9,0.7,0,,0,2,32,7,0.00,1,1,0,0.00,+1.72,Matches
2013,Marquinhos,br BRA,DF,Paris Saint-Germain,fr Ligue 1,30,1994,22,1725,78,56.4,19.2,19,87,16,3,25,5,2.41,52,18,+34,+1.77,+0.22,Matches
2014,Unai Marrero,es ESP,GK,Real Sociedad,es La Liga,22,2001,2,180,90,5.3,2.0,2,90,2,0,,36,0.00,0,3,-3,-1.50,-1.28,Matches
2015,Zachariah Marsh,eng ENG,FW,Crystal Palace,eng Premier League,18,2005,0,,,,,0,,0,0,,1,,,,,,,Matches
2016,Ange Martial Tia,ml MLI,MF,Reims,fr Ligue 1,17,2006,6,171,29,5.6,1.9,2,57,0,4,15,4,1.00,2,4,-2,-1.05,-0.68,Matches
2017,Aarón Martín,es ESP,"DF,MF",Genoa,it Serie A,27,1997,36,3085,86,90.2,34.3,35,87,30,1,32,1,1.19,33,44,-11,-0.32,-0.05,Matches
2018,Carlos Martín,es ESP,"MF,FW",Alavés,es La Liga,22,2002,26,1333,51,39.0,14.8,16,66,1,10,27,10,1.08,11,14,-3,-0.20,+0.10,Matches
2019,Diego Martín,es ESP,FW,Las Palmas,es La Liga,20,2003,2,40,20,1.2,0.4,0,,0,2,20,1,0.00,0,2,-2,-4.50,-3.99,Matches
2020,Gerard Martín,es ESP,DF,Barcelona,es La Liga,22,2002,28,1038,37,30.4,11.5,11,70,4,17,16,10,2.54,36,15,+21,+1.82,+0.23,Matches
2021,Iván Martín,es ESP,MF,Girona,es La Liga,25,1999,32,2039,64,59.6,22.7,24,76,10,8,26,1,1.09,22,36,-14,-0.62,-0.49,Matches
2022,Jon Martin,es ESP,DF,Real Sociedad,es La Liga,18,2006,13,904,70,26.4,10.0,6,90,6,7,52,24,0.69,6,19,-13,-1.29,-1.37,Matches
2023,Jonas Martin,fr FRA,MF,Brest,fr Ligue 1,34,1990,17,496,29,16.2,5.5,5,70,0,12,12,4,1.18,9,12,-3,-0.54,-0.40,Matches
2024,Mario Martín,es ESP,MF,Valladolid,es La Liga,20,2004,30,1748,58,51.1,19.4,20,76,7,10,23,3,0.37,13,48,-35,-1.80,-0.24,Matches
2025,Gabriel Martinelli,br BRA,"FW,MF",Arsenal,eng Premier League,23,2001,33,2290,69,67.0,25.4,25,81,10,8,33,2,1.94,45,25,+20,+0.79,-0.41,Matches
2026,Tommaso Martinelli,it ITA,GK,Fiorentina,it Serie A,18,2006,0,,,,,0,,0,0,,38,,,,,,,Matches
2027,Arnau Martinez,es ESP,"DF,MF",Girona,es La Liga,21,2003,32,2624,82,76.7,29.2,30,87,24,2,4,5,1.16,31,45,-14,-0.48,-0.25,Matches
2028,Emiliano Martínez,ar ARG,GK,Aston Villa,eng Premier League,31,1992,37,3194,86,93.4,35.5,37,86,34,0,,0,1.70,56,45,+11,+0.31,+1.90,Matches
2029,Joaquín Martínez Gauna,es ESP,FW,Sevilla,es La Liga,21,2003,0,,,,,0,,0,0,,4,,,,,,,Matches
2030,Iñigo Martínez,es ESP,DF,Barcelona,es La Liga,33,1991,28,2490,89,72.8,27.7,28,89,25,0,,6,2.32,75,31,+44,+1.59,-0.25,Matches
2031,Javi Martínez,es ESP,MF,Osasuna,es La Liga,24,1999,1,6,6,0.2,0.1,0,,0,1,6,14,0.00,0,1,-1,-15.00,-14.92,Matches
2032,Josep Martinez,es ESP,GK,Inter,it Serie A,26,1998,5,450,90,13.2,5.0,5,90,5,0,,33,2.60,8,3,+5,+1.00,-0.18,Matches
2033,Lautaro Martínez,ar ARG,FW,Inter,it Serie A,26,1997,31,2564,83,75.0,28.5,31,83,15,0,,1,2.00,58,27,+31,+1.09,-0.28,Matches
2034,Lisandro Martínez,ar ARG,DF,Manchester Utd,eng Premier League,26,1998,20,1751,88,51.2,19.5,20,88,17,0,,2,1.35,25,27,-2,-0.10,+0.33,Matches
2035,Lucas Martínez Quarta,ar ARG,DF,Fiorentina,it Serie A,28,1996,8,351,44,10.3,3.9,4,71,2,4,17,9,1.88,5,5,0,0.00,-0.56,Matches
2036,Ramón Martínez,es ESP,DF,Sevilla,es La Liga,21,2002,5,261,52,7.6,2.9,2,90,2,3,27,13,1.40,5,4,+1,+0.34,+0.74,Matches
2037,Raúl Martínez,es ESP,MF,Girona,es La Liga,22,2002,0,,,,,0,,0,0,,4,,,,,,,Matches
2038,Toni Martínez,es ESP,FW,Alavés,es La Liga,27,1997,28,1012,36,29.6,11.2,9,71,2,19,19,8,1.00,12,17,-5,-0.44,-0.26,Matches
2039,Kevin Martins,it ITA,MF,Monza,it Serie A,19,2005,9,183,20,5.4,2.0,1,31,0,8,19,17,0.44,2,5,-3,-1.48,-0.42,Matches
2040,Javi Martón,es ESP,FW,Athletic Club,es La Liga,25,1999,3,53,18,1.5,0.6,0,,0,3,18,12,1.67,1,0,+1,+1.70,+1.06,Matches
2041,Adam Marušić,me MNE,DF,Lazio,it Serie A,31,1992,35,2337,67,68.3,26.0,26,83,19,9,21,3,1.60,39,39,0,0.00,-1.00,Matches
2042,Marvin,es ESP,"DF,MF",Las Palmas,es La Liga,24,2000,23,1038,45,30.4,11.5,9,75,4,14,26,1,0.87,15,17,-2,-0.17,+0.54,Matches
2043,Omar Mascarell,gq EQG,MF,Mallorca,es La Liga,31,1993,32,1992,62,58.2,22.1,21,83,12,11,22,5,1.47,22,29,-7,-0.32,-0.19,Matches
2044,Adam Masina,ma MAR,DF,Torino,it Serie A,30,1994,28,1919,69,56.1,21.3,20,87,15,8,22,9,1.11,20,28,-8,-0.38,-0.50,Matches
2045,Patrizio Masini,it ITA,MF,Genoa,it Serie A,23,2001,26,1538,59,45.0,17.1,16,84,11,10,19,11,1.35,20,22,-2,-0.12,+0.36,Matches
2046,Giorgos Masouras,gr GRE,FW,Bochum,de Bundesliga,30,1994,14,1055,75,34.5,11.7,12,80,2,2,45,0,0.93,14,18,-4,-0.34,+1.01,Matches
2047,Erhan Mašović,rs SRB,"DF,MF",Bochum,de Bundesliga,25,1998,16,910,57,29.7,10.1,10,83,9,6,14,13,0.81,8,25,-17,-1.68,-0.97,Matches
2048,Han-Noah Massengo,fr FRA,MF,Auxerre,fr Ligue 1,23,2001,17,1046,62,34.2,11.6,11,85,6,6,19,0,1.24,18,18,0,0.00,+0.13,Matches
2049,Clinton Mata,ao ANG,DF,Lyon,fr Ligue 1,31,1992,29,2370,82,77.5,26.3,27,87,25,2,7,2,1.59,52,38,+14,+0.53,-0.12,Matches
2050,Jaime Mata,es ESP,"MF,FW",Las Palmas,es La Liga,35,1988,30,656,22,19.2,7.3,4,69,0,26,15,6,0.84,9,11,-2,-0.27,+0.34,Matches
2051,Igor Matanovic,hr CRO,FW,Eintracht Frankfurt,de Bundesliga,21,2003,16,312,20,10.2,3.5,2,56,0,14,14,6,1.88,7,10,-3,-0.87,-1.68,Matches
2052,Pape Matar Sarr,sn SEN,MF,Tottenham Hotspur,eng Premier League,21,2002,36,1913,53,55.9,21.3,22,70,6,14,27,2,0.97,33,38,-5,-0.24,-0.47,Matches
2053,Eliot Matazo,be BEL,MF,Monaco,fr Ligue 1,22,2002,3,68,23,2.2,0.8,1,62,0,2,3,10,2.00,1,1,0,0.00,-0.66,Matches
2054,Jean-Philippe Mateta,fr FRA,FW,Crystal Palace,eng Premier League,27,1997,37,2648,72,77.4,29.4,33,78,17,4,19,0,1.35,43,37,+6,+0.20,+0.90,Matches
2055,Nemanja Matić,rs SRB,MF,Lyon,fr Ligue 1,35,1988,29,2010,69,65.7,22.3,25,78,5,4,17,1,1.66,37,31,+6,+0.27,-0.85,Matches
2056,Rudy Matondo,fr FRA,MF,Auxerre,fr Ligue 1,16,2008,5,66,13,2.2,0.7,0,,0,5,13,1,1.20,1,4,-3,-4.09,-4.09,Matches
2057,Chrislain Matsima,fr FRA,DF,Augsburg,de Bundesliga,22,2002,30,2551,85,83.4,28.3,28,89,26,2,28,2,1.30,26,37,-11,-0.39,+0.50,Matches
2058,Jean Mattéo Bahoya,fr FRA,MF,Eintracht Frankfurt,de Bundesliga,19,2005,24,921,38,30.1,10.2,10,66,0,14,18,4,1.54,23,11,+12,+1.17,+0.75,Matches
2059,Remi Matthews,eng ENG,GK,Crystal Palace,eng Premier League,30,1994,0,,,,,0,,0,0,,7,,,,,,,Matches
2060,Alan Matturro,uy URU,DF,Genoa,it Serie A,19,2004,13,900,69,26.3,10.0,9,90,9,4,23,12,1.15,7,13,-6,-0.60,-0.39,Matches
2061,Azor Matusiwa,nl NED,MF,Rennes,fr Ligue 1,26,1998,29,2078,72,67.9,23.1,23,84,16,6,23,2,1.00,38,40,-2,-0.09,-0.36,Matches
2062,Brice Maubleu,fr FRA,GK,Saint-Étienne,fr Ligue 1,34,1989,0,,,,,0,,0,0,,33,,,,,,,Matches
2063,Neal Maupay,fr FRA,FW,Marseille,fr Ligue 1,27,1996,22,1042,47,34.1,11.6,13,65,1,9,23,9,1.77,23,19,+4,+0.35,-0.68,Matches
2064,Neal Maupay,fr FRA,"FW,MF",Everton,eng Premier League,27,1996,0,,,,,0,,0,0,,2,,,,,,,Matches
2065,Maurides,br BRA,FW,St Pauli,de Bundesliga,30,1994,1,2,2,0.1,0.0,0,,0,1,2,3,0.00,0,0,0,0.00,+0.38,Matches
2066,Stephy Mavididi,eng ENG,MF,Leicester City,eng Premier League,26,1998,30,1615,54,47.2,17.9,16,81,3,14,23,3,0.50,18,38,-20,-1.11,+0.23,Matches
2067,Konstantinos Mavropanos,gr GRE,DF,West Ham United,eng Premier League,26,1997,33,2045,62,59.8,22.7,21,85,17,12,22,3,1.15,22,38,-16,-0.70,-0.70,Matches
2068,Christian Mawissa,fr FRA,DF,Monaco,fr Ligue 1,19,2005,22,1501,68,49.1,16.7,17,84,12,5,13,9,1.86,33,24,+9,+0.54,-0.21,Matches
2069,Victor Mayela,fr FRA,DF,Auxerre,fr Ligue 1,20,2004,0,,,,,0,,0,0,,1,,,,,,,Matches
2070,Ezra Mayers,bb BRB,DF,West Ham United,eng Premier League,17,2007,0,,,,,0,,0,0,,1,,,,,,,Matches
2071,Borja Mayoral,es ESP,FW,Getafe,es La Liga,27,1997,24,1114,46,32.6,12.4,7,86,4,17,30,1,1.25,17,16,+1,+0.08,+0.31,Matches
2072,Senny Mayulu,fr FRA,MF,Paris Saint-Germain,fr Ligue 1,18,2006,20,808,40,26.4,9.0,8,81,4,12,13,9,2.40,26,9,+17,+1.89,+0.29,Matches
2073,Noussair Mazraoui,ma MAR,"DF,MF",Manchester Utd,eng Premier League,26,1997,37,2838,77,83.0,31.5,34,81,20,3,24,0,1.14,23,43,-20,-0.63,-2.18,Matches
2074,Andrea Mazza,it ITA,GK,Monza,it Serie A,20,2004,1,8,8,0.2,0.1,0,,0,1,8,37,0.00,0,0,0,0.00,+1.08,Matches
2075,Giuseppe Mazzaglia,it ITA,MF,Como,it Serie A,18,2006,0,,,,,0,,0,0,,3,,,,,,,Matches
2076,Luca Mazzitelli,it ITA,MF,Como,it Serie A,28,1995,11,335,30,9.8,3.7,3,71,0,8,15,4,1.00,3,11,-8,-2.15,-2.30,Matches
2077,Pasquale Mazzocchi,it ITA,"MF,DF",Napoli,it Serie A,29,1995,20,702,35,20.5,7.8,7,83,3,13,9,11,2.33,13,10,+3,+0.38,-0.58,Matches
2078,Samuel Mbangula,be BEL,MF,Juventus,it Serie A,20,2004,23,709,31,20.7,7.9,7,72,1,16,13,13,1.65,16,6,+10,+1.27,+0.84,Matches
2079,Ethan Mbappé,fr FRA,MF,Lille,fr Ligue 1,17,2006,10,222,22,7.3,2.5,1,67,0,9,17,1,2.10,7,2,+5,+2.03,+1.68,Matches
2080,Kylian Mbappé,fr FRA,FW,Real Madrid,es La Liga,25,1998,34,2907,86,85.0,32.3,34,86,22,0,,0,2.24,67,32,+35,+1.08,+0.21,Matches
2081,Ibrahim Mbaye,sn SEN,FW,Paris Saint-Germain,fr Ligue 1,16,2008,9,340,38,11.1,3.8,4,71,2,5,11,8,2.67,11,5,+6,+1.59,-0.10,Matches
2082,Bryan Mbeumo,cm CMR,"MF,FW",Brentford,eng Premier League,24,1999,38,3414,90,99.8,37.9,38,90,35,0,,0,1.47,66,55,+11,+0.29,+30.29,Matches
2083,Hianga'a Mbock,fr FRA,MF,Brest,fr Ligue 1,24,1999,1,21,21,0.7,0.2,0,,0,1,21,0,0.00,0,0,0,0.00,+0.21,Matches
2084,James Mcatee,eng ENG,MF,Manchester City,eng Premier League,21,2002,15,349,23,10.2,3.9,3,66,0,12,13,20,2.33,9,6,+3,+0.77,+0.04,Matches
2085,Kasey McAteer,ie IRL,MF,Leicester City,eng Premier League,22,2001,18,852,47,24.9,9.5,9,78,1,9,16,2,0.78,10,16,-6,-0.63,+0.80,Matches
2086,Oliver McBurnie,sct SCO,FW,Las Palmas,es La Liga,28,1996,34,1837,54,53.7,20.4,20,77,8,14,21,4,0.68,20,37,-17,-0.83,-0.61,Matches
2087,Alex McCarthy,eng ENG,GK,Southampton,eng Premier League,34,1989,5,450,90,13.2,5.0,5,90,5,0,,33,0.00,3,13,-10,-2.00,-0.48,Matches
2088,James McConnell,eng ENG,MF,Liverpool,eng Premier League,19,2004,0,,,,,0,,0,0,,4,,,,,,,Matches
2089,Ruairi Mcconville,nir NIR,DF,Brighton,eng Premier League,19,2005,0,,,,,0,,0,0,,8,,,,,,,Matches
2090,John McGinn,sct SCO,MF,Aston Villa,eng Premier League,29,1994,34,2223,65,65.0,24.7,27,77,11,7,21,0,1.76,33,34,-1,-0.04,-0.64,Matches
2091,Ed McJannet,ie IRL,MF,Lecce,it Serie A,20,2004,0,,,,,0,,0,0,,21,,,,,,,Matches
2092,Callan Mckenna,sct SCO,GK,Bournemouth,eng Premier League,17,2006,0,,,,,0,,0,0,,1,,,,,,,Matches
2093,Scott McKenna,sct SCO,DF,Las Palmas,es La Liga,27,1996,29,2466,85,72.1,27.4,28,87,26,1,22,1,1.07,33,43,-10,-0.36,+0.67,Matches
2094,Weston McKennie,us USA,"MF,DF",Juventus,it Serie A,25,1998,32,2310,72,67.5,25.7,27,82,15,5,19,3,1.81,34,28,+6,+0.23,-1.14,Matches
2095,Mark McKenzie,us USA,DF,Toulouse,fr Ligue 1,25,1999,30,2496,83,81.6,27.7,29,85,26,1,21,1,1.23,39,36,+3,+0.11,+0.43,Matches
2096,Dwight McNeil,eng ENG,MF,Everton,eng Premier League,24,1999,21,1371,65,40.1,15.2,15,85,10,6,15,0,1.29,20,24,-4,-0.26,-0.35,Matches
2097,Scott McTominay,sct SCO,MF,Manchester Utd,eng Premier League,27,1996,2,19,10,0.6,0.2,0,,0,2,10,0,1.50,1,1,0,0.00,+0.26,Matches
2098,Scott McTominay,sct SCO,MF,Napoli,it Serie A,27,1996,34,2938,86,85.9,32.6,33,89,29,1,17,0,2.15,49,22,+27,+0.83,-0.11,Matches
2099,Djordjije Medenica,es ESP,GK,Getafe,es La Liga,17,2006,0,,,,,0,,0,0,,3,,,,,,,Matches
2100,Jakov Medić,hr CRO,DF,Bochum,de Bundesliga,25,1998,23,1603,70,52.4,17.8,17,88,13,6,17,10,0.83,14,35,-21,-1.18,-0.38,Matches
2101,Facundo Medina,ar ARG,DF,Lens,fr Ligue 1,25,1999,29,2543,88,83.1,28.3,29,88,24,0,,0,1.69,39,30,+9,+0.32,+1.36,Matches
2102,Ben Mee,eng ENG,DF,Brentford,eng Premier League,34,1989,7,183,26,5.4,2.0,2,84,1,5,3,28,1.86,1,4,-3,-1.48,-1.81,Matches
2103,Dermot Mee,nir NIR,GK,Manchester Utd,eng Premier League,21,2002,0,,,,,0,,0,0,,2,,,,,,,Matches
2104,Jayden Meghoma,eng ENG,DF,Brentford,eng Premier League,18,2006,1,5,5,0.1,0.1,0,,0,1,5,13,0.00,1,0,+1,+18.00,+17.79,Matches
2105,Felix Meiser,de GER,DF,Augsburg,de Bundesliga,17,2007,0,,,,,0,,0,0,,6,,,,,,,Matches
2106,Henrik Meister,dk DEN,FW,Rennes,fr Ligue 1,20,2003,4,63,16,2.1,0.7,0,,0,4,16,7,1.00,1,2,-1,-1.43,-1.49,Matches
2107,Bamo Meïté,ci CIV,DF,Montpellier,fr Ligue 1,22,2001,7,424,61,13.9,4.7,6,68,0,1,16,5,0.00,1,10,-9,-1.91,-0.31,Matches
2108,Bamo Meïté,ci CIV,DF,Marseille,fr Ligue 1,22,2001,3,26,9,0.8,0.3,0,,0,3,9,12,3.00,0,1,-1,-3.46,-4.29,Matches
2109,Kader Meïté,fr FRA,FW,Rennes,fr Ligue 1,16,2007,12,544,45,17.8,6.0,5,88,3,7,15,4,1.00,7,7,0,0.00,-0.04,Matches
2110,Mateo Mejía,es ESP,FW,Sevilla,es La Liga,21,2003,1,11,11,0.3,0.1,0,,0,1,11,3,1.00,1,0,+1,+8.18,+8.55,Matches
2111,Farid El Melali,dz ALG,"MF,FW",Angers,fr Ligue 1,27,1997,32,1893,59,61.9,21.0,22,73,3,10,29,0,1.13,20,34,-14,-0.67,-0.13,Matches
2112,Filippo Melegoni,it ITA,MF,Genoa,it Serie A,25,1999,3,89,30,2.6,1.0,1,45,0,2,22,12,0.33,1,5,-4,-4.04,-3.83,Matches
2113,Arthur Melo,br BRA,MF,Girona,es La Liga,27,1996,15,941,63,27.5,10.5,10,79,4,5,30,0,0.67,8,13,-5,-0.48,-0.08,Matches
2114,Hernani Mendes,pt POR,MF,Le Havre,fr Ligue 1,19,2004,0,,,,,0,,0,0,,5,,,,,,,Matches
2115,Nuno Mendes,pt POR,DF,Paris Saint-Germain,fr Ligue 1,22,2002,24,1676,70,54.8,18.6,19,82,14,5,24,3,2.38,48,17,+31,+1.66,-0.03,Matches
2116,Brais Méndez,es ESP,"MF,FW",Real Sociedad,es La Liga,27,1997,27,1531,57,44.8,17.0,19,71,4,8,23,5,1.30,19,16,+3,+0.18,+0.84,Matches
2117,Diego Méndez,es ESP,MF,Rayo Vallecano,es La Liga,20,2003,0,,,,,0,,0,0,,1,,,,,,,Matches
2118,Antoine Mendy,sn SEN,"DF,MF",Nice,fr Ligue 1,20,2004,18,825,46,27.0,9.2,8,76,4,10,22,10,1.89,19,10,+9,+0.98,+0.34,Matches
2119,Ferland Mendy,fr FRA,DF,Real Madrid,es La Liga,29,1995,14,1005,72,29.4,11.2,12,80,5,2,21,11,1.93,16,13,+3,+0.27,-1.11,Matches
2120,Nampalys Mendy,sn SEN,MF,Lens,fr Ligue 1,32,1992,10,588,59,19.2,6.5,7,78,2,3,13,15,2.10,10,3,+7,+1.07,+1.22,Matches
2121,Nobel Mendy,sn SEN,DF,Real Betis,es La Liga,19,2004,2,108,54,3.2,1.2,1,90,1,1,18,11,0.50,1,5,-4,-3.33,-3.63,Matches
2122,Gideon Mensah,gh GHA,"DF,MF",Auxerre,fr Ligue 1,26,1998,29,2280,79,74.5,25.3,26,86,19,3,17,0,1.34,34,36,-2,-0.08,+0.04,Matches
2123,Alex Meret,it ITA,GK,Napoli,it Serie A,27,1997,34,3005,88,87.9,33.4,34,88,33,0,,1,2.12,52,25,+27,+0.81,-0.28,Matches
2124,Mikel Merino,es ESP,"MF,FW",Arsenal,eng Premier League,28,1996,28,1586,57,46.4,17.6,17,83,11,11,16,0,1.79,28,17,+11,+0.62,-0.55,Matches
2125,Quentin Merlin,fr FRA,"MF,DF",Marseille,fr Ligue 1,22,2002,27,1589,59,51.9,17.7,21,70,4,6,21,1,1.93,40,21,+19,+1.08,+0.59,Matches
2126,Víctor Meseguer,es ESP,MF,Valladolid,es La Liga,25,1999,14,418,30,12.2,4.6,2,74,1,12,23,4,0.86,2,8,-6,-1.29,+0.45,Matches
2127,Rafik Messali,fr FRA,MF,Toulouse,fr Ligue 1,21,2003,13,456,35,14.9,5.1,5,63,0,8,18,14,1.38,8,7,+1,+0.20,+0.20,Matches
2128,Rayane Messi Tanfouri,fr FRA,FW,Strasbourg,fr Ligue 1,17,2007,0,,,,,0,,0,0,,6,,,,,,,Matches
2129,Junior Messias,br BRA,"MF,FW",Genoa,it Serie A,33,1991,17,847,50,24.8,9.4,8,76,3,9,26,4,1.24,8,10,-2,-0.21,+0.14,Matches
2130,Sergio Mestre,es ESP,GK,Real Madrid,es La Liga,19,2005,0,,,,,0,,0,0,,21,,,,,,,Matches
2131,Connor Metcalfe,au AUS,"MF,FW",St Pauli,de Bundesliga,24,1999,10,358,36,11.7,4.0,3,77,1,7,18,3,1.10,4,5,-1,-0.25,+0.15,Matches
2132,Jenson Metcalfe,eng ENG,MF,Everton,eng Premier League,19,2004,0,,,,,0,,0,0,,2,,,,,,,Matches
2133,Dayann Methalie,fr FRA,MF,Toulouse,fr Ligue 1,18,2006,0,,,,,0,,0,0,,10,,,,,,,Matches
2134,Karol Mets,ee EST,DF,St Pauli,de Bundesliga,31,1993,10,900,90,29.4,10.0,10,90,10,0,,0,0.80,7,12,-5,-0.50,-0.17,Matches
2135,Thomas Meunier,be BEL,DF,Lille,fr Ligue 1,32,1991,30,1928,64,63.0,21.4,21,85,16,9,17,1,1.77,32,24,+8,+0.37,-0.26,Matches
2136,Bastien Meupiyou,fr FRA,DF,Wolves,eng Premier League,18,2006,0,,,,,0,,0,0,,5,,,,,,,Matches
2137,Alexander Meyer,de GER,GK,Dortmund,de Bundesliga,33,1991,2,180,90,5.9,2.0,2,90,2,0,,31,1.50,3,4,-1,-0.50,-1.16,Matches
2138,Francesco Mezzoni,it ITA,FW,Napoli,it Serie A,24,2000,0,,,,,0,,0,0,,2,,,,,,,Matches
2139,Shumaira Mheuka,eng ENG,FW,Chelsea,eng Premier League,16,2007,1,1,1,0.0,0.0,0,,0,1,1,1,3.00,0,0,0,0.00,-0.55,Matches
2140,Lucas Michal,fr FRA,FW,Monaco,fr Ligue 1,19,2005,8,117,15,3.8,1.3,0,,0,8,15,7,1.25,2,2,0,0.00,-0.67,Matches
2141,Florian Micheler,at AUT,MF,Hoffenheim,de Bundesliga,19,2005,1,32,32,1.0,0.4,0,,0,1,32,3,0.00,0,0,0,0.00,+0.65,Matches
2142,Miguel,es ESP,FW,Leganés,es La Liga,24,1999,34,1724,51,50.4,19.2,17,80,5,17,21,3,1.12,18,25,-7,-0.37,+0.17,Matches
2143,Carlos Miguel,br BRA,GK,Nottingham Forest,eng Premier League,25,1998,0,,,,,0,,0,0,,33,,,,,,,Matches
2144,Valentin Mihaila,ro ROU,"MF,FW",Parma,it Serie A,24,2000,21,1288,61,37.7,14.3,16,73,3,5,25,2,0.81,15,22,-7,-0.49,-0.19,Matches
2145,Georges Mikautadze,ge GEO,"FW,MF",Lyon,fr Ligue 1,23,2000,34,1449,43,47.4,16.1,13,81,7,21,19,0,1.68,35,30,+5,+0.31,-0.47,Matches
2146,Wisdom Mike,de GER,FW,Bayern Munich,de Bundesliga,15,2008,0,,,,,0,,0,0,,1,,,,,,,Matches
2147,Daniel Mikołajewski,pl POL,FW,Parma,it Serie A,18,2006,0,,,,,0,,0,0,,3,,,,,,,Matches
2148,Igor Miladinović,rs SRB,MF,Saint-Étienne,fr Ligue 1,21,2003,3,26,9,0.8,0.3,0,,0,3,9,10,1.67,1,0,+1,+3.46,+4.62,Matches
2149,Nikola Milenković,rs SRB,DF,Nottingham Forest,eng Premier League,26,1997,37,3330,90,97.4,37.0,37,90,37,0,,0,1.73,57,45,+12,+0.32,+0.32,Matches
2150,Lewis Miley,eng ENG,MF,Newcastle United,eng Premier League,18,2006,14,313,22,9.2,3.5,1,90,1,13,17,12,2.14,6,4,+2,+0.58,+0.02,Matches
2151,Vanja Milinković-Savić,rs SRB,GK,Torino,it Serie A,27,1997,37,3330,90,97.4,37.0,37,90,37,0,,0,1.19,37,42,-5,-0.14,+0.86,Matches
2152,Éder Militão,br BRA,DF,Real Madrid,es La Liga,26,1998,12,938,78,27.4,10.4,11,83,9,1,20,0,2.25,20,9,+11,+1.06,0.00,Matches
2153,Luis Milla,es ESP,MF,Getafe,es La Liga,29,1994,33,2875,87,84.1,31.9,32,89,28,1,35,0,1.06,25,34,-9,-0.28,-0.94,Matches
2154,Pere Milla,es ESP,MF,Espanyol,es La Liga,31,1992,20,456,23,13.3,5.1,1,56,0,19,21,17,1.10,6,7,-1,-0.20,+0.11,Matches
2155,Enzo Millot,fr FRA,MF,Stuttgart,de Bundesliga,22,2002,29,1843,64,60.2,20.5,22,76,7,7,24,2,1.52,42,32,+10,+0.49,+0.41,Matches
2156,James Milner,eng ENG,MF,Brighton,eng Premier League,38,1986,4,170,43,5.0,1.9,3,56,0,1,1,0,2.50,3,1,+2,+1.06,+0.92,Matches
2157,Rony Mimb Baheng,cm CMR,DF,Marseille,fr Ligue 1,19,2005,0,,,,,0,,0,0,,1,,,,,,,Matches
2158,Kim Min-jae,kr KOR,DF,Bayern Munich,de Bundesliga,27,1996,27,2283,85,74.6,25.4,27,85,20,0,,3,2.52,73,24,+49,+1.93,-0.15,Matches
2159,Yerry Mina,co COL,DF,Cagliari,it Serie A,29,1994,31,2569,83,75.1,28.5,31,83,23,0,,1,0.97,27,40,-13,-0.46,-0.14,Matches
2160,Takumi Minamino,jp JPN,MF,Monaco,fr Ligue 1,29,1995,31,2231,72,72.9,24.8,27,78,9,4,28,0,1.74,42,29,+13,+0.52,-0.45,Matches
2161,Lucas Mincarelli,fr FRA,DF,Montpellier,fr Ligue 1,20,2004,10,715,72,23.4,7.9,8,83,6,2,25,6,0.40,4,21,-17,-2.14,-0.64,Matches
2162,Tyrone Mings,eng ENG,DF,Aston Villa,eng Premier League,31,1993,14,1120,80,32.7,12.4,12,81,9,2,73,13,2.29,26,11,+15,+1.21,+1.52,Matches
2163,Óscar Mingueza,es ESP,"MF,DF",Celta Vigo,es La Liga,25,1999,34,2729,80,79.8,30.3,31,83,20,3,48,0,1.56,50,47,+3,+0.10,+0.23,Matches
2164,Yang Minhyeok,kr KOR,MF,Tottenham Hotspur,eng Premier League,18,2006,0,,,,,0,,0,0,,2,,,,,,,Matches
2165,Kim Minsu,kr KOR,FW,Girona,es La Liga,18,2006,3,22,7,0.6,0.2,0,,0,3,7,2,1.00,0,0,0,0.00,+0.42,Matches
2166,Yankuba Minteh,gm GAM,MF,Brighton,eng Premier League,20,2004,32,1838,57,53.7,20.4,20,78,3,12,24,1,1.59,37,33,+4,+0.20,+0.03,Matches
2167,Bojan Miovski,mk MKD,FW,Girona,es La Liga,25,1999,17,869,51,25.4,9.7,12,67,1,5,14,13,1.12,13,18,-5,-0.52,-0.13,Matches
2168,Rafa Mir,es ESP,"FW,MF",Valencia,es La Liga,27,1997,20,753,38,22.0,8.4,5,74,0,15,25,3,1.10,10,9,+1,+0.12,+0.49,Matches
2169,Juan Miranda,es ESP,DF,Bologna,it Serie A,24,2000,31,2277,73,66.6,25.3,25,86,20,6,19,5,1.65,42,32,+10,+0.40,+0.40,Matches
2170,Fabio Miretti,it ITA,MF,Genoa,it Serie A,20,2003,25,1677,67,49.0,18.6,22,72,2,3,31,2,1.12,14,23,-9,-0.48,-0.33,Matches
2171,Tyrick Mitchell,eng ENG,MF,Crystal Palace,eng Premier League,24,1999,37,3092,84,90.4,34.4,37,84,25,0,,1,1.35,43,46,-3,-0.09,-0.91,Matches
2172,Kaoru Mitoma,jp JPN,MF,Brighton,eng Premier League,27,1997,36,2603,72,76.1,28.9,28,85,14,8,29,0,1.64,53,40,+13,+0.45,+1.11,Matches
2173,Stefan Mitrović,rs SRB,MF,Hellas Verona,it Serie A,21,2002,0,,,,,0,,0,0,,2,,,,,,,Matches
2174,Maximilian Mittelstädt,de GER,"DF,MF",Stuttgart,de Bundesliga,27,1997,31,2469,80,80.7,27.4,28,85,18,3,30,1,1.32,49,43,+6,+0.22,-0.54,Matches
2175,Koji Miyoshi,jp JPN,"MF,FW",Bochum,de Bundesliga,27,1997,15,464,31,15.2,5.2,6,50,0,9,18,6,0.67,3,10,-7,-1.36,-0.42,Matches
2176,Henrikh Mkhitaryan,am ARM,MF,Inter,it Serie A,35,1989,32,2396,75,70.1,26.6,30,78,12,2,23,2,2.13,57,24,+33,+1.24,+0.27,Matches
2177,Jakub Moder,pl POL,MF,Brighton,eng Premier League,25,1999,4,11,3,0.3,0.1,0,,0,4,3,9,1.75,0,0,0,0.00,-0.18,Matches
2178,Rui Modesto,ao ANG,MF,Udinese,it Serie A,24,1999,20,608,30,17.8,6.8,4,77,1,16,19,14,0.95,8,13,-5,-0.74,-0.42,Matches
2179,Luka Modrić,hr CRO,MF,Real Madrid,es La Liga,38,1985,35,1827,52,53.4,20.3,17,84,8,18,22,2,2.14,42,21,+21,+1.03,-0.04,Matches
2180,Max Moerstedt,de GER,"FW,MF",Hoffenheim,de Bundesliga,18,2006,12,451,38,14.7,5.0,5,65,0,7,18,7,1.08,4,5,-1,-0.20,+0.52,Matches
2181,Terem Moffi,ng NGA,FW,Nice,fr Ligue 1,25,1999,5,58,12,1.9,0.6,0,,0,5,12,3,1.40,3,0,+3,+4.66,+4.00,Matches
2182,Mostafa Mohamed,eg EGY,FW,Nantes,fr Ligue 1,26,1997,30,1252,42,40.9,13.9,11,74,2,19,23,0,1.03,19,18,+1,+0.07,+0.77,Matches
2183,Johan Mojica,co COL,DF,Mallorca,es La Liga,31,1992,36,2755,77,80.6,30.6,30,88,26,6,18,1,1.31,30,38,-8,-0.26,-0.13,Matches
2184,David Mokwa,fr FRA,FW,Hoffenheim,de Bundesliga,20,2004,2,22,11,0.7,0.2,0,,0,2,11,3,1.50,0,0,0,0.00,+0.65,Matches
2185,Horaţiu Moldovan,ro ROU,GK,Atlético Madrid,es La Liga,26,1998,0,,,,,0,,0,0,,1,,,,,,,Matches
2186,Enzo Molebe,fr FRA,FW,Lyon,fr Ligue 1,16,2007,0,,,,,0,,0,0,,10,,,,,,,Matches
2187,Alberto Moleiro,es ESP,MF,Las Palmas,es La Liga,20,2003,35,2714,78,79.4,30.2,32,81,16,3,40,1,0.83,35,48,-13,-0.43,+0.59,Matches
2188,Nahuel Molina,ar ARG,DF,Atlético Madrid,es La Liga,26,1998,30,1590,53,46.5,17.7,17,74,9,13,26,6,1.90,19,11,+8,+0.45,-1.02,Matches
2189,Florent Mollet,fr FRA,MF,Nantes,fr Ligue 1,32,1991,9,242,27,7.9,2.7,3,63,0,6,9,16,0.33,0,5,-5,-1.86,-1.60,Matches
2190,Jon Moncayola,es ESP,MF,Osasuna,es La Liga,26,1998,32,2099,66,61.4,23.3,26,74,6,6,28,1,1.34,32,29,+3,+0.13,+0.61,Matches
2191,Jeremy Monga,eng ENG,FW,Leicester City,eng Premier League,15,2009,7,112,16,3.3,1.2,0,,0,7,16,0,1.00,2,3,-1,-0.80,+0.45,Matches
2192,Enzo Mongo,fr FRA,DF,Nantes,fr Ligue 1,19,2005,0,,,,,0,,0,0,,1,,,,,,,Matches
2193,Alfonso Montero,uy URU,DF,Juventus,it Serie A,17,2007,0,,,,,0,,0,0,,1,,,,,,,Matches
2194,Gonzalo Montiel,ar ARG,DF,Sevilla,es La Liga,27,1997,6,113,19,3.3,1.3,1,85,0,5,6,11,1.50,2,3,-1,-0.80,-0.47,Matches
2195,Joni Montiel,es ESP,MF,Rayo Vallecano,es La Liga,25,1998,0,,,,,0,,0,0,,3,,,,,,,Matches
2196,Lorenzo Montipò,it ITA,GK,Hellas Verona,it Serie A,28,1996,36,3240,90,94.7,36.0,36,90,36,0,,1,0.94,32,64,-32,-0.89,-0.89,Matches
2197,Jayden Moore,,DF,Southampton,eng Premier League,,,0,,,,,0,,0,0,,1,,,,,,,Matches
2198,Mikey Moore,eng ENG,"MF,FW",Tottenham Hotspur,eng Premier League,16,2007,10,366,37,10.7,4.1,3,64,0,7,25,8,1.00,4,5,-1,-0.25,-0.25,Matches
2199,Jack Moorhouse,ie IRL,MF,Manchester Utd,eng Premier League,18,2005,0,,,,,0,,0,0,,2,,,,,,,Matches
2200,Israel Mora,,,Las Palmas,es La Liga,,,0,,,,,0,,0,0,,10,,,,,,,Matches
2201,Álvaro Morata,es ESP,"FW,MF",Milan,it Serie A,31,1992,16,1099,69,32.1,12.2,13,77,5,3,34,0,1.81,16,10,+6,+0.49,+0.03,Matches
2202,Morato,br BRA,DF,Nottingham Forest,eng Premier League,23,2001,26,907,35,26.5,10.1,6,84,4,20,20,8,2.15,19,14,+5,+0.50,+0.25,Matches
2203,Diego Moreira,be BEL,"MF,DF",Strasbourg,fr Ligue 1,19,2004,32,2568,80,83.9,28.5,29,85,16,3,32,0,1.72,47,35,+12,+0.42,+0.42,Matches
2204,Alberto Moreno,es ESP,DF,Como,it Serie A,32,1992,24,1727,72,50.5,19.2,21,79,9,3,24,6,1.21,20,26,-6,-0.31,-0.47,Matches
2205,Álex Moreno,es ESP,DF,Nottingham Forest,eng Premier League,31,1993,15,955,64,27.9,10.6,11,79,3,4,23,12,1.40,11,16,-5,-0.47,-1.09,Matches
2206,Gerard Moreno,es ESP,FW,Villarreal,es La Liga,32,1992,17,721,42,21.1,8.0,6,67,1,11,29,4,1.76,17,10,+7,+0.87,+0.44,Matches
2207,Matias Moreno,ar ARG,DF,Fiorentina,it Serie A,20,2003,4,144,36,4.2,1.6,2,62,0,2,11,30,0.75,1,4,-3,-1.87,-2.48,Matches
2208,Xavier Moreno,es ESP,FW,Valladolid,es La Liga,19,2004,1,45,45,1.3,0.5,1,45,0,0,,1,0.00,0,1,-1,-2.00,-0.32,Matches
2209,Tete Morente,es ESP,"MF,FW",Lecce,it Serie A,27,1996,31,2021,65,59.1,22.5,23,76,8,8,33,5,0.84,16,37,-21,-0.94,-0.29,Matches
2210,Manuel Moretta,it ITA,GK,Parma,it Serie A,18,2006,0,,,,,0,,0,0,,4,,,,,,,Matches
2211,Mateu Morey,es ESP,DF,Mallorca,es La Liga,24,2000,16,741,46,21.7,8.2,8,80,3,8,12,17,1.18,6,14,-8,-0.97,-0.94,Matches
2212,Iwan Morgan,wls WAL,FW,Brentford,eng Premier League,18,2006,0,,,,,0,,0,0,,5,,,,,,,Matches
2213,Ilaix Moriba,gn GUI,MF,Celta Vigo,es La Liga,21,2003,33,2132,65,62.3,23.7,22,83,13,11,28,3,1.30,37,34,+3,+0.13,+0.20,Matches
2214,Manu Morlanes,es ESP,MF,Mallorca,es La Liga,25,1999,23,1338,58,39.1,14.9,15,80,5,8,17,2,1.30,15,15,0,0.00,+0.39,Matches
2215,Nikola Moro,hr CRO,MF,Bologna,it Serie A,26,1998,22,1208,55,35.3,13.4,15,74,3,7,14,16,1.50,20,21,-1,-0.07,-0.52,Matches
2216,Raúl Moro,es ESP,"MF,FW",Valladolid,es La Liga,21,2002,33,2341,71,68.5,26.0,26,81,15,7,34,0,0.48,20,53,-33,-1.27,+1.32,Matches
2217,Morro,es ESP,GK,Rayo Vallecano,es La Liga,23,2000,0,,,,,0,,0,0,,1,,,,,,,Matches
2218,Sam Morsy,eg EGY,MF,Ipswich Town,eng Premier League,32,1991,33,2751,83,80.4,30.6,31,88,23,2,16,2,0.64,28,67,-39,-1.28,-0.33,Matches
2219,Tyler Morton,eng ENG,MF,Liverpool,eng Premier League,21,2002,0,,,,,0,,0,0,,8,,,,,,,Matches
2220,Gabriel Moscardo,br BRA,MF,Reims,fr Ligue 1,18,2005,6,84,14,2.7,0.9,0,,0,6,14,10,1.50,0,0,0,0.00,+0.42,Matches
2221,Daren Mosengo,fr FRA,MF,Le Havre,fr Ligue 1,17,2006,0,,,,,0,,0,0,,3,,,,,,,Matches
2222,Cristhian Mosquera,es ESP,DF,Valencia,es La Liga,20,2004,37,3319,90,97.0,36.9,37,90,36,0,,0,1.24,43,47,-4,-0.11,+5.24,Matches
2223,Daniel Mosquera,co COL,FW,Hellas Verona,it Serie A,24,1999,35,1375,39,40.2,15.3,12,67,1,23,25,2,1.06,16,25,-9,-0.59,+0.42,Matches
2224,Yerson Mosquera,co COL,DF,Wolves,eng Premier League,23,2001,5,441,88,12.9,4.9,5,88,4,0,,0,0.20,5,12,-7,-1.43,-1.19,Matches
2225,Dany Mota,pt POR,"MF,FW",Monza,it Serie A,26,1998,31,2104,68,61.5,23.4,24,78,9,7,32,0,0.35,16,42,-26,-1.11,-0.09,Matches
2226,Matteo Motta,it ITA,DF,Inter,it Serie A,19,2005,0,,,,,0,,0,0,,2,,,,,,,Matches
2227,Yael Mouanga,fr FRA,DF,Montpellier,fr Ligue 1,19,2005,14,946,68,30.9,10.5,10,81,6,4,33,8,0.29,5,25,-20,-1.90,-0.37,Matches
2228,Aimen Moueffek,fr FRA,MF,Saint-Étienne,fr Ligue 1,23,2001,22,1039,47,34.0,11.5,13,64,1,9,22,2,1.09,17,27,-10,-0.87,+0.38,Matches
2229,Youssoufa Moukoko,de GER,FW,Nice,fr Ligue 1,19,2004,11,204,19,6.7,2.3,2,64,0,9,8,14,1.73,6,2,+4,+1.76,+1.10,Matches
2230,Steve Mounié,bj BEN,MF,Augsburg,de Bundesliga,29,1994,16,347,22,11.3,3.9,1,56,0,15,19,11,1.00,6,5,+1,+0.26,+0.82,Matches
2231,Mason Mount,eng ENG,"MF,FW",Manchester Utd,eng Premier League,25,1999,17,622,37,18.2,6.9,8,53,0,9,22,3,0.88,2,11,-9,-1.30,-1.27,Matches
2232,Louis Mouquet,pt POR,GK,Paris Saint-Germain,fr Ligue 1,20,2004,0,,,,,0,,0,0,,3,,,,,,,Matches
2233,Samir El Mourabet,ma MAR,MF,Strasbourg,fr Ligue 1,18,2005,0,,,,,0,,0,0,,17,,,,,,,Matches
2234,Santiago Mouriño,uy URU,DF,Alavés,es La Liga,22,2002,25,1849,74,54.1,20.5,20,87,18,5,23,7,1.12,18,22,-4,-0.19,+0.15,Matches
2235,Amine Moussaoui,fr FRA,FW,Angers,fr Ligue 1,17,2006,0,,,,,0,,0,0,,5,,,,,,,Matches
2236,Louis Mouton,fr FRA,MF,Saint-Étienne,fr Ligue 1,22,2002,24,1045,44,34.2,11.6,12,66,0,12,21,8,0.96,12,26,-14,-1.21,-0.13,Matches
2237,Divin Mubama,eng ENG,FW,Manchester City,eng Premier League,19,2004,1,28,28,0.8,0.3,0,,0,1,28,4,3.00,1,0,+1,+3.21,+2.50,Matches
2238,Mykhailo Mudryk,ua UKR,MF,Chelsea,eng Premier League,23,2001,7,151,22,4.4,1.7,1,45,0,6,18,5,1.86,4,2,+2,+1.19,+0.67,Matches
2239,Ngal'Ayel Mukau,cd COD,MF,Lille,fr Ligue 1,19,2004,22,1190,54,38.9,13.2,14,75,3,8,18,7,1.82,24,17,+7,+0.53,+0.10,Matches
2240,Nordi Mukiele,fr FRA,"DF,MF",Leverkusen,de Bundesliga,26,1997,15,899,60,29.4,10.0,10,82,8,5,16,12,2.27,19,13,+6,+0.60,-0.36,Matches
2241,Senan Mullen,ie IRL,MF,Torino,it Serie A,19,2005,0,,,,,0,,0,0,,1,,,,,,,Matches
2242,Florian Müller,de GER,GK,Freiburg,de Bundesliga,26,1997,9,753,84,24.6,8.4,8,90,8,1,33,19,1.44,12,16,-4,-0.48,-0.48,Matches
2243,Kevin Müller,de GER,GK,Heidenheim,de Bundesliga,33,1991,33,2939,89,96.0,32.7,33,89,32,0,,0,0.79,34,64,-30,-0.92,-3.15,Matches
2244,Marius Müller,de GER,GK,Wolfsburg,de Bundesliga,31,1993,6,475,79,15.5,5.3,5,90,5,1,25,24,1.67,6,5,+1,+0.19,+0.15,Matches
2245,Thomas Müller,de GER,"MF,FW",Bayern Munich,de Bundesliga,34,1989,30,1225,41,40.0,13.6,12,72,3,18,20,4,2.47,35,17,+18,+1.32,-1.08,Matches
2246,Abdul Mumin,gh GHA,DF,Rayo Vallecano,es La Liga,26,1998,24,2017,84,59.0,22.4,24,84,21,0,,0,1.46,24,21,+3,+0.13,+0.58,Matches
2247,Marshall Munetsi,zw ZIM,MF,Reims,fr Ligue 1,28,1996,19,1692,89,55.3,18.8,19,89,17,0,,0,1.16,25,27,-2,-0.11,+0.68,Matches
2248,Marshall Munetsi,zw ZIM,"MF,FW",Wolves,eng Premier League,28,1996,14,1078,77,31.5,12.0,12,84,9,2,35,0,1.64,18,11,+7,+0.58,+1.43,Matches
2249,Rodrigo Muniz,br BRA,FW,Fulham,eng Premier League,23,2001,31,964,31,28.2,10.7,8,72,0,23,17,1,1.55,25,17,+8,+0.75,+1.04,Matches
2250,Aihen Muñoz,es ESP,DF,Real Sociedad,es La Liga,26,1997,21,1098,52,32.1,12.2,13,72,6,8,21,14,1.10,10,13,-3,-0.25,+0.06,Matches
2251,Álex Muñoz,es ESP,DF,Las Palmas,es La Liga,30,1994,21,1415,67,41.4,15.7,18,76,9,3,18,16,0.90,15,29,-14,-0.89,-0.58,Matches
2252,Daniel Muñoz,co COL,MF,Crystal Palace,eng Premier League,28,1996,37,3228,87,94.4,35.9,37,87,33,0,,0,1.43,48,46,+2,+0.06,+0.99,Matches
2253,Egoitz Muñoz,es ESP,DF,Alavés,es La Liga,19,2005,0,,,,,0,,0,0,,1,,,,,,,Matches
2254,Iker Muñoz,es ESP,MF,Osasuna,es La Liga,21,2002,23,610,27,17.8,6.8,4,59,1,19,20,5,1.43,10,12,-2,-0.30,-0.23,Matches
2255,Javier Muñoz,es ESP,"MF,DF",Las Palmas,es La Liga,29,1995,35,2588,74,75.7,28.8,28,86,20,7,27,1,0.91,32,49,-17,-0.59,-0.16,Matches
2256,Víctor Muñoz,es ESP,MF,Real Madrid,es La Liga,21,2003,2,36,18,1.1,0.4,0,,0,2,18,2,1.50,2,0,+2,+5.00,+3.99,Matches
2257,Arijanet Muric,xk KVX,GK,Ipswich Town,eng Premier League,25,1998,18,1620,90,47.4,18.0,18,90,18,0,,8,0.67,17,33,-16,-0.89,+0.61,Matches
2258,Murillo,br BRA,DF,Nottingham Forest,eng Premier League,22,2002,36,3188,89,93.2,35.4,36,89,33,0,,0,1.69,50,44,+6,+0.17,-2.16,Matches
2259,Vedat Muriqi,xk KVX,FW,Mallorca,es La Liga,30,1994,29,2058,71,60.2,22.9,24,80,10,5,28,0,1.10,20,30,-10,-0.44,-0.50,Matches
2260,Alex Murphy,ie IRL,DF,Newcastle United,eng Premier League,20,2004,0,,,,,0,,0,0,,4,,,,,,,Matches
2261,Jacob Murphy,eng ENG,"FW,MF",Newcastle United,eng Premier League,29,1995,35,2360,67,69.0,26.2,31,72,6,4,30,2,1.69,53,31,+22,+0.84,+0.92,Matches
2262,Bob Murphy Omoregbe,it ITA,FW,Milan,it Serie A,20,2003,1,3,3,0.1,0.0,0,,0,1,3,2,1.00,0,0,0,0.00,-0.47,Matches
2263,Yunus Musah,us USA,"MF,FW",Milan,it Serie A,21,2002,29,1571,54,45.9,17.5,19,72,7,10,21,5,1.69,25,24,+1,+0.06,-0.77,Matches
2264,Jamal Musiala,de GER,MF,Bayern Munich,de Bundesliga,21,2003,25,1798,72,58.8,20.0,21,81,9,4,24,0,2.44,51,18,+33,+1.65,-0.77,Matches
2265,Florent Muslija,xk KVX,"FW,MF",Freiburg,de Bundesliga,26,1998,9,168,19,5.5,1.9,0,,0,9,19,12,1.78,1,3,-2,-1.07,-1.01,Matches
2266,Juan Musso,ar ARG,GK,Atalanta,it Serie A,30,1994,1,90,90,2.6,1.0,1,90,1,0,,1,3.00,4,0,+4,+4.00,+3.00,Matches
2267,Juan Musso,ar ARG,GK,Atlético Madrid,es La Liga,30,1994,2,180,90,5.3,2.0,2,90,2,0,,34,3.00,5,0,+5,+2.50,+1.58,Matches
2268,Kingstone Mutandwa,zm ZAM,FW,Cagliari,it Serie A,21,2003,6,127,21,3.7,1.4,0,,0,6,21,27,0.67,2,3,-1,-0.71,-0.30,Matches
2269,Marvyn Muzungu,fr FRA,DF,Auxerre,fr Ligue 1,16,2007,0,,,,,0,,0,0,,2,,,,,,,Matches
2270,Junior Mwanga,fr FRA,MF,Le Havre,fr Ligue 1,21,2003,11,952,87,31.1,10.6,11,87,9,0,,0,1.18,17,23,-6,-0.57,+0.50,Matches
2271,Junior Mwanga,fr FRA,MF,Strasbourg,fr Ligue 1,21,2003,8,296,37,9.7,3.3,2,82,1,6,22,9,1.50,3,7,-4,-1.22,-1.74,Matches
2272,Phillipp Mwene,at AUT,MF,Mainz 05,de Bundesliga,30,1994,32,2607,81,85.2,29.0,32,81,17,0,,0,1.59,47,34,+13,+0.45,+0.65,Matches
2273,Vitaliy Mykolenko,ua UKR,DF,Everton,eng Premier League,25,1999,35,3082,88,90.1,34.2,35,88,33,0,,0,1.29,38,39,-1,-0.03,+0.24,Matches
2274,Joakim Mæhle,dk DEN,"DF,MF",Wolfsburg,de Bundesliga,27,1997,28,2188,78,71.5,24.3,25,86,21,3,11,0,1.29,37,33,+4,+0.16,+0.37,Matches
2275,Obite N'Dicka,ci CIV,DF,Roma,it Serie A,24,1999,38,3420,90,100.0,38.0,38,90,38,0,,0,1.82,56,35,+21,+0.55,,Matches
2276,Konan N'dri,ci CIV,MF,Lecce,it Serie A,23,2000,11,306,28,8.9,3.4,2,50,0,9,23,4,0.64,5,4,+1,+0.29,+1.22,Matches
2277,Loïc N'Gatta,fr FRA,DF,Auxerre,fr Ligue 1,20,2003,2,13,7,0.4,0.1,0,,0,2,7,5,0.50,0,0,0,0.00,+0.09,Matches
2278,Nathan N'Goumou,cm CMR,MF,Gladbach,de Bundesliga,24,2000,19,828,44,27.1,9.2,9,74,0,10,17,1,1.63,12,14,-2,-0.22,-0.22,Matches
2279,Djylian N'Guessan,fr FRA,FW,Saint-Étienne,fr Ligue 1,15,2008,8,181,23,5.9,2.0,3,50,0,5,6,6,0.63,1,5,-4,-1.99,-0.93,Matches
2280,Stanley N'Soki,fr FRA,DF,Hoffenheim,de Bundesliga,25,1999,22,1308,59,42.7,14.5,16,75,10,6,17,8,1.09,24,29,-5,-0.34,+0.53,Matches
2281,Mickael Nade,fr FRA,DF,Saint-Étienne,fr Ligue 1,25,1999,26,2306,89,75.4,25.6,25,90,25,1,56,4,0.92,36,57,-21,-0.82,+1.21,Matches
2282,Bilal Nadir,ma MAR,MF,Marseille,fr Ligue 1,20,2003,15,383,26,12.5,4.3,5,54,0,10,11,6,2.13,7,8,-1,-0.23,-1.18,Matches
2283,Mahamadou Nagida,cm CMR,MF,Rennes,fr Ligue 1,19,2005,12,430,36,14.1,4.8,4,77,1,8,15,14,1.08,9,6,+3,+0.63,+0.70,Matches
2284,Keito Nakamura,jp JPN,"MF,FW",Reims,fr Ligue 1,24,2000,32,2649,83,86.6,29.4,31,85,17,1,18,0,1.03,29,36,-7,-0.24,+1.30,Matches
2285,Amara Nallo,eng ENG,DF,Liverpool,eng Premier League,17,2006,0,,,,,0,,0,0,,1,,,,,,,Matches
2286,Sebastian Nanasi,se SWE,"MF,FW",Strasbourg,fr Ligue 1,22,2002,31,2107,68,68.9,23.4,26,77,4,5,21,1,1.77,38,32,+6,+0.26,-0.31,Matches
2287,Yael Nandjou,fr FRA,DF,Nice,fr Ligue 1,19,2005,3,154,51,5.0,1.7,2,67,0,1,20,5,1.33,2,5,-3,-1.75,-2.62,Matches
2288,Abdenego Nankishi,de GER,FW,Werder Bremen,de Bundesliga,22,2002,0,,,,,0,,0,0,,5,,,,,,,Matches
2289,Federico Nardin,it ITA,DF,Roma,it Serie A,17,2007,0,,,,,0,,0,0,,3,,,,,,,Matches
2290,Nikolas Nartey,dk DEN,MF,Stuttgart,de Bundesliga,24,2000,1,22,22,0.7,0.2,0,,0,1,22,0,3.00,1,0,+1,+4.09,+3.79,Matches
2291,Matija Nastasić,rs SRB,DF,Leganés,es La Liga,31,1993,26,2110,81,61.7,23.4,24,85,20,2,39,4,0.96,25,41,-16,-0.68,-0.61,Matches
2292,Andrea Natali,it ITA,DF,Leverkusen,de Bundesliga,16,2008,0,,,,,0,,0,0,,4,,,,,,,Matches
2293,Natan,br BRA,DF,Real Betis,es La Liga,23,2001,31,2175,70,63.6,24.2,23,90,23,8,13,5,1.55,36,36,0,0.00,-0.51,Matches
2294,Lapo Nava,it ITA,GK,Milan,it Serie A,20,2004,0,,,,,0,,0,0,,1,,,,,,,Matches
2295,Pau Navarro,es ESP,DF,Villarreal,es La Liga,19,2005,17,916,54,26.8,10.2,8,74,3,9,36,21,2.24,28,16,+12,+1.18,+0.89,Matches
2296,Roberto Navarro,es ESP,MF,Mallorca,es La Liga,22,2002,23,1278,56,37.4,14.2,15,71,0,8,27,2,1.48,13,13,0,0.00,+0.38,Matches
2297,Jesús Navas,es ESP,"MF,FW",Sevilla,es La Liga,38,1985,15,424,28,12.4,4.7,3,66,0,12,19,3,1.47,5,6,-1,-0.21,+0.15,Matches
2298,Michel Ndary Adopo,fr FRA,MF,Cagliari,it Serie A,24,2000,35,2409,69,70.4,26.8,27,80,13,8,30,2,1.00,27,41,-14,-0.52,-0.34,Matches
2299,Youssouf Ndayishimiye,bi BDI,DF,Nice,fr Ligue 1,25,1998,23,1932,84,63.1,21.5,22,88,20,1,1,0,1.74,44,25,+19,+0.89,+0.41,Matches
2300,Iliman Ndiaye,sn SEN,"MF,FW",Everton,eng Premier League,24,2000,33,2430,74,71.1,27.0,29,80,14,4,29,0,1.24,32,24,+8,+0.30,+1.21,Matches
2301,Junior Ndiaye,ae UAE,FW,Montpellier,fr Ligue 1,19,2005,15,441,29,14.4,4.9,4,73,1,11,13,5,0.40,2,10,-8,-1.63,+0.02,Matches
2302,Rassoul Ndiaye,sn SEN,MF,Le Havre,fr Ligue 1,22,2001,27,1061,39,34.7,11.8,11,71,1,16,18,6,1.26,12,20,-8,-0.68,+0.36,Matches
2303,Wilfred Ndidi,ng NGA,MF,Leicester City,eng Premier League,27,1996,28,2324,83,68.0,25.8,28,83,15,0,,0,0.79,24,47,-23,-0.89,+1.08,Matches
2304,Quentin Ndjantou Mbitcha,fr FRA,FW,Paris Saint-Germain,fr Ligue 1,17,2007,0,,,,,0,,0,0,,1,,,,,,,Matches
2305,Wilfried Ndollo,cm CMR,DF,Montpellier,fr Ligue 1,19,2005,8,401,50,13.1,4.5,3,75,2,5,35,2,0.13,1,9,-8,-1.80,-0.17,Matches
2306,Tanguy Ndombele,fr FRA,MF,Nice,fr Ligue 1,27,1996,18,1131,63,37.0,12.6,12,82,2,6,24,1,1.89,29,19,+10,+0.80,+0.10,Matches
2307,Cher Ndour,it ITA,MF,Fiorentina,it Serie A,20,2004,9,406,45,11.9,4.5,4,83,2,5,15,6,1.11,2,6,-4,-0.89,-1.57,Matches
2308,Dan Ndoye,ch SUI,"MF,FW",Bologna,it Serie A,23,2000,30,2143,71,62.7,23.8,26,80,13,4,18,1,1.73,35,25,+10,+0.42,+0.42,Matches
2309,Sean Neave,eng ENG,FW,Newcastle United,eng Premier League,17,2007,0,,,,,0,,0,0,,7,,,,,,,Matches
2310,Paul Nebel,de GER,MF,Mainz 05,de Bundesliga,21,2002,31,2345,76,76.6,26.1,26,87,17,5,18,2,1.52,41,28,+13,+0.50,+0.62,Matches
2311,Kosta Nedeljković,rs SRB,DF,Aston Villa,eng Premier League,18,2005,5,126,25,3.7,1.4,0,,0,5,25,11,1.20,0,4,-4,-2.86,-3.16,Matches
2312,Kosta Nedeljković,rs SRB,"DF,MF",RB Leipzig,de Bundesliga,18,2005,10,479,48,15.7,5.3,6,69,1,4,17,4,1.10,7,8,-1,-0.19,-0.40,Matches
2313,Loïc Nego,hu HUN,"DF,MF",Le Havre,fr Ligue 1,33,1991,31,2459,79,80.4,27.3,28,87,21,3,12,3,1.10,36,59,-23,-0.84,+0.36,Matches
2314,Tom Negrel,fr FRA,GK,Auxerre,fr Ligue 1,21,2003,0,,,,,0,,0,0,,4,,,,,,,Matches
2315,Till Neininger,de GER,DF,Wolfsburg,de Bundesliga,17,2007,0,,,,,0,,0,0,,4,,,,,,,Matches
2316,Ivan Nekić,hr CRO,DF,Holstein Kiel,de Bundesliga,23,2000,1,71,71,2.3,0.8,1,71,0,0,,1,0.00,0,3,-3,-3.80,-2.96,Matches
2317,Benjamin Nelson,eng ENG,DF,Leicester City,eng Premier League,20,2004,0,,,,,0,,0,0,,1,,,,,,,Matches
2318,Reiss Nelson,eng ENG,"FW,MF",Arsenal,eng Premier League,24,1999,1,3,3,0.1,0.0,0,,0,1,3,1,3.00,0,0,0,0.00,-0.92,Matches
2319,Reiss Nelson,eng ENG,MF,Fulham,eng Premier League,24,1999,11,487,44,14.2,5.4,5,73,0,6,21,0,1.64,5,9,-4,-0.74,-0.86,Matches
2320,Victor Nelsson,dk DEN,DF,Roma,it Serie A,25,1998,4,187,47,5.5,2.1,1,90,1,3,32,9,2.50,1,0,+1,+0.48,-0.08,Matches
2321,David Nemeth,at AUT,DF,St Pauli,de Bundesliga,23,2001,24,2137,89,69.8,23.7,24,89,19,0,,10,1.00,21,29,-8,-0.34,+0.15,Matches
2322,David Neres,br BRA,FW,Napoli,it Serie A,27,1997,28,1283,46,37.5,14.3,13,82,2,15,15,1,2.36,28,10,+18,+1.26,+0.67,Matches
2323,Neto,br BRA,GK,Arsenal,eng Premier League,35,1989,0,,,,,0,,0,0,,33,,,,,,,Matches
2324,Neto,br BRA,GK,Bournemouth,eng Premier League,35,1989,2,180,90,5.3,2.0,2,90,2,0,,0,1.00,2,2,0,0.00,-0.33,Matches
2325,Pedro Neto,pt POR,"MF,FW",Chelsea,eng Premier League,24,2000,35,2269,65,66.3,25.2,24,82,15,11,27,1,1.71,40,25,+15,+0.59,+0.13,Matches
2326,Luca Netz,de GER,DF,Gladbach,de Bundesliga,21,2003,24,969,40,31.7,10.8,8,83,4,16,19,3,1.25,15,16,-1,-0.09,-0.05,Matches
2327,Manuel Neuer,de GER,GK,Bayern Munich,de Bundesliga,38,1986,22,1980,90,64.7,22.0,22,90,22,0,,1,2.64,63,15,+48,+2.18,+0.60,Matches
2328,Florian Neuhaus,de GER,MF,Gladbach,de Bundesliga,27,1997,18,382,21,12.5,4.2,2,83,1,16,14,12,1.17,5,9,-4,-0.94,-1.01,Matches
2329,João Neves,pt POR,"MF,DF",Paris Saint-Germain,fr Ligue 1,19,2004,29,1844,64,60.3,20.5,22,78,11,7,20,4,2.52,60,23,+37,+1.81,+0.33,Matches
2330,Yvan Neyou,cm CMR,MF,Leganés,es La Liga,27,1997,30,2312,77,67.6,25.7,27,83,15,3,26,1,0.90,24,36,-12,-0.47,-0.06,Matches
2331,Cyril Ngonge,be BEL,FW,Napoli,it Serie A,24,2000,18,216,12,6.3,2.4,1,56,0,17,9,20,1.94,1,2,-1,-0.42,-1.34,Matches
2332,Mikayil Ngor Faye,sn SEN,DF,Rennes,fr Ligue 1,20,2004,11,688,63,22.5,7.6,7,74,3,4,42,11,0.91,12,11,+1,+0.13,+0.13,Matches
2333,Glenn Ngosso,cm CMR,FW,Montpellier,fr Ligue 1,20,2004,0,,,,,0,,0,0,,1,,,,,,,Matches
2334,Steve Ngoura,fr FRA,FW,Le Havre,fr Ligue 1,19,2005,8,289,36,9.4,3.2,2,84,0,6,20,1,0.38,1,10,-9,-2.80,-2.09,Matches
2335,Bernard Nguene,cm CMR,FW,Nice,fr Ligue 1,17,2006,1,13,13,0.4,0.1,0,,0,1,13,3,0.00,0,0,0,0.00,-0.74,Matches
2336,Moussa Niakhate,sn SEN,DF,Lyon,fr Ligue 1,28,1996,31,2726,88,89.1,30.3,30,90,30,1,26,2,1.65,58,42,+16,+0.53,-0.28,Matches
2337,Abdoulaye Niakhate Ndiaye,sn SEN,DF,Brest,fr Ligue 1,22,2002,22,1707,78,55.8,19.0,19,86,17,3,26,6,1.86,32,29,+3,+0.16,+0.82,Matches
2338,Ibrahima Niane,sn SEN,FW,Angers,fr Ligue 1,25,1999,24,943,39,30.8,10.5,8,79,2,16,19,1,1.04,13,19,-6,-0.57,+0.07,Matches
2339,Tanguy Nianzou,fr FRA,DF,Sevilla,es La Liga,22,2002,6,518,86,15.1,5.8,6,86,4,0,,4,1.83,7,5,+2,+0.35,+0.81,Matches
2340,Cheikh Niasse,sn SEN,MF,Hellas Verona,it Serie A,24,2000,11,755,69,22.1,8.4,8,85,4,3,25,2,1.00,4,12,-8,-0.95,-0.14,Matches
2341,Samuel Nibombé,be BEL,DF,Monaco,fr Ligue 1,16,2007,0,,,,,0,,0,0,,1,,,,,,,Matches
2342,Josh Nichols,eng ENG,DF,Arsenal,eng Premier League,18,2006,0,,,,,0,,0,0,,3,,,,,,,Matches
2343,Rasmus Nicolaisen,dk DEN,DF,Toulouse,fr Ligue 1,27,1997,7,623,89,20.4,6.9,7,89,6,0,,1,0.71,6,10,-4,-0.58,-0.76,Matches
2344,Moritz Nicolas,de GER,GK,Gladbach,de Bundesliga,26,1997,19,1639,86,53.6,18.2,19,86,18,0,,3,1.63,29,25,+4,+0.22,+0.60,Matches
2345,Hans Nicolussi Caviglia,it ITA,MF,Venezia,it Serie A,24,2000,35,2861,82,83.7,31.8,33,85,22,2,25,0,0.74,26,48,-22,-0.69,-0.37,Matches
2346,Julian Niehues,de GER,MF,Heidenheim,de Bundesliga,23,2001,8,154,19,5.0,1.7,0,,0,8,19,2,0.63,1,3,-2,-1.17,-0.39,Matches
2347,Oliver Nielsen,dk DEN,DF,Lazio,it Serie A,21,2003,2,35,18,1.0,0.4,0,,0,2,18,13,3.00,0,0,0,0.00,-0.32,Matches
2348,Mathys Niflore,fr FRA,GK,Toulouse,fr Ligue 1,17,2007,0,,,,,0,,0,0,,4,,,,,,,Matches
2349,Saúl Ñíguez,es ESP,MF,Sevilla,es La Liga,29,1994,24,1553,65,45.4,17.3,17,80,8,7,27,2,1.00,14,20,-6,-0.35,-0.01,Matches
2350,Tamás Nikitscher,hu HUN,"MF,DF",Valladolid,es La Liga,24,1999,13,858,66,25.1,9.5,9,86,8,4,20,4,0.08,3,25,-22,-2.31,-0.83,Matches
2351,Adrian Niño,es ESP,FW,Atlético Madrid,es La Liga,20,2004,1,12,12,0.4,0.1,0,,0,1,12,0,0.00,0,0,0,0.00,-1.00,Matches
2352,Alieu Njie,se SWE,FW,Torino,it Serie A,19,2005,16,394,25,11.5,4.4,0,,0,16,25,5,1.13,5,5,0,0.00,+0.18,Matches
2353,Justin Njinmah,de GER,"FW,MF",Werder Bremen,de Bundesliga,23,2000,26,952,37,31.1,10.6,10,63,1,16,20,1,1.38,17,14,+3,+0.28,+0.54,Matches
2354,Eddie Nketiah,eng ENG,FW,Arsenal,eng Premier League,25,1999,0,,,,,0,,0,0,,2,,,,,,,Matches
2355,Eddie Nketiah,eng ENG,"FW,MF",Crystal Palace,eng Premier League,25,1999,29,1034,36,30.2,11.5,9,77,2,20,17,2,1.52,15,17,-2,-0.17,-0.25,Matches
2356,Noel Nkili,de GER,MF,Bayern Munich,de Bundesliga,18,2005,0,,,,,0,,0,0,,2,,,,,,,Matches
2357,Niels Nkounkou,fr FRA,"MF,DF",Eintracht Frankfurt,de Bundesliga,23,2000,12,382,32,12.5,4.2,4,68,0,8,14,15,1.33,6,6,0,0.00,-0.74,Matches
2358,Christopher Nkunku,fr FRA,"MF,FW",Chelsea,eng Premier League,26,1997,27,921,34,26.9,10.2,9,74,2,18,14,6,1.67,16,16,0,0.00,-0.76,Matches
2359,Felix Nmecha,de GER,MF,Dortmund,de Bundesliga,23,2000,26,1509,58,49.3,16.8,19,73,9,7,19,0,1.73,40,28,+12,+0.72,+0.25,Matches
2360,Lukas Nmecha,de GER,FW,Wolfsburg,de Bundesliga,25,1998,19,467,25,15.3,5.2,3,68,0,16,16,1,1.11,14,9,+5,+0.96,+1.07,Matches
2361,Jonathan Norbye,no NOR,DF,RB Leipzig,de Bundesliga,17,2007,0,,,,,0,,0,0,,5,,,,,,,Matches
2362,Arnaud Nordin,fr FRA,"MF,FW",Montpellier,fr Ligue 1,26,1998,16,1166,73,38.1,13.0,14,78,7,2,36,0,0.75,14,34,-20,-1.54,+0.17,Matches
2363,Arnaud Nordin,fr FRA,"FW,MF",Mainz 05,de Bundesliga,26,1998,6,80,13,2.6,0.9,0,,0,6,13,7,0.33,0,0,0,0.00,-0.36,Matches
2364,Brooke Norton-Cuffy,eng ENG,"MF,DF",Genoa,it Serie A,20,2004,14,719,51,21.0,8.0,8,75,2,6,21,12,0.93,11,15,-4,-0.50,-0.23,Matches
2365,Tijjani Noslin,nl NED,"MF,FW",Lazio,it Serie A,25,1999,30,861,29,25.2,9.6,8,67,2,22,15,7,1.73,16,19,-3,-0.31,-0.84,Matches
2366,Hugo Novoa,es ESP,"MF,DF",Alavés,es La Liga,21,2003,5,237,47,6.9,2.6,2,90,2,3,19,20,1.20,4,6,-2,-0.76,-0.53,Matches
2367,Plamedi Nsingi,,FW,Nantes,fr Ligue 1,23,2000,1,16,16,0.5,0.2,0,,0,1,16,1,1.00,0,1,-1,-5.63,-5.27,Matches
2368,Randy Nteka,ao ANG,FW,Rayo Vallecano,es La Liga,26,1997,24,1129,47,33.0,12.5,16,62,0,8,17,9,1.17,10,16,-6,-0.48,-0.56,Matches
2369,Ernest Nuamah,gh GHA,"MF,FW",Lyon,fr Ligue 1,20,2003,23,1052,46,34.4,11.7,13,65,3,10,21,1,1.70,18,20,-2,-0.17,-1.11,Matches
2370,Alexander Nübel,de GER,GK,Stuttgart,de Bundesliga,27,1996,34,3060,90,100.0,34.0,34,90,34,0,,0,1.47,64,53,+11,+0.32,,Matches
2371,Gustavo Nunes,br BRA,MF,Brentford,eng Premier League,18,2005,3,12,4,0.4,0.1,0,,0,3,4,4,2.33,0,2,-2,-15.00,-15.29,Matches
2372,Matheus Nunes,pt POR,"DF,MF",Manchester City,eng Premier League,25,1998,26,1674,64,48.9,18.6,19,86,16,7,5,9,2.08,33,19,+14,+0.75,+0.03,Matches
2373,Darwin Núñez,uy URU,FW,Liverpool,eng Premier League,25,1999,30,1133,38,33.1,12.6,8,78,2,22,23,5,2.07,29,21,+8,+0.64,-0.82,Matches
2374,Lucas Núñez,es ESP,MF,Valencia,es La Liga,18,2006,0,,,,,0,,0,0,,1,,,,,,,Matches
2375,Unai Núñez,es ESP,DF,Athletic Club,es La Liga,27,1997,10,645,65,18.9,7.2,7,85,5,3,18,23,1.60,9,5,+4,+0.56,-0.12,Matches
2376,Joi Nuredini,al ALB,FW,Genoa,it Serie A,16,2007,0,,,,,0,,0,0,,3,,,,,,,Matches
2377,Antonio Nusa,no NOR,"MF,DF",RB Leipzig,de Bundesliga,19,2005,25,1558,62,50.9,17.3,16,83,10,9,25,0,1.52,35,27,+8,+0.46,+0.64,Matches
2378,Ethan Nwaneri,eng ENG,"FW,MF",Arsenal,eng Premier League,17,2007,26,895,34,26.2,9.9,11,65,1,15,12,10,1.85,16,4,+12,+1.21,+0.39,Matches
2379,Roggerio Nyakossi,ch SUI,DF,Marseille,fr Ligue 1,20,2004,0,,,,,0,,0,0,,2,,,,,,,Matches
2380,Ørjan Nyland,no NOR,GK,Sevilla,es La Liga,33,1990,30,2673,89,78.2,29.7,30,89,29,0,,4,1.13,32,39,-7,-0.24,+0.49,Matches
2381,Allan Nyom,cm CMR,"MF,DF",Getafe,es La Liga,36,1988,20,887,44,25.9,9.9,10,75,5,10,13,2,0.95,8,12,-4,-0.41,-0.37,Matches
2382,Trey Nyoni,eng ENG,MF,Liverpool,eng Premier League,17,2007,0,,,,,0,,0,0,,4,,,,,,,Matches
2383,Rabby Nzingoula,fr FRA,MF,Montpellier,fr Ligue 1,18,2005,27,1689,63,55.2,18.8,20,74,5,7,31,1,0.56,12,40,-28,-1.49,+0.35,Matches
2384,Rabby Nzingoula,fr FRA,MF,Strasbourg,fr Ligue 1,18,2005,0,,,,,0,,0,0,,1,,,,,,,Matches
2385,M'Bala Nzola,ao ANG,FW,Lens,fr Ligue 1,27,1996,21,1460,70,47.7,16.2,16,83,8,5,27,1,1.19,17,18,-1,-0.06,-0.29,Matches
2386,Marwann Nzuzi,fr FRA,DF,Saint-Étienne,fr Ligue 1,20,2004,2,125,63,4.1,1.4,2,63,0,0,,0,0.00,0,1,-1,-0.72,+0.41,Matches
2387,Christian Nørgaard,dk DEN,MF,Brentford,eng Premier League,30,1994,34,2819,83,82.4,31.3,34,83,22,0,,0,1.59,55,45,+10,+0.32,+0.47,Matches
2388,Jake O'Brien,ie IRL,DF,Everton,eng Premier League,23,2001,20,1571,79,45.9,17.5,17,90,16,3,15,17,1.40,24,17,+7,+0.40,+0.84,Matches
2389,Joe O'Brien-Whitmarsh,ie IRL,MF,Southampton,eng Premier League,19,2005,0,,,,,0,,0,0,,1,,,,,,,Matches
2390,Mark O'Mahony,ie IRL,FW,Brighton,eng Premier League,19,2005,0,,,,,0,,0,0,,1,,,,,,,Matches
2391,Matt O'Riley,dk DEN,MF,Brighton,eng Premier League,23,2000,21,938,45,27.4,10.4,11,68,0,10,19,3,1.48,17,20,-3,-0.29,-0.65,Matches
2392,Dara O'Shea,ie IRL,DF,Ipswich Town,eng Premier League,25,1999,35,3122,89,91.3,34.7,35,89,34,0,,1,0.60,34,75,-41,-1.18,+0.33,Matches
2393,Adam Obert,sk SVK,"DF,MF",Cagliari,it Serie A,21,2002,21,1077,51,31.5,12.0,13,72,5,8,17,15,0.81,13,16,-3,-0.25,+0.25,Matches
2394,Chidozie Obi-Martin,dk DEN,FW,Manchester Utd,eng Premier League,16,2007,7,165,24,4.8,1.8,1,90,1,6,13,4,1.14,8,5,+3,+1.64,+2.00,Matches
2395,Jan Oblak,si SVN,GK,Atlético Madrid,es La Liga,31,1993,36,3240,90,94.7,36.0,36,90,36,0,,0,1.94,63,30,+33,+0.92,-1.58,Matches
2396,Relja Obrić,si SVN,DF,Atalanta,it Serie A,18,2006,0,,,,,0,,0,0,,3,,,,,,,Matches
2397,Lucas Ocampos,ar ARG,"MF,FW",Sevilla,es La Liga,30,1994,2,175,88,5.1,1.9,2,88,1,0,,0,0.50,3,3,0,0.00,+0.36,Matches
2398,Jens Odgaard,dk DEN,MF,Bologna,it Serie A,25,1999,29,1952,67,57.1,21.7,24,76,4,5,26,3,1.93,38,20,+18,+0.83,+1.32,Matches
2399,Wilson Odobert,fr FRA,"FW,MF",Tottenham Hotspur,eng Premier League,19,2004,16,850,53,24.9,9.4,9,77,3,7,23,0,0.88,9,20,-11,-1.16,-1.51,Matches
2400,David Odogu,de GER,DF,Wolfsburg,de Bundesliga,18,2006,3,195,65,6.4,2.2,2,90,2,1,15,14,0.00,2,4,-2,-0.92,-1.05,Matches
2401,Álvaro Odriozola,es ESP,DF,Real Sociedad,es La Liga,28,1995,2,43,22,1.3,0.5,0,,0,2,22,17,0.00,0,0,0,0.00,+0.29,Matches
2402,Eric Oelschlägel,de GER,GK,St Pauli,de Bundesliga,28,1995,0,,,,,0,,0,0,,10,,,,,,,Matches
2403,Tim Oermann,de GER,DF,Bochum,de Bundesliga,20,2003,29,2213,76,72.3,24.6,26,83,19,3,20,4,0.72,24,45,-21,-0.85,+0.53,Matches
2404,Oluwaseun Ogbemudia,de GER,DF,Union Berlin,de Bundesliga,18,2006,0,,,,,0,,0,0,,5,,,,,,,Matches
2405,Chiedozie Ogbene,ie IRL,MF,Ipswich Town,eng Premier League,27,1997,5,238,48,7.0,2.6,3,63,0,2,25,2,0.60,4,3,+1,+0.38,+1.71,Matches
2406,Sixtus Ogbuehi,ng NGA,FW,Osasuna,es La Liga,21,2003,0,,,,,0,,0,0,,3,,,,,,,Matches
2407,Ifechukwu Ogbus,ch SUI,DF,Freiburg,de Bundesliga,18,2005,2,19,10,0.6,0.2,0,,0,2,10,5,1.50,0,0,0,0.00,+0.12,Matches
2408,Thiago Ojeda,ar ARG,MF,Villarreal,es La Liga,21,2003,1,8,8,0.2,0.1,0,,0,1,8,3,1.00,0,0,0,0.00,-0.53,Matches
2409,Hamzat Ojediran,ng NGA,MF,Lens,fr Ligue 1,20,2003,17,416,24,13.6,4.6,1,76,0,16,21,8,1.47,7,7,0,0.00,-0.10,Matches
2410,Noah Okafor,ch SUI,"FW,MF",Napoli,it Serie A,24,2000,4,40,10,1.2,0.4,0,,0,4,10,10,0.75,1,0,+1,+2.25,+1.42,Matches
2411,Noah Okafor,ch SUI,"FW,MF",Milan,it Serie A,24,2000,11,414,38,12.1,4.6,5,65,0,6,15,4,1.45,7,7,0,0.00,-0.54,Matches
2412,Wesley Okoduwa,eng ENG,DF,Wolves,eng Premier League,16,2008,0,,,,,0,,0,0,,1,,,,,,,Matches
2413,Caleb Okoli,it ITA,DF,Leicester City,eng Premier League,23,2001,19,1125,59,32.9,12.5,12,85,8,7,16,18,0.53,15,25,-10,-0.80,+0.65,Matches
2414,Yllan Okou,fr FRA,DF,Hellas Verona,it Serie A,21,2002,1,2,2,0.1,0.0,0,,0,1,2,23,3.00,0,0,0,0.00,+0.84,Matches
2415,Maduka Okoye,ng NGA,GK,Udinese,it Serie A,24,1999,25,2250,90,65.8,25.0,25,90,25,0,,0,0.88,23,40,-17,-0.68,-0.83,Matches
2416,Joseph Okumu,ke KEN,DF,Reims,fr Ligue 1,27,1997,22,1695,77,55.4,18.8,20,83,13,2,21,2,0.59,17,28,-11,-0.58,-0.39,Matches
2417,Aingeru Olabarrieta,es ESP,MF,Athletic Club,es La Liga,18,2005,1,54,54,1.6,0.6,1,54,0,0,,2,3.00,0,0,0,0.00,-0.67,Matches
2418,Kazeem Olaigbe,be BEL,"MF,FW",Rennes,fr Ligue 1,21,2003,10,299,30,9.8,3.3,3,66,0,7,14,2,1.20,4,4,0,0.00,-0.03,Matches
2419,Olasagasti,es ESP,MF,Real Sociedad,es La Liga,23,2000,22,857,39,25.1,9.5,7,66,0,15,26,16,1.41,12,8,+4,+0.42,+0.95,Matches
2420,Ben Old,nz NZL,"MF,FW",Saint-Étienne,fr Ligue 1,21,2002,13,528,41,17.3,5.9,4,74,0,9,26,1,1.00,4,15,-11,-1.87,-0.92,Matches
2421,Finn Ole Becker,de GER,MF,Hoffenheim,de Bundesliga,24,2000,13,670,52,21.9,7.4,7,85,5,6,12,6,1.08,8,13,-5,-0.67,-0.03,Matches
2422,Michael Olise,fr FRA,MF,Bayern Munich,de Bundesliga,22,2001,34,2334,69,76.3,25.9,28,78,10,6,24,0,2.41,69,23,+46,+1.77,-0.83,Matches
2423,Brian Oliván,es ESP,DF,Espanyol,es La Liga,30,1994,17,1017,60,29.7,11.3,12,75,7,5,23,8,1.00,12,16,-4,-0.35,-0.09,Matches
2424,Lucas Oliveira Rosa,br BRA,DF,Valladolid,es La Liga,24,2000,21,1890,90,55.3,21.0,21,90,21,0,,0,0.57,12,45,-33,-1.57,+0.25,Matches
2425,Mathías Olivera,uy URU,DF,Napoli,it Serie A,26,1997,32,2370,74,69.3,26.3,26,86,17,6,22,1,2.28,44,16,+28,+1.06,+0.72,Matches
2426,Alexandre Olliero,fr FRA,GK,Reims,fr Ligue 1,28,1996,0,,,,,0,,0,0,,32,,,,,,,Matches
2427,Alexis Olmedo,es ESP,DF,Barcelona,es La Liga,18,2006,0,,,,,0,,0,0,,1,,,,,,,Matches
2428,Dani Olmo,es ESP,MF,Barcelona,es La Liga,26,1998,25,1212,48,35.4,13.5,13,66,0,12,30,2,2.28,40,10,+30,+2.23,+0.88,Matches
2429,Robin Olsen,se SWE,GK,Aston Villa,eng Premier League,34,1990,4,226,57,6.6,2.5,1,90,1,3,45,26,0.75,2,6,-4,-1.59,-1.90,Matches
2430,Callum Olusesi,eng ENG,MF,Tottenham Hotspur,eng Premier League,17,2007,0,,,,,0,,0,0,,14,,,,,,,Matches
2431,Warmed Omari,km COM,DF,Rennes,fr Ligue 1,24,2000,0,,,,,0,,0,0,,2,,,,,,,Matches
2432,Warmed Omari,km COM,DF,Lyon,fr Ligue 1,24,2000,1,8,8,0.3,0.1,0,,0,1,8,23,3.00,1,0,+1,+11.25,+10.72,Matches
2433,Becir Omeragic,ch SUI,DF,Montpellier,fr Ligue 1,22,2002,22,1799,82,58.8,20.0,21,84,16,1,25,1,0.59,14,46,-32,-1.60,+0.11,Matches
2434,Jonas Omlin,ch SUI,GK,Gladbach,de Bundesliga,30,1994,12,978,82,32.0,10.9,11,82,9,1,71,11,0.83,19,26,-7,-0.64,-0.86,Matches
2435,Andrew Omobamidele,ie IRL,DF,Strasbourg,fr Ligue 1,22,2002,10,539,54,17.6,6.0,6,78,5,4,19,0,2.00,9,4,+5,+0.83,+0.58,Matches
2436,Andrew Omobamidele,ie IRL,DF,Nottingham Forest,eng Premier League,22,2002,0,,,,,0,,0,0,,4,,,,,,,Matches
2437,Ado Onaiwu,jp JPN,"MF,FW",Auxerre,fr Ligue 1,28,1995,31,957,31,31.3,10.6,9,69,1,22,15,2,1.23,18,18,0,0.00,+0.13,Matches
2438,Amadou Onana,be BEL,MF,Aston Villa,eng Premier League,22,2001,26,1617,62,47.3,18.0,20,74,7,6,24,2,1.77,25,23,+2,+0.11,-0.14,Matches
2439,André Onana,cm CMR,GK,Manchester Utd,eng Premier League,28,1996,34,3060,90,89.5,34.0,34,90,34,0,,0,1.15,38,44,-6,-0.18,+0.82,Matches
2440,Jean Onana,cm CMR,MF,Genoa,it Serie A,24,2000,9,304,34,8.9,3.4,2,80,1,7,21,3,1.56,5,4,+1,+0.30,+0.67,Matches
2441,Jacob Ondrejka,se SWE,MF,Parma,it Serie A,21,2002,12,422,35,12.3,4.7,3,73,1,9,23,5,0.75,9,4,+5,+1.07,+1.64,Matches
2442,Karim Onisiwo,at AUT,MF,Mainz 05,de Bundesliga,32,1992,6,110,18,3.6,1.2,1,75,0,5,7,4,2.17,1,2,-1,-0.82,-1.21,Matches
2443,Paul Onuachu,ng NGA,FW,Southampton,eng Premier League,30,1994,25,1050,42,30.7,11.7,11,72,4,14,19,3,0.36,11,26,-15,-1.29,+0.42,Matches
2444,Francis Onyeka,de GER,MF,Leverkusen,de Bundesliga,17,2007,0,,,,,0,,0,0,,10,,,,,,,Matches
2445,Frank Onyeka,ng NGA,MF,Augsburg,de Bundesliga,26,1998,31,2586,83,84.5,28.7,30,85,18,1,46,0,1.26,25,38,-13,-0.45,+0.12,Matches
2446,Frank Onyeka,ng NGA,MF,Brentford,eng Premier League,26,1998,2,25,13,0.7,0.3,0,,0,2,13,0,1.50,0,0,0,0.00,-0.24,Matches
2447,Loïs Openda,be BEL,FW,RB Leipzig,de Bundesliga,24,2000,33,2453,74,80.2,27.3,28,83,12,5,27,0,1.52,43,41,+2,+0.07,-0.37,Matches
2448,Christopher Operi,ci CIV,"MF,DF",Le Havre,fr Ligue 1,27,1997,13,1169,90,38.2,13.0,13,90,12,0,,0,0.46,8,29,-21,-1.62,-1.14,Matches
2449,Fredrik Oppegard,no NOR,"MF,DF",Auxerre,fr Ligue 1,21,2002,9,273,30,8.9,3.0,2,78,0,7,17,5,1.11,5,3,+2,+0.66,+0.82,Matches
2450,Victor Orakpo,ng NGA,FW,Nice,fr Ligue 1,18,2006,4,36,9,1.2,0.4,0,,0,4,9,7,1.75,2,1,+1,+2.50,+1.79,Matches
2451,Ike Orazi,ie IRL,FW,Reims,fr Ligue 1,17,2007,1,3,3,0.1,0.0,0,,0,1,3,4,0.00,0,1,-1,-30.00,-29.62,Matches
2452,Gift Orban,ng NGA,FW,Hoffenheim,de Bundesliga,22,2002,13,687,53,22.5,7.6,7,71,0,6,32,4,0.77,8,13,-5,-0.66,-0.01,Matches
2453,Gift Orban,ng NGA,FW,Lyon,fr Ligue 1,22,2002,3,186,62,6.1,2.1,2,77,1,1,32,2,1.33,5,3,+2,+0.97,+0.44,Matches
2454,Willi Orban,hu HUN,DF,RB Leipzig,de Bundesliga,31,1992,25,2222,89,72.6,24.7,25,89,23,0,,1,1.60,41,33,+8,+0.32,+0.65,Matches
2455,Ivan Ordets,ua UKR,DF,Bochum,de Bundesliga,32,1992,22,1861,85,60.8,20.7,21,89,17,1,1,2,0.77,20,45,-25,-1.21,-0.53,Matches
2456,Lewis Orford,eng ENG,MF,West Ham United,eng Premier League,18,2006,2,49,25,1.4,0.5,0,,0,2,25,3,0.00,0,1,-1,-1.84,-1.44,Matches
2457,Gaetano Oristanio,it ITA,"FW,MF",Venezia,it Serie A,21,2002,37,2315,63,67.7,25.7,29,71,4,8,30,1,0.76,18,35,-17,-0.66,-0.09,Matches
2458,Aimar Oroz,es ESP,MF,Osasuna,es La Liga,22,2001,37,2966,80,86.7,33.0,35,83,16,2,29,0,1.41,47,41,+6,+0.18,+2.16,Matches
2459,Riccardo Orsolini,it ITA,"MF,FW",Bologna,it Serie A,27,1997,30,1878,63,54.9,20.9,23,74,6,7,25,3,1.47,34,24,+10,+0.48,+0.48,Matches
2460,Stefan Ortega,de GER,GK,Manchester City,eng Premier League,31,1992,13,1100,85,32.2,12.2,12,90,12,1,20,25,1.69,23,18,+5,+0.41,-0.48,Matches
2461,Ángel Ortíz,es ESP,DF,Real Betis,es La Liga,20,2004,5,353,71,10.3,3.9,4,86,3,1,9,2,1.40,8,6,+2,+0.51,+0.36,Matches
2462,Eneko Ortiz,es ESP,MF,Alavés,es La Liga,21,2003,0,,,,,0,,0,0,,1,,,,,,,Matches
2463,Pedro Ortiz,es ESP,MF,Sevilla,es La Liga,23,2000,0,,,,,0,,0,0,,15,,,,,,,Matches
2464,Asier Osambela,es ESP,MF,Osasuna,es La Liga,20,2004,0,,,,,0,,0,0,,4,,,,,,,Matches
2465,Gabriel Osei Misehouy,nl NED,FW,Girona,es La Liga,19,2005,9,257,29,7.5,2.9,1,90,1,8,21,19,0.56,2,3,-1,-0.35,+0.08,Matches
2466,Gabriel Osho,ng NGA,DF,Auxerre,fr Ligue 1,25,1998,20,1654,83,54.1,18.4,20,83,16,0,,7,1.40,26,24,+2,+0.11,+0.43,Matches
2467,Yordan Osorio,ve VEN,DF,Parma,it Serie A,30,1994,3,172,57,5.0,1.9,2,77,1,1,18,4,0.33,2,7,-5,-2.62,-2.37,Matches
2468,Patrick Osterhage,de GER,MF,Freiburg,de Bundesliga,24,2000,30,2267,76,74.1,25.2,27,83,17,3,12,1,1.73,35,37,-2,-0.08,+0.15,Matches
2469,William Osula,dk DEN,FW,Newcastle United,eng Premier League,20,2003,14,134,10,3.9,1.5,0,,0,14,10,24,1.29,1,3,-2,-1.34,-1.97,Matches
2470,Jibril Othman,tn TUN,FW,Saint-Étienne,fr Ligue 1,20,2004,1,5,5,0.2,0.1,0,,0,1,5,0,0.00,0,0,0,0.00,+1.12,Matches
2471,Sebastian Otoa,dk DEN,DF,Genoa,it Serie A,20,2004,3,179,60,5.2,2.0,3,60,1,0,,7,1.33,4,3,+1,+0.50,+0.86,Matches
2472,David Otorbi,es ESP,FW,Valencia,es La Liga,16,2007,1,14,14,0.4,0.2,0,,0,1,14,1,0.00,0,0,0,0.00,+0.26,Matches
2473,Abdoul Ouattara,fr FRA,"MF,FW",Strasbourg,fr Ligue 1,18,2005,17,471,28,15.4,5.2,3,83,1,14,16,6,1.53,10,6,+4,+0.76,+0.49,Matches
2474,Dango Ouattara,bf BFA,"MF,FW",Bournemouth,eng Premier League,22,2002,32,2005,63,58.6,22.3,21,81,7,11,27,0,1.56,33,22,+11,+0.49,+0.43,Matches
2475,Kassoum Ouattara,fr FRA,"MF,DF",Monaco,fr Ligue 1,19,2004,12,391,33,12.8,4.3,5,64,0,7,10,13,1.50,8,6,+2,+0.46,-0.21,Matches
2476,Remi Oudin,fr FRA,MF,Lecce,it Serie A,27,1996,11,299,27,8.7,3.3,3,53,0,8,18,8,0.82,2,8,-6,-1.81,-1.09,Matches
2477,Assan Ouedraogo,de GER,MF,RB Leipzig,de Bundesliga,18,2006,3,50,17,1.6,0.6,0,,0,3,17,2,0.33,1,2,-1,-1.80,-1.98,Matches
2478,Salah Oulad M'Hand,nl NED,MF,Arsenal,eng Premier League,20,2003,0,,,,,0,,0,0,,1,,,,,,,Matches
2479,Zinédine Ould Khaled,fr FRA,MF,Angers,fr Ligue 1,24,2000,10,343,34,11.2,3.8,4,59,0,6,18,9,0.90,1,7,-6,-1.57,-1.08,Matches
2480,Cheick Oumar Conde,gn GUI,MF,Venezia,it Serie A,24,2000,9,151,17,4.4,1.7,1,66,0,8,11,8,1.11,0,2,-2,-1.19,-0.59,Matches
2481,Jesús Owono,gq EQG,GK,Alavés,es La Liga,23,2001,6,487,81,14.2,5.4,5,90,5,1,37,26,0.83,5,7,-2,-0.37,-0.12,Matches
2482,Augusto Owusu,it ITA,DF,Juventus,it Serie A,19,2005,0,,,,,0,,0,0,,2,,,,,,,Matches
2483,Beres Owusu,fr FRA,DF,Saint-Étienne,fr Ligue 1,20,2003,1,90,90,2.9,1.0,1,90,1,0,,1,0.00,0,1,-1,-1.00,+0.12,Matches
2484,Elisha Owusu,gh GHA,MF,Auxerre,fr Ligue 1,26,1997,28,2344,84,76.6,26.0,28,84,16,0,,0,1.18,35,38,-3,-0.12,-0.12,Matches
2485,Mikel Oyarzabal,es ESP,FW,Real Sociedad,es La Liga,27,1997,35,2250,64,65.8,25.0,28,74,8,7,26,2,1.29,24,26,-2,-0.08,+0.61,Matches
2486,Daniel Oyegoke,eng ENG,"DF,MF",Hellas Verona,it Serie A,21,2003,5,103,21,3.0,1.1,0,,0,5,21,10,0.80,1,2,-1,-0.87,-0.03,Matches
2487,Salih Özcan,tr TUR,MF,Wolfsburg,de Bundesliga,26,1998,11,353,32,11.5,3.9,3,75,2,8,16,7,1.55,5,7,-2,-0.51,-0.64,Matches
2488,Salih Özcan,tr TUR,MF,Dortmund,de Bundesliga,26,1998,11,391,36,12.8,4.3,3,79,1,8,19,4,2.27,9,7,+2,+0.46,-0.15,Matches
2489,Cenk Özkacar,tr TUR,DF,Valladolid,es La Liga,23,2000,11,757,69,22.1,8.4,8,80,7,3,38,17,0.09,4,16,-12,-1.43,+0.33,Matches
2490,Cenk Özkacar,tr TUR,DF,Valencia,es La Liga,23,2000,0,,,,,0,,0,0,,2,,,,,,,Matches
2491,Nico O’Reilly,eng ENG,DF,Manchester City,eng Premier League,19,2005,9,528,59,15.4,5.9,6,82,4,3,13,21,2.56,12,3,+9,+1.53,+0.94,Matches
2492,Fernando Pacheco,es ESP,GK,Espanyol,es La Liga,32,1992,0,,,,,0,,0,0,,30,,,,,,,Matches
2493,Jon Pacheco,es ESP,DF,Real Sociedad,es La Liga,23,2001,14,854,61,25.0,9.5,9,80,7,5,27,15,0.86,4,13,-9,-0.95,-0.88,Matches
2494,Willian Pacho,ec ECU,DF,Paris Saint-Germain,fr Ligue 1,22,2001,28,2132,76,69.7,23.7,23,86,20,5,29,3,2.46,64,25,+39,+1.65,-0.10,Matches
2495,Daniele Padelli,it ITA,GK,Udinese,it Serie A,38,1985,1,90,90,2.6,1.0,1,90,1,0,,37,3.00,1,0,+1,+1.00,+1.43,Matches
2496,Alex Padilla,es ESP,GK,Athletic Club,es La Liga,20,2003,5,321,64,9.4,3.6,3,90,3,2,26,8,1.00,4,6,-2,-0.56,-1.34,Matches
2497,Simone Pafundi,it ITA,FW,Udinese,it Serie A,18,2006,9,116,13,3.4,1.3,0,,0,9,13,10,0.67,2,3,-1,-0.78,-0.39,Matches
2498,Filippo Pagnucco,it ITA,DF,Juventus,it Serie A,18,2006,0,,,,,0,,0,0,,2,,,,,,,Matches
2499,Exequiel Palacios,ar ARG,MF,Leverkusen,de Bundesliga,25,1998,24,1155,48,37.7,12.8,11,83,6,13,18,6,2.00,29,17,+12,+0.94,+0.13,Matches
2500,Tomás Palacios,ar ARG,DF,Monza,it Serie A,21,2003,8,446,56,13.0,5.0,5,81,3,3,14,8,0.00,2,15,-13,-2.62,-1.78,Matches
2501,Tomás Palacios,ar ARG,DF,Inter,it Serie A,21,2003,2,11,6,0.3,0.1,0,,0,2,6,15,3.00,0,0,0,0.00,-1.16,Matches
2502,Isaac Palazón Camacho,es ESP,"MF,FW",Rayo Vallecano,es La Liga,29,1994,35,2162,62,63.2,24.0,25,78,10,10,21,0,1.43,26,27,-1,-0.04,+0.17,Matches
2503,Alberto Paleari,it ITA,GK,Torino,it Serie A,31,1992,1,90,90,2.6,1.0,1,90,1,0,,37,0.00,2,3,-1,-1.00,-0.86,Matches
2504,Marco Palestra,it ITA,MF,Atalanta,it Serie A,19,2005,9,222,25,6.5,2.5,2,59,0,7,15,22,1.78,5,3,+2,+0.81,-0.29,Matches
2505,João Palhinha,pt POR,MF,Bayern Munich,de Bundesliga,29,1995,17,673,40,22.0,7.5,6,73,3,11,21,6,2.59,28,10,+18,+2.41,+0.56,Matches
2506,Nicolas Pallois,fr FRA,DF,Nantes,fr Ligue 1,36,1987,26,2017,78,65.9,22.4,23,87,19,3,5,6,1.19,29,38,-9,-0.40,-0.06,Matches
2507,Matteo Palma,de GER,DF,Udinese,it Serie A,16,2008,1,5,5,0.1,0.1,0,,0,1,5,22,0.00,0,0,0,0.00,+0.40,Matches
2508,Alex Palmer,eng ENG,GK,Ipswich Town,eng Premier League,27,1996,13,1170,90,34.2,13.0,13,90,13,0,,0,0.46,13,30,-17,-1.31,-0.15,Matches
2509,Cole Palmer,eng ENG,MF,Chelsea,eng Premier League,22,2002,37,3191,86,93.3,35.5,36,88,26,1,32,0,1.86,63,41,+22,+0.62,+1.01,Matches
2510,Emerson Palmieri,it ITA,"DF,MF",West Ham United,eng Premier League,29,1994,31,2113,68,61.8,23.5,26,77,7,5,24,4,1.16,32,41,-9,-0.38,+0.10,Matches
2511,Joaquín Panichelli,ar ARG,FW,Alavés,es La Liga,21,2002,0,,,,,0,,0,0,,1,,,,,,,Matches
2512,Mats Pannewig,de GER,MF,Bochum,de Bundesliga,19,2004,14,267,19,8.7,3.0,2,61,0,12,12,14,0.29,3,8,-5,-1.69,-0.75,Matches
2513,Christos Papadopoulos,gr GRE,MF,Genoa,it Serie A,19,2004,0,,,,,0,,0,0,,1,,,,,,,Matches
2514,Christos Papadopoulos,gr GRE,MF,Juventus,it Serie A,19,2004,0,,,,,0,,0,0,,1,,,,,,,Matches
2515,Lysandros Papastylianou,cy CYP,FW,Genoa,it Serie A,18,2005,0,,,,,0,,0,0,,1,,,,,,,Matches
2516,Lucas Paquetá,br BRA,"MF,FW",West Ham United,eng Premier League,26,1997,33,2380,72,69.6,26.4,27,82,16,6,29,1,0.94,34,50,-16,-0.61,-0.61,Matches
2517,Aitor Paredes,es ESP,DF,Athletic Club,es La Liga,24,2000,23,1812,79,53.0,20.1,21,85,16,2,15,11,1.57,32,20,+12,+0.60,-0.13,Matches
2518,Kevin Paredes,us USA,MF,Wolfsburg,de Bundesliga,21,2003,2,123,62,4.0,1.4,2,62,0,0,,3,0.50,1,3,-2,-1.46,-1.59,Matches
2519,Leandro Paredes,ar ARG,MF,Roma,it Serie A,30,1994,22,1373,62,40.1,15.3,15,82,9,7,21,13,2.00,31,12,+19,+1.25,+1.16,Matches
2520,Daniel Parejo,es ESP,MF,Villarreal,es La Liga,35,1989,36,2273,63,66.5,25.3,26,78,11,10,26,0,1.89,54,36,+18,+0.71,+0.56,Matches
2521,Iago Parente,es ESP,DF,Valladolid,es La Liga,18,2006,1,71,71,2.1,0.8,1,71,0,0,,4,0.00,0,0,0,0.00,+1.72,Matches
2522,Fabiano Parisi,it ITA,"MF,DF",Fiorentina,it Serie A,23,2000,26,1124,43,32.9,12.5,11,75,4,15,20,12,1.38,15,14,+1,+0.08,-0.63,Matches
2523,Thomas Partey,gh GHA,"MF,DF",Arsenal,eng Premier League,31,1993,35,2797,80,81.8,31.1,31,88,25,4,19,2,1.91,52,30,+22,+0.71,-1.17,Matches
2524,Mario Pašalić,hr CRO,MF,Atalanta,it Serie A,29,1995,34,1967,58,57.5,21.9,23,74,8,11,23,4,1.91,36,22,+14,+0.64,-1.03,Matches
2525,Álvaro Pascual,es ESP,FW,Sevilla,es La Liga,22,2002,8,408,51,11.9,4.5,4,67,0,4,35,2,0.88,7,7,0,0.00,+0.39,Matches
2526,Felix Passlack,de GER,"MF,DF",Bochum,de Bundesliga,26,1998,31,2334,75,76.3,25.9,30,77,14,1,10,0,0.68,21,51,-30,-1.16,-0.66,Matches
2527,Patric,es ESP,DF,Lazio,it Serie A,31,1993,10,607,61,17.7,6.7,5,89,4,5,32,9,1.40,13,14,-1,-0.15,-0.56,Matches
2528,Rui Patrício,pt POR,GK,Atalanta,it Serie A,36,1988,3,270,90,7.9,3.0,3,90,3,0,,33,2.33,9,3,+6,+2.00,+1.00,Matches
2529,Luan Patrick,br BRA,DF,Hellas Verona,it Serie A,22,2002,0,,,,,0,,0,0,,6,,,,,,,Matches
2530,Nathan Patterson,sct SCO,DF,Everton,eng Premier League,22,2001,10,347,35,10.1,3.9,3,73,0,7,18,18,1.20,4,6,-2,-0.52,-0.52,Matches
2531,Jordi Paulina,cw CUW,FW,Dortmund,de Bundesliga,19,2004,0,,,,,0,,0,0,,3,,,,,,,Matches
2532,Benjamin Pavard,fr FRA,DF,Inter,it Serie A,28,1996,23,1584,69,46.3,17.6,18,80,13,5,29,8,1.96,28,16,+12,+0.68,-0.89,Matches
2533,Anthony Pavlesic,hr CRO,GK,Bayern Munich,de Bundesliga,18,2006,0,,,,,0,,0,0,,2,,,,,,,Matches
2534,Aleksandar Pavlovic,de GER,MF,Bayern Munich,de Bundesliga,20,2004,21,1451,69,47.4,16.1,18,76,8,3,26,3,2.38,50,12,+38,+2.36,+0.73,Matches
2535,Strahinja Pavlović,rs SRB,DF,Milan,it Serie A,23,2001,24,1864,78,54.5,20.7,21,88,19,3,8,13,1.67,32,25,+7,+0.34,-0.30,Matches
2536,Leonardo Pavoletti,it ITA,FW,Cagliari,it Serie A,35,1988,26,445,17,13.0,4.9,1,74,0,25,15,6,0.96,5,6,-1,-0.20,+0.25,Matches
2537,Martín Payero,ar ARG,MF,Udinese,it Serie A,25,1998,25,1381,55,40.4,15.3,16,74,4,9,22,2,1.08,14,20,-6,-0.39,+0.01,Matches
2538,Nicolas Pays,fr FRA,"MF,FW",Montpellier,fr Ligue 1,20,2003,9,447,50,14.6,5.0,4,82,1,5,24,2,0.00,1,13,-12,-2.42,-0.90,Matches
2539,Nicolás Paz,ar ARG,"MF,FW",Como,it Serie A,19,2004,35,2687,77,78.6,29.9,30,85,17,5,26,1,1.37,40,38,+2,+0.07,+0.68,Matches
2540,Myles Peart-Harris,eng ENG,MF,Brentford,eng Premier League,21,2002,0,,,,,0,,0,0,,1,,,,,,,Matches
2541,Mads Pedersen,dk DEN,DF,Augsburg,de Bundesliga,27,1996,7,235,34,7.7,2.6,2,68,1,5,20,4,1.00,4,8,-4,-1.53,-1.15,Matches
2542,Marcus Pedersen,no NOR,"MF,DF",Torino,it Serie A,24,2000,29,1362,47,39.8,15.1,15,71,5,14,21,6,0.97,14,18,-4,-0.26,-0.18,Matches
2543,Alfonso Pedraza,es ESP,"DF,MF",Villarreal,es La Liga,28,1996,12,460,38,13.5,5.1,4,80,2,8,18,2,1.92,10,6,+4,+0.78,+0.30,Matches
2544,Pedri,es ESP,MF,Barcelona,es La Liga,21,2002,37,2879,78,84.2,32.0,35,81,15,2,21,0,2.30,76,30,+46,+1.44,-1.39,Matches
2545,Pedro,es ESP,"MF,FW",Lazio,it Serie A,37,1987,30,1102,37,32.2,12.2,6,66,0,24,29,6,1.77,25,18,+7,+0.57,+0.38,Matches
2546,Kévin Pedro,fr FRA,DF,Saint-Étienne,fr Ligue 1,18,2006,1,10,10,0.3,0.1,0,,0,1,10,3,0.00,0,0,0,0.00,+1.12,Matches
2547,Adrià Pedrosa,es ESP,DF,Sevilla,es La Liga,26,1998,31,2298,74,67.2,25.5,27,82,16,4,19,3,1.00,27,33,-6,-0.23,+0.33,Matches
2548,Jordan Pefok,us USA,FW,Union Berlin,de Bundesliga,28,1996,18,908,50,29.7,10.1,10,72,3,8,24,2,1.11,7,11,-4,-0.40,+0.11,Matches
2549,Jordan Pefok,us USA,FW,Reims,fr Ligue 1,28,1996,7,380,54,12.4,4.2,6,62,0,1,9,0,1.00,3,4,-1,-0.24,+0.20,Matches
2550,Christian Pehlivanov,bg BUL,DF,Lecce,it Serie A,17,2006,0,,,,,0,,0,0,,1,,,,,,,Matches
2551,David Pejičić,si SVN,MF,Udinese,it Serie A,17,2007,0,,,,,0,,0,0,,2,,,,,,,Matches
2552,Pejiño,es ESP,MF,Las Palmas,es La Liga,28,1996,1,16,16,0.5,0.2,0,,0,1,16,7,1.00,0,0,0,0.00,+0.56,Matches
2553,Pietro Pellegri,it ITA,FW,Torino,it Serie A,23,2001,0,,,,,0,,0,0,,1,,,,,,,Matches
2554,Pietro Pellegri,it ITA,FW,Empoli,it Serie A,23,2001,11,414,38,12.1,4.6,5,60,0,6,19,2,1.36,3,6,-3,-0.65,+0.04,Matches
2555,Lorenzo Pellegrini,it ITA,MF,Roma,it Serie A,28,1996,25,1626,65,47.5,18.1,20,73,6,5,35,10,1.72,17,22,-5,-0.28,-1.58,Matches
2556,Luca Pellegrini,it ITA,DF,Lazio,it Serie A,25,1999,22,1067,49,31.2,11.9,10,82,7,12,20,5,1.77,20,14,+6,+0.51,+0.28,Matches
2557,Mateo Pellegrino,ar ARG,FW,Parma,it Serie A,23,2001,13,737,57,21.5,8.2,8,77,2,5,24,2,1.23,11,5,+6,+0.73,+1.40,Matches
2558,Théo Pellenard,fr FRA,DF,Auxerre,fr Ligue 1,30,1994,2,45,23,1.5,0.5,0,,0,2,23,10,3.00,1,0,+1,+2.00,+2.12,Matches
2559,Andy Pelmard,mg MAD,DF,Las Palmas,es La Liga,24,2000,4,205,51,6.0,2.3,2,75,1,2,28,5,0.25,3,3,0,0.00,+0.59,Matches
2560,Andy Pelmard,mg MAD,DF,Lecce,it Serie A,24,2000,3,129,43,3.8,1.4,1,90,1,2,20,13,0.33,0,4,-4,-2.79,-2.05,Matches
2561,Timothee Pembele,fr FRA,"DF,MF",Le Havre,fr Ligue 1,21,2002,20,1113,56,36.4,12.4,12,82,9,8,16,10,1.15,17,30,-13,-1.05,-0.22,Matches
2562,Faris Pemi Moumbagna,cm CMR,FW,Marseille,fr Ligue 1,24,2000,1,8,8,0.3,0.1,0,,0,1,8,3,3.00,0,0,0,0.00,-0.80,Matches
2563,Iñaki Peña,es ESP,GK,Barcelona,es La Liga,25,1999,16,1396,87,40.8,15.5,15,90,15,1,46,22,1.69,36,18,+18,+1.16,-0.84,Matches
2564,Rubén Peña,es ESP,"FW,DF",Osasuna,es La Liga,33,1991,25,775,31,22.7,8.6,7,67,1,18,17,11,1.28,9,12,-3,-0.35,-0.31,Matches
2565,Nicolas Pépé,ci CIV,"FW,MF",Villarreal,es La Liga,29,1995,28,1500,54,43.9,16.7,15,78,5,13,25,0,2.11,30,23,+7,+0.42,-0.19,Matches
2566,Peque,es ESP,"MF,FW",Sevilla,es La Liga,21,2002,26,1134,44,33.2,12.6,14,70,1,12,13,11,0.96,16,17,-1,-0.08,+0.39,Matches
2567,Sergiu Perciun,md MDA,MF,Torino,it Serie A,18,2006,5,152,30,4.4,1.7,0,,0,5,30,3,0.80,2,0,+2,+1.18,+1.40,Matches
2568,Óscar Perea,co COL,MF,Strasbourg,fr Ligue 1,18,2005,2,14,7,0.5,0.2,0,,0,2,7,10,0.00,1,1,0,0.00,-0.35,Matches
2569,Andreas Pereira,br BRA,MF,Fulham,eng Premier League,28,1996,33,2013,61,58.9,22.4,25,74,3,8,22,2,1.39,32,32,0,0.00,0.00,Matches
2570,Everton Pereira,fr FRA,MF,Nice,fr Ligue 1,17,2007,0,,,,,0,,0,0,,1,,,,,,,Matches
2571,Mathias Pereira Lage,pt POR,"MF,FW",Brest,fr Ligue 1,27,1996,29,1571,54,51.3,17.5,18,79,5,11,13,5,1.59,30,27,+3,+0.17,+0.78,Matches
2572,Pedro Pereira,pt POR,"MF,DF",Monza,it Serie A,26,1998,35,2665,76,77.9,29.6,32,83,19,3,8,1,0.49,23,56,-33,-1.11,-0.16,Matches
2573,Ricardo Pereira,pt POR,DF,Leicester City,eng Premier League,30,1993,10,388,39,11.3,4.3,4,68,0,6,19,8,0.50,3,8,-5,-1.16,+0.09,Matches
2574,Gastón Pereiro,uy URU,"FW,MF",Genoa,it Serie A,29,1995,2,31,16,0.9,0.3,0,,0,2,16,13,0.50,1,0,+1,+2.90,+3.25,Matches
2575,Gastón Pereiro,uy URU,"FW,MF",Cagliari,it Serie A,29,1995,0,,,,,0,,0,0,,2,,,,,,,Matches
2576,Daniel Peretz,il ISR,GK,Bayern Munich,de Bundesliga,24,2000,3,270,90,8.8,3.0,3,90,3,0,,14,2.00,10,5,+5,+1.67,-0.33,Matches
2577,Ayoze Pérez,es ESP,FW,Villarreal,es La Liga,31,1993,30,1970,66,57.6,21.9,22,80,9,8,27,0,1.93,37,25,+12,+0.55,+0.05,Matches
2578,Carles Pérez,es ESP,MF,Getafe,es La Liga,26,1998,27,1431,53,41.8,15.9,15,74,4,12,27,11,0.89,15,17,-2,-0.13,+0.01,Matches
2579,Francisco Perez,es ESP,MF,Valencia,es La Liga,21,2002,26,570,22,16.7,6.3,4,53,0,22,16,5,1.54,5,9,-4,-0.63,-0.44,Matches
2580,Kike Pérez,es ESP,MF,Valladolid,es La Liga,27,1997,19,1191,63,34.8,13.2,14,75,2,5,27,1,0.79,7,25,-18,-1.36,+0.50,Matches
2581,Kike Pérez,es ESP,MF,Venezia,it Serie A,27,1997,16,1114,70,32.6,12.4,13,80,4,3,26,0,0.81,8,13,-5,-0.40,+0.34,Matches
2582,Luis Pérez,es ESP,DF,Valladolid,es La Liga,29,1995,30,2558,85,74.8,28.4,28,89,27,2,39,4,0.53,20,65,-45,-1.58,+0.40,Matches
2583,Nehuén Pérez,ar ARG,DF,Udinese,it Serie A,24,2000,2,180,90,5.3,2.0,2,90,2,0,,0,2.00,3,2,+1,+0.50,+0.94,Matches
2584,Simone Perilli,it ITA,GK,Hellas Verona,it Serie A,29,1995,2,180,90,5.3,2.0,2,90,2,0,,36,1.50,2,2,0,0.00,+0.89,Matches
2585,Mattia Perin,it ITA,GK,Juventus,it Serie A,31,1992,5,450,90,13.2,5.0,5,90,5,0,,31,1.80,8,3,+5,+1.00,+0.45,Matches
2586,Samuele Perisan,it ITA,GK,Empoli,it Serie A,26,1997,0,,,,,0,,0,0,,10,,,,,,,Matches
2587,Romain Perraud,fr FRA,DF,Real Betis,es La Liga,26,1997,28,2002,72,58.5,22.2,22,85,19,6,22,8,1.25,34,31,+3,+0.13,-0.12,Matches
2588,Lucas Perri,br BRA,GK,Lyon,fr Ligue 1,26,1997,33,2970,90,97.1,33.0,33,90,33,0,,0,1.73,64,44,+20,+0.61,+1.61,Matches
2589,Gaëtan Perrin,fr FRA,MF,Auxerre,fr Ligue 1,28,1996,34,2691,79,87.9,29.9,31,85,12,3,23,0,1.24,39,43,-4,-0.13,-0.38,Matches
2590,Máximo Perrone,ar ARG,MF,Como,it Serie A,21,2003,26,1857,71,54.3,20.6,20,84,13,6,30,0,1.38,28,26,+2,+0.10,+0.38,Matches
2591,Pavao Pervan,at AUT,GK,Wolfsburg,de Bundesliga,36,1987,0,,,,,0,,0,0,,10,,,,,,,Matches
2592,Noah Pesch,hr CRO,FW,Gladbach,de Bundesliga,19,2005,1,6,6,0.2,0.1,0,,0,1,6,4,0.00,0,0,0,0.00,+0.06,Matches
2593,Massimo Pessina,it ITA,GK,Bologna,it Serie A,16,2007,0,,,,,0,,0,0,,3,,,,,,,Matches
2594,Matteo Pessina,it ITA,MF,Monza,it Serie A,27,1997,11,854,78,25.0,9.5,10,82,6,1,36,3,0.73,10,12,-2,-0.21,+1.16,Matches
2595,Andrea Petagna,it ITA,FW,Monza,it Serie A,29,1995,13,335,26,9.8,3.7,2,76,1,11,17,15,0.62,1,6,-5,-1.34,-0.29,Matches
2596,Prosper Peter,ng NGA,FW,Angers,fr Ligue 1,16,2007,2,27,14,0.9,0.3,0,,0,2,14,0,0.00,0,0,0,0.00,+0.62,Matches
2597,Denis Petrić,rs SRB,GK,Lens,fr Ligue 1,36,1988,0,,,,,0,,0,0,,7,,,,,,,Matches
2598,Léo Pétrot,fr FRA,DF,Saint-Étienne,fr Ligue 1,27,1997,31,2634,85,86.1,29.3,29,89,24,2,31,1,0.87,38,64,-26,-0.89,+1.65,Matches
2599,Đorđe Petrović,rs SRB,GK,Strasbourg,fr Ligue 1,24,1999,31,2790,90,91.2,31.0,31,90,31,0,,0,1.71,49,38,+11,+0.35,+0.02,Matches
2600,Giuseppe Pezzella,it ITA,MF,Empoli,it Serie A,26,1997,35,2878,82,84.2,32.0,34,84,22,1,34,2,0.83,29,45,-16,-0.50,+1.16,Matches
2601,Valentín Pezzolesi,es ESP,DF,Las Palmas,es La Liga,17,2007,1,6,6,0.2,0.1,0,,0,1,6,4,0.00,0,1,-1,-15.00,-14.47,Matches
2602,Luca Philipp,de GER,GK,Hoffenheim,de Bundesliga,23,2000,6,540,90,17.6,6.0,6,90,6,0,,28,1.00,11,15,-4,-0.67,-0.02,Matches
2603,Maximilian Philipp,de GER,"FW,MF",Freiburg,de Bundesliga,30,1994,2,17,9,0.6,0.2,0,,0,2,9,12,3.00,0,2,-2,-10.59,-10.53,Matches
2604,Tim Philipp,de GER,GK,Hoffenheim,de Bundesliga,18,2005,0,,,,,0,,0,0,,2,,,,,,,Matches
2605,Kalvin Phillips,eng ENG,MF,Ipswich Town,eng Premier League,28,1995,19,1237,65,36.2,13.7,14,82,6,5,19,6,0.68,12,29,-17,-1.24,-0.04,Matches
2606,Jaden Philogene Bidace,eng ENG,MF,Aston Villa,eng Premier League,22,2002,11,332,30,9.7,3.7,2,78,1,9,20,3,1.64,2,5,-3,-0.81,-1.10,Matches
2607,Jaden Philogene Bidace,eng ENG,MF,Ipswich Town,eng Premier League,22,2002,10,474,47,13.9,5.3,5,81,2,5,14,1,0.40,3,17,-14,-2.66,-1.68,Matches
2608,Edoardo Piana,it ITA,GK,Udinese,it Serie A,20,2003,0,,,,,0,,0,0,,15,,,,,,,Matches
2609,Pica,es ESP,DF,Alavés,es La Liga,22,2002,9,499,55,14.6,5.5,5,88,4,4,15,26,1.00,6,8,-2,-0.36,-0.11,Matches
2610,Roberto Piccoli,it ITA,FW,Cagliari,it Serie A,23,2001,37,3127,85,91.4,34.7,37,85,19,0,,0,0.89,35,54,-19,-0.55,-1.47,Matches
2611,Benedikt Pichler,at AUT,FW,Holstein Kiel,de Bundesliga,27,1997,18,785,44,25.7,8.7,7,78,5,11,22,5,0.50,9,23,-14,-1.61,-0.93,Matches
2612,Jordan Pickford,eng ENG,GK,Everton,eng Premier League,30,1994,38,3420,90,100.0,38.0,38,90,38,0,,0,1.26,42,44,-2,-0.05,,Matches
2613,Amos Pieper,de GER,DF,Werder Bremen,de Bundesliga,26,1998,23,1498,65,49.0,16.6,16,83,8,7,24,9,1.61,21,29,-8,-0.48,-0.77,Matches
2614,Marvin Pieringer,de GER,FW,Heidenheim,de Bundesliga,24,1999,31,2206,71,72.1,24.5,26,77,7,5,39,0,0.84,28,40,-12,-0.49,+1.09,Matches
2615,Nicholas Pierini,it ITA,"FW,MF",Venezia,it Serie A,25,1998,2,83,42,2.4,0.9,0,,0,2,42,0,0.50,0,1,-1,-1.08,-0.46,Matches
2616,Santiago Pierotti,ar ARG,"MF,FW",Lecce,it Serie A,23,2001,36,1937,54,56.6,21.5,22,70,4,14,28,1,0.94,15,31,-16,-0.74,+0.17,Matches
2617,Balthazar Pierret,fr FRA,MF,Lecce,it Serie A,24,2000,30,1723,57,50.4,19.1,21,70,5,9,28,2,0.77,12,37,-25,-1.31,-0.99,Matches
2618,Andrea Pinamonti,it ITA,FW,Genoa,it Serie A,25,1999,36,2850,79,83.3,31.7,33,83,20,3,35,1,1.08,28,39,-11,-0.35,-0.19,Matches
2619,Lander Pinillos,es ESP,MF,Alavés,es La Liga,20,2003,0,,,,,0,,0,0,,1,,,,,,,Matches
2620,Ethan Pinnock,jm JAM,DF,Brentford,eng Premier League,31,1993,22,1913,87,55.9,21.3,21,90,20,1,31,9,1.50,40,35,+5,+0.24,0.00,Matches
2621,Yeremi Pino,es ESP,MF,Villarreal,es La Liga,21,2002,34,1934,57,56.5,21.5,25,69,1,9,24,1,1.79,43,28,+15,+0.70,+0.40,Matches
2622,Carlo Pinsoglio,it ITA,GK,Juventus,it Serie A,34,1990,0,,,,,0,,0,0,,38,,,,,,,Matches
2623,Nicola Pintus,it ITA,DF,Cagliari,it Serie A,19,2005,1,4,4,0.1,0.0,0,,0,1,4,5,3.00,0,0,0,0.00,+0.42,Matches
2624,Niccolò Pisilli,it ITA,MF,Roma,it Serie A,19,2004,28,1227,44,35.9,13.6,11,77,5,17,23,9,1.93,19,13,+6,+0.44,-0.18,Matches
2625,Tommaso Pittino,it ITA,DF,Genoa,it Serie A,19,2005,0,,,,,0,,0,0,,1,,,,,,,Matches
2626,Damián Pizarro,cl CHI,FW,Udinese,it Serie A,19,2005,2,16,8,0.5,0.2,0,,0,2,8,22,0.00,0,1,-1,-5.63,-5.25,Matches
2627,Semuel Pizzignacco,it ITA,GK,Monza,it Serie A,22,2001,9,736,82,21.5,8.2,8,89,7,1,24,29,0.56,5,17,-12,-1.47,-0.49,Matches
2628,Francesco Plaia,it ITA,GK,Torino,it Serie A,18,2006,0,,,,,0,,0,0,,1,,,,,,,Matches
2629,Alassane Pléa,fr FRA,MF,Gladbach,de Bundesliga,31,1993,30,1902,63,62.2,21.1,24,75,6,6,18,2,1.17,39,34,+5,+0.24,+0.78,Matches
2630,Xavi Pleguezuelo,es ESP,DF,Real Betis,es La Liga,21,2003,0,,,,,0,,0,0,,1,,,,,,,Matches
2631,Elia Plicco,it ITA,MF,Parma,it Serie A,17,2007,0,,,,,0,,0,0,,16,,,,,,,Matches
2632,Tommaso Pobega,it ITA,MF,Bologna,it Serie A,25,1999,21,1178,56,34.4,13.1,13,74,6,8,27,10,1.57,18,13,+5,+0.38,+0.18,Matches
2633,Daniel Podence,pt POR,"FW,MF",Wolves,eng Premier League,28,1995,2,48,24,1.4,0.5,0,,0,2,24,0,0.00,0,2,-2,-3.75,-3.40,Matches
2634,Joel Pohjanpalo,fi FIN,FW,Venezia,it Serie A,29,1994,20,1603,80,46.9,17.8,19,83,6,1,21,0,0.75,18,29,-11,-0.62,+0.03,Matches
2635,Matteo Politano,it ITA,"FW,MF",Napoli,it Serie A,30,1993,37,2804,76,82.0,31.2,34,80,3,3,26,0,2.14,49,23,+26,+0.83,-0.04,Matches
2636,Alfie Pond,eng ENG,DF,Wolves,eng Premier League,20,2004,1,1,1,0.0,0.0,0,,0,1,1,7,3.00,0,0,0,0.00,+0.39,Matches
2637,Marin Pongračić,hr CRO,DF,Fiorentina,it Serie A,26,1997,20,1367,68,40.0,15.2,14,84,8,6,31,8,1.80,25,17,+8,+0.53,+0.04,Matches
2638,Nick Pope,eng ENG,GK,Newcastle United,eng Premier League,32,1992,28,2520,90,73.7,28.0,28,90,28,0,,3,1.61,45,35,+10,+0.36,-0.74,Matches
2639,Bohdan Popov,ua UKR,MF,Empoli,it Serie A,21,2003,0,,,,,0,,0,0,,1,,,,,,,Matches
2640,Finn Porath,de GER,MF,Holstein Kiel,de Bundesliga,27,1997,31,1970,64,64.4,21.9,20,81,9,11,32,1,0.61,29,59,-30,-1.37,-1.29,Matches
2641,Jackson Porozo,ec ECU,DF,Leganés,es La Liga,23,2000,0,,,,,0,,0,0,,18,,,,,,,Matches
2642,Pedro Porro,es ESP,DF,Tottenham Hotspur,eng Premier League,24,1999,33,2610,79,76.3,29.0,28,89,24,5,26,5,1.12,54,47,+7,+0.24,+1.13,Matches
2643,Jack Porter,eng ENG,GK,Arsenal,eng Premier League,16,2008,0,,,,,0,,0,0,,1,,,,,,,Matches
2644,Portu,es ESP,"FW,MF",Girona,es La Liga,32,1992,27,779,29,22.8,8.7,6,70,0,21,17,3,0.93,10,10,0,0.00,+0.55,Matches
2645,Stefan Posch,at AUT,DF,Bologna,it Serie A,27,1997,14,714,51,20.9,7.9,7,88,6,7,14,6,1.79,14,15,-1,-0.13,-0.49,Matches
2646,Stefan Posch,at AUT,DF,Atalanta,it Serie A,27,1997,5,387,77,11.3,4.3,4,86,3,1,45,0,1.60,10,3,+7,+1.63,+0.62,Matches
2647,Nicolò Postiglione,it ITA,DF,Monza,it Serie A,19,2005,0,,,,,0,,0,0,,20,,,,,,,Matches
2648,Tom Pouilly,fr FRA,DF,Lens,fr Ligue 1,21,2003,10,273,27,8.9,3.0,2,75,0,8,16,11,1.30,2,6,-4,-1.32,-1.54,Matches
2649,Yussuf Poulsen,dk DEN,"MF,FW",RB Leipzig,de Bundesliga,30,1994,22,378,17,12.4,4.2,2,64,0,20,13,2,1.45,3,2,+1,+0.24,+0.10,Matches
2650,Beñat Prados,es ESP,MF,Athletic Club,es La Liga,23,2001,30,1715,57,50.1,19.1,21,71,5,9,25,5,1.80,22,14,+8,+0.42,-0.48,Matches
2651,Alexander Prass,at AUT,"MF,DF",Hoffenheim,de Bundesliga,23,2001,23,1566,68,51.2,17.4,19,78,7,4,20,4,1.00,24,30,-6,-0.34,+0.62,Matches
2652,Matteo Prati,it ITA,MF,Cagliari,it Serie A,20,2003,12,570,48,16.7,6.3,8,65,0,4,13,24,0.83,4,7,-3,-0.47,-0.06,Matches
2653,Abdón Prats,es ESP,"FW,MF",Mallorca,es La Liga,31,1992,24,456,19,13.3,5.1,3,72,1,21,11,8,1.38,7,6,+1,+0.20,+0.50,Matches
2654,David Preu,de GER,MF,Union Berlin,de Bundesliga,19,2004,5,121,24,4.0,1.3,1,60,0,4,15,2,1.20,1,2,-1,-0.74,-0.28,Matches
2655,Grischa Prömel,de GER,MF,Hoffenheim,de Bundesliga,29,1995,2,174,87,5.7,1.9,2,87,1,0,,0,1.50,4,5,-1,-0.52,+0.14,Matches
2656,Ivan Provedel,it ITA,GK,Lazio,it Serie A,30,1994,29,2610,90,76.3,29.0,29,90,29,0,,9,1.76,51,42,+9,+0.31,-0.02,Matches
2657,Ivan Prtajin,hr CRO,FW,Union Berlin,de Bundesliga,28,1996,5,161,32,5.3,1.8,2,58,0,3,15,7,0.80,1,1,0,0.00,+0.50,Matches
2658,Javi Puado,es ESP,"MF,FW",Espanyol,es La Liga,26,1998,35,2974,85,87.0,33.0,35,85,20,0,,0,1.03,30,42,-12,-0.36,-0.56,Matches
2659,Tymoteusz Puchacz,pl POL,MF,Holstein Kiel,de Bundesliga,25,1999,10,396,40,12.9,4.4,5,54,0,5,25,4,0.40,6,10,-4,-0.91,0.00,Matches
2660,Diego Pugno,it ITA,DF,Juventus,it Serie A,18,2006,1,7,7,0.2,0.1,0,,0,1,7,1,1.00,0,1,-1,-12.86,-13.49,Matches
2661,Víctor Puig,es ESP,GK,Las Palmas,es La Liga,24,1999,0,,,,,0,,0,0,,1,,,,,,,Matches
2662,Christian Pulisic,us USA,"MF,FW",Milan,it Serie A,25,1998,34,2478,73,72.5,27.5,29,80,10,5,30,0,1.71,50,32,+18,+0.65,+0.65,Matches
2663,Jarell Quansah,eng ENG,DF,Liverpool,eng Premier League,21,2003,13,495,38,14.5,5.5,4,79,3,9,20,25,2.08,13,12,+1,+0.18,-1.17,Matches
2664,Leopold Querfeld,at AUT,DF,Union Berlin,de Bundesliga,20,2003,27,1747,65,57.1,19.4,17,87,14,10,26,6,1.19,22,35,-13,-0.67,-0.46,Matches
2665,Dani Raba,es ESP,"MF,FW",Leganés,es La Liga,28,1995,29,1879,65,54.9,20.9,24,74,6,5,20,5,1.14,25,27,-2,-0.10,+0.78,Matches
2666,Alessio Raballo,cu CUB,FW,Torino,it Serie A,17,2006,0,,,,,0,,0,0,,1,,,,,,,Matches
2667,Adrien Rabiot,fr FRA,MF,Marseille,fr Ligue 1,29,1995,29,2485,86,81.2,27.6,27,90,27,2,28,0,1.79,58,39,+19,+0.69,-0.56,Matches
2668,Ionuț Radu,ro ROU,GK,Venezia,it Serie A,27,1997,15,1350,90,39.5,15.0,15,90,15,0,,0,0.87,10,18,-8,-0.53,+0.16,Matches
2669,Rafa,es ESP,GK,Sevilla,es La Liga,20,2003,0,,,,,0,,0,0,,1,,,,,,,Matches
2670,Hamza Rafia,tn TUN,MF,Lecce,it Serie A,25,1999,18,1058,59,30.9,11.8,14,70,2,4,21,16,0.78,7,16,-9,-0.77,+0.07,Matches
2671,Arnau Rafús,es ESP,GK,Valladolid,es La Liga,21,2003,1,90,90,2.6,1.0,1,90,1,0,,9,0.00,1,2,-1,-1.00,+0.70,Matches
2672,Antonio Raillo,es ESP,DF,Mallorca,es La Liga,32,1991,36,3207,89,93.8,35.6,36,89,34,0,,0,1.25,31,38,-7,-0.20,+0.65,Matches
2673,Antonio Raimondo,it ITA,FW,Venezia,it Serie A,20,2004,9,94,10,2.7,1.0,0,,0,9,10,6,0.22,0,0,0,0.00,+0.65,Matches
2674,Samuel Rak-Sakyi,eng ENG,MF,Chelsea,eng Premier League,19,2005,0,,,,,0,,0,0,,1,,,,,,,Matches
2675,Ylber Ramadani,al ALB,MF,Lecce,it Serie A,28,1996,29,1807,62,52.8,20.1,21,76,6,8,26,8,1.07,11,33,-22,-1.10,-0.59,Matches
2676,Benito Ramírez,es ESP,"MF,DF",Las Palmas,es La Liga,29,1995,19,478,25,14.0,5.3,2,61,0,17,21,10,0.84,7,8,-1,-0.19,+0.42,Matches
2677,Sandro Ramírez,es ESP,"MF,FW",Las Palmas,es La Liga,29,1995,31,2034,66,59.5,22.6,25,75,6,6,28,1,0.94,26,34,-8,-0.35,+0.49,Matches
2678,Jacobo Ramón,es ESP,DF,Real Madrid,es La Liga,19,2005,3,204,68,6.0,2.3,2,90,2,1,24,13,3.00,4,3,+1,+0.44,-0.65,Matches
2679,Pablo Ramon,es ESP,DF,Espanyol,es La Liga,23,2001,0,,,,,0,,0,0,,5,,,,,,,Matches
2680,Gonçalo Ramos,pt POR,FW,Paris Saint-Germain,fr Ligue 1,23,2001,22,1066,48,34.8,11.8,12,72,5,10,20,0,2.36,33,14,+19,+1.60,-0.11,Matches
2681,Robert Ramsak,de GER,FW,RB Leipzig,de Bundesliga,17,2006,0,,,,,0,,0,0,,2,,,,,,,Matches
2682,Aaron Ramsdale,eng ENG,GK,Arsenal,eng Premier League,26,1998,0,,,,,0,,0,0,,2,,,,,,,Matches
2683,Aaron Ramsdale,eng ENG,GK,Southampton,eng Premier League,26,1998,30,2700,90,78.9,30.0,30,90,30,0,,0,0.37,21,66,-45,-1.50,+0.38,Matches
2684,Jacob Ramsey,eng ENG,MF,Aston Villa,eng Premier League,23,2001,29,1623,56,47.5,18.0,19,68,2,10,34,0,1.79,25,26,-1,-0.06,-0.46,Matches
2685,Luca Ranieri,it ITA,DF,Fiorentina,it Serie A,25,1999,36,3071,85,89.8,34.1,35,86,28,1,45,0,1.78,58,36,+22,+0.64,+1.42,Matches
2686,Grant Ranos,am ARM,FW,Gladbach,de Bundesliga,21,2003,2,20,10,0.7,0.2,0,,0,2,10,5,0.00,1,2,-1,-4.50,-4.47,Matches
2687,Lilian Raolisoa,fr FRA,"DF,MF",Angers,fr Ligue 1,24,2000,29,1318,45,43.1,14.6,14,72,4,15,21,1,1.00,15,24,-9,-0.61,+0.01,Matches
2688,Raphinha,br BRA,"MF,FW",Barcelona,es La Liga,27,1996,36,2839,79,83.0,31.5,32,84,23,4,35,1,2.28,84,31,+53,+1.68,+0.13,Matches
2689,Simeon Rapsch,de GER,GK,Leverkusen,de Bundesliga,16,2008,0,,,,,0,,0,0,,1,,,,,,,Matches
2690,Marcus Rashford,eng ENG,MF,Manchester Utd,eng Premier League,26,1997,15,978,65,28.6,10.9,12,74,4,3,31,1,1.27,15,9,+6,+0.55,+1.14,Matches
2691,Marcus Rashford,eng ENG,"FW,MF",Aston Villa,eng Premier League,26,1997,10,444,44,13.0,4.9,4,68,0,6,29,0,2.00,7,6,+1,+0.20,+0.02,Matches
2692,Giacomo Raspadori,it ITA,"FW,MF",Napoli,it Serie A,24,2000,26,1103,42,32.3,12.3,11,79,2,15,16,12,1.92,15,13,+2,+0.16,-1.00,Matches
2693,Andrei Ratiu,ro ROU,"DF,MF",Rayo Vallecano,es La Liga,26,1998,35,3065,88,89.6,34.1,34,89,31,1,34,1,1.37,37,41,-4,-0.12,-0.12,Matches
2694,Raúl,es ESP,FW,Osasuna,es La Liga,23,2000,32,750,23,21.9,8.3,5,66,0,27,16,2,1.25,9,14,-5,-0.60,-0.63,Matches
2695,David Raum,de GER,"MF,DF",RB Leipzig,de Bundesliga,26,1998,22,1783,81,58.3,19.8,21,84,15,1,9,1,1.43,33,26,+7,+0.35,+0.49,Matches
2696,Federico Ravaglia,it ITA,GK,Bologna,it Serie A,24,1999,12,1056,88,30.9,11.7,11,90,11,1,66,26,1.50,13,14,-1,-0.09,-0.50,Matches
2697,Rayan Raveloson,mg MAD,"MF,DF",Auxerre,fr Ligue 1,27,1997,13,724,56,23.7,8.0,7,83,5,6,24,3,1.31,13,17,-4,-0.50,-0.54,Matches
2698,Noah Raveyre,fr FRA,GK,Milan,it Serie A,19,2005,0,,,,,0,,0,0,,9,,,,,,,Matches
2699,David Raya,es ESP,GK,Arsenal,eng Premier League,28,1995,38,3420,90,100.0,38.0,38,90,38,0,,0,1.95,69,34,+35,+0.92,,Matches
2700,Naj Razi,ie IRL,FW,Como,it Serie A,17,2006,0,,,,,0,,0,0,,1,,,,,,,Matches
2701,Gabriele Re Cecconi,it ITA,DF,Inter,it Serie A,18,2006,0,,,,,0,,0,0,,4,,,,,,,Matches
2702,Abde Rebbach,dz ALG,"MF,FW",Alavés,es La Liga,25,1998,8,385,48,11.3,4.3,4,75,1,4,22,10,1.25,6,7,-1,-0.23,+0.03,Matches
2703,Ante Rebić,hr CRO,"FW,MF",Lecce,it Serie A,30,1993,27,788,29,23.0,8.8,7,62,0,20,18,6,0.89,8,13,-5,-0.57,+0.32,Matches
2704,Harrison Reed,eng ENG,MF,Fulham,eng Premier League,29,1995,12,108,9,3.2,1.2,0,,0,12,9,14,1.75,1,3,-2,-1.67,-1.72,Matches
2705,Remy Rees-Dottin,eng ENG,FW,Bournemouth,eng Premier League,18,2006,1,1,1,0.0,0.0,0,,0,1,1,6,3.00,0,0,0,0.00,-0.32,Matches
2706,Alejandro Rego,es ESP,MF,Athletic Club,es La Liga,21,2003,0,,,,,0,,0,0,,3,,,,,,,Matches
2707,Sergio Reguilón,es ESP,DF,Tottenham Hotspur,eng Premier League,27,1996,4,196,49,5.7,2.2,1,73,0,3,41,10,0.25,0,3,-3,-1.38,-1.43,Matches
2708,Tijjani Reijnders,nl NED,MF,Milan,it Serie A,26,1998,37,3128,85,91.5,34.8,36,86,31,1,32,0,1.70,59,40,+19,+0.55,+0.85,Matches
2709,Pepe Reina,es ESP,GK,Como,it Serie A,41,1982,12,1034,86,30.2,11.5,12,86,11,0,,26,1.08,12,14,-2,-0.17,-0.14,Matches
2710,Vitor Reis,br BRA,DF,Manchester City,eng Premier League,18,2006,1,1,1,0.0,0.0,0,,0,1,1,8,3.00,0,0,0,0.00,-0.74,Matches
2711,Rocco Reitz,de GER,MF,Gladbach,de Bundesliga,22,2002,27,1830,68,59.8,20.3,21,82,5,6,19,0,1.30,32,32,0,0.00,+0.15,Matches
2712,Nicolai Remberg,de GER,MF,Holstein Kiel,de Bundesliga,24,2000,32,2417,76,79.0,26.9,26,89,25,6,18,0,0.78,39,62,-23,-0.86,+0.26,Matches
2713,Álex Remiro,es ESP,GK,Real Sociedad,es La Liga,29,1995,36,3240,90,94.7,36.0,36,90,36,0,,2,1.28,35,43,-8,-0.22,+1.28,Matches
2714,Devyne Rensch,nl NED,"MF,DF",Roma,it Serie A,21,2003,14,469,34,13.7,5.2,5,72,1,9,12,1,2.50,8,4,+4,+0.77,+0.25,Matches
2715,Daniel Requena,es ESP,MF,Villarreal,es La Liga,20,2004,1,10,10,0.3,0.1,0,,0,1,10,1,3.00,0,1,-1,-9.00,-9.55,Matches
2716,Guillaume Restes,fr FRA,GK,Toulouse,fr Ligue 1,19,2005,29,2543,88,83.1,28.3,29,88,27,0,,0,1.17,32,36,-4,-0.14,-1.01,Matches
2717,Mateo Retegui,it ITA,FW,Atalanta,it Serie A,25,1999,36,2383,66,69.7,26.5,32,72,6,4,21,0,2.00,63,28,+35,+1.32,+0.80,Matches
2718,Elvis Rexhbeçaj,xk KVX,MF,Augsburg,de Bundesliga,26,1997,27,1785,66,58.3,19.8,22,77,10,5,20,4,1.30,27,37,-10,-0.50,-0.08,Matches
2719,Gio Reyna,us USA,MF,Dortmund,de Bundesliga,21,2002,16,350,22,11.4,3.9,3,72,0,13,10,10,1.69,10,3,+7,+1.80,+1.37,Matches
2720,Chadi Riad,ma MAR,DF,Crystal Palace,eng Premier League,21,2003,1,90,90,2.6,1.0,1,90,1,0,,5,0.00,0,2,-2,-2.00,-2.05,Matches
2721,Alexsandro Ribeiro,br BRA,DF,Lille,fr Ligue 1,24,1999,30,2700,90,88.2,30.0,30,90,30,0,,1,1.83,46,30,+16,+0.53,+0.53,Matches
2722,Samuele Ricci,it ITA,MF,Torino,it Serie A,22,2001,34,2825,83,82.6,31.4,34,83,19,0,,1,1.26,32,35,-3,-0.10,+0.36,Matches
2723,Lorenzo Riccio,it ITA,MF,Atalanta,it Serie A,18,2006,0,,,,,0,,0,0,,4,,,,,,,Matches
2724,Declan Rice,eng ENG,MF,Arsenal,eng Premier League,25,1999,35,2825,81,82.6,31.4,33,84,23,2,23,1,1.91,56,28,+28,+0.89,-0.17,Matches
2725,Chris Richards,us USA,DF,Crystal Palace,eng Premier League,24,2000,24,1922,80,56.2,21.4,22,87,18,2,6,5,1.54,30,31,-1,-0.05,-0.11,Matches
2726,Amir Richardson,ma MAR,MF,Fiorentina,it Serie A,22,2002,27,1099,41,32.1,12.2,10,67,1,17,25,9,1.78,18,13,+5,+0.41,-0.13,Matches
2727,Richarlison,br BRA,FW,Tottenham Hotspur,eng Premier League,27,1997,15,504,34,14.7,5.6,4,72,1,11,20,2,0.93,11,9,+2,+0.36,+0.45,Matches
2728,Marco Richter,de GER,"FW,MF",Mainz 05,de Bundesliga,26,1997,0,,,,,0,,0,0,,1,,,,,,,Matches
2729,Diego Rico,es ESP,DF,Getafe,es La Liga,31,1993,33,2819,85,82.4,31.3,32,88,30,1,4,1,1.18,32,30,+2,+0.06,+1.11,Matches
2730,Fabian Rieder,ch SUI,MF,Stuttgart,de Bundesliga,22,2002,21,867,41,28.3,9.6,8,71,1,13,23,11,1.24,16,16,0,0.00,-0.45,Matches
2731,Lasse Rieß,de GER,GK,Mainz 05,de Bundesliga,23,2001,2,180,90,5.9,2.0,2,90,2,0,,32,2.00,5,2,+3,+1.50,+1.22,Matches
2732,Luis Rioja,es ESP,"FW,MF",Alavés,es La Liga,30,1993,1,23,23,0.7,0.3,0,,0,1,23,0,0.00,0,1,-1,-3.91,-3.67,Matches
2733,Luis Rioja,es ESP,MF,Valencia,es La Liga,30,1993,36,2831,79,82.8,31.5,33,83,15,3,29,0,1.19,37,41,-4,-0.13,+0.79,Matches
2734,Rodrigo Riquelme,es ESP,"MF,DF",Atlético Madrid,es La Liga,24,2000,16,516,32,15.1,5.7,4,72,1,12,19,19,2.13,13,5,+8,+1.40,+0.47,Matches
2735,Alberto Risco,es ESP,MF,Getafe,es La Liga,18,2005,5,69,14,2.0,0.8,0,,0,5,14,6,0.60,2,0,+2,+2.61,+2.80,Matches
2736,Robin Risser,fr FRA,GK,Strasbourg,fr Ligue 1,19,2004,0,,,,,0,,0,0,,3,,,,,,,Matches
2737,Mihailo Ristić,rs SRB,"MF,DF",Celta Vigo,es La Liga,28,1995,10,429,43,12.5,4.8,6,64,0,4,11,17,1.80,7,5,+2,+0.42,+0.42,Matches
2738,Lars Ritzka,de GER,"MF,DF",St Pauli,de Bundesliga,26,1998,21,922,44,30.1,10.2,11,67,1,10,19,8,0.90,8,11,-3,-0.29,+0.13,Matches
2739,Mario Rivas,es ESP,DF,Real Madrid,es La Liga,17,2007,0,,,,,0,,0,0,,2,,,,,,,Matches
2740,Gorka Rivera Alonso,es ESP,DF,Getafe,es La Liga,19,2004,1,20,20,0.6,0.2,0,,0,1,20,1,0.00,0,0,0,0.00,+0.13,Matches
2741,Niccolò Rizzo,it ITA,DF,Juventus,it Serie A,17,2007,0,,,,,0,,0,0,,1,,,,,,,Matches
2742,Sergi Roberto,es ESP,MF,Como,it Serie A,32,1992,13,696,54,20.4,7.7,8,73,3,5,22,2,1.46,12,10,+2,+0.26,+0.42,Matches
2743,Andrew Robertson,sct SCO,DF,Liverpool,eng Premier League,30,1994,33,2482,75,72.6,27.6,29,82,16,4,29,5,2.27,70,31,+39,+1.41,+0.84,Matches
2744,Antonee Robinson,us USA,"DF,MF",Fulham,eng Premier League,26,1997,36,3167,88,92.6,35.2,35,90,34,1,19,0,1.42,49,49,0,0.00,0.00,Matches
2745,Jay Robinson,eng ENG,MF,Southampton,eng Premier League,17,2007,4,137,34,4.0,1.5,1,78,0,3,20,1,0.00,1,2,-1,-0.66,+0.96,Matches
2746,Joel Roca,es ESP,FW,Girona,es La Liga,19,2005,0,,,,,0,,0,0,,1,,,,,,,Matches
2747,Marc Roca,es ESP,MF,Real Betis,es La Liga,27,1996,14,906,65,26.5,10.1,11,76,5,3,25,1,1.36,12,10,+2,+0.20,+0.02,Matches
2748,Kaden Rodney,eng ENG,"DF,MF",Crystal Palace,eng Premier League,19,2004,0,,,,,0,,0,0,,3,,,,,,,Matches
2749,Rodri,es ESP,MF,Manchester City,eng Premier League,28,1996,3,73,24,2.1,0.8,1,20,0,2,27,2,2.33,2,1,+1,+1.23,+0.51,Matches
2750,Rodri,es ESP,MF,Real Betis,es La Liga,24,2000,3,118,39,3.5,1.3,1,71,0,2,24,0,0.67,0,2,-2,-1.53,-1.77,Matches
2751,Adrián Rodriguez,es ESP,DF,Valladolid,es La Liga,21,2002,0,,,,,0,,0,0,,1,,,,,,,Matches
2752,Adrian Rodriguez,es ESP,GK,Alavés,es La Liga,23,2000,2,122,61,3.6,1.4,1,90,1,1,32,23,2.00,2,2,0,0.00,+0.27,Matches
2753,Alejandro Rodriguez,pt POR,FW,Lyon,fr Ligue 1,16,2008,1,20,20,0.7,0.2,0,,0,1,20,2,0.00,1,1,0,0.00,-0.56,Matches
2754,Álvaro Rodríguez,uy URU,FW,Getafe,es La Liga,20,2004,22,852,39,24.9,9.5,7,68,0,15,25,8,1.05,5,9,-4,-0.42,-0.39,Matches
2755,Óscar Rodríguez Arnaiz,es ESP,MF,Leganés,es La Liga,26,1998,29,1330,46,38.9,14.8,12,75,5,17,25,5,0.97,15,21,-6,-0.41,+0.07,Matches
2756,Arturo Rodríguez,es ESP,FW,Las Palmas,es La Liga,17,2006,1,21,21,0.6,0.2,0,,0,1,21,0,0.00,0,1,-1,-4.29,-3.76,Matches
2757,Damián Rodríguez,es ESP,MF,Celta Vigo,es La Liga,21,2003,17,927,55,27.1,10.3,10,78,6,7,21,19,1.35,20,20,0,0.00,-0.07,Matches
2758,Dani Rodríguez,es ESP,"MF,FW",Mallorca,es La Liga,36,1988,37,2162,58,63.2,24.0,26,74,1,11,22,0,1.30,21,31,-10,-0.42,-0.49,Matches
2759,Daniel Rodriguez,es ESP,MF,Barcelona,es La Liga,18,2005,1,37,37,1.1,0.4,1,37,0,0,,0,3.00,0,1,-1,-2.43,-4.14,Matches
2760,Guido Rodríguez,ar ARG,MF,West Ham United,eng Premier League,30,1994,23,1149,50,33.6,12.8,16,69,3,7,5,13,1.43,18,19,-1,-0.08,+0.52,Matches
2761,James Rodríguez,co COL,MF,Rayo Vallecano,es La Liga,33,1991,6,140,23,4.1,1.6,1,63,0,5,15,5,1.33,4,2,+2,+1.29,+1.45,Matches
2762,Javi Rodríguez,es ESP,DF,Celta Vigo,es La Liga,21,2003,36,2514,70,73.5,27.9,26,85,20,10,29,1,1.53,44,40,+4,+0.14,+0.34,Matches
2763,Jesus Rodríguez,es ESP,MF,Real Betis,es La Liga,18,2005,21,1111,53,32.5,12.3,15,67,0,6,17,3,1.71,20,14,+6,+0.49,+0.45,Matches
2764,Kirian Rodríguez,es ESP,MF,Las Palmas,es La Liga,28,1996,21,1758,84,51.4,19.5,21,84,9,0,,0,1.10,22,29,-7,-0.36,+0.40,Matches
2765,Ricardo Rodríguez,ch SUI,DF,Real Betis,es La Liga,31,1992,18,1274,71,37.3,14.2,15,79,9,3,30,17,1.83,21,16,+5,+0.35,+0.27,Matches
2766,Rodrygo,br BRA,"MF,FW",Real Madrid,es La Liga,23,2001,30,1928,64,56.4,21.4,22,76,5,8,33,1,2.20,42,17,+25,+1.17,+0.26,Matches
2767,Mads Roerslev,dk DEN,DF,Wolfsburg,de Bundesliga,25,1999,7,298,43,9.7,3.3,2,74,1,5,30,4,1.43,6,5,+1,+0.30,+0.27,Matches
2768,Mads Roerslev,dk DEN,DF,Brentford,eng Premier League,25,1999,19,1101,58,32.2,12.2,11,88,9,8,16,4,1.21,19,20,-1,-0.08,-0.47,Matches
2769,Morgan Rogers,eng ENG,MF,Aston Villa,eng Premier League,22,2002,37,3114,84,91.1,34.6,37,84,19,0,,0,1.70,52,40,+12,+0.35,+1.82,Matches
2770,Merlin Röhl,de GER,MF,Freiburg,de Bundesliga,22,2002,19,965,51,31.5,10.7,11,72,1,8,22,2,1.74,11,18,-7,-0.65,-0.78,Matches
2771,Alessio Romagnoli,it ITA,DF,Lazio,it Serie A,29,1995,32,2672,84,78.1,29.7,31,85,27,1,25,2,1.66,42,38,+4,+0.13,-0.83,Matches
2772,Leo Román,es ESP,GK,Mallorca,es La Liga,24,2000,7,630,90,18.4,7.0,7,90,7,0,,31,1.00,5,10,-5,-0.71,-0.59,Matches
2773,Miguel Román,es ESP,MF,Celta Vigo,es La Liga,21,2002,0,,,,,0,,0,0,,4,,,,,,,Matches
2774,Alessandro Romano,ch SUI,MF,Roma,it Serie A,18,2006,0,,,,,0,,0,0,,1,,,,,,,Matches
2775,Carlos Romero,es ESP,"DF,MF",Espanyol,es La Liga,22,2001,34,2554,75,74.7,28.4,28,84,19,6,32,2,1.12,29,39,-10,-0.35,-0.25,Matches
2776,Cristian Romero,ar ARG,DF,Tottenham Hotspur,eng Premier League,26,1998,18,1416,79,41.4,15.7,18,79,13,0,,3,1.11,27,22,+5,+0.32,+0.59,Matches
2777,Elías Romero,es ESP,FW,Las Palmas,es La Liga,20,2004,0,,,,,0,,0,0,,1,,,,,,,Matches
2778,Isaac Romero,es ESP,FW,Sevilla,es La Liga,24,2000,31,2156,70,63.0,24.0,26,78,8,5,27,1,0.97,27,37,-10,-0.42,-0.20,Matches
2779,Luka Romero,ar ARG,"MF,FW",Alavés,es La Liga,19,2004,6,199,33,5.8,2.2,2,58,0,4,21,12,0.83,3,5,-2,-0.90,-0.68,Matches
2780,Oriol Romeu,es ESP,MF,Girona,es La Liga,32,1991,25,1356,54,39.6,15.1,17,70,6,8,21,5,1.20,18,27,-9,-0.60,-0.29,Matches
2781,Valentin Rongier,fr FRA,"MF,DF",Marseille,fr Ligue 1,29,1994,25,1562,62,51.0,17.4,17,80,8,8,26,5,2.24,39,25,+14,+0.81,+0.03,Matches
2782,Marten de Roon,nl NED,"MF,DF",Atalanta,it Serie A,33,1991,36,3058,85,89.4,34.0,34,88,32,2,31,1,1.97,71,32,+39,+1.15,+0.65,Matches
2783,Vitor Roque,br BRA,FW,Real Betis,es La Liga,19,2005,22,1235,56,36.1,13.7,14,74,3,8,24,0,1.45,18,23,-5,-0.36,-0.86,Matches
2784,Pablo Rosario,do DOM,"MF,DF",Nice,fr Ligue 1,27,1997,29,1775,61,58.0,19.7,21,80,14,8,13,0,1.62,35,27,+8,+0.41,-0.79,Matches
2785,Lasse Rosenboom,de GER,MF,Holstein Kiel,de Bundesliga,22,2002,26,1734,67,56.7,19.3,21,77,12,5,25,8,0.88,29,44,-15,-0.78,+0.31,Matches
2786,Max Rosenfelder,de GER,DF,Freiburg,de Bundesliga,21,2003,25,1249,50,40.8,13.9,13,80,7,12,18,2,1.60,20,28,-8,-0.58,-0.78,Matches
2787,Valentin Rosier,fr FRA,DF,Leganés,es La Liga,27,1996,32,2595,81,75.9,28.8,28,89,27,4,26,2,0.75,23,45,-22,-0.76,-1.31,Matches
2788,Francesco Rossi,it ITA,GK,Atalanta,it Serie A,33,1991,0,,,,,0,,0,0,,38,,,,,,,Matches
2789,Tom Rothe,de GER,"MF,DF",Union Berlin,de Bundesliga,19,2004,26,1670,64,54.6,18.6,19,79,10,7,25,4,1.08,24,34,-10,-0.54,-0.15,Matches
2790,Anthony Rouault,fr FRA,DF,Stuttgart,de Bundesliga,23,2001,18,1212,67,39.6,13.5,14,81,9,4,20,0,1.72,21,20,+1,+0.07,-0.41,Matches
2791,Anthony Rouault,fr FRA,DF,Rennes,fr Ligue 1,23,2001,11,972,88,31.8,10.8,11,88,10,0,,0,1.36,20,18,+2,+0.19,+0.23,Matches
2792,Jonas Rouhi,se SWE,DF,Juventus,it Serie A,20,2004,5,210,42,6.1,2.3,1,73,0,4,34,28,2.20,5,3,+2,+0.86,+0.27,Matches
2793,Jérôme Roussillon,gp GLP,DF,Union Berlin,de Bundesliga,31,1993,7,136,19,4.4,1.5,1,61,0,6,13,10,1.14,0,2,-2,-1.32,-0.89,Matches
2794,Nicolò Rovella,it ITA,MF,Lazio,it Serie A,22,2001,33,2718,82,79.5,30.2,31,85,21,2,38,2,1.73,46,41,+5,+0.17,-0.73,Matches
2795,Jonathan Rowe,eng ENG,"MF,FW",Marseille,fr Ligue 1,21,2003,28,807,29,26.4,9.0,6,60,0,22,20,5,1.79,22,15,+7,+0.78,-0.02,Matches
2796,Amir Rrahmani,xk KVX,DF,Napoli,it Serie A,30,1994,38,3406,90,99.6,37.8,38,90,37,0,,0,2.16,59,27,+32,+0.85,+0.85,Matches
2797,Tommaso Rubino,it ITA,FW,Fiorentina,it Serie A,17,2006,1,8,8,0.2,0.1,0,,0,1,8,9,3.00,0,0,0,0.00,-0.50,Matches
2798,John Ruddy,eng ENG,GK,Newcastle United,eng Premier League,37,1986,0,,,,,0,,0,0,,8,,,,,,,Matches
2799,Antonio Rüdiger,de GER,DF,Real Madrid,es La Liga,31,1993,29,2291,79,67.0,25.5,26,87,24,3,14,1,2.21,54,25,+29,+1.14,+0.26,Matches
2800,Matteo Ruggeri,it ITA,"MF,DF",Atalanta,it Serie A,22,2002,30,1751,58,51.2,19.5,19,80,11,11,22,6,2.00,38,22,+16,+0.82,-0.53,Matches
2801,Aitor Ruibal,es ESP,"DF,FW",Real Betis,es La Liga,28,1996,29,1313,45,38.4,14.6,13,75,5,16,21,2,1.66,24,20,+4,+0.27,+0.15,Matches
2802,Abel Ruiz,es ESP,FW,Girona,es La Liga,24,2000,23,1346,59,39.4,15.0,17,70,1,6,26,4,1.09,15,20,-5,-0.33,+0.14,Matches
2803,Ferrán Ruiz,es ESP,DF,Girona,es La Liga,21,2003,1,18,18,0.5,0.2,0,,0,1,18,1,3.00,0,0,0,0.00,+0.42,Matches
2804,Guillermo Ruiz,es ESP,GK,Leganés,es La Liga,20,2003,0,,,,,0,,0,0,,1,,,,,,,Matches
2805,Fabián Ruiz Peña,es ESP,MF,Paris Saint-Germain,fr Ligue 1,28,1996,30,1923,64,62.8,21.4,21,82,13,9,22,2,2.40,56,25,+31,+1.45,-0.61,Matches
2806,Sergio Ruiz,es ESP,FW,Las Palmas,es La Liga,18,2006,0,,,,,0,,0,0,,3,,,,,,,Matches
2807,Gerónimo Rulli,ar ARG,GK,Marseille,fr Ligue 1,32,1992,34,3060,90,100.0,34.0,34,90,34,0,,0,1.91,74,47,+27,+0.79,,Matches
2808,Iñaki Rupérez,es ESP,DF,Real Sociedad,es La Liga,21,2003,0,,,,,0,,0,0,,1,,,,,,,Matches
2809,Carl Rushworth,eng ENG,GK,Brighton,eng Premier League,23,2001,0,,,,,0,,0,0,,14,,,,,,,Matches
2810,Georginio Rutter,fr FRA,"MF,FW",Brighton,eng Premier League,22,2002,28,1656,59,48.4,18.4,19,76,3,9,24,0,1.57,32,29,+3,+0.16,-0.04,Matches
2811,Mathew Ryan,au AUS,GK,Roma,it Serie A,32,1992,0,,,,,0,,0,0,,19,,,,,,,Matches
2812,Mathew Ryan,au AUS,GK,Lens,fr Ligue 1,32,1992,14,1260,90,41.2,14.0,14,90,14,0,,0,1.79,20,17,+3,+0.21,+0.21,Matches
2813,Julian Ryerson,no NOR,"DF,MF",Dortmund,de Bundesliga,26,1997,29,2259,78,73.8,25.1,27,82,12,2,29,0,1.62,53,35,+18,+0.72,+0.49,Matches
2814,Frederik Rønnow,dk DEN,GK,Union Berlin,de Bundesliga,31,1992,28,2520,90,82.4,28.0,28,90,28,0,,0,1.21,31,37,-6,-0.21,+1.45,Matches
2815,José Sá,pt POR,GK,Wolves,eng Premier League,31,1993,29,2609,90,76.3,29.0,29,90,28,0,,4,1.31,42,48,-6,-0.21,+0.79,Matches
2816,Elias Saad,tn TUN,"FW,MF",St Pauli,de Bundesliga,24,1999,18,900,50,29.4,10.0,10,71,1,8,24,2,0.83,7,14,-7,-0.70,-0.45,Matches
2817,Youssouf Sabaly,sn SEN,DF,Real Betis,es La Liga,31,1993,22,1581,72,46.2,17.6,20,77,10,2,23,7,1.68,20,24,-4,-0.23,-0.77,Matches
2818,Emmanuel Sabbi,us USA,"MF,FW",Le Havre,fr Ligue 1,26,1997,15,653,44,21.3,7.3,7,66,1,8,24,1,0.67,4,12,-8,-1.10,-0.24,Matches
2819,Stefano Sabelli,it ITA,"DF,MF",Genoa,it Serie A,31,1993,34,2058,61,60.2,22.9,23,77,10,11,26,4,1.12,25,26,-1,-0.04,+0.68,Matches
2820,Marcel Sabitzer,at AUT,MF,Dortmund,de Bundesliga,30,1994,26,1616,62,52.8,18.0,18,77,9,8,30,1,1.46,32,27,+5,+0.28,-0.66,Matches
2821,Falaye Sacko,ml MLI,DF,Montpellier,fr Ligue 1,29,1995,16,1233,77,40.3,13.7,14,84,10,2,32,12,0.31,8,35,-27,-1.97,-0.54,Matches
2822,Coli Saco,ml MLI,MF,Napoli,it Serie A,22,2002,0,,,,,0,,0,0,,2,,,,,,,Matches
2823,Dominic Sadi,eng ENG,MF,Bournemouth,eng Premier League,20,2003,0,,,,,0,,0,0,,1,,,,,,,Matches
2824,Omar Sadik,ma MAR,FW,Espanyol,es La Liga,20,2004,0,,,,,0,,0,0,,1,,,,,,,Matches
2825,Umar Sadiq,ng NGA,FW,Valencia,es La Liga,27,1997,16,825,52,24.1,9.2,9,71,2,7,26,2,1.69,13,13,0,0.00,+0.35,Matches
2826,Umar Sadiq,ng NGA,FW,Real Sociedad,es La Liga,27,1997,7,227,32,6.6,2.5,2,64,0,5,20,11,1.14,1,2,-1,-0.40,-0.11,Matches
2827,Alexis Saelemaekers,be BEL,"MF,FW",Roma,it Serie A,25,1999,22,1389,63,40.6,15.4,17,74,2,5,27,4,2.05,29,8,+21,+1.36,+1.36,Matches
2828,Alexis Saelemaekers,be BEL,DF,Milan,it Serie A,25,1999,1,90,90,2.6,1.0,1,90,1,0,,1,1.00,2,2,0,0.00,-0.49,Matches
2829,Jorge Sáenz,es ESP,DF,Leganés,es La Liga,27,1996,23,1690,73,49.4,18.8,19,83,14,4,30,12,1.22,14,19,-5,-0.27,+0.36,Matches
2830,Matvei Safonov,ru RUS,GK,Paris Saint-Germain,fr Ligue 1,25,1999,10,879,88,28.7,9.8,9,90,9,1,69,23,2.50,26,9,+17,+1.74,+0.09,Matches
2831,Modibo Sagnan,ml MLI,DF,Montpellier,fr Ligue 1,25,1999,27,2141,79,70.0,23.8,24,85,18,3,34,0,0.56,18,51,-33,-1.39,+0.87,Matches
2832,Souleymane Sagnan,fr FRA,DF,Lens,fr Ligue 1,19,2005,0,,,,,0,,0,0,,1,,,,,,,Matches
2833,Richie Sagrado,be BEL,"MF,DF",Venezia,it Serie A,20,2004,3,140,47,4.1,1.6,3,47,0,0,,17,0.00,1,5,-4,-2.57,-2.02,Matches
2834,Osame Sahraoui,ma MAR,MF,Lille,fr Ligue 1,23,2001,30,1293,43,42.3,14.4,10,73,1,20,28,1,1.77,23,9,+14,+0.97,+0.87,Matches
2835,Wesley Saïd,fr FRA,FW,Lens,fr Ligue 1,29,1995,24,905,38,29.6,10.1,11,67,0,13,13,2,1.50,10,11,-1,-0.10,-0.27,Matches
2836,Théo Sainte-Luce,fr FRA,DF,Montpellier,fr Ligue 1,25,1998,16,1018,64,33.3,11.3,11,79,6,5,30,4,0.50,5,25,-20,-1.77,-0.18,Matches
2837,Bukayo Saka,eng ENG,"FW,MF",Arsenal,eng Premier League,22,2001,25,1729,69,50.6,19.2,20,79,7,5,32,0,1.96,38,21,+17,+0.88,-0.07,Matches
2838,Mathis Saka,fr FRA,FW,Toulouse,fr Ligue 1,17,2006,0,,,,,0,,0,0,,15,,,,,,,Matches
2839,Faik Sakar,de GER,MF,RB Leipzig,de Bundesliga,16,2008,1,1,1,0.0,0.0,0,,0,1,1,3,3.00,0,0,0,0.00,-0.15,Matches
2840,Marco Sala,it ITA,DF,Como,it Serie A,25,1999,8,261,33,7.6,2.9,3,70,1,5,10,8,0.88,2,8,-6,-2.07,-2.15,Matches
2841,Marco Sala,it ITA,"DF,MF",Lecce,it Serie A,25,1999,2,72,36,2.1,0.8,0,,0,2,36,12,0.00,1,0,+1,+1.25,+2.11,Matches
2842,Ibrahim Salah,ma MAR,"MF,FW",Brest,fr Ligue 1,22,2001,12,358,30,11.7,4.0,4,59,1,8,15,7,1.08,5,7,-2,-0.50,-0.34,Matches
2843,Mohamed Salah,eg EGY,MF,Liverpool,eng Premier League,32,1992,38,3371,89,98.6,37.5,38,89,29,0,,0,2.21,85,40,+45,+1.20,+1.20,Matches
2844,Anass Salah-Eddine,ma MAR,MF,Roma,it Serie A,22,2002,3,152,51,4.4,1.7,2,71,0,1,11,12,3.00,3,0,+3,+1.78,+1.28,Matches
2845,Amine Salama,fr FRA,FW,Torino,it Serie A,24,2000,0,,,,,0,,0,0,,4,,,,,,,Matches
2846,Amine Salama,fr FRA,FW,Reims,fr Ligue 1,24,2000,17,373,22,12.2,4.1,2,68,0,15,16,2,1.29,4,7,-3,-0.72,-0.36,Matches
2847,Jan Salas,es ESP,MF,Mallorca,es La Liga,18,2005,4,43,11,1.3,0.5,0,,0,4,11,11,0.50,0,2,-2,-4.19,-4.00,Matches
2848,Kike Salas,es ESP,DF,Sevilla,es La Liga,22,2002,31,2238,72,65.4,24.9,25,87,21,6,11,5,1.10,27,40,-13,-0.52,-0.52,Matches
2849,Iliesse Salhi,fr FRA,MF,Nice,fr Ligue 1,17,2007,0,,,,,0,,0,0,,3,,,,,,,Matches
2850,Manolis Saliakas,gr GRE,MF,St Pauli,de Bundesliga,27,1996,30,2314,77,75.6,25.7,26,85,14,4,28,1,1.07,23,28,-5,-0.19,+0.77,Matches
2851,William Saliba,fr FRA,DF,Arsenal,eng Premier League,23,2001,35,3039,87,88.9,33.8,35,87,32,0,,0,1.97,62,27,+35,+1.04,+1.04,Matches
2852,Mohammed Salisu,gh GHA,DF,Monaco,fr Ligue 1,25,1999,15,1023,68,33.4,11.4,11,90,10,4,9,15,2.13,24,16,+8,+0.70,+0.09,Matches
2853,Roland Sallai,hu HUN,"DF,FW",Freiburg,de Bundesliga,27,1997,2,46,23,1.5,0.5,0,,0,2,23,0,1.50,0,1,-1,-1.96,-1.87,Matches
2854,Yoann Salmier,gf GUF,DF,Le Havre,fr Ligue 1,31,1992,13,797,61,26.0,8.9,9,85,6,4,9,6,0.85,7,18,-11,-1.24,-0.45,Matches
2855,Salvi,es ESP,MF,Espanyol,es La Liga,33,1991,0,,,,,0,,0,0,,11,,,,,,,Matches
2856,Lazar Samardzic,rs SRB,MF,Atalanta,it Serie A,22,2002,31,1169,38,34.2,13.0,7,77,3,24,26,6,1.81,30,13,+17,+1.31,+0.35,Matches
2857,Diadie Samassékou,ml MLI,MF,Hoffenheim,de Bundesliga,28,1996,8,290,36,9.5,3.2,6,47,0,2,4,6,0.88,2,8,-6,-1.86,-1.34,Matches
2858,Mama Samba Baldé,gw GNB,"FW,MF",Lyon,fr Ligue 1,28,1995,2,33,17,1.1,0.4,0,,0,2,17,0,0.00,0,2,-2,-5.45,-6.08,Matches
2859,Mama Samba Baldé,gw GNB,"FW,MF",Brest,fr Ligue 1,28,1995,27,1149,43,37.5,12.8,12,67,0,15,23,0,1.48,21,20,+1,+0.08,+0.46,Matches
2860,Brice Samba,fr FRA,GK,Rennes,fr Ligue 1,30,1994,17,1529,90,50.0,17.0,17,90,16,0,,0,1.24,28,26,+2,+0.12,+0.18,Matches
2861,Brice Samba,fr FRA,GK,Lens,fr Ligue 1,30,1994,15,1350,90,44.1,15.0,15,90,15,0,,0,1.60,19,14,+5,+0.33,+0.44,Matches
2862,Albert Sambi Lokonga,be BEL,MF,Sevilla,es La Liga,24,1999,22,1471,67,43.0,16.3,16,82,8,6,28,2,1.18,14,21,-7,-0.43,-0.15,Matches
2863,Junior Sambia,fr FRA,MF,Empoli,it Serie A,27,1996,17,387,23,11.3,4.3,2,70,0,15,17,18,0.35,1,7,-6,-1.40,-0.80,Matches
2864,Jasper Samooja,fi FIN,GK,Lecce,it Serie A,21,2003,0,,,,,0,,0,0,,38,,,,,,,Matches
2865,Imari Samuels,eng ENG,DF,Brighton,eng Premier League,21,2003,0,,,,,0,,0,0,,2,,,,,,,Matches
2866,Ishé Samuels-Smith,eng ENG,DF,Chelsea,eng Premier League,18,2006,0,,,,,0,,0,0,,2,,,,,,,Matches
2867,Chuky san jose,es ESP,"MF,FW",Valladolid,es La Liga,20,2004,18,728,40,21.3,8.1,9,60,1,9,21,13,0.22,6,30,-24,-2.97,-1.63,Matches
2868,Antonio Sanabria,py PAR,FW,Torino,it Serie A,28,1996,26,1318,51,38.5,14.6,16,73,6,10,16,10,1.12,10,15,-5,-0.34,-0.30,Matches
2869,Oihan Sancet,es ESP,MF,Athletic Club,es La Liga,24,2000,29,1620,56,47.4,18.0,19,69,4,10,31,1,1.93,37,15,+22,+1.22,+1.07,Matches
2870,Alexis Sánchez,cl CHI,FW,Udinese,it Serie A,35,1988,13,437,34,12.8,4.9,6,58,0,7,13,7,1.15,5,6,-1,-0.21,+0.22,Matches
2871,Antonio Sánchez,es ESP,"MF,DF",Mallorca,es La Liga,27,1997,33,1395,42,40.8,15.5,12,77,2,21,23,3,1.39,16,14,+2,+0.13,+0.62,Matches
2872,Iván Sánchez,es ESP,MF,Valladolid,es La Liga,31,1992,32,1404,44,41.1,15.6,11,73,2,21,29,6,0.41,12,39,-27,-1.73,-0.08,Matches
2873,Javi Sánchez,es ESP,DF,Valladolid,es La Liga,27,1997,25,2026,81,59.2,22.5,25,81,19,0,,1,0.60,18,52,-34,-1.51,+0.43,Matches
2874,Juanlu Sánchez,es ESP,"MF,DF",Sevilla,es La Liga,20,2003,32,1722,54,50.4,19.1,18,81,7,14,18,4,1.00,24,33,-9,-0.47,-0.26,Matches
2875,Manu Sánchez,es ESP,DF,Alavés,es La Liga,23,2000,33,2634,80,77.0,29.3,30,85,20,3,24,2,1.15,27,37,-10,-0.34,-0.34,Matches
2876,Robert Sánchez,es ESP,GK,Chelsea,eng Premier League,26,1997,32,2880,90,84.2,32.0,32,90,32,0,,6,1.88,52,34,+18,+0.56,+0.06,Matches
2877,Jadon Sancho,eng ENG,MF,Chelsea,eng Premier League,24,2000,31,1764,57,51.6,19.6,19,76,7,12,27,1,1.84,35,24,+11,+0.56,+0.02,Matches
2878,Philipp Sander,de GER,MF,Gladbach,de Bundesliga,26,1998,27,1400,52,45.8,15.6,16,79,5,11,13,1,1.37,24,24,0,0.00,+0.11,Matches
2879,James Sands,us USA,MF,St Pauli,de Bundesliga,24,2000,7,453,65,14.8,5.0,5,86,4,2,12,0,1.00,5,4,+1,+0.20,+0.68,Matches
2880,Leroy Sané,de GER,MF,Bayern Munich,de Bundesliga,28,1996,30,1637,55,53.5,18.2,17,79,7,13,23,2,2.40,53,21,+32,+1.76,-0.45,Matches
2881,Arouna Sangante,sn SEN,DF,Le Havre,fr Ligue 1,22,2002,16,1244,78,40.7,13.8,16,78,9,0,,2,1.25,17,28,-11,-0.80,+0.20,Matches
2882,Buba Sangaré,es ESP,DF,Roma,it Serie A,16,2007,0,,,,,0,,0,0,,29,,,,,,,Matches
2883,Ibrahim Sangaré,ci CIV,MF,Nottingham Forest,eng Premier League,26,1997,13,590,45,17.3,6.6,7,72,1,6,14,5,1.46,11,6,+5,+0.76,+0.54,Matches
2884,Nhoa Sangui,fr FRA,"DF,MF",Reims,fr Ligue 1,18,2006,26,1158,45,37.8,12.9,10,78,5,16,24,5,0.96,16,21,-5,-0.39,+0.04,Matches
2885,Maroan Sannadi,ma MAR,FW,Athletic Club,es La Liga,23,2001,16,754,47,22.0,8.4,7,75,1,9,25,1,1.81,13,7,+6,+0.72,+0.07,Matches
2886,Kaishu Sano,jp JPN,MF,Mainz 05,de Bundesliga,23,2000,34,3043,90,99.4,33.8,34,90,32,0,,0,1.53,55,43,+12,+0.35,+0.35,Matches
2887,Morgan Sanson,fr FRA,MF,Nice,fr Ligue 1,29,1994,6,235,39,7.7,2.6,3,60,0,3,19,2,1.67,6,2,+4,+1.53,+0.86,Matches
2888,Nicola Sansone,it ITA,"FW,MF",Lecce,it Serie A,32,1991,5,65,13,1.9,0.7,0,,0,5,13,9,0.67,2,1,+1,+1.38,+2.24,Matches
2889,Baptiste Santamaria,fr FRA,MF,Nice,fr Ligue 1,29,1995,13,927,71,30.3,10.3,11,81,5,2,19,2,2.08,19,9,+10,+0.97,+0.34,Matches
2890,Baptiste Santamaria,fr FRA,MF,Rennes,fr Ligue 1,29,1995,10,482,48,15.8,5.4,5,79,3,5,18,7,1.10,5,8,-3,-0.56,-0.70,Matches
2891,Yellu Santiago,es ESP,MF,Getafe,es La Liga,20,2004,19,372,20,10.9,4.1,4,52,0,15,11,16,1.30,4,5,-1,-0.24,-0.12,Matches
2892,Andrey Santos,br BRA,MF,Strasbourg,fr Ligue 1,20,2004,32,2855,89,93.3,31.7,32,89,30,0,,0,1.72,55,42,+13,+0.41,+0.85,Matches
2893,Danilo Santos,br BRA,MF,Nottingham Forest,eng Premier League,23,2001,8,275,34,8.0,3.1,5,47,0,3,13,6,2.13,8,4,+4,+1.31,+1.08,Matches
2894,Kauã Santos,br BRA,GK,Eintracht Frankfurt,de Bundesliga,21,2003,9,765,85,25.0,8.5,8,90,8,1,45,20,2.11,18,12,+6,+0.71,+0.08,Matches
2895,Tiago Santos,pt POR,"DF,MF",Lille,fr Ligue 1,22,2002,7,404,58,13.2,4.5,4,81,1,3,27,0,1.86,10,3,+7,+1.56,+1.25,Matches
2896,Pablo Sarabia,es ESP,MF,Wolves,eng Premier League,32,1992,23,814,35,23.8,9.0,7,63,0,16,23,7,1.25,14,19,-5,-0.55,-0.21,Matches
2897,Alejo Sarco,ar ARG,FW,Leverkusen,de Bundesliga,18,2006,0,,,,,0,,0,0,,5,,,,,,,Matches
2898,Jeremy Sarmiento,ec ECU,MF,Brighton,eng Premier League,22,2002,1,9,9,0.3,0.1,0,,0,1,9,0,3.00,1,0,+1,+10.00,+9.84,Matches
2899,Amin Sarr,se SWE,FW,Hellas Verona,it Serie A,23,2001,32,1907,60,55.8,21.2,25,71,3,7,20,4,0.88,14,35,-21,-0.99,-0.34,Matches
2900,Ismaila Sarr,sn SEN,MF,Crystal Palace,eng Premier League,26,1998,38,2711,71,79.3,30.1,30,84,13,8,22,0,1.39,42,39,+3,+0.10,+0.48,Matches
2901,Malang Sarr,fr FRA,DF,Lens,fr Ligue 1,25,1999,21,1385,66,45.3,15.4,15,86,13,6,17,13,1.33,16,24,-8,-0.52,-1.11,Matches
2902,Mamadou Sarr,sn SEN,DF,Strasbourg,fr Ligue 1,18,2005,27,2365,88,77.3,26.3,27,88,24,0,,2,1.85,43,28,+15,+0.57,+0.96,Matches
2903,Martin Satriano,uy URU,FW,Lens,fr Ligue 1,23,2001,7,88,13,2.9,1.0,0,,0,7,13,0,1.86,2,1,+1,+1.02,+0.96,Matches
2904,Razvan Sava,ro ROU,GK,Udinese,it Serie A,22,2002,12,1080,90,31.6,12.0,12,90,12,0,,19,1.58,17,16,+1,+0.08,+0.70,Matches
2905,Téji Savanier,fr FRA,MF,Montpellier,fr Ligue 1,32,1991,31,2363,76,77.2,26.3,27,85,19,4,20,1,0.42,17,61,-44,-1.68,-0.13,Matches
2906,Sávio,br BRA,"MF,FW",Manchester City,eng Premier League,20,2004,29,1766,61,51.6,19.6,21,79,7,8,13,7,1.69,32,25,+7,+0.36,-0.79,Matches
2907,Nicolò Savona,it ITA,DF,Juventus,it Serie A,21,2003,28,1724,62,50.4,19.2,19,80,9,9,23,5,1.89,30,13,+17,+0.89,+0.57,Matches
2908,Saba Sazonov,ge GEO,DF,Torino,it Serie A,22,2002,1,3,3,0.1,0.0,0,,0,1,3,1,1.00,0,2,-2,-60.00,-59.89,Matches
2909,Saba Sazonov,ge GEO,DF,Empoli,it Serie A,22,2002,0,,,,,0,,0,0,,2,,,,,,,Matches
2910,Roberto Scaglione,it ITA,MF,Genoa,it Serie A,14,2010,0,,,,,0,,0,0,,2,,,,,,,Matches
2911,Joe Scally,us USA,DF,Gladbach,de Bundesliga,21,2002,32,2578,81,84.2,28.6,30,84,19,2,35,1,1.41,51,47,+4,+0.14,+1.26,Matches
2912,Giorgio Scalvini,it ITA,DF,Atalanta,it Serie A,20,2003,6,272,45,8.0,3.0,4,66,0,2,5,2,1.83,4,5,-1,-0.33,-1.53,Matches
2913,Gianluca Scamacca,it ITA,FW,Atalanta,it Serie A,25,1999,1,6,6,0.2,0.1,0,,0,1,6,0,1.00,0,0,0,0.00,-1.08,Matches
2914,Endris Scaramelli,it ITA,MF,Monza,it Serie A,17,2006,0,,,,,0,,0,0,,1,,,,,,,Matches
2915,Oliver Scarles,eng ENG,"MF,DF",West Ham United,eng Premier League,18,2005,15,665,44,19.4,7.4,7,70,2,8,22,6,1.13,6,9,-3,-0.41,+0.02,Matches
2916,Dane Scarlett,eng ENG,FW,Tottenham Hotspur,eng Premier League,20,2004,3,34,11,1.0,0.4,0,,0,3,11,3,2.00,3,1,+2,+5.29,+5.37,Matches
2917,Kevin Schade,de GER,"MF,FW",Brentford,eng Premier League,22,2001,38,2293,60,67.0,25.5,26,79,6,12,21,0,1.47,45,34,+11,+0.43,+0.59,Matches
2918,András Schäfer,hu HUN,MF,Union Berlin,de Bundesliga,25,1999,26,1534,59,50.1,17.0,17,78,4,9,23,7,1.27,18,26,-8,-0.47,0.00,Matches
2919,Fabian Schär,ch SUI,DF,Newcastle United,eng Premier League,32,1991,34,2934,86,85.8,32.6,33,88,29,1,45,0,1.65,58,42,+16,+0.49,-0.44,Matches
2920,Patrik Schick,cz CZE,FW,Leverkusen,de Bundesliga,28,1996,31,1684,54,55.0,18.7,19,77,8,12,18,2,2.00,47,27,+20,+1.07,+0.48,Matches
2921,Stefan Schimmer,de GER,FW,Heidenheim,de Bundesliga,30,1994,13,247,19,8.1,2.7,0,,0,13,19,6,0.23,1,6,-5,-1.82,-1.12,Matches
2922,Joël Schingtienne,be BEL,DF,Venezia,it Serie A,21,2002,16,1122,70,32.8,12.5,12,85,9,4,25,16,0.75,10,20,-10,-0.80,-0.25,Matches
2923,Xaver Schlager,at AUT,MF,RB Leipzig,de Bundesliga,26,1997,4,181,45,5.9,2.0,2,70,0,2,21,1,1.50,5,5,0,0.00,-0.16,Matches
2924,Keven Schlotterbeck,de GER,DF,Augsburg,de Bundesliga,27,1997,18,1297,72,42.4,14.4,15,81,11,3,28,10,1.28,20,24,-4,-0.28,+0.34,Matches
2925,Nico Schlotterbeck,de GER,DF,Dortmund,de Bundesliga,24,1999,23,1982,86,64.8,22.0,23,86,21,0,,0,1.39,37,32,+5,+0.23,-1.03,Matches
2926,Jeffrey Schlupp,gh GHA,"DF,FW",Crystal Palace,eng Premier League,31,1992,12,103,9,3.0,1.1,0,,0,12,9,12,0.75,2,3,-1,-0.87,-0.90,Matches
2927,Mick Schmetgens,de GER,MF,Werder Bremen,de Bundesliga,16,2007,0,,,,,0,,0,0,,1,,,,,,,Matches
2928,Romano Schmid,at AUT,MF,Werder Bremen,de Bundesliga,24,2000,32,2834,89,92.6,31.5,32,89,20,0,,0,1.59,51,50,+1,+0.03,+1.62,Matches
2929,Kenneth Schmidt,de GER,DF,Freiburg,de Bundesliga,22,2002,0,,,,,0,,0,0,,1,,,,,,,Matches
2930,Niklas Schmidt,de GER,MF,Toulouse,fr Ligue 1,26,1998,9,205,23,6.7,2.3,2,59,0,7,13,5,1.56,2,3,-1,-0.44,-0.50,Matches
2931,Max Schmitt,de GER,GK,Bayern Munich,de Bundesliga,18,2006,0,,,,,0,,0,0,,2,,,,,,,Matches
2932,Marvin Schmitz,de GER,MF,St Pauli,de Bundesliga,17,2007,0,,,,,0,,0,0,,9,,,,,,,Matches
2933,Jan Schöppner,de GER,MF,Heidenheim,de Bundesliga,25,1999,33,2681,81,87.6,29.8,32,83,22,1,20,0,0.88,35,51,-16,-0.54,+2.08,Matches
2934,Marvin Schulz,de GER,"DF,MF",Holstein Kiel,de Bundesliga,29,1995,12,306,26,10.0,3.4,3,62,0,9,13,12,0.92,2,11,-9,-2.65,-1.93,Matches
2935,Alexander Schwolow,de GER,GK,Union Berlin,de Bundesliga,32,1992,6,540,90,17.6,6.0,6,90,6,0,,26,1.00,5,13,-8,-1.33,-1.05,Matches
2936,Léo Scienza,br BRA,"MF,FW",Heidenheim,de Bundesliga,25,1998,25,1153,46,37.7,12.8,13,61,2,12,30,6,0.60,14,26,-12,-0.94,-0.23,Matches
2937,Alex Scott,eng ENG,MF,Bournemouth,eng Premier League,20,2003,20,755,38,22.1,8.4,8,59,0,12,24,1,1.35,10,8,+2,+0.24,-0.10,Matches
2938,Elijah Scott,de GER,DF,Lecce,it Serie A,18,2006,0,,,,,0,,0,0,,1,,,,,,,Matches
2939,Simone Scuffet,it ITA,GK,Cagliari,it Serie A,28,1996,13,1170,90,34.2,13.0,13,90,13,0,,6,0.92,11,23,-12,-0.92,-0.76,Matches
2940,Simone Scuffet,it ITA,GK,Napoli,it Serie A,28,1996,1,90,90,2.6,1.0,1,90,1,0,,18,1.00,1,1,0,0.00,-0.86,Matches
2941,Jérémy Sebas,mq MTQ,MF,Strasbourg,fr Ligue 1,21,2003,13,190,15,6.2,2.1,1,59,0,12,11,2,1.15,3,2,+1,+0.47,+0.13,Matches
2942,Aleksandar Sedlar,rs SRB,DF,Alavés,es La Liga,32,1991,9,594,66,17.4,6.6,7,82,4,2,9,25,1.11,9,8,+1,+0.15,+0.50,Matches
2943,Jacopo Seghetti,it ITA,GK,Empoli,it Serie A,19,2005,1,90,90,2.6,1.0,1,90,1,0,,37,0.00,1,3,-2,-2.00,-1.35,Matches
2944,Ronny Seibt,de GER,GK,St Pauli,de Bundesliga,19,2005,0,,,,,0,,0,0,,1,,,,,,,Matches
2945,Alidu Seidu,gh GHA,DF,Rennes,fr Ligue 1,24,2000,11,803,73,26.2,8.9,10,78,5,1,27,0,1.00,11,10,+1,+0.11,+0.11,Matches
2946,Nicolas Seiwald,at AUT,"MF,DF",RB Leipzig,de Bundesliga,23,2001,30,2084,69,68.1,23.2,20,86,15,10,37,2,1.47,38,36,+2,+0.09,-0.19,Matches
2947,Hiroki Sekine,jp JPN,DF,Reims,fr Ligue 1,21,2002,15,887,59,29.0,9.9,9,88,8,6,17,1,0.80,4,13,-9,-0.91,-0.71,Matches
2948,Matz Sels,be BEL,GK,Nottingham Forest,eng Premier League,32,1992,38,3420,90,100.0,38.0,38,90,38,0,,0,1.71,58,46,+12,+0.32,,Matches
2949,Egil Selvik,no NOR,GK,Udinese,it Serie A,27,1997,0,,,,,0,,0,0,,2,,,,,,,Matches
2950,Nélson Semedo,pt POR,"MF,DF",Wolves,eng Premier League,30,1993,34,2886,85,84.4,32.1,32,88,21,2,34,0,1.24,48,49,-1,-0.03,+2.33,Matches
2951,Antoine Semenyo,gh GHA,MF,Bournemouth,eng Premier League,24,2000,37,3203,87,93.7,35.6,36,88,28,1,26,0,1.43,53,41,+12,+0.34,+0.34,Matches
2952,Marvin Senaya,gh GHA,DF,Strasbourg,fr Ligue 1,23,2001,10,227,23,7.4,2.5,1,45,0,9,20,7,1.50,2,6,-4,-1.59,-2.09,Matches
2953,Marcos Senesi,ar ARG,DF,Bournemouth,eng Premier League,27,1997,17,1106,65,32.3,12.3,13,80,7,4,17,4,1.47,19,17,+2,+0.16,-0.23,Matches
2954,Stefano Sensi,it ITA,MF,Monza,it Serie A,28,1995,12,274,23,8.0,3.0,2,56,0,10,16,10,0.25,4,7,-3,-0.99,+0.10,Matches
2955,Suat Serdar,de GER,MF,Hellas Verona,it Serie A,27,1997,22,1376,63,40.2,15.3,16,75,7,6,29,0,0.95,12,29,-17,-1.11,-0.45,Matches
2956,Sergi,es ESP,DF,Leganés,es La Liga,32,1992,36,2957,82,86.5,32.9,33,87,27,3,29,1,1.03,34,48,-14,-0.43,+0.16,Matches
2957,Javier Serrano,es ESP,MF,Atlético Madrid,es La Liga,21,2003,0,,,,,0,,0,0,,4,,,,,,,Matches
2958,Nicolás Serrano,es ESP,MF,Athletic Club,es La Liga,21,2003,4,112,28,3.3,1.2,1,79,0,3,11,14,2.00,0,2,-2,-1.61,-2.34,Matches
2959,Llorenç Serred,es ESP,GK,Espanyol,es La Liga,18,2005,0,,,,,0,,0,0,,1,,,,,,,Matches
2960,Benjamin Šeško,si SVN,"FW,MF",RB Leipzig,de Bundesliga,21,2003,33,2380,72,77.8,26.4,30,78,9,3,18,0,1.52,41,34,+7,+0.26,+0.53,Matches
2961,Ryan Sessegnon,eng ENG,"MF,DF",Fulham,eng Premier League,24,2000,16,580,36,17.0,6.4,7,73,1,9,7,16,1.56,13,10,+3,+0.47,+0.56,Matches
2962,Tommy Setford,eng ENG,GK,Arsenal,eng Premier League,18,2006,0,,,,,0,,0,0,,3,,,,,,,Matches
2963,Stephan El Shaarawy,it ITA,"MF,FW",Roma,it Serie A,31,1992,31,1098,35,32.1,12.2,12,64,3,19,17,5,1.90,25,9,+16,+1.31,+1.12,Matches
2964,Leo Shahar,eng ENG,DF,Newcastle United,eng Premier League,17,2007,0,,,,,0,,0,0,,1,,,,,,,Matches
2965,Luke Shaw,eng ENG,DF,Manchester Utd,eng Premier League,29,1995,7,349,50,10.2,3.9,4,67,1,3,28,1,0.71,3,5,-2,-0.52,-0.28,Matches
2966,Martin Sherif,nl NED,FW,Everton,eng Premier League,18,2006,0,,,,,0,,0,0,,7,,,,,,,Matches
2967,Alen Sherri,al ALB,GK,Cagliari,it Serie A,26,1997,7,621,89,18.2,6.9,7,89,6,0,,31,0.71,7,11,-4,-0.58,-0.19,Matches
2968,Eldor Shomurodov,uz UZB,FW,Roma,it Serie A,29,1995,27,1097,41,32.1,12.2,11,72,1,16,19,10,2.04,20,10,+10,+0.82,+0.39,Matches
2969,Steven Shpendi,al ALB,FW,Empoli,it Serie A,21,2003,0,,,,,0,,0,0,,2,,,,,,,Matches
2970,Djibril Sidibé,fr FRA,DF,Toulouse,fr Ligue 1,32,1992,28,2101,75,68.7,23.3,24,86,16,4,12,0,1.39,35,28,+7,+0.30,+0.86,Matches
2971,Armindo Sieb,de GER,"MF,FW",Mainz 05,de Bundesliga,21,2003,27,762,28,24.9,8.5,5,55,0,22,22,7,1.56,15,10,+5,+0.59,+0.32,Matches
2972,Benjamin Siegrist,ch SUI,GK,Genoa,it Serie A,32,1992,2,152,76,4.4,1.7,2,76,1,0,,14,2.00,5,2,+3,+1.78,+2.19,Matches
2973,Ismael Sierra,es ESP,DF,Osasuna,es La Liga,21,2003,0,,,,,0,,0,0,,1,,,,,,,Matches
2974,Vincent Sierro,ch SUI,MF,Toulouse,fr Ligue 1,28,1995,29,2402,83,78.5,26.7,27,86,18,2,38,0,1.28,38,36,+2,+0.07,+0.21,Matches
2975,Tim Siersleben,de GER,DF,Heidenheim,de Bundesliga,24,2000,16,1182,74,38.6,13.1,14,82,10,2,14,18,1.13,11,22,-11,-0.84,-0.07,Matches
2976,Zain Silcott-Duberry,ms MSR,MF,Bournemouth,eng Premier League,19,2005,1,1,1,0.0,0.0,0,,0,1,1,7,3.00,0,0,0,0.00,-0.32,Matches
2977,Kiliann Sildillia,fr FRA,DF,Freiburg,de Bundesliga,22,2002,21,801,38,26.2,8.9,8,85,6,13,9,8,1.95,11,10,+1,+0.11,+0.31,Matches
2978,Amil Siljević,de GER,GK,Eintracht Frankfurt,de Bundesliga,17,2007,0,,,,,0,,0,0,,1,,,,,,,Matches
2979,André Silva,pt POR,FW,Werder Bremen,de Bundesliga,28,1995,7,375,54,12.3,4.2,4,71,0,3,30,7,0.86,4,12,-8,-1.92,-2.09,Matches
2980,André Silva,pt POR,FW,RB Leipzig,de Bundesliga,28,1995,8,132,17,4.3,1.5,0,,0,8,17,9,1.63,4,5,-1,-0.68,-0.87,Matches
2981,Bernardo Silva,pt POR,MF,Manchester City,eng Premier League,29,1994,33,2670,81,78.1,29.7,29,90,28,4,15,5,1.79,49,36,+13,+0.44,-1.36,Matches
2982,Caio Henrique Oliveira Silva,br BRA,DF,Monaco,fr Ligue 1,27,1997,27,1929,71,63.0,21.4,21,84,11,6,28,6,1.70,39,23,+16,+0.75,+0.27,Matches
2983,Fábio Silva,pt POR,FW,Las Palmas,es La Liga,22,2002,24,1866,78,54.6,20.7,22,82,9,2,37,0,1.21,27,33,-6,-0.29,+0.58,Matches
2984,Jota Silva,pt POR,MF,Nottingham Forest,eng Premier League,24,1999,31,854,28,25.0,9.5,5,68,0,26,20,6,1.71,16,16,0,0.00,-0.42,Matches
2985,Eric da Silva Moreira,de GER,DF,Nottingham Forest,eng Premier League,18,2006,2,30,15,0.9,0.3,0,,0,2,15,7,1.50,0,0,0,0.00,-0.32,Matches
2986,Rui Silva,pt POR,GK,Real Betis,es La Liga,30,1994,15,1350,90,39.5,15.0,15,90,15,0,,0,1.33,16,18,-2,-0.13,-0.52,Matches
2987,Marco Silvestri,it ITA,GK,Udinese,it Serie A,33,1991,0,,,,,0,,0,0,,2,,,,,,,Matches
2988,Marco Silvestri,it ITA,GK,Empoli,it Serie A,33,1991,5,450,90,13.2,5.0,5,90,5,0,,10,0.20,1,11,-10,-2.00,-1.52,Matches
2989,Abdallah Sima,sn SEN,"FW,MF",Brest,fr Ligue 1,23,2001,27,1238,46,40.5,13.8,14,66,1,13,24,1,1.44,21,30,-9,-0.65,-0.75,Matches
2990,Mohamed Simakan,fr FRA,DF,RB Leipzig,de Bundesliga,24,2000,1,54,54,1.8,0.6,1,54,0,0,,0,3.00,0,0,0,0.00,-0.15,Matches
2991,Giovanni Simeone,ar ARG,FW,Napoli,it Serie A,29,1995,30,419,14,12.3,4.7,1,78,0,29,12,8,2.20,6,5,+1,+0.21,-0.71,Matches
2992,Giuliano Simeone,ar ARG,MF,Atlético Madrid,es La Liga,21,2002,33,1926,58,56.3,21.4,26,68,3,7,22,5,2.09,44,18,+26,+1.21,+0.49,Matches
2993,Freddie Simmonds,eng ENG,DF,Brighton,eng Premier League,16,2008,0,,,,,0,,0,0,,1,,,,,,,Matches
2994,Moses Simon,ng NGA,"FW,MF",Nantes,fr Ligue 1,29,1995,32,2609,82,85.3,29.0,31,83,13,1,21,0,1.09,34,40,-6,-0.21,+1.19,Matches
2995,Unai Simón,es ESP,GK,Athletic Club,es La Liga,27,1997,21,1890,90,55.3,21.0,21,90,21,0,,4,1.81,28,14,+14,+0.67,+0.02,Matches
2996,Xavi Simons,nl NED,MF,RB Leipzig,de Bundesliga,21,2003,25,2150,86,70.3,23.9,25,86,18,0,,0,1.60,38,28,+10,+0.42,+0.91,Matches
2997,Jahmai Simpson-Pusey,eng ENG,DF,Manchester City,eng Premier League,18,2005,2,96,48,2.8,1.1,1,90,1,1,6,8,0.50,1,2,-1,-0.94,-1.72,Matches
2998,Danel Sinani,lu LUX,"FW,MF",St Pauli,de Bundesliga,27,1997,26,1250,48,40.8,13.9,14,81,1,12,10,7,0.96,10,18,-8,-0.58,-0.33,Matches
2999,Lassine Sinayoko,ml MLI,"FW,MF",Auxerre,fr Ligue 1,24,1999,34,2299,68,75.1,25.5,25,82,9,9,28,0,1.24,39,42,-3,-0.12,-0.12,Matches
3000,Wilfried Singo,ci CIV,DF,Monaco,fr Ligue 1,23,2000,27,2096,78,68.5,23.3,23,90,23,4,7,1,1.70,35,29,+6,+0.26,-1.24,Matches
3001,Luis Sinisterra,co COL,MF,Bournemouth,eng Premier League,25,1999,12,236,20,6.9,2.6,1,62,0,11,16,1,1.25,5,4,+1,+0.38,+0.07,Matches
3002,Daley Sinkgraven,nl NED,DF,Las Palmas,es La Liga,29,1995,2,91,46,2.7,1.0,1,45,0,1,46,3,0.50,1,2,-1,-0.99,-0.45,Matches
3003,Tobias Sippel,de GER,GK,Gladbach,de Bundesliga,36,1988,1,59,59,1.9,0.7,0,,0,1,59,14,0.00,0,3,-3,-4.58,-4.61,Matches
3004,Jailson Siqueira,br BRA,DF,Celta Vigo,es La Liga,28,1995,13,614,47,18.0,6.8,6,80,3,7,19,10,1.77,15,14,+1,+0.15,+0.11,Matches
3005,Ayanda Sishuba,be BEL,MF,Hellas Verona,it Serie A,19,2005,0,,,,,0,,0,0,,14,,,,,,,Matches
3006,Ayanda Sishuba,be BEL,MF,Rennes,fr Ligue 1,19,2005,1,3,3,0.1,0.0,0,,0,1,3,4,3.00,0,0,0,0.00,-0.03,Matches
3007,Ibrahim Sissoko,ml MLI,FW,Saint-Étienne,fr Ligue 1,28,1995,20,819,41,26.8,9.1,8,79,1,12,16,4,1.00,6,19,-13,-1.43,-0.42,Matches
3008,Ibrahima Sissoko,ml MLI,MF,Bochum,de Bundesliga,26,1997,32,2610,82,85.3,29.0,30,85,15,2,36,0,0.72,27,57,-30,-1.03,-0.23,Matches
3009,Niama Sissoko,ml MLI,FW,Reims,fr Ligue 1,18,2005,4,47,12,1.5,0.5,0,,0,4,12,9,0.00,1,2,-1,-1.91,-1.53,Matches
3010,Antonio Sivera,es ESP,GK,Alavés,es La Liga,27,1996,32,2810,88,82.2,31.2,32,88,30,0,,0,1.16,31,39,-8,-0.26,+0.04,Matches
3011,Telli Siwe,fr FRA,DF,Auxerre,fr Ligue 1,19,2004,0,,,,,0,,0,0,,3,,,,,,,Matches
3012,Tim Skarke,de GER,"FW,MF",Union Berlin,de Bundesliga,27,1996,33,1164,35,38.0,12.9,11,58,0,22,24,1,1.21,12,19,-7,-0.54,-0.11,Matches
3013,Ellyes Skhiri,tn TUN,MF,Eintracht Frankfurt,de Bundesliga,29,1995,30,2231,74,72.9,24.8,26,83,18,4,18,2,1.87,50,32,+18,+0.73,+0.29,Matches
3014,Oliver Skipp,eng ENG,MF,Leicester City,eng Premier League,23,2000,24,1129,47,33.0,12.5,10,74,3,14,28,11,0.79,12,26,-14,-1.12,+0.18,Matches
3015,Leo Skiri Østigård,no NOR,DF,Hoffenheim,de Bundesliga,24,1999,11,927,84,30.3,10.3,11,84,10,0,,0,0.91,15,22,-7,-0.68,-0.05,Matches
3016,Leo Skiri Østigård,no NOR,DF,Rennes,fr Ligue 1,24,1999,16,1227,77,40.1,13.6,14,86,12,2,9,2,0.81,18,25,-7,-0.51,-0.91,Matches
3017,Łukasz Skorupski,pl POL,GK,Bologna,it Serie A,33,1991,27,2364,88,69.1,26.3,27,88,26,0,,8,1.67,44,33,+11,+0.42,+0.50,Matches
3018,Andreas Skov Olsen,dk DEN,"MF,FW",Wolfsburg,de Bundesliga,24,1999,12,535,45,17.5,5.9,4,75,1,8,29,4,1.17,9,9,0,0.00,-0.07,Matches
3019,Robert Skov,dk DEN,"MF,DF",Union Berlin,de Bundesliga,28,1996,15,852,57,27.8,9.5,11,71,2,4,18,5,0.80,12,14,-2,-0.21,+0.36,Matches
3020,Milan Škriniar,sk SVK,DF,Paris Saint-Germain,fr Ligue 1,29,1995,5,382,76,12.5,4.2,4,90,4,1,22,9,3.00,14,6,+8,+1.88,+0.24,Matches
3021,Steven Skrzybski,de GER,"FW,MF",Holstein Kiel,de Bundesliga,31,1992,24,1323,55,43.2,14.7,15,69,3,9,32,0,0.79,23,28,-5,-0.34,+1.01,Matches
3022,Naatan Skyttä,fi FIN,MF,Toulouse,fr Ligue 1,22,2002,1,5,5,0.2,0.1,0,,0,1,5,1,1.00,0,0,0,0.00,-0.03,Matches
3023,Wassim Slama,tn TUN,MF,Paris Saint-Germain,fr Ligue 1,15,2008,0,,,,,0,,0,0,,1,,,,,,,Matches
3024,Jacob Slater,ie IRL,DF,Brighton,eng Premier League,19,2004,0,,,,,0,,0,0,,3,,,,,,,Matches
3025,Cieran Slicker,sct SCO,GK,Ipswich Town,eng Premier League,21,2002,0,,,,,0,,0,0,,4,,,,,,,Matches
3026,Tobias Slotsager,dk DEN,DF,Hellas Verona,it Serie A,18,2006,0,,,,,0,,0,0,,12,,,,,,,Matches
3027,William Smallbone,ie IRL,MF,Southampton,eng Premier League,24,2000,18,690,38,20.2,7.7,6,72,2,12,21,2,0.22,4,22,-18,-2.35,-0.96,Matches
3028,Chris Smalling,eng ENG,DF,Roma,it Serie A,34,1989,0,,,,,0,,0,0,,3,,,,,,,Matches
3029,Adam Smith,eng ENG,DF,Bournemouth,eng Premier League,33,1991,25,1590,64,46.5,17.7,19,75,7,6,28,1,1.48,25,18,+7,+0.40,+0.15,Matches
3030,Eric Smith,se SWE,"DF,MF",St Pauli,de Bundesliga,27,1997,32,2827,88,92.4,31.4,32,88,30,0,,0,0.81,24,41,-17,-0.54,-2.09,Matches
3031,Justin Smith,ca CAN,MF,Espanyol,es La Liga,21,2003,5,209,42,6.1,2.3,3,58,0,2,17,3,1.00,4,2,+2,+0.86,+1.23,Matches
3032,Emile Smith Rowe,eng ENG,MF,Fulham,eng Premier League,24,2000,34,2043,60,59.7,22.7,25,73,0,9,24,0,1.38,29,28,+1,+0.04,+0.11,Matches
3033,Ivan Smolčić,hr CRO,DF,Como,it Serie A,23,2000,9,630,70,18.4,7.0,7,85,6,2,18,6,1.44,8,8,0,0.00,+0.10,Matches
3034,Eduard Sobol,ua UKR,"DF,MF",Strasbourg,fr Ligue 1,29,1995,10,95,10,3.1,1.1,0,,0,10,10,20,2.80,3,1,+2,+1.89,+1.59,Matches
3035,Simon Sohm,ch SUI,MF,Parma,it Serie A,23,2001,37,2989,81,87.4,33.2,36,82,24,1,30,0,0.95,35,51,-16,-0.48,-0.90,Matches
3036,Alex Sola,es ESP,MF,Getafe,es La Liga,25,1999,19,1029,54,30.1,11.4,13,68,0,6,25,16,1.05,5,10,-5,-0.44,-0.44,Matches
3037,Arnau Solà,es ESP,DF,Villarreal,es La Liga,21,2003,1,13,13,0.4,0.1,0,,0,1,13,10,3.00,0,0,0,0.00,-0.53,Matches
3038,Dominic Solanke,eng ENG,FW,Tottenham Hotspur,eng Premier League,26,1997,27,2201,82,64.4,24.5,25,86,18,2,21,1,0.89,45,43,+2,+0.08,+0.30,Matches
3039,Ola Solbakken,no NOR,"MF,FW",Empoli,it Serie A,25,1998,21,760,36,22.2,8.4,8,63,0,13,20,1,1.14,8,10,-2,-0.24,+0.58,Matches
3040,Carlos Soler,es ESP,MF,West Ham United,eng Premier League,27,1997,31,1409,45,41.2,15.7,14,67,1,17,28,2,1.16,16,25,-9,-0.57,-0.26,Matches
3041,Carlos Soler,es ESP,MF,Paris Saint-Germain,fr Ligue 1,27,1997,0,,,,,0,,0,0,,1,,,,,,,Matches
3042,Julio Soler,ar ARG,DF,Bournemouth,eng Premier League,19,2005,3,11,4,0.3,0.1,0,,0,3,4,10,2.00,1,1,0,0.00,-0.32,Matches
3043,Oumar Solet,fr FRA,DF,Udinese,it Serie A,24,2000,19,1672,88,48.9,18.6,19,88,17,0,,0,1.05,17,24,-7,-0.38,+0.04,Matches
3044,Jhon Solis,co COL,MF,Girona,es La Liga,19,2004,19,535,28,15.6,5.9,3,76,1,16,19,13,0.95,9,18,-9,-1.51,-1.30,Matches
3045,Hugo Solozabal,es ESP,MF,Leganés,es La Liga,21,2003,0,,,,,0,,0,0,,2,,,,,,,Matches
3046,Daniele Sommariva,it ITA,GK,Genoa,it Serie A,27,1997,1,28,28,0.8,0.3,0,,0,1,28,37,3.00,0,1,-1,-3.21,-2.92,Matches
3047,Yann Sommer,ch SUI,GK,Inter,it Serie A,35,1988,33,2970,90,86.8,33.0,33,90,33,0,,3,2.06,71,32,+39,+1.18,+0.18,Matches
3048,David Soria,es ESP,GK,Getafe,es La Liga,31,1993,38,3420,90,100.0,38.0,38,90,38,0,,0,1.11,34,39,-5,-0.13,,Matches
3049,Juan Soriano,es ESP,GK,Leganés,es La Liga,26,1997,6,540,90,15.8,6.0,6,90,6,0,,30,0.86,4,8,-4,-0.67,-0.26,Matches
3050,Alessandro Sorrentino,it ITA,GK,Monza,it Serie A,22,2002,0,,,,,0,,0,0,,1,,,,,,,Matches
3051,Borna Sosa,hr CRO,"MF,DF",Torino,it Serie A,26,1998,19,1181,62,34.5,13.1,14,76,4,5,22,9,1.21,13,15,-2,-0.15,+0.01,Matches
3052,Ramón Sosa,py PAR,MF,Nottingham Forest,eng Premier League,24,1999,19,295,16,8.6,3.3,1,67,0,18,13,13,1.58,3,5,-2,-0.61,-1.01,Matches
3053,Hugo Sotelo,es ESP,MF,Celta Vigo,es La Liga,20,2003,24,1254,52,36.7,13.9,15,76,4,9,13,12,1.17,21,20,+1,+0.07,+0.03,Matches
3054,Florian Sotoca,fr FRA,"FW,MF",Lens,fr Ligue 1,33,1990,31,1794,58,58.6,19.9,22,74,7,9,20,0,1.45,18,21,-3,-0.15,-0.58,Matches
3055,Riccardo Sottil,it ITA,MF,Fiorentina,it Serie A,25,1999,18,833,46,24.4,9.3,8,77,2,10,22,4,1.61,13,12,+1,+0.11,-0.52,Matches
3056,Riccardo Sottil,it ITA,MF,Milan,it Serie A,25,1999,6,123,21,3.6,1.4,1,45,0,5,16,8,1.50,4,2,+2,+1.46,+1.03,Matches
3057,Tomáš Souček,cz CZE,MF,West Ham United,eng Premier League,29,1995,35,2567,73,75.1,28.5,30,81,20,5,27,1,1.23,38,44,-6,-0.21,+0.84,Matches
3058,Matìas Soulé,ar ARG,MF,Roma,it Serie A,21,2003,27,1781,66,52.1,19.8,22,79,6,5,10,10,1.78,23,17,+6,+0.30,-0.52,Matches
3059,Boubakary Soumaré,fr FRA,MF,Leicester City,eng Premier League,25,1999,31,2171,70,63.5,24.1,25,83,19,6,15,4,0.65,17,52,-35,-1.45,-0.59,Matches
3060,Issa Soumaré,sn SEN,"MF,FW",Le Havre,fr Ligue 1,23,2000,29,1902,66,62.2,21.1,21,82,12,8,23,1,1.07,28,39,-11,-0.52,+1.03,Matches
3061,Djibril Sow,ch SUI,MF,Sevilla,es La Liga,27,1997,30,2062,69,60.3,22.9,24,81,9,6,18,1,1.00,22,28,-6,-0.26,+0.20,Matches
3062,Saidou Sow,gn GUI,DF,Strasbourg,fr Ligue 1,22,2002,12,1018,85,33.3,11.3,11,88,10,1,45,4,1.08,21,24,-3,-0.27,-0.93,Matches
3063,Saidou Sow,gn GUI,DF,Nantes,fr Ligue 1,22,2002,9,799,89,26.1,8.9,9,89,8,0,,1,1.44,12,18,-6,-0.68,-0.40,Matches
3064,Djed Spence,eng ENG,DF,Tottenham Hotspur,eng Premier League,23,2000,25,1792,72,52.4,19.9,19,89,17,6,16,8,1.08,33,39,-6,-0.30,-0.58,Matches
3065,Gerónimo Spina,ar ARG,DF,Atlético Madrid,es La Liga,19,2005,0,,,,,0,,0,0,,1,,,,,,,Matches
3066,Matteo Spinaccè,it ITA,FW,Inter,it Serie A,18,2006,0,,,,,0,,0,0,,2,,,,,,,Matches
3067,Leonardo Spinazzola,it ITA,"DF,MF",Napoli,it Serie A,31,1993,27,1517,56,44.4,16.9,17,81,7,10,14,6,2.30,24,10,+14,+0.83,-0.02,Matches
3068,Marco Sportiello,it ITA,GK,Milan,it Serie A,32,1992,2,126,63,3.7,1.4,1,90,1,1,36,29,3.00,5,2,+3,+2.14,+1.73,Matches
3069,Anton Stach,de GER,"MF,DF",Hoffenheim,de Bundesliga,25,1998,30,2585,86,84.5,28.7,29,88,24,1,45,0,1.03,40,50,-10,-0.35,+1.93,Matches
3070,Jens Stage,dk DEN,MF,Werder Bremen,de Bundesliga,27,1996,28,2204,79,72.0,24.5,26,83,17,2,27,1,1.57,38,35,+3,+0.12,+0.75,Matches
3071,Dimitrios Stamatakis,gr GRE,GK,Osasuna,es La Liga,21,2003,0,,,,,0,,0,0,,8,,,,,,,Matches
3072,Veit Stange,de GER,MF,Gladbach,de Bundesliga,20,2004,0,,,,,0,,0,0,,1,,,,,,,Matches
3073,Josip Stanišić,hr CRO,DF,Bayern Munich,de Bundesliga,24,2000,14,876,63,28.6,9.7,9,87,8,5,19,2,2.21,26,12,+14,+1.44,-0.75,Matches
3074,Filip Stankovic,rs SRB,GK,Venezia,it Serie A,22,2002,16,1367,85,40.0,15.2,16,85,15,0,,12,0.75,15,23,-8,-0.53,+0.17,Matches
3075,Jay Stansfield,eng ENG,"FW,MF",Fulham,eng Premier League,21,2002,1,1,1,0.0,0.0,0,,0,1,1,1,0.00,0,0,0,0.00,0.00,Matches
3076,Carl Starfelt,se SWE,DF,Celta Vigo,es La Liga,29,1995,28,2270,81,66.4,25.2,26,85,23,2,31,2,1.39,33,35,-2,-0.08,-0.39,Matches
3077,Niklas Stark,de GER,DF,Werder Bremen,de Bundesliga,29,1995,26,2106,81,68.8,23.4,25,84,17,1,13,1,1.65,38,37,+1,+0.04,+0.42,Matches
3078,Lucas Stassin,be BEL,FW,Saint-Étienne,fr Ligue 1,19,2004,28,1887,67,61.7,21.0,23,79,9,5,14,0,0.96,28,46,-18,-0.86,+0.68,Matches
3079,Emil Staugaard,dk DEN,DF,St Pauli,de Bundesliga,22,2001,0,,,,,0,,0,0,,3,,,,,,,Matches
3080,Jules Stawiecki,fr FRA,GK,Monaco,fr Ligue 1,17,2007,0,,,,,0,,0,0,,1,,,,,,,Matches
3081,Jason Steele,eng ENG,GK,Brighton,eng Premier League,33,1990,2,180,90,5.3,2.0,2,90,2,0,,24,3.00,5,1,+4,+2.00,+1.92,Matches
3082,Federico Steffanoni,it ITA,MF,Atalanta,it Serie A,15,2008,0,,,,,0,,0,0,,2,,,,,,,Matches
3083,Orri Steinn Óskarsson,is ISL,FW,Real Sociedad,es La Liga,19,2004,23,944,41,27.6,10.5,9,66,1,14,25,2,1.22,9,15,-6,-0.57,-0.39,Matches
3084,Pascal Stenzel,de GER,DF,Stuttgart,de Bundesliga,28,1996,10,290,29,9.5,3.2,4,62,0,6,7,21,1.30,7,5,+2,+0.62,+0.33,Matches
3085,Artem Stepanov,ua UKR,FW,Leverkusen,de Bundesliga,16,2007,0,,,,,0,,0,0,,8,,,,,,,Matches
3086,Jack Stephens,eng ENG,DF,Southampton,eng Premier League,30,1994,19,1389,73,40.6,15.4,17,81,12,2,6,4,0.53,8,28,-20,-1.30,+0.48,Matches
3087,Leonidas Stergiou,ch SUI,DF,Stuttgart,de Bundesliga,22,2002,12,852,71,27.8,9.5,11,77,5,1,2,4,1.58,17,15,+2,+0.21,-0.16,Matches
3088,Raheem Sterling,eng ENG,"FW,MF",Arsenal,eng Premier League,29,1994,17,499,29,14.6,5.5,7,56,0,10,11,12,2.00,12,4,+8,+1.44,+0.61,Matches
3089,Enzo Sternal,fr FRA,FW,Marseille,fr Ligue 1,17,2007,2,24,12,0.8,0.3,0,,0,2,12,2,3.00,0,0,0,0.00,-0.80,Matches
3090,Finley Stevens,wls WAL,DF,St Pauli,de Bundesliga,21,2003,1,1,1,0.0,0.0,0,,0,1,1,14,3.00,1,0,+1,+90.00,+90.41,Matches
3091,Ross Stewart,sct SCO,FW,Southampton,eng Premier League,28,1996,12,389,32,11.4,4.3,4,51,0,8,23,0,0.25,5,9,-4,-0.93,+0.74,Matches
3092,Angelo Stiller,de GER,MF,Stuttgart,de Bundesliga,23,2001,32,2741,86,89.6,30.5,31,87,28,1,34,0,1.38,52,51,+1,+0.03,-2.79,Matches
3093,Kevin Stöger,at AUT,MF,Gladbach,de Bundesliga,30,1993,31,1551,50,50.7,17.2,16,79,7,15,19,3,1.23,23,34,-11,-0.64,-1.18,Matches
3094,Stoichkov,es ESP,"MF,FW",Alavés,es La Liga,30,1993,16,699,44,20.4,7.8,6,73,2,10,26,4,1.19,10,13,-3,-0.39,-0.15,Matches
3095,Petar Stojanović,si SVN,"DF,MF",Empoli,it Serie A,28,1995,1,3,3,0.1,0.0,0,,0,1,3,1,3.00,0,0,0,0.00,+0.68,Matches
3096,Jakub Stolarczyk,pl POL,GK,Leicester City,eng Premier League,23,2000,10,900,90,26.3,10.0,10,90,10,0,,11,1.00,10,16,-6,-0.60,+0.86,Matches
3097,Franz Stolz,at AUT,GK,Genoa,it Serie A,23,2001,0,,,,,0,,0,0,,7,,,,,,,Matches
3098,John Stones,eng ENG,DF,Manchester City,eng Premier League,30,1994,11,548,50,16.0,6.1,6,74,3,5,21,4,2.00,14,11,+3,+0.49,-0.29,Matches
3099,Jørgen Strand Larsen,no NOR,FW,Wolves,eng Premier League,24,2000,35,2587,74,75.6,28.7,30,80,11,5,35,0,1.11,42,52,-10,-0.35,+0.19,Matches
3100,Gabriel Strefezza,br BRA,"MF,FW",Como,it Serie A,27,1997,37,2619,71,76.6,29.1,32,79,9,5,19,0,1.32,37,34,+3,+0.10,+0.78,Matches
3101,Lars Strobl,de GER,DF,Hoffenheim,de Bundesliga,19,2005,0,,,,,0,,0,0,,1,,,,,,,Matches
3102,Cristhian Stuani,uy URU,FW,Girona,es La Liga,37,1986,32,1078,34,31.5,12.0,6,79,0,26,23,6,1.16,19,15,+4,+0.33,+1.10,Matches
3103,Yann Sturm,de GER,FW,Freiburg,de Bundesliga,19,2005,0,,,,,0,,0,0,,2,,,,,,,Matches
3104,Álex Suárez,es ESP,DF,Las Palmas,es La Liga,31,1993,30,2460,82,71.9,27.3,30,82,18,0,,5,0.93,28,45,-17,-0.62,-0.25,Matches
3105,Denis Suárez,es ESP,MF,Villarreal,es La Liga,30,1994,21,608,29,17.8,6.8,7,59,0,14,14,10,1.57,12,13,-1,-0.15,-0.82,Matches
3106,Gabriel Suazo,cl CHI,"MF,DF",Toulouse,fr Ligue 1,26,1997,30,2163,72,70.7,24.0,23,86,17,7,26,1,1.07,32,33,-1,-0.04,-0.24,Matches
3107,Luka Sučić,hr CRO,MF,Real Sociedad,es La Liga,21,2002,29,1792,62,52.4,19.9,21,78,10,8,20,3,1.21,16,27,-11,-0.55,-0.55,Matches
3108,Yukinari Sugawara,jp JPN,"MF,DF",Southampton,eng Premier League,24,2000,30,1557,52,45.5,17.3,16,76,6,14,24,5,0.33,13,46,-33,-1.91,-0.60,Matches
3109,Niklas Süle,de GER,DF,Dortmund,de Bundesliga,28,1995,15,1053,70,34.4,11.7,12,80,5,3,31,6,2.07,27,18,+9,+0.77,+0.28,Matches
3110,Ibrahim Sulemana,gh GHA,MF,Atalanta,it Serie A,21,2003,9,283,31,8.3,3.1,3,70,0,6,12,26,2.44,6,4,+2,+0.64,-0.48,Matches
3111,Kamaldeen Sulemana,gh GHA,"FW,MF",Southampton,eng Premier League,22,2002,26,1402,54,41.0,15.6,17,74,5,9,16,2,0.27,11,36,-25,-1.60,-0.04,Matches
3112,Crysencio Summerville,nl NED,"MF,FW",West Ham United,eng Premier League,22,2001,19,786,41,23.0,8.7,7,67,1,12,26,1,1.05,13,20,-7,-0.80,-0.49,Matches
3113,Tomáš Suslov,sk SVK,"MF,FW",Hellas Verona,it Serie A,22,2002,31,2080,67,60.8,23.1,27,73,5,4,28,0,0.97,19,36,-17,-0.74,+0.27,Matches
3114,Suso,es ESP,"MF,FW",Sevilla,es La Liga,30,1993,16,606,38,17.7,6.7,4,86,2,12,22,14,1.25,10,11,-1,-0.15,+0.24,Matches
3115,Zion Suzuki,jp JPN,GK,Parma,it Serie A,21,2002,37,3314,90,96.9,36.8,37,90,36,0,,0,0.97,42,53,-11,-0.30,+2.25,Matches
3116,Mattias Svanberg,se SWE,MF,Wolfsburg,de Bundesliga,25,1999,20,1219,61,39.8,13.5,14,78,4,6,20,2,1.25,25,20,+5,+0.37,+0.52,Matches
3117,Daniel Svensson,se SWE,"MF,DF",Dortmund,de Bundesliga,22,2002,12,781,65,25.5,8.7,8,89,7,4,18,0,2.33,28,11,+17,+1.96,+1.84,Matches
3118,Marin Šverko,hr CRO,DF,Venezia,it Serie A,26,1998,16,1117,70,32.7,12.4,12,85,7,4,24,11,0.81,12,19,-7,-0.56,+0.10,Matches
3119,Velizar-Ilia Svetozarov Iliev,bg BUL,GK,Cagliari,it Serie A,19,2005,0,,,,,0,,0,0,,10,,,,,,,Matches
3120,Mile Svilar,rs SRB,GK,Roma,it Serie A,24,1999,38,3420,90,100.0,38.0,38,90,38,0,,0,1.82,56,35,+21,+0.55,,Matches
3121,Michael Svoboda,at AUT,DF,Venezia,it Serie A,25,1998,16,1314,82,38.4,14.6,15,86,14,1,23,0,0.63,13,28,-15,-1.03,-0.64,Matches
3122,Williot Swedberg,se SWE,"FW,MF",Celta Vigo,es La Liga,20,2004,32,1348,42,39.4,15.0,15,62,0,17,25,1,1.28,29,19,+10,+0.67,+1.02,Matches
3123,Niklas Swider,de GER,MF,Gladbach,de Bundesliga,17,2007,0,,,,,0,,0,0,,4,,,,,,,Matches
3124,Grégoire Swiderski,ca CAN,GK,Alavés,es La Liga,18,2005,0,,,,,0,,0,0,,4,,,,,,,Matches
3125,Sil Swinkels,nl NED,DF,Aston Villa,eng Premier League,20,2004,0,,,,,0,,0,0,,5,,,,,,,Matches
3126,Abakar Sylla,ci CIV,DF,Strasbourg,fr Ligue 1,21,2002,21,950,45,31.0,10.6,10,78,7,11,15,9,1.71,15,21,-6,-0.57,-1.34,Matches
3127,Issiaga Sylla,gn GUI,"DF,MF",Montpellier,fr Ligue 1,30,1994,19,1156,61,37.8,12.8,15,72,8,4,19,1,0.58,10,26,-16,-1.25,+0.65,Matches
3128,Mamadou Sylla,sn SEN,"FW,MF",Valladolid,es La Liga,30,1994,29,1583,55,46.3,17.6,17,79,6,12,20,6,0.45,14,47,-33,-1.88,-0.36,Matches
3129,Attila Szalai,hu HUN,"DF,MF",Hoffenheim,de Bundesliga,26,1998,0,,,,,0,,0,0,,1,,,,,,,Matches
3130,Wojciech Szczęsny,pl POL,GK,Barcelona,es La Liga,34,1990,15,1350,90,39.5,15.0,15,90,15,0,,14,2.87,43,12,+31,+2.07,+0.68,Matches
3131,Sammie Szmodics,ie IRL,MF,Ipswich Town,eng Premier League,28,1995,20,992,50,29.0,11.0,13,70,0,7,12,2,0.65,11,18,-7,-0.64,+0.81,Matches
3132,Dominik Szoboszlai,hu HUN,MF,Liverpool,eng Premier League,23,2000,36,2491,69,72.8,27.7,29,80,17,7,26,0,2.22,60,29,+31,+1.12,-0.24,Matches
3133,Alexander Sørloth,no NOR,FW,Atlético Madrid,es La Liga,28,1995,35,1566,45,45.8,17.4,15,68,2,20,27,2,2.06,40,13,+27,+1.55,+1.02,Matches
3134,Musa Al-Taamari,jo JOR,"MF,FW",Montpellier,fr Ligue 1,27,1997,15,1116,74,36.5,12.4,12,86,8,3,28,0,0.80,13,21,-8,-0.65,+1.58,Matches
3135,Musa Al-Taamari,jo JOR,"FW,MF",Rennes,fr Ligue 1,27,1997,11,567,52,18.5,6.3,7,68,1,4,22,0,1.64,12,9,+3,+0.48,+0.55,Matches
3136,Haris Tabakovic,ba BIH,FW,Hoffenheim,de Bundesliga,30,1994,22,821,37,26.8,9.1,6,74,1,16,24,8,0.91,16,17,-1,-0.11,+0.73,Matches
3137,Nicolás Tagliafico,ar ARG,DF,Lyon,fr Ligue 1,31,1992,24,1902,79,62.2,21.1,22,86,18,2,4,3,1.67,43,29,+14,+0.66,+0.27,Matches
3138,Jonathan Tah,de GER,DF,Leverkusen,de Bundesliga,28,1996,33,2970,90,97.1,33.0,33,90,33,0,,0,2.00,71,43,+28,+0.85,-0.15,Matches
3139,Alain Taho,al ALB,GK,Inter,it Serie A,17,2007,0,,,,,0,,0,0,,1,,,,,,,Matches
3140,Adrien Tameze,cm CMR,"MF,DF",Torino,it Serie A,30,1994,20,649,32,19.0,7.2,9,57,0,11,13,14,1.45,9,10,-1,-0.14,+0.02,Matches
3141,Axel Tapé,fr FRA,DF,Paris Saint-Germain,fr Ligue 1,16,2007,2,180,90,5.9,2.0,2,90,2,0,,3,1.50,5,3,+2,+1.00,-0.72,Matches
3142,Renato Tapia,pe PER,"MF,DF",Leganés,es La Liga,29,1995,34,2424,71,70.9,26.9,28,81,16,6,26,0,1.03,32,47,-15,-0.56,-0.38,Matches
3143,Edmond Tapsoba,bf BFA,DF,Leverkusen,de Bundesliga,25,1999,29,2507,86,81.9,27.9,29,86,24,0,,2,1.93,58,37,+21,+0.75,-0.55,Matches
3144,Florian Tardieu,fr FRA,MF,Saint-Étienne,fr Ligue 1,32,1992,24,1252,52,40.9,13.9,13,81,7,11,18,7,0.96,18,28,-10,-0.72,+0.67,Matches
3145,Mehdi Taremi,ir IRN,FW,Inter,it Serie A,32,1992,26,816,31,23.9,9.1,7,71,2,19,17,10,2.19,15,6,+9,+0.99,-0.22,Matches
3146,Matt Targett,eng ENG,"DF,MF",Newcastle United,eng Premier League,28,1995,2,21,11,0.6,0.2,0,,0,2,11,16,1.50,1,0,+1,+4.29,+3.76,Matches
3147,Oussama Targhalline,ma MAR,MF,Le Havre,fr Ligue 1,22,2002,14,990,71,32.4,11.0,12,78,5,2,26,1,0.71,8,22,-14,-1.27,-0.53,Matches
3148,James Tarkowski,eng ENG,DF,Everton,eng Premier League,31,1992,33,2922,89,85.4,32.5,33,89,31,0,,0,1.15,34,38,-4,-0.12,-0.48,Matches
3149,César Tárrega,es ESP,DF,Valencia,es La Liga,22,2002,34,3026,89,88.5,33.6,34,89,33,0,,3,1.24,37,45,-8,-0.24,+0.22,Matches
3150,Charlie Tasker,eng ENG,DF,Brighton,eng Premier League,18,2006,0,,,,,0,,0,0,,5,,,,,,,Matches
3151,Nuno Tavares,pt POR,DF,Lazio,it Serie A,24,2000,23,1686,73,49.3,18.7,22,75,5,1,31,3,1.83,27,23,+4,+0.21,-0.20,Matches
3152,Marcus Tavernier,eng ENG,MF,Bournemouth,eng Premier League,25,1999,29,1939,67,56.7,21.5,20,85,11,9,26,0,1.45,29,29,0,0.00,-0.73,Matches
3153,Elayis Tavsan,nl NED,"FW,MF",Hellas Verona,it Serie A,23,2001,0,,,,,0,,0,0,,2,,,,,,,Matches
3154,Charlie Taylor,eng ENG,DF,Southampton,eng Premier League,30,1993,8,356,45,10.4,4.0,3,90,3,5,17,6,0.13,3,12,-9,-2.28,-0.78,Matches
3155,Jack Taylor,ie IRL,MF,Ipswich Town,eng Premier League,26,1998,32,860,27,25.1,9.6,4,79,0,28,19,1,0.50,7,20,-13,-1.36,-0.20,Matches
3156,Tom Taylor,,MF,Ipswich Town,eng Premier League,,,0,,,,,0,,0,0,,1,,,,,,,Matches
3157,Loum Tchaouna,fr FRA,"MF,FW",Lazio,it Serie A,20,2003,24,660,28,19.3,7.3,6,52,0,18,19,13,1.58,19,10,+9,+1.23,+1.13,Matches
3158,Jackson Tchatchoua,cm CMR,"MF,DF",Hellas Verona,it Serie A,22,2001,36,3167,88,92.6,35.2,36,88,33,0,,0,0.94,30,61,-31,-0.88,-0.53,Matches
3159,Enzo Tchato,cm CMR,"DF,MF",Montpellier,fr Ligue 1,21,2002,27,1899,70,62.1,21.1,21,80,13,6,36,0,0.56,19,50,-31,-1.47,+0.47,Matches
3160,Aurélien Tchouaméni,fr FRA,"DF,MF",Real Madrid,es La Liga,24,2000,32,2689,84,78.6,29.9,31,86,27,1,10,0,2.06,56,31,+25,+0.84,-1.01,Matches
3161,Alex Teixeira,fr FRA,GK,Le Havre,fr Ligue 1,17,2007,0,,,,,0,,0,0,,1,,,,,,,Matches
3162,Álvaro Tejero,es ESP,"MF,DF",Espanyol,es La Liga,28,1996,28,1238,44,36.2,13.8,13,75,4,15,18,9,0.96,16,26,-10,-0.73,-0.69,Matches
3163,Martín Tejón,es ESP,MF,Valencia,es La Liga,20,2004,4,49,12,1.4,0.5,0,,0,4,12,7,0.00,0,1,-1,-1.84,-1.60,Matches
3164,Mathys Tel,fr FRA,MF,Bayern Munich,de Bundesliga,19,2005,8,256,32,8.4,2.8,2,60,0,6,23,9,2.13,6,3,+3,+1.05,-1.00,Matches
3165,Mathys Tel,fr FRA,FW,Tottenham Hotspur,eng Premier League,19,2005,13,911,70,26.6,10.1,11,82,6,2,4,1,0.77,10,20,-10,-0.99,-1.31,Matches
3166,Nathan Tella,ng NGA,"MF,FW",Leverkusen,de Bundesliga,25,1999,27,1359,50,44.4,15.1,17,68,1,10,20,3,1.93,29,14,+15,+0.99,+0.25,Matches
3167,Nahuel Tenaglia,ar ARG,DF,Alavés,es La Liga,28,1996,34,2922,86,85.4,32.5,33,88,30,1,19,1,1.03,30,40,-10,-0.31,-0.31,Matches
3168,Arnau Tenas,es ESP,GK,Paris Saint-Germain,fr Ligue 1,23,2001,1,90,90,2.9,1.0,1,90,1,0,,11,3.00,4,1,+3,+3.00,+1.36,Matches
3169,Casper Tengstedt,dk DEN,FW,Hellas Verona,it Serie A,24,2000,25,1517,61,44.4,16.9,20,69,2,5,27,4,0.80,16,34,-18,-1.07,-0.41,Matches
3170,Marc-André ter Stegen,de GER,GK,Barcelona,es La Liga,32,1992,8,674,84,19.7,7.5,8,84,7,0,,3,2.63,23,9,+14,+1.87,+0.26,Matches
3171,Filippo Terracciano,it ITA,"DF,MF",Milan,it Serie A,21,2003,13,539,41,15.8,6.0,6,82,4,7,7,25,1.85,7,6,+1,+0.17,-0.36,Matches
3172,Pietro Terracciano,it ITA,GK,Fiorentina,it Serie A,34,1990,3,270,90,7.9,3.0,3,90,3,0,,35,1.00,3,3,0,0.00,-0.54,Matches
3173,Ramón Terrats,es ESP,FW,Villarreal,es La Liga,23,2000,11,131,12,3.8,1.5,1,45,0,10,9,5,1.73,2,4,-2,-1.37,-1.98,Matches
3174,Ramón Terrats,es ESP,"MF,FW",Getafe,es La Liga,23,2000,15,1219,81,35.6,13.5,15,81,4,0,,0,1.20,15,15,0,0.00,+0.20,Matches
3175,Martin Terrier,fr FRA,"MF,FW",Leverkusen,de Bundesliga,27,1997,15,584,39,19.1,6.5,7,61,0,8,20,0,2.40,17,10,+7,+1.08,+0.28,Matches
3176,Tanner Tessmann,us USA,MF,Lyon,fr Ligue 1,22,2001,25,1234,49,40.3,13.7,13,82,7,12,14,7,1.92,27,18,+9,+0.66,+0.16,Matches
3177,Kenny Tete,nl NED,DF,Fulham,eng Premier League,28,1995,22,1774,81,51.9,19.7,21,84,15,1,9,2,1.36,24,26,-2,-0.10,-0.21,Matches
3178,Teddy Teuma,mt MLT,MF,Reims,fr Ligue 1,30,1993,17,750,44,24.5,8.3,9,67,1,8,18,6,1.12,7,19,-12,-1.44,-1.36,Matches
3179,Jordan Teze,nl NED,"DF,MF",Monaco,fr Ligue 1,24,1999,16,569,36,18.6,6.3,8,61,0,8,10,3,2.13,12,4,+8,+1.27,+0.76,Matches
3180,Florian Thauvin,fr FRA,"FW,MF",Udinese,it Serie A,31,1993,25,1956,78,57.2,21.7,24,81,7,1,13,0,1.36,29,33,-4,-0.18,+0.49,Matches
3181,Arthur Theate,be BEL,DF,Eintracht Frankfurt,de Bundesliga,24,2000,31,2704,87,88.4,30.0,31,87,26,0,,0,1.74,57,39,+18,+0.60,-0.41,Matches
3182,Norman Theuerkauf,de GER,"DF,MF",Heidenheim,de Bundesliga,37,1987,1,22,22,0.7,0.2,0,,0,1,22,16,0.00,0,1,-1,-4.09,-3.32,Matches
3183,Igor Thiago,br BRA,FW,Brentford,eng Premier League,23,2001,8,175,22,5.1,1.9,1,72,0,7,15,0,1.75,3,4,-1,-0.51,-0.79,Matches
3184,Malick Thiaw,de GER,DF,Milan,it Serie A,22,2001,22,1806,82,52.8,20.1,19,89,18,3,40,12,1.68,29,23,+6,+0.30,-0.37,Matches
3185,Denis Thomalla,de GER,"FW,MF",Heidenheim,de Bundesliga,31,1992,1,4,4,0.1,0.0,0,,0,1,4,0,0.00,0,1,-1,-22.50,-21.73,Matches
3186,Luke Thomas,eng ENG,DF,Leicester City,eng Premier League,23,2001,14,1110,79,32.5,12.3,13,85,9,1,4,11,0.57,8,23,-15,-1.22,+0.03,Matches
3187,Sorba Thomas,wls WAL,"MF,DF",Nantes,fr Ligue 1,24,1999,25,1321,53,43.2,14.7,15,74,1,10,21,4,1.16,19,25,-6,-0.41,-0.05,Matches
3188,Adrien Thomasson,fr FRA,MF,Lens,fr Ligue 1,30,1993,33,2615,79,85.5,29.1,31,83,18,2,27,0,1.48,36,31,+5,+0.17,+0.58,Matches
3189,Morten Thorsby,no NOR,MF,Genoa,it Serie A,28,1996,30,1898,63,55.5,21.1,22,80,8,8,19,2,1.03,18,26,-8,-0.38,-0.14,Matches
3190,Khéphren Thuram,fr FRA,MF,Juventus,it Serie A,23,2001,35,2326,66,68.0,25.8,26,82,15,9,21,0,1.80,37,23,+14,+0.54,-0.20,Matches
3191,Marcus Thuram,fr FRA,FW,Inter,it Serie A,26,1997,32,2290,72,67.0,25.4,27,80,13,5,25,3,2.16,63,24,+39,+1.53,+1.13,Matches
3192,Youri Tielemans,be BEL,MF,Aston Villa,eng Premier League,27,1997,36,3026,84,88.5,33.6,35,86,27,1,29,0,1.67,53,46,+7,+0.21,+0.21,Matches
3193,Kieran Tierney,sct SCO,DF,Arsenal,eng Premier League,27,1997,13,259,20,7.6,2.9,2,62,0,11,12,13,2.08,3,1,+2,+0.69,-0.24,Matches
3194,Phillip Tietz,de GER,FW,Augsburg,de Bundesliga,27,1997,34,1686,50,55.1,18.7,19,71,4,15,22,0,1.26,25,29,-4,-0.21,+0.57,Matches
3195,Jurriën Timber,nl NED,DF,Arsenal,eng Premier League,23,2001,30,2417,81,70.7,26.9,27,87,18,3,25,2,2.00,52,21,+31,+1.15,+0.80,Matches
3196,Jean-Clair Todibo,fr FRA,DF,West Ham United,eng Premier League,24,1999,27,1825,68,53.4,20.3,20,80,9,7,31,5,1.37,30,32,-2,-0.10,+0.69,Matches
3197,Harry Toffolo,eng ENG,DF,Nottingham Forest,eng Premier League,28,1995,4,137,34,4.0,1.5,1,90,1,3,16,20,2.50,2,2,0,0.00,-0.33,Matches
3198,Umut Tohumcu,de GER,MF,Hoffenheim,de Bundesliga,19,2004,12,375,31,12.3,4.2,3,68,1,9,19,8,0.75,8,10,-2,-0.48,+0.19,Matches
3199,Mohammed Tolba,de GER,DF,Bochum,de Bundesliga,20,2004,0,,,,,0,,0,0,,2,,,,,,,Matches
3200,Corentin Tolisso,fr FRA,MF,Lyon,fr Ligue 1,29,1994,32,2329,73,76.1,25.9,27,83,18,5,16,1,1.75,56,34,+22,+0.85,+1.22,Matches
3201,John Tolkin,us USA,"MF,DF",Holstein Kiel,de Bundesliga,22,2002,11,737,67,24.1,8.2,9,79,5,2,11,2,0.91,14,17,-3,-0.37,+0.72,Matches
3202,Rafael Tolói,it ITA,DF,Atalanta,it Serie A,33,1990,11,468,43,13.7,5.2,2,86,1,9,33,16,2.36,8,2,+6,+1.15,+0.09,Matches
3203,Raúl de Tomás,es ESP,FW,Rayo Vallecano,es La Liga,29,1994,2,22,11,0.6,0.2,0,,0,2,11,18,0.00,0,2,-2,-8.18,-8.13,Matches
3204,Tiago Tomás,pt POR,"MF,FW",Wolfsburg,de Bundesliga,22,2002,32,1884,59,61.6,20.9,23,74,4,9,21,1,1.16,29,29,0,0.00,-0.15,Matches
3205,Takehiro Tomiyasu,jp JPN,DF,Arsenal,eng Premier League,25,1998,1,7,7,0.2,0.1,0,,0,1,7,0,3.00,1,0,+1,+12.86,+11.96,Matches
3206,Fikayo Tomori,eng ENG,DF,Milan,it Serie A,26,1997,22,1593,72,46.6,17.7,19,83,15,3,5,15,1.77,28,22,+6,+0.34,-0.25,Matches
3207,Sandro Tonali,it ITA,MF,Newcastle United,eng Premier League,24,2000,36,2630,73,76.9,29.2,28,86,22,8,27,0,1.72,55,34,+21,+0.72,+0.72,Matches
3208,Luka Topalović,si SVN,MF,Inter,it Serie A,18,2006,1,11,11,0.3,0.1,0,,0,1,11,6,3.00,0,0,0,0.00,-1.16,Matches
3209,Keke Topp,de GER,FW,Werder Bremen,de Bundesliga,20,2004,19,252,13,8.2,2.8,1,45,0,18,12,3,1.63,7,5,+2,+0.71,+0.87,Matches
3210,Pietro Tornaghi,it ITA,DF,Atalanta,it Serie A,18,2005,0,,,,,0,,0,0,,2,,,,,,,Matches
3211,Pablo Torre,es ESP,MF,Barcelona,es La Liga,21,2003,10,310,31,9.1,3.4,4,56,0,6,15,26,2.20,9,4,+5,+1.45,-0.23,Matches
3212,David Torres,es ESP,DF,Valladolid,es La Liga,21,2003,18,1387,77,40.6,15.4,15,84,13,3,41,15,0.61,11,37,-26,-1.69,0.00,Matches
3213,Ferrán Torres,es ESP,"FW,MF",Barcelona,es La Liga,24,2000,27,1106,41,32.3,12.3,12,64,2,15,22,2,2.33,35,21,+14,+1.14,-0.77,Matches
3214,Pau Torres,es ESP,DF,Aston Villa,eng Premier League,27,1997,24,2020,84,59.1,22.4,23,87,22,1,21,4,1.58,30,33,-3,-0.13,-0.78,Matches
3215,Lorenzo Torriani,it ITA,GK,Milan,it Serie A,19,2005,0,,,,,0,,0,0,,35,,,,,,,Matches
3216,Lucas Torró,es ESP,MF,Osasuna,es La Liga,30,1994,35,2957,84,86.5,32.9,35,84,26,0,,1,1.43,41,42,-1,-0.03,+0.55,Matches
3217,Lorenzo Tosto,it ITA,DF,Empoli,it Serie A,18,2006,1,1,1,0.0,0.0,0,,0,1,1,33,0.00,0,1,-1,-90.00,-89.34,Matches
3218,Abdoulaye Touré,gn GUI,MF,Le Havre,fr Ligue 1,30,1994,28,2324,83,75.9,25.8,26,87,17,2,27,0,0.93,29,57,-28,-1.08,-0.72,Matches
3219,Bazoumana Touré,ci CIV,"MF,FW",Hoffenheim,de Bundesliga,18,2006,13,609,47,19.9,6.8,7,74,1,6,15,1,0.85,12,17,-5,-0.74,-0.11,Matches
3220,Birama Touré,ml MLI,"MF,DF",Montpellier,fr Ligue 1,32,1992,8,300,38,9.8,3.3,2,79,1,6,24,0,1.13,3,11,-8,-2.40,-0.83,Matches
3221,Issiaka Touré,fr FRA,GK,Saint-Étienne,fr Ligue 1,19,2004,0,,,,,0,,0,0,,1,,,,,,,Matches
3222,Ousmane Toure,fr FRA,DF,Lille,fr Ligue 1,19,2005,1,6,6,0.2,0.1,0,,0,1,6,11,1.00,0,1,-1,-15.00,-15.50,Matches
3223,Souleymane Touré,fr FRA,DF,Udinese,it Serie A,21,2003,12,733,61,21.4,8.1,11,65,6,1,16,5,0.92,11,11,0,0.00,+0.50,Matches
3224,Lucas Tousart,fr FRA,MF,Union Berlin,de Bundesliga,27,1997,15,561,37,18.3,6.2,6,64,0,9,20,11,1.47,6,9,-3,-0.48,-0.01,Matches
3225,Conor Townsend,eng ENG,DF,Ipswich Town,eng Premier League,31,1993,6,335,56,9.8,3.7,3,87,2,3,25,26,0.83,5,6,-1,-0.27,+1.04,Matches
3226,Nicolas Trabucchi,it ITA,DF,Parma,it Serie A,16,2007,0,,,,,0,,0,0,,14,,,,,,,Matches
3227,Adama Traoré,es ESP,MF,Fulham,eng Premier League,28,1996,36,1772,49,51.8,19.7,18,76,4,18,23,1,1.47,32,28,+4,+0.20,+0.42,Matches
3228,Boubacar Traoré,ml MLI,MF,Wolves,eng Premier League,22,2001,1,1,1,0.0,0.0,0,,0,1,1,7,3.00,0,0,0,0.00,+0.39,Matches
3229,Daouda Traoré,fr FRA,MF,Nice,fr Ligue 1,18,2006,0,,,,,0,,0,0,,2,,,,,,,Matches
3230,Hamari Traoré,ml MLI,DF,Real Sociedad,es La Liga,32,1992,11,700,64,20.5,7.8,9,71,1,2,29,6,1.09,8,7,+1,+0.13,+0.53,Matches
3231,Omar Traoré,de GER,"DF,MF",Heidenheim,de Bundesliga,26,1998,30,2616,87,85.5,29.1,30,87,24,0,,2,0.87,32,53,-21,-0.72,+0.49,Matches
3232,Kevin Trapp,de GER,GK,Eintracht Frankfurt,de Bundesliga,34,1990,26,2295,88,75.0,25.5,26,88,25,0,,0,1.69,50,34,+16,+0.63,-0.08,Matches
3233,Mark Travers,ie IRL,GK,Bournemouth,eng Premier League,25,1999,5,450,90,13.2,5.0,5,90,5,0,,18,1.60,6,5,+1,+0.20,-0.13,Matches
3234,Óscar Trejo,ar ARG,MF,Rayo Vallecano,es La Liga,36,1988,19,496,26,14.5,5.5,6,61,0,13,10,19,1.11,6,5,+1,+0.18,+0.34,Matches
3235,Philipp Treu,de GER,MF,St Pauli,de Bundesliga,23,2000,33,2881,87,94.2,32.0,33,87,29,0,,0,0.97,27,38,-11,-0.34,+0.66,Matches
3236,Ryan Trevitt,eng ENG,MF,Brentford,eng Premier League,21,2003,1,4,4,0.1,0.0,0,,0,1,4,11,0.00,0,0,0,0.00,-0.24,Matches
3237,Christopher Trimmel,at AUT,"MF,DF",Union Berlin,de Bundesliga,37,1987,26,1740,67,56.9,19.3,20,81,11,6,21,7,1.38,20,28,-8,-0.41,+0.13,Matches
3238,Kieran Trippier,eng ENG,DF,Newcastle United,eng Premier League,33,1990,25,1309,52,38.3,14.5,14,77,2,11,21,6,1.60,29,18,+11,+0.76,+0.33,Matches
3239,Pol Tristán,es ESP,GK,Espanyol,es La Liga,22,2002,0,,,,,0,,0,0,,5,,,,,,,Matches
3240,Leandro Trossard,be BEL,FW,Arsenal,eng Premier League,29,1994,38,2546,67,74.4,28.3,28,82,14,10,25,0,1.95,51,26,+25,+0.88,-0.15,Matches
3241,Adrien Truffert,fr FRA,"MF,DF",Rennes,fr Ligue 1,22,2001,33,2752,83,89.9,30.6,31,88,25,2,17,0,1.24,44,49,-5,-0.16,-1.92,Matches
3242,Kostas Tsimikas,gr GRE,DF,Liverpool,eng Premier League,28,1996,18,837,47,24.5,9.3,9,76,4,9,17,16,2.17,13,8,+5,+0.54,-0.86,Matches
3243,Viktor Tsyhankov,ua UKR,"MF,FW",Girona,es La Liga,26,1997,27,1913,71,55.9,21.3,23,79,10,4,22,1,1.00,20,34,-14,-0.66,-0.54,Matches
3244,Axel Tuanzebe,cd COD,DF,Ipswich Town,eng Premier League,26,1997,22,1710,78,50.0,19.0,20,84,12,2,14,0,0.64,17,37,-20,-1.05,+0.32,Matches
3245,Stefano Turati,it ITA,GK,Monza,it Serie A,22,2001,30,2676,89,78.2,29.7,30,89,29,0,,4,0.43,23,52,-29,-0.98,+0.48,Matches
3246,Claudio Turi,it ITA,GK,Napoli,it Serie A,19,2005,0,,,,,0,,0,0,,11,,,,,,,Matches
3247,Riccardo Turicchia,it ITA,DF,Juventus,it Serie A,21,2003,0,,,,,0,,0,0,,1,,,,,,,Matches
3248,Matt Turner,us USA,GK,Crystal Palace,eng Premier League,30,1994,0,,,,,0,,0,0,,32,,,,,,,Matches
3249,Beñat Turrientes,es ESP,MF,Real Sociedad,es La Liga,22,2002,21,942,45,27.5,10.5,11,65,2,10,23,13,1.05,8,13,-5,-0.48,-0.26,Matches
3250,Tuta,br BRA,"DF,MF",Eintracht Frankfurt,de Bundesliga,25,1999,30,2274,76,74.3,25.3,26,85,19,4,16,0,1.90,54,34,+20,+0.79,+0.56,Matches
3251,Ryan Tutu,cd COD,GK,Strasbourg,fr Ligue 1,19,2005,0,,,,,0,,0,0,,1,,,,,,,Matches
3252,Christantus Uche,ng NGA,"FW,MF",Getafe,es La Liga,21,2003,33,2486,75,72.7,27.6,30,80,10,3,34,0,1.27,29,23,+6,+0.22,+1.28,Matches
3253,Destiny Udogie,it ITA,DF,Tottenham Hotspur,eng Premier League,21,2002,25,1924,77,56.3,21.4,24,80,14,1,4,5,1.12,36,35,+1,+0.05,+0.17,Matches
3254,Manuel Ugarte,uy URU,MF,Manchester Utd,eng Premier League,23,2001,29,1785,62,52.2,19.8,22,75,8,7,20,3,1.17,24,33,-9,-0.45,-0.40,Matches
3255,Lesley Ugochukwu,fr FRA,MF,Southampton,eng Premier League,20,2004,26,1655,64,48.4,18.4,18,77,4,8,33,6,0.42,13,39,-26,-1.41,+0.32,Matches
3256,Lukas Ullrich,de GER,DF,Gladbach,de Bundesliga,20,2004,26,1903,73,62.2,21.1,24,77,5,2,25,3,1.35,38,38,0,0.00,+0.16,Matches
3257,Sven Ulreich,de GER,GK,Bayern Munich,de Bundesliga,35,1988,1,90,90,2.9,1.0,1,90,1,0,,15,3.00,5,0,+5,+5.00,+3.12,Matches
3258,Franco Umeh-Chibueze,ie IRL,MF,Crystal Palace,eng Premier League,19,2005,0,,,,,0,,0,0,,8,,,,,,,Matches
3259,Samuel Umtiti,fr FRA,DF,Lille,fr Ligue 1,30,1993,0,,,,,0,,0,0,,3,,,,,,,Matches
3260,Enes Ünal,tr TUR,FW,Bournemouth,eng Premier League,27,1997,17,345,20,10.1,3.8,2,62,0,15,15,0,1.65,6,3,+3,+0.78,+0.52,Matches
3261,Deniz Undav,de GER,"FW,MF",Stuttgart,de Bundesliga,28,1996,27,1726,64,56.4,19.2,20,79,10,7,21,0,1.37,36,31,+5,+0.26,-0.14,Matches
3262,Naci Ünüvar,nl NED,"FW,MF",Espanyol,es La Liga,21,2003,2,31,16,0.9,0.3,0,,0,2,16,10,0.00,0,0,0,0.00,+0.29,Matches
3263,Dayot Upamecano,fr FRA,DF,Bayern Munich,de Bundesliga,25,1998,20,1759,88,57.5,19.5,20,88,16,0,,2,2.50,60,16,+44,+2.25,+0.66,Matches
3264,João Urbáez,do DOM,DF,Leganés,es La Liga,22,2002,0,,,,,0,,0,0,,1,,,,,,,Matches
3265,Kacper Urbanski,pl POL,MF,Bologna,it Serie A,19,2004,7,247,35,7.2,2.7,1,77,0,6,28,12,1.71,2,5,-3,-1.09,-1.46,Matches
3266,Kacper Urbanski,pl POL,MF,Monza,it Serie A,19,2004,8,500,63,14.6,5.6,6,77,2,2,21,9,0.13,0,9,-9,-1.62,-0.63,Matches
3267,Jonas Urbig,de GER,GK,Bayern Munich,de Bundesliga,20,2003,8,720,90,23.5,8.0,8,90,8,0,,7,1.88,21,12,+9,+1.13,-1.11,Matches
3268,Can Uzun,tr TUR,MF,Eintracht Frankfurt,de Bundesliga,18,2005,20,675,34,22.1,7.5,6,66,0,14,20,13,1.40,17,7,+10,+1.33,+0.88,Matches
3269,Josha Vagnoman,de GER,"DF,MF",Stuttgart,de Bundesliga,23,2000,26,1834,71,59.9,20.4,19,86,12,7,29,2,1.73,38,32,+6,+0.29,-0.07,Matches
3270,Andrea Vailati,it ITA,GK,Monza,it Serie A,16,2007,0,,,,,0,,0,0,,3,,,,,,,Matches
3271,Victor Valdepeñas,es ESP,DF,Real Madrid,es La Liga,17,2006,0,,,,,0,,0,0,,1,,,,,,,Matches
3272,Hákon Valdimarsson,is ISL,GK,Brentford,eng Premier League,22,2001,2,145,73,4.2,1.6,1,90,1,1,55,36,0.50,0,2,-2,-1.24,-1.54,Matches
3273,Pablo Valencia,es ESP,GK,Osasuna,es La Liga,23,2001,0,,,,,0,,0,0,,15,,,,,,,Matches
3274,Lautaro Valenti,ar ARG,DF,Parma,it Serie A,25,1999,20,1556,78,45.5,17.3,18,83,15,2,27,10,1.00,18,21,-3,-0.17,+0.36,Matches
3275,Óscar Valentín,es ESP,MF,Rayo Vallecano,es La Liga,29,1994,34,1835,54,53.7,20.4,18,79,9,16,26,2,1.46,24,23,+1,+0.05,+0.33,Matches
3276,Nicolás Valentini,ar ARG,DF,Hellas Verona,it Serie A,23,2001,14,1129,81,33.0,12.5,13,85,9,1,22,0,0.79,6,11,-5,-0.40,+0.66,Matches
3277,Nicolás Valentini,ar ARG,DF,Fiorentina,it Serie A,23,2001,0,,,,,0,,0,0,,5,,,,,,,Matches
3278,Germán Valera,es ESP,MF,Valencia,es La Liga,22,2002,8,148,19,4.3,1.6,1,59,0,7,13,8,1.00,0,4,-4,-2.43,-2.27,Matches
3279,Emanuele Valeri,it ITA,"DF,MF",Parma,it Serie A,25,1998,35,2873,82,84.0,31.9,34,83,26,1,45,1,0.97,31,45,-14,-0.44,-0.44,Matches
3280,Martin Valjent,sk SVK,DF,Mallorca,es La Liga,28,1995,31,2763,89,80.8,30.7,31,89,29,0,,6,1.32,30,38,-8,-0.26,-0.12,Matches
3281,Álex Valle,es ESP,DF,Barcelona,es La Liga,20,2004,0,,,,,0,,0,0,,2,,,,,,,Matches
3282,Álex Valle,es ESP,DF,Como,it Serie A,20,2004,15,1030,69,30.1,11.4,12,82,6,3,16,1,1.60,17,13,+4,+0.35,+0.61,Matches
3283,Jesús Vallejo,es ESP,DF,Real Madrid,es La Liga,27,1997,4,138,35,4.0,1.5,1,65,0,3,24,27,3.00,3,2,+1,+0.65,-0.42,Matches
3284,Mattia Valoti,it ITA,"FW,MF",Monza,it Serie A,30,1993,5,40,8,1.2,0.4,0,,0,5,8,16,1.00,0,1,-1,-2.25,-1.18,Matches
3285,Federico Valverde,uy URU,"MF,DF",Real Madrid,es La Liga,26,1998,36,3032,84,88.7,33.7,34,88,28,2,21,1,2.25,69,31,+38,+1.13,+0.66,Matches
3286,Ignace Van Der Brempt,be BEL,DF,Como,it Serie A,22,2002,20,1257,63,36.8,14.0,14,81,9,6,22,6,1.45,20,18,+2,+0.14,+0.35,Matches
3287,Siebe Van Der Heyden,be BEL,DF,Mallorca,es La Liga,26,1998,2,97,49,2.8,1.1,1,90,1,1,7,13,1.50,0,2,-2,-1.86,-1.67,Matches
3288,Siebe Van Der Heyden,be BEL,"DF,MF",St Pauli,de Bundesliga,26,1998,13,872,67,28.5,9.7,11,76,5,2,19,0,0.77,6,13,-7,-0.72,-0.48,Matches
3289,Virgil van Dijk,nl NED,DF,Liverpool,eng Premier League,33,1991,37,3330,90,97.4,37.0,37,90,37,0,,1,2.27,84,38,+46,+1.24,+2.24,Matches
3290,Jelle Van Neck,be BEL,GK,Marseille,fr Ligue 1,20,2004,0,,,,,0,,0,0,,1,,,,,,,Matches
3291,Vanderson,br BRA,DF,Monaco,fr Ligue 1,23,2001,29,2064,71,67.5,22.9,23,81,11,6,35,2,1.83,42,32,+10,+0.44,-0.65,Matches
3292,Maarten Vandevoordt,be BEL,GK,RB Leipzig,de Bundesliga,22,2002,6,429,72,14.0,4.8,4,90,4,2,35,28,1.33,9,9,0,0.00,-0.17,Matches
3293,Jamie Vardy,eng ENG,FW,Leicester City,eng Premier League,37,1987,35,2823,81,82.5,31.4,35,81,20,0,,0,0.71,28,68,-40,-1.28,-0.22,Matches
3294,Iker Varela,es ESP,MF,Athletic Club,es La Liga,21,2003,0,,,,,0,,0,0,,1,,,,,,,Matches
3295,Ruben Vargas,ch SUI,MF,Augsburg,de Bundesliga,25,1998,8,305,38,10.0,3.4,3,63,0,5,23,2,0.50,3,12,-9,-2.66,-2.43,Matches
3296,Ruben Vargas,ch SUI,"MF,FW",Sevilla,es La Liga,25,1998,11,671,61,19.6,7.5,9,69,0,2,23,1,1.00,11,9,+2,+0.27,+0.76,Matches
3297,Nikola Vasilj,ba BIH,GK,St Pauli,de Bundesliga,28,1995,33,2969,90,97.0,33.0,33,90,32,0,,0,0.94,26,39,-13,-0.39,-0.39,Matches
3298,Devis Vásquez,co COL,GK,Empoli,it Serie A,26,1998,32,2880,90,84.2,32.0,32,90,32,0,,6,0.94,31,45,-14,-0.44,+1.56,Matches
3299,Johan Vásquez,mx MEX,DF,Genoa,it Serie A,25,1998,36,3041,84,88.9,33.8,34,88,32,2,23,0,1.08,29,43,-14,-0.41,-0.89,Matches
3300,Dominic Vavassori,it ITA,FW,Atalanta,it Serie A,18,2005,0,,,,,0,,0,0,,3,,,,,,,Matches
3301,Denis Vavro,sk SVK,DF,Wolfsburg,de Bundesliga,28,1996,29,2461,85,80.4,27.3,27,89,25,2,33,2,1.34,45,42,+3,+0.11,+0.26,Matches
3302,José Luis García Vayá,es ESP,MF,Valencia,es La Liga,25,1998,34,1742,51,50.9,19.4,18,83,12,16,15,1,1.24,19,31,-12,-0.62,-0.73,Matches
3303,Robinio Vaz,fr FRA,FW,Marseille,fr Ligue 1,17,2007,2,75,38,2.5,0.8,0,,0,2,38,2,0.50,1,0,+1,+1.20,+0.42,Matches
3304,Jesus Vazquez,es ESP,DF,Valencia,es La Liga,21,2003,19,919,48,26.9,10.2,10,76,5,9,17,16,1.05,10,16,-6,-0.59,-0.44,Matches
3305,Lucas Vázquez,es ESP,DF,Real Madrid,es La Liga,33,1991,32,2189,68,64.0,24.3,25,84,14,7,11,3,2.13,52,33,+19,+0.78,-0.75,Matches
3306,Matías Vecino,uy URU,MF,Lazio,it Serie A,32,1991,20,877,44,25.6,9.7,7,81,4,13,24,3,2.00,19,13,+6,+0.62,+0.40,Matches
3307,Danilo Veiga,pt POR,"MF,DF",Lecce,it Serie A,21,2002,13,374,29,10.9,4.2,2,83,1,11,19,3,0.77,1,6,-5,-1.20,-0.43,Matches
3308,Renato Veiga,pt POR,MF,Chelsea,eng Premier League,21,2003,7,181,26,5.3,2.0,1,90,1,6,15,13,2.14,2,2,0,0.00,-0.58,Matches
3309,Renato Veiga,pt POR,DF,Juventus,it Serie A,21,2003,13,1093,84,32.0,12.1,12,87,11,1,45,1,2.08,18,11,+7,+0.58,-0.04,Matches
3310,Alejo Véliz,ar ARG,FW,Espanyol,es La Liga,20,2003,27,1127,42,33.0,12.5,10,71,2,17,25,11,0.89,18,22,-4,-0.32,-0.04,Matches
3311,Miloš Veljković,rs SRB,DF,Werder Bremen,de Bundesliga,28,1995,14,1029,74,33.6,11.4,11,85,9,3,31,4,0.93,19,25,-6,-0.52,-0.66,Matches
3312,Joël Veltman,nl NED,DF,Brighton,eng Premier League,32,1992,21,1697,81,49.6,18.9,19,86,14,2,27,3,1.81,32,24,+8,+0.42,+0.48,Matches
3313,Micky van de Ven,nl NED,DF,Tottenham Hotspur,eng Premier League,23,2001,13,1015,78,29.7,11.3,12,82,7,1,30,6,1.08,22,17,+5,+0.44,+0.67,Matches
3314,Lorenzo Venturino,it ITA,MF,Genoa,it Serie A,18,2006,6,167,28,4.9,1.9,1,62,0,5,21,12,0.67,4,2,+2,+1.08,+1.47,Matches
3315,Nikolas Veratschnig,at AUT,MF,Mainz 05,de Bundesliga,21,2003,15,364,24,11.9,4.0,2,77,0,13,16,12,1.27,6,8,-2,-0.49,-0.96,Matches
3316,Bart Verbruggen,nl NED,GK,Brighton,eng Premier League,21,2002,36,3240,90,94.7,36.0,36,90,36,0,,0,1.53,61,58,+3,+0.08,-1.92,Matches
3317,Simone Verdi,it ITA,"FW,MF",Como,it Serie A,32,1992,9,115,13,3.4,1.3,0,,0,9,13,11,0.67,0,3,-3,-2.35,-2.35,Matches
3318,Jordan Veretout,fr FRA,MF,Lyon,fr Ligue 1,31,1993,27,1553,58,50.8,17.3,19,77,8,8,12,4,1.85,30,18,+12,+0.70,+0.28,Matches
3319,Arthur Vermeeren,be BEL,MF,RB Leipzig,de Bundesliga,19,2005,28,1572,56,51.4,17.5,18,72,3,10,28,4,1.36,31,30,+1,+0.06,-0.18,Matches
3320,Arthur Vermeeren,be BEL,MF,Atlético Madrid,es La Liga,19,2005,0,,,,,0,,0,0,,1,,,,,,,Matches
3321,Yorbe Vertessen,be BEL,"MF,FW",Union Berlin,de Bundesliga,23,2001,17,718,42,23.5,8.0,7,69,0,10,24,1,0.94,7,10,-3,-0.38,+0.12,Matches
3322,Mikel Vesga,es ESP,MF,Athletic Club,es La Liga,31,1993,25,988,40,28.9,11.0,10,73,4,15,17,10,1.88,19,8,+11,+1.00,+0.48,Matches
3323,Jannik Vestergaard,dk DEN,DF,Leicester City,eng Premier League,31,1992,18,1391,77,40.7,15.5,16,81,10,2,51,2,0.50,7,35,-28,-1.81,-0.97,Matches
3324,Ben Viadere,fr FRA,FW,Auxerre,fr Ligue 1,18,2005,1,5,5,0.2,0.1,0,,0,1,5,2,0.00,0,1,-1,-18.00,-17.94,Matches
3325,Guglielmo Vicario,it ITA,GK,Tottenham Hotspur,eng Premier League,27,1996,24,2160,90,63.2,24.0,24,90,24,0,,2,1.25,43,37,+6,+0.25,+0.75,Matches
3326,Carlos Vicente,es ESP,MF,Alavés,es La Liga,25,1999,37,3092,84,90.4,34.4,35,86,27,2,35,1,1.14,34,39,-5,-0.15,+1.23,Matches
3327,Pau Victor,es ESP,FW,Barcelona,es La Liga,22,2001,21,319,15,9.3,3.5,2,60,0,19,11,17,2.10,14,7,+7,+1.97,+0.35,Matches
3328,Marc Vidal,es ESP,GK,Celta Vigo,es La Liga,24,2000,0,,,,,0,,0,0,,7,,,,,,,Matches
3329,Nacho Vidal,es ESP,DF,Osasuna,es La Liga,29,1995,5,124,25,3.6,1.4,1,90,1,4,9,14,2.00,1,5,-4,-2.90,-2.90,Matches
3330,Gabriel Vidovic,hr CRO,MF,Bayern Munich,de Bundesliga,20,2003,4,24,6,0.8,0.3,0,,0,4,6,8,3.00,0,0,0,0.00,-1.99,Matches
3331,Gabriel Vidovic,hr CRO,MF,Mainz 05,de Bundesliga,20,2003,1,4,4,0.1,0.0,0,,0,1,4,2,0.00,0,0,0,0.00,-0.35,Matches
3332,Fran Vieites,es ESP,GK,Real Betis,es La Liga,25,1999,4,360,90,10.5,4.0,4,90,4,0,,30,1.25,5,5,0,0.00,-0.21,Matches
3333,Sergio Viera,es ESP,MF,Las Palmas,es La Liga,19,2005,2,96,48,2.8,1.1,1,60,0,1,36,7,0.00,0,0,0,0.00,+0.57,Matches
3334,Samuele Vignato,it ITA,MF,Monza,it Serie A,20,2004,17,470,28,13.7,5.2,3,74,0,14,18,13,0.53,1,8,-7,-1.34,-0.30,Matches
3335,Mauro Vigorito,it ITA,GK,Como,it Serie A,34,1990,0,,,,,0,,0,0,,11,,,,,,,Matches
3336,Toni Villa,es ESP,MF,Girona,es La Liga,29,1995,0,,,,,0,,0,0,,1,,,,,,,Matches
3337,Asier Villalibre,es ESP,FW,Alavés,es La Liga,26,1997,16,333,21,9.7,3.7,2,66,0,14,14,22,0.50,3,10,-7,-1.89,-1.80,Matches
3338,Iván Villar,es ESP,GK,Celta Vigo,es La Liga,27,1997,4,360,90,10.5,4.0,4,90,4,0,,34,1.50,10,9,+1,+0.25,+0.22,Matches
3339,Alessandro Vinciguerra,it ITA,FW,Cagliari,it Serie A,18,2005,0,,,,,0,,0,0,,2,,,,,,,Matches
3340,Carlos Vinícius,br BRA,FW,Fulham,eng Premier League,29,1995,3,16,5,0.5,0.2,0,,0,3,5,8,1.33,1,1,0,0.00,0.00,Matches
3341,Nicolas Viola,it ITA,"MF,FW",Cagliari,it Serie A,34,1989,27,1267,47,37.0,14.1,18,61,0,9,19,10,1.11,14,25,-11,-0.78,-0.57,Matches
3342,João Virgínia,pt POR,GK,Everton,eng Premier League,24,1999,0,,,,,0,,0,0,,38,,,,,,,Matches
3343,Paolo Vismara,it ITA,GK,Atalanta,it Serie A,21,2003,0,,,,,0,,0,0,,1,,,,,,,Matches
3344,Viti,es ESP,DF,Las Palmas,es La Liga,26,1997,29,1982,68,58.0,22.0,23,80,12,6,24,2,0.90,21,36,-15,-0.68,-0.31,Matches
3345,Mattia Viti,it ITA,DF,Empoli,it Serie A,22,2002,30,2572,86,75.2,28.6,30,86,25,0,,0,1.00,27,36,-9,-0.31,+1.49,Matches
3346,Vitinha,pt POR,"FW,MF",Genoa,it Serie A,24,2000,25,1328,53,38.8,14.8,16,70,3,9,23,1,1.08,16,23,-7,-0.47,-0.26,Matches
3347,Vitinha,pt POR,MF,Paris Saint-Germain,fr Ligue 1,24,2000,29,2042,70,66.7,22.7,20,89,19,9,29,2,2.48,60,22,+38,+1.67,0.00,Matches
3348,Daniel Vivian,es ESP,DF,Athletic Club,es La Liga,25,1999,32,2608,82,76.3,29.0,28,90,28,4,22,3,1.88,47,22,+25,+0.86,+0.86,Matches
3349,Odysseas Vlachodimos,gr GRE,GK,Newcastle United,eng Premier League,30,1994,0,,,,,0,,0,0,,10,,,,,,,Matches
3350,Dušan Vlahović,rs SRB,FW,Juventus,it Serie A,24,2000,29,1784,62,52.2,19.8,21,80,11,8,13,3,1.93,36,17,+19,+0.96,+0.74,Matches
3351,Vanja Vlahović,rs SRB,MF,Atalanta,it Serie A,20,2004,3,60,20,1.8,0.7,0,,0,3,20,7,1.33,1,1,0,0.00,-1.10,Matches
3352,Nikola Vlašić,hr CRO,"MF,FW",Torino,it Serie A,26,1997,30,2117,71,61.9,23.5,23,83,12,7,28,1,0.97,25,30,-5,-0.21,-0.14,Matches
3353,Alessandro Vogliacco,it ITA,DF,Genoa,it Serie A,25,1998,12,715,60,20.9,7.9,8,75,5,4,29,7,1.17,5,14,-9,-1.13,-1.03,Matches
3354,Alessandro Vogliacco,it ITA,DF,Parma,it Serie A,25,1998,10,772,77,22.6,8.6,10,77,7,0,,3,0.80,9,14,-5,-0.58,-0.28,Matches
3355,Kevin Vogt,de GER,DF,Union Berlin,de Bundesliga,32,1991,18,1367,76,44.7,15.2,16,82,10,2,29,5,1.00,12,19,-7,-0.46,+0.02,Matches
3356,Mërgim Vojvoda,xk KVX,"DF,MF",Torino,it Serie A,29,1995,17,1105,65,32.3,12.3,12,77,5,5,35,1,0.94,12,16,-4,-0.33,-0.25,Matches
3357,Mërgim Vojvoda,xk KVX,DF,Como,it Serie A,29,1995,11,717,65,21.0,8.0,8,81,5,3,22,1,2.09,12,8,+4,+0.50,+0.74,Matches
3358,Kevin Volland,de GER,"FW,MF",Union Berlin,de Bundesliga,32,1992,4,61,15,2.0,0.7,0,,0,4,15,9,0.25,1,1,0,0.00,+0.48,Matches
3359,Silvano Vos,nl NED,MF,Milan,it Serie A,19,2005,0,,,,,0,,0,0,,1,,,,,,,Matches
3360,Lionel Voufack,de GER,DF,RB Leipzig,de Bundesliga,16,2007,0,,,,,0,,0,0,,5,,,,,,,Matches
3361,Aster Vranckx,be BEL,MF,Wolfsburg,de Bundesliga,21,2002,14,556,40,18.2,6.2,6,75,2,8,13,7,1.21,7,13,-6,-0.97,-1.26,Matches
3362,Stefan de Vrij,nl NED,DF,Inter,it Serie A,32,1992,26,1726,66,50.5,19.2,18,84,15,8,26,9,2.42,46,19,+27,+1.41,+0.50,Matches
3363,Sebastian Wade,es ESP,DF,Mallorca,es La Liga,21,2003,0,,,,,0,,0,0,,1,,,,,,,Matches
3364,Ibrahima Wadji,sn SEN,FW,Saint-Étienne,fr Ligue 1,29,1995,10,347,35,11.3,3.9,2,76,0,8,25,4,0.30,5,13,-8,-2.07,-1.08,Matches
3365,Robert Wagner,de GER,MF,St Pauli,de Bundesliga,21,2003,12,407,34,13.3,4.5,5,66,1,7,11,2,0.58,2,8,-6,-1.33,-1.09,Matches
3366,Elye Wahi,ci CIV,FW,Marseille,fr Ligue 1,21,2003,13,574,44,18.8,6.4,7,62,0,6,24,2,2.00,17,8,+9,+1.41,+0.76,Matches
3367,Elye Wahi,ci CIV,FW,Eintracht Frankfurt,de Bundesliga,21,2003,8,196,25,6.4,2.2,1,71,0,7,18,3,1.63,1,9,-8,-3.67,-4.62,Matches
3368,Hauke Wahl,de GER,DF,St Pauli,de Bundesliga,30,1994,33,2970,90,97.1,33.0,33,90,33,0,,0,0.97,26,38,-12,-0.36,+0.64,Matches
3369,Kyle Walker,eng ENG,DF,Manchester City,eng Premier League,34,1990,15,970,65,28.4,10.8,9,89,8,6,29,2,1.40,13,21,-8,-0.74,-2.06,Matches
3370,Kyle Walker,eng ENG,DF,Milan,it Serie A,34,1990,11,659,60,19.3,7.3,7,79,4,4,26,0,2.09,14,9,+5,+0.68,+0.26,Matches
3371,Kyle Walker-Peters,eng ENG,"MF,DF",Southampton,eng Premier League,27,1997,33,2918,88,85.3,32.4,33,88,29,0,,2,0.30,23,77,-54,-1.67,-0.59,Matches
3372,Mika Walther,de GER,MF,RB Leipzig,de Bundesliga,16,2007,0,,,,,0,,0,0,,1,,,,,,,Matches
3373,Christian Walton,eng ENG,GK,Ipswich Town,eng Premier League,28,1995,7,630,90,18.4,7.0,7,90,7,0,,27,0.57,6,19,-13,-1.86,-0.79,Matches
3374,Sebastian Walukiewicz,pl POL,DF,Torino,it Serie A,24,2000,29,1661,57,48.6,18.5,20,72,9,9,24,5,1.28,17,19,-2,-0.11,+0.10,Matches
3375,Sebastian Walukiewicz,pl POL,DF,Empoli,it Serie A,24,2000,2,180,90,5.3,2.0,2,90,2,0,,0,2.00,2,1,+1,+0.50,+1.25,Matches
3376,Aaron Wan-Bissaka,cd COD,"DF,MF",West Ham United,eng Premier League,26,1997,36,3154,88,92.2,35.0,35,89,33,1,29,1,1.17,44,59,-15,-0.43,-0.09,Matches
3377,Paul Wanner,at AUT,"MF,FW",Heidenheim,de Bundesliga,18,2005,29,1771,61,57.9,19.7,20,74,3,9,33,4,0.72,18,38,-20,-1.02,-0.53,Matches
3378,Danny Ward,wls WAL,GK,Leicester City,eng Premier League,31,1993,2,135,68,3.9,1.5,1,90,1,1,45,14,0.00,0,6,-6,-4.00,-2.88,Matches
3379,Joel Ward,eng ENG,DF,Crystal Palace,eng Premier League,34,1989,2,71,36,2.1,0.8,1,70,0,1,1,18,3.00,3,2,+1,+1.27,+1.29,Matches
3380,James Ward-Prowse,eng ENG,MF,West Ham United,eng Premier League,29,1994,15,1039,69,30.4,11.5,12,80,6,3,25,1,1.07,12,11,+1,+0.09,+0.73,Matches
3381,James Ward-Prowse,eng ENG,MF,Nottingham Forest,eng Premier League,29,1994,9,400,44,11.7,4.4,5,75,2,4,6,9,1.56,4,7,-3,-0.68,-1.12,Matches
3382,Kjell-Arik Wätjen,de GER,MF,Dortmund,de Bundesliga,18,2006,2,16,8,0.5,0.2,0,,0,2,8,9,2.00,0,1,-1,-5.63,-6.25,Matches
3383,Ollie Watkins,eng ENG,FW,Aston Villa,eng Premier League,28,1995,38,2598,68,76.0,28.9,31,78,11,7,25,0,1.74,48,40,+8,+0.28,+0.39,Matches
3384,Timothy Weah,us USA,"MF,DF",Juventus,it Serie A,24,2000,30,1638,55,47.9,18.2,18,76,7,12,23,2,1.90,28,21,+7,+0.38,-0.42,Matches
3385,Adam Webster,eng ENG,DF,Brighton,eng Premier League,29,1995,14,887,63,25.9,9.9,11,77,8,3,14,7,2.29,26,11,+15,+1.52,+1.81,Matches
3386,Julian Weigl,de GER,MF,Gladbach,de Bundesliga,28,1995,33,2881,87,94.2,32.0,33,87,26,0,,0,1.27,49,54,-5,-0.16,-1.66,Matches
3387,Timon Weiner,de GER,GK,Holstein Kiel,de Bundesliga,25,1999,25,2250,90,73.5,25.0,25,90,25,0,,7,0.68,37,61,-24,-0.96,-0.18,Matches
3388,Nelson Weiper,de GER,FW,Mainz 05,de Bundesliga,19,2005,23,704,31,23.0,7.8,7,71,1,16,13,6,1.35,9,8,+1,+0.13,-0.29,Matches
3389,Mitchell Weiser,de GER,MF,Werder Bremen,de Bundesliga,30,1994,32,2868,90,93.7,31.9,32,90,30,0,,0,1.50,50,52,-2,-0.06,+0.41,Matches
3390,Noah Weißhaupt,de GER,"FW,MF",St Pauli,de Bundesliga,22,2001,19,1160,61,37.9,12.9,13,77,1,6,28,0,0.95,10,12,-2,-0.16,+0.37,Matches
3391,Noah Weißhaupt,de GER,"FW,MF",Freiburg,de Bundesliga,22,2001,3,80,27,2.6,0.9,0,,0,3,27,8,1.33,0,1,-1,-1.13,-1.03,Matches
3392,Danny Welbeck,eng ENG,FW,Brighton,eng Premier League,33,1990,30,2115,71,61.8,23.5,24,84,11,6,17,0,1.70,41,37,+4,+0.17,-0.04,Matches
3393,Reece Welch,eng ENG,DF,Everton,eng Premier League,20,2003,0,,,,,0,,0,0,,1,,,,,,,Matches
3394,Welington,br BRA,"MF,DF",Southampton,eng Premier League,23,2001,10,482,48,14.1,5.4,6,73,2,4,11,3,0.60,4,10,-6,-1.12,+0.53,Matches
3395,Maxwell Wellings,eng ENG,DF,Bournemouth,eng Premier League,19,2005,0,,,,,0,,0,0,,14,,,,,,,Matches
3396,Timo Werner,de GER,"FW,MF",Tottenham Hotspur,eng Premier League,28,1996,18,516,29,15.1,5.7,4,71,0,14,17,3,0.83,11,12,-1,-0.17,-0.17,Matches
3397,Adam Wharton,eng ENG,MF,Crystal Palace,eng Premier League,20,2004,20,1318,66,38.5,14.6,16,77,3,4,23,1,1.25,18,21,-3,-0.20,-0.33,Matches
3398,Ethan Wheatley,eng ENG,FW,Manchester Utd,eng Premier League,18,2006,0,,,,,0,,0,0,,5,,,,,,,Matches
3399,Ben White,eng ENG,DF,Arsenal,eng Premier League,26,1997,17,1198,70,35.0,13.3,13,86,10,4,19,3,1.47,20,13,+7,+0.53,-0.61,Matches
3400,Alfie Whiteman,eng ENG,GK,Tottenham Hotspur,eng Premier League,25,1998,0,,,,,0,,0,0,,1,,,,,,,Matches
3401,Silvan Widmer,ch SUI,MF,Mainz 05,de Bundesliga,31,1993,27,504,19,16.5,5.6,3,73,0,24,12,6,1.48,5,6,-1,-0.18,-0.64,Matches
3402,Mats Wieffer,nl NED,"DF,MF",Brighton,eng Premier League,24,1999,25,1015,41,29.7,11.3,10,79,5,15,15,3,1.60,25,22,+3,+0.27,+0.12,Matches
3403,Mateusz Wieteska,pl POL,DF,Cagliari,it Serie A,27,1997,5,184,37,5.4,2.0,1,90,1,4,24,13,0.60,2,3,-1,-0.49,-0.07,Matches
3404,Caleb Wiley,us USA,"MF,DF",Strasbourg,fr Ligue 1,19,2004,6,266,44,8.7,3.0,3,71,0,3,18,0,0.67,6,7,-1,-0.34,-0.76,Matches
3405,Luca Williams Barnett,eng ENG,FW,Tottenham Hotspur,eng Premier League,15,2008,0,,,,,0,,0,0,,1,,,,,,,Matches
3406,Iñaki Williams,gh GHA,"MF,FW",Athletic Club,es La Liga,30,1994,35,2652,76,77.5,29.5,29,86,21,6,29,0,1.80,47,23,+24,+0.81,+0.70,Matches
3407,Neco Williams,wls WAL,"DF,MF",Nottingham Forest,eng Premier League,23,2001,35,2594,74,75.8,28.8,28,88,23,7,17,3,1.77,47,31,+16,+0.56,+0.99,Matches
3408,Nico Williams,es ESP,MF,Athletic Club,es La Liga,22,2002,29,1996,69,58.4,22.2,22,82,12,7,26,0,1.83,31,16,+15,+0.68,+0.04,Matches
3409,Willian,br BRA,"MF,FW",Fulham,eng Premier League,35,1988,10,257,26,7.5,2.9,2,76,0,8,13,4,1.20,2,3,-1,-0.35,-0.38,Matches
3410,Joe Willock,eng ENG,MF,Newcastle United,eng Premier League,24,1999,32,1086,34,31.8,12.1,11,62,0,21,19,1,1.59,20,16,+4,+0.33,-0.32,Matches
3411,Callum Wilson,eng ENG,FW,Newcastle United,eng Premier League,32,1992,18,370,21,10.8,4.1,2,66,0,16,15,0,1.50,4,7,-3,-0.73,-1.44,Matches
3412,Harry Wilson,wls WAL,"MF,FW",Fulham,eng Premier League,27,1997,25,1162,46,34.0,12.9,12,77,1,13,18,3,1.28,23,21,+2,+0.15,+0.23,Matches
3413,Thomas Wilson-Brown,eng ENG,DF,Leicester City,eng Premier League,19,2004,0,,,,,0,,0,0,,1,,,,,,,Matches
3414,Josh Wilson-Esbrand,eng ENG,DF,Manchester City,eng Premier League,21,2002,0,,,,,0,,0,0,,2,,,,,,,Matches
3415,Patrick Wimmer,at AUT,"MF,FW",Wolfsburg,de Bundesliga,23,2001,29,1770,61,57.8,19.7,22,73,4,7,24,0,1.31,31,31,0,0.00,-0.14,Matches
3416,Jonas Wind,dk DEN,"FW,MF",Wolfsburg,de Bundesliga,25,1999,31,1966,63,64.2,21.8,21,81,9,10,27,2,1.19,30,31,-1,-0.05,-0.29,Matches
3417,Harry Winks,eng ENG,MF,Leicester City,eng Premier League,28,1996,22,1538,70,45.0,17.1,17,80,12,5,34,3,0.45,17,34,-17,-0.99,+0.44,Matches
3418,Ben Winterburn,eng ENG,MF,Bournemouth,eng Premier League,19,2004,4,24,6,0.7,0.3,0,,0,4,6,16,2.00,2,0,+2,+7.50,+7.23,Matches
3419,Florian Wirtz,de GER,MF,Leverkusen,de Bundesliga,21,2003,31,2351,76,76.8,26.1,25,87,17,6,28,0,1.94,58,32,+26,+1.00,+0.61,Matches
3420,Yoane Wissa,cd COD,FW,Brentford,eng Premier League,27,1996,35,2919,83,85.4,32.4,34,85,23,1,25,0,1.49,56,45,+11,+0.34,+0.70,Matches
3421,Dani de Wit,nl NED,"MF,FW",Bochum,de Bundesliga,26,1998,28,1153,41,37.7,12.8,11,78,5,17,17,5,0.75,14,40,-26,-2.03,-1.65,Matches
3422,Axel Witsel,be BEL,DF,Atlético Madrid,es La Liga,35,1989,14,852,61,24.9,9.5,9,85,8,5,17,24,2.07,17,8,+9,+0.95,-0.07,Matches
3423,Maximilian Wittek,de GER,"DF,MF",Bochum,de Bundesliga,28,1995,33,2706,82,88.4,30.1,32,84,21,1,13,0,0.67,27,64,-37,-1.23,-1.99,Matches
3424,Marius Wolf,de GER,MF,Augsburg,de Bundesliga,29,1995,32,2144,67,70.1,23.8,28,74,5,4,21,0,1.34,21,32,-11,-0.46,+0.03,Matches
3425,Nick Woltemade,de GER,"FW,MF",Stuttgart,de Bundesliga,22,2002,28,1622,58,53.0,18.0,17,82,9,11,21,5,1.36,39,28,+11,+0.61,+0.61,Matches
3426,Jeong Woo-yeong,kr KOR,"MF,FW",Union Berlin,de Bundesliga,24,1999,23,1263,55,41.3,14.0,17,66,1,6,25,0,1.13,15,22,-7,-0.50,-0.05,Matches
3427,Chris Wood,nz NZL,FW,Nottingham Forest,eng Premier League,32,1991,36,2959,82,86.5,32.9,35,84,14,1,28,0,1.72,52,37,+15,+0.46,+1.04,Matches
3428,Nathan Wood-Gordon,eng ENG,DF,Southampton,eng Premier League,22,2002,11,773,70,22.6,8.6,9,77,6,2,42,14,0.09,3,20,-17,-1.98,-0.52,Matches
3429,Christopher Wooh,cm CMR,DF,Rennes,fr Ligue 1,22,2001,20,1456,73,47.6,16.2,17,84,13,3,8,11,1.15,21,23,-2,-0.12,-0.29,Matches
3430,Luke Woolfenden,eng ENG,DF,Ipswich Town,eng Premier League,25,1998,15,1187,79,34.7,13.2,12,90,11,3,36,13,0.47,12,28,-16,-1.21,0.00,Matches
3431,Jacob Wright,eng ENG,MF,Manchester City,eng Premier League,18,2005,0,,,,,0,,0,0,,5,,,,,,,Matches
3432,Granit Xhaka,ch SUI,MF,Leverkusen,de Bundesliga,31,1992,33,2888,88,94.4,32.1,33,88,29,0,,1,2.06,69,39,+30,+0.93,+1.46,Matches
3433,Antal Yaakobishvili,hu HUN,DF,Girona,es La Liga,20,2004,0,,,,,0,,0,0,,4,,,,,,,Matches
3434,Áron Yaakobishvili,hu HUN,GK,Barcelona,es La Liga,18,2006,0,,,,,0,,0,0,,3,,,,,,,Matches
3435,Lamine Yamal,es ESP,"MF,FW",Barcelona,es La Liga,17,2007,35,2856,82,83.5,31.7,31,87,20,4,41,0,2.49,93,28,+65,+2.05,+2.37,Matches
3436,Julien Yanda,de GER,DF,St Pauli,de Bundesliga,16,2007,0,,,,,0,,0,0,,1,,,,,,,Matches
3437,Daniel Yáñez,es ESP,MF,Real Madrid,es La Liga,17,2007,1,2,2,0.1,0.0,0,,0,1,2,0,3.00,0,0,0,0.00,-1.05,Matches
3438,Erencan Yardimci,tr TUR,FW,Hoffenheim,de Bundesliga,22,2002,8,313,39,10.2,3.5,3,71,0,5,20,5,1.13,4,9,-5,-1.44,-0.88,Matches
3439,Yehor Yarmoliuk,ua UKR,MF,Brentford,eng Premier League,20,2004,31,1450,47,42.4,16.1,15,79,6,16,16,7,1.52,27,25,+2,+0.12,-0.20,Matches
3440,Ryan Yates,eng ENG,MF,Nottingham Forest,eng Premier League,26,1997,35,1915,55,56.0,21.3,18,83,13,17,25,2,1.69,25,27,-2,-0.09,-0.93,Matches
3441,John Yeboah,ec ECU,"FW,MF",Venezia,it Serie A,24,2000,33,1226,37,35.8,13.6,11,71,3,22,20,0,0.82,16,23,-7,-0.51,+0.18,Matches
3442,Bertuğ Yıldırım,tr TUR,FW,Getafe,es La Liga,22,2002,22,1083,49,31.7,12.0,14,68,2,8,16,12,1.05,5,10,-5,-0.42,-0.42,Matches
3443,Kenan Yıldız,tr TUR,MF,Juventus,it Serie A,19,2005,35,2402,69,70.2,26.7,28,80,13,7,25,1,1.94,39,16,+23,+0.86,+0.86,Matches
3444,Tony Yogane,eng ENG,MF,Brentford,eng Premier League,18,2005,0,,,,,0,,0,0,,6,,,,,,,Matches
3445,Leny Yoro,fr FRA,DF,Manchester Utd,eng Premier League,18,2005,21,1165,55,34.1,12.9,12,78,5,9,26,0,0.81,17,24,-7,-0.54,-0.42,Matches
3446,Ashley Young,eng ENG,DF,Everton,eng Premier League,39,1985,32,1875,59,54.8,20.8,19,85,14,13,20,4,1.34,21,22,-1,-0.05,+0.01,Matches
3447,Kadan Young,eng ENG,MF,Aston Villa,eng Premier League,18,2006,0,,,,,0,,0,0,,3,,,,,,,Matches
3448,Etienne Youte Kinkoue,fr FRA,DF,Le Havre,fr Ligue 1,22,2002,28,2320,83,75.8,25.8,26,88,24,2,18,1,1.11,31,52,-21,-0.81,+0.40,Matches
3449,Illia Zabarnyi,ua UKR,DF,Bournemouth,eng Premier League,21,2002,36,3109,86,90.9,34.5,35,88,30,1,45,0,1.53,53,41,+12,+0.35,+0.35,Matches
3450,Eloge Zabi,ci CIV,MF,Reims,fr Ligue 1,17,2006,2,18,9,0.6,0.2,0,,0,2,9,2,0.00,0,1,-1,-5.00,-4.62,Matches
3451,Mattia Zaccagni,it ITA,"MF,FW",Lazio,it Serie A,29,1995,34,2686,79,78.5,29.8,33,81,11,1,18,0,1.68,40,37,+3,+0.10,-1.00,Matches
3452,Dan-Axel Zagadou,fr FRA,DF,Stuttgart,de Bundesliga,25,1999,2,29,15,0.9,0.3,0,,0,2,15,1,3.00,2,1,+1,+3.10,+2.81,Matches
3453,Stephan Zagadou,fr FRA,DF,Le Havre,fr Ligue 1,15,2008,0,,,,,0,,0,0,,5,,,,,,,Matches
3454,Yoram Zague,fr FRA,DF,Paris Saint-Germain,fr Ligue 1,18,2006,4,183,46,6.0,2.0,2,58,0,2,34,18,3.00,2,3,-1,-0.49,-2.31,Matches
3455,Wilfried Zaha,ci CIV,FW,Lyon,fr Ligue 1,31,1992,4,73,18,2.4,0.8,1,52,0,3,7,3,2.50,1,1,0,0.00,-0.57,Matches
3456,Edoardo Zaia,it ITA,FW,Torino,it Serie A,17,2006,0,,,,,0,,0,0,,1,,,,,,,Matches
3457,Warren Zaïre-Emery,fr FRA,"MF,DF",Paris Saint-Germain,fr Ligue 1,18,2006,29,2050,71,67.0,22.8,23,82,15,6,26,0,2.38,61,21,+40,+1.76,+0.24,Matches
3458,Miha Zajc,si SVN,MF,Toulouse,fr Ligue 1,30,1994,19,262,14,8.6,2.9,1,72,0,18,11,12,1.16,6,5,+1,+0.34,+0.34,Matches
3459,Denis Zakaria,ch SUI,MF,Monaco,fr Ligue 1,27,1996,26,2144,82,70.1,23.8,24,87,19,2,27,1,2.04,52,24,+28,+1.18,+1.76,Matches
3460,Arsen Zakharyan,ru RUS,MF,Real Sociedad,es La Liga,21,2003,3,73,24,2.1,0.8,1,45,0,2,14,4,1.00,2,0,+2,+2.47,+2.82,Matches
3461,Nicola Zalewski,pl POL,MF,Roma,it Serie A,22,2002,12,533,44,15.6,5.9,4,71,0,8,31,6,1.08,8,9,-1,-0.17,-0.85,Matches
3462,Nicola Zalewski,pl POL,MF,Inter,it Serie A,22,2002,11,435,40,12.7,4.8,4,72,0,7,21,2,1.91,9,4,+5,+1.03,-0.14,Matches
3463,Andre-Frank Zambo Anguissa,cm CMR,MF,Napoli,it Serie A,28,1995,35,2852,81,83.4,31.7,32,86,24,3,29,0,2.14,51,23,+28,+0.88,+0.25,Matches
3464,Francesco Zampano,it ITA,MF,Venezia,it Serie A,30,1993,24,1639,68,47.9,18.2,17,86,10,7,26,11,0.75,15,29,-14,-0.77,-0.26,Matches
3465,Mattia Zanchetta,it ITA,MF,Inter,it Serie A,18,2006,0,,,,,0,,0,0,,1,,,,,,,Matches
3466,Nicolò Zaniolo,it ITA,"FW,MF",Fiorentina,it Serie A,25,1999,9,343,38,10.0,3.8,4,71,0,5,12,2,1.67,1,3,-2,-0.52,-1.14,Matches
3467,Nicolò Zaniolo,it ITA,"FW,MF",Atalanta,it Serie A,25,1999,14,356,25,10.4,4.0,0,,0,14,25,6,2.00,12,3,+9,+2.28,+1.34,Matches
3468,Alessandro Zanoli,it ITA,MF,Genoa,it Serie A,23,2000,31,1711,55,50.0,19.0,19,74,3,12,26,4,1.06,20,22,-2,-0.11,+0.42,Matches
3469,Duván Zapata,co COL,FW,Torino,it Serie A,33,1991,7,587,84,17.2,6.5,7,84,4,0,,0,1.57,11,9,+2,+0.31,+0.56,Matches
3470,Gabriele Zappa,it ITA,DF,Cagliari,it Serie A,24,1999,37,3060,83,89.5,34.0,35,87,31,2,10,0,0.97,38,54,-16,-0.47,-0.47,Matches
3471,Davide Zappacosta,it ITA,MF,Atalanta,it Serie A,32,1992,30,2067,69,60.4,23.0,26,76,10,4,24,4,1.97,48,23,+25,+1.09,+0.02,Matches
3472,Bryan Zaragoza,es ESP,"MF,FW",Osasuna,es La Liga,22,2001,27,1836,68,53.7,20.4,22,77,2,5,28,1,1.48,29,27,+2,+0.10,+0.44,Matches
3473,Anass Zaroury,ma MAR,"MF,FW",Lens,fr Ligue 1,23,2000,28,1405,50,45.9,15.6,16,74,4,12,19,4,1.39,26,22,+4,+0.26,+0.31,Matches
3474,Oier Zarraga,es ESP,MF,Udinese,it Serie A,25,1999,22,896,41,26.2,10.0,9,69,1,13,21,9,1.36,11,12,-1,-0.10,+0.40,Matches
3475,Matteo Zazza,it ITA,DF,Lazio,it Serie A,19,2005,0,,,,,0,,0,0,,1,,,,,,,Matches
3476,David Zec,si SVN,DF,Holstein Kiel,de Bundesliga,24,2000,18,1541,86,50.4,17.1,18,86,14,0,,0,0.94,28,39,-11,-0.64,+0.54,Matches
3477,Akim Zedadka,dz ALG,DF,Lille,fr Ligue 1,29,1995,0,,,,,0,,0,0,,4,,,,,,,Matches
3478,Jordan Zemura,zw ZIM,"MF,DF",Udinese,it Serie A,24,1999,23,1415,62,41.4,15.7,13,86,9,10,30,11,0.96,17,28,-11,-0.70,-0.52,Matches
3479,Robin Zentner,de GER,GK,Mainz 05,de Bundesliga,29,1994,32,2880,90,94.1,32.0,32,90,32,0,,0,1.50,50,41,+9,+0.28,-1.22,Matches
3480,Alessio Zerbin,it ITA,MF,Venezia,it Serie A,25,1999,18,1518,84,44.4,16.9,17,88,14,1,15,0,0.83,12,22,-10,-0.59,+0.07,Matches
3481,Alessio Zerbin,it ITA,"FW,MF",Napoli,it Serie A,25,1999,2,2,1,0.1,0.0,0,,0,2,1,17,3.00,0,0,0,0.00,-0.84,Matches
3482,Kevin Zeroli,it ITA,MF,Monza,it Serie A,19,2005,8,395,49,11.5,4.4,4,74,1,4,25,2,0.63,6,12,-6,-1.37,-0.33,Matches
3483,Kevin Zeroli,it ITA,MF,Milan,it Serie A,19,2005,1,12,12,0.4,0.1,0,,0,1,12,11,3.00,0,0,0,0.00,-0.48,Matches
3484,Cedric Zesiger,ch SUI,DF,Augsburg,de Bundesliga,26,1998,15,1221,81,39.9,13.6,15,81,10,0,,0,1.33,10,12,-2,-0.15,+0.54,Matches
3485,Cedric Zesiger,ch SUI,DF,Wolfsburg,de Bundesliga,26,1998,7,522,75,17.1,5.8,5,90,5,2,36,9,1.43,12,12,0,0.00,-0.07,Matches
3486,Michael Zetterer,de GER,GK,Werder Bremen,de Bundesliga,29,1995,34,3060,90,100.0,34.0,34,90,34,0,,0,1.50,54,57,-3,-0.09,,Matches
3487,Nathan Zeze,fr FRA,DF,Nantes,fr Ligue 1,19,2005,18,1512,84,49.4,16.8,17,88,15,1,19,4,1.17,17,20,-3,-0.18,+0.40,Matches
3488,Edon Zhegrova,xk KVX,MF,Lille,fr Ligue 1,25,1999,12,978,82,32.0,10.9,12,82,4,0,,0,1.67,18,11,+7,+0.64,+0.26,Matches
3489,Piotr Zieliński,pl POL,MF,Inter,it Serie A,30,1994,26,980,38,28.7,10.9,8,76,3,18,21,4,2.12,26,8,+18,+1.65,+0.69,Matches
3490,Oleksandr Zinchenko,ua UKR,"DF,MF",Arsenal,eng Premier League,27,1996,15,527,35,15.4,5.9,5,72,1,10,17,16,1.87,9,1,+8,+1.37,+0.53,Matches
3491,Melvin Zinga,fr FRA,GK,Angers,fr Ligue 1,22,2002,1,90,90,2.9,1.0,1,90,1,0,,33,0.00,0,2,-2,-2.00,-1.42,Matches
3492,Leopold Zingerle,de GER,GK,RB Leipzig,de Bundesliga,30,1994,0,,,,,0,,0,0,,14,,,,,,,Matches
3493,Joshua Zirkzee,nl NED,"FW,MF",Manchester Utd,eng Premier League,23,2001,32,1402,44,41.0,15.6,14,72,4,18,22,0,1.19,26,24,+2,+0.13,+0.66,Matches
3494,Budu Zivzivadze,ge GEO,FW,Heidenheim,de Bundesliga,30,1994,15,958,64,31.3,10.6,10,84,8,5,23,0,1.07,13,16,-3,-0.28,+0.75,Matches
3495,Luck Zogbé,ci CIV,DF,Brest,fr Ligue 1,19,2005,13,638,49,20.8,7.1,7,79,6,6,14,17,1.69,15,14,+1,+0.14,+0.44,Matches
3496,Nadir Zortea,it ITA,MF,Cagliari,it Serie A,25,1999,35,2713,78,79.3,30.1,33,81,17,2,26,1,0.97,34,51,-17,-0.56,-0.69,Matches
3497,Aristide Zossou,ci CIV,MF,Auxerre,fr Ligue 1,19,2005,3,16,5,0.5,0.2,0,,0,3,5,5,0.00,0,2,-2,-11.25,-11.22,Matches
3498,Yanis Zouaoui,dz ALG,"DF,MF",Le Havre,fr Ligue 1,26,1998,17,976,57,31.9,10.8,9,85,7,8,26,13,1.06,14,20,-6,-0.55,+0.53,Matches
3499,Igor Zubeldia,es ESP,DF,Real Sociedad,es La Liga,27,1997,28,2269,81,66.3,25.2,27,82,22,1,45,1,1.14,22,28,-6,-0.24,+0.15,Matches
3500,Martín Zubimendi,es ESP,MF,Real Sociedad,es La Liga,25,1999,36,2962,82,86.6,32.9,33,87,30,3,32,0,1.25,31,38,-7,-0.21,+0.57,Matches
3501,Edhy Zuliani,fr FRA,MF,Toulouse,fr Ligue 1,19,2004,1,9,9,0.3,0.1,0,,0,1,9,12,1.00,1,0,+1,+10.00,+10.00,Matches
3502,Szymon Żurkowski,pl POL,MF,Empoli,it Serie A,26,1997,5,106,21,3.1,1.2,0,,0,5,21,2,0.00,0,8,-8,-6.79,-6.30,Matches
3503,Oliwier Zych,pl POL,GK,Aston Villa,eng Premier League,20,2004,0,,,,,0,,0,0,,9,,,,,,,Matches
3504,Martin Ødegaard,no NOR,MF,Arsenal,eng Premier League,25,1998,30,2325,78,68.0,25.8,26,86,14,4,23,0,2.00,50,21,+29,+1.12,+0.63,Matches
3505,Luka Đurić,rs SRB,MF,Hoffenheim,de Bundesliga,21,2003,0,,,,,0,,0,0,,1,,,,,,,Matches
3506,Milan Đurić,ba BIH,FW,Monza,it Serie A,34,1990,18,1270,71,37.1,14.1,13,84,8,5,35,0,0.67,16,23,-7,-0.50,+0.93,Matches
3507,Milan Đurić,ba BIH,FW,Parma,it Serie A,34,1990,9,268,30,7.8,3.0,3,63,1,6,13,3,0.44,3,7,-4,-1.34,-1.06,Matches
3508,Maik Łukowicz,pl POL,FW,Werder Bremen,de Bundesliga,29,1995,0,,,,,0,,0,0,,1,,,,,,,Matches
