Rk,Player,Nation,Pos,Squad,Comp,Age,Born,90s,Standard_Gls,Standard_Sh,Standard_SoT,Standard_SoT%,Standard_Sh/90,Standard_SoT/90,Standard_G/Sh,Standard_G/SoT,Standard_PK,Standard_PKatt,Matches
1,Brenden Aaronson,us USA,"MF,FW",Leeds United,eng Premier League,25-212,2000,26.2,4,43,16,37.2,1.64,0.61,0.09,0.25,0,0,Matches
2,Zach Abbott,eng ENG,DF,Nottingham Forest,eng Premier League,20-009,2006,1.8,0,0,0,,0.00,0.00,,,0,0,Matches
3,Jones El-Abdellaoui,ma MAR,"MF,FW",Celta Vigo,es La Liga,20-130,2006,7.6,2,17,4,23.5,2.25,0.53,0.12,0.50,0,0,Matches
4,Himad Abdelli,dz ALG,MF,Marseille,fr Ligue 1,26-186,1999,1.5,0,4,1,25.0,2.61,0.65,0.00,0.00,0,0,Matches
5,Himad Abdelli,dz ALG,MF,Angers,fr Ligue 1,26-186,1999,10.5,2,11,5,45.5,1.05,0.48,0.00,0.00,2,2,Matches
6,Ali Abdi,tn TUN,"MF,DF",Nice,fr Ligue 1,32-153,1993,13.2,3,16,4,25.0,1.21,0.30,0.19,0.75,0,0,Matches
7,Salis Abdul Samed,gh GHA,MF,Nice,fr Ligue 1,26-057,2000,10.1,0,1,0,0.0,0.10,0.00,0.00,,0,0,Matches
8,Saud Abdulhamid,sa KSA,MF,Lens,fr Ligue 1,26-308,1999,15.0,2,8,3,37.5,0.53,0.20,0.25,0.67,0,0,Matches
9,Tay Abed,il ISR,MF,Levante,es La Liga,22-075,2004,0.5,0,0,0,,0.00,0.00,,,0,0,Matches
10,Laurent Abergel,fr FRA,MF,Lorient,fr Ligue 1,33-110,1993,25.8,1,22,5,22.7,0.85,0.19,0.05,0.20,0,0,Matches
11,Matthis Abline,fr FRA,"FW,MF",Nantes,fr Ligue 1,23-055,2003,27.7,6,84,22,26.2,3.03,0.79,0.07,0.27,0,1,Matches
12,Abner,br BRA,"DF,MF",Lyon,fr Ligue 1,25-360,2000,23.9,3,17,7,41.2,0.71,0.29,0.18,0.43,0,0,Matches
13,Zakaria Aboukhlal,ma MAR,MF,Torino,it Serie A,26-093,2000,5.7,0,7,2,28.6,1.23,0.35,0.00,0.00,0,0,Matches
14,Abdel Abqar,ma MAR,DF,Getafe,es La Liga,27-073,1999,15.0,0,7,1,14.3,0.47,0.07,0.00,0.00,0,0,Matches
15,Tammy Abraham,eng ENG,FW,Aston Villa,eng Premier League,28-232,1997,3.2,2,9,3,33.3,2.83,0.94,0.22,0.67,0,0,Matches
16,Francis Abu,gh GHA,MF,Toulouse,fr Ligue 1,25-025,2001,5.8,0,6,0,0.0,1.03,0.00,0.00,,0,0,Matches
17,Giorgi Abuashvili,ge GEO,"MF,FW",Metz,fr Ligue 1,23-103,2003,7.8,2,23,9,39.1,2.97,1.16,0.09,0.22,0,0,Matches
18,Mathieu Acapandié,mg MAD,"DF,MF",Nantes,fr Ligue 1,21-159,2004,2.9,0,0,0,,0.00,0.00,,,0,0,Matches
19,Francesco Acerbi,it ITA,DF,Inter,it Serie A,38-101,1988,15.3,0,3,1,33.3,0.20,0.07,0.00,0.00,0,0,Matches
20,Ragnar Ache,de GER,FW,Köln,de Bundesliga,27-298,1998,19.1,7,52,22,42.3,2.72,1.15,0.13,0.32,0,0,Matches
21,Joshua Acheampong,eng ENG,DF,Chelsea,eng Premier League,20-017,2006,7.3,1,3,2,66.7,0.41,0.27,0.33,0.50,0,0,Matches
22,Akor Adams,ng NGA,FW,Sevilla,es La Liga,26-113,2000,22.6,10,60,30,50.0,2.65,1.33,0.12,0.23,3,3,Matches
23,Che Adams,sct SCO,FW,Torino,it Serie A,29-313,1996,20.6,5,51,16,31.4,2.47,0.78,0.10,0.31,0,0,Matches
24,Tyler Adams,us USA,MF,Bournemouth,eng Premier League,27-097,1999,18.7,2,9,6,66.7,0.48,0.32,0.22,0.33,0,0,Matches
25,Junior Adamu,at AUT,FW,Freiburg,de Bundesliga,24-350,2001,5.0,1,8,3,37.5,1.61,0.61,0.13,0.33,0,0,Matches
26,Tosin Adarabioyo,eng ENG,DF,Chelsea,eng Premier League,28-240,1997,8.8,0,2,0,0.0,0.23,0.00,0.00,,0,0,Matches
27,Jayden Addai,nl NED,MF,Como,it Serie A,20-269,2005,7.6,3,13,6,46.2,1.71,0.79,0.23,0.50,0,0,Matches
28,Karim Adeyemi,de GER,"MF,FW",Dortmund,de Bundesliga,24-124,2002,13.3,7,31,14,45.2,2.33,1.05,0.23,0.50,0,0,Matches
29,Simon Adingra,ci CIV,"MF,FW",Sunderland,eng Premier League,24-141,2002,7.3,1,6,2,33.3,0.83,0.28,0.17,0.50,0,0,Matches
30,Simon Adingra,ci CIV,"MF,FW",Monaco,fr Ligue 1,24-141,2002,9.5,3,22,6,27.3,2.32,0.63,0.14,0.50,0,0,Matches
31,Nathaniel Adjei,gh GHA,DF,Lorient,fr Ligue 1,23-274,2002,9.3,0,4,2,50.0,0.43,0.22,0.00,0.00,0,0,Matches
32,Jonas Adjetey,gh GHA,DF,Wolfsburg,de Bundesliga,22-160,2003,1.5,0,3,0,0.0,1.97,0.00,0.00,,0,0,Matches
33,Amine Adli,ma MAR,MF,Bournemouth,eng Premier League,26-012,2000,11.9,3,20,9,45.0,1.67,0.75,0.15,0.33,0,0,Matches
34,Vasilije Adžić,me MNE,MF,Juventus,it Serie A,20-010,2006,1.9,1,6,4,66.7,3.16,2.11,0.17,0.25,0,0,Matches
35,Michel Aebischer,ch SUI,MF,Pisa,it Serie A,29-136,1997,31.5,1,19,5,26.3,0.60,0.16,0.05,0.20,0,0,Matches
36,David Affengruber,at AUT,DF,Elche,es La Liga,25-064,2001,31.8,1,14,4,28.6,0.44,0.13,0.07,0.25,0,0,Matches
37,Dapo Afolayan,eng ENG,MF,St Pauli,de Bundesliga,28-253,1997,1.7,0,4,2,50.0,2.40,1.20,0.00,0.00,0,0,Matches
38,Emmanuel Agbadou,ci CIV,DF,Wolves,eng Premier League,28-339,1997,12.2,0,10,3,30.0,0.82,0.25,0.00,0.00,0,0,Matches
39,Julen Agirrezabala,es ESP,GK,Valencia,es La Liga,25-147,2000,18.0,0,0,0,,0.00,0.00,,,0,0,Matches
40,Lucien Agoume,fr FRA,MF,Sevilla,es La Liga,24-102,2002,28.9,1,15,2,13.3,0.52,0.07,0.07,0.50,0,0,Matches
41,Felix Agu,ng NGA,"DF,MF",Werder Bremen,de Bundesliga,26-237,1999,8.3,0,2,1,50.0,0.24,0.12,0.00,0.00,0,0,Matches
42,Diego Aguado,es ESP,DF,Real Madrid,es La Liga,19-104,2007,0.3,0,0,0,,0.00,0.00,,,0,0,Matches
43,Marc Aguado,es ESP,MF,Elche,es La Liga,26-089,2000,26.8,1,3,2,66.7,0.11,0.07,0.33,0.50,0,0,Matches
44,Pablo Agudín,es ESP,MF,Oviedo,es La Liga,18-195,2007,1.0,0,2,0,0.0,2.00,0.00,0.00,,0,0,Matches
45,Nayef Aguerd,ma MAR,DF,Marseille,fr Ligue 1,30-053,1996,15.5,1,10,2,20.0,0.64,0.13,0.10,0.50,0,0,Matches
46,Nayef Aguerd,ma MAR,DF,West Ham United,eng Premier League,30-053,1996,2.0,0,2,0,0.0,1.00,0.00,0.00,,0,0,Matches
47,Ruben Aguilar,fr FRA,MF,Lens,fr Ligue 1,33-026,1993,19.1,2,13,3,23.1,0.68,0.16,0.15,0.67,0,0,Matches
48,Ibai Aguirre,es ESP,MF,Real Sociedad,es La Liga,19-132,2007,0.1,0,0,0,,0.00,0.00,,,0,0,Matches
49,Naouirou Ahamada,fr FRA,MF,Auxerre,fr Ligue 1,24-054,2002,7.6,0,6,1,16.7,0.79,0.13,0.00,0.00,0,0,Matches
50,Honest Ahanor,it ITA,DF,Atalanta,it Serie A,18-088,2008,14.3,0,12,3,25.0,0.84,0.21,0.00,0.00,0,0,Matches
51,Lucas Ahijado,es ESP,DF,Oviedo,es La Liga,31-112,1995,12.0,0,10,2,20.0,0.83,0.17,0.00,0.00,0,0,Matches
52,Joseph Aidoo,gh GHA,DF,Celta Vigo,es La Liga,30-235,1995,7.1,0,2,0,0.0,0.28,0.00,0.00,,0,0,Matches
53,Ola Aina,ng NGA,DF,Nottingham Forest,eng Premier League,29-226,1996,17.6,0,12,1,8.3,0.68,0.06,0.00,0.00,0,0,Matches
54,Abdelhamid Ait Boudlal,ma MAR,DF,Rennes,fr Ligue 1,20-036,2006,15.6,2,13,4,30.8,0.83,0.26,0.15,0.50,0,0,Matches
55,Rayan Aït-Nouri,dz ALG,DF,Manchester City,eng Premier League,24-350,2001,10.7,0,10,2,20.0,0.94,0.19,0.00,0.00,0,0,Matches
56,Tosin Aiyegun,bj BEN,"FW,MF",Lorient,fr Ligue 1,27-330,1998,11.9,5,30,12,40.0,2.52,1.01,0.17,0.42,0,1,Matches
57,Junior Ajayi,ci CIV,FW,Hellas Verona,it Serie A,21-223,2004,0.0,0,0,0,,0.00,0.00,,,0,0,Matches
58,Kristoffer Ajer,no NOR,DF,Brentford,eng Premier League,28-035,1998,20.1,0,10,3,30.0,0.50,0.15,0.00,0.00,0,0,Matches
59,Ludovic Ajorque,fr FRA,FW,Brest,fr Ligue 1,32-086,1994,31.3,8,55,17,30.9,1.76,0.54,0.15,0.47,0,0,Matches
60,Manuel Akanji,ch SUI,DF,Inter,it Serie A,30-307,1995,31.3,2,23,6,26.1,0.73,0.19,0.09,0.33,0,0,Matches
61,Nathan Aké,nl NED,DF,Manchester City,eng Premier League,31-093,1995,6.9,0,6,1,16.7,0.87,0.15,0.00,0.00,0,0,Matches
62,Ilias Akhomach,ma MAR,MF,Villarreal,es La Liga,22-036,2004,2.1,0,6,2,33.3,2.87,0.96,0.00,0.00,0,0,Matches
63,Ilias Akhomach,ma MAR,"MF,FW",Rayo Vallecano,es La Liga,22-036,2004,7.9,0,18,6,33.3,2.28,0.76,0.00,0.00,0,0,Matches
64,Ebenezer Akinsanmiro,ng NGA,MF,Pisa,it Serie A,21-178,2004,15.5,0,13,3,23.1,0.84,0.19,0.00,0.00,0,0,Matches
65,Maghnes Akliouche,fr FRA,"MF,FW",Monaco,fr Ligue 1,24-086,2002,26.7,6,48,19,39.6,1.80,0.71,0.13,0.32,0,0,Matches
66,Clément Akpa,ci CIV,DF,Auxerre,fr Ligue 1,24-179,2001,21.6,0,6,0,0.0,0.28,0.00,0.00,,0,0,Matches
67,Jean-Daniel Akpa-Akpro,ci CIV,MF,Hellas Verona,it Serie A,33-223,1992,15.7,1,13,4,30.8,0.83,0.25,0.08,0.25,0,0,Matches
68,Kevin Akpoguma,ng NGA,DF,Hoffenheim,de Bundesliga,31-033,1995,0.7,0,0,0,,0.00,0.00,,,0,0,Matches
69,Al-Musrati,ly LBY,MF,Hellas Verona,it Serie A,30-046,1996,9.0,0,8,1,12.5,0.89,0.11,0.00,0.00,0,0,Matches
70,David Alaba,at AUT,DF,Real Madrid,es La Liga,33-332,1992,3.9,0,3,1,33.3,0.76,0.25,0.00,0.00,0,0,Matches
71,Agustín Albarracín,uy URU,FW,Cagliari,it Serie A,20-266,2005,0.4,0,0,0,,0.00,0.00,,,0,0,Matches
72,Mathis Albert,us USA,FW,Dortmund,de Bundesliga,17-001,2009,0.0,0,0,0,,0.00,0.00,,,0,0,Matches
73,Raúl Albiol,es ESP,DF,Pisa,it Serie A,40-260,1985,5.6,0,1,0,0.0,0.18,0.00,0.00,,0,0,Matches
74,Carlos Alcaraz,ar ARG,MF,Everton,eng Premier League,23-173,2002,7.6,0,19,5,26.3,2.51,0.66,0.00,0.00,0,0,Matches
75,Omar Alderete,py PAR,DF,Sunderland,eng Premier League,29-147,1996,31.1,1,24,9,37.5,0.77,0.29,0.04,0.11,0,0,Matches
76,Alexandre Alemão,br BRA,FW,Rayo Vallecano,es La Liga,28-051,1998,12.3,4,24,12,50.0,1.95,0.98,0.17,0.33,0,0,Matches
77,Carles Aleñá,es ESP,MF,Alavés,es La Liga,28-137,1998,22.1,0,29,5,17.2,1.31,0.23,0.00,0.00,0,0,Matches
78,Trent Alexander-Arnold,eng ENG,DF,Real Madrid,es La Liga,27-227,1998,12.9,0,10,2,20.0,0.77,0.15,0.00,0.00,0,0,Matches
79,Alfon,es ESP,MF,Villarreal,es La Liga,27-018,1999,3.7,1,6,3,50.0,1.62,0.81,0.17,0.33,0,0,Matches
80,Alfon,es ESP,MF,Sevilla,es La Liga,27-018,1999,3.5,1,11,7,63.6,3.17,2.02,0.09,0.14,0,0,Matches
81,Mohamed Ali Cho,fr FRA,"FW,MF",Nice,fr Ligue 1,22-123,2004,18.5,4,32,14,43.8,1.73,0.76,0.13,0.29,0,0,Matches
82,Alisson,br BRA,GK,Liverpool,eng Premier League,33-232,1992,25.0,0,0,0,,0.00,0.00,,,0,0,Matches
83,Jim Allevinah,ga GAB,MF,Angers,fr Ligue 1,31-084,1995,1.5,1,5,1,20.0,3.38,0.68,0.20,1.00,0,0,Matches
84,Max Alleyne,eng ENG,DF,Manchester City,eng Premier League,20-305,2005,1.5,0,2,1,50.0,1.33,0.67,0.00,0.00,0,0,Matches
85,Thiago Almada,ar ARG,"MF,FW",Atlético Madrid,es La Liga,25-026,2001,14.6,3,21,10,47.6,1.44,0.69,0.14,0.30,0,0,Matches
86,Domingos André Ribeiro Almeida,pt POR,MF,Valencia,es La Liga,25-357,2000,11.3,0,9,3,33.3,0.80,0.27,0.00,0.00,0,0,Matches
87,Pontus Almqvist,se SWE,MF,Parma,it Serie A,26-316,1999,4.9,0,3,2,66.7,0.62,0.41,0.00,0.00,0,0,Matches
88,Marcos Alonso,es ESP,DF,Celta Vigo,es La Liga,35-145,1990,29.8,1,23,3,13.0,0.77,0.10,0.00,0.00,1,1,Matches
89,Adrià Altimira,es ESP,"DF,MF",Villarreal,es La Liga,25-055,2001,0.1,0,0,0,,0.00,0.00,,,0,0,Matches
90,Sergi Altimira,es ESP,MF,Real Betis,es La Liga,24-270,2001,13.2,1,7,3,42.9,0.53,0.23,0.14,0.33,0,0,Matches
91,Carlos Álvarez,es ESP,MF,Levante,es La Liga,22-289,2003,21.0,3,30,11,36.7,1.43,0.52,0.10,0.27,0,0,Matches
92,Hugo Álvarez,es ESP,"FW,MF",Celta Vigo,es La Liga,22-324,2003,14.6,4,13,8,61.5,0.89,0.55,0.31,0.50,0,0,Matches
93,Julián Álvarez,ar ARG,FW,Atlético Madrid,es La Liga,26-111,2000,21.1,8,54,26,48.1,2.56,1.23,0.11,0.23,2,3,Matches
94,Yeray Álvarez,es ESP,DF,Athletic Club,es La Liga,31-118,1995,5.2,0,1,0,0.0,0.19,0.00,0.00,,0,0,Matches
95,Skelly Alvero,fr FRA,MF,Werder Bremen,de Bundesliga,24-018,2002,0.4,0,0,0,,0.00,0.00,,,0,0,Matches
96,Ayoube Amaimouni Echghouyab,ma MAR,"MF,FW",Eintracht Frankfurt,de Bundesliga,21-173,2004,6.5,2,12,7,58.3,1.84,1.08,0.17,0.29,0,0,Matches
97,Jaydon Amauri Banel,nl NED,"FW,MF",Burnley,eng Premier League,21-215,2004,0.1,0,0,0,,0.00,0.00,,,0,0,Matches
98,Giuseppe Ambrosino,it ITA,FW,Napoli,it Serie A,22-254,2003,0.4,0,0,0,,0.00,0.00,,,0,0,Matches
99,Zeki Amdouni,ch SUI,"FW,MF",Burnley,eng Premier League,25-169,2000,0.5,0,3,1,33.3,5.63,1.87,0.00,0.00,0,0,Matches
100,Aurele Amenda,ch SUI,DF,Eintracht Frankfurt,de Bundesliga,22-295,2003,18.6,0,10,2,20.0,0.54,0.11,0.00,0.00,0,0,Matches
101,Kelvin Amian,fr FRA,DF,Nantes,fr Ligue 1,28-103,1998,21.8,0,10,2,20.0,0.46,0.09,0.00,0.00,0,0,Matches
102,Mohamed Amine Sbai,fr FRA,"MF,FW",Angers,fr Ligue 1,25-198,2000,20.2,3,34,16,47.1,1.68,0.79,0.09,0.19,0,1,Matches
103,Michael Amir Murillo,pa PAN,"DF,MF",Marseille,fr Ligue 1,30-100,1996,11.0,2,9,2,22.2,0.82,0.18,0.22,1.00,0,0,Matches
104,Nadiem Amiri,de GER,MF,Mainz 05,de Bundesliga,29-207,1996,23.1,12,54,22,40.7,2.33,0.95,0.07,0.18,8,8,Matches
105,Samuel Amo-Ameyaw,eng ENG,"MF,DF",Strasbourg,fr Ligue 1,19-308,2006,11.6,2,17,5,29.4,1.46,0.43,0.12,0.40,0,0,Matches
106,Amorim,br BRA,MF,Genoa,it Serie A,21-004,2005,5.4,0,2,0,0.0,0.37,0.00,0.00,,0,0,Matches
107,Mathis Amougou,fr FRA,MF,Strasbourg,fr Ligue 1,20-124,2006,4.5,0,3,2,66.7,0.66,0.44,0.00,0.00,0,0,Matches
108,Mohamed Amoura,dz ALG,"FW,MF",Wolfsburg,de Bundesliga,26-013,2000,21.3,8,60,19,31.7,2.81,0.89,0.12,0.37,1,1,Matches
109,Ethan Ampadu,wls WAL,MF,Leeds United,eng Premier League,25-250,2000,33.7,1,26,6,23.1,0.77,0.18,0.04,0.17,0,0,Matches
110,Sofyan Amrabat,ma MAR,MF,Real Betis,es La Liga,29-274,1996,14.4,0,8,1,12.5,0.56,0.07,0.00,0.00,0,0,Matches
111,Joachim Andersen,dk DEN,DF,Fulham,eng Premier League,29-356,1996,31.9,0,16,4,25.0,0.50,0.13,0.00,0.00,0,0,Matches
112,Elliot Anderson,eng ENG,MF,Nottingham Forest,eng Premier League,23-197,2002,36.3,4,43,10,23.3,1.18,0.28,0.07,0.30,1,1,Matches
113,Tomoya Ando,jp JPN,DF,St Pauli,de Bundesliga,27-132,1999,14.0,0,8,2,25.0,0.57,0.14,0.00,0.00,0,0,Matches
114,Nícolas Andrade,br BRA,GK,Pisa,it Serie A,38-040,1988,6.0,0,0,0,,0.00,0.00,,,0,0,Matches
115,André,br BRA,MF,Wolves,eng Premier League,24-310,2001,29.7,1,14,1,7.1,0.47,0.03,0.07,1.00,0,0,Matches
116,Benjamin André,fr FRA,MF,Lille,fr Ligue 1,35-292,1990,25.9,2,27,6,22.2,1.04,0.23,0.07,0.33,0,0,Matches
117,Robert Andrich,de GER,"DF,MF",Leverkusen,de Bundesliga,31-242,1994,28.3,2,12,3,25.0,0.42,0.11,0.17,0.67,0,0,Matches
118,Manuel Ángel,es ESP,MF,Real Madrid,es La Liga,22-068,2004,1.1,0,2,1,50.0,1.87,0.94,0.00,0.00,0,0,Matches
119,Miguel Ángel Rubio,es ESP,DF,Espanyol,es La Liga,28-072,1998,2.3,1,2,1,50.0,0.87,0.44,0.50,1.00,0,0,Matches
120,Miguel Ángel Sierra,es ESP,FW,Sevilla,es La Liga,21-312,2004,0.7,0,4,1,25.0,5.81,1.45,0.00,0.00,0,0,Matches
121,Angeliño,es ESP,MF,Roma,it Serie A,29-138,1997,4.6,0,5,2,40.0,1.08,0.43,0.00,0.00,0,0,Matches
122,Samuele Angori,it ITA,MF,Pisa,it Serie A,22-227,2003,27.9,0,13,2,15.4,0.47,0.07,0.00,0.00,0,0,Matches
123,Nilson Angulo,ec ECU,MF,Sunderland,eng Premier League,22-337,2003,3.8,0,3,2,66.7,0.78,0.52,0.00,0.00,0,0,Matches
124,Faustino Anjorin,eng ENG,MF,Torino,it Serie A,24-180,2001,3.2,0,4,1,25.0,1.25,0.31,0.00,0.00,0,0,Matches
125,Ilyas Ansah,de GER,"MF,FW",Union Berlin,de Bundesliga,21-195,2004,21.0,5,33,12,36.4,1.57,0.57,0.15,0.42,0,0,Matches
126,Aaron Anselmino,ar ARG,DF,Dortmund,de Bundesliga,21-023,2005,4.1,1,1,1,100.0,0.24,0.24,1.00,1.00,0,0,Matches
127,Aaron Anselmino,ar ARG,DF,Strasbourg,fr Ligue 1,21-023,2005,0.2,0,0,0,,0.00,0.00,,,0,0,Matches
128,Andrés Antañón,es ESP,FW,Celta Vigo,es La Liga,19-120,2007,0.7,0,2,2,100.0,2.86,2.86,0.00,0.00,0,0,Matches
129,Jaidon Anthony,eng ENG,MF,Burnley,eng Premier League,26-172,1999,29.3,8,53,22,41.5,1.81,0.75,0.15,0.36,0,0,Matches
130,Waldemar Anton,de GER,DF,Dortmund,de Bundesliga,29-306,1996,32.0,2,16,6,37.5,0.50,0.19,0.13,0.33,0,0,Matches
131,Kyllian Antonio,fr FRA,DF,Lens,fr Ligue 1,18-138,2008,2.1,0,1,0,0.0,0.47,0.00,0.00,,0,0,Matches
132,Antoniu,es ESP,MF,Espanyol,es La Liga,23-259,2002,2.7,0,4,0,0.0,1.48,0.00,0.00,,0,0,Matches
133,Antony,br BRA,"MF,FW",Real Betis,es La Liga,26-087,2000,26.2,8,85,33,38.8,3.25,1.26,0.09,0.24,0,0,Matches
134,Youssef El-Arabi,ma MAR,FW,Nantes,fr Ligue 1,39-108,1987,10.5,3,15,9,60.0,1.43,0.86,0.20,0.33,0,1,Matches
135,Mauro Arambarri,uy URU,MF,Getafe,es La Liga,30-234,1995,35.1,6,58,19,32.8,1.65,0.54,0.07,0.21,2,3,Matches
136,Jon Aramburu,ve VEN,DF,Real Sociedad,es La Liga,23-303,2002,30.0,1,21,5,23.8,0.70,0.17,0.05,0.20,0,0,Matches
137,Juan Arango,ve VEN,MF,Girona,es La Liga,19-355,2006,0.2,0,0,0,,0.00,0.00,,,0,0,Matches
138,Ronald Araújo,uy URU,DF,Barcelona,es La Liga,27-076,1999,11.4,3,11,5,45.5,0.96,0.44,0.27,0.60,0,0,Matches
139,Carlens Arcus,ht HAI,DF,Angers,fr Ligue 1,29-328,1996,22.7,0,9,1,11.1,0.40,0.04,0.00,0.00,0,0,Matches
140,Antonio Arena,it ITA,FW,Roma,it Serie A,17-101,2009,0.3,0,2,0,0.0,7.83,0.00,0.00,,0,0,Matches
141,Alphonse Areola,fr FRA,GK,West Ham United,eng Premier League,33-084,1993,20.0,0,0,0,,0.00,0.00,,,0,0,Matches
142,Jesús Areso,es ESP,DF,Athletic Club,es La Liga,26-324,1999,16.7,0,3,0,0.0,0.18,0.00,0.00,,0,0,Matches
143,Jeremy Arévalo,ec ECU,FW,Stuttgart,de Bundesliga,21-064,2005,0.4,0,3,1,33.3,7.11,2.37,0.00,0.00,0,0,Matches
144,Paul Argney,fr FRA,GK,Le Havre,fr Ligue 1,19-364,2006,1.0,0,0,0,,0.00,0.00,,,0,0,Matches
145,Iñigo Arguibide,es ESP,DF,Osasuna,es La Liga,21-033,2005,2.1,0,0,0,,0.00,0.00,,,0,0,Matches
146,Jhon Arias,co COL,"FW,MF",Wolves,eng Premier League,28-243,1997,12.5,1,16,3,18.8,1.28,0.24,0.06,0.33,0,0,Matches
147,Juan Arizala,co COL,MF,Udinese,it Serie A,20-224,2005,2.1,0,1,1,100.0,0.47,0.47,0.00,0.00,0,0,Matches
148,Adam Armstrong,eng ENG,"FW,MF",Wolves,eng Premier League,29-101,1997,11.9,1,17,5,29.4,1.43,0.42,0.06,0.20,0,0,Matches
149,Harrison Armstrong,eng ENG,MF,Everton,eng Premier League,19-123,2007,5.6,0,5,2,40.0,0.90,0.36,0.00,0.00,0,0,Matches
150,Maximilian Arnold,de GER,MF,Wolfsburg,de Bundesliga,31-360,1994,20.7,1,13,5,38.5,0.63,0.24,0.08,0.20,0,0,Matches
151,Tolu Arokodare,ng NGA,FW,Wolves,eng Premier League,25-180,2000,15.5,3,45,16,35.6,2.91,1.03,0.07,0.19,0,1,Matches
152,Love Arrhov,se SWE,MF,Eintracht Frankfurt,de Bundesliga,18-005,2008,0.7,0,0,0,,0.00,0.00,,,0,0,Matches
153,Kervin Arriaga,hn HON,MF,Levante,es La Liga,28-137,1998,16.5,3,16,6,37.5,0.97,0.36,0.19,0.50,0,0,Matches
154,Arthur,br BRA,MF,Leverkusen,de Bundesliga,23-066,2003,12.6,1,10,2,20.0,0.79,0.16,0.10,0.50,0,0,Matches
155,Takuma Asano,jp JPN,"MF,FW",Mallorca,es La Liga,31-193,1994,6.7,1,12,2,16.7,1.79,0.30,0.08,0.50,0,0,Matches
156,Raúl Asencio,es ESP,DF,Real Madrid,es La Liga,23-098,2003,18.0,2,14,4,28.6,0.78,0.22,0.14,0.50,0,0,Matches
157,Fisnik Asllani,xk KVX,"FW,MF",Hoffenheim,de Bundesliga,23-287,2002,25.9,10,73,28,38.4,2.81,1.08,0.14,0.36,0,0,Matches
158,Kristjan Asllani,al ALB,MF,Torino,it Serie A,24-074,2002,12.5,0,20,4,20.0,1.59,0.32,0.00,0.00,0,1,Matches
159,Joel Asoro,se SWE,FW,Metz,fr Ligue 1,27-025,1999,2.5,0,4,1,25.0,1.59,0.40,0.00,0.00,0,0,Matches
160,Iago Aspas,es ESP,"FW,MF",Celta Vigo,es La Liga,38-294,1987,11.9,5,28,12,42.9,2.34,1.00,0.11,0.25,2,2,Matches
161,Yaser Asprilla,co COL,"FW,MF",Girona,es La Liga,22-184,2003,6.8,0,15,5,33.3,2.21,0.74,0.00,0.00,0,0,Matches
162,Lorenz Assignon,tg TOG,"DF,MF",Stuttgart,de Bundesliga,25-334,2000,12.2,0,12,4,33.3,0.99,0.33,0.00,0.00,0,0,Matches
163,Dehmaine Assoumani,fr FRA,MF,Nantes,fr Ligue 1,21-035,2005,14.2,1,29,7,24.1,2.05,0.49,0.03,0.14,0,0,Matches
164,Lander Astiazaran,es ESP,MF,Real Sociedad,es La Liga,20-045,2006,0.0,0,1,0,0.0,90.00,0.00,0.00,,0,0,Matches
165,Otavio Ataide,br BRA,DF,Paris FC,fr Ligue 1,24-031,2002,21.1,1,12,3,25.0,0.57,0.14,0.08,0.33,0,0,Matches
166,Zachary Athekame,ch SUI,"MF,DF",Milan,it Serie A,21-160,2004,8.9,2,12,4,33.3,1.34,0.45,0.17,0.50,0,0,Matches
167,Arthur Atta,fr FRA,MF,Udinese,it Serie A,23-128,2003,27.4,5,55,19,34.5,2.01,0.69,0.09,0.26,0,0,Matches
168,Noah Atubolu,de GER,GK,Freiburg,de Bundesliga,23-362,2002,34.0,0,0,0,,0.00,0.00,,,0,0,Matches
169,Pierre-Emerick Aubameyang,ga GAB,FW,Marseille,fr Ligue 1,36-338,1989,22.7,10,60,34,56.7,2.65,1.50,0.17,0.29,0,0,Matches
170,Emil Audero,id IDN,GK,Cremonese,it Serie A,29-124,1997,33.0,0,0,0,,0.00,0.00,,,0,0,Matches
171,Carlos Augusto,br BRA,"MF,DF",Inter,it Serie A,27-135,1999,18.6,1,18,5,27.8,0.97,0.27,0.06,0.20,0,0,Matches
172,Yann Aurel Bisseck,de GER,DF,Inter,it Serie A,25-174,2000,20.4,3,25,12,48.0,1.23,0.59,0.12,0.25,0,0,Matches
173,Leon Avdullahu,xk KVX,MF,Hoffenheim,de Bundesliga,22-088,2004,31.5,0,14,2,14.3,0.44,0.06,0.00,0.00,0,0,Matches
174,Ezequiel Ávila,ar ARG,FW,Real Betis,es La Liga,32-105,1994,4.1,1,8,2,25.0,1.95,0.49,0.00,0.00,1,1,Matches
175,Arthur Avom,cm CMR,MF,Lorient,fr Ligue 1,21-158,2004,23.5,2,21,6,28.6,0.89,0.25,0.10,0.33,0,0,Matches
176,Chidozie Awaziem,ng NGA,DF,Nantes,fr Ligue 1,29-141,1997,24.8,1,11,4,36.4,0.44,0.16,0.09,0.25,0,0,Matches
177,Taiwo Awoniyi,ng NGA,FW,Nottingham Forest,eng Premier League,28-283,1997,5.2,4,14,8,57.1,2.71,1.55,0.29,0.50,0,0,Matches
178,Yasin Ayari,se SWE,MF,Brighton,eng Premier League,22-228,2003,21.4,3,41,10,24.4,1.91,0.47,0.07,0.30,0,0,Matches
179,Neil El Aynaoui,ma MAR,MF,Roma,it Serie A,24-324,2001,10.6,1,6,4,66.7,0.57,0.38,0.17,0.25,0,0,Matches
180,Ilyas Azizi,fr FRA,FW,Toulouse,fr Ligue 1,18-036,2008,0.3,0,1,0,0.0,3.10,0.00,0.00,,0,0,Matches
181,César Azpilicueta,es ESP,DF,Sevilla,es La Liga,36-267,1989,12.5,0,1,0,0.0,0.08,0.00,0.00,,0,0,Matches
182,Oussama El Azzouzi,ma MAR,"MF,DF",Auxerre,fr Ligue 1,24-358,2001,9.0,1,5,1,20.0,0.56,0.11,0.20,1.00,0,0,Matches
183,Mio Backhaus,de GER,GK,Werder Bremen,de Bundesliga,22-036,2004,32.0,0,0,0,,0.00,0.00,,,0,0,Matches
184,Loïc Bade,fr FRA,DF,Leverkusen,de Bundesliga,26-041,2000,18.4,0,12,4,33.3,0.65,0.22,0.00,0.00,0,0,Matches
185,Benoît Badiashile,fr FRA,DF,Chelsea,eng Premier League,25-057,2001,5.2,0,0,0,,0.00,0.00,,,0,0,Matches
186,Alex Baena,es ESP,"MF,FW",Atlético Madrid,es La Liga,24-306,2001,16.7,2,27,7,25.9,1.62,0.42,0.07,0.29,0,0,Matches
187,Samson Baidoo,at AUT,DF,Lens,fr Ligue 1,22-052,2004,20.3,2,16,4,25.0,0.79,0.20,0.13,0.50,0,0,Matches
188,Leon Bailey,jm JAM,MF,Aston Villa,eng Premier League,28-286,1997,4.1,0,6,1,16.7,1.46,0.24,0.00,0.00,0,0,Matches
189,Leon Bailey,jm JAM,FW,Roma,it Serie A,28-286,1997,2.1,0,3,1,33.3,1.45,0.48,0.00,0.00,0,0,Matches
190,Eric Bailly,ci CIV,DF,Oviedo,es La Liga,32-040,1994,12.7,1,5,1,20.0,0.39,0.08,0.20,1.00,0,0,Matches
191,Theo Bair,ca CAN,FW,Auxerre,fr Ligue 1,26-268,1999,0.1,0,0,0,,0.00,0.00,,,0,0,Matches
192,Cédric Bakambu,cd COD,FW,Real Betis,es La Liga,35-041,1991,6.3,3,21,9,42.9,3.32,1.42,0.14,0.33,0,0,Matches
193,Johan Bakayoko,be BEL,"FW,MF",RB Leipzig,de Bundesliga,23-032,2003,8.6,2,24,9,37.5,2.78,1.04,0.08,0.22,0,0,Matches
194,Mitchel Bakker,nl NED,"DF,MF",Atalanta,it Serie A,25-336,2000,0.1,0,0,0,,0.00,0.00,,,0,0,Matches
195,Darryl Bakola,fr FRA,MF,Marseille,fr Ligue 1,18-173,2007,0.8,0,2,1,50.0,2.40,1.20,0.00,0.00,0,0,Matches
196,Darryl Bakola,fr FRA,MF,Sassuolo,it Serie A,18-173,2007,1.4,0,3,1,33.3,2.11,0.70,0.00,0.00,0,0,Matches
197,Ridle Baku,de GER,DF,RB Leipzig,de Bundesliga,28-044,1998,27.8,2,30,6,20.0,1.08,0.22,0.07,0.33,0,0,Matches
198,Dilane Bakwa,fr FRA,"FW,MF",Strasbourg,fr Ligue 1,23-269,2002,1.2,1,2,1,50.0,1.68,0.84,0.50,1.00,0,0,Matches
199,Dilane Bakwa,fr FRA,MF,Nottingham Forest,eng Premier League,23-269,2002,6.1,0,9,3,33.3,1.46,0.49,0.00,0.00,0,0,Matches
200,Luís Balbo,ve VEN,DF,Fiorentina,it Serie A,20-055,2006,2.2,0,0,0,,0.00,0.00,,,0,0,Matches
201,Tommaso Baldanzi,it ITA,MF,Genoa,it Serie A,23-060,2003,4.4,0,9,3,33.3,2.03,0.68,0.00,0.00,0,0,Matches
202,Tommaso Baldanzi,it ITA,"FW,MF",Roma,it Serie A,23-060,2003,4.3,1,11,4,36.4,2.56,0.93,0.09,0.25,0,0,Matches
203,Alejandro Balde,es ESP,DF,Barcelona,es La Liga,22-216,2003,19.8,0,9,1,11.1,0.46,0.05,0.00,0.00,0,0,Matches
204,Fabio Baldé,pt POR,"FW,MF",Hamburger SV,de Bundesliga,20-306,2005,5.0,1,9,4,44.4,1.81,0.80,0.11,0.25,0,0,Matches
205,Carlos Baleba,cm CMR,MF,Brighton,eng Premier League,22-139,2004,18.0,0,19,2,10.5,1.06,0.11,0.00,0.00,0,0,Matches
206,Leonardo Balerdi,ar ARG,DF,Marseille,fr Ligue 1,27-116,1999,22.2,0,20,5,25.0,0.90,0.22,0.00,0.00,0,0,Matches
207,Daniel Ballard,nir NIR,DF,Sunderland,eng Premier League,26-242,1999,23.9,2,26,9,34.6,1.09,0.38,0.08,0.22,0,0,Matches
208,Carlos Ballestero,es ESP,DF,Alavés,es La Liga,22-028,2004,0.0,0,0,0,,0.00,0.00,,,0,0,Matches
209,Iván Balliu,al ALB,DF,Rayo Vallecano,es La Liga,34-141,1992,5.5,0,2,0,0.0,0.36,0.00,0.00,,0,0,Matches
210,Fodé Ballo-Touré,sn SEN,"DF,MF",Metz,fr Ligue 1,29-139,1997,9.3,0,5,1,20.0,0.54,0.11,0.00,0.00,0,0,Matches
211,Folarin Balogun,us USA,FW,Monaco,fr Ligue 1,24-323,2001,24.8,13,77,32,41.6,3.11,1.29,0.13,0.31,3,3,Matches
212,Abdoulaye Bamba,ci CIV,DF,Angers,fr Ligue 1,36-027,1990,2.8,0,1,1,100.0,0.35,0.35,0.00,0.00,0,0,Matches
213,Aladji Bamba,fr FRA,MF,Monaco,fr Ligue 1,19-312,2006,9.1,0,2,1,50.0,0.22,0.11,0.00,0.00,0,0,Matches
214,Mohamed Bamba,ci CIV,FW,Lorient,fr Ligue 1,24-163,2001,7.6,1,13,6,46.2,1.72,0.79,0.08,0.17,0,1,Matches
215,Lameck Banda,zm ZAM,"MF,FW",Lecce,it Serie A,25-113,2001,18.8,4,35,12,34.3,1.87,0.64,0.11,0.33,0,0,Matches
216,Noahkai Banks,us USA,DF,Augsburg,de Bundesliga,19-172,2006,19.2,1,9,5,55.6,0.47,0.26,0.11,0.20,0,0,Matches
217,Ezechiel Banzuzi,nl NED,MF,RB Leipzig,de Bundesliga,21-095,2005,6.6,0,15,4,26.7,2.26,0.60,0.00,0.00,0,0,Matches
218,Tommaso Barbieri,it ITA,MF,Cremonese,it Serie A,23-269,2002,18.9,0,14,2,14.3,0.74,0.11,0.00,0.00,0,0,Matches
219,Valentín Barco,ar ARG,MF,Strasbourg,fr Ligue 1,21-303,2004,24.1,2,27,10,37.0,1.12,0.42,0.07,0.20,0,0,Matches
220,Bradley Barcola,fr FRA,FW,Paris Saint-Germain,fr Ligue 1,23-262,2002,19.4,11,66,30,45.5,3.41,1.55,0.17,0.37,0,0,Matches
221,Melvin Bard,fr FRA,"DF,MF",Nice,fr Ligue 1,25-197,2000,26.6,2,15,5,33.3,0.56,0.19,0.13,0.40,0,0,Matches
222,Roony Bardghji,se SWE,"MF,FW",Barcelona,es La Liga,20-188,2005,7.2,1,22,12,54.5,3.06,1.67,0.05,0.08,0,0,Matches
223,Nicolò Barella,it ITA,MF,Inter,it Serie A,29-104,1997,27.4,3,35,5,14.3,1.28,0.18,0.09,0.60,0,0,Matches
224,Kike Barja,es ESP,MF,Osasuna,es La Liga,29-051,1997,4.7,2,8,4,50.0,1.70,0.85,0.25,0.50,0,0,Matches
225,Ross Barkley,eng ENG,MF,Aston Villa,eng Premier League,32-168,1993,8.6,3,18,8,44.4,2.10,0.93,0.17,0.38,0,0,Matches
226,Ashley Barnes,eng ENG,"FW,MF",Burnley,eng Premier League,36-204,1989,0.4,0,1,0,0.0,2.25,0.00,0.00,,0,0,Matches
227,Harvey Barnes,eng ENG,"FW,MF",Newcastle United,eng Premier League,28-164,1997,21.3,7,56,21,37.5,2.62,0.98,0.13,0.33,0,0,Matches
228,Ander Barrenetxea,es ESP,MF,Real Sociedad,es La Liga,24-146,2001,19.6,3,35,11,31.4,1.79,0.56,0.09,0.27,0,0,Matches
229,Pablo Barrios,es ESP,MF,Atlético Madrid,es La Liga,22-341,2003,18.5,1,23,6,26.1,1.25,0.33,0.04,0.17,0,0,Matches
230,Thierno Barry,fr FRA,FW,Everton,eng Premier League,23-213,2002,20.3,8,37,14,37.8,1.82,0.69,0.22,0.57,0,0,Matches
231,Davide Bartesaghi,it ITA,"MF,DF",Milan,it Serie A,20-144,2005,26.1,2,21,7,33.3,0.80,0.27,0.10,0.29,0,0,Matches
232,Marc Bartra,es ESP,DF,Real Betis,es La Liga,35-127,1991,22.0,1,16,5,31.3,0.73,0.23,0.06,0.20,0,0,Matches
233,Federico Baschirotto,it ITA,DF,Cremonese,it Serie A,29-244,1996,28.2,2,12,5,41.7,0.43,0.18,0.17,0.40,0,0,Matches
234,Toma Bašić,hr CRO,MF,Lazio,it Serie A,29-178,1996,18.3,2,29,11,37.9,1.59,0.60,0.07,0.18,0,0,Matches
235,Calvin Bassey,ng NGA,DF,Fulham,eng Premier League,26-142,1999,27.2,1,12,1,8.3,0.44,0.04,0.08,1.00,0,0,Matches
236,Alessandro Bastoni,it ITA,DF,Inter,it Serie A,27-039,1999,24.9,1,17,8,47.1,0.68,0.32,0.06,0.13,0,0,Matches
237,Augusto Batalla,ar ARG,GK,Rayo Vallecano,es La Liga,30-022,1996,34.0,0,0,0,,0.00,0.00,,,0,0,Matches
238,Michy Batshuayi,be BEL,FW,Eintracht Frankfurt,de Bundesliga,32-232,1993,1.5,1,5,1,20.0,3.24,0.65,0.00,0.00,1,1,Matches
239,Martin Baturina,hr CRO,"MF,FW",Como,it Serie A,23-095,2003,16.5,6,28,9,32.1,1.69,0.54,0.21,0.67,0,0,Matches
240,Daniel Batz,de GER,GK,Mainz 05,de Bundesliga,35-130,1991,21.0,0,0,0,,0.00,0.00,,,0,0,Matches
241,Elias Baum,de GER,DF,Eintracht Frankfurt,de Bundesliga,20-208,2005,0.8,0,0,0,,0.00,0.00,,,0,0,Matches
242,Oliver Baumann,de GER,GK,Hoffenheim,de Bundesliga,35-354,1990,34.0,0,0,0,,0.00,0.00,,,0,0,Matches
243,Christoph Baumgartner,at AUT,MF,RB Leipzig,de Bundesliga,26-294,1999,30.9,13,81,35,43.2,2.62,1.13,0.16,0.37,0,1,Matches
244,Altay Bayındır,tr TUR,GK,Manchester Utd,eng Premier League,28-038,1998,6.0,0,0,0,,0.00,0.00,,,0,0,Matches
245,Vakoun Bayo,ci CIV,FW,Udinese,it Serie A,29-132,1997,5.0,0,14,2,14.3,2.78,0.40,0.00,0.00,0,0,Matches
246,Ihlas Bebou,tg TOG,"FW,MF",Hoffenheim,de Bundesliga,32-029,1994,2.1,0,5,2,40.0,2.37,0.95,0.00,0.00,0,0,Matches
247,Samu Becerra,es ESP,MF,Rayo Vallecano,es La Liga,20-141,2006,0.1,0,0,0,,0.00,0.00,,,0,0,Matches
248,Adrian Beck,de GER,MF,Heidenheim,de Bundesliga,28-347,1997,9.6,1,11,4,36.4,1.14,0.41,0.09,0.25,0,0,Matches
249,Sheraldo Becker,sr SUR,"FW,MF",Osasuna,es La Liga,31-102,1995,1.8,0,3,0,0.0,1.71,0.00,0.00,,0,0,Matches
250,Sheraldo Becker,sr SUR,FW,Mainz 05,de Bundesliga,31-102,1995,10.5,3,29,15,51.7,2.76,1.43,0.10,0.20,0,0,Matches
251,Donny van de Beek,nl NED,MF,Girona,es La Liga,29-034,1997,0.5,0,2,1,50.0,4.39,2.20,0.00,0.00,0,0,Matches
252,Tjaš Begić,si SVN,MF,Parma,it Serie A,22-326,2003,0.0,0,0,0,,0.00,0.00,,,0,0,Matches
253,Hannes Behrens,de GER,"DF,MF",Heidenheim,de Bundesliga,21-123,2005,14.6,1,9,4,44.4,0.61,0.27,0.11,0.25,0,0,Matches
254,Maximilian Beier,de GER,"MF,FW",Dortmund,de Bundesliga,23-217,2002,22.5,9,50,20,40.0,2.22,0.89,0.18,0.45,0,0,Matches
255,Luken Beitia,es ESP,DF,Real Sociedad,es La Liga,21-326,2004,0.1,0,0,0,,0.00,0.00,,,0,0,Matches
256,Ismael Bekhoucha,ma MAR,DF,Getafe,es La Liga,21-183,2004,1.4,0,1,0,0.0,0.74,0.00,0.00,,0,0,Matches
257,Reda Belahyane,ma MAR,MF,Lazio,it Serie A,21-355,2004,5.8,0,1,1,100.0,0.17,0.17,0.00,0.00,0,0,Matches
258,Rayane Belaid,es ESP,"MF,FW",Atlético Madrid,es La Liga,21-100,2005,1.5,0,4,0,0.0,2.73,0.00,0.00,,0,0,Matches
259,Rafik Belghali,dz ALG,MF,Hellas Verona,it Serie A,23-349,2002,20.4,2,20,6,30.0,0.98,0.29,0.10,0.33,0,0,Matches
260,Haris Belkebla,dz ALG,MF,Angers,fr Ligue 1,32-114,1994,31.9,0,5,0,0.0,0.16,0.00,0.00,,0,0,Matches
261,Yassin Belkhdim,fr FRA,MF,Angers,fr Ligue 1,24-097,2002,23.7,2,33,14,42.4,1.39,0.59,0.06,0.14,0,0,Matches
262,Stefan Bell,de GER,DF,Mainz 05,de Bundesliga,34-271,1991,11.5,2,12,5,41.7,1.04,0.43,0.17,0.40,0,0,Matches
263,Armel Bella Kotchap,de GER,DF,Hellas Verona,it Serie A,24-162,2001,14.6,0,3,0,0.0,0.21,0.00,0.00,,0,0,Matches
264,Raoul Bellanova,it ITA,MF,Atalanta,it Serie A,26-005,2000,14.8,0,13,5,38.5,0.88,0.34,0.00,0.00,0,0,Matches
265,Jean-Ricner Bellegarde,ht HAI,"MF,FW",Wolves,eng Premier League,27-329,1998,13.9,1,21,7,33.3,1.51,0.50,0.05,0.14,0,0,Matches
266,Héctor Bellerín,es ESP,DF,Real Betis,es La Liga,31-064,1995,19.2,2,7,5,71.4,0.36,0.26,0.29,0.40,0,0,Matches
267,Jobe Bellingham,eng ENG,MF,Dortmund,de Bundesliga,20-241,2005,19.8,0,19,6,31.6,0.96,0.30,0.00,0.00,0,0,Matches
268,Jude Bellingham,eng ENG,MF,Real Madrid,es La Liga,22-327,2003,20.5,5,49,24,49.0,2.39,1.17,0.10,0.21,0,0,Matches
269,Jeanuël Belocian,fr FRA,DF,Wolfsburg,de Bundesliga,21-094,2005,13.9,0,3,0,0.0,0.22,0.00,0.00,,0,0,Matches
270,Jeanuël Belocian,fr FRA,DF,Leverkusen,de Bundesliga,21-094,2005,3.2,0,1,0,0.0,0.31,0.00,0.00,,0,0,Matches
271,Andrea Belotti,it ITA,FW,Cagliari,it Serie A,32-153,1993,2.5,2,6,4,66.7,2.44,1.63,0.17,0.25,1,1,Matches
272,Fran Beltrán,es ESP,MF,Girona,es La Liga,27-108,1999,10.9,1,10,3,30.0,0.92,0.28,0.10,0.33,0,0,Matches
273,Fran Beltrán,es ESP,MF,Celta Vigo,es La Liga,27-108,1999,5.9,0,6,1,16.7,1.02,0.17,0.00,0.00,0,0,Matches
274,Lucas Beltrán,ar ARG,FW,Valencia,es La Liga,25-054,2001,15.2,1,34,9,26.5,2.24,0.59,0.03,0.11,0,0,Matches
275,Eliesse Ben Seghir,ma MAR,MF,Leverkusen,de Bundesliga,21-095,2005,2.8,0,5,2,40.0,1.79,0.71,0.00,0.00,0,0,Matches
276,Eliesse Ben Seghir,ma MAR,MF,Monaco,fr Ligue 1,21-095,2005,0.5,0,1,0,0.0,2.00,0.00,0.00,,0,0,Matches
277,Carlos Benavídez,uy URU,DF,Alavés,es La Liga,28-053,1998,3.0,0,3,2,66.7,1.02,0.68,0.00,0.00,0,0,Matches
278,Adrian Benedyczak,pl POL,FW,Parma,it Serie A,25-179,2000,5.4,1,8,3,37.5,1.47,0.55,0.00,0.00,1,1,Matches
279,Yassine Benhattab,fr FRA,"MF,FW",Nantes,fr Ligue 1,23-185,2002,5.3,0,4,1,25.0,0.75,0.19,0.00,0.00,0,0,Matches
280,Walter Benítez,ar ARG,GK,Crystal Palace,eng Premier League,33-123,1993,1.0,0,0,0,,0.00,0.00,,,0,0,Matches
281,Iker Benito,es ESP,MF,Osasuna,es La Liga,23-285,2002,1.8,1,2,1,50.0,1.13,0.57,0.50,1.00,0,0,Matches
282,Mohamed Benoit Dao,fr FRA,FW,Paris FC,fr Ligue 1,19-109,2007,0.0,0,0,0,,0.00,0.00,,,0,0,Matches
283,Ramy Bensebaini,dz ALG,DF,Dortmund,de Bundesliga,31-036,1995,17.0,5,17,7,41.2,1.00,0.41,0.18,0.43,2,2,Matches
284,Nabil Bentaleb,dz ALG,MF,Lille,fr Ligue 1,31-179,1994,14.3,2,18,6,33.3,1.26,0.42,0.06,0.17,1,1,Matches
285,Rodrigo Bentancur,uy URU,MF,Tottenham Hotspur,eng Premier League,28-331,1997,20.0,1,13,3,23.1,0.65,0.15,0.08,0.33,0,0,Matches
286,Daniel Bentley,eng ENG,GK,Wolves,eng Premier League,32-313,1993,3.0,0,0,0,,0.00,0.00,,,0,0,Matches
287,Lucas Beraldo,br BRA,"DF,MF",Paris Saint-Germain,fr Ligue 1,22-179,2003,17.4,2,14,4,28.6,0.80,0.23,0.14,0.50,0,0,Matches
288,Domenico Berardi,it ITA,FW,Sassuolo,it Serie A,31-294,1994,20.8,8,38,20,52.6,1.83,0.96,0.16,0.30,2,3,Matches
289,Yuri Berchiche,es ESP,DF,Athletic Club,es La Liga,36-101,1990,30.1,0,24,5,20.8,0.80,0.17,0.00,0.00,0,0,Matches
290,Álex Berenguer,es ESP,MF,Athletic Club,es La Liga,30-322,1995,23.9,2,44,20,45.5,1.84,0.84,0.05,0.10,0,0,Matches
291,Sander Berge,no NOR,MF,Fulham,eng Premier League,28-097,1998,31.3,0,14,3,21.4,0.45,0.10,0.00,0.00,0,0,Matches
292,Lucas Bergström,fi FIN,GK,Mallorca,es La Liga,23-259,2002,5.0,0,0,0,,0.00,0.00,,,0,0,Matches
293,Lucas Bergvall,se SWE,MF,Tottenham Hotspur,eng Premier League,20-109,2006,10.7,1,12,5,41.7,1.12,0.47,0.08,0.20,0,0,Matches
294,Medon Berisha,al ALB,MF,Lecce,it Serie A,22-213,2003,9.7,2,24,5,20.8,2.48,0.52,0.08,0.40,0,0,Matches
295,Anthony Bermont,fr FRA,FW,Lens,fr Ligue 1,21-101,2005,1.2,0,4,2,50.0,3.46,1.73,0.00,0.00,0,0,Matches
296,Adrian Bernabe,es ESP,MF,Parma,it Serie A,24-361,2001,27.4,3,50,12,24.0,1.82,0.44,0.06,0.25,0,0,Matches
297,Marc Bernal,es ESP,MF,Barcelona,es La Liga,18-361,2007,7.9,2,7,2,28.6,0.89,0.25,0.29,1.00,0,0,Matches
298,Gabin Bernardeau,fr FRA,MF,Nice,fr Ligue 1,20-118,2006,1.1,0,3,1,33.3,2.84,0.95,0.00,0.00,0,0,Matches
299,Federico Bernardeschi,it ITA,"MF,FW",Bologna,it Serie A,32-095,1994,12.6,3,37,11,29.7,2.95,0.88,0.05,0.18,1,1,Matches
300,Bernardo,br BRA,DF,Hoffenheim,de Bundesliga,31-008,1995,25.7,0,10,0,0.0,0.39,0.00,0.00,,0,0,Matches
301,Lorenzo Bernasconi,it ITA,MF,Atalanta,it Serie A,22-187,2003,17.5,0,9,1,11.1,0.52,0.06,0.00,0.00,0,0,Matches
302,Antoine Bernede,fr FRA,MF,Hellas Verona,it Serie A,26-361,1999,25.6,1,21,4,19.0,0.82,0.16,0.05,0.25,0,0,Matches
303,Nicolò Bertola,it ITA,"DF,MF",Udinese,it Serie A,23-060,2003,19.2,0,13,4,30.8,0.68,0.21,0.00,0.00,0,0,Matches
304,Jan-Niklas Beste,de GER,MF,Freiburg,de Bundesliga,27-138,1999,18.9,2,24,14,58.3,1.27,0.74,0.08,0.14,0,0,Matches
305,Beto,gw GNB,FW,Everton,eng Premier League,28-111,1998,17.3,9,43,17,39.5,2.48,0.98,0.21,0.53,0,0,Matches
306,Sam Beukema,nl NED,DF,Napoli,it Serie A,27-186,1998,18.7,2,8,4,50.0,0.43,0.21,0.25,0.50,0,0,Matches
307,Matteo Bianchetti,it ITA,DF,Cremonese,it Serie A,33-066,1993,23.4,0,7,1,14.3,0.30,0.04,0.00,0.00,0,0,Matches
308,Mika Biereth,dk DEN,FW,Monaco,fr Ligue 1,23-103,2003,11.9,2,19,7,36.8,1.59,0.59,0.11,0.29,0,0,Matches
309,Pedro Bigas,es ESP,DF,Elche,es La Liga,35-249,1990,21.9,1,10,3,30.0,0.46,0.14,0.10,0.33,0,0,Matches
310,Justin Bijlow,nl NED,GK,Genoa,it Serie A,28-120,1998,15.5,0,0,0,,0.00,0.00,,,0,0,Matches
311,Jaka Bijol,si SVN,DF,Leeds United,eng Premier League,27-106,1999,20.2,1,15,6,40.0,0.74,0.30,0.07,0.17,0,0,Matches
312,Cristiano Biraghi,it ITA,"MF,DF",Torino,it Serie A,33-263,1992,5.7,0,2,0,0.0,0.35,0.00,0.00,,0,0,Matches
313,Veljko Birmančević,rs SRB,FW,Getafe,es La Liga,28-078,1998,1.6,0,2,1,50.0,1.27,0.63,0.00,0.00,0,0,Matches
314,Tom Bischof,de GER,"DF,MF",Bayern Munich,de Bundesliga,20-328,2005,14.5,3,30,9,30.0,2.07,0.62,0.10,0.33,0,0,Matches
315,Yves Bissouma,ml MLI,MF,Tottenham Hotspur,eng Premier League,29-265,1996,6.7,0,5,2,40.0,0.75,0.30,0.00,0.00,0,0,Matches
316,Leonardo Bittencourt,de GER,MF,Werder Bremen,de Bundesliga,32-154,1993,6.8,0,7,0,0.0,1.02,0.00,0.00,,0,0,Matches
317,Emmanuel Biumla,fr FRA,DF,Angers,fr Ligue 1,21-014,2005,4.3,0,2,0,0.0,0.47,0.00,0.00,,0,0,Matches
318,Marco Bizot,nl NED,GK,Aston Villa,eng Premier League,35-073,1991,5.5,0,0,0,,0.00,0.00,,,0,0,Matches
319,Antonio Blanco,es ESP,MF,Alavés,es La Liga,25-303,2000,33.6,2,38,12,31.6,1.13,0.36,0.05,0.17,0,0,Matches
320,Ludovic Blas,fr FRA,"MF,FW",Rennes,fr Ligue 1,28-142,1997,17.2,5,47,14,29.8,2.74,0.82,0.06,0.21,2,2,Matches
321,Janis Blaswich,de GER,GK,Leverkusen,de Bundesliga,35-020,1991,10.3,0,0,0,,0.00,0.00,,,0,0,Matches
322,Daley Blind,nl NED,DF,Girona,es La Liga,36-074,1990,29.0,0,5,1,20.0,0.17,0.03,0.00,0.00,0,0,Matches
323,Adam Boayar,ma MAR,MF,Elche,es La Liga,20-221,2005,1.2,1,5,2,40.0,4.33,1.73,0.20,0.50,0,0,Matches
324,Oscar Bobb,no NOR,"MF,FW",Manchester City,eng Premier League,22-314,2003,5.2,0,4,0,0.0,0.77,0.00,0.00,,0,0,Matches
325,Oscar Bobb,no NOR,MF,Fulham,eng Premier League,22-314,2003,5.6,0,8,3,37.5,1.44,0.54,0.00,0.00,0,0,Matches
326,Ben Bobzien,de GER,"FW,MF",Mainz 05,de Bundesliga,23-023,2003,0.1,0,0,0,,0.00,0.00,,,0,0,Matches
327,Arnaud Bodart,be BEL,GK,Lille,fr Ligue 1,28-072,1998,2.5,0,0,0,,0.00,0.00,,,0,0,Matches
328,Sacha Boey,fr FRA,DF,Bayern Munich,de Bundesliga,25-251,2000,5.1,0,6,0,0.0,1.17,0.00,0.00,,0,0,Matches
329,Jeremie Boga,ci CIV,"MF,FW",Nice,fr Ligue 1,29-139,1997,7.2,2,15,5,33.3,2.09,0.70,0.13,0.40,0,0,Matches
330,Jeremie Boga,ci CIV,"MF,FW",Juventus,it Serie A,29-139,1997,6.7,4,23,12,52.2,3.44,1.79,0.17,0.33,0,0,Matches
331,Lamare Bogarde,nl NED,"MF,DF",Aston Villa,eng Premier League,22-137,2004,10.9,0,0,0,,0.00,0.00,,,0,0,Matches
332,Jayden Bogle,eng ENG,"MF,DF",Leeds United,eng Premier League,25-299,2000,30.2,1,17,4,23.5,0.56,0.13,0.06,0.25,0,0,Matches
333,Dmytro Bohdanov,ua UKR,MF,Union Berlin,de Bundesliga,19-077,2007,0.1,0,3,1,33.3,45.00,15.00,0.00,0.00,0,0,Matches
334,Adama Boiro,es ESP,DF,Athletic Club,es La Liga,23-334,2002,8.1,0,1,0,0.0,0.12,0.00,0.00,,0,0,Matches
335,Morgan Bokelé Mputu,cm CMR,MF,Metz,fr Ligue 1,22-070,2004,2.5,0,3,1,33.3,1.19,0.40,0.00,0.00,0,0,Matches
336,Hugo Bolin,se SWE,"MF,FW",Gladbach,de Bundesliga,22-302,2003,6.1,1,15,4,26.7,2.45,0.65,0.07,0.25,0,0,Matches
337,Daniel Boloca,ro ROU,MF,Sassuolo,it Serie A,27-151,1998,1.5,0,2,0,0.0,1.33,0.00,0.00,,0,0,Matches
338,Moïse Bombito,ca CAN,DF,Nice,fr Ligue 1,26-053,2000,1.6,0,0,0,,0.00,0.00,,,0,0,Matches
339,Javier Boñar,es ESP,DF,Atlético Madrid,es La Liga,20-353,2005,3.0,1,2,1,50.0,0.67,0.33,0.50,1.00,0,0,Matches
340,Federico Bonazzoli,it ITA,FW,Cremonese,it Serie A,29-001,1997,27.0,9,73,31,42.5,2.71,1.15,0.10,0.23,2,2,Matches
341,Warren Bondo,fr FRA,MF,Cremonese,it Serie A,22-249,2003,19.6,0,8,2,25.0,0.41,0.10,0.00,0.00,0,0,Matches
342,Giovanni Bonfanti,it ITA,"DF,MF",Pisa,it Serie A,23-125,2003,5.5,0,6,1,16.7,1.09,0.18,0.00,0.00,0,0,Matches
343,Victor Boniface,ng NGA,FW,Werder Bremen,de Bundesliga,25-150,2000,3.7,0,16,6,37.5,4.32,1.62,0.00,0.00,0,0,Matches
344,Rahim Bonkano,ne NIG,DF,Oviedo,es La Liga,24-141,2002,18.2,0,3,0,0.0,0.16,0.00,0.00,,0,0,Matches
345,Ange-Yoan Bonny,fr FRA,FW,Inter,it Serie A,22-209,2003,12.3,5,22,9,40.9,1.79,0.73,0.23,0.56,0,0,Matches
346,Thiago Borbas,uy URU,FW,Oviedo,es La Liga,24-045,2002,1.7,0,5,2,40.0,2.98,1.19,0.00,0.00,0,0,Matches
347,Sebastiaan Bornauw,be BEL,DF,Leeds United,eng Premier League,27-061,1999,4.8,0,0,0,,0.00,0.00,,,0,0,Matches
348,Gennaro Borrelli,it ITA,FW,Cagliari,it Serie A,26-073,2000,13.4,4,25,8,32.0,1.87,0.60,0.16,0.50,0,0,Matches
349,Olivier Boscagli,fr FRA,DF,Brighton,eng Premier League,28-185,1997,8.9,0,1,0,0.0,0.11,0.00,0.00,,0,0,Matches
350,Sebastián Boselli,uy URU,DF,Getafe,es La Liga,22-169,2003,4.2,0,4,1,25.0,0.95,0.24,0.00,0.00,0,0,Matches
351,Jean-Baptiste Bosey,fr FRA,FW,Strasbourg,fr Ligue 1,18-096,2008,0.0,0,0,0,,0.00,0.00,,,0,0,Matches
352,Sven Botman,nl NED,DF,Newcastle United,eng Premier League,26-130,2000,19.4,1,15,4,26.7,0.77,0.21,0.07,0.25,0,0,Matches
353,Ayyoub Bouaddi,fr FRA,MF,Lille,fr Ligue 1,18-232,2007,25.8,0,16,5,31.3,0.62,0.19,0.00,0.00,0,0,Matches
354,Badredine Bouanani,dz ALG,MF,Nice,fr Ligue 1,21-165,2004,1.0,0,1,0,0.0,0.97,0.00,0.00,,0,0,Matches
355,Badredine Bouanani,dz ALG,MF,Stuttgart,de Bundesliga,21-165,2004,5.1,0,16,4,25.0,3.11,0.78,0.00,0.00,0,0,Matches
356,Kaïl Boudache,fr FRA,"MF,FW",Nice,fr Ligue 1,19-341,2006,5.9,1,13,2,15.4,2.20,0.34,0.08,0.50,0,0,Matches
357,Hicham Boudaoui,dz ALG,MF,Nice,fr Ligue 1,26-241,1999,18.8,1,21,9,42.9,1.12,0.48,0.05,0.11,0,0,Matches
358,Sofiane Boufal,ma MAR,"MF,FW",Le Havre,fr Ligue 1,32-247,1993,11.3,1,19,4,21.1,1.68,0.35,0.05,0.25,0,1,Matches
359,Justin Bourgault,fr FRA,FW,Brest,fr Ligue 1,20-250,2005,0.2,0,1,0,0.0,5.63,0.00,0.00,,0,0,Matches
360,Jarrod Bowen,eng ENG,"MF,FW",West Ham United,eng Premier League,29-153,1996,36.8,8,77,27,35.1,2.09,0.73,0.09,0.26,1,1,Matches
361,Kieron Bowie,sct SCO,FW,Hellas Verona,it Serie A,23-243,2002,12.3,4,29,9,31.0,2.35,0.73,0.14,0.44,0,0,Matches
362,Lucas Boyé,ar ARG,FW,Alavés,es La Liga,30-083,1996,20.8,11,59,20,33.9,2.83,0.96,0.14,0.40,3,3,Matches
363,Enzo Boyomo,cm CMR,DF,Osasuna,es La Liga,24-227,2001,27.2,1,11,4,36.4,0.40,0.15,0.09,0.25,0,0,Matches
364,Rosen Bozhinov,bg BUL,DF,Pisa,it Serie A,21-119,2005,5.8,0,2,1,50.0,0.35,0.17,0.00,0.00,0,0,Matches
365,Domagoj Bradarić,hr CRO,MF,Hellas Verona,it Serie A,26-163,1999,21.6,0,13,6,46.2,0.60,0.28,0.00,0.00,0,0,Matches
366,Conor Bradley,nir NIR,DF,Liverpool,eng Premier League,22-317,2003,10.3,0,6,0,0.0,0.58,0.00,0.00,,0,0,Matches
367,Bilal Brahimi,dz ALG,"FW,MF",Nice,fr Ligue 1,26-069,2000,0.0,0,0,0,,0.00,0.00,,,0,0,Matches
368,Julian Brandt,de GER,"MF,FW",Dortmund,de Bundesliga,30-020,1996,17.8,7,38,18,47.4,2.13,1.01,0.18,0.39,0,0,Matches
369,Jarrad Branthwaite,eng ENG,DF,Everton,eng Premier League,23-329,2002,7.6,1,6,2,33.3,0.79,0.26,0.17,0.50,0,0,Matches
370,Riccardo Braschi,it ITA,FW,Fiorentina,it Serie A,19-271,2006,1.2,0,3,0,0.0,2.57,0.00,0.00,,0,0,Matches
371,Lilian Brassier,fr FRA,DF,Rennes,fr Ligue 1,26-201,1999,25.0,0,11,2,18.2,0.44,0.08,0.00,0.00,0,0,Matches
372,Iker Bravo,es ESP,FW,Udinese,it Serie A,21-129,2005,2.3,1,4,1,25.0,1.75,0.44,0.25,1.00,0,0,Matches
373,Josip Brekalo,hr CRO,"MF,FW",Oviedo,es La Liga,27-333,1998,5.4,0,9,3,33.3,1.67,0.56,0.00,0.00,0,0,Matches
374,Gleison Bremer,br BRA,DF,Juventus,it Serie A,29-065,1997,24.1,4,23,9,39.1,0.95,0.37,0.17,0.44,0,0,Matches
375,Marco Brescianini,it ITA,MF,Fiorentina,it Serie A,26-122,2000,8.8,1,10,2,20.0,1.13,0.23,0.10,0.50,0,0,Matches
376,Marco Brescianini,it ITA,MF,Atalanta,it Serie A,26-122,2000,2.0,1,3,2,66.7,1.48,0.99,0.33,0.50,0,0,Matches
377,Abel Bretones,es ESP,"MF,DF",Osasuna,es La Liga,25-274,2000,18.0,1,11,3,27.3,0.61,0.17,0.09,0.33,0,0,Matches
378,Sascha Britschgi,ch SUI,"MF,DF",Parma,it Serie A,19-268,2006,22.5,0,13,3,23.1,0.58,0.13,0.00,0.00,0,0,Matches
379,Brian Brobbey,nl NED,FW,Sunderland,eng Premier League,24-110,2002,20.7,7,32,17,53.1,1.54,0.82,0.22,0.41,0,0,Matches
380,Marius Broholm,no NOR,MF,Lille,fr Ligue 1,21-147,2004,3.1,1,4,3,75.0,1.29,0.97,0.00,0.00,1,1,Matches
381,Armando Broja,al ALB,FW,Burnley,eng Premier League,24-254,2001,9.6,1,16,6,37.5,1.67,0.63,0.06,0.17,0,0,Matches
382,David Brooks,wls WAL,MF,Bournemouth,eng Premier League,28-318,1997,13.4,1,48,13,27.1,3.59,0.97,0.02,0.08,0,0,Matches
383,Nathaniel Brown,de GER,"MF,DF",Eintracht Frankfurt,de Bundesliga,22-340,2003,29.5,4,18,9,50.0,0.61,0.30,0.22,0.44,0,0,Matches
384,Brugui,es ESP,"MF,FW",Levante,es La Liga,29-199,1996,11.2,1,28,9,32.1,2.51,0.81,0.04,0.11,0,0,Matches
385,Paris Brunner,de GER,FW,Monaco,fr Ligue 1,20-096,2006,1.5,0,4,1,25.0,2.73,0.68,0.00,0.00,0,0,Matches
386,Jacob Bruun Larsen,dk DEN,"MF,FW",Burnley,eng Premier League,27-245,1998,11.4,0,16,4,25.0,1.41,0.35,0.00,0.00,0,0,Matches
387,Tajon Buchanan,ca CAN,MF,Villarreal,es La Liga,27-103,1999,20.2,7,27,11,40.7,1.34,0.54,0.26,0.64,0,0,Matches
388,Ante Budimir,hr CRO,FW,Osasuna,es La Liga,34-304,1991,31.6,17,102,41,40.2,3.22,1.30,0.11,0.27,6,8,Matches
389,Emi Buendía,ar ARG,MF,Aston Villa,eng Premier League,29-148,1996,18.5,6,47,12,25.5,2.54,0.65,0.13,0.50,0,0,Matches
390,Hugo Bueno,es ESP,"MF,DF",Wolves,eng Premier League,23-246,2002,26.1,1,15,6,40.0,0.57,0.23,0.07,0.17,0,0,Matches
391,Manu Bueno,es ESP,MF,Sevilla,es La Liga,21-299,2004,3.0,0,2,0,0.0,0.66,0.00,0.00,,0,0,Matches
392,Santiago Bueno,uy URU,DF,Wolves,eng Premier League,27-194,1998,27.4,3,9,6,66.7,0.33,0.22,0.33,0.50,0,0,Matches
393,Louis Buffon,cz CZE,FW,Pisa,it Serie A,18-145,2007,0.4,0,0,0,,0.00,0.00,,,0,0,Matches
394,Adam Buksa,pl POL,FW,Udinese,it Serie A,29-314,1996,9.9,3,12,6,50.0,1.21,0.61,0.25,0.50,0,0,Matches
395,Andrija Bulatović,me MNE,MF,Lens,fr Ligue 1,19-146,2006,8.5,0,11,5,45.5,1.30,0.59,0.00,0.00,0,0,Matches
396,Marius Bülter,de GER,"FW,MF",Köln,de Bundesliga,33-054,1993,17.7,5,42,17,40.5,2.37,0.96,0.12,0.29,0,0,Matches
397,Facundo Buonanotte,ar ARG,MF,Leeds United,eng Premier League,21-150,2004,0.3,0,1,0,0.0,3.46,0.00,0.00,,0,0,Matches
398,Facundo Buonanotte,ar ARG,MF,Chelsea,eng Premier League,21-150,2004,0.5,0,0,0,,0.00,0.00,,,0,0,Matches
399,Alessandro Buongiorno,it ITA,DF,Napoli,it Serie A,26-350,1999,28.0,0,8,3,37.5,0.29,0.11,0.00,0.00,0,0,Matches
400,Livan Burcu,tr TUR,"MF,FW",Union Berlin,de Bundesliga,21-236,2004,7.2,1,16,3,18.8,2.21,0.41,0.06,0.33,0,0,Matches
401,Jan Bürger,de GER,"MF,DF",Wolfsburg,de Bundesliga,19-073,2007,2.7,0,2,1,50.0,0.73,0.36,0.00,0.00,0,0,Matches
402,Wouter Burger,nl NED,MF,Hoffenheim,de Bundesliga,25-095,2001,27.0,4,36,13,36.1,1.33,0.48,0.11,0.31,0,0,Matches
403,Jonathan Burkardt,de GER,FW,Eintracht Frankfurt,de Bundesliga,25-315,2000,14.8,13,41,21,51.2,2.76,1.41,0.22,0.43,4,4,Matches
404,Oliver Burke,sct SCO,"FW,MF",Union Berlin,de Bundesliga,29-045,1997,18.5,6,34,15,44.1,1.84,0.81,0.18,0.40,0,0,Matches
405,Vincent Burlet,be BEL,DF,Lille,fr Ligue 1,20-241,2005,0.2,0,0,0,,0.00,0.00,,,0,0,Matches
406,Dan Burn,eng ENG,DF,Newcastle United,eng Premier League,34-013,1992,23.5,1,10,3,30.0,0.43,0.13,0.10,0.33,0,0,Matches
407,Bradley Burrowes,eng ENG,MF,Aston Villa,eng Premier League,18-079,2008,0.2,0,0,0,,0.00,0.00,,,0,0,Matches
408,Marnon Busch,de GER,"DF,MF",Heidenheim,de Bundesliga,31-165,1994,21.3,1,12,3,25.0,0.56,0.14,0.08,0.33,0,0,Matches
409,Aurélio Buta,pt POR,DF,Eintracht Frankfurt,de Bundesliga,29-101,1997,1.6,0,1,0,0.0,0.62,0.00,0.00,,0,0,Matches
410,Jean Butez,fr FRA,GK,Como,it Serie A,30-348,1995,37.0,0,0,0,,0.00,0.00,,,0,0,Matches
411,Jun'ai Byfield,eng ENG,DF,Tottenham Hotspur,eng Premier League,17-167,2008,0.0,0,0,0,,0.00,0.00,,,0,0,Matches
412,Sam Byram,eng ENG,"DF,MF",Leeds United,eng Premier League,32-248,1993,0.1,0,0,0,,0.00,0.00,,,0,0,Matches
413,William Bøving,dk DEN,MF,Mainz 05,de Bundesliga,23-082,2003,2.5,0,1,0,0.0,0.40,0.00,0.00,,0,0,Matches
414,Rémy Cabella,fr FRA,"MF,FW",Nantes,fr Ligue 1,36-075,1990,6.4,2,9,5,55.6,1.42,0.79,0.11,0.20,1,1,Matches
415,Jorge Cabello,es ESP,DF,Levante,es La Liga,22-027,2004,4.0,0,0,0,,0.00,0.00,,,0,0,Matches
416,Pape Cabral,fr FRA,MF,Monaco,fr Ligue 1,19-122,2007,0.9,0,3,2,66.7,3.51,2.34,0.00,0.00,0,0,Matches
417,Leandro Cabrera,uy URU,DF,Espanyol,es La Liga,34-339,1991,36.0,3,39,12,30.8,1.08,0.33,0.08,0.25,0,0,Matches
418,Anthony Caci,fr FRA,MF,Mainz 05,de Bundesliga,28-325,1997,5.8,0,6,0,0.0,1.04,0.00,0.00,,0,0,Matches
419,Noah Cadiou,gp GLP,MF,Lorient,fr Ligue 1,27-208,1998,20.9,3,19,9,47.4,0.91,0.43,0.16,0.33,0,0,Matches
420,Mathieu Cafaro,fr FRA,FW,Paris FC,fr Ligue 1,29-058,1997,1.7,0,7,1,14.3,4.14,0.59,0.00,0.00,0,0,Matches
421,Moisés Caicedo,ec ECU,MF,Chelsea,eng Premier League,24-201,2001,30.1,3,26,7,26.9,0.86,0.23,0.12,0.43,0,0,Matches
422,Tom Cairney,sct SCO,MF,Fulham,eng Premier League,35-122,1991,8.3,1,14,1,7.1,1.69,0.12,0.07,1.00,0,0,Matches
423,Arturo Calabresi,it ITA,DF,Pisa,it Serie A,30-066,1996,16.0,0,4,1,25.0,0.25,0.06,0.00,0.00,0,0,Matches
424,Riccardo Calafiori,it ITA,DF,Arsenal,eng Premier League,24-003,2002,18.4,1,32,8,25.0,1.74,0.44,0.03,0.13,0,0,Matches
425,Miguel Calatayud,es ESP,DF,Mallorca,es La Liga,20-026,2006,0.5,0,1,0,0.0,2.09,0.00,0.00,,0,0,Matches
426,Calebe,br BRA,MF,Alavés,es La Liga,26-022,2000,8.4,0,5,1,20.0,0.60,0.12,0.00,0.00,0,0,Matches
427,Fernando Calero,es ESP,DF,Espanyol,es La Liga,30-250,1995,22.9,0,12,1,8.3,0.52,0.04,0.00,0.00,0,0,Matches
428,Duje Ćaleta-Car,hr CRO,DF,Real Sociedad,es La Liga,29-247,1996,23.9,1,13,3,23.1,0.54,0.13,0.08,0.33,0,0,Matches
429,Hakan Çalhanoğlu,tr TUR,MF,Inter,it Serie A,32-103,1994,18.2,9,50,17,34.0,2.75,0.93,0.10,0.29,4,5,Matches
430,Dominic Calvert-Lewin,eng ENG,FW,Leeds United,eng Premier League,29-067,1997,29.5,14,71,33,46.5,2.41,1.12,0.14,0.30,4,5,Matches
431,Dani Calvo,es ESP,DF,Oviedo,es La Liga,32-051,1994,16.9,0,2,0,0.0,0.12,0.00,0.00,,0,0,Matches
432,Abdoulaye Camara,fr FRA,MF,Udinese,it Serie A,17-236,2008,0.1,0,0,0,,0.00,0.00,,,0,0,Matches
433,Adama Camara,fr FRA,"MF,DF",Paris FC,fr Ligue 1,29-216,1996,24.0,1,17,5,29.4,0.71,0.21,0.06,0.20,0,0,Matches
434,Amady Camara,ml MLI,FW,Nantes,fr Ligue 1,20-359,2005,1.9,0,6,0,0.0,3.16,0.00,0.00,,0,0,Matches
435,Dawda Camara,mr MTN,FW,Girona,es La Liga,23-199,2002,0.8,0,2,1,50.0,2.50,1.25,0.00,0.00,0,0,Matches
436,Lamine Camara,sn SEN,MF,Monaco,fr Ligue 1,22-141,2004,20.5,3,25,4,16.0,1.22,0.19,0.12,0.75,0,0,Matches
437,Mahdi Camara,fr FRA,MF,Rennes,fr Ligue 1,27-326,1998,29.5,3,29,12,41.4,0.98,0.41,0.10,0.25,0,0,Matches
438,Ousmane Camara,ml MLI,DF,Angers,fr Ligue 1,23-077,2003,30.2,1,13,5,38.5,0.43,0.17,0.08,0.20,0,0,Matches
439,Francesco Camarda,it ITA,FW,Lecce,it Serie A,18-073,2008,7.6,1,16,3,18.8,2.10,0.39,0.06,0.33,0,1,Matches
440,Eduardo Camavinga,fr FRA,MF,Real Madrid,es La Liga,23-193,2002,17.0,1,13,2,15.4,0.77,0.12,0.08,0.50,0,0,Matches
441,Nicolò Cambiaghi,it ITA,"MF,FW",Bologna,it Serie A,25-145,2000,16.9,3,24,6,25.0,1.42,0.36,0.13,0.50,0,0,Matches
442,Andrea Cambiaso,it ITA,"MF,DF",Juventus,it Serie A,26-091,2000,30.1,3,25,12,48.0,0.83,0.40,0.12,0.25,0,0,Matches
443,Axel Camblan,fr FRA,FW,Brest,fr Ligue 1,22-265,2003,0.1,0,0,0,,0.00,0.00,,,0,0,Matches
444,Sergio Camello,es ESP,"FW,MF",Rayo Vallecano,es La Liga,25-101,2001,8.6,4,25,12,48.0,2.92,1.40,0.16,0.33,0,0,Matches
445,Cole Campbell,us USA,FW,Hoffenheim,de Bundesliga,20-091,2006,0.9,0,1,0,0.0,1.14,0.00,0.00,,0,0,Matches
446,Cole Campbell,us USA,FW,Dortmund,de Bundesliga,20-091,2006,0.2,0,1,0,0.0,5.29,0.00,0.00,,0,0,Matches
447,Emre Can,de GER,DF,Dortmund,de Bundesliga,32-130,1994,6.9,3,5,4,80.0,0.72,0.58,0.00,0.00,3,3,Matches
448,Matteo Cancellieri,it ITA,"FW,MF",Lazio,it Serie A,24-099,2002,18.4,4,40,16,40.0,2.18,0.87,0.10,0.25,0,0,Matches
449,João Cancelo,pt POR,DF,Barcelona,es La Liga,31-360,1994,10.5,2,13,4,30.8,1.24,0.38,0.15,0.50,0,0,Matches
450,Fali Candé,gw GNB,DF,Sassuolo,it Serie A,28-118,1998,5.7,0,3,0,0.0,0.53,0.00,0.00,,0,0,Matches
451,Simone Canestrelli,it ITA,DF,Pisa,it Serie A,25-253,2000,34.6,1,15,3,20.0,0.43,0.09,0.07,0.33,0,0,Matches
452,Jaydee Canvot,fr FRA,"MF,DF",Toulouse,fr Ligue 1,19-297,2006,2.0,0,2,0,0.0,1.00,0.00,0.00,,0,0,Matches
453,Jaydee Canvot,fr FRA,DF,Crystal Palace,eng Premier League,19-297,2006,14.8,0,7,1,14.3,0.47,0.07,0.00,0.00,0,0,Matches
454,Nicolás Capaldo,ar ARG,"DF,MF",Hamburger SV,de Bundesliga,27-250,1998,22.2,1,22,6,27.3,0.99,0.27,0.05,0.17,0,0,Matches
455,Pierrick Capelle,fr FRA,MF,Angers,fr Ligue 1,39-037,1987,7.2,0,10,1,10.0,1.38,0.14,0.00,0.00,0,0,Matches
456,Elia Caprile,it ITA,GK,Cagliari,it Serie A,24-270,2001,37.0,0,0,0,,0.00,0.00,,,0,0,Matches
457,Maxence Caqueret,fr FRA,MF,Como,it Serie A,26-096,2000,16.2,2,18,4,22.2,1.11,0.25,0.11,0.50,0,0,Matches
458,Antonio Caracciolo,it ITA,DF,Pisa,it Serie A,35-326,1990,34.1,2,25,6,24.0,0.73,0.18,0.08,0.33,0,0,Matches
459,Franco Carboni,it ITA,MF,Parma,it Serie A,23-048,2003,1.1,0,0,0,,0.00,0.00,,,0,0,Matches
460,Valentin Carboni,ar ARG,MF,Genoa,it Serie A,21-078,2005,4.0,0,6,2,33.3,1.50,0.50,0.00,0.00,0,0,Matches
461,Dani Cárdenas,es ESP,GK,Rayo Vallecano,es La Liga,29-055,1997,3.0,0,0,0,,0.00,0.00,,,0,0,Matches
462,Sergi Cardona,es ESP,DF,Villarreal,es La Liga,26-318,1999,21.6,1,18,5,27.8,0.83,0.23,0.06,0.20,0,0,Matches
463,Fábio Cardoso,pt POR,DF,Sevilla,es La Liga,32-033,1994,3.3,0,0,0,,0.00,0.00,,,0,0,Matches
464,Johnny Cardoso,us USA,MF,Atlético Madrid,es La Liga,24-244,2001,9.9,0,2,0,0.0,0.20,0.00,0.00,,0,0,Matches
465,Maycon Cardozo,br BRA,MF,Bayern Munich,de Bundesliga,17-224,2008,0.4,0,0,0,,0.00,0.00,,,0,0,Matches
466,Igor Carioca,br BRA,DF,Lorient,fr Ligue 1,29-274,1996,13.5,1,8,1,12.5,0.59,0.07,0.13,1.00,0,0,Matches
467,Patrik Carlgren,se SWE,GK,Nantes,fr Ligue 1,34-134,1992,2.0,0,0,0,,0.00,0.00,,,0,0,Matches
468,Diego Carlos,br BRA,DF,Como,it Serie A,33-068,1993,21.7,1,8,2,25.0,0.37,0.09,0.13,0.50,0,0,Matches
469,Kevin Carlos,es ESP,FW,Nice,fr Ligue 1,25-042,2001,9.8,0,22,7,31.8,2.25,0.72,0.00,0.00,0,0,Matches
470,David Carmo,ao ANG,DF,Oviedo,es La Liga,26-307,1999,19.8,1,10,3,30.0,0.50,0.15,0.10,0.33,0,0,Matches
471,Carmona,es ESP,"DF,MF",Sevilla,es La Liga,24-113,2002,27.5,1,20,3,15.0,0.73,0.11,0.05,0.33,0,0,Matches
472,Marco Carnesecchi,it ITA,GK,Atalanta,it Serie A,25-325,2000,37.0,0,0,0,,0.00,0.00,,,0,0,Matches
473,Sergio Carreira,es ESP,MF,Celta Vigo,es La Liga,25-221,2000,28.9,2,13,6,46.2,0.45,0.21,0.15,0.33,0,0,Matches
474,Gorka Carrera,es ESP,FW,Real Sociedad,es La Liga,21-007,2005,0.7,0,1,1,100.0,1.45,1.45,0.00,0.00,0,0,Matches
475,Álvaro Carreras,es ESP,DF,Real Madrid,es La Liga,23-060,2003,24.9,2,9,3,33.3,0.36,0.12,0.22,0.67,0,0,Matches
476,Dani Carvajal,es ESP,DF,Real Madrid,es La Liga,34-131,1992,9.9,0,5,1,20.0,0.50,0.10,0.00,0.00,0,0,Matches
477,Fabio Carvalho,pt POR,MF,Brentford,eng Premier League,23-265,2002,1.1,1,2,1,50.0,1.76,0.88,0.50,1.00,0,0,Matches
478,Cesare Casadei,it ITA,MF,Torino,it Serie A,23-132,2003,21.7,5,33,15,45.5,1.52,0.69,0.15,0.33,0,0,Matches
479,Marc Casado,es ESP,MF,Barcelona,es La Liga,22-250,2003,10.9,0,11,0,0.0,1.01,0.00,0.00,,0,0,Matches
480,Nicolò Casale,it ITA,DF,Bologna,it Serie A,28-097,1998,7.5,0,5,0,0.0,0.66,0.00,0.00,,0,0,Matches
481,Casemiro,br BRA,MF,Manchester Utd,eng Premier League,34-088,1992,28.6,9,52,18,34.6,1.82,0.63,0.17,0.50,0,0,Matches
482,Matty Cash,pl POL,DF,Aston Villa,eng Premier League,28-288,1997,33.0,3,30,10,33.3,0.91,0.30,0.10,0.30,0,0,Matches
483,Josué Casimir,ht HAI,"MF,FW",Auxerre,fr Ligue 1,24-240,2001,16.9,1,22,12,54.5,1.30,0.71,0.05,0.08,0,1,Matches
484,Cristian Cásseres Jr.,ve VEN,MF,Toulouse,fr Ligue 1,26-122,2000,27.7,2,26,6,23.1,0.94,0.22,0.08,0.33,0,1,Matches
485,Timothy Castagne,be BEL,"DF,MF",Fulham,eng Premier League,30-168,1995,19.5,0,13,6,46.2,0.67,0.31,0.00,0.00,0,0,Matches
486,Valentín Castellanos,ar ARG,FW,Lazio,it Serie A,27-231,1998,7.7,2,20,8,40.0,2.60,1.04,0.10,0.25,0,0,Matches
487,Valentín Castellanos,ar ARG,FW,West Ham United,eng Premier League,27-231,1998,14.4,5,46,20,43.5,3.19,1.39,0.11,0.25,0,0,Matches
488,Castrin,es ESP,DF,Sevilla,es La Liga,23-141,2003,14.2,1,11,3,27.3,0.78,0.21,0.09,0.33,0,0,Matches
489,Jonny Castro,es ESP,DF,Alavés,es La Liga,32-080,1994,33.3,0,9,3,33.3,0.27,0.09,0.00,0.00,0,0,Matches
490,Santiago Castro,ar ARG,FW,Bologna,it Serie A,21-246,2004,25.2,7,60,20,33.3,2.38,0.79,0.12,0.35,0,0,Matches
491,Alessio Castro-Montes,be BEL,"MF,DF",Köln,de Bundesliga,29-005,1997,7.5,1,8,1,12.5,1.07,0.13,0.13,1.00,0,0,Matches
492,Danilo Cataldi,it ITA,MF,Lazio,it Serie A,31-289,1994,22.1,3,26,7,26.9,1.18,0.32,0.04,0.14,2,2,Matches
493,Catena,es ESP,DF,Osasuna,es La Liga,31-206,1994,33.1,3,19,4,21.1,0.57,0.12,0.16,0.75,0,0,Matches
494,Nicolò Cavuoti,it ITA,MF,Cagliari,it Serie A,23-048,2003,0.5,0,0,0,,0.00,0.00,,,0,0,Matches
495,Santi Cazorla,es ESP,MF,Oviedo,es La Liga,41-160,1984,9.8,0,7,1,14.3,0.72,0.10,0.00,0.00,0,0,Matches
496,Dani Ceballos,es ESP,MF,Real Madrid,es La Liga,29-288,1996,5.2,0,3,0,0.0,0.58,0.00,0.00,,0,0,Matches
497,Federico Ceccherini,it ITA,DF,Cremonese,it Serie A,34-011,1992,5.3,0,5,2,40.0,0.95,0.38,0.00,0.00,0,0,Matches
498,Abdoulie Ceesay,gm GAM,FW,St Pauli,de Bundesliga,22-137,2004,3.7,3,11,4,36.4,2.95,1.07,0.27,0.75,0,0,Matches
499,Nidal Celik,ba BIH,DF,Lens,fr Ligue 1,19-309,2006,6.8,0,1,1,100.0,0.15,0.15,0.00,0.00,0,0,Matches
500,Zeki Çelik,tr TUR,"MF,DF",Roma,it Serie A,29-094,1997,29.3,1,22,4,18.2,0.75,0.14,0.05,0.25,0,0,Matches
501,Fabien Centonze,fr FRA,"MF,DF",Nantes,fr Ligue 1,30-126,1996,8.2,3,8,3,37.5,0.98,0.37,0.38,1.00,0,0,Matches
502,Lucas Cepeda,cl CHI,MF,Elche,es La Liga,23-203,2002,4.5,1,13,5,38.5,2.91,1.12,0.08,0.20,0,0,Matches
503,Václav Černý,cz CZE,"FW,MF",Wolfsburg,de Bundesliga,28-217,1997,0.5,0,1,0,0.0,1.91,0.00,0.00,,0,0,Matches
504,Jorge Cestero,es ESP,MF,Real Madrid,es La Liga,20-059,2006,0.1,0,0,0,,0.00,0.00,,,0,0,Matches
505,Julian Chabot,de GER,DF,Stuttgart,de Bundesliga,28-099,1998,25.5,0,18,7,38.9,0.71,0.27,0.00,0.00,0,0,Matches
506,El Chadaille Bitshiabu,fr FRA,DF,RB Leipzig,de Bundesliga,21-006,2005,7.3,0,2,0,0.0,0.27,0.00,0.00,,0,0,Matches
507,Fares Chaïbi,dz ALG,MF,Eintracht Frankfurt,de Bundesliga,23-175,2002,19.9,2,35,9,25.7,1.76,0.45,0.06,0.22,0,0,Matches
508,Ilyas Chaira,ma MAR,"MF,FW",Oviedo,es La Liga,25-109,2001,26.2,6,80,35,43.8,3.05,1.34,0.08,0.17,0,0,Matches
509,Trevoh Chalobah,eng ENG,DF,Chelsea,eng Premier League,26-321,1999,30.6,3,16,5,31.3,0.52,0.16,0.19,0.60,0,0,Matches
510,Fallou Cham,gm GAM,MF,Hellas Verona,it Serie A,20-097,2006,2.5,0,5,2,40.0,1.97,0.79,0.00,0.00,0,0,Matches
511,Timothy Chandler,us USA,"DF,MF",Eintracht Frankfurt,de Bundesliga,36-054,1990,0.1,0,0,0,,0.00,0.00,,,0,0,Matches
512,Brendan Chardonnet,fr FRA,DF,Brest,fr Ligue 1,31-151,1994,28.3,1,12,6,50.0,0.42,0.21,0.08,0.17,0,0,Matches
513,Pep Chavarría,es ESP,DF,Rayo Vallecano,es La Liga,28-042,1998,29.8,1,18,3,16.7,0.60,0.10,0.06,0.33,0,0,Matches
514,Arthur Chaves,br BRA,DF,Hoffenheim,de Bundesliga,25-113,2001,2.7,0,1,0,0.0,0.37,0.00,0.00,,0,0,Matches
515,Arthur Chaves,br BRA,DF,Augsburg,de Bundesliga,25-113,2001,9.2,2,4,2,50.0,0.43,0.22,0.50,1.00,0,0,Matches
516,Felipe Chávez,pe PER,MF,Bayern Munich,de Bundesliga,19-042,2007,0.2,0,1,0,0.0,6.43,0.00,0.00,,0,0,Matches
517,Felipe Chávez,pe PER,MF,Köln,de Bundesliga,19-042,2007,1.1,0,5,1,20.0,4.41,0.88,0.00,0.00,0,0,Matches
518,Walid Cheddira,ma MAR,FW,Sassuolo,it Serie A,28-120,1998,2.5,1,8,2,25.0,3.26,0.81,0.13,0.50,0,0,Matches
519,Walid Cheddira,ma MAR,FW,Lecce,it Serie A,28-120,1998,10.2,3,23,9,39.1,2.25,0.88,0.13,0.33,0,0,Matches
520,Chema,es ESP,MF,Stuttgart,de Bundesliga,21-027,2005,14.6,3,15,6,40.0,1.03,0.41,0.20,0.50,0,0,Matches
521,Samir Chergui,dz ALG,DF,Paris FC,fr Ligue 1,27-105,1999,12.8,1,13,4,30.8,1.01,0.31,0.08,0.25,0,0,Matches
522,Sidiki Cherif,fr FRA,"FW,MF",Angers,fr Ligue 1,19-158,2006,12.9,4,28,12,42.9,2.18,0.93,0.14,0.33,0,0,Matches
523,Rayan Cherki,fr FRA,MF,Manchester City,eng Premier League,22-278,2003,19.5,4,54,13,24.1,2.77,0.67,0.07,0.31,0,0,Matches
524,Lucas Chevalier,fr FRA,GK,Paris Saint-Germain,fr Ligue 1,24-197,2001,17.0,0,0,0,,0.00,0.00,,,0,0,Matches
525,Fabio Chiarodia,it ITA,DF,Gladbach,de Bundesliga,20-351,2005,7.5,0,4,1,25.0,0.53,0.13,0.00,0.00,0,0,Matches
526,Federico Chiesa,it ITA,MF,Liverpool,eng Premier League,28-209,1997,3.8,2,17,5,29.4,4.51,1.33,0.12,0.40,0,0,Matches
527,Ben Chilwell,eng ENG,"DF,MF",Strasbourg,fr Ligue 1,29-152,1996,17.8,0,5,3,60.0,0.28,0.17,0.00,0.00,0,0,Matches
528,Tawanda Chirewa,zw ZIM,MF,Wolves,eng Premier League,22-222,2003,0.3,0,0,0,,0.00,0.00,,,0,0,Matches
529,Joris Chotard,fr FRA,MF,Brest,fr Ligue 1,24-240,2001,30.8,2,25,8,32.0,0.81,0.26,0.08,0.25,0,0,Matches
530,Andreas Christensen,dk DEN,DF,Barcelona,es La Liga,30-042,1996,4.2,0,2,0,0.0,0.47,0.00,0.00,,0,0,Matches
531,Ryan Christie,sct SCO,MF,Bournemouth,eng Premier League,31-089,1995,11.0,2,25,8,32.0,2.27,0.73,0.08,0.25,0,0,Matches
532,Carney Chukwuemeka,at AUT,"MF,FW",Dortmund,de Bundesliga,22-214,2003,10.2,2,18,2,11.1,1.76,0.20,0.11,1.00,0,0,Matches
533,Samuel Chukwueze,ng NGA,"FW,MF",Milan,it Serie A,27-000,1999,0.3,0,0,0,,0.00,0.00,,,0,0,Matches
534,Samuel Chukwueze,ng NGA,MF,Fulham,eng Premier League,27-000,1999,12.0,3,25,7,28.0,2.09,0.58,0.12,0.43,0,0,Matches
535,Víctor Chust,es ESP,DF,Elche,es La Liga,26-078,2000,23.1,1,9,3,33.3,0.39,0.13,0.11,0.33,0,0,Matches
536,Alessandro Circati,au AUS,DF,Parma,it Serie A,22-224,2003,28.6,1,8,1,12.5,0.28,0.03,0.13,1.00,0,0,Matches
537,Dennis Cirkin,lv LVA,DF,Sunderland,eng Premier League,24-046,2002,3.6,0,1,0,0.0,0.28,0.00,0.00,,0,0,Matches
538,Pathé Ciss,sn SEN,"MF,DF",Rayo Vallecano,es La Liga,32-067,1994,21.9,2,19,7,36.8,0.87,0.32,0.11,0.29,0,0,Matches
539,Amadou Cissé,gn GUI,DF,Strasbourg,fr Ligue 1,20-084,2006,1.0,0,0,0,,0.00,0.00,,,0,0,Matches
540,Djaoui Cissé,fr FRA,MF,Rennes,fr Ligue 1,22-111,2004,10.9,0,24,6,25.0,2.20,0.55,0.00,0.00,0,0,Matches
541,Mamoudou Cissokho,fr FRA,FW,Auxerre,fr Ligue 1,18-153,2007,0.0,0,0,0,,0.00,0.00,,,0,0,Matches
542,Alexis Claude-Maurice,fr FRA,"MF,FW",Augsburg,de Bundesliga,27-350,1998,23.3,5,71,26,36.6,3.05,1.12,0.06,0.15,1,2,Matches
543,Jonathan Clauss,fr FRA,"MF,DF",Nice,fr Ligue 1,33-239,1992,28.1,1,23,6,26.1,0.82,0.21,0.04,0.17,0,0,Matches
544,Nathaniel Clyne,eng ENG,MF,Crystal Palace,eng Premier League,35-047,1991,5.6,0,3,0,0.0,0.54,0.00,0.00,,0,0,Matches
545,Saúl Coco,gq EQG,DF,Torino,it Serie A,27-102,1999,33.3,1,15,4,26.7,0.45,0.12,0.07,0.25,0,0,Matches
546,Séamus Coleman,ie IRL,DF,Everton,eng Premier League,37-223,1988,0.2,0,0,0,,0.00,0.00,,,0,0,Matches
547,Maxime Colin,fr FRA,DF,Metz,fr Ligue 1,34-188,1991,18.8,0,7,2,28.6,0.37,0.11,0.00,0.00,0,0,Matches
548,Nathan Collins,ie IRL,DF,Brentford,eng Premier League,25-022,2001,32.1,1,20,6,30.0,0.62,0.19,0.05,0.17,0,0,Matches
549,Nnamdi Collins,de GER,DF,Eintracht Frankfurt,de Bundesliga,22-132,2004,16.7,1,4,1,25.0,0.24,0.06,0.25,1.00,0,0,Matches
550,Michele Collocolo,it ITA,MF,Cremonese,it Serie A,26-195,1999,3.5,0,2,1,50.0,0.57,0.28,0.00,0.00,0,0,Matches
551,Santiago Colombatto,ar ARG,MF,Oviedo,es La Liga,29-125,1997,22.2,0,15,2,13.3,0.67,0.09,0.00,0.00,0,0,Matches
552,Lorenzo Colombo,it ITA,FW,Genoa,it Serie A,24-075,2002,24.8,7,65,27,41.5,2.62,1.09,0.09,0.22,1,2,Matches
553,Levi Colwill,eng ENG,DF,Chelsea,eng Premier League,23-085,2003,1.5,0,0,0,,0.00,0.00,,,0,0,Matches
554,Eray Cömert,ch SUI,DF,Valencia,es La Liga,28-107,1998,14.9,2,11,3,27.3,0.74,0.20,0.18,0.67,0,0,Matches
555,Santi Comesaña,es ESP,MF,Villarreal,es La Liga,29-229,1996,26.7,3,27,7,25.9,1.01,0.26,0.11,0.43,0,0,Matches
556,Pietro Comuzzo,it ITA,DF,Fiorentina,it Serie A,21-091,2005,17.8,1,10,2,20.0,0.56,0.11,0.10,0.50,0,0,Matches
557,Francisco Conceição,pt POR,"MF,FW",Juventus,it Serie A,23-159,2002,22.3,3,70,23,32.9,3.14,1.03,0.04,0.13,0,0,Matches
558,Christian Conteh,de GER,"MF,FW",Heidenheim,de Bundesliga,26-268,1999,4.5,0,3,0,0.0,0.67,0.00,0.00,,0,0,Matches
559,Sirlord Conteh,de GER,"MF,FW",Heidenheim,de Bundesliga,29-317,1996,6.9,2,10,3,30.0,1.44,0.43,0.20,0.67,0,0,Matches
560,Lewis Cook,eng ENG,"MF,DF",Bournemouth,eng Premier League,29-108,1997,9.7,0,3,0,0.0,0.31,0.00,0.00,,0,0,Matches
561,Copete,es ESP,DF,Valencia,es La Liga,26-224,1999,19.5,0,13,0,0.0,0.67,0.00,0.00,,0,0,Matches
562,Diego Coppola,it ITA,DF,Paris FC,fr Ligue 1,22-145,2003,13.0,0,5,3,60.0,0.38,0.23,0.00,0.00,0,0,Matches
563,Diego Coppola,it ITA,DF,Brighton,eng Premier League,22-145,2003,2.2,0,0,0,,0.00,0.00,,,0,0,Matches
564,Francesco Coppola,it ITA,DF,Pisa,it Serie A,21-041,2005,5.1,0,2,0,0.0,0.39,0.00,0.00,,0,0,Matches
565,Francis Coquelin,fr FRA,MF,Nantes,fr Ligue 1,35-009,1991,7.3,0,6,1,16.7,0.82,0.14,0.00,0.00,0,0,Matches
566,Derek Cornelius,ca CAN,"DF,FW",Marseille,fr Ligue 1,28-178,1997,0.6,0,0,0,,0.00,0.00,,,0,0,Matches
567,Maxwel Cornet,ci CIV,MF,Genoa,it Serie A,29-237,1996,1.3,0,4,2,50.0,3.05,1.53,0.00,0.00,0,1,Matches
568,Iván Corralejo,es ESP,MF,Real Betis,es La Liga,19-021,2007,0.2,0,0,0,,0.00,0.00,,,0,0,Matches
569,Félix Correia,pt POR,MF,Lille,fr Ligue 1,25-120,2001,22.8,4,37,8,21.6,1.62,0.35,0.11,0.50,0,0,Matches
570,Thierry Correia,pt POR,"DF,MF",Valencia,es La Liga,27-074,1999,15.3,0,5,1,20.0,0.33,0.07,0.00,0.00,0,0,Matches
571,Alvaro Cortes,es ESP,DF,Barcelona,es La Liga,21-066,2005,1.0,0,0,0,,0.00,0.00,,,0,0,Matches
572,Paco Cortés,es ESP,"MF,FW",Levante,es La Liga,18-284,2007,5.2,0,12,4,33.3,2.29,0.76,0.00,0.00,0,0,Matches
573,Edoardo Corvi,it ITA,GK,Parma,it Serie A,25-060,2001,16.0,0,0,0,,0.00,0.00,,,0,0,Matches
574,Coba da Costa,es ESP,MF,Getafe,es La Liga,23-300,2002,3.9,0,5,1,20.0,1.29,0.26,0.00,0.00,0,0,Matches
575,Danny da Costa,de GER,"DF,MF",Mainz 05,de Bundesliga,32-313,1993,29.9,2,14,5,35.7,0.47,0.17,0.14,0.40,0,0,Matches
576,Logan Costa,cv CPV,DF,Villarreal,es La Liga,25-051,2001,0.2,0,0,0,,0.00,0.00,,,0,0,Matches
577,Samu Costa,pt POR,MF,Mallorca,es La Liga,25-176,2000,29.3,7,39,16,41.0,1.33,0.55,0.18,0.44,0,0,Matches
578,David Costas,es ESP,DF,Oviedo,es La Liga,31-057,1995,23.0,1,5,1,20.0,0.22,0.04,0.20,1.00,0,0,Matches
579,Grégoire Coudert,fr FRA,GK,Brest,fr Ligue 1,27-049,1999,24.4,0,0,0,,0.00,0.00,,,0,0,Matches
580,Vladimír Coufal,cz CZE,"DF,MF",Hoffenheim,de Bundesliga,33-273,1992,33.5,1,26,6,23.1,0.78,0.18,0.04,0.17,0,0,Matches
581,Abdoul Coulibaly,de GER,DF,Werder Bremen,de Bundesliga,18-364,2007,23.6,1,6,1,16.7,0.25,0.04,0.17,1.00,0,0,Matches
582,Djibril Coulibaly,fr FRA,MF,Nice,fr Ligue 1,17-185,2008,0.1,0,0,0,,0.00,0.00,,,0,0,Matches
583,Lassana Coulibaly,ml MLI,MF,Lecce,it Serie A,30-042,1996,28.9,3,26,8,30.8,0.90,0.28,0.12,0.38,0,0,Matches
584,Lasso Coulibaly,ci CIV,MF,Auxerre,fr Ligue 1,23-215,2002,3.6,0,3,0,0.0,0.84,0.00,0.00,,0,0,Matches
585,Mamadou Coulibaly,fr FRA,MF,Monaco,fr Ligue 1,22-031,2004,15.3,3,13,5,38.5,0.85,0.33,0.23,0.60,0,0,Matches
586,Soumaïla Coulibaly,fr FRA,DF,Brest,fr Ligue 1,22-220,2003,14.9,0,6,2,33.3,0.40,0.13,0.00,0.00,0,0,Matches
587,Woyo Coulibaly,ml MLI,DF,Sassuolo,it Serie A,26-361,1999,10.7,0,5,1,20.0,0.47,0.09,0.00,0.00,0,0,Matches
588,Marius Courcoul,fr FRA,MF,Angers,fr Ligue 1,19-141,2007,4.2,0,2,1,50.0,0.48,0.24,0.00,0.00,0,0,Matches
589,Thibaut Courtois,be BEL,GK,Real Madrid,es La Liga,34-011,1992,31.0,0,0,0,,0.00,0.00,,,0,0,Matches
590,Yan Couto,br BRA,MF,Dortmund,de Bundesliga,23-353,2002,11.1,2,9,4,44.4,0.81,0.36,0.22,0.50,0,0,Matches
591,Patrice Čović,hr CRO,MF,Werder Bremen,de Bundesliga,18-331,2007,3.9,1,5,2,40.0,1.28,0.51,0.20,0.50,0,0,Matches
592,Nicolas Cozza,fr FRA,DF,Nantes,fr Ligue 1,27-134,1999,25.6,0,11,3,27.3,0.43,0.12,0.00,0.00,0,0,Matches
593,Ben Cremaschi,us USA,MF,Parma,it Serie A,21-081,2005,1.5,0,1,0,0.0,0.68,0.00,0.00,,0,0,Matches
594,Charlie Cresswell,eng ENG,DF,Toulouse,fr Ligue 1,23-278,2002,28.1,3,38,12,31.6,1.35,0.43,0.08,0.25,0,0,Matches
595,Bryan Cristante,it ITA,MF,Roma,it Serie A,31-080,1995,33.4,2,42,8,19.0,1.26,0.24,0.05,0.25,0,0,Matches
596,Juan Cruz Armada,es ESP,DF,Osasuna,es La Liga,33-298,1992,7.2,0,1,0,0.0,0.14,0.00,0.00,,0,0,Matches
597,Juan Cuadrado,co COL,MF,Pisa,it Serie A,37-361,1988,5.4,1,10,2,20.0,1.85,0.37,0.00,0.00,1,1,Matches
598,Pau Cubarsí,es ESP,DF,Barcelona,es La Liga,19-120,2007,30.0,1,10,2,20.0,0.33,0.07,0.10,0.50,0,0,Matches
599,Miguel Cubo,es ESP,FW,Atlético Madrid,es La Liga,18-103,2008,0.6,1,3,2,66.7,5.40,3.60,0.33,0.50,0,0,Matches
600,Cucho,co COL,FW,Real Betis,es La Liga,27-032,1999,27.7,11,85,25,29.4,3.07,0.90,0.12,0.40,1,1,Matches
601,Marc Cucurella,es ESP,DF,Chelsea,eng Premier League,27-304,1998,29.1,1,20,6,30.0,0.69,0.21,0.05,0.17,0,0,Matches
602,Jorge Cuenca,es ESP,DF,Fulham,eng Premier League,26-186,1999,10.4,0,1,0,0.0,0.10,0.00,0.00,,0,0,Matches
603,Montrell Culbreath,de GER,"MF,DF",Leverkusen,de Bundesliga,18-266,2007,8.2,1,8,2,25.0,0.98,0.24,0.13,0.50,0,0,Matches
604,Josh Cullen,ie IRL,MF,Burnley,eng Premier League,30-045,1996,16.8,2,11,6,54.5,0.65,0.36,0.18,0.33,0,0,Matches
605,Pablo Cuñat,es ESP,GK,Levante,es La Liga,24-024,2002,2.0,0,0,0,,0.00,0.00,,,0,0,Matches
606,Jair Cunha,br BRA,DF,Nottingham Forest,eng Premier League,21-076,2005,5.1,0,3,1,33.3,0.59,0.20,0.00,0.00,0,0,Matches
607,Matheus Cunha,br BRA,"MF,FW",Manchester Utd,eng Premier League,26-360,1999,27.7,10,90,35,38.9,3.25,1.26,0.11,0.29,0,0,Matches
608,Patrick Cutrone,it ITA,FW,Parma,it Serie A,28-139,1998,9.9,1,25,7,28.0,2.53,0.71,0.04,0.14,0,0,Matches
609,Lucas Da Cunha,fr FRA,MF,Como,it Serie A,24-347,2001,29.4,4,37,14,37.8,1.26,0.48,0.03,0.07,3,3,Matches
610,Adam Daghim,dk DEN,"MF,FW",Wolfsburg,de Bundesliga,20-236,2005,15.2,2,27,9,33.3,1.78,0.59,0.07,0.22,0,0,Matches
611,Finn Dahmen,de GER,GK,Augsburg,de Bundesliga,28-056,1998,34.0,0,1,0,0.0,0.03,0.00,0.00,,0,0,Matches
612,Mahmoud Dahoud,de GER,"MF,FW",Eintracht Frankfurt,de Bundesliga,30-141,1996,8.0,2,17,2,11.8,2.14,0.25,0.12,1.00,0,0,Matches
613,David Daiber,pt POR,FW,Bayern Munich,de Bundesliga,19-132,2007,0.3,0,1,0,0.0,3.10,0.00,0.00,,0,0,Matches
614,Ameen Al-Dakhil,be BEL,DF,Stuttgart,de Bundesliga,24-077,2002,4.2,0,1,0,0.0,0.24,0.00,0.00,,0,0,Matches
615,Thijs Dallinga,nl NED,FW,Bologna,it Serie A,25-292,2000,9.0,2,24,5,20.8,2.67,0.56,0.08,0.40,0,0,Matches
616,Diogo Dalot,pt POR,"DF,MF",Manchester Utd,eng Premier League,27-065,1999,29.0,1,24,6,25.0,0.83,0.21,0.04,0.17,0,0,Matches
617,Muhammed Damar,de GER,"MF,FW",Hoffenheim,de Bundesliga,22-043,2004,3.1,0,12,8,66.7,3.90,2.60,0.00,0.00,0,0,Matches
618,Damián,es ESP,MF,Getafe,es La Liga,22-356,2003,1.6,0,0,0,,0.00,0.00,,,0,0,Matches
619,Mikkel Damsgaard,dk DEN,MF,Brentford,eng Premier League,25-323,2000,22.7,4,29,11,37.9,1.28,0.48,0.14,0.36,0,0,Matches
620,Arnaut Danjuma,nl NED,"MF,FW",Valencia,es La Liga,29-111,1997,18.1,3,36,14,38.9,1.99,0.77,0.08,0.21,0,1,Matches
621,Kévin Danois,fr FRA,MF,Auxerre,fr Ligue 1,21-328,2004,31.4,3,25,8,32.0,0.80,0.25,0.12,0.38,0,0,Matches
622,Kevin Danso,at AUT,DF,Tottenham Hotspur,eng Premier League,27-245,1998,15.6,0,7,2,28.6,0.45,0.13,0.00,0.00,0,0,Matches
623,Dante,br BRA,DF,Nice,fr Ligue 1,42-216,1983,9.4,0,7,1,14.3,0.74,0.11,0.00,0.00,0,0,Matches
624,Bence Dárdai,hu HUN,MF,Wolfsburg,de Bundesliga,20-118,2006,0.4,0,0,0,,0.00,0.00,,,0,0,Matches
625,Aiman Dardari,lu LUX,MF,Augsburg,de Bundesliga,21-062,2005,0.4,0,1,0,0.0,2.65,0.00,0.00,,0,0,Matches
626,Sergi Darder,es ESP,MF,Mallorca,es La Liga,32-151,1993,28.8,1,35,13,37.1,1.22,0.45,0.03,0.08,0,0,Matches
627,Karl Darlow,wls WAL,GK,Leeds United,eng Premier League,35-226,1990,21.0,0,0,0,,0.00,0.00,,,0,0,Matches
628,Matteo Darmian,it ITA,"MF,DF",Inter,it Serie A,36-171,1989,2.8,0,0,0,,0.00,0.00,,,0,0,Matches
629,Josh Dasilva,eng ENG,MF,Brentford,eng Premier League,27-211,1998,0.0,0,1,0,0.0,30.00,0.00,0.00,,0,0,Matches
630,David Datro Fofana,ci CIV,FW,Strasbourg,fr Ligue 1,23-151,2002,1.9,0,3,1,33.3,1.58,0.53,0.00,0.00,0,0,Matches
631,Juan David Cabal,co COL,MF,Juventus,it Serie A,25-134,2001,3.3,2,5,2,40.0,1.52,0.61,0.40,1.00,0,0,Matches
632,Jonathan David,ca CAN,FW,Juventus,it Serie A,26-128,2000,19.5,6,41,16,39.0,2.11,0.82,0.15,0.38,0,1,Matches
633,Alphonso Davies,ca CAN,DF,Bayern Munich,de Bundesliga,25-201,2000,5.8,1,4,1,25.0,0.69,0.17,0.25,1.00,0,0,Matches
634,Ben Davies,wls WAL,DF,Tottenham Hotspur,eng Premier League,33-028,1993,1.5,1,2,2,100.0,1.31,1.31,0.50,0.50,0,0,Matches
635,Davinchi,es ESP,DF,Getafe,es La Liga,18-218,2007,7.8,0,4,2,50.0,0.52,0.26,0.00,0.00,0,0,Matches
636,Keinan Davis,eng ENG,FW,Udinese,it Serie A,28-098,1998,22.1,10,48,25,52.1,2.18,1.13,0.13,0.24,4,4,Matches
637,Kevin De Bruyne,be BEL,MF,Napoli,it Serie A,34-328,1991,12.0,5,26,11,42.3,2.16,0.91,0.08,0.18,3,3,Matches
638,Mathys De Carvalho,fr FRA,MF,Lyon,fr Ligue 1,21-021,2005,3.3,0,7,2,28.6,2.14,0.61,0.00,0.00,0,0,Matches
639,Maxim De Cuyper,be BEL,"DF,MF",Brighton,eng Premier League,25-151,2000,15.2,2,12,6,50.0,0.79,0.39,0.17,0.33,0,0,Matches
640,Charles De Ketelaere,be BEL,"MF,FW",Atalanta,it Serie A,25-073,2001,23.9,3,46,16,34.8,1.93,0.67,0.07,0.19,0,0,Matches
641,Jeffrey De Lange,nl NED,GK,Marseille,fr Ligue 1,28-051,1998,5.0,0,0,0,,0.00,0.00,,,0,0,Matches
642,Manuel De Luca,it ITA,FW,Cremonese,it Serie A,27-309,1998,0.2,1,2,2,100.0,11.25,11.25,0.00,0.00,1,1,Matches
643,Théo De Percin,mq MTQ,GK,Auxerre,fr Ligue 1,25-109,2001,6.6,0,0,0,,0.00,0.00,,,0,0,Matches
644,Lorenzo De Silvestri,it ITA,DF,Bologna,it Serie A,37-364,1988,4.7,0,0,0,,0.00,0.00,,,0,0,Matches
645,Thibault De Smet,be BEL,DF,Paris FC,fr Ligue 1,27-351,1998,12.7,0,4,0,0.0,0.31,0.00,0.00,,0,0,Matches
646,Koni De Winter,be BEL,DF,Milan,it Serie A,23-344,2002,20.0,1,7,1,14.3,0.35,0.05,0.14,1.00,0,0,Matches
647,Alessandro Deiola,it ITA,"MF,DF",Cagliari,it Serie A,30-294,1995,15.1,0,20,6,30.0,1.33,0.40,0.00,0.00,0,0,Matches
648,Romain Del Castillo,fr FRA,"MF,FW",Brest,fr Ligue 1,30-054,1996,29.2,9,33,13,39.4,1.13,0.45,0.09,0.23,6,8,Matches
649,Enrico Del Prato,it ITA,"DF,MF",Parma,it Serie A,26-193,1999,32.8,2,18,9,50.0,0.55,0.27,0.11,0.22,0,0,Matches
650,Thomas Delaine,fr FRA,"MF,DF",Le Havre,fr Ligue 1,34-059,1992,2.2,0,3,0,0.0,1.34,0.00,0.00,,0,0,Matches
651,Liam Delap,eng ENG,FW,Chelsea,eng Premier League,23-103,2003,12.2,1,36,11,30.6,2.94,0.90,0.03,0.09,0,0,Matches
652,Fisayo Dele-Bashiru,ng NGA,MF,Lazio,it Serie A,25-105,2001,12.3,0,8,1,12.5,0.65,0.08,0.00,0.00,0,0,Matches
653,Olivier Deman,be BEL,"DF,MF",Werder Bremen,de Bundesliga,26-046,2000,13.9,1,10,3,30.0,0.72,0.22,0.10,0.33,0,0,Matches
654,Pape Demba Diop,sn SEN,MF,Toulouse,fr Ligue 1,22-260,2003,13.1,1,29,11,37.9,2.21,0.84,0.03,0.09,0,0,Matches
655,Ali Dembélé,fr FRA,DF,Torino,it Serie A,22-137,2004,0.2,0,1,0,0.0,4.29,0.00,0.00,,0,0,Matches
656,Ousmane Dembélé,fr FRA,FW,Paris Saint-Germain,fr Ligue 1,29-007,1997,11.8,10,45,18,40.0,3.81,1.52,0.18,0.44,2,3,Matches
657,Jessy Deminguet,fr FRA,MF,Metz,fr Ligue 1,28-135,1998,22.2,2,17,7,41.2,0.77,0.32,0.12,0.29,0,0,Matches
658,Ermedin Demirović,ba BIH,FW,Stuttgart,de Bundesliga,28-058,1998,16.6,12,41,22,53.7,2.46,1.32,0.27,0.50,1,1,Matches
659,Rav van den Berg,nl NED,DF,Köln,de Bundesliga,21-319,2004,12.6,0,1,0,0.0,0.08,0.00,0.00,,0,0,Matches
660,Sepp van den Berg,nl NED,DF,Brentford,eng Premier League,24-153,2001,29.7,0,23,7,30.4,0.77,0.24,0.00,0.00,0,0,Matches
661,Branco van den Boomen,nl NED,MF,Angers,fr Ligue 1,30-305,1995,13.8,0,13,5,38.5,0.95,0.36,0.00,0.00,0,1,Matches
662,Leander Dendoncker,be BEL,MF,Oviedo,es La Liga,31-037,1995,14.8,1,9,4,44.4,0.61,0.27,0.11,0.25,0,0,Matches
663,Daniel Denoon,ch SUI,DF,Pisa,it Serie A,22-114,2004,1.4,0,0,0,,0.00,0.00,,,0,0,Matches
664,Nelson Deossa,co COL,MF,Real Betis,es La Liga,26-105,2000,8.3,0,18,0,0.0,2.18,0.00,0.00,,0,0,Matches
665,Jesse Derry,eng ENG,MF,Chelsea,eng Premier League,18-326,2007,0.5,0,2,1,50.0,4.09,2.05,0.00,0.00,0,0,Matches
666,Rémy Descamps,fr FRA,GK,Lyon,fr Ligue 1,29-331,1996,5.0,0,0,0,,0.00,0.00,,,0,0,Matches
667,Bahmed Deuff,mr MTN,MF,Nantes,fr Ligue 1,20-070,2006,2.8,0,7,3,42.9,2.52,1.08,0.00,0.00,0,0,Matches
668,Justin Devenny,nir NIR,"MF,FW",Crystal Palace,eng Premier League,22-223,2003,7.8,1,13,4,30.8,1.66,0.51,0.00,0.00,1,1,Matches
669,Tidiane Devernois,fr FRA,MF,Auxerre,fr Ligue 1,18-216,2007,0.1,0,0,0,,0.00,0.00,,,0,0,Matches
670,Kiernan Dewsbury-Hall,eng ENG,MF,Everton,eng Premier League,27-258,1998,28.3,8,38,15,39.5,1.34,0.53,0.21,0.53,0,0,Matches
671,Raffaele Di Gennaro,it ITA,GK,Inter,it Serie A,32-231,1993,0.1,0,0,0,,0.00,0.00,,,0,0,Matches
672,Michele Di Gregorio,it ITA,GK,Juventus,it Serie A,28-299,1997,29.5,0,0,0,,0.00,0.00,,,0,0,Matches
673,Giovanni Di Lorenzo,it ITA,"DF,MF",Napoli,it Serie A,32-291,1993,24.3,2,25,9,36.0,1.03,0.37,0.08,0.22,0,0,Matches
674,Alessandro Di Pardo,it ITA,"DF,MF",Cagliari,it Serie A,26-308,1999,0.6,0,1,0,0.0,1.67,0.00,0.00,,0,0,Matches
675,Boulaye Dia,sn SEN,"FW,MF",Lazio,it Serie A,29-187,1996,13.6,1,12,7,58.3,0.88,0.52,0.08,0.14,0,0,Matches
676,Ibrahim Diabaté,ci CIV,FW,Alavés,es La Liga,26-186,1999,6.3,2,14,5,35.7,2.21,0.79,0.14,0.40,0,0,Matches
677,Bambo Diaby,sn SEN,DF,Elche,es La Liga,28-156,1997,1.1,0,0,0,,0.00,0.00,,,0,0,Matches
678,Mouctar Diakhaby,gn GUI,DF,Valencia,es La Liga,29-154,1996,6.0,1,4,3,75.0,0.66,0.50,0.25,0.33,0,0,Matches
679,Bafodé Diakité,fr FRA,DF,Bournemouth,eng Premier League,25-136,2001,14.2,0,1,0,0.0,0.07,0.00,0.00,,0,0,Matches
680,Amad Diallo,ci CIV,MF,Manchester Utd,eng Premier League,23-315,2002,25.0,2,51,21,41.2,2.04,0.84,0.04,0.10,0,0,Matches
681,Habib Diallo,sn SEN,FW,Metz,fr Ligue 1,30-338,1995,21.2,4,38,12,31.6,1.79,0.57,0.11,0.33,0,1,Matches
682,Zoumana Diallo,fr FRA,FW,Nice,fr Ligue 1,21-109,2005,0.1,0,0,0,,0.00,0.00,,,0,0,Matches
683,Grady Diangana,cd COD,"MF,FW",Elche,es La Liga,28-033,1998,10.3,1,16,2,12.5,1.56,0.19,0.06,0.50,0,0,Matches
684,Assane Diao,sn SEN,MF,Como,it Serie A,20-257,2005,11.0,2,27,9,33.3,2.45,0.82,0.07,0.22,0,0,Matches
685,Soriba Diaoune,fr FRA,MF,Lille,fr Ligue 1,18-281,2007,2.1,1,10,4,40.0,4.86,1.95,0.10,0.25,0,0,Matches
686,Habib Diarra,sn SEN,MF,Sunderland,eng Premier League,22-139,2004,15.3,2,24,8,33.3,1.57,0.52,0.04,0.13,1,1,Matches
687,Moussa Diarra,ml MLI,DF,Alavés,es La Liga,25-193,2000,2.4,0,0,0,,0.00,0.00,,,0,0,Matches
688,Rúben Dias,pt POR,DF,Manchester City,eng Premier League,29-008,1997,22.8,2,10,4,40.0,0.44,0.18,0.20,0.50,0,0,Matches
689,Bane Diatta,fr FRA,MF,Angers,fr Ligue 1,17-329,2008,0.1,0,0,0,,0.00,0.00,,,0,0,Matches
690,Krépin Diatta,sn SEN,"MF,DF",Monaco,fr Ligue 1,27-086,1999,11.3,0,7,1,14.3,0.62,0.09,0.00,0.00,0,0,Matches
691,Mory Diaw,sn SEN,GK,Le Havre,fr Ligue 1,32-334,1993,29.5,0,0,0,,0.00,0.00,,,0,0,Matches
692,Brahim Díaz,ma MAR,"MF,FW",Real Madrid,es La Liga,26-292,1999,13.8,0,14,6,42.9,1.02,0.44,0.00,0.00,0,0,Matches
693,Daniel Díaz,es ESP,FW,Real Sociedad,es La Liga,19-334,2006,0.2,0,0,0,,0.00,0.00,,,0,0,Matches
694,Julio Diaz,es ESP,DF,Atlético Madrid,es La Liga,21-132,2005,3.4,0,1,0,0.0,0.29,0.00,0.00,,0,0,Matches
695,Junior Diaz,ci CIV,DF,Brest,fr Ligue 1,22-303,2003,17.4,0,7,1,14.3,0.40,0.06,0.00,0.00,0,0,Matches
696,Luis Díaz,co COL,MF,Bayern Munich,de Bundesliga,29-129,1997,27.2,15,88,37,42.0,3.24,1.36,0.17,0.41,0,0,Matches
697,Pedro Díaz,es ESP,"MF,FW",Rayo Vallecano,es La Liga,27-351,1998,19.8,0,44,6,13.6,2.22,0.30,0.00,0.00,0,0,Matches
698,Tyler Dibling,eng ENG,MF,Everton,eng Premier League,20-071,2006,4.0,0,4,0,0.0,1.01,0.00,0.00,,0,0,Matches
699,Nouha Dicko,ml MLI,"FW,MF",Paris FC,fr Ligue 1,34-008,1992,0.8,1,4,2,50.0,5.00,2.50,0.25,0.50,0,0,Matches
700,Yaya Diémé,sn SEN,FW,Strasbourg,fr Ligue 1,18-218,2007,1.7,0,2,1,50.0,1.17,0.58,0.00,0.00,0,0,Matches
701,Bamba Dieng,sn SEN,FW,Lorient,fr Ligue 1,26-060,2000,13.5,10,45,24,53.3,3.34,1.78,0.20,0.38,1,2,Matches
702,Eric Dier,eng ENG,DF,Monaco,fr Ligue 1,32-127,1994,7.6,1,3,2,66.7,0.39,0.26,0.33,0.50,0,0,Matches
703,Lucas Digne,fr FRA,DF,Aston Villa,eng Premier League,32-306,1993,20.6,0,14,5,35.7,0.68,0.24,0.00,0.00,0,0,Matches
704,Kevin Diks,id IDN,DF,Gladbach,de Bundesliga,29-228,1996,27.4,5,23,13,56.5,0.84,0.47,0.04,0.08,4,4,Matches
705,Federico Dimarco,it ITA,MF,Inter,it Serie A,28-193,1997,29.4,6,63,20,31.7,2.14,0.68,0.10,0.30,0,0,Matches
706,Stole Dimitrievski,mk MKD,GK,Valencia,es La Liga,32-148,1993,19.0,0,0,0,,0.00,0.00,,,0,0,Matches
707,Junior Dina Ebimbe,cm CMR,MF,Brest,fr Ligue 1,25-182,2000,12.9,5,27,9,33.3,2.09,0.70,0.19,0.56,0,0,Matches
708,Eren Dinkçi,de GER,"MF,FW",Heidenheim,de Bundesliga,24-160,2001,12.6,3,25,9,36.0,1.99,0.72,0.12,0.33,0,0,Matches
709,Eren Dinkçi,de GER,MF,Freiburg,de Bundesliga,24-160,2001,2.8,0,4,0,0.0,1.45,0.00,0.00,,0,0,Matches
710,Sinaly Diomande,ci CIV,DF,Auxerre,fr Ligue 1,25-043,2001,23.7,2,9,4,44.4,0.38,0.17,0.22,0.50,0,0,Matches
711,Yan Diomandé,ci CIV,"FW,MF",RB Leipzig,de Bundesliga,19-189,2006,27.5,12,53,26,49.1,1.93,0.95,0.23,0.46,0,0,Matches
712,Issa Diop,ma MAR,DF,Fulham,eng Premier League,29-133,1997,8.1,0,1,0,0.0,0.12,0.00,0.00,,0,0,Matches
713,Sérigné Diop,sn SEN,FW,Brest,fr Ligue 1,21-010,2005,0.1,0,1,0,0.0,7.50,0.00,0.00,,0,0,Matches
714,Sofiane Diop,ma MAR,"MF,FW",Nice,fr Ligue 1,25-347,2000,23.7,8,54,17,31.5,2.28,0.72,0.11,0.35,2,2,Matches
715,Andy Diouf,fr FRA,MF,Inter,it Serie A,23-005,2003,4.5,0,7,2,28.6,1.56,0.45,0.00,0.00,0,0,Matches
716,Andy Diouf,fr FRA,MF,Lens,fr Ligue 1,23-005,2003,1.0,0,3,1,33.3,3.00,1.00,0.00,0.00,0,0,Matches
717,El Hadji Malick Diouf,sn SEN,"DF,MF",West Ham United,eng Premier League,21-145,2004,29.1,0,18,4,22.2,0.62,0.14,0.00,0.00,0,0,Matches
718,Yehvann Diouf,sn SEN,GK,Nice,fr Ligue 1,26-187,1999,26.0,0,0,0,,0.00,0.00,,,0,0,Matches
719,Assane Dioussé,sn SEN,MF,Auxerre,fr Ligue 1,28-244,1997,2.4,0,4,1,25.0,1.64,0.41,0.00,0.00,0,0,Matches
720,Axel Disasi,fr FRA,DF,West Ham United,eng Premier League,28-072,1998,12.9,0,5,3,60.0,0.39,0.23,0.00,0.00,0,0,Matches
721,Matías Dituro,ar ARG,GK,Elche,es La Liga,39-014,1987,21.0,0,0,0,,0.00,0.00,,,0,0,Matches
722,Djené,tg TOG,"DF,MF",Getafe,es La Liga,34-142,1991,28.6,0,4,0,0.0,0.14,0.00,0.00,,0,0,Matches
723,Harouna Djibrin,cm CMR,MF,Angers,fr Ligue 1,19-198,2006,3.7,2,7,3,42.9,1.87,0.80,0.29,0.67,0,0,Matches
724,Berat Djimsiti,al ALB,DF,Atalanta,it Serie A,33-092,1993,27.8,0,16,2,12.5,0.58,0.07,0.00,0.00,0,0,Matches
725,Marko Dmitrović,rs SRB,GK,Espanyol,es La Liga,34-118,1992,37.0,0,0,0,,0.00,0.00,,,0,0,Matches
726,Henrick Do Marcolino,fr FRA,FW,Rennes,fr Ligue 1,20-062,2006,0.0,0,0,0,,0.00,0.00,,,0,0,Matches
727,Ritsu Doan,jp JPN,MF,Eintracht Frankfurt,de Bundesliga,27-340,1998,26.3,5,41,15,36.6,1.56,0.57,0.12,0.33,0,0,Matches
728,Dodô,br BRA,"DF,MF",Fiorentina,it Serie A,27-186,1998,33.8,1,25,4,16.0,0.74,0.12,0.04,0.25,0,0,Matches
729,Danilho Doekhi,nl NED,DF,Union Berlin,de Bundesliga,27-326,1998,34.0,5,45,11,24.4,1.32,0.32,0.11,0.45,0,0,Matches
730,Matt Doherty,ie IRL,"DF,MF",Wolves,eng Premier League,34-126,1992,8.7,0,3,0,0.0,0.34,0.00,0.00,,0,0,Matches
731,Josh Doig,sct SCO,DF,Sassuolo,it Serie A,24-004,2002,21.3,0,11,4,36.4,0.52,0.19,0.00,0.00,0,0,Matches
732,Jeremy Doku,be BEL,"MF,FW",Manchester City,eng Premier League,23-360,2002,19.7,5,37,15,40.5,1.88,0.76,0.14,0.33,0,0,Matches
733,Tyrhys Dolan,eng ENG,MF,Espanyol,es La Liga,24-145,2001,26.3,2,32,11,34.4,1.22,0.42,0.06,0.18,0,0,Matches
734,Marc Domenech,es ESP,MF,Mallorca,es La Liga,20-141,2006,2.4,0,3,0,0.0,1.26,0.00,0.00,,0,0,Matches
735,Benjamín Domínguez,ar ARG,MF,Bologna,it Serie A,22-245,2003,6.1,0,12,2,16.7,1.97,0.33,0.00,0.00,0,0,Matches
736,Carlos Dominguez,es ESP,DF,Celta Vigo,es La Liga,25-100,2001,6.8,0,2,1,50.0,0.30,0.15,0.00,0.00,0,0,Matches
737,Nicolás Domínguez,ar ARG,MF,Nottingham Forest,eng Premier League,27-328,1998,12.8,1,17,5,29.4,1.33,0.39,0.06,0.20,0,0,Matches
738,Jean-Luc Dompé,fr FRA,"FW,MF",Hamburger SV,de Bundesliga,30-283,1995,12.6,3,25,12,48.0,1.98,0.95,0.08,0.17,1,1,Matches
739,John Donald,es ESP,"DF,MF",Elche,es La Liga,25-265,2000,6.9,1,6,2,33.3,0.87,0.29,0.17,0.50,0,0,Matches
740,Gianluigi Donnarumma,it ITA,GK,Manchester City,eng Premier League,27-086,1999,34.0,0,0,0,,0.00,0.00,,,0,0,Matches
741,Romelle Donovan,eng ENG,FW,Brentford,eng Premier League,19-173,2006,0.5,0,3,1,33.3,6.59,2.20,0.00,0.00,0,0,Matches
742,Patrick Dorgu,dk DEN,MF,Manchester Utd,eng Premier League,21-208,2004,15.4,3,22,8,36.4,1.43,0.52,0.14,0.38,0,0,Matches
743,Niklas Dorsch,de GER,MF,Heidenheim,de Bundesliga,28-127,1998,25.1,0,14,3,21.4,0.56,0.12,0.00,0.00,0,0,Matches
744,Alberto Dossena,it ITA,DF,Cagliari,it Serie A,27-221,1998,9.2,0,7,2,28.6,0.76,0.22,0.00,0.00,0,0,Matches
745,Lohann Doucet,bf BFA,MF,Paris FC,fr Ligue 1,23-250,2002,1.3,1,2,1,50.0,1.49,0.74,0.50,1.00,0,0,Matches
746,Fodé Doucouré,ml MLI,"MF,FW",Le Havre,fr Ligue 1,25-108,2001,13.8,3,20,8,40.0,1.45,0.58,0.15,0.38,0,0,Matches
747,Mamedi Doucouré,fr FRA,DF,Genoa,it Serie A,19-123,2007,0.1,0,0,0,,0.00,0.00,,,0,0,Matches
748,Sékou Doucoure,fr FRA,DF,Nantes,fr Ligue 1,21-026,2005,0.5,0,0,0,,0.00,0.00,,,0,0,Matches
749,Désiré Doué,fr FRA,"FW,MF",Paris Saint-Germain,fr Ligue 1,20-353,2005,15.0,7,55,19,34.5,3.67,1.27,0.13,0.37,0,1,Matches
750,Guela Doué,ci CIV,"DF,MF",Strasbourg,fr Ligue 1,23-217,2002,22.9,2,12,5,41.7,0.52,0.22,0.17,0.40,0,0,Matches
751,Ismaël Doukouré,fr FRA,"DF,MF",Strasbourg,fr Ligue 1,22-302,2003,23.0,0,7,3,42.9,0.30,0.13,0.00,0.00,0,0,Matches
752,Kamory Doumbia,ml MLI,MF,Brest,fr Ligue 1,23-093,2003,19.4,5,43,14,32.6,2.21,0.72,0.12,0.36,0,0,Matches
753,Anastasios Douvikas,gr GRE,FW,Como,it Serie A,26-293,1999,24.3,13,61,28,45.9,2.51,1.15,0.20,0.43,1,1,Matches
754,Artem Dovbyk,ua UKR,FW,Roma,it Serie A,28-335,1997,4.4,3,12,6,50.0,2.75,1.37,0.25,0.50,0,0,Matches
755,Max Dowman,eng ENG,MF,Arsenal,eng Premier League,16-142,2009,1.1,1,6,1,16.7,5.63,0.94,0.17,1.00,0,0,Matches
756,Damion Downs,us USA,FW,Hamburger SV,de Bundesliga,21-320,2004,6.0,0,7,4,57.1,1.18,0.67,0.00,0.00,0,0,Matches
757,Radu Drăgușin,ro ROU,DF,Tottenham Hotspur,eng Premier League,24-108,2002,5.7,0,4,0,0.0,0.70,0.00,0.00,,0,0,Matches
758,Joél Drakes-Thomas,eng ENG,MF,Crystal Palace,eng Premier League,16-347,2009,0.1,0,0,0,,0.00,0.00,,,0,0,Matches
759,Domingos Duarte,pt POR,DF,Getafe,es La Liga,31-073,1995,31.5,1,12,4,33.3,0.38,0.13,0.08,0.25,0,0,Matches
760,Martin Dúbravka,sk SVK,GK,Burnley,eng Premier League,37-127,1989,35.0,0,0,0,,0.00,0.00,,,0,0,Matches
761,Denzel Dumfries,nl NED,MF,Inter,it Serie A,30-034,1996,14.7,3,23,5,21.7,1.56,0.34,0.13,0.60,0,0,Matches
762,Lewis Dunk,eng ENG,DF,Brighton,eng Premier League,34-182,1991,30.5,1,23,3,13.0,0.75,0.10,0.04,0.33,0,0,Matches
763,Maxime Dupé,fr FRA,GK,Nice,fr Ligue 1,33-079,1993,8.0,0,0,0,,0.00,0.00,,,0,0,Matches
764,Pablo Durán,es ESP,"FW,MF",Celta Vigo,es La Liga,24-362,2001,15.6,2,36,14,38.9,2.30,0.89,0.06,0.14,0,0,Matches
765,Hugo Duro,es ESP,FW,Valencia,es La Liga,26-193,1999,21.1,10,35,14,40.0,1.66,0.66,0.26,0.64,1,2,Matches
766,Rafiu Durosinmi,ng NGA,FW,Pisa,it Serie A,23-141,2003,4.8,1,9,5,55.6,1.87,1.04,0.11,0.20,0,0,Matches
767,Paulo Dybala,ar ARG,"MF,FW",Roma,it Serie A,32-188,1993,14.0,2,38,16,42.1,2.71,1.14,0.05,0.13,0,1,Matches
768,Edin Džeko,ba BIH,FW,Fiorentina,it Serie A,40-066,1986,2.7,0,4,1,25.0,1.48,0.37,0.00,0.00,0,0,Matches
769,Adam Dźwigała,pl POL,DF,St Pauli,de Bundesliga,30-239,1995,14.3,1,4,2,50.0,0.28,0.14,0.25,0.50,0,0,Matches
770,Aron Dønnum,no NOR,MF,Toulouse,fr Ligue 1,28-032,1998,26.9,4,40,14,35.0,1.49,0.52,0.03,0.07,3,3,Matches
771,George Earthy,eng ENG,MF,West Ham United,eng Premier League,21-259,2004,0.1,0,0,0,,0.00,0.00,,,0,0,Matches
772,Younes Ebnoutalib,de GER,FW,Eintracht Frankfurt,de Bundesliga,22-251,2003,1.5,1,5,2,40.0,3.38,1.35,0.20,0.50,0,0,Matches
773,Simon Ebonog,cm CMR,MF,Le Havre,fr Ligue 1,21-279,2004,19.5,1,22,4,18.2,1.13,0.20,0.05,0.25,0,0,Matches
774,Enzo Ebosse,cm CMR,DF,Hellas Verona,it Serie A,27-072,1999,2.4,0,1,0,0.0,0.42,0.00,0.00,,0,0,Matches
775,Enzo Ebosse,cm CMR,DF,Torino,it Serie A,27-072,1999,11.4,0,0,0,,0.00,0.00,,,0,0,Matches
776,Claudio Echeverri,ar ARG,"FW,MF",Girona,es La Liga,20-140,2006,6.7,1,20,6,30.0,3.00,0.90,0.05,0.17,0,0,Matches
777,Claudio Echeverri,ar ARG,MF,Leverkusen,de Bundesliga,20-140,2006,1.5,0,1,0,0.0,0.67,0.00,0.00,,0,0,Matches
778,Éderson,br BRA,MF,Atalanta,it Serie A,26-319,1999,24.8,2,35,11,31.4,1.41,0.44,0.03,0.09,1,1,Matches
779,Noah Edjouma,fr FRA,FW,Toulouse,fr Ligue 1,20-230,2005,2.8,0,8,3,37.5,2.81,1.05,0.00,0.00,0,0,Matches
780,Noah Edjouma,fr FRA,MF,Lille,fr Ligue 1,20-230,2005,1.0,0,2,0,0.0,1.96,0.00,0.00,,0,0,Matches
781,Andrias Edmundsson,fo FRO,DF,Hellas Verona,it Serie A,25-155,2000,13.7,0,4,1,25.0,0.29,0.07,0.00,0.00,0,0,Matches
782,Odsonne Édouard,fr FRA,FW,Crystal Palace,eng Premier League,28-126,1998,0.0,0,0,0,,0.00,0.00,,,0,0,Matches
783,Odsonne Édouard,fr FRA,FW,Lens,fr Ligue 1,28-126,1998,20.0,12,60,31,51.7,3.01,1.55,0.18,0.35,1,1,Matches
784,Tom Edozie,eng ENG,MF,Wolves,eng Premier League,20-004,2006,0.2,1,2,1,50.0,12.86,6.43,0.50,1.00,0,0,Matches
785,Yannick Eduardo,cz CZE,FW,Hoffenheim,de Bundesliga,20-119,2006,0.0,0,0,0,,0.00,0.00,,,0,0,Matches
786,Alysson Edward,br BRA,MF,Aston Villa,eng Premier League,20-017,2006,0.5,0,1,0,0.0,1.84,0.00,0.00,,0,0,Matches
787,Marcus Edwards,eng ENG,"MF,FW",Burnley,eng Premier League,27-170,1998,11.7,1,22,6,27.3,1.88,0.51,0.05,0.17,0,0,Matches
788,CJ Egan-Riley,eng ENG,"DF,MF",Marseille,fr Ligue 1,23-140,2003,6.9,0,0,0,,0.00,0.00,,,0,0,Matches
789,Maximilian Eggestein,de GER,MF,Freiburg,de Bundesliga,29-165,1996,34.0,3,44,13,29.5,1.29,0.38,0.07,0.23,0,0,Matches
790,Kingsley Ehizibue,nl NED,"MF,DF",Udinese,it Serie A,30-362,1995,19.1,2,8,2,25.0,0.42,0.10,0.25,1.00,0,0,Matches
791,Ovie Ejaria,eng ENG,MF,Oviedo,es La Liga,28-185,1997,2.2,0,3,1,33.3,1.35,0.45,0.00,0.00,0,0,Matches
792,Chidera Ejuke,ng NGA,"MF,FW",Sevilla,es La Liga,28-140,1998,10.2,1,23,3,13.0,2.25,0.29,0.04,0.33,0,0,Matches
793,Hjalmar Ekdal,se SWE,DF,Burnley,eng Premier League,27-213,1998,17.1,0,6,1,16.7,0.35,0.06,0.00,0.00,0,0,Matches
794,Jeff Ekhator,it ITA,"FW,MF",Genoa,it Serie A,19-192,2006,10.6,3,20,5,25.0,1.88,0.47,0.15,0.60,0,0,Matches
795,Hugo Ekitike,fr FRA,FW,Liverpool,eng Premier League,23-336,2002,20.0,11,65,19,29.2,3.24,0.95,0.17,0.58,0,0,Matches
796,Jurgen Ekkelenkamp,nl NED,MF,Udinese,it Serie A,26-047,2000,24.3,5,33,15,45.5,1.36,0.62,0.15,0.33,0,0,Matches
797,Jacques Ekomie,ga GAB,"DF,MF",Angers,fr Ligue 1,22-276,2003,24.9,0,12,3,25.0,0.48,0.12,0.00,0.00,0,0,Matches
798,Caleb Ekuban,gh GHA,"FW,MF",Genoa,it Serie A,32-060,1994,11.0,4,29,10,34.5,2.63,0.91,0.14,0.40,0,0,Matches
799,Anthony Elanga,se SWE,"FW,MF",Newcastle United,eng Premier League,24-025,2002,14.4,0,17,4,23.5,1.18,0.28,0.00,0.00,0,0,Matches
800,Daniel Elfadli,ly LBY,DF,Hamburger SV,de Bundesliga,29-046,1997,13.9,0,4,1,25.0,0.29,0.07,0.00,0.00,0,0,Matches
801,Unai Elgezabal,es ESP,"DF,MF",Levante,es La Liga,33-027,1993,10.6,1,3,1,33.3,0.28,0.09,0.33,1.00,0,0,Matches
802,Melker Ellborg,se SWE,GK,Sunderland,eng Premier League,23-000,2003,3.0,0,0,0,,0.00,0.00,,,0,0,Matches
803,Mikael Ellertsson,is ISL,"MF,DF",Genoa,it Serie A,24-072,2002,29.7,1,26,6,23.1,0.87,0.20,0.04,0.17,0,0,Matches
804,Harvey Elliott,eng ENG,"FW,MF",Liverpool,eng Premier League,23-048,2003,0.0,0,0,0,,0.00,0.00,,,0,0,Matches
805,Harvey Elliott,eng ENG,MF,Aston Villa,eng Premier League,23-048,2003,1.2,0,5,0,0.0,4.02,0.00,0.00,,0,0,Matches
806,Elif Elmas,mk MKD,"MF,FW",Napoli,it Serie A,26-240,1999,18.8,1,25,9,36.0,1.33,0.48,0.04,0.11,0,0,Matches
807,Nesta Elphege,fr FRA,FW,Parma,it Serie A,25-133,2001,3.4,2,6,3,50.0,1.75,0.87,0.33,0.67,0,0,Matches
808,Aritz Elustondo,es ESP,DF,Real Sociedad,es La Liga,32-055,1994,7.8,0,4,2,50.0,0.51,0.25,0.00,0.00,0,0,Matches
809,Nico Elvedi,ch SUI,DF,Gladbach,de Bundesliga,29-234,1996,33.0,0,9,0,0.0,0.27,0.00,0.00,,0,0,Matches
810,Breel Embolo,ch SUI,FW,Rennes,fr Ligue 1,29-097,1997,20.8,9,41,18,43.9,1.97,0.87,0.22,0.50,0,0,Matches
811,Emanuel Emegha,nl NED,FW,Strasbourg,fr Ligue 1,23-108,2003,4.9,4,17,8,47.1,3.45,1.63,0.24,0.50,0,0,Matches
812,Emersonn,br BRA,FW,Toulouse,fr Ligue 1,21-310,2004,16.7,6,51,19,37.3,3.06,1.14,0.12,0.32,0,0,Matches
813,Julio Enciso,py PAR,"MF,FW",Strasbourg,fr Ligue 1,22-119,2004,20.9,3,61,22,36.1,2.92,1.05,0.03,0.09,1,1,Matches
814,Wataru Endo,jp JPN,DF,Liverpool,eng Premier League,33-102,1993,1.9,0,1,0,0.0,0.51,0.00,0.00,,0,0,Matches
815,Endrick,br BRA,FW,Real Madrid,es La Liga,19-305,2006,0.1,0,0,0,,0.00,0.00,,,0,0,Matches
816,Endrick,br BRA,"FW,MF",Lyon,fr Ligue 1,19-305,2006,13.5,5,50,26,52.0,3.70,1.93,0.08,0.15,1,1,Matches
817,Yannik Engelhardt,de GER,MF,Gladbach,de Bundesliga,25-104,2001,27.6,2,21,5,23.8,0.76,0.18,0.10,0.40,0,0,Matches
818,Christian Eriksen,dk DEN,MF,Wolfsburg,de Bundesliga,34-097,1992,26.8,3,38,14,36.8,1.42,0.52,0.00,0.00,3,4,Matches
819,Aarón Escandell,es ESP,GK,Oviedo,es La Liga,30-237,1995,36.0,0,0,0,,0.00,0.00,,,0,0,Matches
820,Xavi Espart,es ESP,DF,Barcelona,es La Liga,19-001,2007,1.3,0,0,0,,0.00,0.00,,,0,0,Matches
821,Carlos Espí,es ESP,FW,Levante,es La Liga,20-302,2005,13.9,10,52,22,42.3,3.74,1.58,0.19,0.45,0,0,Matches
822,Alfonso Espino,uy URU,"DF,MF",Rayo Vallecano,es La Liga,34-137,1992,15.5,2,19,8,42.1,1.22,0.52,0.11,0.25,0,0,Matches
823,Francesco Esposito,it ITA,FW,Inter,it Serie A,20-328,2005,16.5,6,55,22,40.0,3.34,1.34,0.11,0.27,0,0,Matches
824,Sebastiano Esposito,it ITA,"FW,MF",Cagliari,it Serie A,23-324,2002,28.7,7,54,16,29.6,1.88,0.56,0.11,0.38,1,1,Matches
825,Romain Esse,eng ENG,MF,Crystal Palace,eng Premier League,21-009,2005,0.5,0,0,0,,0.00,0.00,,,0,0,Matches
826,Samuel Essende,cd COD,"MF,FW",Augsburg,de Bundesliga,28-119,1998,4.6,1,17,4,23.5,3.70,0.87,0.06,0.25,0,0,Matches
827,Dario Essugo,pt POR,MF,Chelsea,eng Premier League,21-069,2005,0.3,0,0,0,,0.00,0.00,,,0,0,Matches
828,Marco Esteban,es ESP,DF,Oviedo,es La Liga,20-141,2006,0.5,0,0,0,,0.00,0.00,,,0,0,Matches
829,Maxime Estève,fr FRA,DF,Burnley,eng Premier League,23-361,2002,32.6,0,10,1,10.0,0.31,0.03,0.00,0.00,0,0,Matches
830,Tomás Esteves,pt POR,"DF,MF",Pisa,it Serie A,24-049,2002,0.2,0,0,0,,0.00,0.00,,,0,0,Matches
831,Nahuel Estévez,ar ARG,MF,Parma,it Serie A,30-189,1995,11.7,0,9,1,11.1,0.77,0.09,0.00,0.00,0,0,Matches
832,Pervis Estupiñán,ec ECU,MF,Milan,it Serie A,28-121,1998,11.5,1,9,1,11.1,0.78,0.09,0.11,1.00,0,0,Matches
833,Karl Etta Eyong,cm CMR,FW,Villarreal,es La Liga,22-220,2003,2.8,1,7,3,42.9,2.46,1.05,0.14,0.33,0,0,Matches
834,Karl Etta Eyong,cm CMR,FW,Levante,es La Liga,22-220,2003,15.7,6,42,21,50.0,2.68,1.34,0.14,0.29,0,1,Matches
835,Evanilson,br BRA,FW,Bournemouth,eng Premier League,26-228,1999,29.7,6,71,23,32.4,2.39,0.78,0.08,0.26,0,0,Matches
836,Edu Expósito,es ESP,MF,Espanyol,es La Liga,29-294,1996,27.0,1,43,13,30.2,1.59,0.48,0.02,0.08,0,0,Matches
837,Eberechi Eze,eng ENG,"MF,FW",Arsenal,eng Premier League,27-327,1998,20.0,7,56,17,30.4,2.81,0.85,0.13,0.41,0,0,Matches
838,Eberechi Eze,eng ENG,MF,Crystal Palace,eng Premier League,27-327,1998,0.9,0,6,2,33.3,6.51,2.17,0.00,0.00,0,0,Matches
839,Abde Ezzalzouli,ma MAR,"MF,FW",Real Betis,es La Liga,24-156,2001,24.1,9,72,25,34.7,2.99,1.04,0.13,0.36,0,0,Matches
840,Giovanni Fabbian,it ITA,MF,Bologna,it Serie A,23-128,2003,7.8,2,14,4,28.6,1.79,0.51,0.14,0.50,0,0,Matches
841,Giovanni Fabbian,it ITA,MF,Fiorentina,it Serie A,23-128,2003,4.2,0,4,1,25.0,0.95,0.24,0.00,0.00,0,0,Matches
842,Alieu Fadera,gm GAM,FW,Sassuolo,it Serie A,24-200,2001,11.0,2,13,4,30.8,1.19,0.36,0.15,0.50,0,0,Matches
843,Wout Faes,be BEL,DF,Monaco,fr Ligue 1,28-049,1998,12.7,0,5,1,20.0,0.39,0.08,0.00,0.00,0,0,Matches
844,Nicolò Fagioli,it ITA,MF,Fiorentina,it Serie A,25-099,2001,28.4,2,33,7,21.2,1.16,0.25,0.06,0.29,0,0,Matches
845,Romain Faivre,fr FRA,"MF,FW",Auxerre,fr Ligue 1,27-312,1998,6.5,0,11,3,27.3,1.70,0.46,0.00,0.00,0,0,Matches
846,Omar Falah,es ESP,DF,Oviedo,es La Liga,22-255,2003,0.2,0,0,0,,0.00,0.00,,,0,0,Matches
847,Wladimiro Falcone,it ITA,GK,Lecce,it Serie A,31-040,1995,37.0,0,0,0,,0.00,0.00,,,0,0,Matches
848,Ansu Fati,es ESP,"MF,FW",Monaco,fr Ligue 1,23-203,2002,12.1,11,43,24,55.8,3.54,1.98,0.19,0.33,3,4,Matches
849,Abdoulaye Faye,sn SEN,DF,Lorient,fr Ligue 1,21-242,2004,16.0,0,8,2,25.0,0.50,0.12,0.00,0.00,0,0,Matches
850,Jacopo Fazzini,it ITA,"MF,FW",Fiorentina,it Serie A,23-067,2003,6.5,0,9,1,11.1,1.39,0.15,0.00,0.00,0,0,Matches
851,Aleix Febas,es ESP,MF,Elche,es La Liga,30-109,1996,34.2,2,23,8,34.8,0.67,0.23,0.09,0.25,0,0,Matches
852,Mattia Felici,it ITA,MF,Cagliari,it Serie A,25-035,2001,4.6,2,9,6,66.7,1.97,1.31,0.22,0.33,0,0,Matches
853,Luiz Felipe,it ITA,DF,Rayo Vallecano,es La Liga,29-061,1997,5.2,0,3,1,33.3,0.57,0.19,0.00,0.00,0,0,Matches
854,Pedro Felipe,br BRA,DF,Sassuolo,it Serie A,21-364,2004,1.0,0,0,0,,0.00,0.00,,,0,0,Matches
855,Frank Feller,de GER,GK,Heidenheim,de Bundesliga,22-135,2004,3.0,0,0,0,,0.00,0.00,,,0,0,Matches
856,Robin Fellhauer,de GER,MF,Augsburg,de Bundesliga,28-121,1998,31.1,3,30,9,30.0,0.96,0.29,0.10,0.33,0,0,Matches
857,Kiko Femenía,es ESP,"DF,MF",Getafe,es La Liga,35-109,1991,22.3,1,8,3,37.5,0.36,0.13,0.13,0.33,0,0,Matches
858,Evan Ferguson,ie IRL,FW,Roma,it Serie A,21-215,2004,8.6,3,27,15,55.6,3.14,1.75,0.11,0.20,0,0,Matches
859,Lewis Ferguson,sct SCO,MF,Bologna,it Serie A,26-271,1999,16.8,1,12,2,16.7,0.71,0.12,0.08,0.50,0,0,Matches
860,Bruno Fernandes,pt POR,MF,Manchester Utd,eng Premier League,31-256,1994,33.0,8,84,23,27.4,2.54,0.70,0.05,0.17,4,6,Matches
861,Mateus Fernandes,pt POR,MF,West Ham United,eng Premier League,21-316,2004,32.5,3,27,7,25.9,0.83,0.22,0.11,0.43,0,0,Matches
862,Aitor Fernández,es ESP,GK,Osasuna,es La Liga,35-019,1991,1.5,0,0,0,,0.00,0.00,,,0,0,Matches
863,Dro Fernández,es ESP,MF,Barcelona,es La Liga,18-130,2008,1.0,0,0,0,,0.00,0.00,,,0,0,Matches
864,Dro Fernández,es ESP,MF,Paris Saint-Germain,fr Ligue 1,18-130,2008,7.6,1,9,3,33.3,1.19,0.40,0.11,0.33,0,0,Matches
865,Enzo Fernández,ar ARG,MF,Chelsea,eng Premier League,25-125,2001,33.6,10,72,31,43.1,2.14,0.92,0.11,0.26,2,2,Matches
866,Ezequiél Fernández,ar ARG,MF,Leverkusen,de Bundesliga,23-301,2002,10.9,0,11,1,9.1,1.01,0.09,0.00,0.00,0,0,Matches
867,Manu Fernández,es ESP,DF,Celta Vigo,es La Liga,25-029,2001,8.4,0,2,0,0.0,0.24,0.00,0.00,,0,0,Matches
868,Pelayo Fernandez,es ESP,DF,Rayo Vallecano,es La Liga,23-023,2003,0.5,0,1,0,0.0,2.00,0.00,0.00,,0,0,Matches
869,Roberto Férnandez,es ESP,FW,Espanyol,es La Liga,23-323,2002,25.7,6,56,21,37.5,2.18,0.82,0.09,0.24,1,1,Matches
870,Thiago Fernández,ar ARG,"MF,FW",Oviedo,es La Liga,22-049,2004,9.1,0,13,5,38.5,1.43,0.55,0.00,0.00,0,0,Matches
871,Toni Fernández,es ESP,FW,Barcelona,es La Liga,17-311,2008,0.5,0,0,0,,0.00,0.00,,,0,0,Matches
872,Matias Fernandez-Pardo,be BEL,"FW,MF",Lille,fr Ligue 1,21-108,2005,26.3,8,68,30,44.1,2.58,1.14,0.09,0.20,2,2,Matches
873,Álvaro Fidalgo,mx MEX,MF,Real Betis,es La Liga,29-043,1997,5.9,1,4,2,50.0,0.68,0.34,0.25,0.50,0,0,Matches
874,Seydou Fini,it ITA,FW,Genoa,it Serie A,19-354,2006,0.4,0,0,0,,0.00,0.00,,,0,0,Matches
875,Max Finkgräfe,de GER,DF,RB Leipzig,de Bundesliga,22-056,2004,5.6,1,4,2,50.0,0.71,0.36,0.25,0.50,0,0,Matches
876,Junior Firpo,do DOM,DF,Real Betis,es La Liga,29-273,1996,9.2,0,5,0,0.0,0.54,0.00,0.00,,0,0,Matches
877,Jonathan Fischer,dk DEN,GK,Metz,fr Ligue 1,24-194,2001,26.2,0,0,0,,0.00,0.00,,,0,0,Matches
878,Kilian Fischer,de GER,DF,Wolfsburg,de Bundesliga,25-222,2000,8.9,0,2,0,0.0,0.23,0.00,0.00,,0,0,Matches
879,Mark Flekken,nl NED,GK,Leverkusen,de Bundesliga,32-343,1993,23.7,0,0,0,,0.00,0.00,,,0,0,Matches
880,Zian Flemming,nl NED,FW,Burnley,eng Premier League,27-294,1998,18.7,10,50,20,40.0,2.67,1.07,0.16,0.40,2,2,Matches
881,Jack Fletcher,eng ENG,MF,Manchester Utd,eng Premier League,19-064,2007,1.2,0,1,0,0.0,0.83,0.00,0.00,,0,0,Matches
882,Tyler Fletcher,sct SCO,MF,Manchester Utd,eng Premier League,19-064,2007,0.0,0,0,0,,0.00,0.00,,,0,0,Matches
883,Romano Floriani,it ITA,MF,Cremonese,it Serie A,23-115,2003,12.5,0,5,1,20.0,0.40,0.08,0.00,0.00,0,0,Matches
884,Phil Foden,eng ENG,MF,Manchester City,eng Premier League,25-359,2000,22.2,7,55,19,34.5,2.48,0.86,0.13,0.37,0,0,Matches
885,Malick Fofana,be BEL,"MF,FW",Lyon,fr Ligue 1,21-052,2005,8.3,2,19,9,47.4,2.28,1.08,0.11,0.22,0,0,Matches
886,Rayan Fofana,fr FRA,"FW,MF",Lens,fr Ligue 1,20-099,2006,8.9,5,36,12,33.3,4.06,1.35,0.14,0.42,0,0,Matches
887,Sadik Fofana,tg TOG,MF,Lecce,it Serie A,23-006,2003,0.9,0,2,0,0.0,2.14,0.00,0.00,,0,0,Matches
888,Seko Fofana,ci CIV,MF,Rennes,fr Ligue 1,31-015,1995,7.3,1,9,3,33.3,1.24,0.41,0.11,0.33,0,0,Matches
889,Wesley Fofana,fr FRA,DF,Chelsea,eng Premier League,25-156,2000,18.5,0,8,1,12.5,0.43,0.05,0.00,0.00,0,0,Matches
890,Youssouf Fofana,fr FRA,MF,Milan,it Serie A,27-132,1999,23.7,2,44,17,38.6,1.85,0.72,0.05,0.12,0,0,Matches
891,Jonas Föhrenbach,de GER,"DF,MF",Heidenheim,de Bundesliga,30-116,1996,25.8,1,6,1,16.7,0.23,0.04,0.17,1.00,0,0,Matches
892,Francesco Folino,it ITA,DF,Cremonese,it Serie A,24-119,2002,8.0,1,2,1,50.0,0.25,0.12,0.50,1.00,0,0,Matches
893,Michael Folorunsho,it ITA,"MF,FW",Cagliari,it Serie A,28-104,1998,22.2,2,36,9,25.0,1.62,0.41,0.06,0.22,0,0,Matches
894,Nicolas Fonseca,uy URU,MF,Oviedo,es La Liga,27-215,1998,10.3,0,7,1,14.3,0.68,0.10,0.00,0.00,0,0,Matches
895,Álex Forés,es ESP,FW,Oviedo,es La Liga,25-040,2001,3.5,0,8,2,25.0,2.29,0.57,0.00,0.00,0,0,Matches
896,Pablo Fornals,es ESP,MF,Real Betis,es La Liga,30-089,1996,30.8,8,42,17,40.5,1.37,0.55,0.19,0.47,0,0,Matches
897,Héctor Fort,es ESP,"DF,MF",Elche,es La Liga,19-293,2006,5.3,2,12,5,41.7,2.27,0.95,0.17,0.40,0,0,Matches
898,Niccolò Fortini,it ITA,MF,Fiorentina,it Serie A,20-098,2006,6.0,0,8,2,25.0,1.33,0.33,0.00,0.00,0,0,Matches
899,Lyle Foster,za RSA,"FW,MF",Burnley,eng Premier League,25-261,2000,15.2,3,20,6,30.0,1.31,0.39,0.15,0.50,0,0,Matches
900,Dimitri Foulquier,fr FRA,DF,Valencia,es La Liga,33-060,1993,12.8,0,6,1,16.7,0.47,0.08,0.00,0.00,0,0,Matches
901,Juan Foyth,ar ARG,DF,Villarreal,es La Liga,28-130,1998,10.4,0,2,0,0.0,0.19,0.00,0.00,,0,0,Matches
902,Alejandro Francés,es ESP,DF,Girona,es La Liga,23-294,2002,12.4,0,16,4,25.0,1.29,0.32,0.00,0.00,0,0,Matches
903,Christian Frangella,it ITA,MF,Sassuolo,it Serie A,19-178,2006,0.0,0,0,0,,0.00,0.00,,,0,0,Matches
904,Przemysław Frankowski,pl POL,"MF,DF",Rennes,fr Ligue 1,31-040,1995,13.4,1,9,3,33.3,0.67,0.22,0.11,0.33,0,0,Matches
905,Davide Frattesi,it ITA,MF,Inter,it Serie A,26-212,1999,6.3,0,16,4,25.0,2.53,0.63,0.00,0.00,0,0,Matches
906,Oscar Fraulo,dk DEN,MF,Gladbach,de Bundesliga,22-167,2003,0.5,1,1,1,100.0,2.09,2.09,1.00,1.00,0,0,Matches
907,Tyler Fredricson,eng ENG,DF,Manchester Utd,eng Premier League,21-088,2005,0.0,0,0,0,,0.00,0.00,,,0,0,Matches
908,Alex Freeman,us USA,DF,Villarreal,es La Liga,21-286,2004,3.8,0,1,0,0.0,0.26,0.00,0.00,,0,0,Matches
909,Morten Frendrup,dk DEN,MF,Genoa,it Serie A,25-045,2001,33.2,1,8,3,37.5,0.24,0.09,0.13,0.33,0,0,Matches
910,Martin Frese,dk DEN,"MF,DF",Hellas Verona,it Serie A,28-138,1998,26.0,2,21,11,52.4,0.81,0.42,0.10,0.18,0,0,Matches
911,Remo Freuler,ch SUI,MF,Bologna,it Serie A,34-037,1992,23.9,1,6,1,16.7,0.25,0.04,0.17,1.00,0,0,Matches
912,Marco Friedl,at AUT,DF,Werder Bremen,de Bundesliga,28-067,1998,28.3,1,8,2,25.0,0.28,0.07,0.13,0.50,0,0,Matches
913,Marvin Friedrich,de GER,DF,Gladbach,de Bundesliga,30-160,1995,1.7,0,0,0,,0.00,0.00,,,0,0,Matches
914,Jeremie Frimpong,nl NED,"DF,MF",Liverpool,eng Premier League,25-163,2000,11.4,0,10,2,20.0,0.88,0.18,0.00,0.00,0,0,Matches
915,Jorge de Frutos,es ESP,"FW,MF",Rayo Vallecano,es La Liga,29-091,1997,26.9,10,61,28,45.9,2.27,1.04,0.15,0.32,1,1,Matches
916,Chris Führich,de GER,MF,Stuttgart,de Bundesliga,28-133,1998,18.9,7,45,23,51.1,2.39,1.22,0.16,0.30,0,0,Matches
917,Joel Fujita,jp JPN,MF,St Pauli,de Bundesliga,24-095,2002,29.6,1,32,7,21.9,1.08,0.24,0.03,0.14,0,0,Matches
918,Niclas Füllkrug,de GER,FW,West Ham United,eng Premier League,33-102,1993,4.5,0,9,3,33.3,1.98,0.66,0.00,0.00,0,0,Matches
919,Niclas Füllkrug,de GER,FW,Milan,it Serie A,33-102,1993,7.0,1,16,5,31.3,2.29,0.72,0.06,0.20,0,1,Matches
920,Alessio Furlanetto,it ITA,GK,Lazio,it Serie A,24-104,2002,1.0,0,0,0,,0.00,0.00,,,0,0,Matches
921,Kaye Furo,be BEL,FW,Brentford,eng Premier League,19-105,2007,0.0,0,0,0,,0.00,0.00,,,0,0,Matches
922,Matteo Gabbia,it ITA,DF,Milan,it Serie A,26-213,1999,27.1,0,19,3,15.8,0.70,0.11,0.00,0.00,0,0,Matches
923,Tiago Gabriel,pt POR,DF,Lecce,it Serie A,21-147,2004,34.8,2,20,4,20.0,0.58,0.12,0.10,0.50,0,0,Matches
924,Gianluca Gaetano,it ITA,"MF,FW",Cagliari,it Serie A,26-017,2000,20.2,2,30,9,30.0,1.48,0.44,0.07,0.22,0,0,Matches
925,Roberto Gagliardini,it ITA,MF,Hellas Verona,it Serie A,32-045,1994,25.2,1,15,3,20.0,0.59,0.12,0.07,0.33,0,0,Matches
926,Cody Gakpo,nl NED,"MF,FW",Liverpool,eng Premier League,27-015,1999,29.4,7,85,21,24.7,2.89,0.71,0.08,0.33,0,0,Matches
927,Javi Galán,es ESP,DF,Osasuna,es La Liga,31-184,1994,17.6,0,5,1,20.0,0.28,0.06,0.00,0.00,0,0,Matches
928,Javi Galán,es ESP,DF,Atlético Madrid,es La Liga,31-184,1994,1.5,0,0,0,,0.00,0.00,,,0,0,Matches
929,Iñigo Ruiz de Galarreta,es ESP,MF,Athletic Club,es La Liga,32-289,1993,23.9,1,20,2,10.0,0.84,0.08,0.05,0.50,0,0,Matches
930,Conor Gallagher,eng ENG,MF,Tottenham Hotspur,eng Premier League,26-105,2000,12.3,1,10,4,40.0,0.82,0.33,0.10,0.25,0,0,Matches
931,Conor Gallagher,eng ENG,MF,Atlético Madrid,es La Liga,26-105,2000,7.5,2,13,5,38.5,1.72,0.66,0.15,0.40,0,0,Matches
932,Antonino Gallo,it ITA,DF,Lecce,it Serie A,26-137,2000,33.0,0,5,1,20.0,0.15,0.03,0.00,0.00,0,0,Matches
933,Idrissa Gana Gueye,sn SEN,MF,Everton,eng Premier League,36-238,1989,23.3,2,29,7,24.1,1.25,0.30,0.07,0.29,0,0,Matches
934,Ignatius Ganago,cm CMR,FW,Nantes,fr Ligue 1,27-095,1999,9.3,3,23,7,30.4,2.47,0.75,0.09,0.29,1,1,Matches
935,Omri Gandelman,il ISR,"MF,FW",Lecce,it Serie A,26-006,2000,10.3,2,10,3,30.0,0.97,0.29,0.20,0.67,0,0,Matches
936,Ismaëlo Ganiou,fr FRA,DF,Lens,fr Ligue 1,21-069,2005,22.4,3,22,4,18.2,0.98,0.18,0.14,0.75,0,0,Matches
937,Ben Gannon-Doak,sct SCO,MF,Bournemouth,eng Premier League,20-192,2005,0.9,0,1,0,0.0,1.14,0.00,0.00,,0,0,Matches
938,Facundo Garcés,my MAS,DF,Alavés,es La Liga,26-259,1999,8.8,0,8,4,50.0,0.91,0.45,0.00,0.00,0,0,Matches
939,Aleix García,es ESP,MF,Leverkusen,de Bundesliga,28-328,1997,29.6,3,30,5,16.7,1.01,0.17,0.10,0.60,0,0,Matches
940,Álvaro García,es ESP,"MF,FW",Rayo Vallecano,es La Liga,33-207,1992,22.8,4,47,19,40.4,2.06,0.83,0.09,0.21,0,0,Matches
941,Andrés García,es ESP,DF,Aston Villa,eng Premier League,23-104,2003,0.5,0,0,0,,0.00,0.00,,,0,0,Matches
942,Eder García,es ESP,FW,Athletic Club,es La Liga,22-138,2004,0.4,0,1,0,0.0,2.37,0.00,0.00,,0,0,Matches
943,Eric García,es ESP,"DF,MF",Barcelona,es La Liga,25-133,2001,29.6,1,24,7,29.2,0.81,0.24,0.04,0.14,0,0,Matches
944,Fran Garcia,es ESP,"DF,MF",Real Madrid,es La Liga,26-281,1999,10.3,1,6,2,33.3,0.58,0.19,0.17,0.50,0,0,Matches
945,Gonzalo García,es ESP,FW,Real Madrid,es La Liga,22-059,2004,9.9,5,20,10,50.0,2.02,1.01,0.25,0.50,0,0,Matches
946,Hugo García,es ESP,MF,Celta Vigo,es La Liga,19-203,2006,0.1,0,0,0,,0.00,0.00,,,0,0,Matches
947,Joan García,es ESP,GK,Barcelona,es La Liga,25-018,2001,30.0,0,0,0,,0.00,0.00,,,0,0,Matches
948,Pablo Garcia,es ESP,MF,Real Betis,es La Liga,19-343,2006,4.3,0,13,4,30.8,3.02,0.93,0.00,0.00,0,0,Matches
949,Rubén García,es ESP,"MF,FW",Osasuna,es La Liga,32-312,1993,24.7,2,31,10,32.3,1.25,0.40,0.06,0.20,0,0,Matches
950,Ulisses Garcia,ch SUI,"MF,DF",Marseille,fr Ligue 1,30-131,1996,2.3,0,2,1,50.0,0.85,0.43,0.00,0.00,0,0,Matches
951,Ulisses Garcia,ch SUI,DF,Sassuolo,it Serie A,30-131,1996,9.5,1,2,1,50.0,0.21,0.11,0.50,1.00,0,0,Matches
952,Víctor García,es ESP,"MF,FW",Levante,es La Liga,28-248,1997,11.6,2,19,8,42.1,1.64,0.69,0.11,0.25,0,0,Matches
953,Alejandro Garnacho,ar ARG,MF,Chelsea,eng Premier League,21-325,2004,14.1,1,33,7,21.2,2.34,0.50,0.03,0.14,0,0,Matches
954,James Garner,eng ENG,"MF,DF",Everton,eng Premier League,25-070,2001,36.9,2,44,14,31.8,1.19,0.38,0.05,0.14,0,0,Matches
955,Erawan Garnier,th THA,DF,Lens,fr Ligue 1,20-137,2006,0.1,0,0,0,,0.00,0.00,,,0,0,Matches
956,Federico Gatti,it ITA,DF,Juventus,it Serie A,27-332,1998,11.1,2,12,6,50.0,1.08,0.54,0.17,0.33,0,0,Matches
957,Federico Gattoni,ar ARG,DF,Sevilla,es La Liga,27-095,1999,0.1,0,0,0,,0.00,0.00,,,0,0,Matches
958,Gavi,es ESP,MF,Barcelona,es La Liga,21-290,2004,5.4,0,0,0,,0.00,0.00,,,0,0,Matches
959,Jusuf Gazibegović,ba BIH,DF,Köln,de Bundesliga,26-072,2000,0.3,0,0,0,,0.00,0.00,,,0,0,Matches
960,Paulo Gazzaniga,ar ARG,GK,Girona,es La Liga,34-140,1992,33.5,0,0,0,,0.00,0.00,,,0,0,Matches
961,Jean-Philippe Gbamin,ci CIV,"DF,MF",Metz,fr Ligue 1,30-239,1995,27.6,1,14,7,50.0,0.51,0.25,0.07,0.14,0,0,Matches
962,Yann Gboho,fr FRA,"MF,FW",Toulouse,fr Ligue 1,25-128,2001,28.9,8,57,16,28.1,1.97,0.55,0.14,0.50,0,0,Matches
963,David de Gea,es ESP,GK,Fiorentina,it Serie A,35-196,1990,37.0,0,0,0,,0.00,0.00,,,0,0,Matches
964,Lutsharel Geertruida,nl NED,"DF,MF",Sunderland,eng Premier League,25-308,2000,17.8,0,11,3,27.3,0.62,0.17,0.00,0.00,0,0,Matches
965,Valentin Gendrey,fr FRA,DF,Hoffenheim,de Bundesliga,25-335,2000,0.7,1,2,1,50.0,3.05,1.53,0.50,1.00,0,0,Matches
966,Tyrique George,eng ENG,FW,Chelsea,eng Premier League,20-107,2006,1.6,0,3,2,66.7,1.86,1.24,0.00,0.00,0,0,Matches
967,Tyrique George,eng ENG,MF,Everton,eng Premier League,20-107,2006,2.1,0,6,2,33.3,2.86,0.95,0.00,0.00,0,0,Matches
968,Yannick Gerhardt,de GER,MF,Wolfsburg,de Bundesliga,32-070,1994,11.9,1,11,1,9.1,0.93,0.08,0.09,1.00,0,0,Matches
969,Willem Geubbels,fr FRA,FW,Paris FC,fr Ligue 1,24-279,2001,11.3,5,30,9,30.0,2.67,0.80,0.13,0.44,1,1,Matches
970,Ismaël Gharbi,tn TUN,MF,Augsburg,de Bundesliga,22-042,2004,1.0,0,3,0,0.0,2.87,0.00,0.00,,0,0,Matches
971,Mourad El Ghezouani,ma MAR,FW,Elche,es La Liga,27-360,1998,0.6,0,1,0,0.0,1.80,0.00,0.00,,0,0,Matches
972,Rachid Ghezzal,dz ALG,"MF,FW",Lyon,fr Ligue 1,34-013,1992,2.5,0,4,1,25.0,1.60,0.40,0.00,0.00,0,0,Matches
973,Daniele Ghilardi,it ITA,DF,Roma,it Serie A,23-136,2003,11.7,0,2,0,0.0,0.17,0.00,0.00,,0,0,Matches
974,Andrea Ghion,it ITA,MF,Sassuolo,it Serie A,26-088,2000,0.1,0,0,0,,0.00,0.00,,,0,0,Matches
975,Dimitris Giannoulis,gr GRE,MF,Augsburg,de Bundesliga,30-217,1995,21.0,2,10,6,60.0,0.48,0.29,0.20,0.33,0,0,Matches
976,Morgan Gibbs-White,eng ENG,MF,Nottingham Forest,eng Premier League,26-115,2000,33.4,14,80,31,38.8,2.39,0.93,0.16,0.42,1,1,Matches
977,Bryan Gil,es ESP,"MF,FW",Girona,es La Liga,25-100,2001,16.9,0,26,6,23.1,1.54,0.36,0.00,0.00,0,0,Matches
978,Mario Gila,es ESP,DF,Lazio,it Serie A,25-266,2000,27.0,0,12,3,25.0,0.44,0.11,0.00,0.00,0,0,Matches
979,Billy Gilmour,sct SCO,MF,Napoli,it Serie A,24-345,2001,8.3,1,10,3,30.0,1.20,0.36,0.10,0.33,0,0,Matches
980,Benedikt Gimber,de GER,DF,Heidenheim,de Bundesliga,29-092,1997,16.0,0,4,1,25.0,0.25,0.06,0.00,0.00,0,0,Matches
981,Santiago Giménez,mx MEX,FW,Milan,it Serie A,25-034,2001,9.4,0,25,9,36.0,2.66,0.96,0.00,0.00,0,0,Matches
982,Gvidas Gineitis,lt LTU,MF,Torino,it Serie A,22-037,2004,19.0,0,26,5,19.2,1.37,0.26,0.00,0.00,0,0,Matches
983,Matthias Ginter,de GER,DF,Freiburg,de Bundesliga,32-123,1994,31.5,3,19,7,36.8,0.60,0.22,0.16,0.43,0,0,Matches
984,Giovane,br BRA,"FW,MF",Hellas Verona,it Serie A,22-179,2003,17.0,3,47,25,53.2,2.76,1.47,0.06,0.12,0,0,Matches
985,Giovane,br BRA,"MF,FW",Napoli,it Serie A,22-179,2003,3.8,0,9,2,22.2,2.40,0.53,0.00,0.00,0,0,Matches
986,Olivier Giroud,fr FRA,FW,Lille,fr Ligue 1,39-234,1986,17.9,7,41,16,39.0,2.29,0.89,0.10,0.25,3,4,Matches
987,Jamie Gittens,eng ENG,MF,Chelsea,eng Premier League,21-287,2004,5.5,0,10,2,20.0,1.82,0.36,0.00,0.00,0,0,Matches
988,Robert Glatzel,de GER,FW,Hamburger SV,de Bundesliga,32-134,1994,6.8,3,16,7,43.8,2.35,1.03,0.13,0.29,1,1,Matches
989,Serge Gnabry,de GER,MF,Bayern Munich,de Bundesliga,30-312,1995,13.5,8,50,17,34.0,3.69,1.26,0.16,0.47,0,0,Matches
990,Wilfried Gnonto,it ITA,FW,Leeds United,eng Premier League,22-198,2003,5.7,0,10,0,0.0,1.75,0.00,0.00,,0,0,Matches
991,Giorgi Gocholeishvili,ge GEO,MF,Hamburger SV,de Bundesliga,25-097,2001,10.4,0,14,2,14.3,1.34,0.19,0.00,0.00,0,0,Matches
992,Martial Godo,ci CIV,MF,Strasbourg,fr Ligue 1,23-069,2003,17.6,10,41,17,41.5,2.33,0.97,0.24,0.59,0,0,Matches
993,Maxima Goffi,fr FRA,DF,Lille,fr Ligue 1,18-119,2008,0.4,0,0,0,,0.00,0.00,,,0,0,Matches
994,Saba Goglichidze,ge GEO,DF,Udinese,it Serie A,21-331,2004,4.7,0,3,1,33.3,0.64,0.21,0.00,0.00,0,0,Matches
995,Edoardo Goldaniga,it ITA,DF,Como,it Serie A,32-201,1993,0.2,0,0,0,,0.00,0.00,,,0,0,Matches
996,Aleksandr Golovin,ru RUS,MF,Monaco,fr Ligue 1,29-357,1996,18.3,5,34,18,52.9,1.86,0.98,0.15,0.28,0,0,Matches
997,André Gomes,pt POR,MF,Lille,fr Ligue 1,32-296,1993,0.1,0,0,0,,0.00,0.00,,,0,0,Matches
998,Angel Gomes,eng ENG,MF,Marseille,fr Ligue 1,25-264,2000,9.9,3,11,5,45.5,1.11,0.51,0.27,0.60,0,0,Matches
999,Angel Gomes,eng ENG,"MF,FW",Wolves,eng Premier League,25-264,2000,4.4,0,6,2,33.3,1.36,0.45,0.00,0.00,0,0,Matches
1000,João Gomes,br BRA,MF,Wolves,eng Premier League,25-099,2001,31.4,1,19,7,36.8,0.60,0.22,0.05,0.14,0,0,Matches
1001,Rodrigo Gomes,pt POR,"MF,FW",Wolves,eng Premier League,22-319,2003,9.8,3,19,6,31.6,1.95,0.61,0.16,0.50,0,0,Matches
1002,Toti Gomes,pt POR,DF,Wolves,eng Premier League,27-126,1999,15.5,0,5,2,40.0,0.32,0.13,0.00,0.00,0,0,Matches
1003,Diego Gómez,py PAR,"MF,FW",Brighton,eng Premier League,23-056,2003,22.9,5,39,14,35.9,1.70,0.61,0.13,0.36,0,0,Matches
1004,Joe Gomez,eng ENG,DF,Liverpool,eng Premier League,28-364,1997,6.7,0,5,1,20.0,0.74,0.15,0.00,0.00,0,0,Matches
1005,Moi Gómez,es ESP,MF,Osasuna,es La Liga,31-333,1994,13.1,0,11,2,18.2,0.84,0.15,0.00,0.00,0,0,Matches
1006,Sergio Gómez,es ESP,DF,Real Sociedad,es La Liga,25-260,2000,29.3,0,12,0,0.0,0.41,0.00,0.00,,0,0,Matches
1007,Unai Gómez,es ESP,MF,Athletic Club,es La Liga,22-362,2003,9.7,1,23,7,30.4,2.36,0.72,0.04,0.14,0,0,Matches
1008,Valentín Gómez,ar ARG,DF,Real Betis,es La Liga,22-330,2003,20.8,1,11,5,45.5,0.53,0.24,0.09,0.20,0,0,Matches
1009,Georges Gomis,sn SEN,DF,Le Havre,fr Ligue 1,18-141,2008,0.0,0,0,0,,0.00,0.00,,,0,0,Matches
1010,Tidiam Gomis,fr FRA,FW,RB Leipzig,de Bundesliga,19-287,2006,3.9,1,9,3,33.3,2.33,0.78,0.11,0.33,0,0,Matches
1011,Rafael Gonçalves,pt POR,"MF,DF",Strasbourg,fr Ligue 1,21-093,2005,6.5,0,5,3,60.0,0.77,0.46,0.00,0.00,0,0,Matches
1012,Hugo González,es ESP,FW,Celta Vigo,es La Liga,23-104,2003,0.1,0,0,0,,0.00,0.00,,,0,0,Matches
1013,Nicolás González,es ESP,MF,Manchester City,eng Premier League,24-139,2002,16.4,1,13,2,15.4,0.79,0.12,0.08,0.50,0,0,Matches
1014,Nicolás González,ar ARG,"MF,DF",Atlético Madrid,es La Liga,28-046,1998,16.1,5,43,21,48.8,2.67,1.31,0.12,0.24,0,0,Matches
1015,Nicolás González,ar ARG,"FW,MF",Juventus,it Serie A,28-046,1998,0.2,0,2,0,0.0,9.47,0.00,0.00,,0,0,Matches
1016,Urko González,es ESP,MF,Espanyol,es La Liga,25-063,2001,28.1,0,17,1,5.9,0.60,0.04,0.00,0.00,0,0,Matches
1017,Urko González,es ESP,"DF,MF",Real Sociedad,es La Liga,25-063,2001,0.1,0,0,0,,0.00,0.00,,,0,0,Matches
1018,Anthony Gordon,eng ENG,FW,Newcastle United,eng Premier League,25-087,2001,19.9,6,48,20,41.7,2.41,1.00,0.06,0.15,3,3,Matches
1019,Leon Goretzka,de GER,MF,Bayern Munich,de Bundesliga,31-105,1995,21.6,5,35,11,31.4,1.62,0.51,0.14,0.45,0,0,Matches
1020,Mathieu Gorgelin,fr FRA,GK,Lens,fr Ligue 1,35-290,1990,1.0,0,0,0,,0.00,0.00,,,0,0,Matches
1021,Andoni Gorosabel,es ESP,DF,Athletic Club,es La Liga,29-291,1996,14.6,0,5,1,20.0,0.34,0.07,0.00,0.00,0,0,Matches
1022,Jon Gorrotxategi,es ESP,MF,Real Sociedad,es La Liga,24-109,2002,24.6,1,13,1,7.7,0.53,0.04,0.08,1.00,0,0,Matches
1023,Olaf Gorter,nl NED,MF,Lecce,it Serie A,21-111,2005,0.3,0,0,0,,0.00,0.00,,,0,0,Matches
1024,Alimami Gory,ml MLI,"MF,DF",Paris FC,fr Ligue 1,29-265,1996,10.9,5,19,6,31.6,1.74,0.55,0.26,0.83,0,0,Matches
1025,Robin Gosens,de GER,"DF,MF",Fiorentina,it Serie A,31-321,1994,20.1,3,18,7,38.9,0.90,0.35,0.17,0.43,0,0,Matches
1026,Mikel Goti,es ESP,MF,Real Sociedad,es La Liga,23-364,2002,0.8,0,3,0,0.0,3.55,0.00,0.00,,0,0,Matches
1027,Mario Götze,de GER,MF,Eintracht Frankfurt,de Bundesliga,33-353,1992,9.8,0,5,0,0.0,0.51,0.00,0.00,,0,0,Matches
1028,Amine Gouiri,dz ALG,"FW,MF",Marseille,fr Ligue 1,26-095,2000,14.7,8,38,17,44.7,2.58,1.15,0.21,0.47,0,0,Matches
1029,Lucas Gourna-Douath,fr FRA,MF,Le Havre,fr Ligue 1,22-290,2003,14.1,0,9,2,22.2,0.64,0.14,0.00,0.00,0,0,Matches
1030,Tiago Gouveia,pt POR,MF,Nice,fr Ligue 1,24-338,2001,5.9,0,12,4,33.3,2.03,0.68,0.00,0.00,0,0,Matches
1031,Jeffrey Gouweleeuw,nl NED,DF,Augsburg,de Bundesliga,34-316,1991,9.4,0,5,3,60.0,0.53,0.32,0.00,0.00,0,0,Matches
1032,Kamil Grabara,pl POL,GK,Wolfsburg,de Bundesliga,27-134,1999,34.0,0,1,0,0.0,0.03,0.00,0.00,,0,0,Matches
1033,Jonathan Gradit,fr FRA,DF,Lens,fr Ligue 1,33-179,1992,9.0,0,2,0,0.0,0.22,0.00,0.00,,0,0,Matches
1034,Alberto Grassi,it ITA,MF,Cremonese,it Serie A,31-076,1995,18.7,0,13,4,30.8,0.70,0.21,0.00,0.00,0,0,Matches
1035,Ryan Gravenberch,nl NED,MF,Liverpool,eng Premier League,24-006,2002,32.3,5,36,12,33.3,1.11,0.37,0.14,0.42,0,0,Matches
1036,Archie Gray,eng ENG,"MF,DF",Tottenham Hotspur,eng Premier League,20-071,2006,16.3,2,11,5,45.5,0.67,0.31,0.18,0.40,0,0,Matches
1037,Jack Grealish,eng ENG,MF,Everton,eng Premier League,30-254,1995,18.1,2,26,8,30.8,1.44,0.44,0.08,0.25,0,0,Matches
1038,Mason Greenwood,eng ENG,MF,Marseille,fr Ligue 1,24-233,2001,27.4,16,116,48,41.4,4.24,1.75,0.09,0.21,6,8,Matches
1039,Michael Gregoritsch,at AUT,FW,Augsburg,de Bundesliga,32-034,1994,10.1,6,29,10,34.5,2.86,0.99,0.17,0.50,1,1,Matches
1040,Dominik Greif,sk SVK,GK,Lyon,fr Ligue 1,29-046,1997,29.0,0,0,0,,0.00,0.00,,,0,0,Matches
1041,Antoine Griezmann,fr FRA,FW,Atlético Madrid,es La Liga,35-062,1991,15.5,7,45,24,53.3,2.91,1.55,0.16,0.29,0,0,Matches
1042,Vincenzo Grifo,it ITA,MF,Freiburg,de Bundesliga,33-045,1993,19.0,7,30,12,40.0,1.58,0.63,0.10,0.25,4,4,Matches
1043,Álex Grimaldo,es ESP,MF,Leverkusen,de Bundesliga,30-244,1995,28.0,8,61,21,34.4,2.18,0.75,0.08,0.24,3,3,Matches
1044,Pascal Groß,de GER,MF,Dortmund,de Bundesliga,34-341,1991,6.8,0,8,1,12.5,1.17,0.15,0.00,0.00,0,0,Matches
1045,Pascal Groß,de GER,MF,Brighton,eng Premier League,34-341,1991,17.2,1,16,8,50.0,0.93,0.47,0.06,0.13,0,0,Matches
1046,Brajan Gruda,de GER,"MF,FW",RB Leipzig,de Bundesliga,21-356,2004,8.4,3,22,10,45.5,2.63,1.20,0.14,0.30,0,0,Matches
1047,Brajan Gruda,de GER,MF,Brighton,eng Premier League,21-356,2004,8.0,1,16,6,37.5,2.00,0.75,0.06,0.17,0,0,Matches
1048,Ilia Gruev,bg BUL,MF,Leeds United,eng Premier League,26-016,2000,14.7,0,7,1,14.3,0.48,0.07,0.00,0.00,0,0,Matches
1049,Marco Grüll,at AUT,"MF,FW",Werder Bremen,de Bundesliga,27-320,1998,22.3,3,43,13,30.2,1.93,0.58,0.07,0.23,0,0,Matches
1050,Albert Grønbaek,dk DEN,MF,Hamburger SV,de Bundesliga,24-364,2001,5.5,1,8,4,50.0,1.46,0.73,0.13,0.25,0,0,Matches
1051,Albert Grønbaek,dk DEN,MF,Genoa,it Serie A,24-364,2001,1.1,0,1,1,100.0,0.87,0.87,0.00,0.00,0,0,Matches
1052,Nemanja Gudelj,rs SRB,"DF,MF",Sevilla,es La Liga,34-187,1991,26.0,2,30,8,26.7,1.15,0.31,0.07,0.25,0,0,Matches
1053,Gabriel Gudmundsson,se SWE,"DF,MF",Leeds United,eng Premier League,27-023,1999,29.2,0,18,3,16.7,0.62,0.10,0.00,0.00,0,0,Matches
1054,Gonçalo Guedes,pt POR,MF,Real Sociedad,es La Liga,29-174,1996,20.3,8,46,18,39.1,2.27,0.89,0.17,0.44,0,0,Matches
1055,Marc Guéhi,eng ENG,DF,Crystal Palace,eng Premier League,25-313,2000,20.0,2,15,4,26.7,0.75,0.20,0.13,0.50,0,0,Matches
1056,Marc Guéhi,eng ENG,DF,Manchester City,eng Premier League,25-313,2000,15.0,1,17,5,29.4,1.13,0.33,0.06,0.20,0,0,Matches
1057,Mattéo Guendouzi,fr FRA,MF,Lazio,it Serie A,27-038,1999,15.9,2,16,8,50.0,1.01,0.50,0.13,0.25,0,0,Matches
1058,Javier Guerra,es ESP,MF,Valencia,es La Liga,23-009,2003,21.9,3,28,11,39.3,1.28,0.50,0.11,0.27,0,0,Matches
1059,Raphaël Guerreiro,pt POR,MF,Bayern Munich,de Bundesliga,32-151,1993,8.7,5,12,5,41.7,1.38,0.57,0.42,1.00,0,0,Matches
1060,Daniel Guerrero,es ESP,MF,Real Betis,es La Liga,20-300,2005,0.0,0,0,0,,0.00,0.00,,,0,0,Matches
1061,Ismaël Guerti,fr FRA,FW,Metz,fr Ligue 1,21-296,2004,0.3,0,0,0,,0.00,0.00,,,0,0,Matches
1062,Evann Guessand,ci CIV,MF,Crystal Palace,eng Premier League,24-325,2001,3.3,1,3,1,33.3,0.90,0.30,0.33,1.00,0,0,Matches
1063,Evann Guessand,ci CIV,MF,Aston Villa,eng Premier League,24-325,2001,6.5,0,8,5,62.5,1.22,0.77,0.00,0.00,0,0,Matches
1064,Ander Guevara,es ESP,MF,Alavés,es La Liga,28-319,1997,7.2,1,5,1,20.0,0.70,0.14,0.20,1.00,0,0,Matches
1065,Idrissa Guèye,sn SEN,FW,Udinese,it Serie A,19-248,2006,4.3,1,17,5,29.4,3.98,1.17,0.06,0.20,0,0,Matches
1066,Idrissa Guèye,sn SEN,FW,Metz,fr Ligue 1,19-248,2006,1.5,0,2,0,0.0,1.36,0.00,0.00,,0,0,Matches
1067,Pape Gueye,sn SEN,MF,Villarreal,es La Liga,27-118,1999,22.9,4,45,12,26.7,1.97,0.53,0.07,0.25,1,1,Matches
1068,Morgan Guilavogui,gn GUI,MF,Lens,fr Ligue 1,28-073,1998,5.5,1,10,2,20.0,1.83,0.37,0.10,0.50,0,0,Matches
1069,Frederic Guilbert,fr FRA,"DF,MF",Nantes,fr Ligue 1,31-149,1994,6.7,0,7,2,28.6,1.04,0.30,0.00,0.00,0,0,Matches
1070,Luis Guilherme,br BRA,FW,West Ham United,eng Premier League,20-102,2006,1.4,0,1,0,0.0,0.72,0.00,0.00,,0,0,Matches
1071,Bruno Guimarães,br BRA,MF,Newcastle United,eng Premier League,28-187,1997,26.5,9,41,22,53.7,1.55,0.83,0.17,0.32,2,2,Matches
1072,Daouda Guindo,ml MLI,DF,Brest,fr Ligue 1,23-220,2002,18.7,1,21,5,23.8,1.12,0.27,0.05,0.20,0,0,Matches
1073,Bahereba Guirassy,fr FRA,"FW,MF",Nantes,fr Ligue 1,19-266,2006,9.1,2,15,7,46.7,1.64,0.77,0.13,0.29,0,0,Matches
1074,Serhou Guirassy,gn GUI,FW,Dortmund,de Bundesliga,30-071,1996,26.0,17,84,40,47.6,3.23,1.54,0.19,0.40,1,3,Matches
1075,Marc Guiu,es ESP,FW,Sunderland,eng Premier League,20-138,2006,0.2,0,1,0,0.0,6.00,0.00,0.00,,0,0,Matches
1076,Marc Guiu,es ESP,FW,Chelsea,eng Premier League,20-138,2006,2.9,0,12,2,16.7,4.20,0.70,0.00,0.00,0,0,Matches
1077,Péter Gulácsi,hu HUN,GK,RB Leipzig,de Bundesliga,36-016,1990,22.3,0,0,0,,0.00,0.00,,,0,0,Matches
1078,Arda Güler,tr TUR,MF,Real Madrid,es La Liga,21-086,2005,22.2,4,49,19,38.8,2.21,0.86,0.08,0.21,0,0,Matches
1079,Gerard Gumbau,es ESP,MF,Rayo Vallecano,es La Liga,31-155,1994,12.1,0,17,5,29.4,1.41,0.41,0.00,0.00,0,0,Matches
1080,Angus Gunn,sct SCO,GK,Nottingham Forest,eng Premier League,30-120,1996,0.5,0,0,0,,0.00,0.00,,,0,0,Matches
1081,Christian Günter,de GER,DF,Freiburg,de Bundesliga,33-083,1993,17.2,0,9,0,0.0,0.52,0.00,0.00,,0,0,Matches
1082,Jon Guridi,es ESP,"MF,FW",Alavés,es La Liga,31-083,1995,12.8,0,15,4,26.7,1.17,0.31,0.00,0.00,0,0,Matches
1083,Gorka Guruzeta,es ESP,FW,Athletic Club,es La Liga,29-252,1996,25.4,9,80,31,38.8,3.14,1.22,0.10,0.26,1,1,Matches
1084,Malo Gusto,fr FRA,DF,Chelsea,eng Premier League,23-003,2003,24.2,2,12,6,50.0,0.50,0.25,0.17,0.33,0,0,Matches
1085,Linus Güther,de GER,MF,Union Berlin,de Bundesliga,16-044,2010,0.1,0,0,0,,0.00,0.00,,,0,0,Matches
1086,Miguel Gutiérrez,es ESP,"MF,DF",Napoli,it Serie A,24-299,2001,15.5,1,14,4,28.6,0.90,0.26,0.07,0.25,0,0,Matches
1087,Albert Guðmundsson,is ISL,"FW,MF",Fiorentina,it Serie A,28-341,1997,24.2,5,41,15,36.6,1.70,0.62,0.05,0.13,3,3,Matches
1088,Joško Gvardiol,hr CRO,DF,Manchester City,eng Premier League,24-119,2002,15.1,2,17,6,35.3,1.13,0.40,0.12,0.33,0,0,Matches
1089,Viktor Gyökeres,se SWE,FW,Arsenal,eng Premier League,27-352,1998,24.6,14,54,22,40.7,2.19,0.89,0.20,0.50,3,3,Matches
1090,Erling Haaland,no NOR,FW,Manchester City,eng Premier League,25-305,2000,32.8,27,126,59,46.8,3.84,1.80,0.19,0.41,3,4,Matches
1091,Janik Haberer,de GER,MF,Union Berlin,de Bundesliga,32-050,1994,18.3,0,11,1,9.1,0.60,0.05,0.00,0.00,0,0,Matches
1092,Robin Hack,de GER,MF,Gladbach,de Bundesliga,27-268,1998,3.6,1,11,4,36.4,3.09,1.13,0.09,0.25,0,0,Matches
1093,Amadou Haidara,ml MLI,MF,Lens,fr Ligue 1,28-111,1998,2.9,1,2,2,100.0,0.69,0.69,0.50,0.50,0,0,Matches
1094,Albian Hajdari,xk KVX,DF,Hoffenheim,de Bundesliga,23-004,2003,27.0,1,19,4,21.1,0.70,0.15,0.05,0.25,0,0,Matches
1095,Achraf Hakimi,ma MAR,DF,Paris Saint-Germain,fr Ligue 1,27-199,1998,15.3,2,27,9,33.3,1.77,0.59,0.07,0.22,0,0,Matches
1096,Lewis Hall,eng ENG,DF,Newcastle United,eng Premier League,21-256,2004,23.2,1,24,6,25.0,1.03,0.26,0.04,0.17,0,0,Matches
1097,Adil Hamdani,fr FRA,MF,Lyon,fr Ligue 1,17-121,2009,0.3,0,2,0,0.0,6.67,0.00,0.00,,0,0,Matches
1098,Pierre-Yves Hamel,fr FRA,FW,Paris FC,fr Ligue 1,32-108,1994,0.9,0,0,0,,0.00,0.00,,,0,0,Matches
1099,Hilan Hamzaoui,fr FRA,DF,Marseille,fr Ligue 1,20-096,2006,0.0,0,0,0,,0.00,0.00,,,0,0,Matches
1100,Andreas Hanche-Olsen,no NOR,DF,Mainz 05,de Bundesliga,29-125,1997,9.5,0,6,3,50.0,0.63,0.32,0.00,0.00,0,0,Matches
1101,Dávid Hancko,sk SVK,DF,Atlético Madrid,es La Liga,28-160,1997,26.5,0,21,5,23.8,0.79,0.19,0.00,0.00,0,0,Matches
1102,Florent Hanin,dz ALG,"DF,MF",Angers,fr Ligue 1,36-107,1990,9.6,0,3,0,0.0,0.31,0.00,0.00,,0,0,Matches
1103,Isak Hansen-Aarøen,no NOR,MF,Werder Bremen,de Bundesliga,21-273,2004,0.0,0,0,0,,0.00,0.00,,,0,0,Matches
1104,Taichi Hara,jp JPN,FW,St Pauli,de Bundesliga,27-017,1999,0.3,0,1,0,0.0,3.33,0.00,0.00,,0,0,Matches
1105,Hákon Haraldsson,is ISL,MF,Lille,fr Ligue 1,23-042,2003,27.3,8,50,17,34.0,1.83,0.62,0.16,0.47,0,0,Matches
1106,Conrad Harder,dk DEN,FW,RB Leipzig,de Bundesliga,21-045,2005,10.4,3,42,13,31.0,4.06,1.26,0.07,0.23,0,0,Matches
1107,Jack Harrison,eng ENG,"FW,MF",Fiorentina,it Serie A,29-183,1996,9.9,1,11,3,27.3,1.11,0.30,0.09,0.33,0,0,Matches
1108,Jack Harrison,eng ENG,FW,Leeds United,eng Premier League,29-183,1996,3.0,0,6,2,33.3,2.01,0.67,0.00,0.00,0,0,Matches
1109,Abdou Harroui,nl NED,"MF,FW",Hellas Verona,it Serie A,28-129,1998,9.3,1,12,2,16.7,1.29,0.21,0.00,0.00,1,1,Matches
1110,Quilindschy Hartman,nl NED,DF,Burnley,eng Premier League,24-189,2001,20.3,0,9,3,33.3,0.44,0.15,0.00,0.00,0,0,Matches
1111,Haissem Hassan,eg EGY,"MF,FW",Oviedo,es La Liga,24-103,2002,21.1,0,33,8,24.2,1.57,0.38,0.00,0.00,0,0,Matches
1112,Hans Hateboer,nl NED,"DF,MF",Rennes,fr Ligue 1,32-133,1994,0.2,0,0,0,,0.00,0.00,,,0,0,Matches
1113,Hans Hateboer,nl NED,"DF,MF",Lyon,fr Ligue 1,32-133,1994,8.2,0,7,1,14.3,0.85,0.12,0.00,0.00,0,0,Matches
1114,Jorrel Hato,nl NED,DF,Chelsea,eng Premier League,20-076,2006,12.2,0,4,0,0.0,0.33,0.00,0.00,,0,0,Matches
1115,Kjetil Haug,no NOR,GK,Toulouse,fr Ligue 1,27-344,1998,0.3,0,0,0,,0.00,0.00,,,0,0,Matches
1116,Kai Havertz,de GER,"FW,MF",Arsenal,eng Premier League,26-345,1999,6.0,2,15,4,26.7,2.52,0.67,0.13,0.50,0,0,Matches
1117,Ayden Heaven,eng ENG,DF,Manchester Utd,eng Premier League,19-242,2006,10.3,0,3,0,0.0,0.29,0.00,0.00,,0,0,Matches
1118,Jan Paul van Hecke,nl NED,DF,Brighton,eng Premier League,25-348,2000,34.7,3,23,10,43.5,0.66,0.29,0.13,0.30,0,0,Matches
1119,Hwang Hee-chan,kr KOR,"FW,MF",Wolves,eng Premier League,30-116,1996,15.1,2,18,6,33.3,1.19,0.40,0.06,0.17,1,1,Matches
1120,Torbjørn Heggem,no NOR,DF,Bologna,it Serie A,27-130,1999,23.4,0,11,2,18.2,0.47,0.09,0.00,0.00,0,0,Matches
1121,Gauthier Hein,fr FRA,"MF,FW",Metz,fr Ligue 1,29-288,1996,26.1,8,44,13,29.5,1.68,0.50,0.07,0.23,5,5,Matches
1122,Dominique Heintz,de GER,DF,Köln,de Bundesliga,32-280,1993,4.2,0,0,0,,0.00,0.00,,,0,0,Matches
1123,Eivind Helland,no NOR,DF,Bologna,it Serie A,21-027,2005,4.5,0,1,0,0.0,0.22,0.00,0.00,,0,0,Matches
1124,George Hemmings,eng ENG,MF,Aston Villa,eng Premier League,19-079,2007,0.3,0,1,0,0.0,3.33,0.00,0.00,,0,0,Matches
1125,Dean Henderson,eng ENG,GK,Crystal Palace,eng Premier League,29-071,1997,36.0,0,0,0,,0.00,0.00,,,0,0,Matches
1126,Jordan Henderson,eng ENG,MF,Brentford,eng Premier League,35-339,1990,20.7,1,6,1,16.7,0.29,0.05,0.17,1.00,0,0,Matches
1127,Ramon Hendriks,nl NED,DF,Stuttgart,de Bundesliga,24-308,2001,22.5,0,5,0,0.0,0.22,0.00,0.00,,0,0,Matches
1128,Benjamin Henrichs,de GER,DF,RB Leipzig,de Bundesliga,29-088,1997,3.4,1,4,2,50.0,1.18,0.59,0.25,0.50,0,0,Matches
1129,Luis Henrique,br BRA,MF,Inter,it Serie A,24-159,2001,17.6,1,15,7,46.7,0.85,0.40,0.07,0.14,0,0,Matches
1130,Rico Henry,jm JAM,DF,Brentford,eng Premier League,28-318,1997,14.8,0,5,0,0.0,0.34,0.00,0.00,,0,0,Matches
1131,Pharell Hensel,de GER,MF,Wolfsburg,de Bundesliga,19-074,2007,0.8,0,1,0,0.0,1.30,0.00,0.00,,0,0,Matches
1132,Mads Hermansen,dk DEN,GK,West Ham United,eng Premier League,25-315,2000,17.0,0,0,0,,0.00,0.00,,,0,0,Matches
1133,Mario Hermoso,es ESP,DF,Roma,it Serie A,30-338,1995,22.2,3,19,6,31.6,0.86,0.27,0.16,0.50,0,0,Matches
1134,Lucas Hernández,fr FRA,DF,Paris Saint-Germain,fr Ligue 1,30-097,1996,19.4,0,11,3,27.3,0.57,0.15,0.00,0.00,0,0,Matches
1135,Hernani,br BRA,MF,Parma,it Serie A,32-056,1994,0.8,0,1,0,0.0,1.23,0.00,0.00,,0,0,Matches
1136,Jorge Herrando,es ESP,DF,Osasuna,es La Liga,25-083,2001,17.0,0,3,0,0.0,0.18,0.00,0.00,,0,0,Matches
1137,Sergio Herrera,es ESP,GK,Osasuna,es La Liga,32-351,1993,35.5,0,0,0,,0.00,0.00,,,0,0,Matches
1138,Yangel Herrera,ve VEN,MF,Girona,es La Liga,28-128,1998,1.2,0,1,0,0.0,0.82,0.00,0.00,,0,0,Matches
1139,Yangel Herrera,ve VEN,MF,Real Sociedad,es La Liga,28-128,1998,4.8,0,5,1,20.0,1.03,0.21,0.00,0.00,0,0,Matches
1140,Charles Herrmann,de GER,FW,Gladbach,de Bundesliga,20-121,2006,0.1,0,0,0,,0.00,0.00,,,0,0,Matches
1141,Daniel Heuer Fernandes,pt POR,GK,Hamburger SV,de Bundesliga,33-190,1992,33.0,0,1,0,0.0,0.03,0.00,0.00,,0,0,Matches
1142,Aaron Hickey,sct SCO,"DF,MF",Brentford,eng Premier League,23-346,2002,7.3,0,6,1,16.7,0.82,0.14,0.00,0.00,0,0,Matches
1143,Santiago Hidalgo,ar ARG,"MF,FW",Toulouse,fr Ligue 1,21-094,2005,14.5,4,33,13,39.4,2.27,0.90,0.12,0.31,0,0,Matches
1144,Isak Hien,se SWE,DF,Atalanta,it Serie A,27-129,1999,20.9,1,8,3,37.5,0.38,0.14,0.13,0.33,0,0,Matches
1145,Asier Hierro,es ESP,FW,Athletic Club,es La Liga,21-016,2005,0.4,0,1,0,0.0,2.65,0.00,0.00,,0,0,Matches
1146,Omar El Hilali,ma MAR,DF,Espanyol,es La Liga,22-252,2003,31.3,0,1,0,0.0,0.03,0.00,0.00,,0,0,Matches
1147,James Hill,eng ENG,DF,Bournemouth,eng Premier League,24-132,2002,22.4,0,12,2,16.7,0.54,0.09,0.00,0.00,0,0,Matches
1148,Rémi Himbert,fr FRA,FW,Lyon,fr Ligue 1,18-082,2008,1.5,1,10,1,10.0,6.87,0.69,0.10,1.00,0,0,Matches
1149,Piero Hincapié,ec ECU,DF,Arsenal,eng Premier League,24-133,2002,18.9,1,2,1,50.0,0.11,0.05,0.50,1.00,0,0,Matches
1150,Piero Hincapié,ec ECU,DF,Leverkusen,de Bundesliga,24-133,2002,1.0,0,2,1,50.0,2.00,1.00,0.00,0.00,0,0,Matches
1151,Jack Hinshelwood,eng ENG,MF,Brighton,eng Premier League,21-041,2005,18.5,4,37,15,40.5,2.00,0.81,0.11,0.27,0,0,Matches
1152,Adam Hložek,cz CZE,"FW,MF",Hoffenheim,de Bundesliga,23-301,2002,0.5,0,3,1,33.3,6.59,2.20,0.00,0.00,0,0,Matches
1153,Ki-Jana Hoever,nl NED,"MF,DF",Wolves,eng Premier League,24-124,2002,4.7,0,1,1,100.0,0.21,0.21,0.00,0.00,0,0,Matches
1154,Nicolas Höfler,de GER,MF,Freiburg,de Bundesliga,36-074,1990,3.2,0,4,2,50.0,1.24,0.62,0.00,0.00,0,0,Matches
1155,Jonas Hofmann,de GER,MF,Leverkusen,de Bundesliga,33-312,1992,11.3,2,23,7,30.4,2.04,0.62,0.09,0.29,0,0,Matches
1156,Malthe Hojholt,dk DEN,MF,Pisa,it Serie A,25-036,2001,8.9,0,4,2,50.0,0.45,0.22,0.00,0.00,0,0,Matches
1157,Lucas Höler,de GER,"FW,MF",Freiburg,de Bundesliga,31-316,1994,22.6,3,33,15,45.5,1.46,0.66,0.09,0.20,0,0,Matches
1158,Benedict Hollerbach,de GER,"FW,MF",Mainz 05,de Bundesliga,25-005,2001,9.7,1,22,6,27.3,2.27,0.62,0.05,0.17,0,0,Matches
1159,Emil Holm,se SWE,DF,Bologna,it Serie A,26-009,2000,7.3,1,8,1,12.5,1.10,0.14,0.13,1.00,0,0,Matches
1160,Emil Holm,se SWE,MF,Juventus,it Serie A,26-009,2000,2.2,0,4,0,0.0,1.78,0.00,0.00,,0,0,Matches
1161,Franck Honorat,fr FRA,"MF,FW",Gladbach,de Bundesliga,29-284,1996,22.0,2,17,5,29.4,0.77,0.23,0.12,0.40,0,0,Matches
1162,Mathias Honsak,at AUT,"MF,FW",Heidenheim,de Bundesliga,29-153,1996,13.9,2,31,8,25.8,2.23,0.58,0.06,0.25,0,0,Matches
1163,Ali Houary,ma MAR,MF,Elche,es La Liga,20-290,2005,1.4,0,2,0,0.0,1.46,0.00,0.00,,0,0,Matches
1164,Andreas Hountondji,bj BEN,FW,St Pauli,de Bundesliga,23-315,2002,11.9,4,21,13,61.9,1.77,1.10,0.19,0.31,0,1,Matches
1165,Harry Howell,eng ENG,MF,Brighton,eng Premier League,18-032,2008,1.0,0,0,0,,0.00,0.00,,,0,0,Matches
1166,Lukáš Hrádecký,fi FIN,GK,Monaco,fr Ligue 1,36-179,1989,16.0,0,0,0,,0.00,0.00,,,0,0,Matches
1167,Robin Hranáč,cz CZE,DF,Hoffenheim,de Bundesliga,26-113,2000,25.0,1,8,3,37.5,0.32,0.12,0.13,0.33,0,0,Matches
1168,Timo Hübers,de GER,DF,Köln,de Bundesliga,29-306,1996,7.5,0,0,0,,0.00,0.00,,,0,0,Matches
1169,Callum Hudson-Odoi,eng ENG,MF,Nottingham Forest,eng Premier League,25-196,2000,20.5,3,30,10,33.3,1.47,0.49,0.10,0.30,0,0,Matches
1170,Will Hughes,eng ENG,MF,Crystal Palace,eng Premier League,31-035,1995,16.5,0,17,0,0.0,1.03,0.00,0.00,,0,0,Matches
1171,Dean Huijsen,es ESP,DF,Real Madrid,es La Liga,21-038,2005,22.4,2,20,5,25.0,0.89,0.22,0.10,0.40,0,0,Matches
1172,Trai Hume,nir NIR,"DF,MF",Sunderland,eng Premier League,24-065,2002,32.7,1,32,6,18.8,0.98,0.18,0.03,0.17,0,0,Matches
1173,Bashir Humphreys,eng ENG,"DF,MF",Burnley,eng Premier League,23-068,2003,16.5,0,9,3,33.3,0.54,0.18,0.00,0.00,0,0,Matches
1174,Denis Huseinbasic,ba BIH,MF,Köln,de Bundesliga,24-323,2001,8.1,0,6,0,0.0,0.74,0.00,0.00,,0,0,Matches
1175,Omari Hutchinson,eng ENG,MF,Nottingham Forest,eng Premier League,22-204,2003,17.9,1,25,11,44.0,1.40,0.61,0.04,0.09,0,0,Matches
1176,Kwon Hyeokkyu,kr KOR,MF,Nantes,fr Ligue 1,25-070,2001,8.4,0,3,0,0.0,0.36,0.00,0.00,,0,0,Matches
1177,Elseid Hysaj,al ALB,DF,Lazio,it Serie A,32-091,1994,1.9,0,0,0,,0.00,0.00,,,0,0,Matches
1178,Hong Hyunseok,kr KOR,MF,Nantes,fr Ligue 1,26-340,1999,3.2,0,4,2,50.0,1.27,0.63,0.00,0.00,0,0,Matches
1179,Lucas Høgsberg,dk DEN,DF,Strasbourg,fr Ligue 1,19-333,2006,19.9,0,4,1,25.0,0.20,0.05,0.00,0.00,0,0,Matches
1180,Pierre Højbjerg,dk DEN,MF,Marseille,fr Ligue 1,30-290,1995,30.1,4,46,14,30.4,1.53,0.46,0.09,0.29,0,0,Matches
1181,Oscar Højlund,dk DEN,MF,Eintracht Frankfurt,de Bundesliga,21-138,2005,12.1,1,7,3,42.9,0.58,0.25,0.14,0.33,0,0,Matches
1182,Rasmus Højlund,dk DEN,FW,Napoli,it Serie A,23-107,2003,29.6,11,58,23,39.7,1.96,0.78,0.17,0.43,1,1,Matches
1183,Edoardo Iannoni,it ITA,MF,Sassuolo,it Serie A,25-041,2001,2.9,1,3,1,33.3,1.04,0.35,0.33,1.00,0,0,Matches
1184,Pablo Ibáñez,es ESP,MF,Alavés,es La Liga,27-244,1998,24.0,1,45,12,26.7,1.87,0.50,0.02,0.08,0,0,Matches
1185,Arijon Ibrahimović,de GER,"MF,FW",Heidenheim,de Bundesliga,20-162,2005,24.1,2,47,19,40.4,1.95,0.79,0.02,0.05,1,1,Matches
1186,Riyad Idrissi,it ITA,"MF,DF",Cagliari,it Serie A,20-343,2005,8.7,2,6,6,100.0,0.69,0.69,0.33,0.33,0,0,Matches
1187,Stanis Idumbo,be BEL,MF,Sevilla,es La Liga,20-327,2005,0.5,0,1,0,0.0,2.00,0.00,0.00,,0,0,Matches
1188,Stanis Idumbo,be BEL,MF,Monaco,fr Ligue 1,20-327,2005,1.9,1,6,2,33.3,3.16,1.05,0.17,0.50,0,0,Matches
1189,Jay Idzes,id IDN,DF,Sassuolo,it Serie A,25-354,2000,33.4,0,5,0,0.0,0.15,0.00,0.00,,0,0,Matches
1190,Hamza Igamane,ma MAR,FW,Lille,fr Ligue 1,23-201,2002,4.8,5,24,9,37.5,5.00,1.87,0.21,0.56,0,0,Matches
1191,Iglesias,es ESP,DF,Getafe,es La Liga,27-323,1998,34.4,1,26,5,19.2,0.76,0.15,0.04,0.20,0,0,Matches
1192,Borja Iglesias,es ESP,FW,Celta Vigo,es La Liga,33-125,1993,20.3,14,46,26,56.5,2.27,1.28,0.22,0.38,4,4,Matches
1193,Igor,br BRA,DF,West Ham United,eng Premier League,28-104,1998,1.2,0,0,0,,0.00,0.00,,,0,0,Matches
1194,Jonathan Ikone,fr FRA,"MF,FW",Paris FC,fr Ligue 1,28-020,1998,12.2,3,25,6,24.0,2.05,0.49,0.12,0.50,0,0,Matches
1195,George Ilenikhena,ng NGA,FW,Monaco,fr Ligue 1,19-279,2006,4.3,2,15,7,46.7,3.51,1.64,0.13,0.29,0,0,Matches
1196,Andrej Ilic,rs SRB,FW,Union Berlin,de Bundesliga,26-049,2000,25.1,5,71,26,36.6,2.83,1.04,0.07,0.19,0,1,Matches
1197,Ivan Ilić,rs SRB,MF,Torino,it Serie A,25-066,2001,4.6,0,0,0,,0.00,0.00,,,0,0,Matches
1198,Luka Ilić,rs SRB,"MF,FW",Oviedo,es La Liga,26-324,1999,7.9,1,9,5,55.6,1.13,0.63,0.11,0.20,0,0,Matches
1199,Samuel Iling-Junior,eng ENG,MF,Pisa,it Serie A,22-230,2003,1.2,0,0,0,,0.00,0.00,,,0,0,Matches
1200,Emirhan İlkhan,tr TUR,MF,Torino,it Serie A,21-355,2004,10.4,1,12,3,25.0,1.15,0.29,0.08,0.33,0,0,Matches
1201,Ciro Immobile,it ITA,FW,Paris FC,fr Ligue 1,36-091,1990,7.8,2,15,5,33.3,1.91,0.64,0.13,0.40,0,0,Matches
1202,Ciro Immobile,it ITA,FW,Bologna,it Serie A,36-091,1990,2.1,0,2,0,0.0,0.93,0.00,0.00,,0,0,Matches
1203,Samuele Inácio,it ITA,MF,Dortmund,de Bundesliga,18-050,2008,4.3,1,9,5,55.6,2.11,1.17,0.11,0.20,0,0,Matches
1204,Cyriaque Irié,bf BFA,MF,Freiburg,de Bundesliga,20-336,2005,3.9,0,7,2,28.6,1.82,0.52,0.00,0.00,0,0,Matches
1205,Tim Iroegbunam,eng ENG,MF,Everton,eng Premier League,22-326,2003,15.6,0,12,1,8.3,0.77,0.06,0.00,0.00,0,0,Matches
1206,Jackson Irvine,au AUS,MF,St Pauli,de Bundesliga,33-076,1993,18.0,0,19,4,21.1,1.05,0.22,0.00,0.00,0,0,Matches
1207,Andy Irving,sct SCO,MF,West Ham United,eng Premier League,26-009,2000,1.8,0,0,0,,0.00,0.00,,,0,0,Matches
1208,Isaac,br BRA,FW,Hellas Verona,it Serie A,22-057,2004,0.4,0,0,0,,0.00,0.00,,,0,0,Matches
1209,Alexander Isak,se SWE,FW,Liverpool,eng Premier League,26-243,1999,7.8,3,17,6,35.3,2.19,0.77,0.18,0.50,0,0,Matches
1210,Gustav Isaksen,dk DEN,FW,Lazio,it Serie A,25-033,2001,17.7,5,48,19,39.6,2.71,1.07,0.10,0.26,0,0,Matches
1211,Isco,es ESP,"FW,MF",Real Betis,es La Liga,34-031,1992,2.0,1,5,1,20.0,2.50,0.50,0.00,0.00,1,1,Matches
1212,Wilson Isidor,ht HAI,FW,Sunderland,eng Premier League,25-268,2000,12.6,6,41,17,41.5,3.25,1.35,0.15,0.35,0,0,Matches
1213,Ardian Ismajli,al ALB,DF,Torino,it Serie A,29-234,1996,20.2,0,6,4,66.7,0.30,0.20,0.00,0.00,0,0,Matches
1214,Franco Israel,uy URU,GK,Torino,it Serie A,26-030,2000,9.0,0,0,0,,0.00,0.00,,,0,0,Matches
1215,Hiroki Ito,jp JPN,DF,Bayern Munich,de Bundesliga,27-010,1999,10.2,1,10,3,30.0,0.98,0.29,0.10,0.33,0,0,Matches
1216,Alex Iwobi,ng NGA,MF,Fulham,eng Premier League,30-019,1996,25.9,4,33,14,42.4,1.28,0.54,0.12,0.29,0,0,Matches
1217,Urko Izeta,es ESP,FW,Athletic Club,es La Liga,26-235,1999,2.0,0,9,4,44.4,4.60,2.05,0.00,0.00,0,0,Matches
1218,Jairo Izquierdo,es ESP,"DF,FW",Elche,es La Liga,32-212,1993,0.3,0,0,0,,0.00,0.00,,,0,0,Matches
1219,Nicolas Jackson,sn SEN,FW,Bayern Munich,de Bundesliga,24-336,2001,11.2,8,38,21,55.3,3.40,1.88,0.21,0.38,0,0,Matches
1220,Jérémy Jacquet,fr FRA,DF,Rennes,fr Ligue 1,20-313,2005,18.6,0,11,3,27.3,0.59,0.16,0.00,0.00,0,0,Matches
1221,Lee Jae-sung,kr KOR,"MF,FW",Mainz 05,de Bundesliga,33-285,1992,24.3,4,30,9,30.0,1.24,0.37,0.13,0.44,0,0,Matches
1222,Kristijan Jakić,hr CRO,"MF,DF",Augsburg,de Bundesliga,29-008,1997,18.4,2,18,6,33.3,0.98,0.33,0.11,0.33,0,0,Matches
1223,Karl Jakob Hein,ee EST,GK,Werder Bremen,de Bundesliga,24-039,2002,2.0,0,0,0,,0.00,0.00,,,0,0,Matches
1224,Daniel James,wls WAL,"FW,MF",Leeds United,eng Premier League,28-193,1997,6.0,0,14,3,21.4,2.34,0.50,0.00,0.00,0,0,Matches
1225,Reece James,eng ENG,"DF,MF",Chelsea,eng Premier League,26-165,1999,21.4,2,21,6,28.6,0.98,0.28,0.10,0.33,0,0,Matches
1226,Vitaly Janelt,de GER,MF,Brentford,eng Premier League,28-012,1998,15.0,1,12,3,25.0,0.80,0.20,0.08,0.33,0,0,Matches
1227,Mathis Jangeal,fr FRA,FW,Paris Saint-Germain,fr Ligue 1,17-332,2008,0.1,0,0,0,,0.00,0.00,,,0,0,Matches
1228,Isak Jansson,se SWE,"FW,MF",Nice,fr Ligue 1,24-111,2002,7.2,1,17,11,64.7,2.38,1.54,0.06,0.09,0,0,Matches
1229,Adnan Januzaj,be BEL,"MF,FW",Sevilla,es La Liga,31-106,1995,3.6,0,7,0,0.0,1.96,0.00,0.00,,0,0,Matches
1230,Luca Jaquez,ch SUI,DF,Stuttgart,de Bundesliga,22-354,2003,10.0,0,4,0,0.0,0.40,0.00,0.00,,0,0,Matches
1231,Ardon Jashari,ch SUI,MF,Milan,it Serie A,23-296,2002,7.1,0,7,2,28.6,0.98,0.28,0.00,0.00,0,0,Matches
1232,Bakery Jatta,gm GAM,MF,Hamburger SV,de Bundesliga,27-350,1998,10.1,1,11,4,36.4,1.09,0.40,0.09,0.25,0,0,Matches
1233,Mikel Jauregizar,es ESP,MF,Athletic Club,es La Liga,22-190,2003,30.5,2,39,11,28.2,1.28,0.36,0.05,0.18,0,0,Matches
1234,Gaby Jean,fr FRA,DF,Lecce,it Serie A,26-092,2000,2.1,0,0,0,,0.00,0.00,,,0,0,Matches
1235,Finn Jeltsch,de GER,DF,Stuttgart,de Bundesliga,19-309,2006,16.8,0,3,0,0.0,0.18,0.00,0.00,,0,0,Matches
1236,Castrop Jens,kr KOR,MF,Gladbach,de Bundesliga,22-297,2003,17.6,3,30,12,40.0,1.70,0.68,0.10,0.25,0,0,Matches
1237,Mathias Jensen,dk DEN,MF,Brentford,eng Premier League,30-141,1996,24.1,3,28,8,28.6,1.16,0.33,0.11,0.38,0,0,Matches
1238,Oliver Jensen,dk DEN,MF,Parma,it Serie A,24-073,2002,20.2,1,14,3,21.4,0.69,0.15,0.07,0.33,0,0,Matches
1239,Moritz Jenz,de GER,DF,Wolfsburg,de Bundesliga,27-022,1999,19.9,1,5,1,20.0,0.25,0.05,0.20,1.00,0,0,Matches
1240,Gabriel Jesus,br BRA,FW,Arsenal,eng Premier League,29-049,1997,3.9,2,15,10,66.7,3.80,2.54,0.13,0.20,0,0,Matches
1241,Igor Jesus,br BRA,FW,Nottingham Forest,eng Premier League,25-086,2001,24.5,6,67,20,29.9,2.73,0.82,0.07,0.25,1,1,Matches
1242,Juan Jesus,br BRA,DF,Napoli,it Serie A,34-346,1991,18.1,0,3,0,0.0,0.17,0.00,0.00,,0,0,Matches
1243,Álex Jiménez,es ESP,"DF,MF",Bournemouth,eng Premier League,21-014,2005,25.7,1,21,4,19.0,0.82,0.16,0.05,0.25,0,0,Matches
1244,Álex Jiménez,es ESP,DF,Milan,it Serie A,21-014,2005,0.5,0,0,0,,0.00,0.00,,,0,0,Matches
1245,David Jiménez,es ESP,DF,Real Madrid,es La Liga,22-069,2004,0.8,0,1,1,100.0,1.18,1.18,0.00,0.00,0,0,Matches
1246,Raúl Jiménez,mx MEX,FW,Fulham,eng Premier League,35-017,1991,24.1,9,72,18,25.0,2.99,0.75,0.07,0.28,4,4,Matches
1247,Jamaldeen Jimoh,eng ENG,MF,Aston Villa,eng Premier League,19-232,2006,0.1,0,0,0,,0.00,0.00,,,0,0,Matches
1248,João Pedro,br BRA,"FW,MF",Chelsea,eng Premier League,24-238,2001,28.6,15,71,28,39.4,2.49,0.98,0.21,0.54,0,0,Matches
1249,Joelinton,br BRA,MF,Newcastle United,eng Premier League,29-281,1996,21.7,2,32,11,34.4,1.48,0.51,0.06,0.18,0,0,Matches
1250,Jofre,es ESP,MF,Espanyol,es La Liga,24-339,2001,9.5,1,20,5,25.0,2.10,0.52,0.05,0.20,0,0,Matches
1251,Þórir Jóhann Helgason,is ISL,MF,Lecce,it Serie A,25-236,2000,1.6,0,3,2,66.7,1.84,1.22,0.00,0.00,0,0,Matches
1252,Ísak Jóhannesson,is ISL,MF,Köln,de Bundesliga,23-060,2003,20.1,1,14,5,35.7,0.70,0.25,0.07,0.20,0,0,Matches
1253,John,br BRA,GK,Nottingham Forest,eng Premier League,30-098,1996,4.9,0,0,0,,0.00,0.00,,,0,0,Matches
1254,Dennis Johnsen,no NOR,"MF,FW",Cremonese,it Serie A,28-094,1998,4.3,1,5,2,40.0,1.15,0.46,0.20,0.50,0,0,Matches
1255,Brennan Johnson,wls WAL,"MF,FW",Tottenham Hotspur,eng Premier League,24-364,2001,6.8,2,6,2,33.3,0.89,0.30,0.33,1.00,0,0,Matches
1256,Brennan Johnson,wls WAL,"MF,FW",Crystal Palace,eng Premier League,24-364,2001,12.4,0,17,3,17.6,1.38,0.24,0.00,0.00,0,0,Matches
1257,Karl-Johan Johnsson,se SWE,GK,Strasbourg,fr Ligue 1,36-114,1990,1.0,0,0,0,,0.00,0.00,,,0,0,Matches
1258,Sam Johnstone,eng ENG,GK,Wolves,eng Premier League,33-058,1993,12.0,0,0,0,,0.00,0.00,,,0,0,Matches
1259,Curtis Jones,eng ENG,"MF,DF",Liverpool,eng Premier League,25-112,2001,20.5,0,21,6,28.6,1.02,0.29,0.00,0.00,0,0,Matches
1260,Ricky-Jade Jones,eng ENG,FW,St Pauli,de Bundesliga,24-332,2001,3.9,2,11,6,54.5,2.82,1.54,0.18,0.33,0,0,Matches
1261,Frenkie de Jong,nl NED,MF,Barcelona,es La Liga,29-010,1997,17.9,1,7,2,28.6,0.39,0.11,0.14,0.50,0,0,Matches
1262,Joan Jordán,es ESP,MF,Sevilla,es La Liga,31-320,1994,0.3,0,0,0,,0.00,0.00,,,0,0,Matches
1263,Josan,es ESP,"MF,DF",Elche,es La Liga,36-170,1989,6.3,0,3,1,33.3,0.48,0.16,0.00,0.00,0,0,Matches
1264,Mateo Joseph,es ESP,"MF,FW",Mallorca,es La Liga,22-215,2003,18.9,2,33,14,42.4,1.75,0.74,0.06,0.14,0,0,Matches
1265,Lazar Jovanović,rs SRB,FW,Stuttgart,de Bundesliga,19-173,2006,0.4,0,1,0,0.0,2.25,0.00,0.00,,0,0,Matches
1266,Juanmi,es ESP,"FW,MF",Getafe,es La Liga,33-002,1993,2.0,1,2,1,50.0,1.01,0.50,0.50,1.00,0,0,Matches
1267,Abdulai Juma Bah,sl SLE,DF,Nice,fr Ligue 1,20-041,2006,21.8,0,7,2,28.6,0.32,0.09,0.00,0.00,0,0,Matches
1268,Anthony Jung,de GER,DF,Freiburg,de Bundesliga,34-200,1991,5.8,0,1,0,0.0,0.17,0.00,0.00,,0,0,Matches
1269,Eli Junior Kroupi,fr FRA,"MF,FW",Bournemouth,eng Premier League,19-333,2006,17.8,13,46,21,45.7,2.59,1.18,0.24,0.52,2,2,Matches
1270,Luiz Lúcio Reis Júnior,br BRA,GK,Villarreal,es La Liga,25-128,2001,28.0,0,0,0,,0.00,0.00,,,0,0,Matches
1271,Hamed Junior Traorè,ci CIV,MF,Bournemouth,eng Premier League,26-095,2000,0.2,0,0,0,,0.00,0.00,,,0,0,Matches
1272,Hamed Junior Traorè,ci CIV,MF,Marseille,fr Ligue 1,26-095,2000,6.9,2,13,6,46.2,1.89,0.87,0.15,0.33,0,0,Matches
1273,Vinicius Júnior,br BRA,"FW,MF",Real Madrid,es La Liga,25-314,2000,31.3,16,100,46,46.0,3.20,1.47,0.12,0.26,4,5,Matches
1274,Josip Juranović,hr CRO,MF,Union Berlin,de Bundesliga,30-279,1995,3.7,1,4,1,25.0,1.09,0.27,0.25,1.00,0,0,Matches
1275,James Justin,eng ENG,"DF,MF",Leeds United,eng Premier League,28-088,1998,20.1,2,23,6,26.1,1.14,0.30,0.09,0.33,0,0,Matches
1276,Ferran Jutglà,es ESP,FW,Celta Vigo,es La Liga,27-110,1999,18.1,9,45,26,57.8,2.49,1.44,0.20,0.35,0,0,Matches
1277,Filip Jørgensen,dk DEN,GK,Chelsea,eng Premier League,24-036,2002,4.2,0,0,0,,0.00,0.00,,,0,0,Matches
1278,Martijn Kaars,nl NED,FW,St Pauli,de Bundesliga,27-078,1999,15.0,3,23,10,43.5,1.54,0.67,0.09,0.20,1,1,Matches
1279,Mohamed Kaba,gn GUI,MF,Nantes,fr Ligue 1,24-207,2001,10.2,0,11,6,54.5,1.08,0.59,0.00,0.00,0,0,Matches
1280,Mohamed Kaba,gn GUI,MF,Lecce,it Serie A,24-207,2001,7.0,0,9,4,44.4,1.28,0.57,0.00,0.00,0,0,Matches
1281,Ozan Kabak,tr TUR,DF,Hoffenheim,de Bundesliga,26-058,2000,19.5,4,35,12,34.3,1.80,0.62,0.11,0.33,0,0,Matches
1282,Almugera Kabar,de GER,DF,Dortmund,de Bundesliga,19-350,2006,0.2,0,1,0,0.0,5.63,0.00,0.00,,0,0,Matches
1283,Christian Kabasele,be BEL,DF,Udinese,it Serie A,35-087,1991,24.3,3,9,6,66.7,0.37,0.25,0.33,0.50,0,0,Matches
1284,Anton Kade,de GER,"MF,FW",Augsburg,de Bundesliga,22-125,2004,19.4,6,48,21,43.8,2.48,1.08,0.13,0.29,0,0,Matches
1285,Ferdi Kadioglu,tr TUR,"DF,MF",Brighton,eng Premier League,26-227,1999,33.8,1,27,13,48.1,0.80,0.38,0.04,0.08,0,0,Matches
1286,Florian Kainz,at AUT,MF,Köln,de Bundesliga,33-210,1992,3.1,1,8,4,50.0,2.58,1.29,0.13,0.25,0,0,Matches
1287,Sasa Kalajdzic,at AUT,"FW,MF",Wolves,eng Premier League,28-319,1997,0.2,0,0,0,,0.00,0.00,,,0,0,Matches
1288,Arnaud Kalimuendo,fr FRA,FW,Nottingham Forest,eng Premier League,24-122,2002,1.1,0,4,1,25.0,3.75,0.94,0.00,0.00,0,0,Matches
1289,Arnaud Kalimuendo,fr FRA,"FW,MF",Eintracht Frankfurt,de Bundesliga,24-122,2002,15.7,6,30,16,53.3,1.91,1.02,0.20,0.38,0,0,Matches
1290,Pierre Kalulu,fr FRA,"DF,MF",Juventus,it Serie A,25-351,2000,35.5,2,13,4,30.8,0.37,0.11,0.15,0.50,0,0,Matches
1291,Justin-Noël Kalumba,fr FRA,FW,Mallorca,es La Liga,21-148,2004,0.9,0,1,0,0.0,1.11,0.00,0.00,,0,0,Matches
1292,Justin-Noël Kalumba,fr FRA,"FW,MF",Angers,fr Ligue 1,21-148,2004,2.5,0,1,0,0.0,0.40,0.00,0.00,,0,0,Matches
1293,Daichi Kamada,jp JPN,MF,Crystal Palace,eng Premier League,29-290,1996,20.6,0,19,4,21.1,0.92,0.19,0.00,0.00,0,0,Matches
1294,Warren Kamanzi,no NOR,MF,Toulouse,fr Ligue 1,25-192,2000,9.7,1,12,2,16.7,1.24,0.21,0.08,0.50,0,0,Matches
1295,Abu Kamara,eng ENG,MF,Getafe,es La Liga,22-305,2003,2.8,0,4,1,25.0,1.41,0.35,0.00,0.00,0,0,Matches
1296,Bingourou Kamara,sn SEN,GK,Lorient,fr Ligue 1,29-213,1996,3.0,0,0,0,,0.00,0.00,,,0,0,Matches
1297,Boubacar Kamara,fr FRA,MF,Aston Villa,eng Premier League,26-180,1999,15.7,1,7,4,57.1,0.45,0.26,0.14,0.25,0,0,Matches
1298,Glen Kamara,fi FIN,MF,Rennes,fr Ligue 1,30-206,1995,0.7,0,0,0,,0.00,0.00,,,0,0,Matches
1299,Hassane Kamara,ci CIV,"MF,DF",Udinese,it Serie A,32-078,1994,20.7,0,16,5,31.3,0.77,0.24,0.00,0.00,0,0,Matches
1300,Noham Kamara,fr FRA,DF,Lyon,fr Ligue 1,19-120,2007,0.1,0,0,0,,0.00,0.00,,,0,0,Matches
1301,Willy Kambwala,fr FRA,DF,Villarreal,es La Liga,21-270,2004,1.0,0,0,0,,0.00,0.00,,,0,0,Matches
1302,Jakub Kamiński,pl POL,"MF,FW",Köln,de Bundesliga,23-351,2002,33.5,7,62,25,40.3,1.85,0.75,0.11,0.28,0,0,Matches
1303,Nouhoum Kamissoko,ml MLI,MF,Marseille,fr Ligue 1,21-146,2004,0.3,0,1,0,0.0,3.75,0.00,0.00,,0,0,Matches
1304,Kevin Kampl,si SVN,MF,RB Leipzig,de Bundesliga,35-225,1990,0.0,0,0,0,,0.00,0.00,,,0,0,Matches
1305,Harry Kane,eng ENG,"FW,MF",Bayern Munich,de Bundesliga,32-298,1993,26.4,36,119,67,56.3,4.51,2.54,0.22,0.39,10,11,Matches
1306,Lee Kang-in,kr KOR,"MF,FW",Paris Saint-Germain,fr Ligue 1,25-092,2001,16.9,3,37,15,40.5,2.19,0.89,0.08,0.20,0,0,Matches
1307,Steeve Kango,fr FRA,DF,Lyon,fr Ligue 1,19-164,2006,0.9,0,0,0,,0.00,0.00,,,0,0,Matches
1308,Ibrahim Kanté,fr FRA,MF,Brest,fr Ligue 1,19-065,2007,0.1,0,0,0,,0.00,0.00,,,0,0,Matches
1309,Mohamadou Kanté,fr FRA,MF,West Ham United,eng Premier League,20-244,2005,0.8,0,2,0,0.0,2.50,0.00,0.00,,0,0,Matches
1310,Adam Karabec,cz CZE,"MF,FW",Lyon,fr Ligue 1,22-324,2003,10.2,1,9,5,55.6,0.88,0.49,0.11,0.20,0,0,Matches
1311,Atakan Karazor,tr TUR,MF,Stuttgart,de Bundesliga,29-221,1996,20.9,0,7,2,28.6,0.33,0.10,0.00,0.00,0,0,Matches
1312,Dermane Karim,tg TOG,MF,Lorient,fr Ligue 1,22-147,2003,15.2,1,16,2,12.5,1.05,0.13,0.06,0.50,0,0,Matches
1313,Lennart Karl,de GER,MF,Bayern Munich,de Bundesliga,18-089,2008,14.2,5,42,21,50.0,2.95,1.48,0.12,0.24,0,0,Matches
1314,Jesper Karlström,se SWE,MF,Udinese,it Serie A,30-335,1995,34.3,1,19,2,10.5,0.55,0.06,0.05,0.50,0,0,Matches
1315,Jon Karrikaburu,es ESP,FW,Real Sociedad,es La Liga,23-245,2002,1.5,0,7,2,28.6,4.67,1.33,0.00,0.00,0,0,Matches
1316,Grigoris Kastanos,cy CYP,MF,Hellas Verona,it Serie A,28-112,1998,0.5,0,1,0,0.0,2.05,0.00,0.00,,0,0,Matches
1317,Silas Katompa,cd COD,FW,Mainz 05,de Bundesliga,27-228,1998,3.7,1,8,7,87.5,2.16,1.89,0.13,0.14,0,0,Matches
1318,Panos Katseris,gr GRE,"MF,DF",Lorient,fr Ligue 1,24-321,2001,8.3,1,7,4,57.1,0.84,0.48,0.14,0.25,0,0,Matches
1319,Mikkel Kaufmann,dk DEN,FW,Heidenheim,de Bundesliga,25-139,2001,6.0,1,11,3,27.3,1.84,0.50,0.09,0.33,0,0,Matches
1320,Sota Kawasaki,jp JPN,"MF,DF",Mainz 05,de Bundesliga,24-296,2001,3.4,0,1,0,0.0,0.29,0.00,0.00,,0,0,Matches
1321,Michael Kayode,it ITA,DF,Brentford,eng Premier League,21-316,2004,35.2,1,9,3,33.3,0.26,0.09,0.11,0.33,0,0,Matches
1322,Moise Kean,it ITA,FW,Fiorentina,it Serie A,26-083,2000,22.6,8,98,27,27.6,4.33,1.19,0.06,0.22,2,2,Matches
1323,Michael Keane,eng ENG,DF,Everton,eng Premier League,33-131,1993,27.8,3,24,7,29.2,0.86,0.25,0.13,0.43,0,0,Matches
1324,Ilan Kebbal,dz ALG,"MF,FW",Paris FC,fr Ligue 1,27-317,1998,24.7,9,49,20,40.8,1.98,0.81,0.12,0.30,3,4,Matches
1325,Yassine Kechta,ma MAR,MF,Le Havre,fr Ligue 1,24-086,2002,14.8,2,21,9,42.9,1.42,0.61,0.10,0.22,0,0,Matches
1326,Thilo Kehrer,de GER,DF,Monaco,fr Ligue 1,29-243,1996,26.1,0,16,1,6.3,0.61,0.04,0.00,0.00,0,0,Matches
1327,Mandela Keita,be BEL,MF,Parma,it Serie A,24-012,2002,32.3,1,15,4,26.7,0.46,0.12,0.07,0.25,0,0,Matches
1328,Yannik Keitel,de GER,"MF,DF",Augsburg,de Bundesliga,26-096,2000,2.8,0,0,0,,0.00,0.00,,,0,0,Matches
1329,Caoimhín Kelleher,ie IRL,GK,Brentford,eng Premier League,27-180,1998,36.0,0,0,0,,0.00,0.00,,,0,0,Matches
1330,Thomas Keller,de GER,DF,Heidenheim,de Bundesliga,26-290,1999,2.1,0,2,0,0.0,0.96,0.00,0.00,,0,0,Matches
1331,Lloyd Kelly,eng ENG,DF,Juventus,it Serie A,27-228,1998,32.3,1,16,3,18.8,0.50,0.09,0.06,0.33,0,0,Matches
1332,Aljoscha Kemlein,de GER,MF,Union Berlin,de Bundesliga,21-293,2004,21.8,0,17,2,11.8,0.78,0.09,0.00,0.00,0,0,Matches
1333,Marc-Oliver Kempf,de GER,DF,Como,it Serie A,31-114,1995,24.8,4,21,6,28.6,0.85,0.24,0.19,0.67,0,0,Matches
1334,Luca Kerber,de GER,MF,Heidenheim,de Bundesliga,24-073,2002,7.6,2,9,3,33.3,1.19,0.40,0.22,0.67,0,0,Matches
1335,Milos Kerkez,hu HUN,DF,Liverpool,eng Premier League,22-196,2003,25.0,2,8,2,25.0,0.32,0.08,0.25,1.00,0,0,Matches
1336,Kevin,br BRA,MF,Fulham,eng Premier League,23-138,2003,10.9,1,24,10,41.7,2.20,0.92,0.04,0.10,0,0,Matches
1337,Reda Khadra,de GER,FW,Le Havre,fr Ligue 1,24-322,2001,2.5,0,6,3,50.0,2.36,1.18,0.00,0.00,0,0,Matches
1338,Bilal El Khannouss,ma MAR,"MF,FW",Stuttgart,de Bundesliga,22-012,2004,18.1,4,42,15,35.7,2.32,0.83,0.10,0.27,0,0,Matches
1339,Rani Khedira,tn TUN,MF,Union Berlin,de Bundesliga,32-115,1994,31.4,5,23,10,43.5,0.73,0.32,0.22,0.50,0,0,Matches
1340,Abdukodir Khusanov,uz UZB,DF,Manchester City,eng Premier League,22-082,2004,15.9,0,7,1,14.3,0.44,0.06,0.00,0.00,0,0,Matches
1341,Cassiano Kiala,de GER,DF,Bayern Munich,de Bundesliga,17-131,2009,0.0,0,0,0,,0.00,0.00,,,0,0,Matches
1342,Kialonda,ao ANG,DF,Lecce,it Serie A,28-237,1997,20.3,0,9,1,11.1,0.44,0.05,0.00,0.00,0,0,Matches
1343,Kiké,es ESP,FW,Espanyol,es La Liga,36-178,1989,19.0,8,60,27,45.0,3.16,1.42,0.12,0.26,1,2,Matches
1344,Semih Kılıçsoy,tr TUR,FW,Cagliari,it Serie A,20-280,2005,10.8,4,17,8,47.1,1.57,0.74,0.24,0.50,0,0,Matches
1345,Max Kilman,eng ENG,DF,West Ham United,eng Premier League,28-364,1997,17.3,0,7,1,14.3,0.40,0.06,0.00,0.00,0,0,Matches
1346,Joshua Kimmich,de GER,MF,Bayern Munich,de Bundesliga,31-103,1995,25.3,2,28,10,35.7,1.11,0.39,0.07,0.20,0,0,Matches
1347,Joshua King,eng ENG,MF,Fulham,eng Premier League,19-139,2007,14.3,1,25,10,40.0,1.75,0.70,0.04,0.10,0,0,Matches
1348,Antonín Kinský,cz CZE,GK,Tottenham Hotspur,eng Premier League,23-070,2003,6.0,0,0,0,,0.00,0.00,,,0,0,Matches
1349,Carl Klaus,de GER,GK,Union Berlin,de Bundesliga,32-126,1994,3.7,0,0,0,,0.00,0.00,,,0,0,Matches
1350,Tim Kleindienst,de GER,FW,Gladbach,de Bundesliga,30-264,1995,0.1,0,0,0,,0.00,0.00,,,0,0,Matches
1351,Lukas Klostermann,de GER,DF,RB Leipzig,de Bundesliga,29-353,1996,1.1,0,2,1,50.0,1.89,0.95,0.00,0.00,0,0,Matches
1352,Justin Kluivert,nl NED,MF,Bournemouth,eng Premier League,27-017,1999,10.4,2,16,4,25.0,1.54,0.39,0.13,0.50,0,0,Matches
1353,Ruben Kluivert,nl NED,DF,Lyon,fr Ligue 1,25-001,2001,8.6,1,2,1,50.0,0.23,0.12,0.50,1.00,0,0,Matches
1354,Ansgar Knauff,de GER,"MF,FW",Eintracht Frankfurt,de Bundesliga,24-132,2002,14.7,4,34,14,41.2,2.31,0.95,0.12,0.29,0,0,Matches
1355,Joe Knight,eng ENG,MF,Brighton,eng Premier League,20-243,2005,0.0,0,0,0,,0.00,0.00,,,0,0,Matches
1356,Gregor Kobel,ch SUI,GK,Dortmund,de Bundesliga,28-167,1997,34.0,0,0,0,,0.00,0.00,,,0,0,Matches
1357,Robin Koch,de GER,DF,Eintracht Frankfurt,de Bundesliga,29-309,1996,31.5,3,15,5,33.3,0.48,0.16,0.20,0.60,0,0,Matches
1358,Christian Kofane,cm CMR,FW,Leverkusen,de Bundesliga,19-300,2006,13.8,5,46,19,41.3,3.34,1.38,0.11,0.26,0,0,Matches
1359,Hervé Koffi,bf BFA,GK,Angers,fr Ligue 1,29-218,1996,29.5,0,0,0,,0.00,0.00,,,0,0,Matches
1360,Enzo Koffi Vinette,fr FRA,DF,Le Havre,fr Ligue 1,20-079,2006,4.3,0,4,2,50.0,0.94,0.47,0.00,0.00,0,0,Matches
1361,Derrick Köhn,gh GHA,"MF,DF",Union Berlin,de Bundesliga,27-107,1999,21.1,1,28,5,17.9,1.33,0.24,0.00,0.00,1,1,Matches
1362,Philipp Köhn,ch SUI,GK,Monaco,fr Ligue 1,28-050,1998,18.0,0,0,0,,0.00,0.00,,,0,0,Matches
1363,Dominik Kohr,de GER,DF,Mainz 05,de Bundesliga,32-111,1994,26.0,2,15,4,26.7,0.58,0.15,0.13,0.50,0,0,Matches
1364,Koke,es ESP,MF,Atlético Madrid,es La Liga,34-134,1992,23.7,2,14,4,28.6,0.59,0.17,0.14,0.50,0,0,Matches
1365,Sead Kolašinac,ba BIH,DF,Atalanta,it Serie A,32-336,1993,13.5,0,3,0,0.0,0.22,0.00,0.00,,0,0,Matches
1366,Luca Koleosho,it ITA,MF,Paris FC,fr Ligue 1,21-249,2004,6.2,3,17,10,58.8,2.76,1.62,0.18,0.30,0,0,Matches
1367,Luca Koleosho,it ITA,MF,Espanyol,es La Liga,21-249,2004,0.7,0,1,0,0.0,1.43,0.00,0.00,,0,0,Matches
1368,Adam Kölle,de GER,DF,Heidenheim,de Bundesliga,20-024,2006,1.0,1,2,1,50.0,1.94,0.97,0.50,1.00,0,0,Matches
1369,Randal Kolo Muani,fr FRA,"FW,MF",Tottenham Hotspur,eng Premier League,27-168,1998,18.3,1,19,4,21.1,1.04,0.22,0.05,0.25,0,0,Matches
1370,Timothée Kolodziejczak,fr FRA,DF,Paris FC,fr Ligue 1,34-233,1991,7.4,0,1,1,100.0,0.14,0.14,0.00,0.00,0,0,Matches
1371,Mert Kömür,de GER,"MF,FW",Augsburg,de Bundesliga,20-309,2005,16.3,2,41,16,39.0,2.52,0.98,0.05,0.13,0,0,Matches
1372,Ibrahima Konaté,fr FRA,DF,Liverpool,eng Premier League,26-362,1999,33.4,1,10,3,30.0,0.30,0.09,0.10,0.33,0,0,Matches
1373,Samba Konaté,fr FRA,FW,RB Leipzig,de Bundesliga,17-084,2009,0.0,0,1,0,0.0,22.50,0.00,0.00,,0,0,Matches
1374,Geoffrey Kondogbia,cf CTA,"MF,DF",Marseille,fr Ligue 1,33-096,1993,6.5,0,4,1,25.0,0.61,0.15,0.00,0.00,0,0,Matches
1375,Ismaël Koné,ca CAN,MF,Sassuolo,it Serie A,23-350,2002,29.7,6,22,10,45.5,0.74,0.34,0.27,0.60,0,0,Matches
1376,Manu Koné,fr FRA,MF,Roma,it Serie A,25-005,2001,27.1,2,21,5,23.8,0.78,0.18,0.10,0.40,0,0,Matches
1377,Ransford Königsdörffer,gh GHA,"FW,MF",Hamburger SV,de Bundesliga,24-251,2001,25.9,5,65,22,33.8,2.51,0.85,0.08,0.23,0,1,Matches
1378,Ezri Konsa,eng ENG,DF,Aston Villa,eng Premier League,28-211,1997,33.7,0,11,2,18.2,0.33,0.06,0.00,0.00,0,0,Matches
1379,Teun Koopmeiners,nl NED,"MF,DF",Juventus,it Serie A,28-083,1998,20.1,0,28,7,25.0,1.40,0.35,0.00,0.00,0,0,Matches
1380,Ville Koski,fi FIN,DF,Alavés,es La Liga,24-115,2002,2.1,0,0,0,,0.00,0.00,,,0,0,Matches
1381,Odilon Kossounou,ci CIV,DF,Atalanta,it Serie A,25-138,2001,11.0,1,5,1,20.0,0.46,0.09,0.20,1.00,0,0,Matches
1382,Filip Kostić,rs SRB,MF,Juventus,it Serie A,33-202,1992,5.3,3,9,4,44.4,1.69,0.75,0.33,0.75,0,0,Matches
1383,Charalampos Kostoulas,gr GRE,FW,Brighton,eng Premier League,18-357,2007,3.7,2,18,8,44.4,4.81,2.14,0.11,0.25,0,0,Matches
1384,Eddy Kouadio,ci CIV,DF,Fiorentina,it Serie A,19-357,2006,0.8,0,0,0,,0.00,0.00,,,0,0,Matches
1385,Christian Kouamé,ci CIV,"FW,MF",Fiorentina,it Serie A,28-167,1997,0.3,0,0,0,,0.00,0.00,,,0,0,Matches
1386,Koffi Kouao,ci CIV,"DF,MF",Metz,fr Ligue 1,28-002,1998,25.2,2,23,10,43.5,0.91,0.40,0.09,0.20,0,0,Matches
1387,Arsène Kouassi,bf BFA,MF,Lorient,fr Ligue 1,21-253,2004,28.9,2,9,5,55.6,0.31,0.17,0.22,0.40,0,0,Matches
1388,Christ-Owen Kouassi,fr FRA,DF,Lecce,it Serie A,23-037,2003,2.5,0,0,0,,0.00,0.00,,,0,0,Matches
1389,Konstantinos Koulierakis,gr GRE,DF,Wolfsburg,de Bundesliga,22-175,2003,27.6,4,26,12,46.2,0.94,0.44,0.15,0.33,0,0,Matches
1390,Seny Koumbassa,fr FRA,DF,Toulouse,fr Ligue 1,18-336,2007,4.9,1,3,1,33.3,0.61,0.20,0.33,1.00,0,0,Matches
1391,Jules Koundé,fr FRA,DF,Barcelona,es La Liga,27-191,1998,25.1,1,14,4,28.6,0.56,0.16,0.07,0.25,0,0,Matches
1392,Lancinet Kourouma,gn GUI,FW,Girona,es La Liga,22-053,2004,0.5,0,0,0,,0.00,0.00,,,0,0,Matches
1393,Hamza Koutoune,ma MAR,DF,Nice,fr Ligue 1,19-247,2006,0.0,0,0,0,,0.00,0.00,,,0,0,Matches
1394,Mateo Kovačić,hr CRO,MF,Manchester City,eng Premier League,32-016,1994,1.1,0,1,0,0.0,0.92,0.00,0.00,,0,0,Matches
1395,Goduine Koyalipou,cf CTA,FW,Angers,fr Ligue 1,26-096,2000,7.4,2,22,9,40.9,2.96,1.21,0.05,0.11,1,1,Matches
1396,Goduine Koyalipou,cf CTA,FW,Levante,es La Liga,26-096,2000,2.7,1,10,4,40.0,3.64,1.46,0.10,0.25,0,0,Matches
1397,Emil Krafth,se SWE,DF,Newcastle United,eng Premier League,31-293,1994,0.5,0,0,0,,0.00,0.00,,,0,0,Matches
1398,Alex Král,cz CZE,MF,Union Berlin,de Bundesliga,28-003,1998,5.1,0,7,3,42.9,1.37,0.59,0.00,0.00,0,0,Matches
1399,Andrej Kramarić,hr CRO,"MF,FW",Hoffenheim,de Bundesliga,34-337,1991,24.5,14,64,33,51.6,2.61,1.35,0.14,0.27,5,5,Matches
1400,Vladyslav Krapyvtsov,ua UKR,GK,Girona,es La Liga,20-331,2005,1.5,0,0,0,,0.00,0.00,,,0,0,Matches
1401,Jean-Philippe Krasso,ci CIV,FW,Paris FC,fr Ligue 1,28-309,1997,12.1,2,27,10,37.0,2.23,0.82,0.04,0.10,1,1,Matches
1402,Tom Krauß,de GER,"MF,DF",Köln,de Bundesliga,24-334,2001,19.8,0,9,2,22.2,0.46,0.10,0.00,0.00,0,0,Matches
1403,Ladislav Krejčí,cz CZE,"DF,MF",Wolves,eng Premier League,27-032,1999,25.5,2,19,10,52.6,0.75,0.39,0.11,0.20,0,0,Matches
1404,Ladislav Krejčí,cz CZE,DF,Girona,es La Liga,27-032,1999,2.0,0,1,0,0.0,0.50,0.00,0.00,,0,0,Matches
1405,Rasmus Kristensen,dk DEN,"DF,MF",Eintracht Frankfurt,de Bundesliga,28-315,1997,17.1,2,15,6,40.0,0.88,0.35,0.13,0.33,0,0,Matches
1406,Thomas Kristensen,dk DEN,DF,Udinese,it Serie A,24-125,2002,26.8,3,11,6,54.5,0.41,0.22,0.27,0.50,0,0,Matches
1407,Nikola Krstović,me MNE,FW,Atalanta,it Serie A,26-047,2000,19.9,10,99,34,34.3,4.97,1.71,0.10,0.29,0,0,Matches
1408,Lukas Kübler,de GER,DF,Freiburg,de Bundesliga,33-265,1992,17.6,2,19,5,26.3,1.08,0.28,0.11,0.40,0,0,Matches
1409,Takefusa Kubo,jp JPN,MF,Real Sociedad,es La Liga,24-352,2001,16.7,2,28,12,42.9,1.68,0.72,0.07,0.17,0,0,Matches
1410,Mohammed Kudus,gh GHA,"MF,FW",Tottenham Hotspur,eng Premier League,25-293,2000,17.1,2,26,9,34.6,1.52,0.53,0.08,0.22,0,0,Matches
1411,Nicolas-Gerrit Kühn,de GER,MF,Como,it Serie A,26-141,2000,7.4,1,8,3,37.5,1.08,0.41,0.13,0.33,0,0,Matches
1412,Sandro Kulenović,hr CRO,FW,Torino,it Serie A,26-169,1999,3.3,0,5,2,40.0,1.50,0.60,0.00,0.00,0,0,Matches
1413,Sael Kumbedi,fr FRA,"DF,MF",Wolfsburg,de Bundesliga,21-057,2005,20.0,0,5,0,0.0,0.25,0.00,0.00,,0,0,Matches
1414,Sael Kumbedi,fr FRA,DF,Lyon,fr Ligue 1,21-057,2005,0.7,0,1,0,0.0,1.38,0.00,0.00,,0,0,Matches
1415,Marash Kumbulla,al ALB,DF,Mallorca,es La Liga,26-103,2000,4.9,0,3,0,0.0,0.62,0.00,0.00,,0,0,Matches
1416,Jonah Kusi-Asare,se SWE,FW,Bayern Munich,de Bundesliga,18-322,2007,0.1,0,0,0,,0.00,0.00,,,0,0,Matches
1417,Jonah Kusi-Asare,se SWE,FW,Fulham,eng Premier League,18-322,2007,0.6,0,0,0,,0.00,0.00,,,0,0,Matches
1418,Khvicha Kvaratskhelia,ge GEO,FW,Paris Saint-Germain,fr Ligue 1,25-099,2001,16.4,8,65,29,44.6,3.96,1.76,0.11,0.24,1,1,Matches
1419,Giorgi Kvilitaia,ge GEO,FW,Metz,fr Ligue 1,32-233,1993,5.5,2,12,7,58.3,2.18,1.27,0.17,0.29,0,0,Matches
1420,Godson Kyeremeh,fr FRA,FW,Le Havre,fr Ligue 1,25-342,2000,4.2,1,6,2,33.3,1.42,0.47,0.17,0.50,0,0,Matches
1421,Adrián de la Fuente,es ESP,DF,Levante,es La Liga,27-085,1999,29.1,3,37,8,21.6,1.27,0.27,0.05,0.25,1,3,Matches
1422,Rémy Labeau Lascary,gp GLP,"MF,FW",Brest,fr Ligue 1,23-080,2003,13.3,5,34,16,47.1,2.55,1.20,0.15,0.31,0,0,Matches
1423,Shea Lacey,eng ENG,FW,Manchester Utd,eng Premier League,19-038,2007,0.2,0,3,1,33.3,19.29,6.43,0.00,0.00,0,0,Matches
1424,Maxence Lacroix,fr FRA,DF,Crystal Palace,eng Premier League,26-046,2000,34.3,1,25,7,28.0,0.73,0.20,0.04,0.14,0,0,Matches
1425,Emmanuel Lago,ci CIV,FW,Marseille,fr Ligue 1,21-146,2004,0.5,0,2,2,100.0,3.67,3.67,0.00,0.00,0,0,Matches
1426,Yoel Lago,es ESP,DF,Celta Vigo,es La Liga,22-058,2004,9.4,0,0,0,,0.00,0.00,,,0,0,Matches
1427,Mayckel Lahdo,se SWE,"FW,MF",Nantes,fr Ligue 1,23-143,2002,4.6,1,3,1,33.3,0.65,0.22,0.33,1.00,0,0,Matches
1428,Konrad Laimer,at AUT,DF,Bayern Munich,de Bundesliga,28-360,1997,22.2,3,17,8,47.1,0.77,0.36,0.18,0.38,0,0,Matches
1429,Kenny Lala,mg MAD,DF,Brest,fr Ligue 1,34-231,1991,31.0,0,8,1,12.5,0.26,0.03,0.00,0.00,0,0,Matches
1430,Ugo Lamare,fr FRA,FW,Marseille,fr Ligue 1,18-331,2007,0.2,0,1,0,0.0,5.29,0.00,0.00,,0,0,Matches
1431,Senne Lammens,be BEL,GK,Manchester Utd,eng Premier League,23-319,2002,31.0,0,0,0,,0.00,0.00,,,0,0,Matches
1432,Tariq Lamptey,gh GHA,MF,Fiorentina,it Serie A,25-234,2000,0.3,0,0,0,,0.00,0.00,,,0,0,Matches
1433,Noa Lang,nl NED,"FW,MF",Napoli,it Serie A,26-339,1999,7.4,1,9,4,44.4,1.22,0.54,0.11,0.25,0,0,Matches
1434,Aymeric Laporte,es ESP,DF,Athletic Club,es La Liga,31-360,1994,22.9,0,15,5,33.3,0.66,0.22,0.00,0.00,0,0,Matches
1435,Hugo Larsson,se SWE,MF,Eintracht Frankfurt,de Bundesliga,21-329,2004,20.1,2,13,6,46.2,0.65,0.30,0.15,0.33,0,0,Matches
1436,Jamaal Lascelles,eng ENG,DF,Newcastle United,eng Premier League,32-192,1993,0.2,0,1,0,0.0,4.29,0.00,0.00,,0,0,Matches
1437,Toni Lato,es ESP,"DF,MF",Mallorca,es La Liga,28-182,1997,5.5,0,0,0,,0.00,0.00,,,0,0,Matches
1438,Josh Laurent,eng ENG,"DF,MF",Burnley,eng Premier League,31-016,1995,19.6,1,15,4,26.7,0.77,0.20,0.07,0.25,0,0,Matches
1439,Armand Lauriente,fr FRA,FW,Sassuolo,it Serie A,27-169,1998,28.1,7,70,26,37.1,2.49,0.93,0.10,0.27,0,0,Matches
1440,Matteo Lavelli,it ITA,FW,Inter,it Serie A,19-165,2006,0.1,0,0,0,,0.00,0.00,,,0,0,Matches
1441,Roméo Lavia,be BEL,MF,Chelsea,eng Premier League,22-136,2004,4.2,0,3,0,0.0,0.71,0.00,0.00,,0,0,Matches
1442,Valentino Lazaro,at AUT,MF,Torino,it Serie A,30-059,1996,25.0,0,8,2,25.0,0.32,0.08,0.00,0.00,0,0,Matches
1443,Manuel Lazzari,it ITA,DF,Lazio,it Serie A,32-174,1993,10.3,0,4,2,50.0,0.39,0.19,0.00,0.00,0,0,Matches
1444,Andréa Le Borgne,fr FRA,MF,Como,it Serie A,19-299,2006,0.0,0,0,0,,0.00,0.00,,,0,0,Matches
1445,Théo Le Bris,fr FRA,MF,Lorient,fr Ligue 1,23-233,2002,21.0,2,17,7,41.2,0.81,0.33,0.12,0.29,0,0,Matches
1446,Julien Le Cardinal,fr FRA,DF,Brest,fr Ligue 1,28-292,1997,3.6,1,5,2,40.0,1.37,0.55,0.20,0.50,0,0,Matches
1447,Enzo Le Fée,fr FRA,"MF,FW",Sunderland,eng Premier League,26-108,2000,31.6,5,34,10,29.4,1.08,0.32,0.06,0.20,3,4,Matches
1448,Raphael Le Guen,fr FRA,DF,Brest,fr Ligue 1,19-263,2006,4.2,0,4,1,25.0,0.96,0.24,0.00,0.00,0,0,Matches
1449,Robin Le Normand,es ESP,DF,Atlético Madrid,es La Liga,29-192,1996,19.9,1,6,1,16.7,0.30,0.05,0.17,1.00,0,0,Matches
1450,Nicola Leali,it ITA,GK,Genoa,it Serie A,33-094,1993,19.5,0,0,0,,0.00,0.00,,,0,0,Matches
1451,Rafael Leão,pt POR,FW,Milan,it Serie A,26-346,1999,20.3,9,63,24,38.1,3.10,1.18,0.11,0.29,2,2,Matches
1452,Pierre Lees-Melou,fr FRA,MF,Paris FC,fr Ligue 1,32-362,1993,19.8,1,27,6,22.2,1.36,0.30,0.04,0.17,0,0,Matches
1453,Pierre Lees-Melou,fr FRA,MF,Brest,fr Ligue 1,32-362,1993,2.0,0,4,0,0.0,2.00,0.00,0.00,,0,0,Matches
1454,Jordan Lefort,mr MTN,DF,Angers,fr Ligue 1,32-286,1993,34.0,0,11,2,18.2,0.32,0.06,0.00,0.00,0,0,Matches
1455,Alexander Legendre,ec ECU,MF,Rennes,fr Ligue 1,18-030,2008,0.5,0,1,0,0.0,2.00,0.00,0.00,,0,0,Matches
1456,Diogo Leite,pt POR,DF,Union Berlin,de Bundesliga,27-119,1999,21.8,0,10,1,10.0,0.46,0.05,0.00,0.00,0,0,Matches
1457,Maxim Leitsch,de GER,DF,Mainz 05,de Bundesliga,28-004,1998,1.8,0,1,0,0.0,0.56,0.00,0.00,,0,0,Matches
1458,Álvaro Leiva,es ESP,FW,Real Madrid,es La Liga,23-154,2002,0.0,0,0,0,,0.00,0.00,,,0,0,Matches
1459,Florian Lejeune,fr FRA,DF,Rayo Vallecano,es La Liga,35-002,1991,35.9,2,50,18,36.0,1.39,0.50,0.04,0.11,0,0,Matches
1460,Youssef Lekhedim,es ESP,"DF,MF",Alavés,es La Liga,20-227,2005,14.8,0,11,3,27.3,0.74,0.20,0.00,0.00,0,0,Matches
1461,Iñigo Lekue,es ESP,DF,Athletic Club,es La Liga,33-018,1993,6.3,0,3,1,33.3,0.47,0.16,0.00,0.00,0,0,Matches
1462,Thomas Lemar,fr FRA,MF,Girona,es La Liga,30-191,1995,13.8,3,16,8,50.0,1.16,0.58,0.19,0.38,0,0,Matches
1463,Félix Lemaréchal,fr FRA,"MF,FW",Strasbourg,fr Ligue 1,22-288,2003,6.2,0,10,2,20.0,1.62,0.32,0.00,0.00,0,0,Matches
1464,Louis Lemke,de GER,DF,Hamburger SV,de Bundesliga,16-226,2009,0.0,0,0,0,,0.00,0.00,,,0,0,Matches
1465,Tim Lemperle,de GER,FW,Hoffenheim,de Bundesliga,24-106,2002,21.6,8,53,21,39.6,2.45,0.97,0.13,0.33,1,1,Matches
1466,Ruben Lendinez,es ESP,DF,Valencia,es La Liga,23-069,2003,0.0,0,0,0,,0.00,0.00,,,0,0,Matches
1467,Clément Lenglet,fr FRA,DF,Atlético Madrid,es La Liga,30-339,1995,14.5,0,5,0,0.0,0.35,0.00,0.00,,0,0,Matches
1468,Bernd Leno,de GER,GK,Fulham,eng Premier League,34-079,1992,37.0,0,0,0,,0.00,0.00,,,0,0,Matches
1469,Donovan Léon,gf GUF,GK,Auxerre,fr Ligue 1,33-200,1992,27.3,0,0,0,,0.00,0.00,,,0,0,Matches
1470,Esteban Lepaul,fr FRA,FW,Angers,fr Ligue 1,26-034,2000,1.9,1,3,1,33.3,1.55,0.52,0.33,1.00,0,0,Matches
1471,Esteban Lepaul,fr FRA,FW,Rennes,fr Ligue 1,26-034,2000,27.9,20,84,37,44.0,3.01,1.33,0.20,0.46,3,4,Matches
1472,Johann Lepenant,fr FRA,MF,Nantes,fr Ligue 1,23-212,2002,24.1,0,22,7,31.8,0.91,0.29,0.00,0.00,0,0,Matches
1473,Mehdi Léris,dz ALG,MF,Pisa,it Serie A,27-364,1998,20.3,2,25,7,28.0,1.23,0.34,0.08,0.29,0,0,Matches
1474,Jefferson Lerma,co COL,"MF,DF",Crystal Palace,eng Premier League,31-209,1994,18.3,0,19,7,36.8,1.04,0.38,0.00,0.00,0,0,Matches
1475,Louis Leroux,fr FRA,"MF,DF",Nantes,fr Ligue 1,20-119,2006,16.0,1,15,3,20.0,0.94,0.19,0.07,0.33,0,0,Matches
1476,Robert Lewandowski,pl POL,FW,Barcelona,es La Liga,37-274,1988,17.5,13,61,28,45.9,3.49,1.60,0.20,0.43,1,3,Matches
1477,Jamie Leweling,de GER,MF,Stuttgart,de Bundesliga,25-085,2001,26.3,7,49,18,36.7,1.86,0.68,0.14,0.39,0,0,Matches
1478,Rico Lewis,eng ENG,DF,Manchester City,eng Premier League,21-182,2004,3.5,0,2,0,0.0,0.57,0.00,0.00,,0,0,Matches
1479,Keane Lewis-Potter,eng ENG,"DF,MF",Brentford,eng Premier League,25-089,2001,20.9,3,30,9,30.0,1.43,0.43,0.10,0.33,0,0,Matches
1480,Myles Lewis-Skelly,eng ENG,"MF,DF",Arsenal,eng Premier League,19-238,2006,6.9,0,2,0,0.0,0.29,0.00,0.00,,0,0,Matches
1481,Philipp Lienhart,at AUT,DF,Freiburg,de Bundesliga,29-315,1996,14.5,1,8,2,25.0,0.55,0.14,0.13,0.50,0,0,Matches
1482,Matthijs de Ligt,nl NED,DF,Manchester Utd,eng Premier League,26-283,1999,13.0,1,11,3,27.3,0.85,0.23,0.09,0.33,0,0,Matches
1483,Pedro Lima,br BRA,MF,Wolves,eng Premier League,19-325,2006,2.8,0,3,0,0.0,1.08,0.00,0.00,,0,0,Matches
1484,Victor Lindelöf,se SWE,"DF,MF",Aston Villa,eng Premier League,31-309,1994,9.7,0,3,0,0.0,0.31,0.00,0.00,,0,0,Matches
1485,Jesper Lindstrøm,dk DEN,MF,Wolfsburg,de Bundesliga,26-082,2000,4.2,0,9,5,55.6,2.14,1.19,0.00,0.00,0,0,Matches
1486,Luca Lipani,it ITA,MF,Sassuolo,it Serie A,21-004,2005,10.6,0,12,3,25.0,1.13,0.28,0.00,0.00,0,0,Matches
1487,Pol Lirola,es ESP,MF,Hellas Verona,it Serie A,28-282,1997,3.4,0,0,0,,0.00,0.00,,,0,0,Matches
1488,Pol Lirola,es ESP,"DF,MF",Marseille,fr Ligue 1,28-282,1997,0.4,0,0,0,,0.00,0.00,,,0,0,Matches
1489,Adrián Liso,es ESP,"FW,MF",Getafe,es La Liga,21-050,2005,18.0,3,26,10,38.5,1.44,0.56,0.12,0.30,0,0,Matches
1490,Joseph Liteta,zm ZAM,MF,Cagliari,it Serie A,20-089,2006,2.9,0,0,0,,0.00,0.00,,,0,0,Matches
1491,Valentino Livramento,eng ENG,DF,Newcastle United,eng Premier League,23-191,2002,14.8,0,3,0,0.0,0.20,0.00,0.00,,0,0,Matches
1492,Marin Ljubicic,hr CRO,FW,Union Berlin,de Bundesliga,24-083,2002,0.2,2,2,2,100.0,8.18,8.18,1.00,1.00,0,0,Matches
1493,Javier Llabrés,es ESP,MF,Mallorca,es La Liga,23-253,2002,2.1,0,5,2,40.0,2.41,0.96,0.00,0.00,0,0,Matches
1494,Diego Llorente,es ESP,DF,Real Betis,es La Liga,32-279,1993,12.7,1,3,2,66.7,0.24,0.16,0.33,0.50,0,0,Matches
1495,Marcos Llorente,es ESP,"DF,MF",Atlético Madrid,es La Liga,31-112,1995,23.2,0,18,6,33.3,0.77,0.26,0.00,0.00,0,0,Matches
1496,Gautier Lloris,fr FRA,DF,Le Havre,fr Ligue 1,30-308,1995,26.6,1,12,4,33.3,0.45,0.15,0.08,0.25,0,0,Matches
1497,Giovani Lo Celso,ar ARG,MF,Real Betis,es La Liga,30-043,1996,15.1,2,29,11,37.9,1.92,0.73,0.07,0.18,0,0,Matches
1498,Danny Loader,cm CMR,"MF,FW",Auxerre,fr Ligue 1,25-267,2000,28.0,3,62,17,27.4,2.22,0.61,0.05,0.18,0,0,Matches
1499,Stanislav Lobotka,sk SVK,MF,Napoli,it Serie A,31-178,1994,26.6,1,8,4,50.0,0.30,0.15,0.13,0.25,0,0,Matches
1500,Manuel Locatelli,it ITA,MF,Juventus,it Serie A,28-134,1998,32.3,1,44,12,27.3,1.36,0.37,0.02,0.08,0,1,Matches
1501,Bradley Locko,fr FRA,DF,Brest,fr Ligue 1,24-016,2002,14.3,0,2,1,50.0,0.14,0.07,0.00,0.00,0,0,Matches
1502,Ruben Loftus-Cheek,eng ENG,"MF,FW",Milan,it Serie A,30-119,1996,12.6,3,29,6,20.7,2.30,0.48,0.10,0.50,0,0,Matches
1503,Sean Longstaff,eng ENG,MF,Leeds United,eng Premier League,28-204,1997,11.2,2,16,4,25.0,1.42,0.36,0.13,0.50,0,0,Matches
1504,Ademola Lookman,ng NGA,"FW,MF",Atalanta,it Serie A,28-214,1997,8.8,2,27,8,29.6,3.06,0.91,0.07,0.25,0,0,Matches
1505,Ademola Lookman,ng NGA,"FW,MF",Atlético Madrid,es La Liga,28-214,1997,6.2,4,21,5,23.8,3.39,0.81,0.14,0.60,1,1,Matches
1506,Anthony Lopes,pt POR,GK,Nantes,fr Ligue 1,35-233,1990,31.0,0,2,0,0.0,0.06,0.00,0.00,,0,0,Matches
1507,David López,es ESP,DF,Girona,es La Liga,36-225,1989,2.4,0,1,1,100.0,0.41,0.41,0.00,0.00,0,0,Matches
1508,David López,es ESP,DF,Mallorca,es La Liga,23-108,2003,9.3,0,4,0,0.0,0.43,0.00,0.00,,0,0,Matches
1509,Diego López,es ESP,"MF,FW",Valencia,es La Liga,24-009,2002,19.0,4,25,8,32.0,1.32,0.42,0.16,0.50,0,0,Matches
1510,Fer López,es ESP,MF,Wolves,eng Premier League,21-363,2004,2.6,0,5,1,20.0,1.91,0.38,0.00,0.00,0,0,Matches
1511,Fer López,es ESP,"MF,FW",Celta Vigo,es La Liga,21-363,2004,12.2,1,12,5,41.7,0.98,0.41,0.08,0.20,0,0,Matches
1512,Fermin López,es ESP,MF,Barcelona,es La Liga,23-011,2003,20.0,6,68,25,36.8,3.41,1.25,0.09,0.24,0,0,Matches
1513,Hugo López,es ESP,MF,Villarreal,es La Liga,19-141,2007,0.6,0,0,0,,0.00,0.00,,,0,0,Matches
1514,Javi López,es ESP,DF,Oviedo,es La Liga,24-058,2002,18.9,0,7,1,14.3,0.37,0.05,0.00,0.00,0,0,Matches
1515,Julien López,dz ALG,"FW,MF",Paris FC,fr Ligue 1,34-082,1992,0.5,0,0,0,,0.00,0.00,,,0,0,Matches
1516,Maxime Lopez,fr FRA,MF,Paris FC,fr Ligue 1,28-169,1997,21.8,0,13,6,46.2,0.60,0.28,0.00,0.00,0,0,Matches
1517,Pau López,es ESP,GK,Real Betis,es La Liga,31-160,1994,9.0,0,0,0,,0.00,0.00,,,0,0,Matches
1518,Unai López,es ESP,MF,Rayo Vallecano,es La Liga,30-204,1995,17.9,0,22,4,18.2,1.23,0.22,0.00,0.00,0,0,Matches
1519,Dachi Lordkipanidze,ge GEO,MF,Cremonese,it Serie A,21-075,2005,0.3,0,0,0,,0.00,0.00,,,0,0,Matches
1520,Lorran,br BRA,FW,Pisa,it Serie A,19-322,2006,1.4,1,3,1,33.3,2.21,0.74,0.33,1.00,0,0,Matches
1521,Iker Losada,es ESP,MF,Levante,es La Liga,24-294,2001,9.9,3,14,4,28.6,1.42,0.40,0.21,0.75,0,0,Matches
1522,Tom Louchet,fr FRA,MF,Nice,fr Ligue 1,23-018,2003,15.2,3,21,6,28.6,1.38,0.40,0.14,0.50,0,0,Matches
1523,Marius Louer,fr FRA,DF,Angers,fr Ligue 1,19-072,2007,6.0,0,0,0,,0.00,0.00,,,0,0,Matches
1524,Sandi Lovrić,si SVN,MF,Udinese,it Serie A,28-055,1998,1.8,0,3,1,33.3,1.68,0.56,0.00,0.00,0,0,Matches
1525,Sandi Lovrić,si SVN,MF,Hellas Verona,it Serie A,28-055,1998,2.8,0,2,1,50.0,0.71,0.36,0.00,0.00,0,0,Matches
1526,Felipe Loyola,cl CHI,MF,Pisa,it Serie A,25-194,2000,5.6,1,8,1,12.5,1.42,0.18,0.13,1.00,0,0,Matches
1527,Pol Lozano,es ESP,MF,Espanyol,es La Liga,26-228,1999,24.0,2,17,5,29.4,0.71,0.21,0.12,0.40,0,0,Matches
1528,Sergio Lozano,es ESP,MF,Levante,es La Liga,27-059,1999,0.1,0,0,0,,0.00,0.00,,,0,0,Matches
1529,Lucas,br BRA,"MF,DF",Burnley,eng Premier League,25-059,2001,14.7,0,11,1,9.1,0.75,0.07,0.00,0.00,0,0,Matches
1530,Lorenzo Lucca,it ITA,FW,Napoli,it Serie A,25-254,2000,4.5,1,15,5,33.3,3.31,1.10,0.07,0.20,0,0,Matches
1531,Lorenzo Lucca,it ITA,FW,Nottingham Forest,eng Premier League,25-254,2000,1.4,1,4,1,25.0,2.79,0.70,0.25,1.00,0,0,Matches
1532,Dimitri Lucea,fr FRA,DF,Paris Saint-Germain,fr Ligue 1,19-122,2007,0.7,0,0,0,,0.00,0.00,,,0,0,Matches
1533,Jhon Lucumí,co COL,DF,Bologna,it Serie A,27-330,1998,24.4,1,8,2,25.0,0.33,0.08,0.13,0.50,0,0,Matches
1534,Oier Luengo,es ESP,DF,Oviedo,es La Liga,28-192,1997,2.5,0,1,0,0.0,0.40,0.00,0.00,,0,0,Matches
1535,Florentino Luís,pt POR,MF,Burnley,eng Premier League,26-276,1999,22.4,0,12,1,8.3,0.54,0.04,0.00,0.00,0,0,Matches
1536,José Luis Gayà,es ESP,DF,Valencia,es La Liga,30-362,1995,27.2,1,13,3,23.1,0.48,0.11,0.08,0.33,0,0,Matches
1537,José Luis Morales,es ESP,MF,Levante,es La Liga,38-303,1987,4.0,1,11,4,36.4,2.73,0.99,0.00,0.00,1,1,Matches
1538,Douglas Luiz,br BRA,MF,Aston Villa,eng Premier League,28-013,1998,5.9,1,6,4,66.7,1.02,0.68,0.17,0.25,0,0,Matches
1539,Douglas Luiz,br BRA,MF,Nottingham Forest,eng Premier League,28-013,1998,3.5,0,5,1,20.0,1.43,0.29,0.00,0.00,0,0,Matches
1540,Romelu Lukaku,be BEL,FW,Napoli,it Serie A,33-009,1993,0.5,1,2,1,50.0,4.09,2.05,0.50,1.00,0,0,Matches
1541,Castello Lukeba,fr FRA,DF,RB Leipzig,de Bundesliga,23-156,2002,24.2,1,8,2,25.0,0.33,0.08,0.13,0.50,0,0,Matches
1542,Dodi Lukebakio,be BEL,MF,Sevilla,es La Liga,28-240,1997,2.0,1,2,1,50.0,1.00,0.50,0.50,1.00,0,0,Matches
1543,Saša Lukić,rs SRB,MF,Fulham,eng Premier League,29-282,1996,19.3,1,18,6,33.3,0.93,0.31,0.06,0.17,0,0,Matches
1544,Kristoffer Lund,us USA,"DF,MF",Köln,de Bundesliga,24-008,2002,25.3,0,20,3,15.0,0.79,0.12,0.00,0.00,0,0,Matches
1545,Andriy Lunin,ua UKR,GK,Real Madrid,es La Liga,27-100,1999,6.0,0,0,0,,0.00,0.00,,,0,0,Matches
1546,Sebastiano Luperto,it ITA,DF,Cremonese,it Serie A,29-258,1996,13.5,0,4,2,50.0,0.30,0.15,0.00,0.00,0,0,Matches
1547,Sebastiano Luperto,it ITA,DF,Cagliari,it Serie A,29-258,1996,19.0,1,7,3,42.9,0.37,0.16,0.14,0.33,0,0,Matches
1548,Iker Luque,es ESP,DF,Atlético Madrid,es La Liga,20-351,2005,0.3,1,3,2,66.7,9.64,6.43,0.33,0.50,0,0,Matches
1549,Mateus Lusuardi,br BRA,DF,Pisa,it Serie A,22-134,2004,2.2,0,4,0,0.0,1.82,0.00,0.00,,0,0,Matches
1550,Zito Luvumbo,ao ANG,"FW,MF",Mallorca,es La Liga,24-074,2002,5.6,0,9,7,77.8,1.59,1.24,0.00,0.00,0,0,Matches
1551,Zito Luvumbo,ao ANG,"MF,FW",Cagliari,it Serie A,24-074,2002,3.7,0,12,6,50.0,3.28,1.64,0.00,0.00,0,0,Matches
1552,Babis Lykogiannis,gr GRE,DF,Bologna,it Serie A,32-212,1993,7.0,0,7,2,28.6,1.00,0.29,0.00,0.00,0,0,Matches
1553,Senne Lynen,be BEL,MF,Werder Bremen,de Bundesliga,27-092,1999,30.6,0,25,4,16.0,0.82,0.13,0.00,0.00,0,0,Matches
1554,Mathias Løvik,no NOR,MF,Parma,it Serie A,22-167,2003,5.2,0,3,0,0.0,0.57,0.00,0.00,,0,0,Matches
1555,Ian Maatsen,nl NED,DF,Aston Villa,eng Premier League,24-073,2002,16.8,0,19,5,26.3,1.13,0.30,0.00,0.00,0,0,Matches
1556,Alexis Mac Allister,ar ARG,MF,Liverpool,eng Premier League,27-149,1998,28.5,2,48,11,22.9,1.68,0.39,0.04,0.18,0,0,Matches
1557,Deiver Machado,co COL,"DF,MF",Nantes,fr Ligue 1,32-262,1993,10.1,0,7,1,14.3,0.69,0.10,0.00,0.00,0,0,Matches
1558,Deiver Machado,co COL,MF,Lens,fr Ligue 1,32-262,1993,3.0,0,6,1,16.7,1.98,0.33,0.00,0.00,0,0,Matches
1559,Koki Machida,jp JPN,DF,Hoffenheim,de Bundesliga,28-270,1997,0.5,0,0,0,,0.00,0.00,,,0,0,Matches
1560,Lanroy Machine,fr FRA,FW,Angers,fr Ligue 1,20-221,2005,5.8,1,15,4,26.7,2.60,0.69,0.07,0.25,0,0,Matches
1561,Shuto Machino,jp JPN,"FW,MF",Gladbach,de Bundesliga,26-234,1999,12.0,3,25,11,44.0,2.09,0.92,0.12,0.27,0,0,Matches
1562,Carlos Macià,es ESP,MF,Villarreal,es La Liga,17-263,2008,0.9,0,1,0,0.0,1.11,0.00,0.00,,0,0,Matches
1563,James Maddison,eng ENG,"FW,MF",Tottenham Hotspur,eng Premier League,29-180,1996,0.3,0,2,0,0.0,6.43,0.00,0.00,,0,0,Matches
1564,Brian Madjo,lu LUX,FW,Metz,fr Ligue 1,17-130,2009,1.7,0,3,1,33.3,1.72,0.57,0.00,0.00,0,0,Matches
1565,Noni Madueke,eng ENG,"FW,MF",Arsenal,eng Premier League,24-073,2002,12.5,2,21,7,33.3,1.67,0.56,0.10,0.29,0,0,Matches
1566,Pablo Maffeo,es ESP,DF,Mallorca,es La Liga,28-314,1997,28.6,1,7,1,14.3,0.24,0.03,0.14,1.00,0,0,Matches
1567,Gabriel Magalhães,br BRA,DF,Arsenal,eng Premier League,28-154,1997,30.1,3,27,7,25.9,0.90,0.23,0.11,0.43,0,0,Matches
1568,Soungoutou Magassa,fr FRA,MF,West Ham United,eng Premier League,22-226,2003,10.9,1,7,2,28.6,0.64,0.18,0.14,0.50,0,0,Matches
1569,Hugo Magnetti,fr FRA,MF,Brest,fr Ligue 1,27-357,1998,29.9,1,22,5,22.7,0.74,0.17,0.05,0.20,0,0,Matches
1570,Frank Magri,cm CMR,"FW,MF",Toulouse,fr Ligue 1,26-260,1999,13.9,5,33,12,36.4,2.37,0.86,0.15,0.42,0,1,Matches
1571,Harry Maguire,eng ENG,DF,Manchester Utd,eng Premier League,33-078,1993,17.4,1,14,4,28.6,0.81,0.23,0.07,0.25,0,0,Matches
1572,Arne Maier,de GER,MF,Augsburg,de Bundesliga,27-134,1999,0.0,0,0,0,,0.00,0.00,,,0,0,Matches
1573,Mike Maignan,fr FRA,GK,Milan,it Serie A,30-323,1995,35.6,0,0,0,,0.00,0.00,,,0,0,Matches
1574,Linton Maina,de GER,"MF,FW",Köln,de Bundesliga,26-333,1999,11.4,2,20,8,40.0,1.76,0.70,0.10,0.25,0,0,Matches
1575,Patrick Mainka,de GER,DF,Heidenheim,de Bundesliga,31-197,1994,34.0,2,37,9,24.3,1.09,0.26,0.05,0.22,0,0,Matches
1576,Kobbie Mainoo,eng ENG,MF,Manchester Utd,eng Premier League,21-033,2005,17.5,1,11,3,27.3,0.63,0.17,0.09,0.33,0,0,Matches
1577,Ainsley Maitland-Niles,eng ENG,"DF,MF",Lyon,fr Ligue 1,28-266,1997,27.6,1,14,7,50.0,0.51,0.25,0.07,0.14,0,1,Matches
1578,Radosław Majecki,pl POL,GK,Brest,fr Ligue 1,26-187,1999,9.6,0,0,0,,0.00,0.00,,,0,0,Matches
1579,Lovro Majer,hr CRO,MF,Wolfsburg,de Bundesliga,28-125,1998,15.2,2,27,6,22.2,1.77,0.39,0.07,0.33,0,0,Matches
1580,Hamidou Makalou,ml MLI,MF,Brest,fr Ligue 1,19-311,2006,3.8,0,4,1,25.0,1.06,0.26,0.00,0.00,0,0,Matches
1581,Jean-Victor Makengo,fr FRA,MF,Lorient,fr Ligue 1,27-344,1998,20.0,4,39,14,35.9,1.95,0.70,0.10,0.29,0,0,Matches
1582,Jordy Makengo,fr FRA,DF,Freiburg,de Bundesliga,24-292,2001,13.1,0,0,0,,0.00,0.00,,,0,0,Matches
1583,Andrija Maksimović,rs SRB,FW,RB Leipzig,de Bundesliga,18-351,2007,1.0,0,2,0,0.0,1.94,0.00,0.00,,0,0,Matches
1584,Said El Mala,de GER,"FW,MF",Köln,de Bundesliga,19-269,2006,21.7,13,74,30,40.5,3.40,1.38,0.16,0.40,1,1,Matches
1585,Tyrell Malacia,nl NED,DF,Manchester Utd,eng Premier League,26-278,1999,0.1,0,0,0,,0.00,0.00,,,0,0,Matches
1586,Julián Malatini,ar ARG,DF,Werder Bremen,de Bundesliga,24-356,2001,5.7,0,2,0,0.0,0.35,0.00,0.00,,0,0,Matches
1587,Daniel Maldini,it ITA,FW,Lazio,it Serie A,24-223,2001,7.4,2,13,4,30.8,1.75,0.54,0.15,0.50,0,0,Matches
1588,Daniel Maldini,it ITA,MF,Atalanta,it Serie A,24-223,2001,2.9,0,8,2,25.0,2.73,0.68,0.00,0.00,0,0,Matches
1589,Youssef Maleh,ma MAR,MF,Cremonese,it Serie A,27-273,1998,12.1,1,15,3,20.0,1.24,0.25,0.07,0.33,0,0,Matches
1590,Youssef Maleh,ma MAR,MF,Lecce,it Serie A,27-273,1998,5.1,0,7,1,14.3,1.37,0.20,0.00,0.00,0,0,Matches
1591,Donyell Malen,nl NED,"FW,MF",Aston Villa,eng Premier League,27-133,1999,7.3,4,27,9,33.3,3.70,1.23,0.15,0.44,0,0,Matches
1592,Donyell Malen,nl NED,FW,Roma,it Serie A,27-133,1999,15.4,13,67,29,43.3,4.36,1.89,0.15,0.34,3,3,Matches
1593,Ruslan Malinovskyi,ua UKR,MF,Genoa,it Serie A,33-018,1993,24.8,6,55,15,27.3,2.21,0.60,0.05,0.20,3,3,Matches
1594,Lennard Maloney,us USA,"DF,MF",Mainz 05,de Bundesliga,26-226,1999,5.4,0,5,1,20.0,0.93,0.19,0.00,0.00,0,0,Matches
1595,Pape Mamadou Sy,sn SEN,GK,Metz,fr Ligue 1,29-020,1997,7.8,0,0,0,,0.00,0.00,,,0,0,Matches
1596,Giorgi Mamardashvili,ge GEO,GK,Liverpool,eng Premier League,25-235,2000,9.6,0,0,0,,0.00,0.00,,,0,0,Matches
1597,Felix Mambimbi,ch SUI,"FW,MF",Le Havre,fr Ligue 1,25-124,2001,5.9,1,6,2,33.3,1.02,0.34,0.17,0.50,0,0,Matches
1598,Aitor Mañas,es ESP,FW,Alavés,es La Liga,23-137,2003,1.4,0,2,1,50.0,1.48,0.74,0.00,0.00,0,0,Matches
1599,Gianluca Mancini,it ITA,DF,Roma,it Serie A,30-035,1996,33.0,4,20,8,40.0,0.61,0.24,0.20,0.50,0,0,Matches
1600,Reinildo Mandava,mz MOZ,DF,Sunderland,eng Premier League,32-121,1994,20.8,0,4,0,0.0,0.19,0.00,0.00,,0,0,Matches
1601,Aïssa Mandi,dz ALG,DF,Lille,fr Ligue 1,34-212,1991,26.9,1,14,4,28.6,0.52,0.15,0.07,0.25,0,0,Matches
1602,Rolando Mandragora,it ITA,MF,Fiorentina,it Serie A,28-327,1997,25.9,7,62,17,27.4,2.39,0.66,0.10,0.35,1,1,Matches
1603,Filippo Mane,it ITA,DF,Dortmund,de Bundesliga,21-075,2005,1.5,0,0,0,,0.00,0.00,,,0,0,Matches
1604,Mateus Mane,pt POR,MF,Wolves,eng Premier League,18-248,2007,18.9,3,37,16,43.2,1.95,0.84,0.08,0.19,0,0,Matches
1605,Orel Mangala,be BEL,MF,Lyon,fr Ligue 1,28-065,1998,4.6,0,4,1,25.0,0.87,0.22,0.00,0.00,0,0,Matches
1606,Bendito Mantato,eng ENG,MF,Manchester Utd,eng Premier League,18-117,2008,0.2,0,0,0,,0.00,0.00,,,0,0,Matches
1607,Brad Mantsounga,cg CGO,DF,Nice,fr Ligue 1,18-258,2007,1.0,0,0,0,,0.00,0.00,,,0,0,Matches
1608,Johan Manzambi,ch SUI,MF,Freiburg,de Bundesliga,20-220,2005,23.1,5,51,13,25.5,2.21,0.56,0.10,0.38,0,0,Matches
1609,Sekou Mara,fr FRA,FW,Auxerre,fr Ligue 1,23-296,2002,13.6,3,33,12,36.4,2.42,0.88,0.09,0.25,0,0,Matches
1610,Alessandro Marcandalli,it ITA,DF,Genoa,it Serie A,23-209,2002,27.9,0,4,2,50.0,0.14,0.07,0.00,0.00,0,0,Matches
1611,Marcão,br BRA,DF,Sevilla,es La Liga,29-351,1996,10.4,1,10,2,20.0,0.96,0.19,0.10,0.50,0,0,Matches
1612,Solly March,eng ENG,MF,Brighton,eng Premier League,31-306,1994,0.1,0,0,0,,0.00,0.00,,,0,0,Matches
1613,Vincent Marchetti,fr FRA,MF,Paris FC,fr Ligue 1,28-322,1997,9.2,2,24,7,29.2,2.62,0.76,0.08,0.29,0,0,Matches
1614,Pablo Marí,es ESP,DF,Fiorentina,it Serie A,32-264,1993,9.0,0,2,0,0.0,0.22,0.00,0.00,,0,0,Matches
1615,José María Giménez,uy URU,DF,Atlético Madrid,es La Liga,31-122,1995,13.1,0,13,3,23.1,0.99,0.23,0.00,0.00,0,0,Matches
1616,Mariano,do DOM,FW,Alavés,es La Liga,32-294,1993,3.2,0,6,3,50.0,1.87,0.94,0.00,0.00,0,0,Matches
1617,Luca Marianucci,it ITA,DF,Torino,it Serie A,21-303,2004,6.4,0,1,0,0.0,0.16,0.00,0.00,,0,0,Matches
1618,Luca Marianucci,it ITA,DF,Napoli,it Serie A,21-303,2004,1.3,0,1,0,0.0,0.76,0.00,0.00,,0,0,Matches
1619,Arkaitz Mariezkurrena,es ESP,FW,Real Sociedad,es La Liga,21-047,2005,0.0,0,0,0,,0.00,0.00,,,0,0,Matches
1620,Marius Marin,ro ROU,MF,Pisa,it Serie A,27-265,1998,14.2,0,3,0,0.0,0.21,0.00,0.00,,0,0,Matches
1621,Pablo Marín,es ESP,MF,Real Sociedad,es La Liga,22-323,2003,16.4,0,13,4,30.8,0.79,0.24,0.00,0.00,0,0,Matches
1622,Rafa Marín,es ESP,DF,Villarreal,es La Liga,24-003,2002,21.0,1,5,1,20.0,0.24,0.05,0.20,1.00,0,0,Matches
1623,Renato Marin,it ITA,GK,Paris Saint-Germain,fr Ligue 1,19-316,2006,2.0,0,0,0,,0.00,0.00,,,0,0,Matches
1624,João Mário Lopes,pt POR,"DF,MF",Bologna,it Serie A,26-139,2000,8.2,1,4,2,50.0,0.49,0.24,0.25,0.50,0,0,Matches
1625,João Mário Lopes,pt POR,MF,Juventus,it Serie A,26-139,2000,2.9,0,3,0,0.0,1.05,0.00,0.00,,0,0,Matches
1626,Guillermo Maripán,cl CHI,DF,Torino,it Serie A,32-016,1994,23.8,2,18,8,44.4,0.76,0.34,0.11,0.25,0,0,Matches
1627,Omar Marmoush,eg EGY,"FW,MF",Manchester City,eng Premier League,27-104,1999,7.8,3,30,9,30.0,3.86,1.16,0.10,0.33,0,0,Matches
1628,Tomas Marques,es ESP,MF,Barcelona,es La Liga,19-204,2006,0.1,0,0,0,,0.00,0.00,,,0,0,Matches
1629,Marquinhos,br BRA,DF,Paris Saint-Germain,fr Ligue 1,32-008,1994,11.7,0,3,0,0.0,0.26,0.00,0.00,,0,0,Matches
1630,Callum Marshall,nir NIR,FW,West Ham United,eng Premier League,21-175,2004,0.7,0,1,0,0.0,1.50,0.00,0.00,,0,0,Matches
1631,Eric Martel,de GER,"MF,DF",Köln,de Bundesliga,24-023,2002,28.4,2,23,4,17.4,0.81,0.14,0.09,0.50,0,0,Matches
1632,Aarón Martín,es ESP,"MF,DF",Genoa,it Serie A,29-030,1997,23.3,1,11,4,36.4,0.47,0.17,0.09,0.25,0,1,Matches
1633,Carlos Martín,es ESP,"MF,FW",Rayo Vallecano,es La Liga,24-030,2002,4.6,0,8,3,37.5,1.74,0.65,0.00,0.00,0,0,Matches
1634,Gerard Martín,es ESP,DF,Barcelona,es La Liga,24-085,2002,22.5,0,7,4,57.1,0.31,0.18,0.00,0.00,0,0,Matches
1635,Iván Martín,es ESP,MF,Girona,es La Liga,27-097,1999,27.1,0,13,5,38.5,0.48,0.18,0.00,0.00,0,0,Matches
1636,Jon Martin,es ESP,DF,Real Sociedad,es La Liga,20-029,2006,25.0,2,15,5,33.3,0.60,0.20,0.13,0.40,0,0,Matches
1637,Mario Martín,es ESP,"MF,FW",Getafe,es La Liga,22-078,2004,22.6,2,26,6,23.1,1.15,0.27,0.08,0.33,0,0,Matches
1638,Gabriel Martinelli,br BRA,"FW,MF",Arsenal,eng Premier League,24-338,2001,11.0,1,28,12,42.9,2.54,1.09,0.04,0.08,0,0,Matches
1639,Arnau Martinez,es ESP,"DF,MF",Girona,es La Liga,23-027,2003,29.0,1,18,3,16.7,0.62,0.10,0.06,0.33,0,0,Matches
1640,Daniel Martinez,es ESP,DF,Atlético Madrid,es La Liga,22-017,2004,1.0,0,0,0,,0.00,0.00,,,0,0,Matches
1641,Emiliano Martínez,ar ARG,GK,Aston Villa,eng Premier League,33-262,1992,31.5,0,0,0,,0.00,0.00,,,0,0,Matches
1642,Joaquín Martínez Gauna,es ESP,"MF,DF",Sevilla,es La Liga,22-317,2003,14.8,2,17,8,47.1,1.15,0.54,0.12,0.25,0,0,Matches
1643,Josep Martinez,es ESP,GK,Inter,it Serie A,27-360,1998,4.0,0,0,0,,0.00,0.00,,,0,0,Matches
1644,Lautaro Martínez,ar ARG,FW,Inter,it Serie A,28-273,1997,23.4,17,92,39,42.4,3.93,1.67,0.18,0.44,0,0,Matches
1645,Lisandro Martínez,ar ARG,DF,Manchester Utd,eng Premier League,28-124,1998,12.7,0,5,0,0.0,0.39,0.00,0.00,,0,0,Matches
1646,Pablo Martínez,es ESP,MF,Levante,es La Liga,28-089,1998,19.7,1,28,4,14.3,1.42,0.20,0.04,0.25,0,0,Matches
1647,Ramón Martínez,es ESP,DF,Sevilla,es La Liga,23-212,2002,1.1,0,0,0,,0.00,0.00,,,0,0,Matches
1648,Toni Martínez,es ESP,FW,Alavés,es La Liga,28-326,1997,29.2,13,90,34,37.8,3.09,1.17,0.13,0.35,1,1,Matches
1649,Adam Marušić,me MNE,DF,Lazio,it Serie A,33-217,1992,29.9,1,14,7,50.0,0.47,0.23,0.07,0.14,0,0,Matches
1650,Omar Mascarell,gq EQG,"MF,DF",Mallorca,es La Liga,33-109,1993,24.3,2,7,3,42.9,0.29,0.12,0.29,0.67,0,0,Matches
1651,Adam Masina,ma MAR,DF,Torino,it Serie A,32-140,1994,2.6,0,0,0,,0.00,0.00,,,0,0,Matches
1652,Patrizio Masini,it ITA,MF,Genoa,it Serie A,25-115,2001,14.8,0,16,4,25.0,1.08,0.27,0.00,0.00,0,0,Matches
1653,Han-Noah Massengo,fr FRA,MF,Augsburg,de Bundesliga,24-319,2001,27.0,2,20,6,30.0,0.74,0.22,0.10,0.33,0,0,Matches
1654,Franco Mastantuono,ar ARG,"MF,FW",Real Madrid,es La Liga,18-281,2007,10.7,1,30,7,23.3,2.80,0.65,0.03,0.14,0,0,Matches
1655,Arthur Masuaku,cd COD,DF,Sunderland,eng Premier League,32-196,1993,1.4,0,1,0,0.0,0.71,0.00,0.00,,0,0,Matches
1656,Arthur Masuaku,cd COD,"DF,MF",Lens,fr Ligue 1,32-196,1993,2.5,0,1,1,100.0,0.40,0.40,0.00,0.00,0,0,Matches
1657,Clinton Mata,ao ANG,DF,Lyon,fr Ligue 1,33-196,1992,31.5,0,5,0,0.0,0.16,0.00,0.00,,0,0,Matches
1658,Igor Matanovic,hr CRO,FW,Freiburg,de Bundesliga,23-052,2003,17.5,11,51,19,37.3,2.92,1.09,0.20,0.53,1,2,Matches
1659,Pape Matar Sarr,sn SEN,MF,Tottenham Hotspur,eng Premier League,23-250,2002,15.3,2,17,6,35.3,1.11,0.39,0.12,0.33,0,0,Matches
1660,Jean-Philippe Mateta,fr FRA,FW,Crystal Palace,eng Premier League,28-328,1997,24.5,11,62,31,50.0,2.53,1.27,0.11,0.23,4,4,Matches
1661,Nemanja Matić,rs SRB,MF,Sassuolo,it Serie A,37-294,1988,29.3,1,11,4,36.4,0.38,0.14,0.09,0.25,0,0,Matches
1662,Rudy Matondo,fr FRA,MF,Paris FC,fr Ligue 1,18-070,2008,8.3,2,9,5,55.6,1.09,0.61,0.22,0.40,0,0,Matches
1663,Rudy Matondo,fr FRA,MF,Auxerre,fr Ligue 1,18-070,2008,6.8,0,4,0,0.0,0.59,0.00,0.00,,0,0,Matches
1664,Chrislain Matsima,fr FRA,DF,Augsburg,de Bundesliga,24-007,2002,16.5,1,7,1,14.3,0.42,0.06,0.14,1.00,0,0,Matches
1665,Jean Mattéo Bahoya,fr FRA,"MF,FW",Eintracht Frankfurt,de Bundesliga,21-015,2005,14.8,3,29,9,31.0,1.96,0.61,0.10,0.33,0,0,Matches
1666,Alan Matturro,uy URU,DF,Levante,es La Liga,21-223,2004,10.5,1,8,1,12.5,0.76,0.10,0.13,1.00,0,0,Matches
1667,Neal Maupay,fr FRA,"FW,MF",Marseille,fr Ligue 1,29-281,1996,0.0,0,0,0,,0.00,0.00,,,0,0,Matches
1668,Neal Maupay,fr FRA,FW,Sevilla,es La Liga,29-281,1996,9.3,2,17,7,41.2,1.83,0.75,0.12,0.29,0,0,Matches
1669,Konstantinos Mavropanos,gr GRE,DF,West Ham United,eng Premier League,28-162,1997,27.2,3,23,8,34.8,0.85,0.29,0.13,0.38,0,0,Matches
1670,Christian Mawissa,fr FRA,"DF,MF",Monaco,fr Ligue 1,21-034,2005,13.2,0,2,1,50.0,0.15,0.08,0.00,0.00,0,0,Matches
1671,Eliezer Mayenda,es ESP,"FW,MF",Sunderland,eng Premier League,21-014,2005,8.4,2,13,6,46.2,1.54,0.71,0.15,0.33,0,0,Matches
1672,Ezra Mayers,bb BRB,DF,West Ham United,eng Premier League,19-126,2007,1.3,0,1,0,0.0,0.77,0.00,0.00,,0,0,Matches
1673,Borja Mayoral,es ESP,FW,Getafe,es La Liga,29-047,1997,11.8,4,15,7,46.7,1.28,0.60,0.27,0.57,0,1,Matches
1674,Senny Mayulu,fr FRA,"MF,FW",Paris Saint-Germain,fr Ligue 1,20-005,2006,18.6,4,35,11,31.4,1.88,0.59,0.11,0.36,0,0,Matches
1675,Ibrahim Maza,dz ALG,MF,Leverkusen,de Bundesliga,20-179,2005,20.5,3,54,17,31.5,2.63,0.83,0.06,0.18,0,0,Matches
1676,Noussair Mazraoui,ma MAR,"DF,MF",Manchester Utd,eng Premier League,28-189,1997,10.1,0,5,0,0.0,0.49,0.00,0.00,,0,0,Matches
1677,Luca Mazzitelli,it ITA,MF,Cagliari,it Serie A,30-188,1995,8.5,2,15,5,33.3,1.76,0.59,0.13,0.40,0,0,Matches
1678,Pasquale Mazzocchi,it ITA,MF,Napoli,it Serie A,30-299,1995,3.3,0,2,1,50.0,0.60,0.30,0.00,0.00,0,0,Matches
1679,Nathan Mbala,,"MF,FW",Metz,fr Ligue 1,18-092,2008,4.9,2,15,4,26.7,3.06,0.82,0.13,0.50,0,0,Matches
1680,Samuel Mbangula,be BEL,"MF,FW",Werder Bremen,de Bundesliga,22-126,2004,13.0,3,17,8,47.1,1.31,0.61,0.18,0.38,0,0,Matches
1681,Ethan Mbappé,fr FRA,"MF,FW",Lille,fr Ligue 1,19-144,2006,6.3,3,14,7,50.0,2.22,1.11,0.21,0.43,0,0,Matches
1682,Kylian Mbappé,fr FRA,FW,Real Madrid,es La Liga,27-153,1998,27.9,24,141,61,43.3,5.06,2.19,0.11,0.26,8,9,Matches
1683,Ibrahim Mbaye,sn SEN,"FW,MF",Paris Saint-Germain,fr Ligue 1,18-118,2008,11.2,3,24,10,41.7,2.15,0.89,0.13,0.30,0,0,Matches
1684,Malick Mbaye,sn SEN,MF,Metz,fr Ligue 1,22-046,2004,3.3,0,2,1,50.0,0.60,0.30,0.00,0.00,0,0,Matches
1685,Chancel Mbemba,cd COD,DF,Lille,fr Ligue 1,31-287,1994,10.6,0,7,3,42.9,0.66,0.28,0.00,0.00,0,0,Matches
1686,Bryan Mbeumo,cm CMR,"MF,FW",Manchester Utd,eng Premier League,26-288,1999,28.2,10,72,31,43.1,2.56,1.10,0.14,0.32,0,0,Matches
1687,Michel Mboula,ga GAB,"DF,MF",Metz,fr Ligue 1,23-022,2003,8.3,0,2,1,50.0,0.24,0.12,0.00,0.00,0,0,Matches
1688,Pathé Mboup,sn SEN,MF,Brest,fr Ligue 1,22-215,2003,11.7,1,23,10,43.5,1.96,0.85,0.04,0.10,0,0,Matches
1689,Moustapha Mbow,sn SEN,DF,Paris FC,fr Ligue 1,26-075,2000,30.2,0,10,3,30.0,0.33,0.10,0.00,0.00,0,0,Matches
1690,James Mcatee,eng ENG,MF,Nottingham Forest,eng Premier League,23-216,2002,3.2,0,4,0,0.0,1.26,0.00,0.00,,0,0,Matches
1691,John McGinn,sct SCO,MF,Aston Villa,eng Premier League,31-216,1994,23.7,5,27,11,40.7,1.14,0.46,0.19,0.45,0,0,Matches
1692,Weston McKennie,us USA,MF,Juventus,it Serie A,27-267,1998,30.5,5,43,16,37.2,1.41,0.52,0.12,0.31,0,0,Matches
1693,Mark McKenzie,us USA,DF,Toulouse,fr Ligue 1,27-086,1999,26.7,0,6,1,16.7,0.22,0.04,0.00,0.00,0,0,Matches
1694,Dwight McNeil,eng ENG,MF,Everton,eng Premier League,26-181,1999,13.0,0,24,5,20.8,1.85,0.39,0.00,0.00,0,0,Matches
1695,Scott McTominay,sct SCO,MF,Napoli,it Serie A,29-165,1996,30.0,10,98,34,34.7,3.27,1.13,0.10,0.29,0,1,Matches
1696,Facundo Medina,ar ARG,DF,Marseille,fr Ligue 1,26-359,1999,15.2,0,4,1,25.0,0.26,0.07,0.00,0.00,0,0,Matches
1697,Jonas Meffert,de GER,MF,Hamburger SV,de Bundesliga,31-260,1994,1.6,0,0,0,,0.00,0.00,,,0,0,Matches
1698,Henrik Meister,dk DEN,FW,Pisa,it Serie A,22-186,2003,16.8,2,20,8,40.0,1.19,0.48,0.10,0.25,0,0,Matches
1699,Bamo Meïté,ci CIV,DF,Lorient,fr Ligue 1,24-170,2001,22.0,0,8,1,12.5,0.36,0.05,0.00,0.00,0,0,Matches
1700,Kader Meïté,fr FRA,FW,Rennes,fr Ligue 1,18-223,2007,5.9,3,22,7,31.8,3.70,1.18,0.14,0.43,0,0,Matches
1701,Hannibal Mejbri,tn TUN,MF,Burnley,eng Premier League,23-121,2003,12.9,1,18,4,22.2,1.39,0.31,0.06,0.25,0,0,Matches
1702,Cléo Melieres,fr FRA,FW,Metz,fr Ligue 1,21-039,2005,0.3,0,0,0,,0.00,0.00,,,0,0,Matches
1703,Nuno Mendes,pt POR,DF,Paris Saint-Germain,fr Ligue 1,23-337,2002,14.0,4,30,15,50.0,2.15,1.07,0.10,0.20,1,1,Matches
1704,Brais Méndez,es ESP,"MF,FW",Real Sociedad,es La Liga,29-135,1997,18.4,6,36,16,44.4,1.95,0.87,0.14,0.31,1,2,Matches
1705,Rodrigo Mendoza,es ESP,"MF,FW",Elche,es La Liga,21-068,2005,8.8,1,11,2,18.2,1.25,0.23,0.09,0.50,0,0,Matches
1706,Rodrigo Mendoza,es ESP,MF,Atlético Madrid,es La Liga,21-068,2005,4.8,0,6,2,33.3,1.24,0.41,0.00,0.00,0,0,Matches
1707,Antoine Mendy,sn SEN,DF,Nice,fr Ligue 1,21-360,2004,23.3,1,17,7,41.2,0.73,0.30,0.06,0.14,0,0,Matches
1708,Batista Mendy,fr FRA,MF,Sevilla,es La Liga,26-130,2000,18.0,1,17,5,29.4,0.95,0.28,0.06,0.20,0,0,Matches
1709,Ferland Mendy,fr FRA,DF,Real Madrid,es La Liga,30-348,1995,2.3,0,0,0,,0.00,0.00,,,0,0,Matches
1710,Formose Mendy,sn SEN,DF,Lorient,fr Ligue 1,25-140,2001,1.5,0,0,0,,0.00,0.00,,,0,0,Matches
1711,Nobel Mendy,sn SEN,DF,Rayo Vallecano,es La Liga,21-261,2004,19.0,2,11,3,27.3,0.58,0.16,0.18,0.67,0,0,Matches
1712,Paul Mendy,sn SEN,FW,Cagliari,it Serie A,19-141,2007,3.5,2,14,2,14.3,3.96,0.57,0.14,1.00,0,0,Matches
1713,Gideon Mensah,gh GHA,DF,Auxerre,fr Ligue 1,27-308,1998,25.9,0,1,0,0.0,0.04,0.00,0.00,,0,0,Matches
1714,Khalis Merah,fr FRA,"MF,FW",Lyon,fr Ligue 1,19-087,2007,12.6,0,6,3,50.0,0.48,0.24,0.00,0.00,0,0,Matches
1715,Alex Meret,it ITA,GK,Napoli,it Serie A,29-061,1997,10.0,0,0,0,,0.00,0.00,,,0,0,Matches
1716,Mikel Merino,es ESP,"MF,FW",Arsenal,eng Premier League,29-334,1996,11.2,4,21,8,38.1,1.88,0.71,0.19,0.50,0,0,Matches
1717,Quentin Merlin,fr FRA,"DF,MF",Rennes,fr Ligue 1,24-006,2002,28.1,1,26,7,26.9,0.92,0.25,0.04,0.14,0,0,Matches
1718,Rafik Messali,fr FRA,MF,Toulouse,fr Ligue 1,23-024,2003,5.6,0,0,0,,0.00,0.00,,,0,0,Matches
1719,Junior Messias,br BRA,MF,Genoa,it Serie A,35-009,1991,7.6,3,19,7,36.8,2.50,0.92,0.11,0.29,1,1,Matches
1720,Alejandro Mestanza,es ESP,MF,Getafe,es La Liga,21-166,2004,0.8,0,1,0,0.0,1.27,0.00,0.00,,0,0,Matches
1721,Connor Metcalfe,au AUS,"MF,FW",St Pauli,de Bundesliga,26-198,1999,6.6,0,16,4,25.0,2.43,0.61,0.00,0.00,0,0,Matches
1722,Dayann Methalie,fr FRA,MF,Toulouse,fr Ligue 1,20-096,2006,20.8,2,15,7,46.7,0.72,0.34,0.13,0.29,0,0,Matches
1723,Karol Mets,ee EST,DF,St Pauli,de Bundesliga,33-006,1993,21.5,1,7,1,14.3,0.33,0.05,0.14,1.00,0,0,Matches
1724,Thomas Meunier,be BEL,DF,Lille,fr Ligue 1,34-252,1991,21.2,2,19,5,26.3,0.90,0.24,0.11,0.40,0,0,Matches
1725,Shumaira Mheuka,eng ENG,FW,Chelsea,eng Premier League,18-214,2007,0.0,0,0,0,,0.00,0.00,,,0,0,Matches
1726,Lucas Michal,fr FRA,MF,Metz,fr Ligue 1,20-335,2005,2.4,0,7,2,28.6,2.97,0.85,0.00,0.00,0,0,Matches
1727,Lucas Michal,fr FRA,FW,Monaco,fr Ligue 1,20-335,2005,0.7,0,1,0,0.0,1.53,0.00,0.00,,0,0,Matches
1728,Georges Mikautadze,ge GEO,FW,Villarreal,es La Liga,25-203,2000,22.5,12,62,29,46.8,2.76,1.29,0.19,0.41,0,0,Matches
1729,Georges Mikautadze,ge GEO,FW,Lyon,fr Ligue 1,25-203,2000,2.0,1,10,4,40.0,5.03,2.01,0.10,0.25,0,0,Matches
1730,Wisdom Mike,de GER,FW,Bayern Munich,de Bundesliga,17-240,2008,0.3,0,2,1,50.0,6.00,3.00,0.00,0.00,0,0,Matches
1731,William Mikelbrencis,fr FRA,"MF,DF",Hamburger SV,de Bundesliga,22-086,2004,15.2,0,12,6,50.0,0.79,0.39,0.00,0.00,0,0,Matches
1732,Daniel Mikołajewski,pl POL,FW,Parma,it Serie A,20-118,2006,0.3,0,0,0,,0.00,0.00,,,0,0,Matches
1733,Antoni Milambo,nl NED,MF,Brentford,eng Premier League,21-049,2005,0.5,0,0,0,,0.00,0.00,,,0,0,Matches
1734,Nikola Milenković,rs SRB,DF,Nottingham Forest,eng Premier League,28-222,1997,36.5,0,16,1,6.3,0.44,0.03,0.00,0.00,0,0,Matches
1735,Lewis Miley,eng ENG,"MF,DF",Newcastle United,eng Premier League,20-021,2006,16.6,1,12,4,33.3,0.72,0.24,0.08,0.25,0,0,Matches
1736,Arkadiusz Milik,pl POL,FW,Juventus,it Serie A,32-083,1994,0.4,0,2,2,100.0,5.00,5.00,0.00,0.00,0,0,Matches
1737,Vanja Milinković-Savić,rs SRB,GK,Napoli,it Serie A,29-091,1997,27.0,0,0,0,,0.00,0.00,,,0,0,Matches
1738,Éder Militão,br BRA,DF,Real Madrid,es La Liga,28-124,1998,12.7,2,21,9,42.9,1.66,0.71,0.10,0.22,0,0,Matches
1739,Luis Milla,es ESP,MF,Getafe,es La Liga,31-227,1994,35.3,0,25,2,8.0,0.71,0.06,0.00,0.00,0,0,Matches
1740,Pere Milla,es ESP,"MF,FW",Espanyol,es La Liga,33-241,1992,21.4,7,58,20,34.5,2.71,0.93,0.12,0.35,0,0,Matches
1741,Lennon Miller,sct SCO,MF,Udinese,it Serie A,19-270,2006,10.1,0,9,1,11.1,0.89,0.10,0.00,0.00,0,0,Matches
1742,James Milner,eng ENG,MF,Brighton,eng Premier League,40-138,1986,8.1,1,8,2,25.0,0.99,0.25,0.00,0.00,1,1,Matches
1743,Veljko Milosavljević,rs SRB,DF,Bournemouth,eng Premier League,18-328,2007,4.1,0,1,0,0.0,0.24,0.00,0.00,,0,0,Matches
1744,Jovan Milošević,rs SRB,FW,Werder Bremen,de Bundesliga,20-295,2005,5.4,3,12,4,33.3,2.21,0.74,0.25,0.75,0,0,Matches
1745,Kim Min-jae,kr KOR,DF,Bayern Munich,de Bundesliga,29-188,1996,17.8,1,5,3,60.0,0.28,0.17,0.20,0.33,0,0,Matches
1746,Yerry Mina,co COL,DF,Cagliari,it Serie A,31-241,1994,22.9,2,9,3,33.3,0.39,0.13,0.22,0.67,0,0,Matches
1747,Takumi Minamino,jp JPN,MF,Monaco,fr Ligue 1,31-126,1995,10.5,3,21,7,33.3,2.00,0.67,0.14,0.43,0,0,Matches
1748,Tyrone Mings,eng ENG,DF,Aston Villa,eng Premier League,33-070,1993,13.7,0,9,1,11.1,0.66,0.07,0.00,0.00,0,0,Matches
1749,Óscar Mingueza,es ESP,MF,Celta Vigo,es La Liga,27-009,1999,21.9,1,14,5,35.7,0.64,0.23,0.07,0.20,0,0,Matches
1750,Yankuba Minteh,gm GAM,MF,Brighton,eng Premier League,21-304,2004,26.1,3,41,11,26.8,1.57,0.42,0.07,0.27,0,0,Matches
1751,Bojan Miovski,mk MKD,FW,Girona,es La Liga,26-332,1999,0.5,0,0,0,,0.00,0.00,,,0,0,Matches
1752,Rafa Mir,es ESP,"FW,MF",Elche,es La Liga,28-338,1997,20.0,8,69,36,52.2,3.44,1.80,0.10,0.19,1,2,Matches
1753,Juan Miranda,es ESP,DF,Bologna,it Serie A,26-123,2000,27.6,1,13,5,38.5,0.47,0.18,0.08,0.20,0,0,Matches
1754,Fabio Miretti,it ITA,MF,Juventus,it Serie A,22-292,2003,6.6,1,18,5,27.8,2.72,0.76,0.06,0.20,0,0,Matches
1755,Tyrick Mitchell,eng ENG,MF,Crystal Palace,eng Premier League,26-263,1999,35.6,1,19,7,36.8,0.53,0.20,0.05,0.14,0,0,Matches
1756,Kaoru Mitoma,jp JPN,"MF,FW",Brighton,eng Premier League,29-002,1997,19.1,3,32,13,40.6,1.67,0.68,0.09,0.23,0,0,Matches
1757,Maximilian Mittelstädt,de GER,"DF,MF",Stuttgart,de Bundesliga,29-065,1997,24.3,6,31,16,51.6,1.28,0.66,0.06,0.13,4,4,Matches
1758,Henrikh Mkhitaryan,am ARM,MF,Inter,it Serie A,37-121,1989,16.9,4,43,14,32.6,2.54,0.83,0.09,0.29,0,0,Matches
1759,Branimir Mlacic,hr CRO,DF,Udinese,it Serie A,19-071,2007,1.7,0,0,0,,0.00,0.00,,,0,0,Matches
1760,Tadjidine Mmadi,fr FRA,FW,Marseille,fr Ligue 1,19-080,2007,0.5,0,2,0,0.0,4.00,0.00,0.00,,0,0,Matches
1761,Rui Modesto,ao ANG,MF,Udinese,it Serie A,26-227,1999,1.3,0,1,1,100.0,0.76,0.76,0.00,0.00,0,0,Matches
1762,Luka Modrić,hr CRO,MF,Milan,it Serie A,40-255,1985,30.9,2,19,8,42.1,0.61,0.26,0.11,0.25,0,0,Matches
1763,Max Moerstedt,de GER,FW,Hoffenheim,de Bundesliga,20-127,2006,4.7,2,6,4,66.7,1.29,0.86,0.33,0.50,0,0,Matches
1764,Terem Moffi,ng NGA,FW,Nice,fr Ligue 1,26-362,1999,5.4,2,16,8,50.0,2.95,1.48,0.13,0.25,0,0,Matches
1765,Mostafa Mohamed,eg EGY,FW,Nantes,fr Ligue 1,28-175,1997,12.8,4,35,8,22.9,2.73,0.62,0.11,0.50,0,0,Matches
1766,Wael Mohya,de GER,"MF,FW",Gladbach,de Bundesliga,17-142,2008,6.1,2,11,5,45.5,1.79,0.82,0.18,0.40,0,0,Matches
1767,Johan Mojica,co COL,DF,Mallorca,es La Liga,33-274,1992,30.3,0,17,2,11.8,0.56,0.07,0.00,0.00,0,0,Matches
1768,Horaţiu Moldovan,ro ROU,GK,Oviedo,es La Liga,28-122,1998,1.0,0,0,0,,0.00,0.00,,,0,0,Matches
1769,Enzo Molebe,fr FRA,FW,Lyon,fr Ligue 1,18-246,2007,0.1,0,0,0,,0.00,0.00,,,0,0,Matches
1770,Alberto Moleiro,es ESP,MF,Villarreal,es La Liga,22-234,2003,26.5,10,46,20,43.5,1.73,0.75,0.22,0.50,0,0,Matches
1771,Nahuel Molina,ar ARG,"DF,MF",Atlético Madrid,es La Liga,28-046,1998,14.8,2,14,4,28.6,0.95,0.27,0.14,0.50,0,0,Matches
1772,Jon Moncayola,es ESP,MF,Osasuna,es La Liga,28-009,1998,32.6,0,23,5,21.7,0.71,0.15,0.00,0.00,0,0,Matches
1773,Jano Monserrate,es ESP,MF,Atlético Madrid,es La Liga,20-114,2006,0.3,0,1,1,100.0,3.91,3.91,0.00,0.00,0,0,Matches
1774,Jorge Montes,es ESP,DF,Getafe,es La Liga,22-077,2004,0.3,0,0,0,,0.00,0.00,,,0,0,Matches
1775,Lorenzo Montipò,it ITA,GK,Hellas Verona,it Serie A,30-091,1996,34.0,0,0,0,,0.00,0.00,,,0,0,Matches
1776,Álvaro Morata,es ESP,FW,Como,it Serie A,33-211,1992,10.2,0,23,8,34.8,2.25,0.78,0.00,0.00,0,1,Matches
1777,Morato,br BRA,DF,Nottingham Forest,eng Premier League,24-326,2001,13.9,1,5,2,40.0,0.36,0.14,0.20,0.50,0,0,Matches
1778,Diego Morcillo,es ESP,FW,Alavés,es La Liga,22-338,2003,0.1,0,1,0,0.0,9.00,0.00,0.00,,0,0,Matches
1779,Javi Morcillo,es ESP,MF,Atlético Madrid,es La Liga,20-068,2006,1.6,0,2,0,0.0,1.27,0.00,0.00,,0,0,Matches
1780,Afonso Moreira,pt POR,"MF,FW",Lyon,fr Ligue 1,21-064,2005,19.1,4,40,14,35.0,2.09,0.73,0.10,0.29,0,0,Matches
1781,Diego Moreira,be BEL,MF,Strasbourg,fr Ligue 1,21-289,2004,22.6,4,29,11,37.9,1.28,0.49,0.14,0.36,0,0,Matches
1782,Alberto Moreno,es ESP,DF,Como,it Serie A,33-321,1992,12.9,2,11,4,36.4,0.85,0.31,0.18,0.50,0,0,Matches
1783,Álex Moreno,es ESP,DF,Girona,es La Liga,32-348,1993,27.4,0,17,5,29.4,0.62,0.18,0.00,0.00,0,0,Matches
1784,Fabio Moreno Fell,de GER,FW,Mainz 05,de Bundesliga,25-352,2000,0.9,0,1,0,0.0,1.17,0.00,0.00,,0,0,Matches
1785,Gerard Moreno,es ESP,FW,Villarreal,es La Liga,34-045,1992,14.9,10,39,16,41.0,2.61,1.07,0.18,0.44,3,3,Matches
1786,Matias Moreno,ar ARG,DF,Levante,es La Liga,22-240,2003,24.0,0,10,0,0.0,0.42,0.00,0.00,,0,0,Matches
1787,Tete Morente,es ESP,MF,Elche,es La Liga,29-169,1996,9.3,1,8,1,12.5,0.86,0.11,0.13,1.00,0,0,Matches
1788,Tete Morente,es ESP,"FW,MF",Lecce,it Serie A,29-169,1996,9.5,0,14,2,14.3,1.47,0.21,0.00,0.00,0,0,Matches
1789,Stefano Moreo,it ITA,"FW,MF",Pisa,it Serie A,32-326,1993,24.6,6,50,19,38.0,2.03,0.77,0.08,0.21,2,2,Matches
1790,Mateu Morey,es ESP,"DF,MF",Mallorca,es La Liga,26-081,2000,7.8,1,4,2,50.0,0.51,0.26,0.25,0.50,0,0,Matches
1791,Ilaix Moriba,gn GUI,MF,Celta Vigo,es La Liga,23-123,2003,26.7,1,17,4,23.5,0.64,0.15,0.06,0.25,0,0,Matches
1792,Manu Morlanes,es ESP,MF,Mallorca,es La Liga,27-130,1999,18.6,2,11,3,27.3,0.59,0.16,0.18,0.67,0,0,Matches
1793,Luca Moro,it ITA,FW,Sassuolo,it Serie A,25-117,2001,2.3,0,6,1,16.7,2.56,0.43,0.00,0.00,0,0,Matches
1794,Nikola Moro,hr CRO,MF,Bologna,it Serie A,28-071,1998,19.7,2,21,2,9.5,1.07,0.10,0.10,1.00,0,0,Matches
1795,Raúl Moro,es ESP,MF,Osasuna,es La Liga,23-168,2002,6.8,0,6,0,0.0,0.88,0.00,0.00,,0,0,Matches
1796,Tyler Morton,eng ENG,MF,Lyon,fr Ligue 1,23-203,2002,28.0,2,28,8,28.6,1.00,0.29,0.07,0.25,0,0,Matches
1797,Mattia Mosconi,it ITA,FW,Inter,it Serie A,19-057,2007,0.3,0,2,0,0.0,6.67,0.00,0.00,,0,0,Matches
1798,Daren Mosengo,fr FRA,MF,Le Havre,fr Ligue 1,19-284,2006,1.2,0,0,0,,0.00,0.00,,,0,0,Matches
1799,Cristhian Mosquera,es ESP,DF,Arsenal,eng Premier League,21-329,2004,10.0,0,1,0,0.0,0.10,0.00,0.00,,0,0,Matches
1800,Daniel Mosquera,co COL,FW,Hellas Verona,it Serie A,26-214,1999,6.6,0,16,5,31.3,2.41,0.75,0.00,0.00,0,0,Matches
1801,Yerson Mosquera,co COL,DF,Wolves,eng Premier League,25-020,2001,22.7,0,28,6,21.4,1.23,0.26,0.00,0.00,0,0,Matches
1802,Edoardo Motta,it ITA,GK,Lazio,it Serie A,21-129,2005,9.0,0,0,0,,0.00,0.00,,,0,0,Matches
1803,Pierre Mounguengue,fr FRA,FW,Paris Saint-Germain,fr Ligue 1,18-139,2008,0.2,0,2,1,50.0,11.25,5.63,0.00,0.00,0,0,Matches
1804,Mason Mount,eng ENG,MF,Manchester Utd,eng Premier League,27-132,1999,10.5,3,19,5,26.3,1.81,0.48,0.16,0.60,0,0,Matches
1805,Samir El Mourabet,ma MAR,MF,Strasbourg,fr Ligue 1,20-228,2005,23.6,1,12,1,8.3,0.51,0.04,0.08,1.00,0,0,Matches
1806,Santiago Mouriño,uy URU,DF,Villarreal,es La Liga,24-098,2002,25.4,1,15,3,20.0,0.59,0.12,0.07,0.33,0,0,Matches
1807,Louis Mouton,fr FRA,MF,Angers,fr Ligue 1,23-353,2002,21.0,2,36,8,22.2,1.71,0.38,0.06,0.25,0,0,Matches
1808,Lionel Mpasi,cd COD,GK,Le Havre,fr Ligue 1,31-294,1994,3.5,0,0,0,,0.00,0.00,,,0,0,Matches
1809,Tarik Muharemovic,ba BIH,DF,Sassuolo,it Serie A,23-083,2003,31.5,2,20,7,35.0,0.63,0.22,0.10,0.29,0,0,Matches
1810,Miro Muheim,ch SUI,"MF,DF",Hamburger SV,de Bundesliga,28-059,1998,27.1,0,24,7,29.2,0.89,0.26,0.00,0.00,0,0,Matches
1811,Divine Mukasa,eng ENG,MF,Manchester City,eng Premier League,18-273,2007,0.3,0,0,0,,0.00,0.00,,,0,0,Matches
1812,Ngal'Ayel Mukau,cd COD,MF,Lille,fr Ligue 1,21-200,2004,17.0,1,20,5,25.0,1.17,0.29,0.05,0.20,0,0,Matches
1813,Nordan Mukiele,fr FRA,MF,Rennes,fr Ligue 1,20-099,2006,1.1,1,4,1,25.0,3.75,0.94,0.25,1.00,0,0,Matches
1814,Nordi Mukiele,fr FRA,DF,Sunderland,eng Premier League,28-202,1997,29.9,3,23,4,17.4,0.77,0.13,0.13,0.75,0,0,Matches
1815,Abdul Mumin,gh GHA,DF,Rayo Vallecano,es La Liga,27-350,1998,0.2,0,0,0,,0.00,0.00,,,0,0,Matches
1816,Romaine Mundle,eng ENG,MF,Sunderland,eng Premier League,23-028,2003,4.6,0,7,2,28.6,1.53,0.44,0.00,0.00,0,0,Matches
1817,Marshall Munetsi,zw ZIM,MF,Paris FC,fr Ligue 1,29-334,1996,10.8,4,19,9,47.4,1.75,0.83,0.21,0.44,0,0,Matches
1818,Marshall Munetsi,zw ZIM,"MF,FW",Wolves,eng Premier League,29-334,1996,9.7,1,14,6,42.9,1.44,0.62,0.07,0.17,0,0,Matches
1819,Rodrigo Muniz,br BRA,FW,Fulham,eng Premier League,25-018,2001,10.3,1,29,4,13.8,2.81,0.39,0.03,0.25,0,0,Matches
1820,Believe Munongo,fr FRA,MF,Metz,fr Ligue 1,16-180,2009,4.8,0,5,1,20.0,1.04,0.21,0.00,0.00,0,0,Matches
1821,Aihen Muñoz,es ESP,DF,Real Sociedad,es La Liga,28-279,1997,9.2,1,6,2,33.3,0.65,0.22,0.17,0.50,0,0,Matches
1822,Daniel Muñoz,co COL,MF,Crystal Palace,eng Premier League,29-361,1996,26.2,4,25,11,44.0,0.96,0.42,0.16,0.36,0,0,Matches
1823,Iker Muñoz,es ESP,MF,Osasuna,es La Liga,23-198,2002,10.6,0,9,4,44.4,0.85,0.38,0.00,0.00,0,0,Matches
1824,Javier Muñoz,es ESP,"MF,FW",Getafe,es La Liga,31-083,1995,6.1,0,13,6,46.2,2.12,0.98,0.00,0.00,0,0,Matches
1825,Víctor Muñoz,es ESP,"MF,FW",Osasuna,es La Liga,22-313,2003,29.5,6,81,31,38.3,2.74,1.05,0.07,0.19,0,0,Matches
1826,Arijanet Muric,xk KVX,GK,Sassuolo,it Serie A,27-196,1998,32.0,0,0,0,,0.00,0.00,,,0,0,Matches
1827,Murillo,br BRA,DF,Nottingham Forest,eng Premier League,23-322,2002,23.7,1,11,4,36.4,0.46,0.17,0.09,0.25,0,0,Matches
1828,Vedat Muriqi,xk KVX,FW,Mallorca,es La Liga,32-028,1994,33.8,22,104,47,45.2,3.08,1.39,0.16,0.36,5,7,Matches
1829,Alex Murphy,ie IRL,DF,Newcastle United,eng Premier League,21-331,2004,0.0,0,0,0,,0.00,0.00,,,0,0,Matches
1830,Jacob Murphy,eng ENG,"FW,MF",Newcastle United,eng Premier League,31-087,1995,17.5,3,42,13,31.0,2.40,0.74,0.07,0.23,0,0,Matches
1831,Salim Musah,de GER,FW,Werder Bremen,de Bundesliga,20-089,2006,2.2,1,7,4,57.1,3.18,1.82,0.14,0.25,0,0,Matches
1832,Yunus Musah,us USA,MF,Atalanta,it Serie A,23-174,2002,5.4,1,6,1,16.7,1.12,0.19,0.17,1.00,0,0,Matches
1833,Yunus Musah,us USA,MF,Milan,it Serie A,23-174,2002,1.0,0,0,0,,0.00,0.00,,,0,0,Matches
1834,Jamal Musiala,de GER,"MF,FW",Bayern Munich,de Bundesliga,23-085,2003,7.6,3,30,9,30.0,3.95,1.19,0.07,0.22,1,1,Matches
1835,Juan Musso,ar ARG,GK,Atlético Madrid,es La Liga,32-016,1994,7.0,0,0,0,,0.00,0.00,,,0,0,Matches
1836,Cheveyo Muy,nl NED,FW,Milan,it Serie A,19-155,2006,0.1,0,1,0,0.0,18.00,0.00,0.00,,0,0,Matches
1837,Yvon Mvogo,ch SUI,GK,Lorient,fr Ligue 1,31-350,1994,31.0,0,0,0,,0.00,0.00,,,0,0,Matches
1838,Joel Mvuka,no NOR,"MF,DF",Lorient,fr Ligue 1,23-191,2002,6.2,0,8,1,12.5,1.29,0.16,0.00,0.00,0,0,Matches
1839,Junior Mwanga,fr FRA,"DF,MF",Strasbourg,fr Ligue 1,23-011,2003,4.2,0,1,0,0.0,0.24,0.00,0.00,,0,0,Matches
1840,Junior Mwanga,fr FRA,MF,Nantes,fr Ligue 1,23-011,2003,14.0,1,9,3,33.3,0.64,0.21,0.11,0.33,0,0,Matches
1841,Phillipp Mwene,at AUT,MF,Mainz 05,de Bundesliga,32-113,1994,23.0,1,10,2,20.0,0.43,0.09,0.10,0.50,0,0,Matches
1842,Vitaliy Mykolenko,ua UKR,DF,Everton,eng Premier League,26-358,1999,31.9,0,9,2,22.2,0.28,0.06,0.00,0.00,0,0,Matches
1843,Joakim Mæhle,dk DEN,"MF,DF",Wolfsburg,de Bundesliga,29-002,1997,13.6,1,14,3,21.4,1.03,0.22,0.07,0.33,0,0,Matches
1844,David Møller Wolfe,no NOR,"MF,DF",Wolves,eng Premier League,24-029,2002,10.8,0,3,0,0.0,0.28,0.00,0.00,,0,0,Matches
1845,Obite N'Dicka,ci CIV,DF,Roma,it Serie A,26-275,1999,29.8,3,23,6,26.1,0.77,0.20,0.13,0.50,0,0,Matches
1846,Konan N'dri,ci CIV,MF,Lecce,it Serie A,25-207,2000,5.8,2,19,5,26.3,3.30,0.87,0.11,0.40,0,0,Matches
1847,Stanley N'Soki,fr FRA,"DF,MF",Union Berlin,de Bundesliga,27-043,1999,9.1,1,3,1,33.3,0.33,0.11,0.33,1.00,0,0,Matches
1848,Bilal Nadir,ma MAR,MF,Marseille,fr Ligue 1,22-175,2003,6.6,0,7,1,14.3,1.05,0.15,0.00,0.00,0,0,Matches
1849,Mahamadou Nagida,cm CMR,DF,Rennes,fr Ligue 1,20-328,2005,8.9,0,13,3,23.1,1.45,0.34,0.00,0.00,0,0,Matches
1850,Younes Namli,dk DEN,"FW,MF",Le Havre,fr Ligue 1,31-336,1994,3.6,0,4,0,0.0,1.10,0.00,0.00,,0,0,Matches
1851,Sebastian Nanasi,se SWE,MF,Strasbourg,fr Ligue 1,24-006,2002,11.7,7,19,11,57.9,1.63,0.94,0.37,0.64,0,0,Matches
1852,Shafiq Nandja,de GER,DF,Hamburger SV,de Bundesliga,19-127,2007,0.2,0,0,0,,0.00,0.00,,,0,0,Matches
1853,Nikolas Nartey,dk DEN,MF,Stuttgart,de Bundesliga,26-089,2000,14.0,4,22,12,54.5,1.58,0.86,0.18,0.33,0,0,Matches
1854,Noah Nartey,dk DEN,"MF,FW",Lyon,fr Ligue 1,20-229,2005,6.1,2,5,2,40.0,0.83,0.33,0.40,1.00,0,0,Matches
1855,Natan,br BRA,DF,Real Betis,es La Liga,25-105,2001,30.3,0,10,1,10.0,0.33,0.03,0.00,0.00,0,0,Matches
1856,Pau Navarro,es ESP,DF,Villarreal,es La Liga,21-027,2005,20.3,0,2,2,100.0,0.10,0.10,0.00,0.00,0,0,Matches
1857,Roberto Navarro,es ESP,MF,Athletic Club,es La Liga,24-040,2002,13.5,6,20,10,50.0,1.48,0.74,0.30,0.60,0,0,Matches
1858,Corrie Ndaba,ie IRL,DF,Lecce,it Serie A,26-148,1999,6.0,0,2,0,0.0,0.33,0.00,0.00,,0,0,Matches
1859,Michel Ndary Adopo,fr FRA,MF,Cagliari,it Serie A,25-307,2000,32.9,1,27,11,40.7,0.82,0.33,0.04,0.09,0,0,Matches
1860,Youssouf Ndayishimiye,bi BDI,MF,Nice,fr Ligue 1,27-207,1998,0.8,0,0,0,,0.00,0.00,,,0,0,Matches
1861,Bara Ndiaye,sn SEN,MF,Bayern Munich,de Bundesliga,18-142,2007,1.6,0,0,0,,0.00,0.00,,,0,0,Matches
1862,Iliman Ndiaye,sn SEN,MF,Everton,eng Premier League,26-077,2000,29.9,6,42,22,52.4,1.41,0.74,0.10,0.18,2,2,Matches
1863,Rassoul Ndiaye,sn SEN,MF,Le Havre,fr Ligue 1,24-162,2001,28.5,4,34,9,26.5,1.19,0.32,0.12,0.44,0,0,Matches
1864,Quentin Ndjantou Mbitcha,fr FRA,MF,Paris Saint-Germain,fr Ligue 1,18-303,2007,4.0,1,9,3,33.3,2.25,0.75,0.11,0.33,0,0,Matches
1865,Tanguy Ndombele,fr FRA,MF,Nice,fr Ligue 1,29-145,1996,3.1,0,5,1,20.0,1.64,0.33,0.00,0.00,0,0,Matches
1866,Cher Ndour,it ITA,MF,Fiorentina,it Serie A,21-299,2004,20.6,3,24,8,33.3,1.17,0.39,0.13,0.38,0,0,Matches
1867,Dan Ndoye,ch SUI,MF,Nottingham Forest,eng Premier League,25-209,2000,13.0,1,15,4,26.7,1.15,0.31,0.07,0.25,0,0,Matches
1868,Joseph Nduquidi,fr FRA,MF,Metz,fr Ligue 1,21-203,2004,0.1,0,0,0,,0.00,0.00,,,0,0,Matches
1869,Paul Nebel,de GER,MF,Mainz 05,de Bundesliga,23-224,2002,23.0,5,32,8,25.0,1.39,0.35,0.16,0.63,0,0,Matches
1870,Kosta Nedeljković,rs SRB,DF,RB Leipzig,de Bundesliga,20-157,2005,2.8,0,0,0,,0.00,0.00,,,0,0,Matches
1871,Loïc Nego,hu HUN,"DF,MF",Le Havre,fr Ligue 1,35-127,1991,26.0,0,16,3,18.8,0.62,0.12,0.00,0.00,0,0,Matches
1872,Dan Neil,eng ENG,MF,Sunderland,eng Premier League,24-160,2001,0.2,0,0,0,,0.00,0.00,,,0,0,Matches
1873,Reiss Nelson,eng ENG,"FW,MF",Brentford,eng Premier League,26-163,1999,1.4,0,5,1,20.0,3.63,0.73,0.00,0.00,0,0,Matches
1874,Victor Nelsson,dk DEN,DF,Hellas Verona,it Serie A,27-220,1998,35.8,0,8,1,12.5,0.22,0.03,0.00,0.00,0,0,Matches
1875,David Neres,br BRA,"FW,MF",Napoli,it Serie A,29-080,1997,10.2,3,17,4,23.5,1.66,0.39,0.18,0.75,0,0,Matches
1876,Martim Neto,pt POR,MF,Elche,es La Liga,23-128,2003,15.0,2,12,4,33.3,0.80,0.27,0.17,0.50,0,0,Matches
1877,Pedro Neto,pt POR,MF,Chelsea,eng Premier League,26-074,2000,28.5,5,46,13,28.3,1.61,0.46,0.11,0.38,0,0,Matches
1878,Luca Netz,de GER,"MF,DF",Gladbach,de Bundesliga,23-007,2003,10.4,0,2,0,0.0,0.19,0.00,0.00,,0,0,Matches
1879,Luca Netz,de GER,"DF,MF",Nottingham Forest,eng Premier League,23-007,2003,3.7,0,0,0,,0.00,0.00,,,0,0,Matches
1880,Manuel Neuer,de GER,GK,Bayern Munich,de Bundesliga,40-056,1986,20.7,0,0,0,,0.00,0.00,,,0,0,Matches
1881,Florian Neuhaus,de GER,"MF,FW",Gladbach,de Bundesliga,29-067,1997,10.3,0,22,6,27.3,2.13,0.58,0.00,0.00,0,0,Matches
1882,Cenny Neumann,de GER,DF,Köln,de Bundesliga,19-130,2007,0.8,0,0,0,,0.00,0.00,,,0,0,Matches
1883,João Neves,pt POR,MF,Paris Saint-Germain,fr Ligue 1,21-237,2004,14.3,5,27,6,22.2,1.89,0.42,0.19,0.83,0,0,Matches
1884,Yvan Neyou,cm CMR,MF,Getafe,es La Liga,29-139,1997,0.7,0,0,0,,0.00,0.00,,,0,0,Matches
1885,Jessic Ngankam,de GER,FW,Eintracht Frankfurt,de Bundesliga,25-306,2000,0.7,0,0,0,,0.00,0.00,,,0,0,Matches
1886,Oumar Ngom,mr MTN,MF,Lecce,it Serie A,22-074,2004,8.9,0,5,2,40.0,0.56,0.23,0.00,0.00,0,0,Matches
1887,Cyril Ngonge,be BEL,FW,Torino,it Serie A,25-361,2000,11.0,1,24,12,50.0,2.17,1.09,0.04,0.08,0,0,Matches
1888,Cyril Ngonge,be BEL,MF,Espanyol,es La Liga,25-361,2000,4.7,0,11,4,36.4,2.33,0.85,0.00,0.00,0,0,Matches
1889,Mikayil Ngor Faye,sn SEN,"MF,DF",Cremonese,it Serie A,21-312,2004,2.8,0,2,0,0.0,0.71,0.00,0.00,,0,0,Matches
1890,Mikayil Ngor Faye,sn SEN,MF,Rennes,fr Ligue 1,21-312,2004,0.1,0,0,0,,0.00,0.00,,,0,0,Matches
1891,Nathan Ngoy,be BEL,DF,Lille,fr Ligue 1,22-346,2003,26.7,1,22,6,27.3,0.82,0.22,0.05,0.17,0,0,Matches
1892,Bernard Nguene,cm CMR,FW,Nice,fr Ligue 1,19-291,2006,1.5,0,3,0,0.0,1.96,0.00,0.00,,0,0,Matches
1893,Rio Ngumoha,eng ENG,MF,Liverpool,eng Premier League,17-266,2008,5.4,2,14,6,42.9,2.58,1.11,0.14,0.33,0,0,Matches
1894,Moussa Niakhate,sn SEN,DF,Lyon,fr Ligue 1,30-075,1996,30.7,0,4,0,0.0,0.13,0.00,0.00,,0,0,Matches
1895,Abdoulaye Niakhate Ndiaye,sn SEN,DF,Parma,it Serie A,24-042,2002,8.3,0,6,0,0.0,0.72,0.00,0.00,,0,0,Matches
1896,Youssoupha Niang,de GER,MF,Köln,de Bundesliga,20-058,2006,2.2,0,5,1,20.0,2.32,0.46,0.00,0.00,0,0,Matches
1897,Tanguy Nianzou,fr FRA,DF,Sevilla,es La Liga,23-349,2002,7.3,0,9,0,0.0,1.24,0.00,0.00,,0,0,Matches
1898,Cheikh Niasse,sn SEN,MF,Hellas Verona,it Serie A,26-123,2000,10.8,0,6,1,16.7,0.56,0.09,0.00,0.00,0,0,Matches
1899,Samuel Nibombé,be BEL,DF,Monaco,fr Ligue 1,18-280,2007,0.0,0,0,0,,0.00,0.00,,,0,0,Matches
1900,Rasmus Nicolaisen,dk DEN,DF,Toulouse,fr Ligue 1,29-067,1997,28.5,1,15,5,33.3,0.53,0.18,0.07,0.20,0,0,Matches
1901,Moritz Nicolas,de GER,GK,Gladbach,de Bundesliga,28-213,1997,34.0,0,0,0,,0.00,0.00,,,0,0,Matches
1902,Hans Nicolussi Caviglia,it ITA,MF,Fiorentina,it Serie A,25-338,2000,6.5,0,4,1,25.0,0.62,0.15,0.00,0.00,0,0,Matches
1903,Hans Nicolussi Caviglia,it ITA,MF,Parma,it Serie A,25-338,2000,8.7,0,13,1,7.7,1.50,0.12,0.00,0.00,0,0,Matches
1904,Julian Niehues,de GER,MF,Heidenheim,de Bundesliga,25-035,2001,15.4,3,18,5,27.8,1.17,0.33,0.17,0.60,0,0,Matches
1905,Oliver Nielsen,dk DEN,DF,Lazio,it Serie A,22-352,2003,16.6,0,6,2,33.3,0.36,0.12,0.00,0.00,0,0,Matches
1906,Alieu Njie,se SWE,"MF,FW",Torino,it Serie A,21-008,2005,3.0,1,5,2,40.0,1.66,0.66,0.20,0.50,0,0,Matches
1907,Justin Njinmah,de GER,"FW,MF",Werder Bremen,de Bundesliga,25-188,2000,21.6,5,62,23,37.1,2.87,1.06,0.08,0.22,0,0,Matches
1908,Obed Nkambadio,fr FRA,GK,Paris FC,fr Ligue 1,23-104,2003,12.0,0,0,0,,0.00,0.00,,,0,0,Matches
1909,Eddie Nketiah,eng ENG,MF,Crystal Palace,eng Premier League,26-357,1999,4.7,2,15,6,40.0,3.18,1.27,0.13,0.33,0,0,Matches
1910,Niels Nkounkou,fr FRA,"MF,DF",Torino,it Serie A,25-202,2000,3.6,0,4,1,25.0,1.10,0.28,0.00,0.00,0,0,Matches
1911,Christopher Nkunku,fr FRA,FW,Milan,it Serie A,28-189,1997,14.4,7,28,15,53.6,1.94,1.04,0.07,0.13,5,5,Matches
1912,Felix Nmecha,de GER,MF,Dortmund,de Bundesliga,25-224,2000,24.2,2,33,7,21.2,1.36,0.29,0.06,0.29,0,1,Matches
1913,Lukas Nmecha,de GER,FW,Leeds United,eng Premier League,27-159,1998,11.0,6,29,16,55.2,2.63,1.45,0.14,0.25,2,3,Matches
1914,Tochukwu Nnadi,ng NGA,"MF,DF",Marseille,fr Ligue 1,22-326,2003,3.9,0,4,1,25.0,1.03,0.26,0.00,0.00,0,0,Matches
1915,Martin Nogoto Bley,bf BFA,MF,Lorient,fr Ligue 1,20-119,2006,0.0,0,0,0,,0.00,0.00,,,0,0,Matches
1916,Arnaud Nordin,fr FRA,"MF,FW",Mainz 05,de Bundesliga,27-339,1998,5.2,0,13,2,15.4,2.49,0.38,0.00,0.00,0,0,Matches
1917,Arnaud Nordin,fr FRA,"FW,MF",Rennes,fr Ligue 1,27-339,1998,6.3,1,20,5,25.0,3.16,0.79,0.05,0.20,0,0,Matches
1918,Brooke Norton-Cuffy,eng ENG,"MF,DF",Genoa,it Serie A,22-130,2004,24.2,2,15,6,40.0,0.62,0.25,0.13,0.33,0,0,Matches
1919,Tijjani Noslin,nl NED,FW,Lazio,it Serie A,26-319,1999,11.8,4,33,11,33.3,2.81,0.94,0.12,0.36,0,0,Matches
1920,Tyrese Noubissié,fr FRA,MF,Strasbourg,fr Ligue 1,17-009,2009,0.6,0,0,0,,0.00,0.00,,,0,0,Matches
1921,Noah Nsoki,fr FRA,MF,Paris Saint-Germain,fr Ligue 1,19-091,2007,0.1,0,0,0,,0.00,0.00,,,0,0,Matches
1922,Randy Nteka,ao ANG,FW,Rayo Vallecano,es La Liga,28-167,1997,3.2,2,11,4,36.4,3.49,1.27,0.18,0.50,0,1,Matches
1923,Ernest Nuamah,gh GHA,"FW,MF",Lyon,fr Ligue 1,22-202,2003,0.4,0,2,0,0.0,5.14,0.00,0.00,,0,0,Matches
1924,Alexander Nübel,de GER,GK,Stuttgart,de Bundesliga,29-234,1996,34.0,0,0,0,,0.00,0.00,,,0,0,Matches
1925,Matheus Nunes,pt POR,DF,Manchester City,eng Premier League,27-268,1998,31.8,1,7,2,28.6,0.22,0.06,0.14,0.50,0,0,Matches
1926,Álvaro Núñez,es ESP,"DF,MF",Elche,es La Liga,25-319,2000,18.3,0,4,0,0.0,0.22,0.00,0.00,,0,0,Matches
1927,Álvaro Núñez,es ESP,"DF,MF",Celta Vigo,es La Liga,25-319,2000,3.6,0,2,1,50.0,0.55,0.27,0.00,0.00,0,0,Matches
1928,Unai Núñez,es ESP,DF,Hellas Verona,it Serie A,29-112,1997,14.1,0,7,1,14.3,0.50,0.07,0.00,0.00,0,0,Matches
1929,Unai Núñez,es ESP,DF,Valencia,es La Liga,29-112,1997,9.1,0,5,0,0.0,0.55,0.00,0.00,,0,0,Matches
1930,Joi Nuredini,al ALB,FW,Genoa,it Serie A,18-290,2007,0.0,0,0,0,,0.00,0.00,,,0,0,Matches
1931,Antonio Nusa,no NOR,"FW,MF",RB Leipzig,de Bundesliga,21-035,2005,22.5,4,61,20,32.8,2.71,0.89,0.07,0.20,0,0,Matches
1932,Ethan Nwaneri,eng ENG,MF,Arsenal,eng Premier League,19-062,2007,1.9,0,6,0,0.0,3.16,0.00,0.00,,0,0,Matches
1933,Ethan Nwaneri,eng ENG,MF,Marseille,fr Ligue 1,19-062,2007,3.6,2,9,3,33.3,2.50,0.83,0.22,0.67,0,0,Matches
1934,Ørjan Nyland,no NOR,GK,Sevilla,es La Liga,35-254,1990,4.0,0,0,0,,0.00,0.00,,,0,0,Matches
1935,Allan Nyom,cm CMR,DF,Getafe,es La Liga,38-012,1988,4.8,0,3,1,33.3,0.62,0.21,0.00,0.00,0,0,Matches
1936,Trey Nyoni,eng ENG,MF,Liverpool,eng Premier League,18-326,2007,0.2,0,1,0,0.0,5.63,0.00,0.00,,0,0,Matches
1937,Rabby Nzingoula,fr FRA,MF,Strasbourg,fr Ligue 1,20-178,2005,0.6,0,1,0,0.0,1.76,0.00,0.00,,0,0,Matches
1938,M'Bala Nzola,ao ANG,FW,Pisa,it Serie A,29-277,1996,11.7,3,28,7,25.0,2.40,0.60,0.04,0.14,2,3,Matches
1939,M'Bala Nzola,ao ANG,FW,Sassuolo,it Serie A,29-277,1996,5.0,1,11,4,36.4,2.21,0.80,0.09,0.25,0,0,Matches
1940,Christian Nørgaard,dk DEN,MF,Arsenal,eng Premier League,32-073,1994,0.7,0,1,1,100.0,1.48,1.48,0.00,0.00,0,0,Matches
1941,Jake O'Brien,ie IRL,DF,Everton,eng Premier League,25-007,2001,34.0,1,13,6,46.2,0.38,0.18,0.08,0.17,0,0,Matches
1942,Luke O'Nien,eng ENG,DF,Sunderland,eng Premier League,31-182,1994,5.3,0,2,0,0.0,0.38,0.00,0.00,,0,0,Matches
1943,Matt O'Riley,dk DEN,MF,Marseille,fr Ligue 1,25-182,2000,8.2,1,7,3,42.9,0.85,0.36,0.14,0.33,0,0,Matches
1944,Matt O'Riley,dk DEN,MF,Brighton,eng Premier League,25-182,2000,2.3,1,4,2,50.0,1.76,0.88,0.00,0.00,1,1,Matches
1945,Adam Obert,sk SVK,"DF,MF",Cagliari,it Serie A,23-272,2002,29.8,0,10,3,30.0,0.34,0.10,0.00,0.00,0,0,Matches
1946,Jan Oblak,si SVN,GK,Atlético Madrid,es La Liga,33-135,1993,30.0,0,0,0,,0.00,0.00,,,0,0,Matches
1947,Noam Obougou Jacquet,fr FRA,FW,Le Havre,fr Ligue 1,20-068,2006,1.2,1,4,3,75.0,3.46,2.60,0.25,0.33,0,0,Matches
1948,Rafel Obrador,es ESP,MF,Torino,it Serie A,22-087,2004,11.7,1,7,2,28.6,0.60,0.17,0.14,0.50,0,0,Matches
1949,Job Ochieng',ke KEN,MF,Real Sociedad,es La Liga,23-125,2003,0.3,0,0,0,,0.00,0.00,,,0,0,Matches
1950,Cas Odenthal,nl NED,DF,Sassuolo,it Serie A,25-238,2000,0.0,0,0,0,,0.00,0.00,,,0,0,Matches
1951,Jens Odgaard,dk DEN,MF,Bologna,it Serie A,27-052,1999,15.0,5,35,13,37.1,2.33,0.86,0.14,0.38,0,0,Matches
1952,Wilson Odobert,fr FRA,"MF,FW",Tottenham Hotspur,eng Premier League,21-175,2004,10.9,0,21,8,38.1,1.92,0.73,0.00,0.00,0,0,Matches
1953,David Odogu,de GER,DF,Milan,it Serie A,19-353,2006,0.1,0,0,0,,0.00,0.00,,,0,0,Matches
1954,Álvaro Odriozola,es ESP,DF,Real Sociedad,es La Liga,30-159,1995,2.2,1,1,1,100.0,0.45,0.45,1.00,1.00,0,0,Matches
1955,Tim Oermann,de GER,DF,Leverkusen,de Bundesliga,22-228,2003,0.2,0,0,0,,0.00,0.00,,,0,0,Matches
1956,Deniz Ofli,tr TUR,DF,Bayern Munich,de Bundesliga,19-054,2007,0.1,0,0,0,,0.00,0.00,,,0,0,Matches
1957,Ifechukwu Ogbus,ch SUI,DF,Freiburg,de Bundesliga,20-156,2005,13.1,0,5,2,40.0,0.38,0.15,0.00,0.00,0,0,Matches
1958,Uchenna Ogundu,ng NGA,FW,Augsburg,de Bundesliga,20-010,2006,0.5,0,3,0,0.0,5.74,0.00,0.00,,0,0,Matches
1959,Noah Okafor,ch SUI,"FW,MF",Leeds United,eng Premier League,25-363,2000,17.3,8,35,15,42.9,2.02,0.86,0.23,0.53,0,0,Matches
1960,David Okereke,ng NGA,"FW,MF",Cremonese,it Serie A,28-266,1997,4.5,2,8,5,62.5,1.79,1.12,0.25,0.40,0,0,Matches
1961,Bryan Okoh,ch SUI,DF,Auxerre,fr Ligue 1,23-006,2003,11.2,3,8,3,37.5,0.72,0.27,0.38,1.00,0,0,Matches
1962,Maduka Okoye,ng NGA,GK,Udinese,it Serie A,26-267,1999,28.1,0,0,0,,0.00,0.00,,,0,0,Matches
1963,Javier Olaizola,es ESP,DF,Mallorca,es La Liga,19-068,2007,0.5,0,0,0,,0.00,0.00,,,0,0,Matches
1964,Olasagasti,es ESP,MF,Levante,es La Liga,25-279,2000,18.4,1,26,8,30.8,1.41,0.43,0.04,0.13,0,0,Matches
1965,Michael Olise,fr FRA,MF,Bayern Munich,de Bundesliga,24-161,2001,25.7,15,102,50,49.0,3.96,1.94,0.15,0.30,0,0,Matches
1966,Mathías Olivera,uy URU,"DF,MF",Napoli,it Serie A,28-203,1997,14.7,0,8,3,37.5,0.54,0.20,0.00,0.00,0,0,Matches
1967,Tuomas Ollila,fi FIN,DF,Paris FC,fr Ligue 1,26-028,2000,3.4,0,4,1,25.0,1.17,0.29,0.00,0.00,0,0,Matches
1968,Dani Olmo,es ESP,MF,Barcelona,es La Liga,28-015,1998,22.3,7,69,21,30.4,3.10,0.94,0.10,0.33,0,0,Matches
1969,Callum Olusesi,eng ENG,MF,Tottenham Hotspur,eng Premier League,19-125,2007,0.2,0,0,0,,0.00,0.00,,,0,0,Matches
1970,Tani Oluwaseyi,ca CAN,FW,Villarreal,es La Liga,26-007,2000,10.0,2,16,7,43.8,1.60,0.70,0.13,0.29,0,0,Matches
1971,Warmed Omari,km COM,DF,Hamburger SV,de Bundesliga,26-029,2000,17.8,0,3,1,33.3,0.17,0.06,0.00,0.00,0,0,Matches
1972,Andrew Omobamidele,ie IRL,DF,Strasbourg,fr Ligue 1,23-333,2002,15.1,1,4,3,75.0,0.27,0.20,0.25,0.33,0,0,Matches
1973,Amadou Onana,be BEL,MF,Aston Villa,eng Premier League,24-279,2001,19.3,2,19,7,36.8,0.98,0.36,0.11,0.29,0,0,Matches
1974,Jean Onana,cm CMR,MF,Genoa,it Serie A,26-134,2000,0.5,0,1,0,0.0,2.00,0.00,0.00,,0,0,Matches
1975,Jacob Ondrejka,se SWE,"FW,MF",Parma,it Serie A,23-262,2002,8.6,0,21,7,33.3,2.45,0.82,0.00,0.00,0,0,Matches
1976,Frank Onyeka,ng NGA,MF,Brentford,eng Premier League,28-141,1998,1.0,0,0,0,,0.00,0.00,,,0,0,Matches
1977,Loïs Openda,be BEL,FW,RB Leipzig,de Bundesliga,26-095,2000,0.6,0,3,0,0.0,5.29,0.00,0.00,,0,0,Matches
1978,Loïs Openda,be BEL,"FW,MF",Juventus,it Serie A,26-095,2000,7.4,1,26,6,23.1,3.51,0.81,0.04,0.17,0,0,Matches
1979,Fredrik Oppegard,no NOR,"MF,DF",Auxerre,fr Ligue 1,23-288,2002,13.8,0,10,2,20.0,0.72,0.14,0.00,0.00,0,0,Matches
1980,Louis Oppie,de GER,MF,St Pauli,de Bundesliga,24-005,2002,18.0,1,15,4,26.7,0.83,0.22,0.07,0.25,0,0,Matches
1981,Gift Orban,ng NGA,FW,Hellas Verona,it Serie A,23-309,2002,22.5,7,85,28,32.9,3.77,1.24,0.06,0.18,2,2,Matches
1982,Willi Orban,hu HUN,DF,RB Leipzig,de Bundesliga,33-200,1992,32.8,2,20,9,45.0,0.61,0.27,0.10,0.22,0,0,Matches
1983,Christian Ordoñez,ar ARG,MF,Parma,it Serie A,21-302,2004,11.1,1,8,2,25.0,0.72,0.18,0.13,0.50,0,0,Matches
1984,Luis Orejuela,,DF,Mallorca,es La Liga,,,1.0,0,1,0,0.0,1.00,0.00,0.00,,0,0,Matches
1985,Nehemiah Oriola,eng ENG,MF,Brighton,eng Premier League,18-345,2007,0.0,0,0,0,,0.00,0.00,,,0,0,Matches
1986,Gaetano Oristanio,it ITA,"FW,MF",Parma,it Serie A,23-236,2002,9.5,1,24,4,16.7,2.51,0.42,0.04,0.25,0,0,Matches
1987,Aimar Oroz,es ESP,"MF,FW",Osasuna,es La Liga,24-176,2001,22.9,0,29,4,13.8,1.27,0.17,0.00,0.00,0,0,Matches
1988,Riccardo Orsolini,it ITA,"MF,FW",Bologna,it Serie A,29-118,1997,23.5,10,82,31,37.8,3.50,1.32,0.07,0.19,4,6,Matches
1989,Stefan Ortega,de GER,GK,Nottingham Forest,eng Premier League,33-197,1992,3.0,0,0,0,,0.00,0.00,,,0,0,Matches
1990,Ángel Ortíz,es ESP,DF,Real Betis,es La Liga,21-301,2004,6.5,0,1,0,0.0,0.15,0.00,0.00,,0,0,Matches
1991,Asier Osambela,es ESP,DF,Osasuna,es La Liga,22-103,2004,3.7,1,5,2,40.0,1.35,0.54,0.20,0.50,0,0,Matches
1992,Gabriel Osho,ng NGA,DF,Auxerre,fr Ligue 1,27-281,1998,1.5,0,0,0,,0.00,0.00,,,0,0,Matches
1993,Ibrahim Osman,gh GHA,"MF,FW",Auxerre,fr Ligue 1,21-174,2004,6.9,0,18,6,33.3,2.59,0.86,0.00,0.00,0,0,Matches
1994,Erblin Osmani,de GER,MF,Bayern Munich,de Bundesliga,17-003,2009,0.0,0,0,0,,0.00,0.00,,,0,0,Matches
1995,Patrick Osterhage,de GER,MF,Freiburg,de Bundesliga,26-110,2000,13.2,1,7,2,28.6,0.53,0.15,0.14,0.50,0,0,Matches
1996,William Osula,dk DEN,FW,Newcastle United,eng Premier League,22-291,2003,8.4,7,23,12,52.2,2.75,1.43,0.30,0.58,0,0,Matches
1997,Philip Otele,ng NGA,"MF,FW",Hamburger SV,de Bundesliga,27-037,1999,5.2,1,7,3,42.9,1.34,0.57,0.14,0.33,0,0,Matches
1998,Sebastian Otoa,dk DEN,DF,Genoa,it Serie A,22-009,2004,8.2,0,3,2,66.7,0.37,0.24,0.00,0.00,0,0,Matches
1999,Abdoul Ouattara,fr FRA,"MF,DF",Strasbourg,fr Ligue 1,20-212,2005,19.6,2,27,11,40.7,1.37,0.56,0.07,0.18,0,0,Matches
2000,Dango Ouattara,bf BFA,MF,Brentford,eng Premier League,24-100,2002,24.3,7,53,20,37.7,2.18,0.82,0.13,0.35,0,0,Matches
2001,Kassoum Ouattara,fr FRA,"MF,DF",Monaco,fr Ligue 1,21-220,2004,10.7,0,12,0,0.0,1.12,0.00,0.00,,0,0,Matches
2002,Assan Ouedraogo,de GER,MF,RB Leipzig,de Bundesliga,20-013,2006,10.5,4,27,13,48.1,2.56,1.23,0.15,0.31,0,0,Matches
2003,Latif Ouedraogo,bf BFA,DF,Genoa,it Serie A,18-211,2007,0.2,0,0,0,,0.00,0.00,,,0,0,Matches
2004,Azzedine Ounahi,ma MAR,MF,Girona,es La Liga,26-033,2000,18.6,5,50,18,36.0,2.69,0.97,0.08,0.22,1,1,Matches
2005,Elisha Owusu,gh GHA,MF,Auxerre,fr Ligue 1,28-196,1997,26.0,0,7,0,0.0,0.27,0.00,0.00,,0,0,Matches
2006,Mikel Oyarzabal,es ESP,FW,Real Sociedad,es La Liga,29-031,1997,30.0,15,79,36,45.6,2.64,1.20,0.10,0.22,7,7,Matches
2007,Max Oyedele,pl POL,"MF,DF",Strasbourg,fr Ligue 1,21-196,2004,5.0,1,2,1,50.0,0.40,0.20,0.50,1.00,0,0,Matches
2008,Daniel Oyegoke,eng ENG,"MF,DF",Hellas Verona,it Serie A,23-139,2003,6.6,0,3,1,33.3,0.45,0.15,0.00,0.00,0,0,Matches
2009,Salih Özcan,tr TUR,MF,Dortmund,de Bundesliga,28-131,1998,0.9,0,1,0,0.0,1.11,0.00,0.00,,0,0,Matches
2010,Berke Özer,tr TUR,GK,Lille,fr Ligue 1,25-362,2000,31.5,0,0,0,,0.00,0.00,,,0,0,Matches
2011,Cenk Özkacar,tr TUR,DF,Köln,de Bundesliga,25-228,2000,19.9,0,11,4,36.4,0.55,0.20,0.00,0.00,0,0,Matches
2012,Nico O’Reilly,eng ENG,"DF,MF",Manchester City,eng Premier League,21-062,2005,29.4,5,41,15,36.6,1.39,0.51,0.12,0.33,0,0,Matches
2013,Pablo,br BRA,"MF,FW",West Ham United,eng Premier League,22-140,2004,8.6,0,10,2,20.0,1.16,0.23,0.00,0.00,0,0,Matches
2014,Jon Pacheco,es ESP,DF,Alavés,es La Liga,25-134,2001,19.3,0,4,1,25.0,0.21,0.05,0.00,0.00,0,0,Matches
2015,Willian Pacho,ec ECU,DF,Paris Saint-Germain,fr Ligue 1,24-218,2001,21.3,0,8,1,12.5,0.38,0.05,0.00,0.00,0,0,Matches
2016,Daniele Padelli,it ITA,GK,Udinese,it Serie A,40-209,1985,2.0,0,0,0,,0.00,0.00,,,0,0,Matches
2017,Kendry Páez,ec ECU,"MF,FW",Strasbourg,fr Ligue 1,19-018,2007,4.7,1,10,4,40.0,2.12,0.85,0.10,0.25,0,0,Matches
2018,Pablo Pagis,fr FRA,"MF,FW",Lorient,fr Ligue 1,23-144,2002,19.5,10,59,19,32.2,3.02,0.97,0.14,0.42,2,2,Matches
2019,Igor Paixão,br BRA,MF,Marseille,fr Ligue 1,25-328,2000,21.9,6,57,23,40.4,2.60,1.05,0.11,0.26,0,0,Matches
2020,César Palacios,es ESP,MF,Real Madrid,es La Liga,21-192,2004,1.0,0,2,0,0.0,2.09,0.00,0.00,,0,0,Matches
2021,Exequiel Palacios,ar ARG,MF,Leverkusen,de Bundesliga,27-229,1998,12.2,0,10,2,20.0,0.82,0.16,0.00,0.00,0,0,Matches
2022,Isaac Palazón Camacho,es ESP,"MF,FW",Rayo Vallecano,es La Liga,31-146,1994,25.0,3,52,15,28.8,2.08,0.60,0.02,0.07,2,3,Matches
2023,Alberto Paleari,it ITA,GK,Torino,it Serie A,33-266,1992,28.0,0,0,0,,0.00,0.00,,,0,0,Matches
2024,Marco Palestra,it ITA,"MF,DF",Cagliari,it Serie A,21-080,2005,33.9,1,27,7,25.9,0.80,0.21,0.04,0.14,0,0,Matches
2025,João Palhinha,pt POR,MF,Tottenham Hotspur,eng Premier League,30-317,1995,23.4,4,28,8,28.6,1.19,0.34,0.14,0.50,0,0,Matches
2026,Matteo Palma,de GER,DF,Udinese,it Serie A,18-070,2008,1.3,0,0,0,,0.00,0.00,,,0,0,Matches
2027,Cole Palmer,eng ENG,MF,Chelsea,eng Premier League,24-016,2002,20.7,9,61,23,37.7,2.94,1.11,0.07,0.17,5,6,Matches
2028,Emerson Palmieri,it ITA,"DF,MF",Marseille,fr Ligue 1,31-292,1994,23.5,0,15,2,13.3,0.64,0.09,0.00,0.00,0,0,Matches
2029,Diego Pampín,es ESP,DF,Levante,es La Liga,26-068,2000,5.9,0,3,0,0.0,0.51,0.00,0.00,,0,0,Matches
2030,Jahyann Pandore,fr FRA,MF,Metz,fr Ligue 1,18-178,2007,1.0,1,2,1,50.0,2.05,1.02,0.50,1.00,0,0,Matches
2031,Joaquín Panichelli,ar ARG,FW,Strasbourg,fr Ligue 1,23-227,2002,24.4,16,58,31,53.4,2.38,1.27,0.19,0.35,5,6,Matches
2032,Leart Paqarada,xk KVX,DF,Heidenheim,de Bundesliga,31-226,1994,0.1,0,0,0,,0.00,0.00,,,0,0,Matches
2033,Lucas Paquetá,br BRA,"MF,FW",West Ham United,eng Premier League,28-268,1997,16.8,4,23,11,47.8,1.37,0.66,0.09,0.18,2,2,Matches
2034,Victor Parada,es ESP,DF,Alavés,es La Liga,24-048,2002,23.5,0,11,2,18.2,0.47,0.09,0.00,0.00,0,0,Matches
2035,Aitor Paredes,es ESP,DF,Athletic Club,es La Liga,26-023,2000,17.1,2,13,4,30.8,0.76,0.23,0.15,0.50,0,0,Matches
2036,Kevin Paredes,us USA,MF,Wolfsburg,de Bundesliga,23-015,2003,1.8,0,2,1,50.0,1.10,0.55,0.00,0.00,0,0,Matches
2037,Daniel Parejo,es ESP,MF,Villarreal,es La Liga,37-036,1989,14.7,0,2,0,0.0,0.14,0.00,0.00,,0,0,Matches
2038,Fabiano Parisi,it ITA,"MF,FW",Fiorentina,it Serie A,25-194,2000,16.9,1,24,7,29.2,1.42,0.41,0.04,0.14,0,0,Matches
2039,Thomas Partey,gh GHA,MF,Villarreal,es La Liga,32-343,1993,10.4,0,11,2,18.2,1.06,0.19,0.00,0.00,0,0,Matches
2040,Mario Pašalić,hr CRO,MF,Atalanta,it Serie A,31-102,1995,20.5,3,18,6,33.3,0.88,0.29,0.17,0.50,0,0,Matches
2041,Patric,es ESP,"MF,DF",Lazio,it Serie A,33-035,1993,7.4,0,5,0,0.0,0.67,0.00,0.00,,0,0,Matches
2042,Nathan Patterson,sct SCO,DF,Everton,eng Premier League,24-218,2001,2.7,0,1,1,100.0,0.37,0.37,0.00,0.00,0,0,Matches
2043,Benjamin Pavard,fr FRA,DF,Marseille,fr Ligue 1,30-055,1996,21.4,1,11,3,27.3,0.51,0.14,0.09,0.33,0,0,Matches
2044,Benjamin Pavard,fr FRA,DF,Inter,it Serie A,30-055,1996,1.0,0,1,1,100.0,1.00,1.00,0.00,0.00,0,0,Matches
2045,Aleksandar Pavlovic,de GER,MF,Bayern Munich,de Bundesliga,22-019,2004,16.2,3,10,5,50.0,0.62,0.31,0.30,0.60,0,0,Matches
2046,Strahinja Pavlović,rs SRB,DF,Milan,it Serie A,24-363,2001,30.9,5,25,6,24.0,0.81,0.19,0.20,0.83,0,0,Matches
2047,Leonardo Pavoletti,it ITA,FW,Cagliari,it Serie A,37-177,1988,2.5,1,6,1,16.7,2.38,0.40,0.17,1.00,0,0,Matches
2048,Martín Payero,ar ARG,MF,Cremonese,it Serie A,27-253,1998,16.2,1,23,8,34.8,1.42,0.49,0.04,0.13,0,0,Matches
2049,Nicolás Paz,ar ARG,MF,Como,it Serie A,21-256,2004,32.0,12,121,48,39.7,3.78,1.50,0.10,0.25,0,2,Matches
2050,Myles Peart-Harris,eng ENG,MF,Brentford,eng Premier League,23-246,2002,0.0,0,0,0,,0.00,0.00,,,0,0,Matches
2051,Mads Pedersen,dk DEN,MF,Augsburg,de Bundesliga,29-263,1996,2.3,0,3,0,0.0,1.29,0.00,0.00,,0,0,Matches
2052,Marcus Pedersen,no NOR,"MF,DF",Torino,it Serie A,25-310,2000,23.0,1,15,3,20.0,0.65,0.13,0.07,0.33,0,0,Matches
2053,Alfonso Pedraza,es ESP,DF,Villarreal,es La Liga,30-043,1996,18.0,1,11,3,27.3,0.61,0.17,0.09,0.33,0,0,Matches
2054,Pedri,es ESP,MF,Barcelona,es La Liga,23-178,2002,23.4,2,21,10,47.6,0.90,0.43,0.10,0.20,0,0,Matches
2055,Pedro,es ESP,"FW,MF",Lazio,it Serie A,38-298,1987,10.2,4,20,9,45.0,1.95,0.88,0.10,0.22,2,2,Matches
2056,Zé Pedro Figueiredo,pt POR,DF,Cagliari,it Serie A,28-350,1997,18.2,0,5,0,0.0,0.27,0.00,0.00,,0,0,Matches
2057,Adrià Pedrosa,es ESP,"DF,MF",Elche,es La Liga,28-009,1998,11.9,1,12,3,25.0,1.01,0.25,0.08,0.33,0,0,Matches
2058,Adrià Pedrosa,es ESP,"DF,MF",Sevilla,es La Liga,28-009,1998,0.1,0,0,0,,0.00,0.00,,,0,0,Matches
2059,Dženan Pejčinović,de GER,FW,Wolfsburg,de Bundesliga,21-096,2005,16.2,8,51,23,45.1,3.14,1.42,0.16,0.35,0,0,Matches
2060,Lorenzo Pellegrini,it ITA,MF,Roma,it Serie A,29-337,1996,16.3,4,32,12,37.5,1.97,0.74,0.06,0.17,2,2,Matches
2061,Luca Pellegrini,it ITA,DF,Lazio,it Serie A,27-076,1999,15.4,1,6,4,66.7,0.39,0.26,0.17,0.25,0,0,Matches
2062,Mateo Pellegrino,ar ARG,FW,Parma,it Serie A,25-082,2001,32.2,8,70,21,30.0,2.18,0.65,0.10,0.33,1,1,Matches
2063,Timothee Pembele,fr FRA,"MF,DF",Le Havre,fr Ligue 1,23-255,2002,4.2,0,4,2,50.0,0.94,0.47,0.00,0.00,0,0,Matches
2064,Faris Pemi Moumbagna,cm CMR,FW,Cremonese,it Serie A,25-325,2000,1.0,0,2,0,0.0,1.94,0.00,0.00,,0,0,Matches
2065,Iñaki Peña,es ESP,GK,Elche,es La Liga,27-081,1999,16.0,0,0,0,,0.00,0.00,,,0,0,Matches
2066,Mike Penders,be BEL,GK,Strasbourg,fr Ligue 1,20-295,2005,33.0,0,0,0,,0.00,0.00,,,0,0,Matches
2067,Nicolas Pépé,ci CIV,"MF,FW",Villarreal,es La Liga,30-358,1995,25.6,8,59,24,40.7,2.31,0.94,0.12,0.29,1,1,Matches
2068,Kojo Peprah Oppong,gh GHA,DF,Nice,fr Ligue 1,21-352,2004,26.9,1,10,3,30.0,0.37,0.11,0.10,0.33,0,0,Matches
2069,Peque,es ESP,"MF,FW",Sevilla,es La Liga,23-230,2002,10.2,2,14,6,42.9,1.37,0.59,0.14,0.33,0,0,Matches
2070,Everton Pereira,fr FRA,MF,Nice,fr Ligue 1,19-040,2007,1.5,0,2,0,0.0,1.33,0.00,0.00,,0,0,Matches
2071,Mathias Pereira Lage,pt POR,"MF,FW",St Pauli,de Bundesliga,29-173,1996,22.4,2,43,15,34.9,1.92,0.67,0.05,0.13,0,0,Matches
2072,Ángel Pérez,es ESP,"MF,DF",Alavés,es La Liga,23-266,2002,13.3,1,13,3,23.1,0.98,0.23,0.08,0.33,0,0,Matches
2073,Ayoze Pérez,es ESP,FW,Villarreal,es La Liga,32-297,1993,11.7,3,20,9,45.0,1.71,0.77,0.10,0.22,1,1,Matches
2074,Francisco Perez,es ESP,"MF,FW",Rayo Vallecano,es La Liga,23-255,2002,13.7,2,17,8,47.1,1.24,0.58,0.12,0.25,0,0,Matches
2075,Joselu Pérez,es ESP,DF,Getafe,es La Liga,22-071,2004,0.2,0,1,0,0.0,4.09,0.00,0.00,,0,0,Matches
2076,Matías Pérez,cl CHI,DF,Lecce,it Serie A,21-039,2005,0.3,0,0,0,,0.00,0.00,,,0,0,Matches
2077,Nacho Pérez,es ESP,DF,Levante,es La Liga,17-263,2008,1.6,0,0,0,,0.00,0.00,,,0,0,Matches
2078,Simone Perilli,it ITA,GK,Hellas Verona,it Serie A,31-135,1995,3.0,0,0,0,,0.00,0.00,,,0,0,Matches
2079,Mattia Perin,it ITA,GK,Juventus,it Serie A,33-193,1992,7.5,0,0,0,,0.00,0.00,,,0,0,Matches
2080,Romain Perraud,fr FRA,DF,Lille,fr Ligue 1,28-242,1997,24.9,3,33,12,36.4,1.33,0.48,0.09,0.25,0,0,Matches
2081,Lucas Perri,br BRA,GK,Leeds United,eng Premier League,28-163,1997,16.0,0,0,0,,0.00,0.00,,,0,0,Matches
2082,Gaëtan Perrin,fr FRA,"MF,FW",Lille,fr Ligue 1,29-349,1996,3.8,1,7,4,57.1,1.86,1.07,0.14,0.25,0,0,Matches
2083,Máximo Perrone,ar ARG,MF,Como,it Serie A,23-135,2003,29.5,3,18,9,50.0,0.61,0.31,0.17,0.33,0,0,Matches
2084,Massimo Pessina,it ITA,GK,Bologna,it Serie A,18-148,2007,3.9,0,0,0,,0.00,0.00,,,0,0,Matches
2085,Prosper Peter,ng NGA,FW,Angers,fr Ligue 1,18-286,2007,14.1,5,23,14,60.9,1.63,0.99,0.22,0.36,0,0,Matches
2086,Léo Pétrot,fr FRA,DF,Elche,es La Liga,29-037,1997,17.5,0,8,0,0.0,0.46,0.00,0.00,,0,0,Matches
2087,Đorđe Petrović,rs SRB,GK,Bournemouth,eng Premier League,26-226,1999,37.0,0,0,0,,0.00,0.00,,,0,0,Matches
2088,Giuseppe Pezzella,it ITA,"MF,DF",Cremonese,it Serie A,28-174,1997,27.7,0,6,0,0.0,0.22,0.00,0.00,,0,0,Matches
2089,Immanuel Pherai,sr SUR,"FW,MF",Hamburger SV,de Bundesliga,25-027,2001,0.4,0,1,0,0.0,2.57,0.00,0.00,,0,0,Matches
2090,Maximilian Philipp,de GER,"FW,MF",Freiburg,de Bundesliga,32-082,1994,0.3,0,0,0,,0.00,0.00,,,0,0,Matches
2091,Rayan Philippe,fr FRA,"FW,MF",Hamburger SV,de Bundesliga,25-211,2000,14.3,5,39,16,41.0,2.73,1.12,0.13,0.31,0,1,Matches
2092,Gabriele Piccinini,it ITA,MF,Pisa,it Serie A,25-046,2001,9.4,0,18,7,38.9,1.91,0.74,0.00,0.00,0,0,Matches
2093,Roberto Piccoli,it ITA,FW,Fiorentina,it Serie A,25-115,2001,17.6,3,44,14,31.8,2.50,0.80,0.07,0.21,0,0,Matches
2094,Charles Pickel,cd COD,MF,Espanyol,es La Liga,29-007,1997,7.9,1,10,4,40.0,1.27,0.51,0.10,0.25,0,0,Matches
2095,Jordan Pickford,eng ENG,GK,Everton,eng Premier League,32-076,1994,37.0,0,0,0,,0.00,0.00,,,0,0,Matches
2096,Amos Pieper,de GER,DF,Werder Bremen,de Bundesliga,28-125,1998,16.7,0,8,2,25.0,0.48,0.12,0.00,0.00,0,0,Matches
2097,Marvin Pieringer,de GER,"FW,MF",Heidenheim,de Bundesliga,26-230,1999,18.3,4,32,8,25.0,1.75,0.44,0.09,0.38,1,1,Matches
2098,Nicholas Pierini,it ITA,"FW,MF",Sassuolo,it Serie A,27-289,1998,1.6,0,5,2,40.0,3.17,1.27,0.00,0.00,0,0,Matches
2099,Santiago Pierotti,ar ARG,"MF,FW",Lecce,it Serie A,25-049,2001,28.0,1,32,8,25.0,1.14,0.29,0.03,0.13,0,0,Matches
2100,Balthazar Pierret,fr FRA,MF,Lecce,it Serie A,26-007,2000,0.3,0,0,0,,0.00,0.00,,,0,0,Matches
2101,Andrea Pinamonti,it ITA,FW,Sassuolo,it Serie A,27-003,1999,27.4,9,73,30,41.1,2.67,1.10,0.12,0.30,0,1,Matches
2102,Thiago Pinar,es ESP,MF,Real Madrid,es La Liga,18-292,2007,5.6,0,4,1,25.0,0.72,0.18,0.00,0.00,0,0,Matches
2103,Lander Pinillos,es ESP,MF,Alavés,es La Liga,22-228,2003,0.0,0,0,0,,0.00,0.00,,,0,0,Matches
2104,Ethan Pinnock,jm JAM,DF,Brentford,eng Premier League,32-358,1993,3.5,0,1,1,100.0,0.28,0.28,0.00,0.00,0,0,Matches
2105,Yeremi Pino,es ESP,MF,Villarreal,es La Liga,23-214,2002,1.8,0,2,1,50.0,1.13,0.57,0.00,0.00,0,0,Matches
2106,Yeremi Pino,es ESP,"MF,FW",Crystal Palace,eng Premier League,23-214,2002,22.6,2,42,11,26.2,1.86,0.49,0.05,0.18,0,0,Matches
2107,Jakub Piotrowski,pl POL,MF,Udinese,it Serie A,28-230,1997,18.3,1,36,9,25.0,1.97,0.49,0.03,0.11,0,0,Matches
2108,Joël Piroe,sr SUR,FW,Leeds United,eng Premier League,26-293,1999,2.7,0,12,2,16.7,4.41,0.73,0.00,0.00,0,0,Matches
2109,Niccolò Pisilli,it ITA,MF,Roma,it Serie A,21-241,2004,13.9,2,18,5,27.8,1.30,0.36,0.11,0.40,0,0,Matches
2110,Damián Pizarro,cl CHI,FW,Le Havre,fr Ligue 1,21-055,2005,0.3,0,0,0,,0.00,0.00,,,0,0,Matches
2111,Tommaso Pobega,it ITA,MF,Bologna,it Serie A,26-311,1999,15.2,2,24,9,37.5,1.58,0.59,0.08,0.22,0,0,Matches
2112,Paul Pogba,fr FRA,MF,Monaco,fr Ligue 1,33-068,1993,1.3,0,2,0,0.0,1.51,0.00,0.00,,0,0,Matches
2113,Ernest Poku,nl NED,MF,Leverkusen,de Bundesliga,22-114,2004,16.5,5,27,9,33.3,1.64,0.55,0.19,0.56,0,0,Matches
2114,Matteo Politano,it ITA,"MF,FW",Napoli,it Serie A,32-292,1993,23.6,2,46,12,26.1,1.95,0.51,0.04,0.17,0,0,Matches
2115,Oumar Pona,fr FRA,GK,Angers,fr Ligue 1,19-335,2006,2.0,0,0,0,,0.00,0.00,,,0,0,Matches
2116,Marin Pongračić,hr CRO,DF,Fiorentina,it Serie A,28-253,1997,32.2,0,8,1,12.5,0.25,0.03,0.00,0.00,0,0,Matches
2117,Nick Pope,eng ENG,GK,Newcastle United,eng Premier League,34-033,1992,25.8,0,1,1,100.0,0.04,0.04,0.00,0.00,0,0,Matches
2118,Pedro Porro,es ESP,DF,Tottenham Hotspur,eng Premier League,26-251,1999,30.1,1,30,8,26.7,1.00,0.27,0.03,0.13,0,0,Matches
2119,Portu,es ESP,"FW,MF",Girona,es La Liga,34-001,1992,5.3,0,9,5,55.6,1.71,0.95,0.00,0.00,0,0,Matches
2120,Stefan Posch,at AUT,DF,Como,it Serie A,29-008,1997,4.4,1,8,3,37.5,1.83,0.69,0.13,0.33,0,0,Matches
2121,Stefan Posch,at AUT,DF,Mainz 05,de Bundesliga,29-008,1997,15.5,0,11,3,27.3,0.71,0.19,0.00,0.00,0,0,Matches
2122,Freddie Potts,eng ENG,MF,West Ham United,eng Premier League,22-252,2003,13.0,0,3,1,33.3,0.23,0.08,0.00,0.00,0,0,Matches
2123,Kacper Potulski,pl POL,DF,Mainz 05,de Bundesliga,18-215,2007,11.8,1,14,5,35.7,1.18,0.42,0.07,0.20,0,0,Matches
2124,Yussuf Poulsen,dk DEN,FW,Hamburger SV,de Bundesliga,31-341,1994,3.7,1,7,3,42.9,1.89,0.81,0.14,0.33,0,0,Matches
2125,Beñat Prados,es ESP,MF,Athletic Club,es La Liga,25-103,2001,0.9,0,1,0,0.0,1.06,0.00,0.00,,0,0,Matches
2126,Alexander Prass,at AUT,MF,Hoffenheim,de Bundesliga,24-361,2001,14.5,3,18,11,61.1,1.24,0.76,0.17,0.27,0,0,Matches
2127,Matteo Prati,it ITA,MF,Torino,it Serie A,22-145,2003,6.6,0,11,0,0.0,1.67,0.00,0.00,,0,0,Matches
2128,Matteo Prati,it ITA,MF,Cagliari,it Serie A,22-145,2003,14.1,1,19,1,5.3,1.35,0.07,0.05,1.00,0,0,Matches
2129,Abdón Prats,es ESP,FW,Mallorca,es La Liga,33-166,1992,1.5,0,4,1,25.0,2.63,0.66,0.00,0.00,0,0,Matches
2130,Grischa Prömel,de GER,MF,Hoffenheim,de Bundesliga,31-133,1995,19.5,7,43,14,32.6,2.20,0.72,0.16,0.50,0,0,Matches
2131,Ivan Provedel,it ITA,GK,Lazio,it Serie A,32-066,1994,27.0,0,0,0,,0.00,0.00,,,0,0,Matches
2132,Javi Puado,es ESP,"MF,FW",Espanyol,es La Liga,27-362,1998,7.5,2,15,9,60.0,2.00,1.20,0.07,0.11,1,2,Matches
2133,Marc Pubill,es ESP,DF,Atlético Madrid,es La Liga,22-336,2003,14.8,0,10,3,30.0,0.67,0.20,0.00,0.00,0,0,Matches
2134,Cameron Puertas,ch SUI,MF,Werder Bremen,de Bundesliga,27-277,1998,20.5,1,37,8,21.6,1.80,0.39,0.03,0.13,0,0,Matches
2135,Christian Pulisic,us USA,FW,Milan,it Serie A,27-246,1998,17.4,8,51,25,49.0,2.93,1.44,0.16,0.32,0,1,Matches
2136,Aleksa Puric,rs SRB,DF,Atlético Madrid,es La Liga,22-319,2003,0.0,0,0,0,,0.00,0.00,,,0,0,Matches
2137,Arkadiusz Pyrka,pl POL,MF,St Pauli,de Bundesliga,23-244,2002,28.6,0,19,3,15.8,0.66,0.10,0.00,0.00,0,0,Matches
2138,Jarell Quansah,eng ENG,DF,Leverkusen,de Bundesliga,23-113,2003,25.5,4,18,8,44.4,0.70,0.31,0.22,0.50,0,0,Matches
2139,Leopold Querfeld,at AUT,DF,Union Berlin,de Bundesliga,22-153,2003,30.1,3,29,10,34.5,0.96,0.33,0.03,0.10,2,3,Matches
2140,Kenny Quetant,fr FRA,FW,Le Havre,fr Ligue 1,19-309,2006,4.1,1,8,2,25.0,1.94,0.48,0.13,0.50,0,0,Matches
2141,Matheo Raab,de GER,GK,Union Berlin,de Bundesliga,27-155,1998,1.0,0,0,0,,0.00,0.00,,,0,0,Matches
2142,Dani Raba,es ESP,FW,Valencia,es La Liga,30-205,1995,3.0,0,9,1,11.1,3.00,0.33,0.00,0.00,0,0,Matches
2143,Adrien Rabiot,fr FRA,MF,Marseille,fr Ligue 1,31-049,1995,1.0,0,1,0,0.0,1.00,0.00,0.00,,0,0,Matches
2144,Adrien Rabiot,fr FRA,MF,Milan,it Serie A,31-049,1995,27.3,6,42,12,28.6,1.54,0.44,0.14,0.50,0,0,Matches
2145,Uroš Radaković,rs SRB,DF,Nantes,fr Ligue 1,32-052,1994,1.1,0,1,0,0.0,0.89,0.00,0.00,,0,0,Matches
2146,Ionuț Radu,ro ROU,GK,Celta Vigo,es La Liga,28-359,1997,37.0,0,0,0,,0.00,0.00,,,0,0,Matches
2147,Ugo Raghouber,fr FRA,MF,Levante,es La Liga,22-313,2003,7.7,0,3,0,0.0,0.39,0.00,0.00,,0,0,Matches
2148,Ugo Raghouber,fr FRA,MF,Lille,fr Ligue 1,22-313,2003,0.0,0,0,0,,0.00,0.00,,,0,0,Matches
2149,Antonio Raillo,es ESP,DF,Mallorca,es La Liga,34-226,1991,22.6,0,12,1,8.3,0.53,0.04,0.00,0.00,0,0,Matches
2150,Ylber Ramadani,al ALB,MF,Lecce,it Serie A,30-040,1996,34.6,1,34,5,14.7,0.98,0.14,0.03,0.20,0,0,Matches
2151,Diant Ramaj,de GER,GK,Heidenheim,de Bundesliga,24-245,2001,31.0,0,0,0,,0.00,0.00,,,0,0,Matches
2152,Largie Ramazani,be BEL,"MF,FW",Valencia,es La Liga,25-084,2001,13.3,6,49,18,36.7,3.69,1.36,0.06,0.17,3,3,Matches
2153,Jacobo Ramón,es ESP,DF,Como,it Serie A,21-136,2005,29.5,2,38,9,23.7,1.29,0.31,0.05,0.22,0,0,Matches
2154,Gonçalo Ramos,pt POR,FW,Paris Saint-Germain,fr Ligue 1,24-336,2001,14.6,6,58,25,43.1,3.96,1.71,0.09,0.20,1,2,Matches
2155,Guilherme Ramos,pt POR,DF,Hamburger SV,de Bundesliga,28-284,1997,0.5,0,1,1,100.0,1.87,1.87,0.00,0.00,0,0,Matches
2156,Aaron Ramsdale,eng ENG,GK,Newcastle United,eng Premier League,28-008,1998,11.2,0,0,0,,0.00,0.00,,,0,0,Matches
2157,Jacob Ramsey,eng ENG,MF,Newcastle United,eng Premier League,24-359,2001,15.1,2,16,4,25.0,1.06,0.26,0.13,0.50,0,0,Matches
2158,Luca Ranieri,it ITA,DF,Fiorentina,it Serie A,27-029,1999,27.3,1,18,3,16.7,0.66,0.11,0.06,0.33,0,0,Matches
2159,Grant Ranos,am ARM,FW,Gladbach,de Bundesliga,22-306,2003,1.3,1,4,2,50.0,3.03,1.51,0.25,0.50,0,0,Matches
2160,Lilian Raolisoa,fr FRA,"MF,DF",Angers,fr Ligue 1,25-340,2000,21.8,2,16,5,31.3,0.73,0.23,0.13,0.40,0,0,Matches
2161,Raphinha,br BRA,"MF,FW",Barcelona,es La Liga,29-159,1996,15.3,13,65,24,36.9,4.24,1.57,0.15,0.42,3,3,Matches
2162,Marcus Rashford,eng ENG,"MF,FW",Barcelona,es La Liga,28-203,1997,18.6,8,76,29,38.2,4.09,1.56,0.11,0.28,0,0,Matches
2163,Mathias Rasmussen,no NOR,MF,St Pauli,de Bundesliga,28-178,1997,7.7,0,6,2,33.3,0.78,0.26,0.00,0.00,0,0,Matches
2164,Giacomo Raspadori,it ITA,MF,Atalanta,it Serie A,26-093,2000,7.8,3,25,11,44.0,3.19,1.40,0.12,0.27,0,0,Matches
2165,Giacomo Raspadori,it ITA,FW,Atlético Madrid,es La Liga,26-093,2000,2.6,0,7,3,42.9,2.67,1.14,0.00,0.00,0,0,Matches
2166,Othniel Raterink,nl NED,DF,Cagliari,it Serie A,20-045,2006,0.1,0,0,0,,0.00,0.00,,,0,0,Matches
2167,Andrei Ratiu,ro ROU,DF,Rayo Vallecano,es La Liga,27-336,1998,31.2,0,31,9,29.0,1.00,0.29,0.00,0.00,0,0,Matches
2168,Petar Ratkov,rs SRB,FW,Lazio,it Serie A,22-277,2003,2.6,0,6,1,16.7,2.32,0.39,0.00,0.00,0,0,Matches
2169,Raúl,es ESP,FW,Osasuna,es La Liga,25-200,2000,10.6,7,36,21,58.3,3.41,1.99,0.19,0.33,0,0,Matches
2170,David Raum,de GER,DF,RB Leipzig,de Bundesliga,28-030,1998,28.4,3,24,8,33.3,0.85,0.28,0.08,0.25,1,1,Matches
2171,Federico Ravaglia,it ITA,GK,Bologna,it Serie A,26-192,1999,16.3,0,0,0,,0.00,0.00,,,0,0,Matches
2172,David Raya,es ESP,GK,Arsenal,eng Premier League,30-249,1995,37.0,0,0,0,,0.00,0.00,,,0,0,Matches
2173,Rayan,br BRA,MF,Bournemouth,eng Premier League,19-292,2006,11.5,5,27,8,29.6,2.34,0.69,0.19,0.63,0,0,Matches
2174,Abde Rebbach,dz ALG,"MF,DF",Alavés,es La Liga,27-284,1998,15.6,1,33,11,33.3,2.11,0.70,0.03,0.09,0,0,Matches
2175,Federico Redondo,ar ARG,MF,Elche,es La Liga,23-124,2003,2.0,0,1,0,0.0,0.50,0.00,0.00,,0,0,Matches
2176,Harrison Reed,eng ENG,MF,Fulham,eng Premier League,31-115,1995,1.0,1,2,1,50.0,1.91,0.96,0.50,1.00,0,0,Matches
2177,Luca Reggiani,it ITA,DF,Dortmund,de Bundesliga,18-133,2008,5.7,1,3,1,33.3,0.53,0.18,0.33,1.00,0,0,Matches
2178,Alejandro Rego,es ESP,MF,Athletic Club,es La Liga,22-345,2003,13.9,1,12,3,25.0,0.87,0.22,0.08,0.33,0,0,Matches
2179,Tijjani Reijnders,nl NED,MF,Manchester City,eng Premier League,27-297,1998,17.3,5,45,15,33.3,2.60,0.87,0.11,0.33,0,0,Matches
2180,Alberto Reina,es ESP,MF,Oviedo,es La Liga,28-255,1997,26.4,4,22,11,50.0,0.83,0.42,0.18,0.36,0,0,Matches
2181,Vitor Reis,br BRA,DF,Girona,es La Liga,20-130,2006,33.9,1,19,4,21.1,0.56,0.12,0.05,0.25,0,0,Matches
2182,Rocco Reitz,de GER,MF,Gladbach,de Bundesliga,23-358,2002,29.2,0,47,14,29.8,1.61,0.48,0.00,0.00,0,0,Matches
2183,Nicolai Remberg,de GER,MF,Hamburger SV,de Bundesliga,25-337,2000,32.0,0,17,8,47.1,0.53,0.25,0.00,0.00,0,0,Matches
2184,Álex Remiro,es ESP,GK,Real Sociedad,es La Liga,31-059,1995,37.0,0,0,0,,0.00,0.00,,,0,0,Matches
2185,Devyne Rensch,nl NED,MF,Roma,it Serie A,23-124,2003,12.2,1,5,2,40.0,0.41,0.16,0.20,0.50,0,0,Matches
2186,Guillaume Restes,fr FRA,GK,Toulouse,fr Ligue 1,21-072,2005,32.7,0,0,0,,0.00,0.00,,,0,0,Matches
2187,Elvis Rexhbeçaj,xk KVX,MF,Augsburg,de Bundesliga,28-202,1997,12.4,2,11,5,45.5,0.89,0.40,0.18,0.40,0,0,Matches
2188,Oriol Rey,es ESP,MF,Levante,es La Liga,28-086,1998,14.2,0,8,1,12.5,0.57,0.07,0.00,0.00,0,0,Matches
2189,Gio Reyna,us USA,MF,Gladbach,de Bundesliga,23-190,2002,5.8,1,7,2,28.6,1.21,0.35,0.14,0.50,0,0,Matches
2190,Chadi Riad,ma MAR,DF,Crystal Palace,eng Premier League,22-339,2003,5.1,0,3,1,33.3,0.58,0.19,0.00,0.00,0,0,Matches
2191,Alexsandro Ribeiro,br BRA,DF,Lille,fr Ligue 1,26-286,1999,5.7,0,7,2,28.6,1.24,0.35,0.00,0.00,0,0,Matches
2192,Rodrigo Ribeiro,pt POR,FW,Augsburg,de Bundesliga,21-024,2005,7.1,2,26,7,26.9,3.68,0.99,0.08,0.29,0,0,Matches
2193,Samuele Ricci,it ITA,MF,Milan,it Serie A,24-274,2001,14.6,1,18,6,33.3,1.23,0.41,0.06,0.17,0,0,Matches
2194,Declan Rice,eng ENG,MF,Arsenal,eng Premier League,27-128,1999,34.4,4,40,13,32.5,1.16,0.38,0.10,0.31,0,0,Matches
2195,Chris Richards,us USA,DF,Crystal Palace,eng Premier League,26-055,2000,31.4,1,15,2,13.3,0.48,0.06,0.07,0.50,0,0,Matches
2196,Amir Richardson,ma MAR,MF,Fiorentina,it Serie A,24-118,2002,0.5,0,1,0,0.0,2.14,0.00,0.00,,0,0,Matches
2197,Richarlison,br BRA,"FW,MF",Tottenham Hotspur,eng Premier League,29-012,1997,21.0,11,59,26,44.1,2.81,1.24,0.19,0.42,0,0,Matches
2198,Diego Rico,es ESP,DF,Getafe,es La Liga,33-088,1993,19.5,0,11,1,9.1,0.56,0.05,0.00,0.00,0,0,Matches
2199,Clemens Riedel,de GER,DF,Espanyol,es La Liga,22-307,2003,15.5,0,3,1,33.3,0.19,0.06,0.00,0.00,0,0,Matches
2200,Fabian Rieder,ch SUI,MF,Augsburg,de Bundesliga,24-095,2002,26.0,6,38,13,34.2,1.46,0.50,0.11,0.31,2,2,Matches
2201,Fabian Rieder,ch SUI,MF,Rennes,fr Ligue 1,24-095,2002,1.5,0,1,0,0.0,0.68,0.00,0.00,,0,0,Matches
2202,Lasse Rieß,de GER,GK,Mainz 05,de Bundesliga,24-299,2001,3.2,0,0,0,,0.00,0.00,,,0,0,Matches
2203,Chris Rigg,eng ENG,MF,Sunderland,eng Premier League,18-338,2007,8.4,1,12,3,25.0,1.42,0.36,0.08,0.33,0,0,Matches
2204,Filippo Rinaldi,it ITA,GK,Parma,it Serie A,23-169,2002,1.0,0,0,0,,0.00,0.00,,,0,0,Matches
2205,Hugo Rincón,es ESP,DF,Girona,es La Liga,23-115,2003,19.1,1,7,2,28.6,0.37,0.10,0.14,0.50,0,0,Matches
2206,Luis Rioja,es ESP,MF,Valencia,es La Liga,32-218,1993,28.2,2,41,4,9.8,1.46,0.14,0.05,0.50,0,0,Matches
2207,Rodrigo Riquelme,es ESP,MF,Real Betis,es La Liga,26-050,2000,9.1,1,24,7,29.2,2.63,0.77,0.04,0.14,0,0,Matches
2208,Robin Risser,fr FRA,GK,Lens,fr Ligue 1,21-171,2004,33.0,0,0,0,,0.00,0.00,,,0,0,Matches
2209,Mihailo Ristić,rs SRB,"MF,DF",Celta Vigo,es La Liga,30-203,1995,2.8,0,1,0,0.0,0.36,0.00,0.00,,0,0,Matches
2210,Lars Ritzka,de GER,"MF,DF",St Pauli,de Bundesliga,28-015,1998,10.7,0,4,1,25.0,0.37,0.09,0.00,0.00,0,0,Matches
2211,Sergi Roberto,es ESP,MF,Como,it Serie A,34-104,1992,6.0,0,7,2,28.6,1.18,0.34,0.00,0.00,0,0,Matches
2212,Patrick Roberts,eng ENG,"FW,MF",Sunderland,eng Premier League,29-106,1997,0.3,0,1,0,0.0,3.21,0.00,0.00,,0,0,Matches
2213,Andrew Robertson,sct SCO,DF,Liverpool,eng Premier League,32-072,1994,12.2,1,9,3,33.3,0.74,0.25,0.11,0.33,0,0,Matches
2214,Antonee Robinson,us USA,"DF,MF",Fulham,eng Premier League,28-287,1997,15.6,1,5,1,20.0,0.32,0.06,0.00,0.00,1,1,Matches
2215,Joel Roca,es ESP,"MF,FW",Girona,es La Liga,20-349,2005,15.6,3,47,15,31.9,3.01,0.96,0.06,0.20,0,0,Matches
2216,Marc Roca,es ESP,MF,Real Betis,es La Liga,29-177,1996,21.5,1,14,5,35.7,0.65,0.23,0.07,0.20,0,0,Matches
2217,Ryan Rodin,fr FRA,MF,Auxerre,fr Ligue 1,20-081,2006,0.3,0,0,0,,0.00,0.00,,,0,0,Matches
2218,Kaden Rodney,eng ENG,"DF,MF",Crystal Palace,eng Premier League,21-227,2004,0.0,0,0,0,,0.00,0.00,,,0,0,Matches
2219,Joe Rodon,wls WAL,DF,Leeds United,eng Premier League,28-212,1997,31.8,2,18,7,38.9,0.57,0.22,0.11,0.29,0,0,Matches
2220,Rodri,es ESP,MF,Manchester City,eng Premier League,29-334,1996,16.8,1,16,3,18.8,0.95,0.18,0.06,0.33,0,0,Matches
2221,Álvaro Rodríguez,uy URU,FW,Elche,es La Liga,21-312,2004,23.6,6,73,23,31.5,3.09,0.97,0.08,0.26,0,0,Matches
2222,Damián Rodríguez,es ESP,MF,Celta Vigo,es La Liga,23-066,2003,1.7,0,3,0,0.0,1.80,0.00,0.00,,0,0,Matches
2223,Dani Rodríguez,es ESP,"FW,MF",Mallorca,es La Liga,37-350,1988,0.8,0,1,0,0.0,1.32,0.00,0.00,,0,0,Matches
2224,Guido Rodríguez,ar ARG,MF,West Ham United,eng Premier League,32-040,1994,2.0,0,1,0,0.0,0.50,0.00,0.00,,0,0,Matches
2225,Guido Rodríguez,ar ARG,MF,Valencia,es La Liga,32-040,1994,13.5,3,14,4,28.6,1.03,0.30,0.21,0.75,0,0,Matches
2226,Javi Rodríguez,es ESP,DF,Celta Vigo,es La Liga,22-330,2003,27.4,0,11,1,9.1,0.40,0.04,0.00,0.00,0,0,Matches
2227,Jesus Rodríguez,es ESP,MF,Como,it Serie A,20-182,2005,18.5,1,44,11,25.0,2.37,0.59,0.02,0.09,0,0,Matches
2228,Juan Rodríguez,uy URU,DF,Cagliari,it Serie A,20-357,2005,13.9,0,2,1,50.0,0.14,0.07,0.00,0.00,0,0,Matches
2229,Ricardo Rodríguez,ch SUI,DF,Real Betis,es La Liga,33-270,1992,16.2,0,3,0,0.0,0.19,0.00,0.00,,0,0,Matches
2230,Rodrygo,br BRA,"MF,FW",Real Madrid,es La Liga,25-133,2001,7.6,1,27,11,40.7,3.55,1.45,0.04,0.09,0,0,Matches
2231,Robin Roefs,nl NED,GK,Sunderland,eng Premier League,23-125,2003,34.0,0,0,0,,0.00,0.00,,,0,0,Matches
2232,Morgan Rogers,eng ENG,MF,Aston Villa,eng Premier League,23-300,2002,36.4,10,84,32,38.1,2.30,0.88,0.12,0.31,0,0,Matches
2233,Merlin Röhl,de GER,MF,Freiburg,de Bundesliga,23-321,2002,0.7,0,0,0,,0.00,0.00,,,0,0,Matches
2234,Merlin Röhl,de GER,MF,Everton,eng Premier League,23-321,2002,6.9,1,11,1,9.1,1.59,0.14,0.09,1.00,0,0,Matches
2235,Filippo Romagna,it ITA,DF,Sassuolo,it Serie A,28-361,1997,3.5,0,2,0,0.0,0.58,0.00,0.00,,0,0,Matches
2236,Alessio Romagnoli,it ITA,DF,Lazio,it Serie A,31-130,1995,28.6,0,9,4,44.4,0.31,0.14,0.00,0.00,0,0,Matches
2237,Leo Román,es ESP,GK,Mallorca,es La Liga,25-320,2000,32.0,0,0,0,,0.00,0.00,,,0,0,Matches
2238,Miguel Román,es ESP,MF,Celta Vigo,es La Liga,23-147,2002,14.6,1,9,2,22.2,0.62,0.14,0.11,0.50,0,0,Matches
2239,Alessandro Romano,ch SUI,MF,Roma,it Serie A,19-339,2006,0.1,0,0,0,,0.00,0.00,,,0,0,Matches
2240,Carlos Romero,es ESP,DF,Espanyol,es La Liga,24-205,2001,34.5,6,39,11,28.2,1.13,0.32,0.15,0.55,0,0,Matches
2241,Cristian Romero,ar ARG,DF,Tottenham Hotspur,eng Premier League,28-025,1998,20.8,4,17,6,35.3,0.82,0.29,0.24,0.67,0,0,Matches
2242,Isaac Romero,es ESP,"FW,MF",Sevilla,es La Liga,26-004,2000,15.8,4,39,14,35.9,2.47,0.89,0.10,0.29,0,1,Matches
2243,Iván Romero,es ESP,"FW,MF",Levante,es La Liga,25-042,2001,24.2,7,58,17,29.3,2.39,0.70,0.12,0.41,0,1,Matches
2244,Zaid Romero,ar ARG,DF,Getafe,es La Liga,26-158,1999,14.0,1,9,1,11.1,0.64,0.07,0.11,1.00,0,0,Matches
2245,Rômulo,br BRA,FW,RB Leipzig,de Bundesliga,24-103,2002,24.3,9,63,27,42.9,2.59,1.11,0.14,0.33,0,1,Matches
2246,Salomón Rondón,ve VEN,FW,Oviedo,es La Liga,36-248,1989,11.5,2,24,5,20.8,2.09,0.44,0.08,0.40,0,1,Matches
2247,Valentin Rongier,fr FRA,MF,Rennes,fr Ligue 1,31-166,1994,30.5,2,22,10,45.5,0.72,0.33,0.09,0.20,0,0,Matches
2248,Marten de Roon,nl NED,MF,Atalanta,it Serie A,35-054,1991,29.0,1,14,4,28.6,0.48,0.14,0.07,0.25,0,0,Matches
2249,Pablo Rosario,do DOM,"DF,MF",Nice,fr Ligue 1,29-135,1997,0.3,0,2,1,50.0,6.43,3.21,0.00,0.00,0,0,Matches
2250,Max Rosenfelder,de GER,DF,Freiburg,de Bundesliga,23-101,2003,5.5,0,1,0,0.0,0.18,0.00,0.00,,0,0,Matches
2251,Lucas Rosier,fr FRA,FW,Rennes,fr Ligue 1,19-071,2007,0.0,0,0,0,,0.00,0.00,,,0,0,Matches
2252,Valentin Rosier,fr FRA,"DF,MF",Osasuna,es La Liga,29-276,1996,27.3,1,18,3,16.7,0.66,0.11,0.06,0.33,0,0,Matches
2253,Tom Rothe,de GER,"MF,DF",Union Berlin,de Bundesliga,21-205,2004,11.4,2,19,5,26.3,1.66,0.44,0.11,0.40,0,0,Matches
2254,Anthony Rouault,fr FRA,DF,Rennes,fr Ligue 1,24-358,2001,19.2,1,9,3,33.3,0.47,0.16,0.11,0.33,0,0,Matches
2255,Nicolò Rovella,it ITA,MF,Lazio,it Serie A,24-169,2001,5.7,0,1,0,0.0,0.18,0.00,0.00,,0,0,Matches
2256,Jonathan Rowe,eng ENG,"MF,FW",Bologna,it Serie A,23-022,2003,16.8,3,46,17,37.0,2.73,1.01,0.07,0.18,0,0,Matches
2257,Jonathan Rowe,eng ENG,FW,Marseille,fr Ligue 1,23-022,2003,0.7,0,5,0,0.0,7.26,0.00,0.00,,0,0,Matches
2258,James Rowswell,eng ENG,DF,Tottenham Hotspur,eng Premier League,19-313,2006,0.0,0,0,0,,0.00,0.00,,,0,0,Matches
2259,Amir Rrahmani,xk KVX,DF,Napoli,it Serie A,32-087,1994,18.9,2,14,3,21.4,0.74,0.16,0.14,0.67,0,0,Matches
2260,Rubén,es ESP,"DF,MF",Espanyol,es La Liga,25-107,2001,8.2,0,8,1,12.5,0.98,0.12,0.00,0.00,0,0,Matches
2261,Antonio Rüdiger,de GER,DF,Real Madrid,es La Liga,33-080,1993,16.6,1,13,1,7.7,0.79,0.06,0.08,1.00,0,0,Matches
2262,Javi Rueda,es ESP,MF,Celta Vigo,es La Liga,24-014,2002,14.6,2,11,3,27.3,0.75,0.21,0.18,0.67,0,0,Matches
2263,Daniele Rugani,it ITA,DF,Fiorentina,it Serie A,31-297,1994,2.9,0,0,0,,0.00,0.00,,,0,0,Matches
2264,Daniele Rugani,it ITA,DF,Juventus,it Serie A,31-297,1994,2.8,0,0,0,,0.00,0.00,,,0,0,Matches
2265,Matteo Ruggeri,it ITA,DF,Atlético Madrid,es La Liga,23-315,2002,19.2,0,5,2,40.0,0.26,0.10,0.00,0.00,0,0,Matches
2266,Aitor Ruibal,es ESP,"DF,MF",Real Betis,es La Liga,30-061,1996,20.1,4,31,12,38.7,1.54,0.60,0.13,0.33,0,0,Matches
2267,Abel Ruiz,es ESP,FW,Girona,es La Liga,26-114,2000,2.1,0,5,1,20.0,2.41,0.48,0.00,0.00,0,0,Matches
2268,Fabián Ruiz Peña,es ESP,MF,Paris Saint-Germain,fr Ligue 1,30-049,1996,12.6,1,19,4,21.1,1.51,0.32,0.05,0.25,0,0,Matches
2269,Gerónimo Rulli,ar ARG,GK,Marseille,fr Ligue 1,34-002,1992,29.0,0,1,0,0.0,0.03,0.00,0.00,,0,0,Matches
2270,Jacen Russell-Rowe,ca CAN,FW,Toulouse,fr Ligue 1,23-251,2002,5.2,1,11,4,36.4,2.10,0.76,0.09,0.25,0,0,Matches
2271,Georginio Rutter,fr FRA,"MF,FW",Brighton,eng Premier League,24-032,2002,19.7,3,41,14,34.1,2.09,0.71,0.07,0.21,0,0,Matches
2272,Mathew Ryan,au AUS,GK,Levante,es La Liga,34-044,1992,35.0,0,2,0,0.0,0.06,0.00,0.00,,0,0,Matches
2273,Julian Ryerson,no NOR,MF,Dortmund,de Bundesliga,28-186,1997,25.2,0,12,1,8.3,0.48,0.04,0.00,0.00,0,0,Matches
2274,Frederik Rønnow,dk DEN,GK,Union Berlin,de Bundesliga,33-291,1992,29.3,0,0,0,,0.00,0.00,,,0,0,Matches
2275,Alexander Røssing-Lelesiit,no NOR,"FW,MF",Hamburger SV,de Bundesliga,19-122,2007,3.6,0,2,2,100.0,0.56,0.56,0.00,0.00,0,0,Matches
2276,José Sá,pt POR,GK,Wolves,eng Premier League,33-125,1993,22.0,0,0,0,,0.00,0.00,,,0,0,Matches
2277,Elias Saad,tn TUN,"MF,FW",Augsburg,de Bundesliga,26-146,1999,5.5,0,6,3,50.0,1.09,0.54,0.00,0.00,0,0,Matches
2278,Idrissa Sabaly,fr FRA,MF,Strasbourg,fr Ligue 1,18-180,2007,0.6,0,1,0,0.0,1.61,0.00,0.00,,0,0,Matches
2279,Stefano Sabelli,it ITA,"MF,DF",Genoa,it Serie A,33-129,1993,9.5,0,5,0,0.0,0.53,0.00,0.00,,0,0,Matches
2280,Abdelhamid Sabiri,ma MAR,MF,Fiorentina,it Serie A,29-175,1996,0.3,0,1,0,0.0,3.33,0.00,0.00,,0,0,Matches
2281,Marcel Sabitzer,at AUT,MF,Dortmund,de Bundesliga,32-066,1994,20.2,1,20,4,20.0,0.99,0.20,0.05,0.25,0,0,Matches
2282,Noah Sadiki,cd COD,MF,Sunderland,eng Premier League,21-156,2004,31.1,0,19,5,26.3,0.61,0.16,0.00,0.00,0,0,Matches
2283,Umar Sadiq,ng NGA,FW,Valencia,es La Liga,29-109,1997,10.0,4,25,10,40.0,2.50,1.00,0.16,0.40,0,0,Matches
2284,Umar Sadiq,ng NGA,FW,Real Sociedad,es La Liga,29-109,1997,1.7,0,4,0,0.0,2.35,0.00,0.00,,0,0,Matches
2285,Alexis Saelemaekers,be BEL,MF,Milan,it Serie A,26-329,1999,30.0,2,42,10,23.8,1.40,0.33,0.05,0.20,0,0,Matches
2286,Matvei Safonov,ru RUS,GK,Paris Saint-Germain,fr Ligue 1,27-086,1999,15.0,0,0,0,,0.00,0.00,,,0,0,Matches
2287,Emir Sahiti,xk KVX,FW,Hamburger SV,de Bundesliga,27-174,1998,1.3,0,0,0,,0.00,0.00,,,0,0,Matches
2288,Osame Sahraoui,ma MAR,MF,Lille,fr Ligue 1,24-345,2001,5.6,1,12,4,33.3,2.14,0.71,0.08,0.25,0,0,Matches
2289,Wesley Saïd,fr FRA,MF,Lens,fr Ligue 1,31-033,1995,22.1,12,60,27,45.0,2.71,1.22,0.18,0.41,1,1,Matches
2290,Allan Saint-Maximin,fr FRA,MF,Lens,fr Ligue 1,29-071,1997,4.6,3,21,3,14.3,4.61,0.66,0.14,1.00,0,0,Matches
2291,Bukayo Saka,eng ENG,"FW,MF",Arsenal,eng Premier League,24-259,2001,24.7,7,71,27,38.0,2.88,1.09,0.08,0.22,1,1,Matches
2292,Mathis Saka,fr FRA,FW,Toulouse,fr Ligue 1,19-244,2006,0.1,0,0,0,,0.00,0.00,,,0,0,Matches
2293,Álex Sala,es ESP,MF,Lecce,it Serie A,25-043,2001,1.9,0,4,2,50.0,2.16,1.08,0.00,0.00,0,0,Matches
2294,Ibrahim Salah,ma MAR,MF,Rennes,fr Ligue 1,24-265,2001,0.4,0,1,0,0.0,2.57,0.00,0.00,,0,0,Matches
2295,Mohamed Salah,eg EGY,MF,Liverpool,eng Premier League,33-341,1992,23.0,7,64,17,26.6,2.78,0.74,0.09,0.35,1,1,Matches
2296,Jan Salas,es ESP,MF,Mallorca,es La Liga,20-285,2005,0.2,0,0,0,,0.00,0.00,,,0,0,Matches
2297,Kike Salas,es ESP,DF,Sevilla,es La Liga,24-029,2002,23.5,2,19,8,42.1,0.81,0.34,0.11,0.25,0,0,Matches
2298,Manolis Saliakas,gr GRE,MF,St Pauli,de Bundesliga,29-252,1996,12.3,1,16,3,18.8,1.30,0.24,0.06,0.33,0,0,Matches
2299,William Saliba,fr FRA,DF,Arsenal,eng Premier League,25-059,2001,29.0,1,5,1,20.0,0.17,0.03,0.20,1.00,0,0,Matches
2300,José Salinas,es ESP,DF,Espanyol,es La Liga,25-234,2000,2.9,0,1,0,0.0,0.35,0.00,0.00,,0,0,Matches
2301,Mohammed Salisu,gh GHA,DF,Monaco,fr Ligue 1,27-035,1999,12.0,1,8,2,25.0,0.67,0.17,0.13,0.50,0,0,Matches
2302,Lazar Samardzic,rs SRB,MF,Atalanta,it Serie A,24-087,2002,10.8,2,22,7,31.8,2.04,0.65,0.09,0.29,0,0,Matches
2303,Mbwana Samatta,tz TAN,FW,Le Havre,fr Ligue 1,33-150,1992,17.1,2,42,16,38.1,2.45,0.93,0.05,0.13,0,0,Matches
2304,Mama Samba Baldé,gw GNB,"FW,MF",Brest,fr Ligue 1,30-197,1995,8.0,2,31,5,16.1,3.90,0.63,0.06,0.40,0,0,Matches
2305,Brice Samba,fr FRA,GK,Rennes,fr Ligue 1,32-027,1994,32.0,0,0,0,,0.00,0.00,,,0,0,Matches
2306,Albert Sambi Lokonga,be BEL,MF,Hamburger SV,de Bundesliga,26-212,1999,19.0,5,19,11,57.9,1.00,0.58,0.26,0.45,0,0,Matches
2307,Antonio Sanabria,py PAR,FW,Cremonese,it Serie A,30-079,1996,10.5,1,12,4,33.3,1.14,0.38,0.08,0.25,0,0,Matches
2308,Oihan Sancet,es ESP,MF,Athletic Club,es La Liga,26-027,2000,19.9,4,48,15,31.3,2.42,0.76,0.04,0.13,2,2,Matches
2309,Álex Sánchez,es ESP,FW,Elche,es La Liga,20-078,2006,0.1,0,0,0,,0.00,0.00,,,0,0,Matches
2310,Alexis Sánchez,cl CHI,"FW,MF",Sevilla,es La Liga,37-154,1988,13.8,4,24,8,33.3,1.73,0.58,0.13,0.38,1,1,Matches
2311,Antonio Sánchez,es ESP,"MF,DF",Mallorca,es La Liga,29-141,1997,11.6,0,6,3,50.0,0.52,0.26,0.00,0.00,0,0,Matches
2312,Juanlu Sánchez,es ESP,"MF,DF",Sevilla,es La Liga,22-280,2003,22.1,0,14,1,7.1,0.63,0.05,0.00,0.00,0,0,Matches
2313,Borja Sánchez Laborde,es ESP,MF,Oviedo,es La Liga,30-085,1996,0.2,0,0,0,,0.00,0.00,,,0,0,Matches
2314,Manu Sánchez,es ESP,DF,Levante,es La Liga,25-271,2000,30.3,1,13,4,30.8,0.43,0.13,0.08,0.25,0,0,Matches
2315,Robert Sánchez,es ESP,GK,Chelsea,eng Premier League,28-185,1997,32.8,0,0,0,,0.00,0.00,,,0,0,Matches
2316,Selton Sánchez,es ESP,MF,Athletic Club,es La Liga,19-091,2007,2.2,0,4,1,25.0,1.84,0.46,0.00,0.00,0,0,Matches
2317,Jadon Sancho,eng ENG,MF,Aston Villa,eng Premier League,26-058,2000,9.7,0,10,3,30.0,1.03,0.31,0.00,0.00,0,0,Matches
2318,Álex Sancris,es ESP,"MF,FW",Getafe,es La Liga,29-124,1997,7.9,0,13,5,38.5,1.65,0.64,0.00,0.00,0,0,Matches
2319,Philipp Sander,de GER,"DF,MF",Gladbach,de Bundesliga,28-090,1998,27.2,2,25,8,32.0,0.92,0.29,0.08,0.25,0,0,Matches
2320,James Sands,us USA,MF,St Pauli,de Bundesliga,25-320,2000,21.5,1,16,4,25.0,0.74,0.19,0.06,0.25,0,0,Matches
2321,Ibou Sané,sn SEN,"FW,MF",Metz,fr Ligue 1,21-055,2005,6.0,1,6,3,50.0,1.00,0.50,0.17,0.33,0,0,Matches
2322,Sadibou Sané,sn SEN,DF,Metz,fr Ligue 1,21-346,2004,21.6,2,6,2,33.3,0.28,0.09,0.33,1.00,0,0,Matches
2323,Arouna Sangante,sn SEN,DF,Le Havre,fr Ligue 1,24-040,2002,25.8,1,9,5,55.6,0.35,0.19,0.11,0.20,0,0,Matches
2324,Buba Sangaré,es ESP,"DF,MF",Elche,es La Liga,18-289,2007,5.5,0,2,0,0.0,0.37,0.00,0.00,,0,0,Matches
2325,Ibrahim Sangaré,ci CIV,MF,Nottingham Forest,eng Premier League,28-171,1997,22.3,2,16,5,31.3,0.72,0.22,0.13,0.40,0,0,Matches
2326,Mamadou Sangare,ml MLI,MF,Lens,fr Ligue 1,23-330,2002,25.8,3,53,14,26.4,2.05,0.54,0.06,0.21,0,0,Matches
2327,Nhoa Sangui,fr FRA,DF,Paris FC,fr Ligue 1,20-084,2006,19.3,0,4,1,25.0,0.21,0.05,0.00,0.00,0,0,Matches
2328,Maroan Sannadi,ma MAR,FW,Athletic Club,es La Liga,25-110,2001,3.2,1,8,4,50.0,2.50,1.25,0.13,0.25,0,0,Matches
2329,Kaishu Sano,jp JPN,MF,Mainz 05,de Bundesliga,25-143,2000,34.0,1,24,6,25.0,0.71,0.18,0.04,0.17,0,0,Matches
2330,Morgan Sanson,fr FRA,MF,Nice,fr Ligue 1,31-277,1994,19.7,0,19,4,21.1,0.97,0.20,0.00,0.00,0,0,Matches
2331,Baptiste Santamaria,fr FRA,MF,Valencia,es La Liga,31-074,1995,8.4,1,6,2,33.3,0.72,0.24,0.17,0.50,0,0,Matches
2332,Yago Santiago,es ESP,MF,Elche,es La Liga,23-037,2003,3.1,0,2,0,0.0,0.64,0.00,0.00,,0,0,Matches
2333,Yellu Santiago,es ESP,MF,Hellas Verona,it Serie A,21-362,2004,0.1,0,2,1,50.0,30.00,15.00,0.00,0.00,0,0,Matches
2334,Alisson Santos,br BRA,"MF,FW",Napoli,it Serie A,23-237,2002,9.2,4,28,15,53.6,3.05,1.64,0.14,0.27,0,0,Matches
2335,Andrey Santos,br BRA,MF,Chelsea,eng Premier League,22-019,2004,14.0,1,11,2,18.2,0.79,0.14,0.09,0.50,0,0,Matches
2336,Kauã Santos,br BRA,GK,Eintracht Frankfurt,de Bundesliga,23-041,2003,12.0,0,0,0,,0.00,0.00,,,0,0,Matches
2337,Tiago Santos,pt POR,DF,Lille,fr Ligue 1,23-303,2002,7.9,0,9,0,0.0,1.14,0.00,0.00,,0,0,Matches
2338,Renzo Saravia,ar ARG,DF,Valencia,es La Liga,32-340,1993,3.9,0,1,0,0.0,0.26,0.00,0.00,,0,0,Matches
2339,Alejo Sarco,ar ARG,FW,Gladbach,de Bundesliga,20-136,2006,0.6,0,2,0,0.0,3.40,0.00,0.00,,0,0,Matches
2340,Alejo Sarco,ar ARG,FW,Leverkusen,de Bundesliga,20-136,2006,0.8,0,2,0,0.0,2.43,0.00,0.00,,0,0,Matches
2341,Jeremy Sarmiento,ec ECU,MF,Cremonese,it Serie A,23-340,2002,1.6,0,2,2,100.0,1.27,1.27,0.00,0.00,0,0,Matches
2342,Amin Sarr,se SWE,"FW,MF",Hellas Verona,it Serie A,25-072,2001,12.0,0,18,6,33.3,1.50,0.50,0.00,0.00,0,0,Matches
2343,Bouna Sarr,sn SEN,"MF,DF",Metz,fr Ligue 1,34-111,1992,9.9,0,15,3,20.0,1.51,0.30,0.00,0.00,0,0,Matches
2344,Ismaila Sarr,sn SEN,MF,Crystal Palace,eng Premier League,28-086,1998,23.7,9,48,21,43.8,2.03,0.89,0.13,0.29,3,3,Matches
2345,Malang Sarr,fr FRA,DF,Lens,fr Ligue 1,27-119,1999,32.5,0,23,5,21.7,0.71,0.15,0.00,0.00,0,0,Matches
2346,Mamadou Sarr,sn SEN,DF,Strasbourg,fr Ligue 1,20-266,2005,14.5,0,1,0,0.0,0.07,0.00,0.00,,0,0,Matches
2347,Mamadou Sarr,sn SEN,DF,Chelsea,eng Premier League,20-266,2005,1.1,0,1,0,0.0,0.88,0.00,0.00,,0,0,Matches
2348,Martin Satriano,uy URU,"FW,MF",Getafe,es La Liga,25-091,2001,17.8,6,35,14,40.0,1.97,0.79,0.17,0.43,0,0,Matches
2349,Martin Satriano,uy URU,FW,Lyon,fr Ligue 1,25-091,2001,7.7,2,16,7,43.8,2.08,0.91,0.13,0.29,0,0,Matches
2350,Mario Sauer,sk SVK,MF,Toulouse,fr Ligue 1,22-007,2004,7.2,1,14,3,21.4,1.94,0.41,0.07,0.33,0,0,Matches
2351,Razvan Sava,ro ROU,GK,Udinese,it Serie A,23-335,2002,6.9,0,0,0,,0.00,0.00,,,0,0,Matches
2352,Sávio,br BRA,MF,Manchester City,eng Premier League,22-042,2004,8.3,1,17,11,64.7,2.06,1.33,0.06,0.09,0,0,Matches
2353,Nicolò Savona,it ITA,DF,Nottingham Forest,eng Premier League,23-064,2003,11.4,2,5,3,60.0,0.44,0.26,0.40,0.67,0,0,Matches
2354,Joe Scally,us USA,"DF,MF",Gladbach,de Bundesliga,23-142,2002,29.0,2,16,10,62.5,0.55,0.35,0.13,0.20,0,0,Matches
2355,Giorgio Scalvini,it ITA,DF,Atalanta,it Serie A,22-162,2003,19.4,3,20,6,30.0,1.03,0.31,0.15,0.50,0,0,Matches
2356,Gianluca Scamacca,it ITA,FW,Atalanta,it Serie A,27-141,1999,14.5,10,57,22,38.6,3.93,1.52,0.14,0.36,2,2,Matches
2357,Oliver Scarles,eng ENG,"DF,MF",West Ham United,eng Premier League,20-161,2005,7.3,0,3,0,0.0,0.41,0.00,0.00,,0,0,Matches
2358,Dane Scarlett,eng ENG,FW,Tottenham Hotspur,eng Premier League,22-059,2004,0.1,0,0,0,,0.00,0.00,,,0,0,Matches
2359,Kevin Schade,de GER,"MF,FW",Brentford,eng Premier League,24-176,2001,29.5,7,53,22,41.5,1.80,0.75,0.13,0.32,0,1,Matches
2360,András Schäfer,hu HUN,MF,Union Berlin,de Bundesliga,27-039,1999,15.8,2,27,10,37.0,1.71,0.63,0.07,0.20,0,0,Matches
2361,Fabian Schär,ch SUI,DF,Newcastle United,eng Premier League,34-153,1991,12.1,0,17,4,23.5,1.40,0.33,0.00,0.00,0,0,Matches
2362,Fynn Schenten,de GER,FW,Köln,de Bundesliga,18-250,2007,1.1,0,1,0,0.0,0.90,0.00,0.00,,0,0,Matches
2363,Derry Scherhant,de GER,MF,Freiburg,de Bundesliga,23-193,2002,14.5,5,36,13,36.1,2.49,0.90,0.14,0.38,0,0,Matches
2364,Patrik Schick,cz CZE,FW,Leverkusen,de Bundesliga,30-118,1996,22.1,16,72,34,47.2,3.26,1.54,0.17,0.35,4,5,Matches
2365,Stefan Schimmer,de GER,FW,Heidenheim,de Bundesliga,32-024,1994,9.1,5,32,12,37.5,3.51,1.32,0.16,0.42,0,0,Matches
2366,Xaver Schlager,at AUT,MF,RB Leipzig,de Bundesliga,28-236,1997,20.4,3,21,7,33.3,1.03,0.34,0.14,0.43,0,0,Matches
2367,Keven Schlotterbeck,de GER,DF,Augsburg,de Bundesliga,29-024,1997,22.6,0,12,3,25.0,0.53,0.13,0.00,0.00,0,1,Matches
2368,Nico Schlotterbeck,de GER,DF,Dortmund,de Bundesliga,26-172,1999,28.0,5,32,9,28.1,1.14,0.32,0.16,0.56,0,0,Matches
2369,Mick Schmetgens,de GER,MF,Werder Bremen,de Bundesliga,18-255,2007,0.4,0,0,0,,0.00,0.00,,,0,0,Matches
2370,Romano Schmid,at AUT,"MF,FW",Werder Bremen,de Bundesliga,26-115,2000,33.1,4,57,21,36.8,1.72,0.63,0.02,0.05,3,4,Matches
2371,Isaac Schmidt,ch SUI,"MF,DF",Werder Bremen,de Bundesliga,26-166,1999,7.6,1,5,2,40.0,0.66,0.26,0.20,0.50,0,0,Matches
2372,Joël Schmied,ch SUI,DF,Köln,de Bundesliga,27-241,1998,12.0,0,5,0,0.0,0.42,0.00,0.00,,0,0,Matches
2373,Tim Schnitzer,de GER,MF,Augsburg,de Bundesliga,18-104,2008,0.1,0,0,0,,0.00,0.00,,,0,0,Matches
2374,Jan Schöppner,de GER,MF,Heidenheim,de Bundesliga,26-344,1999,25.0,3,25,7,28.0,1.00,0.28,0.12,0.43,0,0,Matches
2375,Marvin Schwäbe,de GER,GK,Köln,de Bundesliga,31-027,1995,34.0,0,0,0,,0.00,0.00,,,0,0,Matches
2376,Léo Scienza,br BRA,MF,Heidenheim,de Bundesliga,27-251,1998,2.0,1,4,1,25.0,2.00,0.50,0.25,1.00,0,0,Matches
2377,Alex Scott,eng ENG,MF,Bournemouth,eng Premier League,22-274,2003,31.7,3,44,13,29.5,1.39,0.41,0.07,0.23,0,0,Matches
2378,Simone Scuffet,it ITA,GK,Pisa,it Serie A,29-356,1996,7.0,0,0,0,,0.00,0.00,,,0,0,Matches
2379,Sebastian Sebulonsen,no NOR,"DF,MF",Köln,de Bundesliga,26-115,2000,27.8,0,31,5,16.1,1.12,0.18,0.00,0.00,0,0,Matches
2380,Jenson Seelt,nl NED,DF,Wolfsburg,de Bundesliga,22-364,2003,7.6,0,2,0,0.0,0.26,0.00,0.00,,0,0,Matches
2381,Jenson Seelt,nl NED,DF,Sunderland,eng Premier League,22-364,2003,1.5,0,0,0,,0.00,0.00,,,0,0,Matches
2382,Alidu Seidu,gh GHA,DF,Rennes,fr Ligue 1,25-352,2000,13.2,0,5,1,20.0,0.38,0.08,0.00,0.00,0,0,Matches
2383,Taufik Seidu,es ESP,MF,Atlético Madrid,es La Liga,18-122,2008,0.3,0,0,0,,0.00,0.00,,,0,0,Matches
2384,Nicolas Seiwald,at AUT,MF,RB Leipzig,de Bundesliga,25-018,2001,29.9,0,20,7,35.0,0.67,0.23,0.00,0.00,0,0,Matches
2385,Ayumu Seko,jp JPN,"MF,DF",Le Havre,fr Ligue 1,25-349,2000,29.2,0,17,6,35.3,0.58,0.21,0.00,0.00,0,0,Matches
2386,Matz Sels,be BEL,GK,Nottingham Forest,eng Premier League,34-085,1992,28.6,0,0,0,,0.00,0.00,,,0,0,Matches
2387,Antoine Semenyo,gh GHA,MF,Bournemouth,eng Premier League,26-135,2000,20.0,10,49,27,55.1,2.45,1.35,0.18,0.33,1,2,Matches
2388,Antoine Semenyo,gh GHA,"MF,FW",Manchester City,eng Premier League,26-135,2000,14.9,6,33,13,39.4,2.22,0.87,0.18,0.46,0,0,Matches
2389,Adrian Šemper,hr CRO,GK,Pisa,it Serie A,28-130,1998,24.0,0,0,0,,0.00,0.00,,,0,0,Matches
2390,Marvin Senaya,gh GHA,"DF,MF",Auxerre,fr Ligue 1,25-114,2001,19.8,1,15,5,33.3,0.76,0.25,0.07,0.20,0,0,Matches
2391,Marcos Senesi,ar ARG,DF,Bournemouth,eng Premier League,29-012,1997,35.5,0,17,5,29.4,0.48,0.14,0.00,0.00,0,0,Matches
2392,Suat Serdar,de GER,MF,Hellas Verona,it Serie A,29-041,1997,12.3,2,19,7,36.8,1.54,0.57,0.11,0.29,0,0,Matches
2393,Nicolás Serrano,es ESP,MF,Athletic Club,es La Liga,23-078,2003,4.1,1,16,4,25.0,3.93,0.98,0.06,0.25,0,0,Matches
2394,Benjamin Šeško,si SVN,FW,Manchester Utd,eng Premier League,22-356,2003,18.3,11,61,34,55.7,3.34,1.86,0.18,0.32,0,0,Matches
2395,Ryan Sessegnon,eng ENG,"DF,MF",Fulham,eng Premier League,26-004,2000,20.3,3,16,4,25.0,0.79,0.20,0.19,0.75,0,0,Matches
2396,Stephan El Shaarawy,it ITA,"MF,FW",Roma,it Serie A,33-207,1992,7.2,0,17,6,35.3,2.36,0.83,0.00,0.00,0,0,Matches
2397,Luke Shaw,eng ENG,DF,Manchester Utd,eng Premier League,30-314,1995,34.9,1,9,3,33.3,0.26,0.09,0.11,0.33,0,0,Matches
2398,Kento Shiogai,jp JPN,MF,Wolfsburg,de Bundesliga,21-057,2005,3.5,1,9,6,66.7,2.55,1.70,0.11,0.17,0,0,Matches
2399,Kwasi Sibo,gh GHA,MF,Oviedo,es La Liga,27-332,1998,18.7,0,9,2,22.2,0.48,0.11,0.00,0.00,0,0,Matches
2400,Djibril Sidibé,fr FRA,"MF,DF",Toulouse,fr Ligue 1,33-297,1992,23.8,3,8,5,62.5,0.34,0.21,0.25,0.40,1,2,Matches
2401,Armindo Sieb,de GER,FW,Mainz 05,de Bundesliga,23-094,2003,6.1,2,18,6,33.3,2.96,0.99,0.11,0.33,0,0,Matches
2402,Jamil Siebert,de GER,DF,Lecce,it Serie A,24-050,2002,17.9,1,6,2,33.3,0.34,0.11,0.17,0.50,0,0,Matches
2403,Francisco Sierralta,cl CHI,DF,Auxerre,fr Ligue 1,29-016,1997,9.6,1,7,2,28.6,0.73,0.21,0.14,0.50,0,0,Matches
2404,Tim Siersleben,de GER,DF,Heidenheim,de Bundesliga,26-074,2000,12.0,0,5,3,60.0,0.42,0.25,0.00,0.00,0,0,Matches
2405,Mathys Silestrie,fr FRA,GK,Rennes,fr Ligue 1,20-248,2005,2.0,0,0,0,,0.00,0.00,,,0,0,Matches
2406,André Silva,pt POR,FW,Elche,es La Liga,30-197,1995,20.4,10,57,29,50.9,2.80,1.42,0.12,0.24,3,3,Matches
2407,Bernardo Silva,pt POR,MF,Manchester City,eng Premier League,31-285,1994,31.3,2,29,6,20.7,0.93,0.19,0.07,0.33,0,0,Matches
2408,Caio Henrique Oliveira Silva,br BRA,"DF,MF",Monaco,fr Ligue 1,28-295,1997,17.1,0,2,0,0.0,0.12,0.00,0.00,,0,0,Matches
2409,Fábio Silva,pt POR,"FW,MF",Dortmund,de Bundesliga,23-307,2002,9.1,2,23,8,34.8,2.53,0.88,0.09,0.25,0,0,Matches
2410,Jota Silva,pt POR,FW,Nottingham Forest,eng Premier League,26-294,1999,0.1,0,0,0,,0.00,0.00,,,0,0,Matches
2411,Marco Silvestri,it ITA,GK,Cremonese,it Serie A,35-081,1991,4.0,0,0,0,,0.00,0.00,,,0,0,Matches
2412,Abdallah Sima,sn SEN,"MF,FW",Lens,fr Ligue 1,24-339,2001,8.0,2,30,9,30.0,3.76,1.13,0.07,0.22,0,0,Matches
2413,Giovanni Simeone,ar ARG,FW,Torino,it Serie A,30-321,1995,23.8,11,77,28,36.4,3.24,1.18,0.14,0.39,0,0,Matches
2414,Giuliano Simeone,ar ARG,MF,Atlético Madrid,es La Liga,23-155,2002,22.8,4,34,13,38.2,1.49,0.57,0.12,0.31,0,0,Matches
2415,Moses Simon,ng NGA,"MF,FW",Paris FC,fr Ligue 1,30-314,1995,22.2,3,34,11,32.4,1.53,0.49,0.09,0.27,0,0,Matches
2416,Unai Simón,es ESP,GK,Athletic Club,es La Liga,28-345,1997,37.0,0,0,0,,0.00,0.00,,,0,0,Matches
2417,Xavi Simons,nl NED,"MF,FW",Tottenham Hotspur,eng Premier League,23-031,2003,19.5,2,42,10,23.8,2.15,0.51,0.05,0.20,0,0,Matches
2418,Xavi Simons,nl NED,MF,RB Leipzig,de Bundesliga,23-031,2003,1.0,0,0,0,,0.00,0.00,,,0,0,Matches
2419,Jahmai Simpson-Pusey,eng ENG,DF,Köln,de Bundesliga,20-199,2005,9.6,0,6,3,50.0,0.63,0.31,0.00,0.00,0,0,Matches
2420,Danel Sinani,lu LUX,"MF,FW",St Pauli,de Bundesliga,29-047,1997,23.0,5,49,18,36.7,2.13,0.78,0.04,0.11,3,3,Matches
2421,Dan Sinaté,fr FRA,DF,Angers,fr Ligue 1,19-347,2006,0.4,0,1,0,0.0,2.73,0.00,0.00,,0,0,Matches
2422,Lassine Sinayoko,ml MLI,"FW,MF",Auxerre,fr Ligue 1,26-165,1999,30.8,12,93,39,41.9,3.02,1.27,0.10,0.23,3,4,Matches
2423,Ibrahima Sissoko,ml MLI,"MF,DF",Nantes,fr Ligue 1,28-207,1997,8.9,0,6,0,0.0,0.67,0.00,0.00,,0,0,Matches
2424,Antonio Sivera,es ESP,GK,Alavés,es La Liga,29-284,1996,37.0,0,0,0,,0.00,0.00,,,0,0,Matches
2425,Telli Siwe,fr FRA,DF,Auxerre,fr Ligue 1,21-159,2004,3.5,0,2,1,50.0,0.57,0.29,0.00,0.00,0,0,Matches
2426,Tim Skarke,de GER,"MF,FW",Union Berlin,de Bundesliga,29-257,1996,6.9,1,14,5,35.7,2.02,0.72,0.07,0.20,0,0,Matches
2427,Ellyes Skhiri,tn TUN,"MF,DF",Eintracht Frankfurt,de Bundesliga,31-012,1995,16.0,0,8,0,0.0,0.50,0.00,0.00,,0,0,Matches
2428,Leo Skiri Østigård,no NOR,DF,Genoa,it Serie A,26-175,1999,29.1,5,22,12,54.5,0.76,0.41,0.23,0.42,0,0,Matches
2429,Laurs Skjellerup,dk DEN,FW,Sassuolo,it Serie A,23-283,2002,0.1,0,1,0,0.0,9.00,0.00,0.00,,0,0,Matches
2430,Łukasz Skorupski,pl POL,GK,Bologna,it Serie A,35-017,1991,16.7,0,0,0,,0.00,0.00,,,0,0,Matches
2431,Andreas Skov Olsen,dk DEN,MF,Wolfsburg,de Bundesliga,26-144,1999,4.0,1,7,2,28.6,1.74,0.50,0.14,0.50,0,0,Matches
2432,Robert Skov,dk DEN,"DF,MF",Union Berlin,de Bundesliga,30-002,1996,2.4,0,1,0,0.0,0.41,0.00,0.00,,0,0,Matches
2433,Tobias Slotsager,dk DEN,DF,Hellas Verona,it Serie A,20-141,2006,5.0,0,3,1,33.3,0.61,0.20,0.00,0.00,0,0,Matches
2434,Adam Smith,eng ENG,DF,Bournemouth,eng Premier League,35-023,1991,11.0,0,0,0,,0.00,0.00,,,0,0,Matches
2435,Eric Smith,se SWE,"DF,MF",St Pauli,de Bundesliga,29-134,1997,25.7,2,12,5,41.7,0.47,0.19,0.17,0.40,0,0,Matches
2436,Emile Smith Rowe,eng ENG,MF,Fulham,eng Premier League,25-298,2000,20.6,3,35,10,28.6,1.70,0.49,0.09,0.30,0,0,Matches
2437,Ivan Smolčić,hr CRO,DF,Como,it Serie A,25-278,2000,17.5,0,12,4,33.3,0.69,0.23,0.00,0.00,0,0,Matches
2438,Mezian Soares,pt POR,MF,Lens,fr Ligue 1,16-195,2009,0.1,1,1,1,100.0,7.50,7.50,1.00,1.00,0,0,Matches
2439,Simon Sohm,ch SUI,MF,Bologna,it Serie A,25-041,2001,8.0,0,4,1,25.0,0.50,0.13,0.00,0.00,0,0,Matches
2440,Simon Sohm,ch SUI,MF,Fiorentina,it Serie A,25-041,2001,7.9,0,5,0,0.0,0.64,0.00,0.00,,0,0,Matches
2441,Alex Sola,es ESP,"DF,FW",Getafe,es La Liga,26-347,1999,0.1,0,0,0,,0.00,0.00,,,0,0,Matches
2442,Dominic Solanke,eng ENG,FW,Tottenham Hotspur,eng Premier League,28-250,1997,11.1,3,20,11,55.0,1.80,0.99,0.15,0.27,0,0,Matches
2443,Carlos Soler,es ESP,MF,Real Sociedad,es La Liga,29-140,1997,24.8,4,35,19,54.3,1.41,0.77,0.11,0.21,0,0,Matches
2444,Julio Soler,ar ARG,DF,Bournemouth,eng Premier League,21-095,2005,0.4,0,0,0,,0.00,0.00,,,0,0,Matches
2445,Oumar Solet,fr FRA,DF,Udinese,it Serie A,26-104,2000,31.9,3,33,6,18.2,1.04,0.19,0.06,0.33,1,1,Matches
2446,Jhon Solis,co COL,MF,Girona,es La Liga,21-231,2004,4.2,0,3,2,66.7,0.71,0.47,0.00,0.00,0,0,Matches
2447,Manor Solomon,il ISR,MF,Villarreal,es La Liga,26-302,1999,1.7,1,2,1,50.0,1.20,0.60,0.50,1.00,0,0,Matches
2448,Manor Solomon,il ISR,"FW,MF",Fiorentina,it Serie A,26-302,1999,9.7,2,11,4,36.4,1.13,0.41,0.18,0.50,0,0,Matches
2449,Hugo Solozabal,es ESP,MF,Getafe,es La Liga,23-104,2003,0.1,0,0,0,,0.00,0.00,,,0,0,Matches
2450,Daniele Sommariva,it ITA,GK,Genoa,it Serie A,28-308,1997,2.0,0,0,0,,0.00,0.00,,,0,0,Matches
2451,Yann Sommer,ch SUI,GK,Inter,it Serie A,37-156,1988,32.9,0,0,0,,0.00,0.00,,,0,0,Matches
2452,Oliver Sonne,pe PER,DF,Burnley,eng Premier League,25-193,2000,1.9,1,3,1,33.3,1.60,0.53,0.33,1.00,0,0,Matches
2453,David Soria,es ESP,GK,Getafe,es La Liga,33-048,1993,37.0,0,0,0,,0.00,0.00,,,0,0,Matches
2454,Borna Sosa,hr CRO,"DF,MF",Crystal Palace,eng Premier League,28-121,1998,1.1,0,1,0,0.0,0.89,0.00,0.00,,0,0,Matches
2455,Hugo Sotelo,es ESP,MF,Celta Vigo,es La Liga,22-154,2003,14.9,0,2,1,50.0,0.13,0.07,0.00,0.00,0,0,Matches
2456,Florian Sotoca,fr FRA,"MF,FW",Lens,fr Ligue 1,35-209,1990,5.6,1,13,1,7.7,2.31,0.18,0.08,1.00,0,0,Matches
2457,Riccardo Sottil,it ITA,"FW,MF",Lecce,it Serie A,26-353,1999,11.8,1,20,3,15.0,1.69,0.25,0.05,0.33,0,0,Matches
2458,Tomáš Souček,cz CZE,MF,West Ham United,eng Premier League,31-084,1995,23.4,5,23,12,52.2,0.98,0.51,0.22,0.42,0,0,Matches
2459,Matìas Soulé,ar ARG,"MF,FW",Roma,it Serie A,23-037,2003,23.0,6,49,16,32.7,2.13,0.70,0.12,0.38,0,0,Matches
2460,Aboubaka Soumahoro,fr FRA,"MF,DF",Hamburger SV,de Bundesliga,21-107,2005,1.5,0,0,0,,0.00,0.00,,,0,0,Matches
2461,Sambou Soumano,sn SEN,FW,Lorient,fr Ligue 1,25-139,2001,10.5,4,28,10,35.7,2.68,0.96,0.14,0.40,0,1,Matches
2462,Issa Soumaré,sn SEN,"FW,MF",Le Havre,fr Ligue 1,25-224,2000,32.8,8,77,28,36.4,2.35,0.85,0.09,0.25,1,3,Matches
2463,Souza,br BRA,MF,Tottenham Hotspur,eng Premier League,19-340,2006,1.6,0,1,1,100.0,0.62,0.62,0.00,0.00,0,0,Matches
2464,Vinicius Souza,br BRA,MF,Wolfsburg,de Bundesliga,26-339,1999,19.6,0,9,2,22.2,0.46,0.10,0.00,0.00,0,0,Matches
2465,Djibril Sow,ch SUI,MF,Sevilla,es La Liga,29-105,1997,23.3,5,19,8,42.1,0.82,0.34,0.26,0.63,0,0,Matches
2466,Djed Spence,eng ENG,"DF,MF",Tottenham Hotspur,eng Premier League,25-286,2000,21.8,0,12,7,58.3,0.55,0.32,0.00,0.00,0,0,Matches
2467,Leonardo Spinazzola,it ITA,"MF,DF",Napoli,it Serie A,33-058,1993,21.1,3,21,7,33.3,0.99,0.33,0.14,0.43,0,0,Matches
2468,Anton Stach,de GER,MF,Leeds United,eng Premier League,27-188,1998,26.3,5,55,14,25.5,2.09,0.53,0.09,0.36,0,0,Matches
2469,Jens Stage,dk DEN,MF,Werder Bremen,de Bundesliga,29-195,1996,27.3,10,56,21,37.5,2.05,0.77,0.18,0.48,0,0,Matches
2470,Benjamin Stambouli,fr FRA,MF,Metz,fr Ligue 1,35-282,1990,10.7,0,6,1,16.7,0.56,0.09,0.00,0.00,0,0,Matches
2471,Nicolae Stanciu,ro ROU,MF,Genoa,it Serie A,33-015,1993,2.0,0,5,0,0.0,2.50,0.00,0.00,,0,1,Matches
2472,Otto Stange,de GER,FW,Hamburger SV,de Bundesliga,19-102,2007,3.3,0,9,1,11.1,2.76,0.31,0.00,0.00,0,0,Matches
2473,Josip Stanišić,hr CRO,DF,Bayern Munich,de Bundesliga,26-050,2000,20.6,2,7,4,57.1,0.34,0.19,0.29,0.50,0,0,Matches
2474,Carl Starfelt,se SWE,DF,Celta Vigo,es La Liga,30-355,1995,16.6,0,4,1,25.0,0.24,0.06,0.00,0.00,0,0,Matches
2475,Niklas Stark,de GER,DF,Werder Bremen,de Bundesliga,31-038,1995,7.7,0,3,1,33.3,0.39,0.13,0.00,0.00,0,0,Matches
2476,Orri Steinn Óskarsson,is ISL,FW,Real Sociedad,es La Liga,21-266,2004,8.4,8,23,16,69.6,2.73,1.90,0.35,0.50,0,0,Matches
2477,Calvin Stengs,nl NED,"FW,MF",Pisa,it Serie A,27-155,1998,0.5,0,2,1,50.0,3.91,1.96,0.00,0.00,0,0,Matches
2478,Pascal Stenzel,de GER,MF,Stuttgart,de Bundesliga,30-063,1996,1.2,0,3,1,33.3,2.55,0.85,0.00,0.00,0,0,Matches
2479,Leonidas Stergiou,ch SUI,DF,Heidenheim,de Bundesliga,24-080,2002,2.3,0,1,0,0.0,0.44,0.00,0.00,,0,0,Matches
2480,Leonidas Stergiou,ch SUI,DF,Stuttgart,de Bundesliga,24-080,2002,0.0,0,0,0,,0.00,0.00,,,0,0,Matches
2481,Finley Stevens,wls WAL,DF,St Pauli,de Bundesliga,23-042,2003,0.3,0,0,0,,0.00,0.00,,,0,0,Matches
2482,Angelo Stiller,de GER,MF,Stuttgart,de Bundesliga,25-048,2001,30.5,2,17,8,47.1,0.56,0.26,0.12,0.25,0,1,Matches
2483,Kevin Stöger,at AUT,MF,Gladbach,de Bundesliga,32-268,1993,14.7,1,23,7,30.4,1.56,0.48,0.04,0.14,0,1,Matches
2484,Filip Stojilković,ch SUI,"FW,MF",Pisa,it Serie A,26-138,2000,6.6,0,10,4,40.0,1.51,0.60,0.00,0.00,0,0,Matches
2485,John Stones,eng ENG,DF,Manchester City,eng Premier League,31-359,1994,4.0,0,0,0,,0.00,0.00,,,0,0,Matches
2486,Jørgen Strand Larsen,no NOR,FW,Crystal Palace,eng Premier League,26-105,2000,9.2,3,22,7,31.8,2.39,0.76,0.14,0.43,0,0,Matches
2487,Jørgen Strand Larsen,no NOR,FW,Wolves,eng Premier League,26-105,2000,15.6,1,21,7,33.3,1.35,0.45,0.00,0.00,1,2,Matches
2488,Gabriel Strefezza,br BRA,FW,Parma,it Serie A,29-034,1997,11.2,2,24,7,29.2,2.14,0.63,0.08,0.29,0,0,Matches
2489,Pascal Struijk,nl NED,DF,Leeds United,eng Premier League,26-284,1999,31.6,0,31,5,16.1,0.98,0.16,0.00,0.00,0,0,Matches
2490,Cristhian Stuani,uy URU,FW,Girona,es La Liga,39-222,1986,4.2,5,16,10,62.5,3.80,2.37,0.13,0.20,3,4,Matches
2491,Nikola Štulić,rs SRB,FW,Lecce,it Serie A,24-256,2001,18.9,4,33,9,27.3,1.75,0.48,0.09,0.33,1,1,Matches
2492,Denis Suárez,es ESP,MF,Alavés,es La Liga,32-136,1994,15.4,1,8,3,37.5,0.52,0.19,0.13,0.33,0,0,Matches
2493,Gabriel Suazo,cl CHI,"DF,MF",Sevilla,es La Liga,28-286,1997,22.3,0,5,2,40.0,0.22,0.09,0.00,0.00,0,0,Matches
2494,Luka Sučić,hr CRO,"MF,FW",Real Sociedad,es La Liga,23-256,2002,10.4,3,20,6,30.0,1.93,0.58,0.15,0.50,0,0,Matches
2495,Petar Sucic,hr CRO,MF,Inter,it Serie A,22-209,2003,18.8,2,22,6,27.3,1.17,0.32,0.09,0.33,0,0,Matches
2496,Yukinari Sugawara,jp JPN,"DF,MF",Werder Bremen,de Bundesliga,25-328,2000,27.0,0,30,11,36.7,1.11,0.41,0.00,0.00,0,0,Matches
2497,Pavel Šulc,cz CZE,"FW,MF",Lyon,fr Ligue 1,25-144,2000,17.4,11,44,18,40.9,2.53,1.03,0.25,0.61,0,0,Matches
2498,Niklas Süle,de GER,DF,Dortmund,de Bundesliga,30-261,1995,5.4,0,2,1,50.0,0.37,0.19,0.00,0.00,0,0,Matches
2499,Ibrahim Sulemana,gh GHA,MF,Bologna,it Serie A,23-000,2003,0.5,0,0,0,,0.00,0.00,,,0,0,Matches
2500,Ibrahim Sulemana,gh GHA,MF,Cagliari,it Serie A,23-000,2003,9.4,1,9,2,22.2,0.96,0.21,0.11,0.50,0,0,Matches
2501,Kamaldeen Sulemana,gh GHA,MF,Atalanta,it Serie A,24-096,2002,10.3,2,22,9,40.9,2.13,0.87,0.09,0.22,0,0,Matches
2502,Crysencio Summerville,nl NED,"MF,FW",West Ham United,eng Premier League,24-204,2001,26.4,5,53,15,28.3,2.00,0.57,0.09,0.33,0,0,Matches
2503,Tomáš Suslov,sk SVK,FW,Hellas Verona,it Serie A,23-349,2002,4.3,0,11,3,27.3,2.54,0.69,0.00,0.00,0,0,Matches
2504,Yuito Suzuki,jp JPN,MF,Freiburg,de Bundesliga,24-209,2001,18.1,4,38,14,36.8,2.10,0.77,0.11,0.29,0,0,Matches
2505,Zion Suzuki,jp JPN,GK,Parma,it Serie A,23-274,2002,20.0,0,0,0,,0.00,0.00,,,0,0,Matches
2506,Mattias Svanberg,se SWE,MF,Wolfsburg,de Bundesliga,27-137,1999,9.6,3,21,8,38.1,2.20,0.84,0.14,0.38,0,0,Matches
2507,Daniel Svensson,se SWE,MF,Dortmund,de Bundesliga,24-099,2002,27.3,2,12,4,33.3,0.44,0.15,0.17,0.50,0,0,Matches
2508,Mile Svilar,rs SRB,GK,Roma,it Serie A,26-268,1999,37.0,0,0,0,,0.00,0.00,,,0,0,Matches
2509,Williot Swedberg,se SWE,"FW,MF",Celta Vigo,es La Liga,22-110,2004,13.4,5,21,12,57.1,1.57,0.90,0.24,0.42,0,0,Matches
2510,Lamine Sy,mr MTN,DF,Auxerre,fr Ligue 1,23-285,2002,17.1,0,13,2,15.4,0.76,0.12,0.00,0.00,0,0,Matches
2511,Abakar Sylla,ci CIV,DF,Strasbourg,fr Ligue 1,23-148,2002,0.0,0,0,0,,0.00,0.00,,,0,0,Matches
2512,Abakar Sylla,ci CIV,DF,Nantes,fr Ligue 1,23-148,2002,0.7,0,2,0,0.0,2.77,0.00,0.00,,0,0,Matches
2513,Fodé Sylla,fr FRA,MF,Lens,fr Ligue 1,20-036,2006,1.1,0,0,0,,0.00,0.00,,,0,0,Matches
2514,Wojciech Szczęsny,pl POL,GK,Barcelona,es La Liga,36-034,1990,7.0,0,0,0,,0.00,0.00,,,0,0,Matches
2515,Dominik Szoboszlai,hu HUN,"MF,DF",Liverpool,eng Premier League,25-209,2000,34.9,6,69,22,31.9,1.98,0.63,0.09,0.27,0,1,Matches
2516,Sebastian Szymański,pl POL,MF,Rennes,fr Ligue 1,27-012,1999,8.6,1,12,5,41.7,1.39,0.58,0.08,0.20,0,0,Matches
2517,Alexander Sørloth,no NOR,FW,Atlético Madrid,es La Liga,30-168,1995,21.5,13,67,34,50.7,3.12,1.58,0.19,0.38,0,0,Matches
2518,Jocelin Ta Bi,ci CIV,MF,Sunderland,eng Premier League,21-102,2005,0.4,0,0,0,,0.00,0.00,,,0,0,Matches
2519,Musa Al-Taamari,jo JOR,"MF,FW",Rennes,fr Ligue 1,28-346,1997,24.6,6,64,23,35.9,2.60,0.94,0.09,0.26,0,0,Matches
2520,Haris Tabakovic,ba BIH,FW,Gladbach,de Bundesliga,31-336,1994,26.5,13,67,27,40.3,2.53,1.02,0.19,0.48,0,2,Matches
2521,Nicolás Tagliafico,ar ARG,DF,Lyon,fr Ligue 1,33-264,1992,14.6,0,15,1,6.7,1.03,0.07,0.00,0.00,0,0,Matches
2522,Jonathan Tah,de GER,DF,Bayern Munich,de Bundesliga,30-100,1996,22.4,2,8,5,62.5,0.36,0.22,0.25,0.40,0,0,Matches
2523,Kōta Takai,jp JPN,DF,Gladbach,de Bundesliga,21-260,2004,3.8,0,3,2,66.7,0.79,0.53,0.00,0.00,0,0,Matches
2524,Chemsdine Talbi,ma MAR,"MF,FW",Sunderland,eng Premier League,21-013,2005,17.3,4,25,10,40.0,1.44,0.58,0.16,0.40,0,0,Matches
2525,Montassar Talbi,tn TUN,DF,Lorient,fr Ligue 1,27-361,1998,29.0,0,14,2,14.3,0.48,0.07,0.00,0.00,0,0,Matches
2526,Adrien Tameze,cm CMR,DF,Torino,it Serie A,32-107,1994,12.4,0,5,0,0.0,0.40,0.00,0.00,,0,0,Matches
2527,Ao Tanaka,jp JPN,MF,Leeds United,eng Premier League,27-254,1998,13.8,2,17,5,29.4,1.24,0.36,0.12,0.40,0,0,Matches
2528,Sander Tangvik,no NOR,GK,Hamburger SV,de Bundesliga,23-174,2002,1.0,0,0,0,,0.00,0.00,,,0,0,Matches
2529,Axel Tapé,fr FRA,"MF,DF",Leverkusen,de Bundesliga,18-285,2007,2.5,0,3,1,33.3,1.22,0.41,0.00,0.00,0,0,Matches
2530,Edmond Tapsoba,bf BFA,DF,Leverkusen,de Bundesliga,27-109,1999,28.6,5,29,10,34.5,1.01,0.35,0.17,0.50,0,0,Matches
2531,James Tarkowski,eng ENG,DF,Everton,eng Premier League,33-184,1992,36.0,2,19,10,52.6,0.53,0.28,0.11,0.20,0,0,Matches
2532,Rouven Tarnutzer,ch SUI,FW,Freiburg,de Bundesliga,18-302,2007,0.1,0,0,0,,0.00,0.00,,,0,0,Matches
2533,César Tárrega,es ESP,DF,Valencia,es La Liga,24-085,2002,27.9,0,10,1,10.0,0.36,0.04,0.00,0.00,0,0,Matches
2534,Tylel Tati,fr FRA,DF,Nantes,fr Ligue 1,18-123,2008,19.1,0,3,0,0.0,0.16,0.00,0.00,,0,0,Matches
2535,Nuno Tavares,pt POR,DF,Lazio,it Serie A,26-116,2000,16.4,0,16,1,6.3,0.98,0.06,0.00,0.00,0,0,Matches
2536,Marcus Tavernier,eng ENG,MF,Bournemouth,eng Premier League,27-061,1999,29.4,6,67,23,34.3,2.28,0.78,0.06,0.17,2,2,Matches
2537,Kenneth Taylor,nl NED,MF,Lazio,it Serie A,24-006,2002,15.5,3,16,6,37.5,1.03,0.39,0.19,0.50,0,0,Matches
2538,Loum Tchaouna,fr FRA,"MF,FW",Burnley,eng Premier League,22-256,2003,13.3,2,22,9,40.9,1.65,0.68,0.09,0.22,0,0,Matches
2539,Jackson Tchatchoua,cm CMR,"MF,DF",Wolves,eng Premier League,24-250,2001,20.5,0,3,1,33.3,0.15,0.05,0.00,0.00,0,0,Matches
2540,Aurélien Tchouaméni,fr FRA,MF,Real Madrid,es La Liga,26-115,2000,29.1,1,45,7,15.6,1.55,0.24,0.02,0.14,0,0,Matches
2541,Mathys Tel,fr FRA,"MF,FW",Tottenham Hotspur,eng Premier League,21-025,2005,14.2,4,33,8,24.2,2.33,0.56,0.12,0.50,0,0,Matches
2542,Nathan Tella,ng NGA,MF,Leverkusen,de Bundesliga,26-321,1999,9.6,1,24,8,33.3,2.49,0.83,0.04,0.13,0,0,Matches
2543,Nahuel Tenaglia,ar ARG,DF,Alavés,es La Liga,30-090,1996,35.0,2,22,7,31.8,0.63,0.20,0.09,0.29,0,0,Matches
2544,Arnau Tenas,es ESP,GK,Villarreal,es La Liga,24-357,2001,9.0,0,0,0,,0.00,0.00,,,0,0,Matches
2545,Marc-André ter Stegen,de GER,GK,Girona,es La Liga,34-022,1992,2.0,0,0,0,,0.00,0.00,,,0,0,Matches
2546,Filippo Terracciano,it ITA,DF,Cremonese,it Serie A,23-103,2003,32.5,2,14,4,28.6,0.43,0.12,0.14,0.50,0,0,Matches
2547,Pietro Terracciano,it ITA,GK,Milan,it Serie A,36-075,1990,1.4,0,0,0,,0.00,0.00,,,0,0,Matches
2548,Ramón Terrats,es ESP,MF,Espanyol,es La Liga,25-216,2000,10.9,1,14,3,21.4,1.28,0.27,0.07,0.33,0,0,Matches
2549,Martin Terrier,fr FRA,"MF,FW",Leverkusen,de Bundesliga,29-079,1997,7.5,4,17,6,35.3,2.27,0.80,0.24,0.67,0,0,Matches
2550,Tanner Tessmann,us USA,MF,Lyon,fr Ligue 1,24-240,2001,21.7,1,26,8,30.8,1.20,0.37,0.04,0.13,0,0,Matches
2551,Kenny Tete,nl NED,DF,Fulham,eng Premier League,30-225,1995,19.9,1,16,3,18.8,0.80,0.15,0.06,0.33,0,0,Matches
2552,Jordan Teze,nl NED,"MF,DF",Monaco,fr Ligue 1,26-234,1999,27.7,1,14,5,35.7,0.51,0.18,0.07,0.20,0,0,Matches
2553,Florian Thauvin,fr FRA,MF,Lens,fr Ligue 1,33-116,1993,27.1,11,74,27,36.5,2.73,0.99,0.12,0.33,2,3,Matches
2554,Arthur Theate,be BEL,DF,Eintracht Frankfurt,de Bundesliga,25-362,2000,23.8,1,15,7,46.7,0.63,0.29,0.07,0.14,0,0,Matches
2555,Igor Thiago,br BRA,FW,Brentford,eng Premier League,24-330,2001,35.5,22,82,43,52.4,2.31,1.21,0.17,0.33,8,9,Matches
2556,Malick Thiaw,de GER,DF,Newcastle United,eng Premier League,24-287,2001,31.9,4,28,14,50.0,0.88,0.44,0.14,0.29,0,0,Matches
2557,Jan Thielmann,de GER,"MF,FW",Köln,de Bundesliga,23-361,2002,17.1,3,27,10,37.0,1.58,0.58,0.11,0.30,0,0,Matches
2558,Adrien Thomasson,fr FRA,MF,Lens,fr Ligue 1,32-163,1993,29.8,3,43,13,30.2,1.44,0.44,0.07,0.23,0,0,Matches
2559,Morten Thorsby,no NOR,MF,Genoa,it Serie A,30-017,1996,8.1,2,10,4,40.0,1.23,0.49,0.20,0.50,0,0,Matches
2560,Morten Thorsby,no NOR,MF,Cremonese,it Serie A,30-017,1996,6.6,1,11,4,36.4,1.66,0.60,0.09,0.25,0,0,Matches
2561,Kristian Thorstvedt,no NOR,MF,Sassuolo,it Serie A,27-070,1999,26.3,4,43,13,30.2,1.63,0.49,0.09,0.31,0,0,Matches
2562,Khéphren Thuram,fr FRA,MF,Juventus,it Serie A,25-057,2001,26.4,3,49,15,30.6,1.86,0.57,0.06,0.20,0,0,Matches
2563,Marcus Thuram,fr FRA,FW,Inter,it Serie A,28-289,1997,21.1,13,74,29,39.2,3.51,1.37,0.18,0.45,0,0,Matches
2564,Cheikh Tidiane Sabaly,sn SEN,"MF,FW",Metz,fr Ligue 1,27-079,1999,10.7,0,8,4,50.0,0.74,0.37,0.00,0.00,0,0,Matches
2565,Youri Tielemans,be BEL,MF,Aston Villa,eng Premier League,29-015,1997,20.5,0,23,6,26.1,1.12,0.29,0.00,0.00,0,0,Matches
2566,Phillip Tietz,de GER,FW,Augsburg,de Bundesliga,28-317,1997,2.2,1,6,3,50.0,2.73,1.36,0.17,0.33,0,0,Matches
2567,Phillip Tietz,de GER,FW,Mainz 05,de Bundesliga,28-317,1997,17.9,5,46,21,45.7,2.57,1.17,0.11,0.24,0,1,Matches
2568,Malik Tillman,us USA,MF,Leverkusen,de Bundesliga,23-359,2002,18.6,6,34,13,38.2,1.83,0.70,0.18,0.46,0,0,Matches
2569,Jurriën Timber,nl NED,DF,Arsenal,eng Premier League,24-339,2001,27.3,3,25,7,28.0,0.92,0.26,0.12,0.43,0,0,Matches
2570,Quinten Timber,nl NED,MF,Marseille,fr Ligue 1,24-339,2001,12.3,0,10,2,20.0,0.81,0.16,0.00,0.00,0,0,Matches
2571,Jean-Clair Todibo,fr FRA,DF,West Ham United,eng Premier League,26-143,1999,20.2,0,2,0,0.0,0.10,0.00,0.00,,0,0,Matches
2572,Umut Tohumcu,de GER,MF,Hoffenheim,de Bundesliga,21-284,2004,1.5,0,2,0,0.0,1.32,0.00,0.00,,0,0,Matches
2573,Corentin Tolisso,fr FRA,MF,Lyon,fr Ligue 1,31-292,1994,25.6,11,54,27,50.0,2.11,1.06,0.17,0.33,2,3,Matches
2574,Jeremy Toljan,de GER,DF,Levante,es La Liga,31-287,1994,34.2,1,9,1,11.1,0.26,0.03,0.11,1.00,0,0,Matches
2575,Tiago Tomás,pt POR,"MF,FW",Stuttgart,de Bundesliga,23-340,2002,11.3,5,35,10,28.6,3.09,0.88,0.14,0.50,0,0,Matches
2576,Fikayo Tomori,eng ENG,DF,Milan,it Serie A,28-154,1997,27.7,0,9,2,22.2,0.32,0.07,0.00,0.00,0,0,Matches
2577,Sandro Tonali,it ITA,MF,Newcastle United,eng Premier League,26-014,2000,28.2,0,37,8,21.6,1.31,0.28,0.00,0.00,0,0,Matches
2578,Keke Topp,de GER,FW,Werder Bremen,de Bundesliga,22-058,2004,7.1,1,25,3,12.0,3.53,0.42,0.04,0.33,0,0,Matches
2579,Pablo Torre,es ESP,"MF,FW",Mallorca,es La Liga,23-049,2003,16.8,3,22,10,45.5,1.31,0.59,0.14,0.30,0,0,Matches
2580,Jofre Torrents,es ESP,DF,Barcelona,es La Liga,19-114,2007,0.6,0,0,0,,0.00,0.00,,,0,0,Matches
2581,Ferrán Torres,es ESP,FW,Barcelona,es La Liga,26-082,2000,20.9,16,67,36,53.7,3.20,1.72,0.24,0.44,0,0,Matches
2582,Pau Torres,es ESP,DF,Aston Villa,eng Premier League,29-126,1997,18.4,0,8,1,12.5,0.43,0.05,0.00,0.00,0,0,Matches
2583,Lucas Torró,es ESP,MF,Osasuna,es La Liga,31-307,1994,24.7,0,25,7,28.0,1.01,0.28,0.00,0.00,0,0,Matches
2584,Jordan Torunarigha,de GER,DF,Hamburger SV,de Bundesliga,28-288,1997,21.8,0,5,1,20.0,0.23,0.05,0.00,0.00,0,0,Matches
2585,Alex Tóth,hu HUN,MF,Bournemouth,eng Premier League,20-211,2005,0.9,0,1,0,0.0,1.07,0.00,0.00,,0,0,Matches
2586,Abdoulaye Touré,gn GUI,MF,Le Havre,fr Ligue 1,32-080,1994,8.2,2,13,4,30.8,1.58,0.49,0.15,0.50,0,1,Matches
2587,Alpha Touré,sn SEN,MF,Metz,fr Ligue 1,20-117,2006,17.8,0,17,1,5.9,0.95,0.06,0.00,0.00,0,0,Matches
2588,Bazoumana Touré,ci CIV,"MF,FW",Hoffenheim,de Bundesliga,20-081,2006,25.6,5,48,13,27.1,1.87,0.51,0.10,0.38,0,0,Matches
2589,Idrissa Touré,de GER,MF,Pisa,it Serie A,28-023,1998,25.3,1,29,8,27.6,1.15,0.32,0.03,0.13,0,0,Matches
2590,Ilane Touré,fr FRA,MF,Monaco,fr Ligue 1,19-291,2006,0.4,0,0,0,,0.00,0.00,,,0,0,Matches
2591,Ousmane Toure,fr FRA,DF,Lille,fr Ligue 1,21-093,2005,0.6,0,0,0,,0.00,0.00,,,0,0,Matches
2592,Souleymane Touré,fr FRA,DF,Lorient,fr Ligue 1,23-055,2003,0.3,0,0,0,,0.00,0.00,,,0,0,Matches
2593,Lucas Tousart,fr FRA,"MF,DF",Brest,fr Ligue 1,29-023,1997,9.3,1,9,3,33.3,0.97,0.32,0.11,0.33,0,0,Matches
2594,James Trafford,eng ENG,GK,Manchester City,eng Premier League,23-224,2002,3.0,0,0,0,,0.00,0.00,,,0,0,Matches
2595,Mattéo Tramoni,fr FRA,"MF,FW",Pisa,it Serie A,26-122,2000,17.8,2,28,9,32.1,1.58,0.51,0.04,0.11,1,1,Matches
2596,Adama Traoré,es ESP,"FW,MF",West Ham United,eng Premier League,30-117,1996,1.3,0,2,0,0.0,1.49,0.00,0.00,,0,0,Matches
2597,Adama Traoré,es ESP,MF,Fulham,eng Premier League,30-117,1996,3.0,0,5,1,20.0,1.64,0.33,0.00,0.00,0,0,Matches
2598,Bertrand Traoré,bf BFA,"MF,FW",Sunderland,eng Premier League,30-258,1995,7.0,1,12,6,50.0,1.71,0.85,0.08,0.17,0,0,Matches
2599,Boubacar Traoré,ml MLI,MF,Metz,fr Ligue 1,24-275,2001,15.4,1,19,3,15.8,1.23,0.19,0.05,0.33,0,0,Matches
2600,Hamari Traoré,ml MLI,DF,Paris FC,fr Ligue 1,34-115,1992,12.8,0,4,0,0.0,0.31,0.00,0.00,,0,0,Matches
2601,Omar Traoré,de GER,"DF,MF",Heidenheim,de Bundesliga,28-107,1998,16.7,0,10,2,20.0,0.60,0.12,0.00,0.00,0,0,Matches
2602,Kevin Trapp,de GER,GK,Paris FC,fr Ligue 1,35-318,1990,22.0,0,0,0,,0.00,0.00,,,0,0,Matches
2603,Óscar Trejo,ar ARG,MF,Rayo Vallecano,es La Liga,38-026,1988,1.6,0,1,1,100.0,0.62,0.62,0.00,0.00,0,0,Matches
2604,Yael Trepy,,FW,Cagliari,it Serie A,,,1.0,1,7,2,28.6,6.92,1.98,0.14,0.50,0,0,Matches
2605,Mike Trésor,be BEL,"FW,MF",Burnley,eng Premier League,26-359,1999,0.5,0,0,0,,0.00,0.00,,,0,0,Matches
2606,Philipp Treu,de GER,"DF,MF",Freiburg,de Bundesliga,25-170,2000,24.3,1,17,5,29.4,0.70,0.21,0.06,0.20,0,0,Matches
2607,Christopher Trimmel,at AUT,"MF,DF",Union Berlin,de Bundesliga,39-087,1987,20.7,0,5,1,20.0,0.24,0.05,0.00,0.00,0,0,Matches
2608,Kieran Trippier,eng ENG,DF,Newcastle United,eng Premier League,35-245,1990,17.6,0,2,0,0.0,0.11,0.00,0.00,,0,0,Matches
2609,Mariano Troilo,ar ARG,DF,Parma,it Serie A,22-334,2003,17.1,1,9,2,22.2,0.53,0.12,0.11,0.50,0,0,Matches
2610,Leandro Trossard,be BEL,"FW,MF",Arsenal,eng Premier League,31-169,1994,22.2,6,53,15,28.3,2.39,0.68,0.11,0.40,0,0,Matches
2611,Adrien Truffert,fr FRA,DF,Bournemouth,eng Premier League,24-183,2001,36.5,1,16,6,37.5,0.44,0.16,0.06,0.17,0,0,Matches
2612,Kostas Tsimikas,gr GRE,MF,Roma,it Serie A,30-010,1996,7.2,0,7,0,0.0,0.98,0.00,0.00,,0,0,Matches
2613,Heorhii Tsitaishvili,ge GEO,"MF,DF",Metz,fr Ligue 1,25-185,2000,27.2,3,31,8,25.8,1.14,0.29,0.10,0.38,0,0,Matches
2614,Viktor Tsyhankov,ua UKR,"MF,FW",Girona,es La Liga,28-188,1997,28.2,6,50,21,42.0,1.77,0.74,0.12,0.29,0,0,Matches
2615,Axel Tuanzebe,cd COD,DF,Burnley,eng Premier League,28-189,1997,12.3,1,2,1,50.0,0.16,0.08,0.50,1.00,0,0,Matches
2616,Kareem Tunde,es ESP,MF,Levante,es La Liga,20-276,2005,12.1,0,19,2,10.5,1.57,0.17,0.00,0.00,0,0,Matches
2617,Stefano Turati,it ITA,GK,Sassuolo,it Serie A,24-259,2001,5.0,0,0,0,,0.00,0.00,,,0,0,Matches
2618,Beñat Turrientes,es ESP,MF,Real Sociedad,es La Liga,24-111,2002,14.0,0,19,6,31.6,1.36,0.43,0.00,0.00,0,0,Matches
2619,Stefanos Tzimas,gr GRE,FW,Brighton,eng Premier League,20-136,2006,1.5,1,4,1,25.0,2.59,0.65,0.25,1.00,0,0,Matches
2620,Christantus Uche,ng NGA,FW,Crystal Palace,eng Premier League,23-003,2003,1.9,0,6,2,33.3,3.12,1.04,0.00,0.00,0,0,Matches
2621,Christantus Uche,ng NGA,FW,Getafe,es La Liga,23-003,2003,3.0,1,6,1,16.7,2.00,0.33,0.17,1.00,0,0,Matches
2622,Destiny Udogie,it ITA,"DF,MF",Tottenham Hotspur,eng Premier League,23-175,2002,13.9,0,3,1,33.3,0.22,0.07,0.00,0.00,0,0,Matches
2623,Matthieu Udol,fr FRA,"MF,DF",Lens,fr Ligue 1,30-063,1996,33.4,1,47,17,36.2,1.41,0.51,0.02,0.06,0,0,Matches
2624,Manuel Ugarte,uy URU,MF,Manchester Utd,eng Premier League,25-041,2001,9.9,0,13,1,7.7,1.32,0.10,0.00,0.00,0,0,Matches
2625,Lesley Ugochukwu,fr FRA,MF,Burnley,eng Premier League,22-057,2004,25.1,3,22,8,36.4,0.88,0.32,0.14,0.38,0,0,Matches
2626,Filip Ugrinic,ch SUI,MF,Valencia,es La Liga,27-137,1999,15.7,0,19,2,10.5,1.21,0.13,0.00,0.00,0,0,Matches
2627,Lukas Ullrich,de GER,"DF,MF",Gladbach,de Bundesliga,22-067,2004,14.5,0,10,2,20.0,0.69,0.14,0.00,0.00,0,0,Matches
2628,Sven Ulreich,de GER,GK,Bayern Munich,de Bundesliga,37-292,1988,1.0,0,0,0,,0.00,0.00,,,0,0,Matches
2629,Enes Ünal,tr TUR,FW,Bournemouth,eng Premier League,29-012,1997,2.4,1,14,2,14.3,5.89,0.84,0.07,0.50,0,0,Matches
2630,Deniz Undav,de GER,"FW,MF",Stuttgart,de Bundesliga,29-307,1996,24.9,19,124,46,37.1,4.98,1.85,0.15,0.41,0,1,Matches
2631,Dayot Upamecano,fr FRA,DF,Bayern Munich,de Bundesliga,27-207,1998,19.9,1,8,2,25.0,0.40,0.10,0.13,0.50,0,0,Matches
2632,Jan Urbich,de GER,DF,Gladbach,de Bundesliga,21-333,2004,0.4,0,0,0,,0.00,0.00,,,0,0,Matches
2633,Jonas Urbig,de GER,GK,Bayern Munich,de Bundesliga,22-287,2003,12.3,0,0,0,,0.00,0.00,,,0,0,Matches
2634,Can Uzun,tr TUR,MF,Eintracht Frankfurt,de Bundesliga,20-192,2005,12.8,8,41,19,46.3,3.19,1.48,0.17,0.37,1,1,Matches
2635,Josha Vagnoman,de GER,"DF,MF",Stuttgart,de Bundesliga,25-162,2000,17.6,1,19,11,57.9,1.08,0.62,0.05,0.09,0,0,Matches
2636,Victor Valdepeñas,es ESP,DF,Real Madrid,es La Liga,19-214,2006,0.9,0,0,0,,0.00,0.00,,,0,0,Matches
2637,Hákon Valdimarsson,is ISL,GK,Brentford,eng Premier League,24-221,2001,1.0,0,0,0,,0.00,0.00,,,0,0,Matches
2638,Lautaro Valenti,ar ARG,DF,Parma,it Serie A,27-128,1999,24.4,0,16,4,25.0,0.66,0.16,0.00,0.00,0,0,Matches
2639,Óscar Valentín,es ESP,MF,Rayo Vallecano,es La Liga,31-275,1994,22.8,1,13,4,30.8,0.57,0.18,0.08,0.25,0,0,Matches
2640,Nicolás Valentini,ar ARG,DF,Hellas Verona,it Serie A,25-046,2001,15.1,0,16,7,43.8,1.06,0.46,0.00,0.00,0,0,Matches
2641,Germán Valera,es ESP,"MF,DF",Elche,es La Liga,24-067,2002,30.8,4,27,8,29.6,0.88,0.26,0.15,0.50,0,0,Matches
2642,Emanuele Valeri,it ITA,"MF,DF",Parma,it Serie A,27-166,1998,28.5,0,21,5,23.8,0.74,0.18,0.00,0.00,0,0,Matches
2643,Martin Valjent,sk SVK,DF,Mallorca,es La Liga,30-162,1995,35.8,0,16,8,50.0,0.45,0.22,0.00,0.00,0,0,Matches
2644,Álex Valle,es ESP,DF,Como,it Serie A,22-027,2004,22.5,1,11,2,18.2,0.49,0.09,0.09,0.50,0,0,Matches
2645,Álvaro Vallés,es ESP,GK,Real Betis,es La Liga,28-301,1997,28.0,0,0,0,,0.00,0.00,,,0,0,Matches
2646,Federico Valverde,uy URU,"MF,DF",Real Madrid,es La Liga,27-304,1998,29.4,5,50,21,42.0,1.70,0.71,0.10,0.24,0,0,Matches
2647,Ignace Van Der Brempt,be BEL,DF,Como,it Serie A,24-051,2002,10.2,0,3,0,0.0,0.29,0.00,0.00,,0,0,Matches
2648,Virgil van Dijk,nl NED,DF,Liverpool,eng Premier League,34-318,1991,37.0,6,29,14,48.3,0.78,0.38,0.21,0.43,0,0,Matches
2649,Vladyslav Vanat,ua UKR,FW,Girona,es La Liga,24-138,2002,21.6,9,27,18,66.7,1.25,0.83,0.22,0.33,3,3,Matches
2650,Jari Vandeputte,be BEL,MF,Cremonese,it Serie A,30-097,1996,20.8,1,20,8,40.0,0.96,0.39,0.05,0.13,0,0,Matches
2651,Vanderson,br BRA,"DF,MF",Monaco,fr Ligue 1,24-335,2001,6.8,0,3,0,0.0,0.44,0.00,0.00,,0,0,Matches
2652,Maarten Vandevoordt,be BEL,GK,RB Leipzig,de Bundesliga,24-085,2002,11.7,0,0,0,,0.00,0.00,,,0,0,Matches
2653,Charles Vanhoutte,be BEL,MF,Nice,fr Ligue 1,27-248,1998,19.7,0,5,1,20.0,0.25,0.05,0.00,0.00,0,0,Matches
2654,Jamie Vardy,eng ENG,FW,Cremonese,it Serie A,39-131,1987,22.4,7,30,14,46.7,1.34,0.63,0.23,0.50,0,0,Matches
2655,Obed Vargas,mx MEX,MF,Atlético Madrid,es La Liga,20-290,2005,7.2,0,4,0,0.0,0.55,0.00,0.00,,0,0,Matches
2656,Ruben Vargas,ch SUI,"MF,FW",Sevilla,es La Liga,27-290,1998,17.4,3,38,8,21.1,2.18,0.46,0.05,0.25,1,1,Matches
2657,Nikola Vasilj,ba BIH,GK,St Pauli,de Bundesliga,30-171,1995,34.0,0,0,0,,0.00,0.00,,,0,0,Matches
2658,Johan Vásquez,mx MEX,DF,Genoa,it Serie A,27-212,1998,35.7,1,24,6,25.0,0.67,0.17,0.04,0.17,0,0,Matches
2659,Denis Vavro,sk SVK,DF,Wolfsburg,de Bundesliga,30-042,1996,13.1,1,12,5,41.7,0.92,0.38,0.08,0.20,0,0,Matches
2660,José Luis García Vayá,es ESP,"MF,DF",Valencia,es La Liga,27-284,1998,23.7,2,24,3,12.5,1.01,0.13,0.04,0.33,1,3,Matches
2661,Robinio Vaz,fr FRA,FW,Marseille,fr Ligue 1,19-094,2007,4.2,4,8,6,75.0,1.90,1.42,0.50,0.67,0,0,Matches
2662,Robinio Vaz,fr FRA,FW,Roma,it Serie A,19-094,2007,2.3,1,5,2,40.0,2.15,0.86,0.20,0.50,0,0,Matches
2663,Franco Vázquez,ar ARG,"FW,MF",Cremonese,it Serie A,37-089,1989,5.8,1,12,4,33.3,2.06,0.69,0.08,0.25,0,0,Matches
2664,Jesus Vazquez,es ESP,"DF,MF",Valencia,es La Liga,23-140,2003,9.9,0,8,2,25.0,0.80,0.20,0.00,0.00,0,0,Matches
2665,Lucas Vázquez,es ESP,MF,Leverkusen,de Bundesliga,34-325,1991,5.3,1,4,1,25.0,0.75,0.19,0.25,1.00,0,0,Matches
2666,Luis Vázquez,ar ARG,FW,Getafe,es La Liga,25-028,2001,12.3,3,23,9,39.1,1.87,0.73,0.13,0.33,0,0,Matches
2667,Matías Vecino,uy URU,MF,Lazio,it Serie A,34-271,1991,6.7,0,7,1,14.3,1.04,0.15,0.00,0.00,0,0,Matches
2668,Matías Vecino,uy URU,MF,Celta Vigo,es La Liga,34-271,1991,1.3,0,2,0,0.0,1.53,0.00,0.00,,0,0,Matches
2669,Danilo Veiga,pt POR,DF,Lecce,it Serie A,23-239,2002,32.6,0,6,2,33.3,0.18,0.06,0.00,0.00,0,0,Matches
2670,Renato Veiga,pt POR,DF,Villarreal,es La Liga,22-297,2003,27.6,0,9,3,33.3,0.33,0.11,0.00,0.00,0,0,Matches
2671,Joël Veltman,nl NED,DF,Brighton,eng Premier League,34-127,1992,11.7,1,4,1,25.0,0.34,0.09,0.25,1.00,0,0,Matches
2672,Micky van de Ven,nl NED,DF,Tottenham Hotspur,eng Premier League,25-033,2001,32.8,4,15,6,40.0,0.46,0.18,0.27,0.67,0,0,Matches
2673,Unai Vencedor Paris,es ESP,MF,Levante,es La Liga,25-188,2000,9.0,0,0,0,,0.00,0.00,,,0,0,Matches
2674,Lorenzo Venturino,it ITA,FW,Genoa,it Serie A,19-334,2006,0.4,0,1,1,100.0,2.25,2.25,0.00,0.00,0,0,Matches
2675,Lorenzo Venturino,it ITA,MF,Roma,it Serie A,19-334,2006,2.3,0,4,0,0.0,1.74,0.00,0.00,,0,0,Matches
2676,Nikolas Veratschnig,at AUT,"MF,DF",Mainz 05,de Bundesliga,23-118,2003,7.3,0,4,1,25.0,0.55,0.14,0.00,0.00,0,0,Matches
2677,Bart Verbruggen,nl NED,GK,Brighton,eng Premier League,23-277,2002,37.0,0,0,0,,0.00,0.00,,,0,0,Matches
2678,Calvin Verdonk,id IDN,DF,Lille,fr Ligue 1,29-026,1997,8.8,0,3,1,33.3,0.34,0.11,0.00,0.00,0,0,Matches
2679,Antonio Vergara,it ITA,MF,Napoli,it Serie A,23-126,2003,6.8,1,10,3,30.0,1.47,0.44,0.10,0.33,0,0,Matches
2680,Arthur Vermeeren,be BEL,MF,Marseille,fr Ligue 1,21-104,2005,9.2,0,3,1,33.3,0.33,0.11,0.00,0.00,0,0,Matches
2681,Ioan Vermeșan,ro ROU,FW,Hellas Verona,it Serie A,19-216,2006,0.8,0,4,1,25.0,4.80,1.20,0.00,0.00,0,0,Matches
2682,Jozhua Vertrouwd,nl NED,DF,Rayo Vallecano,es La Liga,21-274,2004,5.0,0,1,0,0.0,0.20,0.00,0.00,,0,0,Matches
2683,Mikel Vesga,es ESP,MF,Athletic Club,es La Liga,33-001,1993,5.1,0,3,0,0.0,0.59,0.00,0.00,,0,0,Matches
2684,Guglielmo Vicario,it ITA,GK,Tottenham Hotspur,eng Premier League,29-227,1996,31.0,0,0,0,,0.00,0.00,,,0,0,Matches
2685,Carlos Vicente,es ESP,MF,Alavés,es La Liga,27-029,1999,14.0,5,12,6,50.0,0.86,0.43,0.17,0.33,3,3,Matches
2686,Nacho Vidal,es ESP,DF,Oviedo,es La Liga,31-118,1995,24.3,0,15,3,20.0,0.62,0.12,0.00,0.00,0,0,Matches
2687,Fabio Vieira,pt POR,"MF,FW",Hamburger SV,de Bundesliga,25-357,2000,24.5,7,59,19,32.2,2.41,0.78,0.10,0.32,1,1,Matches
2688,Julián Vignolo,ar ARG,MF,Toulouse,fr Ligue 1,19-166,2006,2.2,2,8,7,87.5,3.69,3.23,0.25,0.29,0,0,Matches
2689,Gonzalo Villar,es ESP,MF,Elche,es La Liga,28-060,1998,7.2,1,4,1,25.0,0.56,0.14,0.25,1.00,0,0,Matches
2690,Federico Viñas,uy URU,"FW,MF",Oviedo,es La Liga,27-326,1998,27.1,9,57,21,36.8,2.10,0.77,0.12,0.33,2,2,Matches
2691,Jan Virgili,es ESP,"MF,FW",Mallorca,es La Liga,19-300,2006,19.6,2,32,16,50.0,1.63,0.82,0.06,0.13,0,0,Matches
2692,Mattia Viti,it ITA,"MF,DF",Fiorentina,it Serie A,24-118,2002,2.9,0,0,0,,0.00,0.00,,,0,0,Matches
2693,Martin Vitík,cz CZE,DF,Bologna,it Serie A,23-121,2003,14.7,0,8,2,25.0,0.54,0.14,0.00,0.00,0,0,Matches
2694,Vitinha,pt POR,"FW,MF",Genoa,it Serie A,26-068,2000,24.7,5,65,20,30.8,2.63,0.81,0.08,0.25,0,0,Matches
2695,Vitinha,pt POR,MF,Paris Saint-Germain,fr Ligue 1,26-098,2000,23.5,1,34,10,29.4,1.44,0.42,0.03,0.10,0,0,Matches
2696,Daniel Vivian,es ESP,DF,Athletic Club,es La Liga,26-311,1999,27.5,1,17,6,35.3,0.62,0.22,0.06,0.17,0,0,Matches
2697,Odysseas Vlachodimos,gr GRE,GK,Sevilla,es La Liga,32-026,1994,33.0,0,0,0,,0.00,0.00,,,0,0,Matches
2698,Dušan Vlahović,rs SRB,FW,Juventus,it Serie A,26-114,2000,10.1,5,44,16,36.4,4.37,1.59,0.09,0.25,1,1,Matches
2699,Nikola Vlašić,hr CRO,"MF,FW",Torino,it Serie A,28-230,1997,32.8,8,47,17,36.2,1.43,0.52,0.06,0.18,5,5,Matches
2700,Mërgim Vojvoda,xk KVX,"MF,DF",Como,it Serie A,31-110,1995,17.6,2,18,7,38.9,1.02,0.40,0.11,0.29,0,0,Matches
2701,Cristian Volpato,it ITA,FW,Sassuolo,it Serie A,22-188,2003,11.7,2,21,7,33.3,1.79,0.60,0.10,0.29,0,0,Matches
2702,Alexis Vossah,fr FRA,MF,Toulouse,fr Ligue 1,18-072,2008,12.1,1,9,2,22.2,0.74,0.16,0.11,0.50,0,0,Matches
2703,Aster Vranckx,be BEL,MF,Sassuolo,it Serie A,23-230,2002,7.7,0,3,1,33.3,0.39,0.13,0.00,0.00,0,0,Matches
2704,Stefan de Vrij,nl NED,DF,Inter,it Serie A,34-106,1992,6.6,0,5,2,40.0,0.76,0.31,0.00,0.00,0,0,Matches
2705,İsak Vural,tr TUR,MF,Pisa,it Serie A,19-359,2006,7.4,0,5,1,20.0,0.68,0.14,0.00,0.00,0,0,Matches
2706,Luka Vušković,hr CRO,DF,Hamburger SV,de Bundesliga,19-087,2007,27.1,6,32,10,31.3,1.18,0.37,0.16,0.50,1,1,Matches
2707,Yannik Wagner,de GER,FW,Heidenheim,de Bundesliga,19-013,2007,0.5,0,1,0,0.0,1.84,0.00,0.00,,0,0,Matches
2708,Elye Wahi,ci CIV,FW,Nice,fr Ligue 1,23-140,2003,10.2,5,23,15,65.2,2.25,1.46,0.17,0.27,1,1,Matches
2709,Elye Wahi,ci CIV,FW,Eintracht Frankfurt,de Bundesliga,23-140,2003,3.6,0,7,3,42.9,1.94,0.83,0.00,0.00,0,0,Matches
2710,Hauke Wahl,de GER,DF,St Pauli,de Bundesliga,32-037,1994,28.8,2,10,4,40.0,0.35,0.14,0.20,0.50,0,0,Matches
2711,Luca Waldschmidt,de GER,"FW,MF",Köln,de Bundesliga,30-003,1996,7.5,5,26,13,50.0,3.46,1.73,0.12,0.23,2,2,Matches
2712,Kyle Walker,eng ENG,"DF,MF",Burnley,eng Premier League,35-359,1990,33.4,0,4,0,0.0,0.12,0.00,0.00,,0,0,Matches
2713,Kyle Walker-Peters,eng ENG,DF,West Ham United,eng Premier League,29-039,1997,14.4,1,5,3,60.0,0.35,0.21,0.20,0.33,0,0,Matches
2714,Sebastian Walukiewicz,pl POL,DF,Sassuolo,it Serie A,26-047,2000,31.7,0,7,0,0.0,0.22,0.00,0.00,,0,0,Matches
2715,Aaron Wan-Bissaka,cd COD,"DF,MF",West Ham United,eng Premier League,28-177,1997,23.1,0,0,0,,0.00,0.00,,,0,0,Matches
2716,James Ward-Prowse,eng ENG,MF,West Ham United,eng Premier League,31-202,1994,4.6,0,2,0,0.0,0.44,0.00,0.00,,0,0,Matches
2717,James Ward-Prowse,eng ENG,MF,Burnley,eng Premier League,31-202,1994,7.4,0,3,2,66.7,0.40,0.27,0.00,0.00,0,0,Matches
2718,Ollie Watkins,eng ENG,FW,Aston Villa,eng Premier League,30-143,1995,30.5,14,79,36,45.6,2.59,1.18,0.18,0.39,0,0,Matches
2719,Tom Watson,eng ENG,MF,Brighton,eng Premier League,20-044,2006,0.7,0,1,1,100.0,1.45,1.45,0.00,0.00,0,0,Matches
2720,Timothy Weah,us USA,"MF,DF",Marseille,fr Ligue 1,26-089,2000,25.0,2,29,10,34.5,1.16,0.40,0.07,0.20,0,0,Matches
2721,Tobias Weigel,de GER,FW,Heidenheim,de Bundesliga,19-026,2007,0.0,0,0,0,,0.00,0.00,,,0,0,Matches
2722,Nelson Weiper,de GER,FW,Mainz 05,de Bundesliga,21-066,2005,6.2,0,13,6,46.2,2.10,0.97,0.00,0.00,0,0,Matches
2723,Max Weiß,de GER,GK,Burnley,eng Premier League,21-341,2004,2.0,0,0,0,,0.00,0.00,,,0,0,Matches
2724,Danny Welbeck,eng ENG,FW,Brighton,eng Premier League,35-177,1990,24.4,13,56,28,50.0,2.29,1.15,0.21,0.43,1,3,Matches
2725,Timo Werner,de GER,"FW,MF",RB Leipzig,de Bundesliga,30-077,1996,0.2,0,0,0,,0.00,0.00,,,0,0,Matches
2726,Wesley,br BRA,MF,Real Sociedad,es La Liga,21-078,2005,1.0,0,1,0,0.0,1.02,0.00,0.00,,0,0,Matches
2727,Wesley,br BRA,MF,Roma,it Serie A,22-258,2003,27.2,5,25,13,52.0,0.92,0.48,0.20,0.38,0,0,Matches
2728,Adam Wharton,eng ENG,MF,Crystal Palace,eng Premier League,22-105,2004,28.2,1,32,6,18.8,1.14,0.21,0.03,0.17,0,0,Matches
2729,Ben White,eng ENG,DF,Arsenal,eng Premier League,28-226,1997,7.8,0,5,1,20.0,0.64,0.13,0.00,0.00,0,0,Matches
2730,Silvan Widmer,ch SUI,MF,Mainz 05,de Bundesliga,33-078,1993,20.1,2,20,4,20.0,0.99,0.20,0.10,0.50,0,0,Matches
2731,Mats Wieffer,nl NED,DF,Brighton,eng Premier League,26-187,1999,20.1,2,18,6,33.3,0.89,0.30,0.11,0.33,0,0,Matches
2732,Iñaki Williams,gh GHA,"MF,FW",Athletic Club,es La Liga,31-341,1994,23.0,3,57,20,35.1,2.48,0.87,0.04,0.10,1,1,Matches
2733,Neco Williams,wls WAL,DF,Nottingham Forest,eng Premier League,25-039,2001,34.6,2,43,18,41.9,1.24,0.52,0.05,0.11,0,0,Matches
2734,Nico Williams,es ESP,MF,Athletic Club,es La Liga,23-314,2002,18.6,6,46,16,34.8,2.47,0.86,0.11,0.31,1,2,Matches
2735,Estêvão Willian,br BRA,MF,Chelsea,eng Premier League,19-028,2007,9.4,2,28,8,28.6,2.97,0.85,0.07,0.25,0,0,Matches
2736,Joe Willock,eng ENG,MF,Newcastle United,eng Premier League,26-275,1999,9.9,0,15,5,33.3,1.51,0.50,0.00,0.00,0,0,Matches
2737,Callum Wilson,eng ENG,FW,West Ham United,eng Premier League,34-084,1992,13.4,6,35,14,40.0,2.61,1.04,0.17,0.43,0,0,Matches
2738,Harry Wilson,wls WAL,MF,Fulham,eng Premier League,29-061,1997,29.5,10,76,25,32.9,2.58,0.85,0.13,0.40,0,0,Matches
2739,Patrick Wimmer,at AUT,MF,Wolfsburg,de Bundesliga,24-357,2001,18.0,4,24,8,33.3,1.33,0.44,0.17,0.50,0,0,Matches
2740,Jonas Wind,dk DEN,FW,Wolfsburg,de Bundesliga,27-104,1999,5.3,1,9,6,66.7,1.68,1.12,0.11,0.17,0,0,Matches
2741,Ben Winterburn,eng ENG,MF,Bournemouth,eng Premier League,21-260,2004,0.1,0,0,0,,0.00,0.00,,,0,0,Matches
2742,Florian Wirtz,de GER,MF,Liverpool,eng Premier League,23-019,2003,26.2,5,49,17,34.7,1.87,0.65,0.10,0.29,0,0,Matches
2743,Yoane Wissa,cd COD,FW,Newcastle United,eng Premier League,29-261,1996,5.6,1,13,5,38.5,2.31,0.89,0.08,0.20,0,0,Matches
2744,Axel Witsel,be BEL,MF,Girona,es La Liga,37-130,1989,27.4,1,20,5,25.0,0.73,0.18,0.05,0.20,0,0,Matches
2745,Maximilian Wöber,at AUT,DF,Werder Bremen,de Bundesliga,28-107,1998,0.4,0,0,0,,0.00,0.00,,,0,0,Matches
2746,Marius Wolf,de GER,MF,Augsburg,de Bundesliga,30-360,1995,11.3,1,14,5,35.7,1.24,0.44,0.07,0.20,0,0,Matches
2747,Nick Woltemade,de GER,MF,Stuttgart,de Bundesliga,24-097,2002,1.0,0,0,0,,0.00,0.00,,,0,0,Matches
2748,Nick Woltemade,de GER,"FW,MF",Newcastle United,eng Premier League,24-097,2002,20.3,8,32,13,40.6,1.58,0.64,0.22,0.54,1,1,Matches
2749,Jeong Woo-yeong,kr KOR,"MF,FW",Union Berlin,de Bundesliga,26-244,1999,13.3,4,22,8,36.4,1.65,0.60,0.18,0.50,0,0,Matches
2750,Chris Wood,nz NZL,FW,Nottingham Forest,eng Premier League,34-166,1991,9.3,3,21,8,38.1,2.25,0.86,0.14,0.38,0,0,Matches
2751,Freddie Woodman,eng ENG,GK,Liverpool,eng Premier League,29-079,1997,2.4,0,0,0,,0.00,0.00,,,0,0,Matches
2752,Christopher Wooh,cm CMR,DF,Rennes,fr Ligue 1,24-246,2001,0.7,0,0,0,,0.00,0.00,,,0,0,Matches
2753,Joe Worrall,eng ENG,DF,Burnley,eng Premier League,29-132,1997,5.6,0,1,0,0.0,0.18,0.00,0.00,,0,0,Matches
2754,Daniel Xavier Semedo,fr FRA,MF,Lorient,fr Ligue 1,22-209,2003,0.1,0,0,0,,0.00,0.00,,,0,0,Matches
2755,Granit Xhaka,ch SUI,MF,Sunderland,eng Premier League,33-237,1992,31.3,1,21,5,23.8,0.67,0.16,0.05,0.20,0,0,Matches
2756,Lamine Yamal,es ESP,"MF,FW",Barcelona,es La Liga,18-313,2007,25.1,16,117,37,31.6,4.66,1.47,0.11,0.35,3,4,Matches
2757,Daniel Yáñez,es ESP,MF,Real Madrid,es La Liga,19-055,2007,0.5,0,0,0,,0.00,0.00,,,0,0,Matches
2758,Roman Yaremchuk,ua UKR,FW,Lyon,fr Ligue 1,30-176,1995,6.2,4,16,6,37.5,2.57,0.96,0.25,0.67,0,0,Matches
2759,Yehor Yarmoliuk,ua UKR,MF,Brentford,eng Premier League,22-082,2004,29.5,1,16,4,25.0,0.54,0.14,0.06,0.25,0,0,Matches
2760,Gessime Yassine,ma MAR,MF,Strasbourg,fr Ligue 1,20-181,2005,5.7,0,8,1,12.5,1.41,0.18,0.00,0.00,0,0,Matches
2761,Ryan Yates,eng ENG,MF,Nottingham Forest,eng Premier League,28-182,1997,6.6,0,8,1,12.5,1.22,0.15,0.00,0.00,0,0,Matches
2762,Terry Yegbe,gh GHA,DF,Metz,fr Ligue 1,25-117,2001,21.8,0,6,2,33.3,0.28,0.09,0.00,0.00,0,0,Matches
2763,Bertuğ Yıldırım,tr TUR,FW,Rennes,fr Ligue 1,23-314,2002,0.0,0,0,0,,0.00,0.00,,,0,0,Matches
2764,Kenan Yıldız,tr TUR,"MF,FW",Juventus,it Serie A,21-018,2005,31.4,10,97,40,41.2,3.09,1.27,0.09,0.23,1,2,Matches
2765,Darlin Yongwa,cm CMR,"DF,MF",Lorient,fr Ligue 1,25-242,2000,14.6,0,10,2,20.0,0.69,0.14,0.00,0.00,0,0,Matches
2766,Leny Yoro,fr FRA,DF,Manchester Utd,eng Premier League,20-190,2005,19.1,0,9,3,33.3,0.47,0.16,0.00,0.00,0,0,Matches
2767,Ali Yousuf,ly LBY,DF,Nantes,fr Ligue 1,24-317,2001,10.8,0,6,1,16.7,0.56,0.09,0.00,0.00,0,0,Matches
2768,Etienne Youte Kinkoue,fr FRA,"DF,MF",Le Havre,fr Ligue 1,24-128,2002,4.7,0,0,0,,0.00,0.00,,,0,0,Matches
2769,Illia Zabarnyi,ua UKR,DF,Paris Saint-Germain,fr Ligue 1,23-263,2002,26.5,1,4,3,75.0,0.15,0.11,0.25,0.33,0,0,Matches
2770,Yassir Zabiri,ma MAR,MF,Rennes,fr Ligue 1,21-088,2005,0.5,0,4,2,50.0,7.50,3.75,0.00,0.00,0,0,Matches
2771,Mattia Zaccagni,it ITA,FW,Lazio,it Serie A,30-340,1995,23.4,3,34,14,41.2,1.45,0.60,0.09,0.21,0,1,Matches
2772,Yvan Zaddy,ci CIV,MF,Auxerre,fr Ligue 1,20-021,2006,0.0,0,0,0,,0.00,0.00,,,0,0,Matches
2773,Dan-Axel Zagadou,fr FRA,DF,Stuttgart,de Bundesliga,26-353,1999,2.3,0,6,1,16.7,2.58,0.43,0.00,0.00,0,0,Matches
2774,Stephan Zagadou,fr FRA,DF,Le Havre,fr Ligue 1,17-210,2008,5.5,1,1,1,100.0,0.18,0.18,1.00,1.00,0,0,Matches
2775,Warren Zaïre-Emery,fr FRA,"DF,MF",Paris Saint-Germain,fr Ligue 1,20-075,2006,27.2,3,19,7,36.8,0.70,0.26,0.16,0.43,0,0,Matches
2776,Denis Zakaria,ch SUI,"DF,MF",Monaco,fr Ligue 1,29-183,1996,22.6,2,18,3,16.7,0.80,0.13,0.11,0.67,0,0,Matches
2777,Arsen Zakharyan,ru RUS,MF,Real Sociedad,es La Liga,22-361,2003,5.1,0,14,3,21.4,2.75,0.59,0.00,0.00,0,0,Matches
2778,Nicola Zalewski,pl POL,MF,Atalanta,it Serie A,24-119,2002,21.1,2,38,7,18.4,1.80,0.33,0.05,0.29,0,0,Matches
2779,Andre-Frank Zambo Anguissa,cm CMR,MF,Napoli,it Serie A,30-187,1995,14.0,4,23,9,39.1,1.65,0.64,0.17,0.44,0,0,Matches
2780,Nicolò Zaniolo,it ITA,"FW,MF",Udinese,it Serie A,26-324,1999,25.1,5,72,22,30.6,2.87,0.88,0.07,0.23,0,0,Matches
2781,Alessandro Zanoli,it ITA,MF,Udinese,it Serie A,25-231,2000,14.2,1,3,1,33.3,0.21,0.07,0.33,1.00,0,0,Matches
2782,Duván Zapata,co COL,FW,Torino,it Serie A,35-051,1991,11.6,3,33,15,45.5,2.83,1.29,0.09,0.20,0,1,Matches
2783,Gabriele Zappa,it ITA,DF,Cagliari,it Serie A,26-151,1999,16.7,0,10,1,10.0,0.60,0.06,0.00,0.00,0,0,Matches
2784,Davide Zappacosta,it ITA,MF,Atalanta,it Serie A,33-345,1992,28.0,3,36,8,22.2,1.28,0.29,0.08,0.38,0,0,Matches
2785,Bryan Zaragoza,es ESP,MF,Roma,it Serie A,24-255,2001,1.5,0,1,1,100.0,0.67,0.67,0.00,0.00,0,0,Matches
2786,Bryan Zaragoza,es ESP,"FW,MF",Celta Vigo,es La Liga,24-255,2001,12.6,1,26,12,46.2,2.07,0.95,0.00,0.00,1,1,Matches
2787,Oier Zarraga,es ESP,MF,Udinese,it Serie A,27-138,1999,5.2,0,4,1,25.0,0.78,0.19,0.00,0.00,0,0,Matches
2788,Nils Zätterström,se SWE,DF,Genoa,it Serie A,21-054,2005,1.0,0,0,0,,0.00,0.00,,,0,0,Matches
2789,Aaron Zehnter,de GER,"DF,MF",Wolfsburg,de Bundesliga,21-203,2004,16.2,2,11,5,45.5,0.68,0.31,0.18,0.40,0,0,Matches
2790,Jordan Zemura,zw ZIM,"MF,DF",Udinese,it Serie A,26-189,1999,11.6,0,5,1,20.0,0.43,0.09,0.00,0.00,0,0,Matches
2791,Robin Zentner,de GER,GK,Mainz 05,de Bundesliga,31-206,1994,9.7,0,0,0,,0.00,0.00,,,0,0,Matches
2792,Alessio Zerbin,it ITA,MF,Cremonese,it Serie A,27-080,1999,17.8,0,21,7,33.3,1.18,0.39,0.00,0.00,0,0,Matches
2793,Cedric Zesiger,ch SUI,DF,Augsburg,de Bundesliga,27-332,1998,20.2,0,12,3,25.0,0.59,0.15,0.00,0.00,0,0,Matches
2794,Michael Zetterer,de GER,GK,Eintracht Frankfurt,de Bundesliga,30-314,1995,22.0,0,0,0,,0.00,0.00,,,0,0,Matches
2795,Edon Zhegrova,xk KVX,MF,Juventus,it Serie A,27-052,1999,4.1,0,19,9,47.4,4.63,2.20,0.00,0.00,0,0,Matches
2796,Piotr Zieliński,pl POL,MF,Inter,it Serie A,32-002,1994,21.7,6,28,10,35.7,1.29,0.46,0.18,0.50,1,1,Matches
2797,Oleksandr Zinchenko,ua UKR,DF,Nottingham Forest,eng Premier League,29-158,1996,3.9,0,4,2,50.0,1.02,0.51,0.00,0.00,0,0,Matches
2798,Melvin Zinga,fr FRA,GK,Angers,fr Ligue 1,24-067,2002,2.5,0,0,0,,0.00,0.00,,,0,0,Matches
2799,Jan Ziółkowski,pl POL,DF,Roma,it Serie A,20-351,2005,5.5,0,1,0,0.0,0.18,0.00,0.00,,0,0,Matches
2800,Joshua Zirkzee,nl NED,"FW,MF",Manchester Utd,eng Premier League,25-000,2001,6.8,2,25,9,36.0,3.69,1.33,0.08,0.22,0,0,Matches
2801,Budu Zivzivadze,ge GEO,FW,Heidenheim,de Bundesliga,32-073,1994,12.7,6,28,14,50.0,2.21,1.10,0.21,0.43,0,0,Matches
2802,Luck Zogbé,ci CIV,DF,Brest,fr Ligue 1,21-059,2005,3.2,0,3,0,0.0,0.94,0.00,0.00,,0,0,Matches
2803,Nadir Zortea,it ITA,DF,Bologna,it Serie A,26-337,1999,19.9,0,11,1,9.1,0.55,0.05,0.00,0.00,0,0,Matches
2804,Yanis Zouaoui,dz ALG,"DF,MF",Le Havre,fr Ligue 1,28-026,1998,26.0,1,16,5,31.3,0.62,0.19,0.00,0.00,1,1,Matches
2805,Igor Zubeldia,es ESP,DF,Real Sociedad,es La Liga,29-053,1997,22.1,0,6,1,16.7,0.27,0.05,0.00,0.00,0,0,Matches
2806,Martín Zubimendi,es ESP,MF,Arsenal,eng Premier League,27-109,1999,32.2,5,27,9,33.3,0.84,0.28,0.19,0.56,0,0,Matches
2807,Martin Ødegaard,no NOR,MF,Arsenal,eng Premier League,27-156,1998,15.2,1,22,8,36.4,1.45,0.53,0.05,0.13,0,0,Matches
2808,Luka Đurić,rs SRB,MF,Hoffenheim,de Bundesliga,22-338,2003,0.1,0,0,0,,0.00,0.00,,,0,0,Matches
2809,Milan Đurić,ba BIH,FW,Cremonese,it Serie A,36-000,1990,4.3,0,10,5,50.0,2.33,1.17,0.00,0.00,0,0,Matches
2810,Milan Đurić,ba BIH,FW,Parma,it Serie A,36-000,1990,0.8,0,5,0,0.0,6.08,0.00,0.00,,0,0,Matches
