Rk,Player,Nation,Pos,Squad,Comp,Age,Born,Playing Time_MP,Playing Time_Min,Playing Time_Mn/MP,Playing Time_Min%,Playing Time_90s,Starts_Starts,Starts_Mn/Start,Starts_Compl,Subs_Subs,Subs_Mn/Sub,Subs_unSub,Team Success_PPM,Team Success_onG,Team Success_onGA,Team Success_+/-,Team Success_+/-90,Team Success_On-Off,Matches
1,Brenden Aaronson,us USA,"MF,FW",Leeds United,eng Premier League,25-212,2000,36,2360,66,70.9,26.2,29,76,2,7,21,1,1.22,35,29,+6,+0.23,+1.16,Matches
2,Jerome Abbey,eng ENG,MF,Wolves,eng Premier League,16-248,2009,0,,,,,0,,0,0,,1,,,,,,,Matches
3,Zach Abbott,eng ENG,DF,Nottingham Forest,eng Premier League,20-009,2006,3,164,55,4.9,1.8,2,60,0,1,45,12,1.00,2,4,-2,-1.10,-1.07,Matches
4,Keyliane Abdallah,fr FRA,FW,Marseille,fr Ligue 1,20-047,2006,0,,,,,0,,0,0,,1,,,,,,,Matches
5,Jones El-Abdellaoui,ma MAR,"MF,FW",Celta Vigo,es La Liga,20-130,2006,22,681,31,20.5,7.6,4,75,1,18,21,15,1.55,17,12,+5,+0.66,+0.69,Matches
6,Himad Abdelli,dz ALG,MF,Marseille,fr Ligue 1,26-186,1999,8,138,17,4.5,1.5,1,58,0,7,11,2,1.00,2,8,-6,-3.91,-4.65,Matches
7,Himad Abdelli,dz ALG,MF,Angers,fr Ligue 1,26-186,1999,13,943,73,30.8,10.5,11,81,4,2,25,0,1.38,12,13,-1,-0.10,+0.67,Matches
8,Mohamed Abdelmonem,eg EGY,DF,Nice,fr Ligue 1,27-110,1999,0,,,,,0,,0,0,,1,,,,,,,Matches
9,Ali Abdi,tn TUN,"MF,DF",Nice,fr Ligue 1,32-153,1993,22,1187,54,38.8,13.2,13,76,7,9,23,2,0.68,19,17,+2,+0.15,+1.35,Matches
10,Salis Abdul Samed,gh GHA,MF,Nice,fr Ligue 1,26-057,2000,18,911,51,29.8,10.1,12,67,2,6,18,12,1.06,15,17,-2,-0.20,+0.68,Matches
11,Saud Abdulhamid,sa KSA,MF,Lens,fr Ligue 1,26-308,1999,25,1352,54,44.2,15.0,14,83,8,11,18,6,1.84,35,17,+18,+1.20,+0.51,Matches
12,Tay Abed,il ISR,MF,Levante,es La Liga,22-075,2004,6,48,8,1.4,0.5,0,,0,6,8,11,1.33,2,2,0,0.00,+0.36,Matches
13,Laurent Abergel,fr FRA,MF,Lorient,fr Ligue 1,33-110,1993,28,2318,83,75.8,25.8,27,85,19,1,22,0,1.39,40,41,-1,-0.04,+0.20,Matches
14,Matthis Abline,fr FRA,"FW,MF",Nantes,fr Ligue 1,23-055,2003,32,2494,78,84.0,27.7,27,88,19,5,26,0,0.61,25,49,-24,-0.87,-1.06,Matches
15,Abner,br BRA,"DF,MF",Lyon,fr Ligue 1,25-360,2000,26,2150,83,70.3,23.9,25,86,17,1,3,2,1.81,35,25,+10,+0.42,+0.12,Matches
16,Zakaria Aboukhlal,ma MAR,MF,Torino,it Serie A,26-093,2000,15,511,34,15.3,5.7,6,59,0,9,18,5,0.53,2,11,-9,-1.59,-1.27,Matches
17,Abdel Abqar,ma MAR,DF,Getafe,es La Liga,27-073,1999,22,1347,61,40.5,15.0,16,75,6,6,26,0,1.09,14,14,0,0.00,+0.32,Matches
18,Tammy Abraham,eng ENG,FW,Aston Villa,eng Premier League,28-232,1997,12,286,24,8.6,3.2,2,75,1,10,14,2,1.00,4,8,-4,-1.26,-1.55,Matches
19,Vicent Abril,es ESP,GK,Valencia,es La Liga,21-096,2005,0,,,,,0,,0,0,,10,,,,,,,Matches
20,Francis Abu,gh GHA,MF,Toulouse,fr Ligue 1,25-025,2001,8,526,66,17.7,5.8,7,69,1,1,45,3,1.13,10,7,+3,+0.51,+0.59,Matches
21,Giorgi Abuashvili,ge GEO,"MF,FW",Metz,fr Ligue 1,23-103,2003,23,698,30,22.8,7.8,6,64,0,17,19,9,0.52,8,20,-12,-1.55,-0.33,Matches
22,Mathieu Acapandié,mg MAD,"DF,MF",Nantes,fr Ligue 1,21-159,2004,6,261,44,8.8,2.9,2,84,1,4,23,1,0.57,3,7,-4,-1.38,-0.75,Matches
23,Francesco Acerbi,it ITA,DF,Inter,it Serie A,38-101,1988,18,1378,77,41.4,15.3,15,88,12,3,22,17,2.11,34,18,+16,+1.04,-0.71,Matches
24,Ragnar Ache,de GER,FW,Köln,de Bundesliga,27-298,1998,29,1718,59,56.1,19.1,18,78,3,11,29,0,1.03,27,38,-11,-0.58,-0.38,Matches
25,Joshua Acheampong,eng ENG,DF,Chelsea,eng Premier League,20-017,2006,16,660,41,19.8,7.3,8,71,1,8,11,18,1.25,10,13,-3,-0.41,-0.75,Matches
26,Wisdom Acquah,it ITA,FW,Torino,it Serie A,19-104,2007,0,,,,,0,,0,0,,4,,,,,,,Matches
27,Akor Adams,ng NGA,FW,Sevilla,es La Liga,26-113,2000,31,2037,66,61.2,22.6,21,85,14,10,25,1,1.16,32,40,-8,-0.35,-0.01,Matches
28,Che Adams,sct SCO,FW,Torino,it Serie A,29-313,1996,32,1858,58,55.8,20.6,19,76,4,13,32,2,1.19,24,30,-6,-0.29,+0.50,Matches
29,Tyler Adams,us USA,MF,Bournemouth,eng Premier League,27-097,1999,24,1683,70,50.5,18.7,20,79,9,4,28,1,1.54,24,27,-3,-0.16,-0.54,Matches
30,Junior Adamu,at AUT,FW,Freiburg,de Bundesliga,24-350,2001,9,446,50,14.6,5.0,7,61,0,2,9,10,1.44,7,4,+3,+0.61,+0.92,Matches
31,Tosin Adarabioyo,eng ENG,DF,Chelsea,eng Premier League,28-240,1997,16,795,50,23.9,8.8,8,80,6,8,19,12,1.44,16,14,+2,+0.23,+0.05,Matches
32,Jayden Addai,nl NED,MF,Como,it Serie A,20-269,2005,12,686,57,20.6,7.6,7,75,2,5,32,6,1.25,11,6,+5,+0.66,-0.30,Matches
33,Wesley Adeh,de GER,MF,Werder Bremen,de Bundesliga,19-134,2007,0,,,,,0,,0,0,,3,,,,,,,Matches
34,Karim Adeyemi,de GER,"MF,FW",Dortmund,de Bundesliga,24-124,2002,28,1195,43,39.1,13.3,15,69,0,13,12,1,2.29,27,14,+13,+0.98,-0.13,Matches
35,Simon Adingra,ci CIV,"MF,FW",Sunderland,eng Premier League,24-141,2002,14,653,47,19.6,7.3,9,64,0,5,16,8,1.07,6,8,-2,-0.28,-0.11,Matches
36,Simon Adingra,ci CIV,"MF,FW",Monaco,fr Ligue 1,24-141,2002,14,855,61,27.9,9.5,10,75,2,4,27,0,1.93,19,15,+4,+0.42,+0.34,Matches
37,Nathaniel Adjei,gh GHA,DF,Lorient,fr Ligue 1,23-274,2002,15,835,56,27.3,9.3,9,88,8,6,7,11,1.60,13,13,0,0.00,+0.12,Matches
38,Jonas Adjetey,gh GHA,DF,Wolfsburg,de Bundesliga,22-160,2003,4,137,34,4.5,1.5,1,90,1,3,16,5,0.25,1,3,-2,-1.31,-0.64,Matches
39,Amine Adli,ma MAR,MF,Bournemouth,eng Premier League,26-012,2000,30,1075,36,32.3,11.9,10,73,2,20,17,6,1.50,18,17,+1,+0.08,-0.04,Matches
40,Adrián,es ESP,GK,Real Betis,es La Liga,39-139,1987,0,,,,,0,,0,0,,34,,,,,,,Matches
41,Vasilije Adžić,me MNE,MF,Juventus,it Serie A,20-010,2006,10,171,17,5.1,1.9,1,57,0,9,13,24,1.60,2,3,-1,-0.53,-1.32,Matches
42,Michel Aebischer,ch SUI,MF,Pisa,it Serie A,29-136,1997,34,2832,83,85.0,31.5,32,86,25,2,45,1,0.53,22,47,-25,-0.79,+2.64,Matches
43,David Affengruber,at AUT,DF,Elche,es La Liga,25-064,2001,35,2859,82,85.9,31.8,32,86,26,3,31,0,1.14,44,48,-4,-0.13,+0.64,Matches
44,Dapo Afolayan,eng ENG,MF,St Pauli,de Bundesliga,28-253,1997,7,150,21,4.9,1.7,1,45,0,6,18,5,0.57,1,3,-2,-1.20,-0.30,Matches
45,Emmanuel Agbadou,ci CIV,DF,Wolves,eng Premier League,28-339,1997,14,1101,79,33.1,12.2,12,85,11,2,38,4,0.14,6,27,-21,-1.72,-0.91,Matches
46,Julen Agirrezabala,es ESP,GK,Valencia,es La Liga,25-147,2000,18,1620,90,48.6,18.0,18,90,18,0,,3,0.89,17,30,-13,-0.72,-0.83,Matches
47,Lucien Agoume,fr FRA,MF,Sevilla,es La Liga,24-102,2002,33,2601,79,78.1,28.9,30,84,20,3,26,1,1.21,39,47,-8,-0.28,+0.34,Matches
48,Saad Agouzoul,ma MAR,DF,Auxerre,fr Ligue 1,28-285,1997,0,,,,,0,,0,0,,2,,,,,,,Matches
49,Felix Agu,ng NGA,"DF,MF",Werder Bremen,de Bundesliga,26-237,1999,11,744,68,24.3,8.3,9,76,4,2,30,3,0.91,11,19,-8,-0.97,-0.38,Matches
50,Diego Aguado,es ESP,DF,Real Madrid,es La Liga,19-104,2007,1,30,30,0.9,0.3,0,,0,1,30,4,3.00,2,1,+1,+3.00,+1.94,Matches
51,Marc Aguado,es ESP,MF,Elche,es La Liga,26-089,2000,34,2410,71,72.4,26.8,29,79,8,5,21,0,1.03,31,37,-6,-0.22,-0.03,Matches
52,Pablo Agudín,es ESP,MF,Oviedo,es La Liga,18-195,2007,7,90,13,2.7,1.0,0,,0,7,13,18,0.43,0,3,-3,-3.00,-2.22,Matches
53,Nayef Aguerd,ma MAR,DF,Marseille,fr Ligue 1,30-053,1996,16,1396,87,45.6,15.5,16,87,13,0,,1,1.94,33,17,+16,+1.03,+0.92,Matches
54,Nayef Aguerd,ma MAR,DF,West Ham United,eng Premier League,30-053,1996,2,180,90,5.4,2.0,2,90,2,0,,0,0.00,1,8,-7,-3.50,-3.07,Matches
55,Ruben Aguilar,fr FRA,MF,Lens,fr Ligue 1,33-026,1993,26,1720,66,56.2,19.1,20,79,6,6,25,1,2.08,30,21,+9,+0.47,-1.01,Matches
56,Ibai Aguirre,es ESP,MF,Real Sociedad,es La Liga,19-132,2007,1,6,6,0.2,0.1,0,,0,1,6,7,3.00,0,0,0,0.00,+0.05,Matches
57,Ruiz Agustina,es ESP,MF,Levante,es La Liga,23-100,2003,0,,,,,0,,0,0,,1,,,,,,,Matches
58,Enock Agyei,be BEL,FW,Burnley,eng Premier League,21-129,2005,0,,,,,0,,0,0,,1,,,,,,,Matches
59,Naouirou Ahamada,fr FRA,MF,Auxerre,fr Ligue 1,24-054,2002,15,682,45,22.3,7.6,8,73,2,7,14,2,1.33,10,7,+3,+0.40,+0.89,Matches
60,Honest Ahanor,it ITA,DF,Atalanta,it Serie A,18-088,2008,21,1287,61,38.6,14.3,14,73,9,7,38,14,1.67,16,14,+2,+0.14,-0.43,Matches
61,Lucas Ahijado,es ESP,DF,Oviedo,es La Liga,31-112,1995,19,1084,57,32.6,12.0,11,83,7,8,21,11,0.53,8,22,-14,-1.16,-0.48,Matches
62,Erik Ahlstrand,se SWE,MF,St Pauli,de Bundesliga,24-220,2001,0,,,,,0,,0,0,,11,,,,,,,Matches
63,Joseph Aidoo,gh GHA,DF,Celta Vigo,es La Liga,30-235,1995,8,639,80,19.2,7.1,7,89,6,1,18,17,2.25,17,13,+4,+0.56,+0.56,Matches
64,Romeo Aigbekaen,de GER,MF,St Pauli,de Bundesliga,21-334,2004,0,,,,,0,,0,0,,2,,,,,,,Matches
65,Ola Aina,ng NGA,DF,Nottingham Forest,eng Premier League,29-226,1996,18,1588,88,47.7,17.6,18,88,15,0,,0,1.39,27,19,+8,+0.45,+1.02,Matches
66,Abdelhamid Ait Boudlal,ma MAR,DF,Rennes,fr Ligue 1,20-036,2006,20,1403,70,45.8,15.6,17,80,14,3,13,5,1.85,33,28,+5,+0.32,+0.10,Matches
67,Rayan Aït-Nouri,dz ALG,DF,Manchester City,eng Premier League,24-350,2001,16,960,60,28.8,10.7,12,77,7,4,10,9,2.06,23,9,+14,+1.31,+0.21,Matches
68,Tosin Aiyegun,bj BEN,"FW,MF",Lorient,fr Ligue 1,27-330,1998,27,1073,40,35.1,11.9,11,68,1,16,20,3,1.04,13,16,-3,-0.25,-0.25,Matches
69,Junior Ajayi,ci CIV,FW,Hellas Verona,it Serie A,21-223,2004,1,1,1,0.0,0.0,0,,0,1,1,21,1.00,0,0,0,0.00,+0.92,Matches
70,Kristoffer Ajer,no NOR,DF,Brentford,eng Premier League,28-035,1998,27,1810,67,54.4,20.1,20,83,13,7,20,8,1.37,29,32,-3,-0.15,-0.50,Matches
71,Ludovic Ajorque,fr FRA,FW,Brest,fr Ligue 1,32-086,1994,32,2820,88,92.2,31.3,32,88,28,0,,0,1.22,41,49,-8,-0.26,+1.24,Matches
72,Ayoube Akabou,fr FRA,GK,Rennes,fr Ligue 1,18-362,2007,0,,,,,0,,0,0,,4,,,,,,,Matches
73,Izak Akakpo,tg TOG,DF,Lorient,fr Ligue 1,22-083,2004,0,,,,,0,,0,0,,3,,,,,,,Matches
74,Manuel Akanji,ch SUI,"DF,MF",Manchester City,eng Premier League,30-307,1995,0,,,,,0,,0,0,,2,,,,,,,Matches
75,Manuel Akanji,ch SUI,DF,Inter,it Serie A,30-307,1995,33,2821,85,84.7,31.3,31,90,30,2,21,2,2.39,73,26,+47,+1.50,+0.26,Matches
76,Junior Ake,fr FRA,DF,Rennes,fr Ligue 1,19-068,2007,0,,,,,0,,0,0,,1,,,,,,,Matches
77,Nathan Aké,nl NED,DF,Manchester City,eng Premier League,31-093,1995,17,619,36,18.6,6.9,5,86,4,12,16,17,2.18,9,7,+2,+0.29,-1.07,Matches
78,Yusuf Akhamrich,eng ENG,MF,Tottenham Hotspur,eng Premier League,20-259,2005,0,,,,,0,,0,0,,1,,,,,,,Matches
79,Ilias Akhomach,ma MAR,MF,Villarreal,es La Liga,22-036,2004,9,188,21,5.6,2.1,2,45,0,7,14,5,2.78,2,3,-1,-0.48,-1.14,Matches
80,Ilias Akhomach,ma MAR,"MF,FW",Rayo Vallecano,es La Liga,22-036,2004,11,709,64,21.3,7.9,7,79,1,4,39,1,1.27,14,11,+3,+0.38,+0.62,Matches
81,Ebenezer Akinsanmiro,ng NGA,MF,Pisa,it Serie A,21-178,2004,23,1399,61,42.0,15.5,15,77,7,8,31,6,0.52,9,27,-18,-1.16,+0.05,Matches
82,Maghnes Akliouche,fr FRA,"MF,FW",Monaco,fr Ligue 1,24-086,2002,31,2400,77,78.4,26.7,28,82,16,3,33,1,1.55,48,38,+10,+0.37,+0.92,Matches
83,Clément Akpa,ci CIV,DF,Auxerre,fr Ligue 1,24-179,2001,26,1944,75,63.5,21.6,21,85,18,5,31,4,1.00,16,29,-13,-0.60,-0.84,Matches
84,Jean-Daniel Akpa-Akpro,ci CIV,MF,Hellas Verona,it Serie A,33-223,1992,21,1414,67,42.5,15.7,16,75,6,5,41,1,0.52,10,17,-7,-0.45,+0.82,Matches
85,Kevin Akpoguma,ng NGA,DF,Hoffenheim,de Bundesliga,31-033,1995,8,61,8,2.0,0.7,1,16,0,7,6,19,1.38,0,4,-4,-5.90,-6.41,Matches
86,Al-Musrati,ly LBY,MF,Hellas Verona,it Serie A,30-046,1996,17,811,48,24.4,9.0,8,76,3,9,22,11,0.65,7,18,-11,-1.22,-0.40,Matches
87,David Alaba,at AUT,DF,Real Madrid,es La Liga,33-332,1992,10,355,36,10.7,3.9,4,70,2,6,13,18,2.20,4,4,0,0.00,-1.21,Matches
88,Adedamola Alabi,eng ENG,MF,Newcastle United,eng Premier League,16-317,2009,0,,,,,0,,0,0,,2,,,,,,,Matches
89,Agustín Albarracín,uy URU,FW,Cagliari,it Serie A,20-266,2005,2,33,17,1.0,0.4,0,,0,2,17,13,0.00,0,1,-1,-2.73,-2.37,Matches
90,Mathis Albert,us USA,FW,Dortmund,de Bundesliga,17-001,2009,1,2,2,0.1,0.0,0,,0,1,2,4,3.00,0,0,0,0.00,-1.06,Matches
91,Raúl Albiol,es ESP,DF,Pisa,it Serie A,40-260,1985,8,500,63,15.0,5.6,5,73,2,3,45,19,0.88,4,11,-7,-1.26,-0.08,Matches
92,Carlos Alcaraz,ar ARG,MF,Everton,eng Premier League,23-173,2002,19,682,36,20.5,7.6,6,75,0,13,18,8,1.21,8,10,-2,-0.26,-0.26,Matches
93,Omar Alderete,py PAR,DF,Sunderland,eng Premier League,29-147,1996,33,2798,85,84.0,31.1,32,86,27,1,38,1,1.39,30,40,-10,-0.32,-0.83,Matches
94,Milan Aleksić,rs SRB,FW,Sunderland,eng Premier League,20-265,2005,0,,,,,0,,0,0,,2,,,,,,,Matches
95,Alexandre Alemão,br BRA,FW,Rayo Vallecano,es La Liga,28-051,1998,25,1106,44,33.2,12.3,11,73,0,14,21,5,1.36,12,12,0,0.00,+0.16,Matches
96,Doğan Alemdar,tr TUR,GK,Rennes,fr Ligue 1,23-205,2002,0,,,,,0,,0,0,,3,,,,,,,Matches
97,Carles Aleñá,es ESP,MF,Alavés,es La Liga,28-137,1998,34,1989,59,59.7,22.1,23,73,4,11,27,2,1.06,23,35,-12,-0.54,-0.61,Matches
98,Ben Alexander Voll,de GER,GK,St Pauli,de Bundesliga,25-164,2000,0,,,,,0,,0,0,,33,,,,,,,Matches
99,Trent Alexander-Arnold,eng ENG,DF,Real Madrid,es La Liga,27-227,1998,21,1163,55,34.9,12.9,14,76,6,7,15,3,2.05,25,14,+11,+0.85,-0.35,Matches
100,Mykyta Alexandrov,ua UKR,MF,Getafe,es La Liga,21-208,2004,0,,,,,0,,0,0,,3,,,,,,,Matches
101,Christos Alexiou,gr GRE,DF,Inter,it Serie A,20-326,2005,0,,,,,0,,0,0,,4,,,,,,,Matches
102,Alfon,es ESP,MF,Villarreal,es La Liga,27-018,1999,10,333,33,10.0,3.7,3,64,0,7,20,3,1.70,4,4,0,0.00,-0.66,Matches
103,Alfon,es ESP,MF,Sevilla,es La Liga,27-018,1999,10,312,31,9.4,3.5,4,56,1,6,15,1,1.10,5,6,-1,-0.29,+0.07,Matches
104,Mohamed Ali Cho,fr FRA,"FW,MF",Nice,fr Ligue 1,22-123,2004,24,1667,69,54.5,18.5,20,76,4,4,37,0,0.67,21,35,-14,-0.76,-0.17,Matches
105,Alisson,br BRA,GK,Liverpool,eng Premier League,33-232,1992,25,2250,90,67.6,25.0,25,90,25,0,,0,1.84,43,30,+13,+0.52,+0.77,Matches
106,Eder Aller,es ESP,GK,Barcelona,es La Liga,19-048,2007,0,,,,,0,,0,0,,16,,,,,,,Matches
107,Jim Allevinah,ga GAB,MF,Angers,fr Ligue 1,31-084,1995,6,133,22,4.3,1.5,0,,0,6,22,1,1.33,1,1,0,0.00,+0.58,Matches
108,Max Alleyne,eng ENG,DF,Manchester City,eng Premier League,20-305,2005,2,135,68,4.1,1.5,2,68,1,0,,4,0.50,1,1,0,0.00,-1.21,Matches
109,Thiago Almada,ar ARG,"MF,FW",Atlético Madrid,es La Liga,25-026,2001,27,1311,49,39.4,14.6,16,65,3,11,25,4,1.78,18,17,+1,+0.07,-0.87,Matches
110,Alex Almansa,es ESP,FW,Espanyol,es La Liga,22-195,2003,0,,,,,0,,0,0,,1,,,,,,,Matches
111,Domingos André Ribeiro Almeida,pt POR,MF,Valencia,es La Liga,25-357,2000,21,1016,48,30.5,11.3,11,75,3,10,19,15,1.14,14,14,0,0.00,+0.43,Matches
112,Pontus Almqvist,se SWE,MF,Parma,it Serie A,26-316,1999,12,438,37,13.2,4.9,4,66,0,8,22,11,0.58,3,7,-4,-0.82,-0.36,Matches
113,Marcos Alonso,es ESP,DF,Celta Vigo,es La Liga,35-145,1990,31,2678,86,80.4,29.8,30,88,27,1,33,0,1.35,39,37,+2,+0.07,-0.21,Matches
114,Adrià Altimira,es ESP,"DF,MF",Villarreal,es La Liga,25-055,2001,1,9,9,0.3,0.1,0,,0,1,9,15,0.00,0,0,0,0.00,-0.60,Matches
115,Sergi Altimira,es ESP,MF,Real Betis,es La Liga,24-270,2001,24,1186,49,35.6,13.2,13,74,5,11,21,11,1.50,14,19,-5,-0.38,-1.01,Matches
116,Edu Altozano,es ESP,MF,Sevilla,es La Liga,19-217,2006,0,,,,,0,,0,0,,3,,,,,,,Matches
117,Agustín Álvarez,uy URU,FW,Sassuolo,it Serie A,25-003,2001,0,,,,,0,,0,0,,1,,,,,,,Matches
118,Carlos Álvarez,es ESP,MF,Levante,es La Liga,22-289,2003,30,1890,63,56.8,21.0,23,76,7,7,21,1,0.93,20,35,-15,-0.71,-0.84,Matches
119,Edson Álvarez,mx MEX,"DF,MF",West Ham United,eng Premier League,28-210,1997,0,,,,,0,,0,0,,1,,,,,,,Matches
120,Hugo Álvarez,es ESP,"FW,MF",Celta Vigo,es La Liga,22-324,2003,27,1314,49,39.5,14.6,15,70,4,12,21,6,1.37,25,23,+2,+0.14,+0.05,Matches
121,Julián Álvarez,ar ARG,FW,Atlético Madrid,es La Liga,26-111,2000,29,1895,65,56.9,21.1,22,74,6,7,38,3,1.97,35,20,+15,+0.71,+0.27,Matches
122,Yeray Álvarez,es ESP,DF,Athletic Club,es La Liga,31-118,1995,6,468,78,14.1,5.2,5,85,4,1,45,2,1.17,6,7,-1,-0.19,+0.19,Matches
123,Skelly Alvero,fr FRA,MF,Werder Bremen,de Bundesliga,24-018,2002,2,34,17,1.1,0.4,0,,0,2,17,15,2.00,2,0,+2,+5.29,+6.04,Matches
124,Ayoube Amaimouni Echghouyab,ma MAR,"MF,FW",Eintracht Frankfurt,de Bundesliga,21-173,2004,17,586,34,19.2,6.5,6,67,0,11,17,2,1.00,14,11,+3,+0.46,+0.72,Matches
125,Jaydon Amauri Banel,nl NED,"FW,MF",Burnley,eng Premier League,21-215,2004,1,10,10,0.3,0.1,0,,0,1,10,1,0.00,0,0,0,0.00,+1.00,Matches
126,Giuseppe Ambrosino,it ITA,FW,Napoli,it Serie A,22-254,2003,3,38,13,1.1,0.4,0,,0,3,13,17,2.00,1,0,+1,+2.37,+1.82,Matches
127,Zeki Amdouni,ch SUI,"FW,MF",Burnley,eng Premier League,25-169,2000,3,48,16,1.4,0.5,0,,0,3,16,0,0.33,0,0,0,0.00,+1.01,Matches
128,Aurele Amenda,ch SUI,DF,Eintracht Frankfurt,de Bundesliga,22-295,2003,24,1678,70,54.8,18.6,18,90,17,6,11,7,1.17,28,34,-6,-0.32,-0.45,Matches
129,Kelvin Amian,fr FRA,DF,Nantes,fr Ligue 1,28-103,1998,23,1961,85,66.0,21.8,22,89,21,1,1,2,0.65,21,40,-19,-0.87,-0.52,Matches
130,Mohamed Amine Sbai,fr FRA,"MF,FW",Angers,fr Ligue 1,25-198,2000,25,1818,73,59.4,20.2,23,77,5,2,28,1,1.20,17,26,-9,-0.45,+0.28,Matches
131,Michael Amir Murillo,pa PAN,"DF,MF",Marseille,fr Ligue 1,30-100,1996,16,989,62,32.3,11.0,11,80,7,5,21,2,2.00,26,13,+13,+1.18,+0.97,Matches
132,Nadiem Amiri,de GER,MF,Mainz 05,de Bundesliga,29-207,1996,26,2083,80,68.1,23.1,24,85,13,2,28,0,1.08,32,33,-1,-0.04,+0.69,Matches
133,Samuel Amissah,eng ENG,DF,Fulham,eng Premier League,19-076,2007,0,,,,,0,,0,0,,5,,,,,,,Matches
134,Samuel Amo-Ameyaw,eng ENG,"MF,DF",Strasbourg,fr Ligue 1,19-308,2006,25,1047,42,34.2,11.6,9,77,5,16,22,5,1.40,13,18,-5,-0.43,-1.15,Matches
135,Peter Amoran,se SWE,DF,Parma,it Serie A,22-000,2004,0,,,,,0,,0,0,,1,,,,,,,Matches
136,Amorim,br BRA,MF,Genoa,it Serie A,21-004,2005,10,484,48,14.5,5.4,5,77,0,5,20,4,1.20,5,7,-2,-0.37,-0.15,Matches
137,Mathis Amougou,fr FRA,MF,Strasbourg,fr Ligue 1,20-124,2006,12,409,34,13.4,4.5,4,63,0,8,20,15,1.42,5,8,-3,-0.66,-1.14,Matches
138,Mohamed Amoura,dz ALG,"FW,MF",Wolfsburg,de Bundesliga,26-013,2000,30,1919,64,62.7,21.3,23,78,8,7,18,0,0.97,32,32,0,0.00,+1.89,Matches
139,Ethan Ampadu,wls WAL,MF,Leeds United,eng Premier League,25-250,2000,34,3029,89,91.0,33.7,34,89,30,0,,0,1.32,45,46,-1,-0.03,+0.87,Matches
140,Sofyan Amrabat,ma MAR,MF,Real Betis,es La Liga,29-274,1996,17,1295,76,38.9,14.4,14,86,11,3,28,1,1.53,24,18,+6,+0.42,+0.24,Matches
141,Joachim Andersen,dk DEN,DF,Fulham,eng Premier League,29-356,1996,33,2875,87,86.3,31.9,33,87,31,0,,1,1.36,41,44,-3,-0.09,+0.50,Matches
142,Elliot Anderson,eng ENG,MF,Nottingham Forest,eng Premier League,23-197,2002,37,3267,88,98.1,36.3,36,90,33,1,45,0,1.16,45,49,-4,-0.11,-1.54,Matches
143,Tomoya Ando,jp JPN,DF,St Pauli,de Bundesliga,27-132,1999,15,1260,84,41.2,14.0,14,88,12,1,27,2,0.60,12,29,-17,-1.21,-0.51,Matches
144,Nícolas Andrade,br BRA,GK,Pisa,it Serie A,38-040,1988,6,540,90,16.2,6.0,6,90,6,0,,31,0.50,4,14,-10,-1.67,-0.57,Matches
145,André,br BRA,MF,Wolves,eng Premier League,24-310,2001,34,2672,79,80.2,29.7,29,86,23,5,34,0,0.50,18,52,-34,-1.15,-0.19,Matches
146,Benjamin André,fr FRA,MF,Lille,fr Ligue 1,35-292,1990,27,2332,86,76.2,25.9,26,89,23,1,18,0,1.93,38,20,+18,+0.69,+1.07,Matches
147,Aleksandar Andreev,bg BUL,GK,Girona,es La Liga,20-058,2006,0,,,,,0,,0,0,,10,,,,,,,Matches
148,Robert Andrich,de GER,"DF,MF",Leverkusen,de Bundesliga,31-242,1994,32,2546,80,83.2,28.3,29,86,24,3,16,1,1.81,58,43,+15,+0.53,-0.52,Matches
149,Manuel Ángel,es ESP,MF,Real Madrid,es La Liga,22-068,2004,4,96,24,2.9,1.1,1,58,0,3,13,3,1.75,3,3,0,0.00,-1.11,Matches
150,Miguel Ángel Rubio,es ESP,DF,Espanyol,es La Liga,28-072,1998,12,206,17,6.2,2.3,1,90,1,11,11,25,1.17,4,5,-1,-0.44,-0.12,Matches
151,Miguel Ángel Sierra,es ESP,FW,Sevilla,es La Liga,21-312,2004,4,62,16,1.9,0.7,0,,0,4,16,11,1.00,3,1,+2,+2.90,+3.32,Matches
152,Angeliño,es ESP,MF,Roma,it Serie A,29-138,1997,7,416,59,12.5,4.6,5,77,0,2,15,19,2.57,4,1,+3,+0.65,-0.06,Matches
153,Mathys Angély,fr FRA,DF,Wolfsburg,de Bundesliga,19-031,2007,0,,,,,0,,0,0,,2,,,,,,,Matches
154,Lorenzo Anghelè,it ITA,FW,Juventus,it Serie A,21-085,2005,0,,,,,0,,0,0,,1,,,,,,,Matches
155,Samuele Angori,it ITA,MF,Pisa,it Serie A,22-227,2003,34,2509,74,75.3,27.9,29,81,18,5,35,3,0.38,18,50,-32,-1.15,+0.17,Matches
156,Nilson Angulo,ec ECU,MF,Sunderland,eng Premier League,22-337,2003,7,344,49,10.3,3.8,4,78,0,3,11,0,1.14,2,5,-3,-0.78,-0.66,Matches
157,Faustino Anjorin,eng ENG,MF,Torino,it Serie A,24-180,2001,15,289,19,8.7,3.2,1,58,0,14,17,13,1.00,6,7,-1,-0.31,+0.22,Matches
158,Andre Annous,eng ENG,FW,Arsenal,eng Premier League,18-145,2007,0,,,,,0,,0,0,,2,,,,,,,Matches
159,Ilyas Ansah,de GER,"MF,FW",Union Berlin,de Bundesliga,21-195,2004,33,1892,57,61.8,21.0,23,73,3,10,22,1,1.18,28,31,-3,-0.14,+0.70,Matches
160,Aaron Anselmino,ar ARG,DF,Dortmund,de Bundesliga,21-023,2005,6,368,61,12.0,4.1,4,86,3,2,12,2,2.67,8,2,+6,+1.47,+0.46,Matches
161,Aaron Anselmino,ar ARG,DF,Strasbourg,fr Ligue 1,21-023,2005,3,16,5,0.5,0.2,0,,0,3,5,0,2.33,0,1,-1,-5.63,-5.98,Matches
162,Andrés Antañón,es ESP,FW,Celta Vigo,es La Liga,19-120,2007,2,63,32,1.9,0.7,1,45,0,1,18,7,1.50,0,2,-2,-2.86,-3.02,Matches
163,Jaidon Anthony,eng ENG,MF,Burnley,eng Premier League,26-172,1999,36,2638,73,79.2,29.3,31,82,13,5,17,1,0.58,29,58,-29,-0.99,+0.05,Matches
164,Waldemar Anton,de GER,DF,Dortmund,de Bundesliga,29-306,1996,32,2880,90,94.1,32.0,32,90,32,0,,0,2.16,67,33,+34,+1.06,+0.06,Matches
165,Kyllian Antonio,fr FRA,DF,Lens,fr Ligue 1,18-138,2008,4,190,48,6.2,2.1,2,64,1,2,31,5,2.25,4,1,+3,+1.42,+0.54,Matches
166,Antoniu,es ESP,MF,Espanyol,es La Liga,23-259,2002,12,244,20,7.3,2.7,2,54,0,10,14,22,1.25,3,4,-1,-0.37,-0.05,Matches
167,Antony,br BRA,"MF,FW",Real Betis,es La Liga,26-087,2000,31,2357,76,70.8,26.2,29,79,12,2,27,0,1.48,43,35,+8,+0.31,+0.12,Matches
168,Youssef El-Arabi,ma MAR,FW,Nantes,fr Ligue 1,39-108,1987,25,941,38,31.7,10.5,11,69,1,14,13,9,0.56,12,14,-2,-0.19,+0.74,Matches
169,Mauro Arambarri,uy URU,MF,Getafe,es La Liga,30-234,1995,36,3159,88,94.9,35.1,36,88,30,0,,0,1.33,31,37,-6,-0.17,+0.36,Matches
170,Jon Aramburu,ve VEN,DF,Real Sociedad,es La Liga,23-303,2002,34,2697,79,81.0,30.0,30,86,22,4,28,0,1.26,44,48,-4,-0.13,-0.42,Matches
171,Juan Arango,ve VEN,MF,Girona,es La Liga,19-355,2006,2,18,9,0.5,0.2,0,,0,2,9,6,0.50,1,0,+1,+5.00,+5.46,Matches
172,Julian Araujo,mx MEX,DF,Bournemouth,eng Premier League,24-282,2001,0,,,,,0,,0,0,,8,,,,,,,Matches
173,Ronald Araújo,uy URU,DF,Barcelona,es La Liga,27-076,1999,23,1026,45,30.8,11.4,10,79,7,13,18,8,2.61,31,15,+16,+1.40,-0.35,Matches
174,Ángel Arcos,es ESP,FW,Celta Vigo,es La Liga,20-034,2006,0,,,,,0,,0,0,,1,,,,,,,Matches
175,Carlens Arcus,ht HAI,DF,Angers,fr Ligue 1,29-328,1996,26,2040,78,66.7,22.7,24,84,17,2,16,2,1.15,19,27,-8,-0.35,+0.62,Matches
176,Antonio Arena,it ITA,FW,Roma,it Serie A,17-101,2009,2,23,12,0.7,0.3,0,,0,2,12,7,3.00,0,0,0,0.00,-0.71,Matches
177,Alphonse Areola,fr FRA,GK,West Ham United,eng Premier League,33-084,1993,20,1800,90,54.1,20.0,20,90,20,0,,17,0.85,25,37,-12,-0.60,-0.01,Matches
178,Jesús Areso,es ESP,DF,Athletic Club,es La Liga,26-324,1999,26,1506,58,45.2,16.7,14,83,7,12,29,10,1.12,18,23,-5,-0.30,+0.10,Matches
179,Jeremy Arévalo,ec ECU,FW,Stuttgart,de Bundesliga,21-064,2005,7,38,5,1.2,0.4,0,,0,7,5,2,2.00,2,1,+1,+2.37,+1.74,Matches
180,Paul Argney,fr FRA,GK,Le Havre,fr Ligue 1,19-364,2006,1,90,90,2.9,1.0,1,90,1,0,,3,3.00,2,1,+1,+1.00,+1.39,Matches
181,Iñigo Arguibide,es ESP,DF,Osasuna,es La Liga,21-033,2005,6,187,31,5.6,2.1,2,68,0,4,13,20,1.67,6,1,+5,+2.41,+2.69,Matches
182,Jhon Arias,co COL,"FW,MF",Wolves,eng Premier League,28-243,1997,23,1124,49,33.8,12.5,14,71,2,9,15,1,0.35,11,21,-10,-0.80,+0.46,Matches
183,Juan Arizala,co COL,MF,Udinese,it Serie A,20-224,2005,10,191,19,5.7,2.1,1,59,0,9,15,6,1.20,4,2,+2,+0.94,+1.06,Matches
184,Adam Armstrong,eng ENG,"FW,MF",Wolves,eng Premier League,29-101,1997,13,1067,82,32.0,11.9,13,82,7,0,,0,0.85,8,19,-11,-0.93,+0.27,Matches
185,Harrison Armstrong,eng ENG,MF,Everton,eng Premier League,19-123,2007,12,500,42,15.0,5.6,6,73,1,6,10,7,1.33,4,11,-7,-1.26,-1.42,Matches
186,Pol Arnau,es ESP,DF,Girona,es La Liga,21-150,2004,0,,,,,0,,0,0,,2,,,,,,,Matches
187,Maximilian Arnold,de GER,MF,Wolfsburg,de Bundesliga,31-360,1994,25,1859,74,60.8,20.7,20,90,20,5,12,2,0.92,31,41,-10,-0.48,+0.56,Matches
188,Tolu Arokodare,ng NGA,FW,Wolves,eng Premier League,25-180,2000,32,1394,44,41.9,15.5,13,82,7,19,17,2,0.59,16,28,-12,-0.77,+0.57,Matches
189,Love Arrhov,se SWE,MF,Eintracht Frankfurt,de Bundesliga,18-005,2008,5,65,13,2.1,0.7,1,45,0,4,5,7,2.20,0,2,-2,-2.77,-2.71,Matches
190,Kervin Arriaga,hn HON,MF,Levante,es La Liga,28-137,1998,26,1487,57,44.7,16.5,15,83,10,11,22,4,1.23,22,28,-6,-0.36,-0.02,Matches
191,Kepa Arrizabalaga,es ESP,GK,Arsenal,eng Premier League,31-231,1994,0,,,,,0,,0,0,,37,,,,,,,Matches
192,Ricard Artero,es ESP,MF,Girona,es La Liga,23-106,2003,0,,,,,0,,0,0,,6,,,,,,,Matches
193,Arthur,br BRA,MF,Leverkusen,de Bundesliga,23-066,2003,20,1136,57,37.1,12.6,13,73,7,7,26,3,1.80,25,18,+7,+0.55,-0.10,Matches
194,Benjamin Arthur,eng ENG,DF,Brentford,eng Premier League,20-225,2005,0,,,,,0,,0,0,,2,,,,,,,Matches
195,Takuma Asano,jp JPN,"MF,FW",Mallorca,es La Liga,31-193,1994,19,604,32,18.1,6.7,7,60,0,12,15,9,1.11,6,11,-5,-0.75,-0.48,Matches
196,Raúl Asencio,es ESP,DF,Real Madrid,es La Liga,23-098,2003,22,1618,74,48.6,18.0,17,85,13,5,34,10,2.18,33,15,+18,+1.00,-0.16,Matches
197,Fisnik Asllani,xk KVX,"FW,MF",Hoffenheim,de Bundesliga,23-287,2002,33,2335,71,76.3,25.9,31,74,4,2,24,1,1.76,50,41,+9,+0.35,-0.15,Matches
198,Kristjan Asllani,al ALB,MF,Torino,it Serie A,24-074,2002,15,1129,75,33.9,12.5,13,82,5,2,29,4,1.27,13,20,-7,-0.56,-0.07,Matches
199,Joel Asoro,se SWE,FW,Metz,fr Ligue 1,27-025,1999,8,227,28,7.4,2.5,2,61,0,6,18,3,0.88,2,5,-3,-1.19,+0.11,Matches
200,Iago Aspas,es ESP,"FW,MF",Celta Vigo,es La Liga,38-294,1987,31,1075,35,32.3,11.9,10,69,1,21,18,4,1.31,21,12,+9,+0.75,+0.95,Matches
201,Yaser Asprilla,co COL,"FW,MF",Girona,es La Liga,22-184,2003,15,611,41,18.3,6.8,6,70,2,9,22,5,0.93,5,14,-9,-1.33,-1.09,Matches
202,Lorenz Assignon,tg TOG,"DF,MF",Stuttgart,de Bundesliga,25-334,2000,24,1094,46,35.8,12.2,12,80,4,12,11,6,2.00,28,13,+15,+1.23,+0.91,Matches
203,Bastian Assomo,de GER,DF,Bayern Munich,de Bundesliga,16-139,2010,0,,,,,0,,0,0,,1,,,,,,,Matches
204,Dehmaine Assoumani,fr FRA,MF,Nantes,fr Ligue 1,21-035,2005,27,1276,47,43.0,14.2,14,74,2,13,19,1,0.70,14,19,-5,-0.35,+0.60,Matches
205,Gianluca Astaldi,it ITA,GK,Parma,it Serie A,20-042,2006,0,,,,,0,,0,0,,1,,,,,,,Matches
206,Lander Astiazaran,es ESP,MF,Real Sociedad,es La Liga,20-045,2006,1,1,1,0.0,0.0,0,,0,1,1,0,1.00,0,1,-1,-90.00,-89.97,Matches
207,Otavio Ataide,br BRA,DF,Paris FC,fr Ligue 1,24-031,2002,23,1901,83,62.1,21.1,21,88,17,2,26,6,1.39,27,31,-4,-0.19,-0.27,Matches
208,Zachary Athekame,ch SUI,"MF,DF",Milan,it Serie A,21-160,2004,26,803,31,24.1,8.9,7,64,1,19,19,8,1.77,17,11,+6,+0.67,+0.21,Matches
209,Arthur Atta,fr FRA,MF,Udinese,it Serie A,23-128,2003,31,2467,80,74.1,27.4,28,85,18,3,31,0,1.39,31,35,-4,-0.15,-0.35,Matches
210,Noah Atubolu,de GER,GK,Freiburg,de Bundesliga,23-362,2002,34,3060,90,100.0,34.0,34,90,34,0,,0,1.38,51,57,-6,-0.18,,Matches
211,Pierre-Emerick Aubameyang,ga GAB,FW,Marseille,fr Ligue 1,36-338,1989,30,2039,68,66.6,22.7,23,79,8,7,31,3,1.67,43,26,+17,+0.75,+0.66,Matches
212,Emil Audero,id IDN,GK,Cremonese,it Serie A,29-124,1997,33,2970,90,89.2,33.0,33,90,33,0,,2,0.94,27,46,-19,-0.58,+0.17,Matches
213,Carlos Augusto,br BRA,"MF,DF",Inter,it Serie A,27-135,1999,33,1673,51,50.2,18.6,17,80,11,16,19,2,2.33,38,16,+22,+1.18,-0.55,Matches
214,Yann Aurel Bisseck,de GER,DF,Inter,it Serie A,25-174,2000,22,1832,83,55.0,20.4,20,89,18,2,24,12,2.36,47,16,+31,+1.52,+0.14,Matches
215,Brandon Austin,eng ENG,GK,Tottenham Hotspur,eng Premier League,27-134,1999,0,,,,,0,,0,0,,10,,,,,,,Matches
216,Leon Avdullahu,xk KVX,MF,Hoffenheim,de Bundesliga,22-088,2004,33,2834,86,92.6,31.5,32,88,27,1,30,0,1.85,63,44,+19,+0.60,+2.99,Matches
217,Ezequiel Ávila,ar ARG,FW,Real Betis,es La Liga,32-105,1994,15,369,25,11.1,4.1,3,76,1,12,12,18,1.44,8,5,+3,+0.73,+0.52,Matches
218,Arthur Avom,cm CMR,MF,Lorient,fr Ligue 1,21-158,2004,31,2119,68,69.2,23.5,22,87,17,9,23,1,1.29,30,31,-1,-0.04,+0.15,Matches
219,Chidozie Awaziem,ng NGA,DF,Nantes,fr Ligue 1,29-141,1997,26,2231,86,75.1,24.8,25,89,23,1,12,5,0.67,22,40,-18,-0.73,-0.12,Matches
220,Taiwo Awoniyi,ng NGA,FW,Nottingham Forest,eng Premier League,28-283,1997,16,465,29,14.0,5.2,3,69,1,13,20,8,1.19,9,4,+5,+0.97,+1.22,Matches
221,Yasin Ayari,se SWE,MF,Brighton,eng Premier League,22-228,2003,29,1929,67,57.9,21.4,20,86,15,9,22,2,1.55,32,24,+8,+0.37,+0.31,Matches
222,Neil El Aynaoui,ma MAR,MF,Roma,it Serie A,24-324,2001,24,954,40,28.6,10.6,8,69,3,16,25,5,2.00,16,11,+5,+0.47,-0.32,Matches
223,Ilyas Azizi,fr FRA,FW,Toulouse,fr Ligue 1,18-036,2008,3,29,10,1.0,0.3,0,,0,3,10,4,1.33,2,1,+1,+3.10,+3.10,Matches
224,Adam Aznou,ma MAR,DF,Everton,eng Premier League,19-354,2006,0,,,,,0,,0,0,,21,,,,,,,Matches
225,Ivan Azón,es ESP,FW,Como,it Serie A,23-149,2002,0,,,,,0,,0,0,,1,,,,,,,Matches
226,César Azpilicueta,es ESP,DF,Sevilla,es La Liga,36-267,1989,16,1123,70,33.7,12.5,16,70,9,0,,4,1.31,18,15,+3,+0.24,+0.89,Matches
227,Oussama El Azzouzi,ma MAR,"MF,DF",Auxerre,fr Ligue 1,24-358,2001,11,807,73,26.4,9.0,10,79,2,1,19,0,0.64,9,11,-2,-0.22,+0.10,Matches
228,Ousmane Ba,sn SEN,GK,Metz,fr Ligue 1,23-350,2002,0,,,,,0,,0,0,,15,,,,,,,Matches
229,Papa Ba,es ESP,FW,Girona,es La Liga,21-252,2004,0,,,,,0,,0,0,,16,,,,,,,Matches
230,Mio Backhaus,de GER,GK,Werder Bremen,de Bundesliga,22-036,2004,32,2880,90,94.1,32.0,32,90,32,0,,0,0.91,36,56,-20,-0.62,+0.87,Matches
231,Loïc Bade,fr FRA,DF,Leverkusen,de Bundesliga,26-041,2000,23,1653,72,54.0,18.4,19,83,15,4,21,4,1.83,37,24,+13,+0.71,+0.20,Matches
232,Benoît Badiashile,fr FRA,DF,Chelsea,eng Premier League,25-057,2001,8,471,59,14.1,5.2,6,69,3,2,29,11,1.63,7,10,-3,-0.57,-0.89,Matches
233,Alex Baena,es ESP,"MF,FW",Atlético Madrid,es La Liga,24-306,2001,26,1500,58,45.0,16.7,20,68,4,6,24,3,1.73,26,15,+11,+0.66,+0.12,Matches
234,Muhammed Bah,gm GAM,MF,Roma,it Serie A,19-087,2007,0,,,,,0,,0,0,,3,,,,,,,Matches
235,Thierno Bah,gn GUI,MF,Le Havre,fr Ligue 1,19-140,2007,0,,,,,0,,0,0,,1,,,,,,,Matches
236,Samson Baidoo,at AUT,DF,Lens,fr Ligue 1,22-052,2004,23,1827,79,59.7,20.3,20,87,18,3,30,1,2.22,38,14,+24,+1.18,+0.67,Matches
237,Leon Bailey,jm JAM,MF,Aston Villa,eng Premier League,28-286,1997,12,369,31,11.1,4.1,2,61,0,10,25,3,1.00,6,8,-2,-0.49,-0.73,Matches
238,Leon Bailey,jm JAM,FW,Roma,it Serie A,28-286,1997,7,186,27,5.6,2.1,1,49,0,6,23,1,1.29,1,1,0,0.00,-0.74,Matches
239,Eric Bailly,ci CIV,DF,Oviedo,es La Liga,32-040,1994,14,1144,82,34.4,12.7,14,82,12,0,,16,1.00,13,19,-6,-0.47,+0.56,Matches
240,Theo Bair,ca CAN,FW,Auxerre,fr Ligue 1,26-268,1999,2,10,5,0.3,0.1,0,,0,2,5,1,1.50,0,0,0,0.00,+0.30,Matches
241,Stefan Bajic,fr FRA,GK,Strasbourg,fr Ligue 1,24-150,2001,0,,,,,0,,0,0,,11,,,,,,,Matches
242,Cédric Bakambu,cd COD,FW,Real Betis,es La Liga,35-041,1991,18,569,32,17.1,6.3,5,66,0,13,18,12,1.22,9,10,-1,-0.16,-0.52,Matches
243,Johan Bakayoko,be BEL,"FW,MF",RB Leipzig,de Bundesliga,23-032,2003,20,777,39,25.4,8.6,8,72,0,12,17,9,1.80,15,9,+6,+0.69,+0.18,Matches
244,Gaëtan Bakhouche Piernas,fr FRA,DF,Toulouse,fr Ligue 1,21-097,2005,0,,,,,0,,0,0,,13,,,,,,,Matches
245,Mitchel Bakker,nl NED,"DF,MF",Atalanta,it Serie A,25-336,2000,1,9,9,0.3,0.1,0,,0,1,9,13,0.00,0,0,0,0.00,-0.41,Matches
246,Darryl Bakola,fr FRA,MF,Marseille,fr Ligue 1,18-173,2007,8,75,9,2.5,0.8,0,,0,8,9,6,1.88,4,4,0,0.00,-0.54,Matches
247,Darryl Bakola,fr FRA,MF,Sassuolo,it Serie A,18-173,2007,6,128,21,3.8,1.4,1,68,0,5,12,4,0.67,3,3,0,0.00,+0.08,Matches
248,Ridle Baku,de GER,DF,RB Leipzig,de Bundesliga,28-044,1998,32,2504,78,81.8,27.8,28,86,14,4,26,0,1.94,50,36,+14,+0.50,-0.31,Matches
249,Dilane Bakwa,fr FRA,"FW,MF",Strasbourg,fr Ligue 1,23-269,2002,3,107,36,3.5,1.2,0,,0,3,36,0,2.00,4,2,+2,+1.68,+1.41,Matches
250,Dilane Bakwa,fr FRA,MF,Nottingham Forest,eng Premier League,23-269,2002,14,553,40,16.6,6.1,6,64,0,8,21,7,0.79,8,10,-2,-0.33,-0.29,Matches
251,Luís Balbo,ve VEN,DF,Fiorentina,it Serie A,20-055,2006,5,197,39,5.9,2.2,1,74,0,4,31,11,2.20,3,1,+2,+0.91,+1.23,Matches
252,Ellery Balcombe,eng ENG,GK,Brentford,eng Premier League,26-219,1999,0,,,,,0,,0,0,,1,,,,,,,Matches
253,Tommaso Baldanzi,it ITA,MF,Genoa,it Serie A,23-060,2003,8,399,50,12.0,4.4,5,62,0,3,30,1,1.25,5,5,0,0.00,+0.28,Matches
254,Tommaso Baldanzi,it ITA,"FW,MF",Roma,it Serie A,23-060,2003,10,386,39,11.6,4.3,3,56,0,7,31,6,1.20,5,3,+2,+0.47,-0.27,Matches
255,Alejandro Balde,es ESP,DF,Barcelona,es La Liga,22-216,2003,27,1779,66,53.4,19.8,20,78,7,7,33,3,2.37,48,21,+27,+1.37,-0.61,Matches
256,Fabio Baldé,pt POR,"FW,MF",Hamburger SV,de Bundesliga,20-306,2005,16,448,28,14.6,5.0,3,72,0,13,18,4,1.35,6,15,-9,-1.81,-1.64,Matches
257,Sohan Baldoni,fr FRA,FW,Lorient,fr Ligue 1,22-170,2003,0,,,,,0,,0,0,,1,,,,,,,Matches
258,Carlos Baleba,cm CMR,MF,Brighton,eng Premier League,22-139,2004,30,1620,54,48.6,18.0,23,66,3,7,13,1,1.43,20,20,0,0.00,-0.47,Matches
259,Leonardo Balerdi,ar ARG,DF,Marseille,fr Ligue 1,27-116,1999,26,2001,77,65.4,22.2,21,89,19,5,26,1,1.73,46,33,+13,+0.58,+0.16,Matches
260,Daniel Ballard,nir NIR,DF,Sunderland,eng Premier League,26-242,1999,29,2149,74,64.5,23.9,24,82,20,5,35,0,1.21,29,34,-5,-0.21,-0.06,Matches
261,Carlos Ballestero,es ESP,DF,Alavés,es La Liga,22-028,2004,1,1,1,0.0,0.0,0,,0,1,1,8,1.00,0,1,-1,-90.00,-89.73,Matches
262,Daniel Ballesteros,es ESP,FW,Elche,es La Liga,22-316,2003,0,,,,,0,,0,0,,1,,,,,,,Matches
263,Iván Balliu,al ALB,DF,Rayo Vallecano,es La Liga,34-141,1992,13,495,38,14.9,5.5,5,72,2,8,17,21,1.31,7,6,+1,+0.18,+0.34,Matches
264,Fodé Ballo-Touré,sn SEN,"DF,MF",Metz,fr Ligue 1,29-139,1997,13,836,64,27.3,9.3,11,73,2,2,16,8,0.08,5,22,-17,-1.83,-0.74,Matches
265,Botond Balogh,hu HUN,DF,Parma,it Serie A,23-350,2002,0,,,,,0,,0,0,,1,,,,,,,Matches
266,Folarin Balogun,us USA,FW,Monaco,fr Ligue 1,24-323,2001,30,2230,74,72.9,24.8,26,79,8,4,41,1,1.60,43,36,+7,+0.28,+0.39,Matches
267,Abdoulaye Bamba,ci CIV,DF,Angers,fr Ligue 1,36-027,1990,6,255,43,8.3,2.8,3,80,1,3,5,21,1.00,3,6,-3,-1.06,-0.55,Matches
268,Aladji Bamba,fr FRA,MF,Monaco,fr Ligue 1,19-312,2006,18,816,45,26.7,9.1,10,60,1,8,28,8,2.17,18,17,+1,+0.11,-0.09,Matches
269,Mohamed Bamba,ci CIV,FW,Lorient,fr Ligue 1,24-163,2001,18,682,38,22.3,7.6,7,64,0,11,21,10,1.06,11,16,-5,-0.66,-0.74,Matches
270,Lameck Banda,zm ZAM,"MF,FW",Lecce,it Serie A,25-113,2001,31,1688,54,50.7,18.8,20,68,2,11,29,3,1.03,19,22,-3,-0.16,+0.94,Matches
271,Noahkai Banks,us USA,DF,Augsburg,de Bundesliga,19-172,2006,23,1725,75,56.4,19.2,20,83,14,3,21,9,1.09,22,31,-9,-0.47,0.00,Matches
272,Scott Banks,sct SCO,MF,St Pauli,de Bundesliga,24-238,2001,0,,,,,0,,0,0,,1,,,,,,,Matches
273,Ezechiel Banzuzi,nl NED,MF,RB Leipzig,de Bundesliga,21-095,2005,24,597,25,19.5,6.6,2,65,0,22,21,4,2.04,6,10,-4,-0.60,-1.44,Matches
274,Luca Barani,it ITA,DF,Sassuolo,it Serie A,20-063,2006,0,,,,,0,,0,0,,3,,,,,,,Matches
275,Tommaso Barbieri,it ITA,MF,Cremonese,it Serie A,23-269,2002,28,1699,61,51.0,18.9,18,82,10,10,23,5,0.89,19,25,-6,-0.32,+0.57,Matches
276,Valentín Barco,ar ARG,MF,Strasbourg,fr Ligue 1,21-303,2004,27,2168,80,70.8,24.1,24,86,18,3,36,0,1.81,45,33,+12,+0.50,+0.60,Matches
277,Bradley Barcola,fr FRA,FW,Paris Saint-Germain,fr Ligue 1,23-262,2002,29,1743,60,57.0,19.4,21,72,6,8,30,2,2.31,41,15,+26,+1.34,+0.04,Matches
278,Melvin Bard,fr FRA,"DF,MF",Nice,fr Ligue 1,25-197,2000,29,2394,83,78.2,26.6,26,88,23,3,39,0,0.90,25,51,-26,-0.98,-1.38,Matches
279,Roony Bardghji,se SWE,"MF,FW",Barcelona,es La Liga,20-188,2005,21,648,31,19.5,7.2,7,59,0,14,17,13,2.29,17,8,+9,+1.25,-0.49,Matches
280,Nicolò Barella,it ITA,MF,Inter,it Serie A,29-104,1997,33,2464,75,74.0,27.4,30,79,11,3,29,1,2.30,60,22,+38,+1.39,-0.27,Matches
281,Lilian Baret,fr FRA,MF,Lille,fr Ligue 1,19-362,2006,0,,,,,0,,0,0,,3,,,,,,,Matches
282,Téo Barisic,hr CRO,DF,Lyon,fr Ligue 1,21-234,2004,0,,,,,0,,0,0,,7,,,,,,,Matches
283,Kike Barja,es ESP,MF,Osasuna,es La Liga,29-051,1997,26,423,16,12.7,4.7,2,56,0,24,13,11,0.85,16,7,+9,+1.91,+2.35,Matches
284,Ross Barkley,eng ENG,MF,Aston Villa,eng Premier League,32-168,1993,20,772,39,23.2,8.6,6,76,0,14,23,1,1.70,16,14,+2,+0.23,+0.09,Matches
285,Ashley Barnes,eng ENG,"FW,MF",Burnley,eng Premier League,36-204,1989,6,40,7,1.2,0.4,0,,0,6,7,10,0.71,2,4,-2,-4.50,-3.54,Matches
286,Harvey Barnes,eng ENG,"FW,MF",Newcastle United,eng Premier League,28-164,1997,36,1921,53,57.7,21.3,19,79,7,17,24,1,1.28,35,30,+5,+0.23,+0.55,Matches
287,Ander Barrenetxea,es ESP,MF,Real Sociedad,es La Liga,24-146,2001,30,1763,59,52.9,19.6,22,69,5,8,30,0,1.27,29,27,+2,+0.10,+0.33,Matches
288,Pablo Barrios,es ESP,MF,Atlético Madrid,es La Liga,22-341,2003,23,1661,72,49.9,18.5,20,78,13,3,34,0,1.96,30,16,+14,+0.76,+0.33,Matches
289,Mahamoud Barry,ml MLI,FW,Villarreal,es La Liga,19-345,2006,0,,,,,0,,0,0,,1,,,,,,,Matches
290,Thierno Barry,fr FRA,FW,Everton,eng Premier League,23-213,2002,37,1831,49,55.0,20.3,20,75,3,17,19,0,1.32,24,33,-9,-0.44,-0.86,Matches
291,Davide Bartesaghi,it ITA,"MF,DF",Milan,it Serie A,20-144,2005,30,2351,78,70.6,26.1,26,86,19,4,30,7,1.83,33,25,+8,+0.31,-0.70,Matches
292,Jannis Bärtl,de GER,GK,Bayern Munich,de Bundesliga,19-332,2006,0,,,,,0,,0,0,,2,,,,,,,Matches
293,Marc Bartra,es ESP,DF,Real Betis,es La Liga,35-127,1991,25,1978,79,59.4,22.0,21,86,19,4,45,5,1.56,29,29,0,0.00,-0.67,Matches
294,Federico Baschirotto,it ITA,DF,Cremonese,it Serie A,29-244,1996,29,2540,88,76.3,28.2,29,88,28,0,,1,0.86,21,38,-17,-0.60,-0.03,Matches
295,Toma Bašić,hr CRO,MF,Lazio,it Serie A,29-178,1996,22,1645,75,49.4,18.3,22,75,9,0,,3,1.45,20,19,+1,+0.05,+0.11,Matches
296,Calvin Bassey,ng NGA,DF,Fulham,eng Premier League,26-142,1999,29,2444,84,73.4,27.2,27,90,27,2,7,2,1.21,34,40,-6,-0.22,-0.22,Matches
297,Alessandro Bastoni,it ITA,DF,Inter,it Serie A,27-039,1999,28,2239,80,67.2,24.9,28,80,16,0,,6,2.39,62,21,+41,+1.65,+0.58,Matches
298,Augusto Batalla,ar ARG,GK,Rayo Vallecano,es La Liga,30-022,1996,34,3060,90,91.9,34.0,34,90,34,0,,1,1.31,36,37,-1,-0.03,+0.97,Matches
299,Callum Bates,eng ENG,MF,Everton,eng Premier League,20-236,2005,0,,,,,0,,0,0,,1,,,,,,,Matches
300,Michy Batshuayi,be BEL,FW,Eintracht Frankfurt,de Bundesliga,32-232,1993,6,139,23,4.5,1.5,1,45,0,5,19,5,0.83,3,5,-2,-1.29,-1.23,Matches
301,Martin Baturina,hr CRO,"MF,FW",Como,it Serie A,23-095,2003,28,1487,53,44.7,16.5,16,77,5,12,22,8,1.71,30,16,+14,+0.85,-0.08,Matches
302,Daniel Batz,de GER,GK,Mainz 05,de Bundesliga,35-130,1991,21,1890,90,61.8,21.0,21,90,21,0,,4,1.62,32,27,+5,+0.24,+1.32,Matches
303,Elias Baum,de GER,DF,Eintracht Frankfurt,de Bundesliga,20-208,2005,5,75,15,2.5,0.8,0,,0,5,15,9,0.80,1,1,0,0.00,+0.12,Matches
304,Oliver Baumann,de GER,GK,Hoffenheim,de Bundesliga,35-354,1990,34,3060,90,100.0,34.0,34,90,34,0,,0,1.79,65,52,+13,+0.38,,Matches
305,Christoph Baumgartner,at AUT,MF,RB Leipzig,de Bundesliga,26-294,1999,33,2780,84,90.8,30.9,32,86,18,1,22,0,1.97,63,37,+26,+0.84,+3.09,Matches
306,Rafael Bauza,es ESP,MF,Espanyol,es La Liga,21-112,2005,0,,,,,0,,0,0,,2,,,,,,,Matches
307,Altay Bayındır,tr TUR,GK,Manchester Utd,eng Premier League,28-038,1998,6,540,90,16.2,6.0,6,90,6,0,,31,1.17,7,11,-4,-0.67,-1.31,Matches
308,Vakoun Bayo,ci CIV,FW,Udinese,it Serie A,29-132,1997,15,453,30,13.6,5.0,4,63,0,11,18,13,1.07,8,11,-3,-0.60,-0.63,Matches
309,Yanis Beau Djellel,fr FRA,FW,Le Havre,fr Ligue 1,21-128,2005,0,,,,,0,,0,0,,2,,,,,,,Matches
310,Ihlas Bebou,tg TOG,"FW,MF",Hoffenheim,de Bundesliga,32-029,1994,16,190,12,6.2,2.1,0,,0,16,12,10,1.69,4,3,+1,+0.47,+0.10,Matches
311,Samu Becerra,es ESP,MF,Rayo Vallecano,es La Liga,20-141,2006,3,12,4,0.4,0.1,0,,0,3,4,15,0.33,0,0,0,0.00,+0.11,Matches
312,Adrian Beck,de GER,MF,Heidenheim,de Bundesliga,28-347,1997,24,868,36,28.4,9.6,9,66,1,15,18,7,0.71,7,21,-14,-1.45,-0.75,Matches
313,Sheraldo Becker,sr SUR,"FW,MF",Osasuna,es La Liga,31-102,1995,9,158,18,4.7,1.8,0,,0,9,18,9,0.56,1,4,-3,-1.71,-1.65,Matches
314,Sheraldo Becker,sr SUR,FW,Mainz 05,de Bundesliga,31-102,1995,14,946,68,30.9,10.5,11,77,1,3,35,0,1.57,16,8,+8,+0.76,+1.48,Matches
315,Yoann Becker,fr FRA,DF,Strasbourg,fr Ligue 1,17-130,2009,0,,,,,0,,0,0,,2,,,,,,,Matches
316,Donny van de Beek,nl NED,MF,Girona,es La Liga,29-034,1997,2,41,21,1.2,0.5,1,32,0,1,9,2,1.00,1,1,0,0.00,+0.44,Matches
317,Tjaš Begić,si SVN,MF,Parma,it Serie A,22-326,2003,1,1,1,0.0,0.0,0,,0,1,1,15,0.00,0,0,0,0.00,+0.51,Matches
318,Hannes Behrens,de GER,"DF,MF",Heidenheim,de Bundesliga,21-123,2005,16,1318,82,43.1,14.6,15,87,13,1,14,0,0.81,23,29,-6,-0.41,+0.88,Matches
319,Maximilian Beier,de GER,"MF,FW",Dortmund,de Bundesliga,23-217,2002,32,2026,63,66.2,22.5,24,77,4,8,23,1,2.16,48,18,+30,+1.33,+0.81,Matches
320,Luken Beitia,es ESP,DF,Real Sociedad,es La Liga,21-326,2004,1,5,5,0.2,0.1,0,,0,1,5,9,1.00,0,1,-1,-18.00,-17.97,Matches
321,Ismael Bekhoucha,ma MAR,DF,Getafe,es La Liga,21-183,2004,4,122,31,3.7,1.4,1,90,1,3,11,7,2.25,3,1,+2,+1.48,+1.73,Matches
322,Reda Belahyane,ma MAR,MF,Lazio,it Serie A,21-355,2004,12,519,43,15.6,5.8,4,79,3,8,26,24,1.08,3,9,-6,-1.04,-1.23,Matches
323,Rayane Belaid,es ESP,"MF,FW",Atlético Madrid,es La Liga,21-100,2005,2,132,66,4.0,1.5,2,66,0,0,,4,1.50,1,2,-1,-0.68,-1.33,Matches
324,Kilian Belazzoug,dz ALG,GK,Rennes,fr Ligue 1,19-308,2006,0,,,,,0,,0,0,,5,,,,,,,Matches
325,Rafik Belghali,dz ALG,MF,Hellas Verona,it Serie A,23-349,2002,25,1835,73,55.1,20.4,21,82,12,4,29,1,0.60,15,27,-12,-0.59,+0.74,Matches
326,Haris Belkebla,dz ALG,MF,Angers,fr Ligue 1,32-114,1994,33,2875,87,94.0,31.9,33,87,28,0,,0,1.00,28,47,-19,-0.59,-0.59,Matches
327,Yassin Belkhdim,fr FRA,MF,Angers,fr Ligue 1,24-097,2002,27,2135,79,69.8,23.7,26,81,11,1,30,0,1.22,17,32,-15,-0.63,-0.24,Matches
328,Stefan Bell,de GER,DF,Mainz 05,de Bundesliga,34-271,1991,18,1039,58,34.0,11.5,13,71,6,5,24,5,1.06,18,21,-3,-0.26,+0.01,Matches
329,Armel Bella Kotchap,de GER,DF,Hellas Verona,it Serie A,24-162,2001,18,1314,73,39.5,14.6,14,83,10,4,37,5,0.61,13,26,-13,-0.89,+0.05,Matches
330,Raoul Bellanova,it ITA,MF,Atalanta,it Serie A,26-005,2000,23,1332,58,40.0,14.8,14,77,9,9,29,4,1.39,19,25,-6,-0.41,-1.35,Matches
331,Jean-Ricner Bellegarde,ht HAI,"MF,FW",Wolves,eng Premier League,27-329,1998,26,1248,48,37.5,13.9,15,68,1,11,21,2,0.46,10,30,-20,-1.44,-0.53,Matches
332,Héctor Bellerín,es ESP,DF,Real Betis,es La Liga,31-064,1995,26,1732,67,52.0,19.2,19,82,13,7,24,3,1.50,31,26,+5,+0.26,-0.02,Matches
333,Jobe Bellingham,eng ENG,MF,Dortmund,de Bundesliga,20-241,2005,32,1786,56,58.4,19.8,20,80,11,12,15,0,2.16,44,20,+24,+1.21,+0.36,Matches
334,Jude Bellingham,eng ENG,MF,Real Madrid,es La Liga,22-327,2003,27,1843,68,55.3,20.5,21,82,14,6,21,0,2.19,39,18,+21,+1.03,-0.12,Matches
335,Jeanuël Belocian,fr FRA,DF,Wolfsburg,de Bundesliga,21-094,2005,14,1254,90,41.0,13.9,14,90,13,0,,0,0.71,17,26,-9,-0.65,+0.10,Matches
336,Jeanuël Belocian,fr FRA,DF,Leverkusen,de Bundesliga,21-094,2005,8,292,37,9.5,3.2,3,73,1,5,14,8,2.25,3,8,-5,-1.54,-2.39,Matches
337,Andrea Belotti,it ITA,FW,Cagliari,it Serie A,32-153,1993,8,221,28,6.6,2.5,3,63,0,5,7,2,1.88,3,4,-1,-0.41,-0.03,Matches
338,Fran Beltrán,es ESP,MF,Girona,es La Liga,27-108,1999,16,979,61,29.4,10.9,11,77,3,5,26,1,1.00,9,10,-1,-0.09,+0.48,Matches
339,Fran Beltrán,es ESP,MF,Celta Vigo,es La Liga,27-108,1999,10,528,53,15.9,5.9,7,71,2,3,10,9,1.40,4,6,-2,-0.34,-0.53,Matches
340,Lucas Beltrán,ar ARG,FW,Valencia,es La Liga,25-054,2001,27,1365,51,41.0,15.2,16,69,2,11,23,0,1.07,17,21,-4,-0.26,+0.06,Matches
341,Eliesse Ben Seghir,ma MAR,MF,Leverkusen,de Bundesliga,21-095,2005,10,252,25,8.2,2.8,2,65,0,8,15,9,1.70,4,3,+1,+0.36,-0.28,Matches
342,Eliesse Ben Seghir,ma MAR,MF,Monaco,fr Ligue 1,21-095,2005,2,45,23,1.5,0.5,0,,0,2,23,0,1.50,1,2,-1,-2.00,-2.21,Matches
343,Dean Benamar,eng ENG,DF,Crystal Palace,eng Premier League,17-356,2008,0,,,,,0,,0,0,,4,,,,,,,Matches
344,Carlos Benavídez,uy URU,DF,Alavés,es La Liga,28-053,1998,12,266,22,8.0,3.0,3,55,1,9,11,14,1.75,5,4,+1,+0.34,+0.69,Matches
345,Trevor Benedict,de GER,FW,Wolfsburg,de Bundesliga,19-111,2007,0,,,,,0,,0,0,,1,,,,,,,Matches
346,Adrian Benedyczak,pl POL,FW,Parma,it Serie A,25-179,2000,14,490,35,14.7,5.4,5,68,0,9,17,7,1.21,6,7,-1,-0.18,+0.39,Matches
347,Yassine Benhattab,fr FRA,"MF,FW",Nantes,fr Ligue 1,23-185,2002,10,477,48,16.1,5.3,5,67,0,5,28,4,0.60,3,9,-6,-1.13,-0.52,Matches
348,Walter Benítez,ar ARG,GK,Crystal Palace,eng Premier League,33-123,1993,1,90,90,2.7,1.0,1,90,1,0,,34,1.00,0,0,0,0.00,+0.25,Matches
349,Iker Benito,es ESP,MF,Osasuna,es La Liga,23-285,2002,6,159,27,4.8,1.8,1,71,0,5,18,6,0.67,2,2,0,0.00,+0.14,Matches
350,Jorge Benito,es ESP,GK,Getafe,es La Liga,20-141,2006,0,,,,,0,,0,0,,3,,,,,,,Matches
351,Precious Benjamin,ng NGA,FW,Hoffenheim,de Bundesliga,19-233,2006,0,,,,,0,,0,0,,1,,,,,,,Matches
352,Elias Benkara,dz ALG,DF,Dortmund,de Bundesliga,19-023,2007,0,,,,,0,,0,0,,1,,,,,,,Matches
353,Mohamed Benoit Dao,fr FRA,FW,Paris FC,fr Ligue 1,19-109,2007,1,2,2,0.1,0.0,0,,0,1,2,0,0.00,0,0,0,0.00,+0.09,Matches
354,Ramy Bensebaini,dz ALG,DF,Dortmund,de Bundesliga,31-036,1995,21,1530,73,50.0,17.0,15,89,14,6,32,4,2.05,35,13,+22,+1.29,+0.47,Matches
355,Nabil Bentaleb,dz ALG,MF,Lille,fr Ligue 1,31-179,1994,26,1287,50,42.1,14.3,13,82,9,13,17,1,2.00,30,19,+11,+0.77,+0.57,Matches
356,Rodrigo Bentancur,uy URU,MF,Tottenham Hotspur,eng Premier League,28-331,1997,25,1802,72,54.1,20.0,22,79,11,3,21,1,1.28,27,25,+2,+0.10,+0.81,Matches
357,Daniel Bentley,eng ENG,GK,Wolves,eng Premier League,32-313,1993,3,270,90,8.1,3.0,3,90,3,0,,5,0.33,1,7,-6,-2.00,-0.97,Matches
358,Luka Bentt,be BEL,MF,Brentford,eng Premier League,18-233,2007,0,,,,,0,,0,0,,8,,,,,,,Matches
359,Lucas Beraldo,br BRA,"DF,MF",Paris Saint-Germain,fr Ligue 1,22-179,2003,20,1567,78,51.2,17.4,18,84,14,2,25,13,2.30,38,15,+23,+1.32,-0.01,Matches
360,Domenico Berardi,it ITA,FW,Sassuolo,it Serie A,31-294,1994,25,1868,75,56.1,20.8,23,79,8,2,30,0,1.32,30,29,+1,+0.05,+0.29,Matches
361,Yuri Berchiche,es ESP,DF,Athletic Club,es La Liga,36-101,1990,32,2705,85,81.2,30.1,31,86,27,1,45,2,1.38,36,40,-4,-0.13,+1.16,Matches
362,Thomas Berenbruch,it ITA,MF,Inter,it Serie A,20-356,2005,0,,,,,0,,0,0,,1,,,,,,,Matches
363,Álex Berenguer,es ESP,MF,Athletic Club,es La Liga,30-322,1995,31,2154,69,64.7,23.9,25,78,10,6,32,1,0.97,24,31,-7,-0.29,+0.17,Matches
364,Sander Berge,no NOR,MF,Fulham,eng Premier League,28-097,1998,34,2815,83,84.5,31.3,33,85,24,1,17,2,1.41,41,45,-4,-0.13,+0.22,Matches
365,Lucas Bergström,fi FIN,GK,Mallorca,es La Liga,23-259,2002,5,450,90,13.5,5.0,5,90,5,0,,22,1.00,4,7,-3,-0.60,-0.29,Matches
366,Lucas Bergvall,se SWE,MF,Tottenham Hotspur,eng Premier League,20-109,2006,23,965,42,29.0,10.7,11,66,0,12,20,4,1.17,14,18,-4,-0.37,-0.14,Matches
367,Medon Berisha,al ALB,MF,Lecce,it Serie A,22-213,2003,13,871,67,26.2,9.7,12,70,1,1,28,2,1.23,7,10,-3,-0.31,+0.42,Matches
368,Anthony Bermont,fr FRA,FW,Lens,fr Ligue 1,21-101,2005,10,104,10,3.4,1.2,0,,0,10,10,12,1.50,4,0,+4,+3.46,+2.64,Matches
369,Adrian Bernabe,es ESP,MF,Parma,it Serie A,24-361,2001,32,2470,77,74.2,27.4,31,79,6,1,32,0,1.28,20,33,-13,-0.47,+0.15,Matches
370,Marc Bernal,es ESP,MF,Barcelona,es La Liga,18-361,2007,21,708,34,21.3,7.9,8,63,0,13,15,10,2.71,20,8,+12,+1.53,-0.16,Matches
371,Gabin Bernardeau,fr FRA,MF,Nice,fr Ligue 1,20-118,2006,4,95,24,3.1,1.1,1,63,0,3,11,9,1.25,1,1,0,0.00,+0.70,Matches
372,Federico Bernardeschi,it ITA,"MF,FW",Bologna,it Serie A,32-095,1994,28,1130,40,33.9,12.6,11,71,0,17,21,2,1.68,14,7,+7,+0.56,+0.72,Matches
373,Bernardo,br BRA,DF,Hoffenheim,de Bundesliga,31-008,1995,29,2312,80,75.6,25.7,26,86,17,3,28,1,1.76,45,35,+10,+0.39,+0.03,Matches
374,Lorenzo Bernasconi,it ITA,MF,Atalanta,it Serie A,22-187,2003,23,1572,68,47.2,17.5,17,83,13,6,26,10,1.91,22,9,+13,+0.74,+0.64,Matches
375,Antoine Bernede,fr FRA,MF,Hellas Verona,it Serie A,26-361,1999,32,2301,72,69.1,25.6,29,76,10,3,29,0,0.56,18,38,-20,-0.78,+0.44,Matches
376,Nicolò Bertola,it ITA,"DF,MF",Udinese,it Serie A,23-060,2003,27,1731,64,52.0,19.2,18,82,11,9,28,5,1.52,24,25,-1,-0.05,0.00,Matches
377,Jan-Niklas Beste,de GER,MF,Freiburg,de Bundesliga,27-138,1999,28,1704,61,55.7,18.9,20,77,6,8,21,1,1.54,33,25,+8,+0.42,+1.35,Matches
378,Beto,gw GNB,FW,Everton,eng Premier League,28-111,1998,36,1561,43,46.9,17.3,17,71,1,19,18,0,1.36,25,19,+6,+0.35,+0.75,Matches
379,Brando Bettazzi,it ITA,MF,Pisa,it Serie A,18-188,2007,0,,,,,0,,0,0,,8,,,,,,,Matches
380,Marcus Bettinelli,eng ENG,GK,Manchester City,eng Premier League,33-363,1992,0,,,,,0,,0,0,,1,,,,,,,Matches
381,Sam Beukema,nl NED,DF,Napoli,it Serie A,27-186,1998,24,1681,70,50.5,18.7,18,86,15,6,23,10,2.04,29,19,+10,+0.54,-0.06,Matches
382,Kelyann Bezahaf,fr FRA,DF,Marseille,fr Ligue 1,20-006,2006,0,,,,,0,,0,0,,2,,,,,,,Matches
383,Côme Bianay Balcot,fr FRA,DF,Torino,it Serie A,21-009,2005,0,,,,,0,,0,0,,1,,,,,,,Matches
384,Matteo Bianchetti,it ITA,DF,Cremonese,it Serie A,33-066,1993,26,2102,81,63.1,23.4,24,83,15,2,50,8,1.19,27,33,-6,-0.26,+0.92,Matches
385,Mika Biereth,dk DEN,FW,Monaco,fr Ligue 1,23-103,2003,32,1074,34,35.1,11.9,12,67,1,20,13,2,1.56,19,23,-4,-0.34,-0.79,Matches
386,Pedro Bigas,es ESP,DF,Elche,es La Liga,35-249,1990,27,1973,73,59.2,21.9,24,80,14,3,15,6,1.30,29,29,0,0.00,+0.53,Matches
387,Justin Bijlow,nl NED,GK,Genoa,it Serie A,28-120,1998,16,1395,87,41.9,15.5,16,87,15,0,,0,1.31,19,20,-1,-0.06,+0.31,Matches
388,Jaka Bijol,si SVN,DF,Leeds United,eng Premier League,27-106,1999,24,1821,76,54.7,20.2,20,86,16,4,25,9,1.33,29,25,+4,+0.20,+0.67,Matches
389,Philip Billing,dk DEN,MF,Bournemouth,eng Premier League,29-345,1996,0,,,,,0,,0,0,,1,,,,,,,Matches
390,Cristiano Biraghi,it ITA,"MF,DF",Torino,it Serie A,33-263,1992,14,517,37,15.5,5.7,5,81,3,9,13,18,1.50,1,11,-10,-1.74,-1.45,Matches
391,Veljko Birmančević,rs SRB,FW,Getafe,es La Liga,28-078,1998,6,142,24,4.3,1.6,1,45,0,5,19,9,0.50,1,2,-1,-0.63,-0.46,Matches
392,Tom Bischof,de GER,"DF,MF",Bayern Munich,de Bundesliga,20-328,2005,26,1302,50,42.5,14.5,14,83,10,12,11,3,2.65,53,13,+40,+2.76,+0.41,Matches
393,Yves Bissouma,ml MLI,MF,Tottenham Hotspur,eng Premier League,29-265,1996,11,603,55,18.1,6.7,7,68,1,4,32,3,0.82,6,17,-11,-1.64,-1.67,Matches
394,Leonardo Bittencourt,de GER,MF,Werder Bremen,de Bundesliga,32-154,1993,17,615,36,20.1,6.8,5,78,0,12,19,7,1.18,14,16,-2,-0.29,+0.48,Matches
395,Emmanuel Biumla,fr FRA,DF,Angers,fr Ligue 1,21-014,2005,9,387,43,12.6,4.3,3,69,1,6,30,14,0.67,0,9,-9,-2.09,-1.76,Matches
396,Marco Bizot,nl NED,GK,Aston Villa,eng Premier League,35-073,1991,6,495,83,14.9,5.5,5,90,5,1,45,30,1.50,8,9,-1,-0.18,-0.40,Matches
397,Darling Bladi,fr FRA,FW,Real Betis,es La Liga,21-345,2004,0,,,,,0,,0,0,,2,,,,,,,Matches
398,Antonio Blanco,es ESP,MF,Alavés,es La Liga,25-303,2000,35,3020,86,90.7,33.6,35,86,27,0,,1,1.11,35,50,-15,-0.45,-1.61,Matches
399,Rubén Blanco,es ESP,GK,Girona,es La Liga,30-301,1995,0,,,,,0,,0,0,,14,,,,,,,Matches
400,Ludovic Blas,fr FRA,"MF,FW",Rennes,fr Ligue 1,28-142,1997,32,1546,48,50.5,17.2,15,77,2,17,23,1,1.78,27,30,-3,-0.17,-0.89,Matches
401,Janis Blaswich,de GER,GK,Leverkusen,de Bundesliga,35-020,1991,11,931,85,30.4,10.3,10,90,10,1,31,21,1.73,17,9,+8,+0.77,+0.22,Matches
402,Aimar Blazquez,es ESP,FW,Valencia,es La Liga,20-064,2006,0,,,,,0,,0,0,,3,,,,,,,Matches
403,Daniele Bleve,it ITA,GK,Lecce,it Serie A,17-333,2008,0,,,,,0,,0,0,,4,,,,,,,Matches
404,Daley Blind,nl NED,DF,Girona,es La Liga,36-074,1990,31,2606,84,78.3,29.0,30,86,25,1,27,3,1.13,30,45,-15,-0.52,-0.39,Matches
405,Adam Boayar,ma MAR,MF,Elche,es La Liga,20-221,2005,7,104,15,3.1,1.2,0,,0,7,15,16,0.57,4,5,-1,-0.87,-0.67,Matches
406,Oscar Bobb,no NOR,"MF,FW",Manchester City,eng Premier League,22-314,2003,9,468,52,14.1,5.2,5,78,2,4,20,4,1.67,10,5,+5,+0.96,-0.23,Matches
407,Oscar Bobb,no NOR,MF,Fulham,eng Premier League,22-314,2003,13,500,38,15.0,5.6,5,63,0,8,23,0,1.15,6,7,-1,-0.18,-0.02,Matches
408,Ben Bobzien,de GER,"FW,MF",Mainz 05,de Bundesliga,23-023,2003,1,9,9,0.3,0.1,0,,0,1,9,12,1.00,1,0,+1,+10.00,+10.29,Matches
409,Arnaud Bodart,be BEL,GK,Lille,fr Ligue 1,28-072,1998,3,226,75,7.4,2.5,2,90,2,1,46,31,1.00,2,3,-1,-0.40,-0.91,Matches
410,Sacha Boey,fr FRA,DF,Bayern Munich,de Bundesliga,25-251,2000,9,463,51,15.1,5.1,5,78,1,4,18,4,3.00,14,3,+11,+2.14,-0.46,Matches
411,Jeremie Boga,ci CIV,"MF,FW",Nice,fr Ligue 1,29-139,1997,14,646,46,21.1,7.2,7,74,1,7,18,0,1.21,11,14,-3,-0.42,+0.33,Matches
412,Jeremie Boga,ci CIV,"MF,FW",Juventus,it Serie A,29-139,1997,14,602,43,18.1,6.7,5,82,1,9,21,0,1.64,13,5,+8,+1.20,+0.57,Matches
413,Lamare Bogarde,nl NED,"MF,DF",Aston Villa,eng Premier League,22-137,2004,27,981,36,29.5,10.9,10,80,4,17,11,10,1.56,14,16,-2,-0.18,-0.49,Matches
414,Jayden Bogle,eng ENG,"MF,DF",Leeds United,eng Premier League,25-299,2000,33,2716,82,81.6,30.2,31,86,18,2,27,0,1.27,38,43,-5,-0.17,-0.31,Matches
415,Dmytro Bohdanov,ua UKR,MF,Union Berlin,de Bundesliga,19-077,2007,2,6,3,0.2,0.1,0,,0,2,3,6,1.50,1,0,+1,+15.00,+15.44,Matches
416,Adama Boiro,es ESP,DF,Athletic Club,es La Liga,23-334,2002,13,725,56,21.8,8.1,7,81,5,6,26,24,0.92,6,16,-10,-1.24,-1.14,Matches
417,Morgan Bokelé Mputu,cm CMR,MF,Metz,fr Ligue 1,22-070,2004,10,227,23,7.4,2.5,1,80,0,9,16,7,0.50,4,7,-3,-1.19,+0.11,Matches
418,Hugo Bolin,se SWE,"MF,FW",Gladbach,de Bundesliga,22-302,2003,13,550,42,18.0,6.1,5,70,0,8,25,1,1.23,9,8,+1,+0.16,+0.59,Matches
419,Daniel Boloca,ro ROU,MF,Sassuolo,it Serie A,27-151,1998,2,135,68,4.1,1.5,2,68,1,0,,5,0.00,0,4,-4,-2.67,-2.69,Matches
420,David Boly,fr FRA,DF,Paris Saint-Germain,fr Ligue 1,17-120,2009,0,,,,,0,,0,0,,6,,,,,,,Matches
421,Willy Boly,ci CIV,DF,Nottingham Forest,eng Premier League,35-108,1991,0,,,,,0,,0,0,,8,,,,,,,Matches
422,Moïse Bombito,ca CAN,DF,Nice,fr Ligue 1,26-053,2000,2,145,73,4.7,1.6,2,73,1,0,,1,1.00,3,3,0,0.00,+0.71,Matches
423,Piergiorgio Bonanno,it ITA,MF,Fiorentina,it Serie A,18-329,2007,0,,,,,0,,0,0,,2,,,,,,,Matches
424,Javier Boñar,es ESP,DF,Atlético Madrid,es La Liga,20-353,2005,3,269,90,8.1,3.0,3,90,2,0,,6,1.00,5,5,0,0.00,-0.65,Matches
425,Federico Bonazzoli,it ITA,FW,Cremonese,it Serie A,29-001,1997,34,2426,71,72.9,27.0,30,78,12,4,24,2,0.85,22,41,-19,-0.70,-0.41,Matches
426,Warren Bondo,fr FRA,MF,Cremonese,it Serie A,22-249,2003,27,1762,65,52.9,19.6,22,73,8,5,33,3,0.85,16,30,-14,-0.72,-0.26,Matches
427,Lucas Bonelli,fr FRA,GK,Nantes,fr Ligue 1,23-097,2003,0,,,,,0,,0,0,,1,,,,,,,Matches
428,Giovanni Bonfanti,it ITA,"DF,MF",Pisa,it Serie A,23-125,2003,9,494,55,14.8,5.5,6,66,1,3,32,9,0.56,3,11,-8,-1.46,-0.32,Matches
429,Giovanni Bonfanti,it ITA,DF,Atalanta,it Serie A,23-125,2003,0,,,,,0,,0,0,,2,,,,,,,Matches
430,Victor Boniface,ng NGA,FW,Werder Bremen,de Bundesliga,25-150,2000,11,333,30,10.9,3.7,2,74,0,9,21,1,1.36,5,8,-3,-0.81,-0.15,Matches
431,Rahim Bonkano,ne NIG,DF,Oviedo,es La Liga,24-141,2002,26,1637,63,49.2,18.2,17,86,14,9,19,9,0.81,9,31,-22,-1.21,-0.73,Matches
432,Ange-Yoan Bonny,fr FRA,FW,Inter,it Serie A,22-209,2003,32,1105,35,33.2,12.3,10,67,1,22,20,2,2.22,33,11,+22,+1.79,+0.50,Matches
433,Lorenzo Bonsignori Goggi,it ITA,MF,Como,it Serie A,19-055,2007,0,,,,,0,,0,0,,2,,,,,,,Matches
434,Thiago Borbas,uy URU,FW,Oviedo,es La Liga,24-045,2002,11,151,14,4.5,1.7,0,,0,11,14,5,0.82,2,3,-1,-0.60,+0.25,Matches
435,Sebastiaan Bornauw,be BEL,DF,Leeds United,eng Premier League,27-061,1999,11,428,39,12.9,4.8,5,78,0,6,7,18,1.64,4,4,0,0.00,+0.12,Matches
436,Gennaro Borrelli,it ITA,FW,Cagliari,it Serie A,26-073,2000,26,1202,46,36.1,13.4,12,73,3,14,23,2,1.19,15,24,-9,-0.67,-0.46,Matches
437,Olivier Boscagli,fr FRA,DF,Brighton,eng Premier League,28-185,1997,12,802,67,24.1,8.9,9,85,7,3,13,25,1.08,11,10,+1,+0.11,-0.17,Matches
438,Sebastián Boselli,uy URU,DF,Getafe,es La Liga,22-169,2003,11,380,35,11.4,4.2,4,79,3,7,9,5,2.00,4,2,+2,+0.47,+0.75,Matches
439,Jean-Baptiste Bosey,fr FRA,FW,Strasbourg,fr Ligue 1,18-096,2008,1,1,1,0.0,0.0,0,,0,1,1,3,1.00,0,0,0,0.00,-0.32,Matches
440,Sven Botman,nl NED,DF,Newcastle United,eng Premier League,26-130,2000,24,1745,73,52.4,19.4,20,84,16,4,15,5,1.42,25,25,0,0.00,0.00,Matches
441,Ayyoub Bouaddi,fr FRA,MF,Lille,fr Ligue 1,18-232,2007,30,2321,77,75.8,25.8,28,82,16,2,14,2,1.63,29,26,+3,+0.12,-1.35,Matches
442,Badredine Bouanani,dz ALG,MF,Nice,fr Ligue 1,21-165,2004,2,93,47,3.0,1.0,1,75,0,1,18,0,1.50,1,0,+1,+0.97,+1.70,Matches
443,Badredine Bouanani,dz ALG,MF,Stuttgart,de Bundesliga,21-165,2004,14,463,33,15.1,5.1,5,72,1,9,11,15,1.79,13,5,+8,+1.56,+1.07,Matches
444,Enguerrand Bouard,fr FRA,FW,Nice,fr Ligue 1,19-074,2007,0,,,,,0,,0,0,,2,,,,,,,Matches
445,Kaïl Boudache,fr FRA,"MF,FW",Nice,fr Ligue 1,19-341,2006,13,531,41,17.4,5.9,3,59,0,10,35,2,0.77,5,9,-4,-0.68,0.00,Matches
446,Hicham Boudaoui,dz ALG,MF,Nice,fr Ligue 1,26-241,1999,25,1694,68,55.4,18.8,18,84,12,7,27,1,0.92,20,33,-13,-0.69,-0.03,Matches
447,Sofiane Boufal,ma MAR,"MF,FW",Le Havre,fr Ligue 1,32-247,1993,17,1019,60,33.3,11.3,13,73,0,4,18,0,1.00,10,16,-6,-0.53,-0.27,Matches
448,Ismaïl Bouneb,fr FRA,MF,Le Havre,fr Ligue 1,19-349,2006,0,,,,,0,,0,0,,1,,,,,,,Matches
449,Justin Bourgault,fr FRA,FW,Brest,fr Ligue 1,20-250,2005,1,16,16,0.5,0.2,0,,0,1,16,9,0.00,0,2,-2,-11.25,-10.95,Matches
450,Saad Boussadia,fr FRA,MF,Lille,fr Ligue 1,18-065,2008,0,,,,,0,,0,0,,4,,,,,,,Matches
451,Leonardo Bovo,it ITA,MF,Inter,it Serie A,21-015,2005,0,,,,,0,,0,0,,4,,,,,,,Matches
452,Jarrod Bowen,eng ENG,"MF,FW",West Ham United,eng Premier League,29-153,1996,37,3313,90,99.5,36.8,37,90,31,0,,0,0.97,42,63,-21,-0.57,+4.72,Matches
453,Kieron Bowie,sct SCO,FW,Hellas Verona,it Serie A,23-243,2002,13,1110,85,33.3,12.3,13,85,9,0,,0,0.54,7,16,-9,-0.73,+0.28,Matches
454,Lucas Boyé,ar ARG,FW,Alavés,es La Liga,30-083,1996,28,1875,67,56.3,20.8,21,80,15,7,27,0,1.25,24,31,-7,-0.34,-0.09,Matches
455,Enzo Boyomo,cm CMR,DF,Osasuna,es La Liga,24-227,2001,29,2452,85,73.6,27.2,28,87,24,1,18,2,1.10,32,38,-6,-0.22,-0.32,Matches
456,Rosen Bozhinov,bg BUL,DF,Pisa,it Serie A,21-119,2005,8,520,65,15.6,5.8,7,74,3,1,1,8,0.25,3,8,-5,-0.87,+0.38,Matches
457,Domagoj Bradarić,hr CRO,MF,Hellas Verona,it Serie A,26-163,1999,28,1945,69,58.4,21.6,23,80,12,5,23,5,0.46,17,38,-21,-0.97,-0.13,Matches
458,Conor Bradley,nir NIR,DF,Liverpool,eng Premier League,22-317,2003,15,929,62,27.9,10.3,12,70,3,3,29,1,1.47,11,13,-2,-0.19,-0.64,Matches
459,Bilal Brahimi,dz ALG,"FW,MF",Nice,fr Ligue 1,26-069,2000,1,1,1,0.0,0.0,0,,0,1,1,1,0.00,0,0,0,0.00,+0.68,Matches
460,Julian Brandt,de GER,"MF,FW",Dortmund,de Bundesliga,30-020,1996,29,1606,55,52.5,17.8,17,83,5,12,17,3,2.14,42,18,+24,+1.34,+0.60,Matches
461,Jarrad Branthwaite,eng ENG,DF,Everton,eng Premier League,23-329,2002,10,680,68,20.4,7.6,7,88,4,3,21,0,1.50,10,9,+1,+0.13,+0.23,Matches
462,Riccardo Braschi,it ITA,FW,Fiorentina,it Serie A,19-271,2006,2,105,53,3.2,1.2,1,60,0,1,45,10,0.50,0,1,-1,-0.86,-0.63,Matches
463,Lilian Brassier,fr FRA,DF,Rennes,fr Ligue 1,26-201,1999,27,2250,83,73.5,25.0,25,87,22,2,36,5,1.78,47,35,+12,+0.48,+0.81,Matches
464,Iker Bravo,es ESP,FW,Udinese,it Serie A,21-129,2005,8,206,26,6.2,2.3,3,55,0,5,8,7,1.38,2,2,0,0.00,+0.06,Matches
465,Fabian Bredlow,de GER,GK,Stuttgart,de Bundesliga,31-081,1995,0,,,,,0,,0,0,,31,,,,,,,Matches
466,Josip Brekalo,hr CRO,"MF,FW",Oviedo,es La Liga,27-333,1998,14,486,35,14.6,5.4,6,58,0,8,18,3,0.71,1,14,-13,-2.41,-1.84,Matches
467,Gleison Bremer,br BRA,DF,Juventus,it Serie A,29-065,1997,26,2171,84,65.2,24.1,25,86,20,1,15,1,2.12,45,19,+26,+1.08,+1.00,Matches
468,Marco Brescianini,it ITA,MF,Fiorentina,it Serie A,26-122,2000,16,796,50,23.9,8.8,9,76,4,7,16,1,1.50,14,13,+1,+0.11,+0.47,Matches
469,Marco Brescianini,it ITA,MF,Atalanta,it Serie A,26-122,2000,9,182,20,5.5,2.0,0,,0,9,20,10,1.56,5,1,+4,+1.98,+1.66,Matches
470,Abel Bretones,es ESP,"MF,DF",Osasuna,es La Liga,25-274,2000,28,1624,58,48.8,18.0,17,88,12,11,12,6,1.18,24,27,-3,-0.17,-0.06,Matches
471,George Brierley,eng ENG,MF,Burnley,eng Premier League,18-183,2007,0,,,,,0,,0,0,,1,,,,,,,Matches
472,Millan Brignone,fr FRA,MF,Nice,fr Ligue 1,19-059,2007,0,,,,,0,,0,0,,1,,,,,,,Matches
473,Sascha Britschgi,ch SUI,"MF,DF",Parma,it Serie A,19-268,2006,28,2024,72,60.8,22.5,21,86,16,7,30,6,1.25,18,27,-9,-0.40,+0.29,Matches
474,Brian Brobbey,nl NED,FW,Sunderland,eng Premier League,24-110,2002,30,1867,62,56.1,20.7,21,79,6,9,22,2,1.23,18,29,-11,-0.53,-0.78,Matches
475,Benjamin Broggio,eng ENG,MF,Aston Villa,eng Premier League,19-113,2007,0,,,,,0,,0,0,,1,,,,,,,Matches
476,Marius Broholm,no NOR,MF,Lille,fr Ligue 1,21-147,2004,11,279,25,9.1,3.1,3,53,0,8,15,6,1.00,8,7,+1,+0.32,-0.13,Matches
477,Armando Broja,al ALB,FW,Burnley,eng Premier League,24-254,2001,24,860,36,25.8,9.6,8,79,2,16,14,5,0.25,11,27,-16,-1.67,-0.91,Matches
478,Alfie Brooks,rs SRB,GK,Wolves,eng Premier League,22-219,2003,0,,,,,0,,0,0,,1,,,,,,,Matches
479,David Brooks,wls WAL,MF,Bournemouth,eng Premier League,28-318,1997,31,1204,39,36.2,13.4,13,67,0,18,19,1,1.52,21,20,+1,+0.07,-0.05,Matches
480,Nathaniel Brown,de GER,"MF,DF",Eintracht Frankfurt,de Bundesliga,22-340,2003,33,2656,80,86.8,29.5,29,86,23,4,41,0,1.33,52,55,-3,-0.10,+0.12,Matches
481,Brugui,es ESP,"MF,FW",Levante,es La Liga,29-199,1996,19,1005,53,30.2,11.2,10,74,2,9,29,1,0.95,12,20,-8,-0.72,-0.52,Matches
482,Paris Brunner,de GER,FW,Monaco,fr Ligue 1,20-096,2006,7,132,19,4.3,1.5,1,45,0,6,15,10,1.71,3,3,0,0.00,-0.18,Matches
483,Jacob Bruun Larsen,dk DEN,"MF,FW",Burnley,eng Premier League,27-245,1998,27,1024,38,30.8,11.4,10,67,0,17,21,4,0.59,12,29,-17,-1.49,-0.71,Matches
484,Tajon Buchanan,ca CAN,MF,Villarreal,es La Liga,27-103,1999,34,1819,54,54.6,20.2,21,72,5,13,24,1,1.76,35,18,+17,+0.84,+0.54,Matches
485,Ante Budimir,hr CRO,FW,Osasuna,es La Liga,34-304,1991,36,2848,79,85.5,31.6,34,82,17,2,22,0,1.17,34,37,-3,-0.09,+0.28,Matches
486,Emi Buendía,ar ARG,MF,Aston Villa,eng Premier League,29-148,1996,35,1665,48,50.0,18.5,20,67,2,15,22,1,1.74,19,23,-4,-0.22,-0.76,Matches
487,Hugo Bueno,es ESP,"MF,DF",Wolves,eng Premier League,23-246,2002,34,2349,69,70.5,26.1,26,84,17,8,21,0,0.56,20,44,-24,-0.92,+0.64,Matches
488,Manu Bueno,es ESP,MF,Sevilla,es La Liga,21-299,2004,8,272,34,8.2,3.0,2,67,0,6,23,22,1.88,5,2,+3,+0.99,+1.46,Matches
489,Santiago Bueno,uy URU,DF,Wolves,eng Premier League,27-194,1998,28,2463,88,74.0,27.4,27,90,26,1,35,8,0.64,22,46,-24,-0.88,+0.89,Matches
490,Louis Buffon,cz CZE,FW,Pisa,it Serie A,18-145,2007,4,32,8,1.0,0.4,0,,0,4,8,16,0.00,0,1,-1,-2.81,-1.64,Matches
491,Endika Buján,es ESP,FW,Athletic Club,es La Liga,23-126,2003,0,,,,,0,,0,0,,2,,,,,,,Matches
492,Adam Buksa,pl POL,FW,Udinese,it Serie A,29-314,1996,24,890,37,26.7,9.9,6,75,1,18,25,2,1.29,11,14,-3,-0.30,-0.34,Matches
493,Andrija Bulatović,me MNE,MF,Lens,fr Ligue 1,19-146,2006,19,762,40,24.9,8.5,6,89,4,13,17,13,2.05,21,8,+13,+1.54,+0.83,Matches
494,Marius Bülter,de GER,"FW,MF",Köln,de Bundesliga,33-054,1993,32,1597,50,52.2,17.7,18,74,7,14,19,0,0.91,30,29,+1,+0.06,+0.98,Matches
495,Facundo Buonanotte,ar ARG,MF,Leeds United,eng Premier League,21-150,2004,2,26,13,0.8,0.3,0,,0,2,13,5,0.50,0,1,-1,-3.46,-3.38,Matches
496,Facundo Buonanotte,ar ARG,MF,Chelsea,eng Premier League,21-150,2004,1,45,45,1.4,0.5,1,45,0,0,,4,1.00,0,1,-1,-2.00,-2.22,Matches
497,Alessandro Buongiorno,it ITA,DF,Napoli,it Serie A,26-350,1999,33,2521,76,75.7,28.0,28,86,22,5,21,2,2.00,42,29,+13,+0.46,-0.43,Matches
498,Livan Burcu,tr TUR,"MF,FW",Union Berlin,de Bundesliga,21-236,2004,18,651,36,21.3,7.2,6,68,0,12,20,7,0.94,11,12,-1,-0.14,+0.35,Matches
499,Jan Bürger,de GER,"MF,DF",Wolfsburg,de Bundesliga,19-073,2007,7,247,35,8.1,2.7,2,59,0,5,26,8,0.57,3,6,-3,-1.09,-0.42,Matches
500,Wouter Burger,nl NED,MF,Hoffenheim,de Bundesliga,25-095,2001,30,2430,81,79.4,27.0,30,81,18,0,,0,1.90,52,35,+17,+0.63,+1.20,Matches
501,Jonathan Burkardt,de GER,FW,Eintracht Frankfurt,de Bundesliga,25-315,2000,22,1336,61,43.7,14.8,15,80,4,7,20,0,1.36,34,16,+18,+1.21,+2.36,Matches
502,Oliver Burke,sct SCO,"FW,MF",Union Berlin,de Bundesliga,29-045,1997,29,1664,57,54.4,18.5,21,74,4,8,14,4,1.00,23,32,-9,-0.49,-0.16,Matches
503,Vincent Burlet,be BEL,DF,Lille,fr Ligue 1,20-241,2005,1,19,19,0.6,0.2,0,,0,1,19,2,1.00,0,1,-1,-4.74,-5.21,Matches
504,Dan Burn,eng ENG,DF,Newcastle United,eng Premier League,34-013,1992,28,2116,76,63.5,23.5,24,86,21,4,13,2,1.25,32,32,0,0.00,0.00,Matches
505,Bradley Burrowes,eng ENG,MF,Aston Villa,eng Premier League,18-079,2008,1,17,17,0.5,0.2,0,,0,1,17,2,0.00,0,1,-1,-5.29,-5.48,Matches
506,Marnon Busch,de GER,"DF,MF",Heidenheim,de Bundesliga,31-165,1994,29,1915,66,62.6,21.3,20,85,13,9,25,2,0.76,26,43,-17,-0.80,+0.30,Matches
507,Pablo Busto,es ESP,DF,Real Betis,es La Liga,20-249,2005,0,,,,,0,,0,0,,1,,,,,,,Matches
508,Aurélio Buta,pt POR,DF,Eintracht Frankfurt,de Bundesliga,29-101,1997,4,144,36,4.7,1.6,1,90,1,3,18,8,1.75,0,8,-8,-5.00,-5.12,Matches
509,Jean Butez,fr FRA,GK,Como,it Serie A,30-348,1995,37,3330,90,100.0,37.0,37,90,37,0,,0,1.84,61,28,+33,+0.89,,Matches
510,Jun'ai Byfield,eng ENG,DF,Tottenham Hotspur,eng Premier League,17-167,2008,1,1,1,0.0,0.0,0,,0,1,1,5,1.00,0,0,0,0.00,+0.27,Matches
511,Sam Byram,eng ENG,"DF,MF",Leeds United,eng Premier League,32-248,1993,2,9,5,0.3,0.1,0,,0,2,5,15,1.50,1,1,0,0.00,+0.11,Matches
512,William Bøving,dk DEN,MF,Mainz 05,de Bundesliga,23-082,2003,9,223,25,7.3,2.5,2,77,1,7,10,18,0.67,4,6,-2,-0.81,-0.59,Matches
513,Pau Cabanes,es ESP,FW,Villarreal,es La Liga,21-094,2005,0,,,,,0,,0,0,,2,,,,,,,Matches
514,Rémy Cabella,fr FRA,"MF,FW",Nantes,fr Ligue 1,36-075,1990,11,572,52,19.3,6.4,6,82,4,5,16,4,0.58,8,14,-6,-0.94,-0.31,Matches
515,Jorge Cabello,es ESP,DF,Levante,es La Liga,22-027,2004,5,362,72,10.9,4.0,4,79,2,1,45,10,0.00,3,9,-6,-1.49,-1.28,Matches
516,Pape Cabral,fr FRA,MF,Monaco,fr Ligue 1,19-122,2007,4,77,19,2.5,0.9,0,,0,4,19,7,1.50,3,2,+1,+1.17,+1.02,Matches
517,Leandro Cabrera,uy URU,DF,Espanyol,es La Liga,34-339,1991,36,3240,90,97.3,36.0,36,90,36,0,,0,1.22,42,54,-12,-0.33,-0.33,Matches
518,Anthony Caci,fr FRA,MF,Mainz 05,de Bundesliga,28-325,1997,10,519,52,17.0,5.8,6,76,1,4,16,0,1.10,6,7,-1,-0.17,+0.11,Matches
519,Noah Cadiou,gp GLP,MF,Lorient,fr Ligue 1,27-208,1998,28,1879,67,61.4,20.9,20,86,17,8,20,4,1.43,31,33,-2,-0.10,-0.02,Matches
520,Mathieu Cafaro,fr FRA,FW,Paris FC,fr Ligue 1,29-058,1997,10,152,15,5.0,1.7,1,59,0,9,10,12,0.90,4,3,+1,+0.59,+0.72,Matches
521,Moisés Caicedo,ec ECU,MF,Chelsea,eng Premier League,24-201,2001,32,2711,85,81.4,30.1,31,86,26,1,45,1,1.38,50,44,+6,+0.20,+0.05,Matches
522,Tom Cairney,sct SCO,MF,Fulham,eng Premier League,35-122,1991,23,744,32,22.3,8.3,6,71,0,17,19,12,1.39,12,10,+2,+0.24,+0.52,Matches
523,Arturo Calabresi,it ITA,DF,Pisa,it Serie A,30-066,1996,25,1438,58,43.2,16.0,16,74,3,9,28,11,0.64,14,28,-14,-0.88,+0.55,Matches
524,Riccardo Calafiori,it ITA,DF,Arsenal,eng Premier League,24-003,2002,25,1654,66,49.7,18.4,21,76,7,4,14,2,2.36,31,8,+23,+1.25,+0.18,Matches
525,Miguel Calatayud,es ESP,DF,Mallorca,es La Liga,20-026,2006,2,43,22,1.3,0.5,0,,0,2,22,1,0.50,0,1,-1,-2.09,-1.76,Matches
526,Calebe,br BRA,MF,Alavés,es La Liga,26-022,2000,19,752,40,22.6,8.4,13,52,0,6,13,17,1.21,8,8,0,0.00,+0.38,Matches
527,Fernando Calero,es ESP,DF,Espanyol,es La Liga,30-250,1995,27,2058,76,61.8,22.9,23,85,17,4,26,6,1.30,19,32,-13,-0.57,-0.64,Matches
528,Duje Ćaleta-Car,hr CRO,DF,Real Sociedad,es La Liga,29-247,1996,27,2150,80,64.6,23.9,24,86,21,3,27,8,1.30,35,33,+2,+0.08,+0.39,Matches
529,Hakan Çalhanoğlu,tr TUR,MF,Inter,it Serie A,32-103,1994,22,1639,75,49.2,18.2,20,79,7,2,35,5,2.27,43,16,+27,+1.48,+0.05,Matches
530,Alessandro Calligaris,it ITA,GK,Inter,it Serie A,21-076,2005,0,,,,,0,,0,0,,8,,,,,,,Matches
531,Dominic Calvert-Lewin,eng ENG,FW,Leeds United,eng Premier League,29-067,1997,34,2653,78,79.7,29.5,29,87,17,5,25,0,1.26,42,33,+9,+0.31,+2.03,Matches
532,Dani Calvo,es ESP,DF,Oviedo,es La Liga,32-051,1994,19,1521,80,45.7,16.9,16,90,16,3,27,17,1.00,9,21,-12,-0.71,+0.24,Matches
533,Abdoulaye Camara,fr FRA,MF,Udinese,it Serie A,17-236,2008,1,12,12,0.4,0.1,0,,0,1,12,27,0.00,0,0,0,0.00,+0.05,Matches
534,Adama Camara,fr FRA,"MF,DF",Paris FC,fr Ligue 1,29-216,1996,29,2159,74,70.6,24.0,26,80,9,3,24,4,1.38,27,34,-7,-0.29,-0.69,Matches
535,Amady Camara,ml MLI,FW,Nantes,fr Ligue 1,20-359,2005,10,171,17,5.8,1.9,1,45,0,9,14,7,0.60,4,5,-1,-0.53,+0.18,Matches
536,Dawda Camara,mr MTN,FW,Girona,es La Liga,23-199,2002,2,72,36,2.2,0.8,1,45,0,1,27,0,0.00,0,4,-4,-5.00,-4.67,Matches
537,Fodé Camara,fr FRA,DF,Marseille,fr Ligue 1,18-340,2007,0,,,,,0,,0,0,,1,,,,,,,Matches
538,Gibert Cámara,es ESP,DF,Girona,es La Liga,19-085,2007,0,,,,,0,,0,0,,16,,,,,,,Matches
539,Henry Camara,gn GUI,FW,Atalanta,it Serie A,20-016,2006,0,,,,,0,,0,0,,1,,,,,,,Matches
540,Lamine Camara,sn SEN,MF,Monaco,fr Ligue 1,22-141,2004,24,1847,77,60.4,20.5,22,82,15,2,17,0,1.88,40,27,+13,+0.63,+1.15,Matches
541,Mahdi Camara,fr FRA,MF,Rennes,fr Ligue 1,27-326,1998,32,2653,83,86.7,29.5,31,85,23,1,27,0,1.72,54,41,+13,+0.44,+1.33,Matches
542,Ousmane Camara,ml MLI,DF,Angers,fr Ligue 1,23-077,2003,32,2718,85,88.8,30.2,31,87,29,1,18,1,1.13,28,38,-10,-0.33,+2.04,Matches
543,Francesco Camarda,it ITA,FW,Lecce,it Serie A,18-073,2008,21,687,33,20.6,7.6,7,62,0,14,18,1,1.00,5,10,-5,-0.66,-0.04,Matches
544,Eduardo Camavinga,fr FRA,MF,Real Madrid,es La Liga,23-193,2002,29,1528,53,45.9,17.0,16,77,7,13,23,1,2.24,34,16,+18,+1.06,-0.04,Matches
545,Nicolò Cambiaghi,it ITA,"MF,FW",Bologna,it Serie A,25-145,2000,28,1518,54,45.6,16.9,17,74,5,11,24,3,1.36,20,19,+1,+0.06,-0.04,Matches
546,Andrea Cambiaso,it ITA,"MF,DF",Juventus,it Serie A,26-091,2000,35,2707,77,81.3,30.1,34,78,8,1,45,0,1.77,43,25,+18,+0.60,-0.70,Matches
547,Axel Camblan,fr FRA,FW,Brest,fr Ligue 1,22-265,2003,1,12,12,0.4,0.1,0,,0,1,12,2,0.00,0,0,0,0.00,+0.35,Matches
548,Sergio Camello,es ESP,"FW,MF",Rayo Vallecano,es La Liga,25-101,2001,21,770,37,23.1,8.6,8,69,1,13,17,10,0.91,8,14,-6,-0.70,-0.77,Matches
549,Cole Campbell,us USA,FW,Hoffenheim,de Bundesliga,20-091,2006,5,79,16,2.6,0.9,0,,0,5,16,6,1.20,0,3,-3,-3.42,-3.90,Matches
550,Cole Campbell,us USA,FW,Dortmund,de Bundesliga,20-091,2006,1,17,17,0.6,0.2,0,,0,1,17,4,3.00,0,0,0,0.00,-1.06,Matches
551,Elijah Campbell,eng ENG,DF,Everton,eng Premier League,21-293,2004,0,,,,,0,,0,0,,11,,,,,,,Matches
552,Emre Can,de GER,DF,Dortmund,de Bundesliga,32-130,1994,9,621,69,20.3,6.9,7,80,4,2,30,3,1.78,16,8,+8,+1.16,+0.13,Matches
553,Matteo Cancellieri,it ITA,"FW,MF",Lazio,it Serie A,24-099,2002,29,1655,57,49.7,18.4,20,72,7,9,24,1,1.31,22,21,+1,+0.05,+0.11,Matches
554,João Cancelo,pt POR,DF,Barcelona,es La Liga,31-360,1994,15,946,63,28.4,10.5,11,79,7,4,20,3,2.60,27,5,+22,+2.09,+0.62,Matches
555,Fali Candé,gw GNB,DF,Sassuolo,it Serie A,28-118,1998,12,509,42,15.3,5.7,5,72,1,7,22,6,0.92,9,6,+3,+0.53,+0.72,Matches
556,Simone Canestrelli,it ITA,DF,Pisa,it Serie A,25-253,2000,36,3111,86,93.4,34.6,35,88,33,1,21,1,0.50,24,63,-39,-1.13,+0.93,Matches
557,Jaydee Canvot,fr FRA,"MF,DF",Toulouse,fr Ligue 1,19-297,2006,2,180,90,6.1,2.0,2,90,2,0,,0,3.00,3,0,+3,+1.50,+1.56,Matches
558,Jaydee Canvot,fr FRA,DF,Crystal Palace,eng Premier League,19-297,2006,20,1336,67,40.1,14.8,14,87,12,6,19,13,1.40,13,23,-10,-0.67,-0.72,Matches
559,Nicolás Capaldo,ar ARG,"DF,MF",Hamburger SV,de Bundesliga,27-250,1998,26,2001,77,65.4,22.2,24,82,12,2,14,1,1.04,27,34,-7,-0.31,+0.28,Matches
560,Pierrick Capelle,fr FRA,MF,Angers,fr Ligue 1,39-037,1987,16,651,41,21.3,7.2,6,72,0,10,22,17,0.81,6,10,-4,-0.55,+0.01,Matches
561,Elia Caprile,it ITA,GK,Cagliari,it Serie A,24-270,2001,37,3330,90,100.0,37.0,37,90,37,0,,0,1.08,38,52,-14,-0.38,,Matches
562,Maxence Caqueret,fr FRA,MF,Como,it Serie A,26-096,2000,29,1458,50,43.8,16.2,17,67,1,12,27,8,1.86,29,10,+19,+1.17,+0.50,Matches
563,Antonio Caracciolo,it ITA,DF,Pisa,it Serie A,35-326,1990,35,3073,88,92.3,34.1,34,90,31,1,29,1,0.49,21,60,-39,-1.14,+0.61,Matches
564,Tomás Carbonell,es ESP,MF,Real Sociedad,es La Liga,21-088,2005,0,,,,,0,,0,0,,1,,,,,,,Matches
565,Franco Carboni,it ITA,MF,Parma,it Serie A,23-048,2003,6,99,17,3.0,1.1,1,70,0,5,6,9,0.83,2,3,-1,-0.91,-0.41,Matches
566,Valentin Carboni,ar ARG,MF,Genoa,it Serie A,21-078,2005,12,359,30,10.8,4.0,3,66,0,9,18,6,0.67,2,4,-2,-0.50,-0.29,Matches
567,Dani Cárdenas,es ESP,GK,Rayo Vallecano,es La Liga,29-055,1997,3,270,90,8.1,3.0,3,90,3,0,,31,1.33,4,6,-2,-0.67,-0.61,Matches
568,Álex Cardero,es ESP,MF,Oviedo,es La Liga,22-270,2003,0,,,,,0,,0,0,,1,,,,,,,Matches
569,Alessandro Cardinali,it ITA,FW,Parma,it Serie A,20-081,2006,0,,,,,0,,0,0,,7,,,,,,,Matches
570,Rio Cardines,tt TRI,MF,Crystal Palace,eng Premier League,19-325,2006,0,,,,,0,,0,0,,12,,,,,,,Matches
571,Sergi Cardona,es ESP,DF,Villarreal,es La Liga,26-318,1999,30,1946,65,58.4,21.6,20,87,16,10,21,7,1.90,34,26,+8,+0.37,-0.54,Matches
572,Fábio Cardoso,pt POR,DF,Sevilla,es La Liga,32-033,1994,4,295,74,8.9,3.3,4,74,1,0,,23,1.50,6,5,+1,+0.31,+0.72,Matches
573,Johnny Cardoso,us USA,MF,Atlético Madrid,es La Liga,24-244,2001,15,887,59,26.6,9.9,12,66,3,3,31,9,1.47,15,13,+2,+0.20,-0.53,Matches
574,Tiago Cardoso,lu LUX,GK,Gladbach,de Bundesliga,20-045,2006,0,,,,,0,,0,0,,6,,,,,,,Matches
575,Maycon Cardozo,br BRA,MF,Bayern Munich,de Bundesliga,17-224,2008,2,34,17,1.1,0.4,0,,0,2,17,2,3.00,1,1,0,0.00,-2.56,Matches
576,Igor Carioca,br BRA,DF,Lorient,fr Ligue 1,29-274,1996,17,1213,71,39.6,13.5,13,89,11,4,15,12,1.53,23,24,-1,-0.07,+0.02,Matches
577,Patrik Carlgren,se SWE,GK,Nantes,fr Ligue 1,34-134,1992,3,182,61,6.1,2.0,2,90,2,1,2,31,1.33,4,1,+3,+1.48,+2.32,Matches
578,Diego Carlos,br BRA,DF,Como,it Serie A,33-068,1993,27,1949,72,58.5,21.7,21,83,16,6,35,7,2.00,33,15,+18,+0.83,-0.15,Matches
579,Juan Carlos,es ESP,GK,Girona,es La Liga,38-122,1988,0,,,,,0,,0,0,,2,,,,,,,Matches
580,Kevin Carlos,es ESP,FW,Nice,fr Ligue 1,25-042,2001,23,880,38,28.8,9.8,9,66,2,14,20,6,0.91,13,16,-3,-0.31,+0.52,Matches
581,David Carmo,ao ANG,DF,Oviedo,es La Liga,26-307,1999,22,1786,81,53.6,19.8,20,87,17,2,25,9,0.59,14,35,-21,-1.06,-0.48,Matches
582,Carmona,es ESP,"DF,MF",Sevilla,es La Liga,24-113,2002,34,2475,73,74.3,27.5,28,81,20,6,33,1,1.15,32,46,-14,-0.51,-0.61,Matches
583,Marco Carnesecchi,it ITA,GK,Atalanta,it Serie A,25-325,2000,37,3330,90,100.0,37.0,37,90,37,0,,0,1.57,50,35,+15,+0.41,,Matches
584,Sergio Carreira,es ESP,MF,Celta Vigo,es La Liga,25-221,2000,33,2604,79,78.2,28.9,28,89,25,5,23,3,1.42,41,40,+1,+0.03,-0.34,Matches
585,Gorka Carrera,es ESP,FW,Real Sociedad,es La Liga,21-007,2005,3,62,21,1.9,0.7,0,,0,3,21,1,0.67,3,2,+1,+1.45,+1.53,Matches
586,Álvaro Carreras,es ESP,DF,Real Madrid,es La Liga,23-060,2003,27,2242,83,67.3,24.9,25,89,22,2,3,5,2.22,52,21,+31,+1.24,+0.50,Matches
587,Theodore Carroll,eng ENG,MF,Aston Villa,eng Premier League,19-061,2007,0,,,,,0,,0,0,,1,,,,,,,Matches
588,Dani Carvajal,es ESP,DF,Real Madrid,es La Liga,34-131,1992,16,894,56,26.8,9.9,9,79,4,7,26,9,2.31,17,9,+8,+0.81,-0.38,Matches
589,Fabio Carvalho,pt POR,MF,Brentford,eng Premier League,23-265,2002,6,102,17,3.1,1.1,1,90,1,5,2,4,0.17,2,4,-2,-1.76,-1.90,Matches
590,Cesare Casadei,it ITA,MF,Torino,it Serie A,23-132,2003,32,1952,61,58.6,21.7,19,84,15,13,27,4,1.19,26,35,-9,-0.41,+0.24,Matches
591,Marc Casado,es ESP,MF,Barcelona,es La Liga,22-250,2003,23,981,43,29.5,10.9,10,76,5,13,17,14,2.74,25,9,+16,+1.47,-0.26,Matches
592,Nicolò Casale,it ITA,DF,Bologna,it Serie A,28-097,1998,12,678,57,20.4,7.5,8,72,5,4,25,15,1.25,10,13,-3,-0.40,-0.60,Matches
593,Casemiro,br BRA,MF,Manchester Utd,eng Premier League,34-088,1992,34,2571,76,77.2,28.6,33,78,13,1,11,0,1.97,55,31,+24,+0.84,+1.79,Matches
594,Gabriele Casentini,it ITA,GK,Parma,it Serie A,19-069,2007,0,,,,,0,,0,0,,7,,,,,,,Matches
595,Ben Casey,eng ENG,FW,Crystal Palace,eng Premier League,18-173,2007,0,,,,,0,,0,0,,2,,,,,,,Matches
596,Matty Cash,pl POL,DF,Aston Villa,eng Premier League,28-288,1997,34,2969,87,89.2,33.0,34,87,26,0,,0,1.74,49,38,+11,+0.33,+1.58,Matches
597,Josué Casimir,ht HAI,"MF,FW",Auxerre,fr Ligue 1,24-240,2001,31,1522,49,49.7,16.9,16,76,4,15,21,1,0.97,13,25,-12,-0.71,-0.83,Matches
598,Riccardo Cassano,it ITA,MF,Como,it Serie A,17-065,2009,0,,,,,0,,0,0,,1,,,,,,,Matches
599,Cristian Cásseres Jr.,ve VEN,MF,Toulouse,fr Ligue 1,26-122,2000,30,2495,83,84.0,27.7,28,87,22,2,32,0,1.23,35,38,-3,-0.11,-0.87,Matches
600,Marco Cassin,it ITA,GK,Cremonese,it Serie A,18-045,2008,0,,,,,0,,0,0,,1,,,,,,,Matches
601,Timothy Castagne,be BEL,"DF,MF",Fulham,eng Premier League,30-168,1995,29,1755,61,52.7,19.5,19,86,15,10,12,8,1.14,23,32,-9,-0.46,-0.63,Matches
602,Michele Castagnetti,it ITA,MF,Cremonese,it Serie A,36-146,1989,0,,,,,0,,0,0,,1,,,,,,,Matches
603,Mirko Castagnini,it ITA,GK,Hellas Verona,it Serie A,18-363,2007,0,,,,,0,,0,0,,4,,,,,,,Matches
604,Francesco Castaldo,it ITA,FW,Bologna,it Serie A,19-024,2007,0,,,,,0,,0,0,,4,,,,,,,Matches
605,Lluc Castell,es ESP,FW,Espanyol,es La Liga,19-245,2006,0,,,,,0,,0,0,,6,,,,,,,Matches
606,Valentín Castellanos,ar ARG,FW,Lazio,it Serie A,27-231,1998,11,692,63,20.8,7.7,8,77,3,3,25,0,1.18,11,7,+4,+0.52,+0.66,Matches
607,Valentín Castellanos,ar ARG,FW,West Ham United,eng Premier League,27-231,1998,17,1297,76,38.9,14.4,16,77,3,1,65,0,1.29,19,16,+3,+0.21,+1.31,Matches
608,Alex Castiello,it ITA,FW,Milan,it Serie A,19-098,2007,0,,,,,0,,0,0,,5,,,,,,,Matches
609,Castrin,es ESP,DF,Sevilla,es La Liga,23-141,2003,19,1277,67,38.3,14.2,13,86,11,6,27,13,1.21,20,16,+4,+0.28,+1.03,Matches
610,Jonny Castro,es ESP,DF,Alavés,es La Liga,32-080,1994,34,2994,88,89.9,33.3,34,88,30,0,,2,1.06,39,52,-13,-0.39,-0.93,Matches
611,Santiago Castro,ar ARG,FW,Bologna,it Serie A,21-246,2004,34,2269,67,68.1,25.2,25,79,10,9,31,3,1.44,31,31,0,0.00,-0.25,Matches
612,Alessio Castro-Montes,be BEL,"MF,DF",Köln,de Bundesliga,29-005,1997,14,672,48,22.0,7.5,7,74,2,7,22,9,1.00,15,15,0,0.00,+0.53,Matches
613,Danilo Cataldi,it ITA,MF,Lazio,it Serie A,31-289,1994,27,1985,74,59.6,22.1,24,77,13,3,42,3,1.37,24,26,-2,-0.09,-0.22,Matches
614,Catena,es ESP,DF,Osasuna,es La Liga,31-206,1994,34,2981,88,89.5,33.1,34,88,31,0,,0,1.12,37,44,-7,-0.21,-0.73,Matches
615,Nikola Čavlina,hr CRO,GK,Como,it Serie A,23-354,2002,0,,,,,0,,0,0,,32,,,,,,,Matches
616,Nicolò Cavuoti,it ITA,MF,Cagliari,it Serie A,23-048,2003,4,44,11,1.3,0.5,0,,0,4,11,17,1.25,0,1,-1,-2.05,-1.69,Matches
617,Santi Cazorla,es ESP,MF,Oviedo,es La Liga,41-160,1984,27,878,33,26.4,9.8,5,75,1,22,23,4,0.70,4,15,-11,-1.13,-0.39,Matches
618,Dani Ceballos,es ESP,MF,Real Madrid,es La Liga,29-288,1996,15,469,31,14.1,5.2,4,67,0,11,18,11,2.53,13,5,+8,+1.54,+0.53,Matches
619,Federico Ceccherini,it ITA,DF,Cremonese,it Serie A,34-011,1992,9,476,53,14.3,5.3,6,67,1,3,25,25,0.67,1,13,-12,-2.27,-1.95,Matches
620,Abdoulie Ceesay,gm GAM,FW,St Pauli,de Bundesliga,22-137,2004,20,336,17,11.0,3.7,0,,0,20,17,11,0.35,7,9,-2,-0.54,+0.42,Matches
621,Alin Čelik,si SVN,DF,Genoa,it Serie A,19-089,2007,0,,,,,0,,0,0,,4,,,,,,,Matches
622,Nidal Celik,ba BIH,DF,Lens,fr Ligue 1,19-309,2006,8,616,77,20.1,6.8,8,77,5,0,,4,1.63,20,9,+11,+1.61,+0.87,Matches
623,Zeki Çelik,tr TUR,"MF,DF",Roma,it Serie A,29-094,1997,33,2633,80,79.1,29.3,31,84,20,2,11,1,1.76,48,27,+21,+0.72,+0.07,Matches
624,Fabien Centonze,fr FRA,"MF,DF",Nantes,fr Ligue 1,30-126,1996,15,736,49,24.8,8.2,9,77,5,6,8,2,0.80,7,13,-6,-0.73,-0.05,Matches
625,Lucas Cepeda,cl CHI,MF,Elche,es La Liga,23-203,2002,10,402,40,12.1,4.5,4,76,1,6,16,6,1.10,5,8,-3,-0.67,-0.52,Matches
626,Václav Černý,cz CZE,"FW,MF",Wolfsburg,de Bundesliga,28-217,1997,2,47,24,1.5,0.5,0,,0,2,24,0,2.00,0,1,-1,-1.91,-1.23,Matches
627,Alberto Cerri,it ITA,FW,Como,it Serie A,30-036,1996,0,,,,,0,,0,0,,19,,,,,,,Matches
628,Dani Cervera,es ESP,MF,Levante,es La Liga,23-068,2003,0,,,,,0,,0,0,,1,,,,,,,Matches
629,Franco Cervi,ar ARG,"FW,MF",Celta Vigo,es La Liga,31-361,1994,0,,,,,0,,0,0,,9,,,,,,,Matches
630,Jorge Cestero,es ESP,MF,Real Madrid,es La Liga,20-059,2006,2,13,7,0.4,0.1,0,,0,2,7,8,3.00,0,0,0,0.00,-1.09,Matches
631,Julian Chabot,de GER,DF,Stuttgart,de Bundesliga,28-099,1998,27,2294,85,75.0,25.5,26,88,23,1,16,5,1.81,55,37,+18,+0.71,+0.24,Matches
632,El Chadaille Bitshiabu,fr FRA,DF,RB Leipzig,de Bundesliga,21-006,2005,11,655,60,21.4,7.3,8,79,5,3,9,19,1.73,13,11,+2,+0.27,-0.36,Matches
633,Rhys Chadwick-Chaplin,eng ENG,MF,Leeds United,eng Premier League,19-092,2007,0,,,,,0,,0,0,,2,,,,,,,Matches
634,Fares Chaïbi,dz ALG,MF,Eintracht Frankfurt,de Bundesliga,23-175,2002,28,1792,64,58.6,19.9,21,77,8,7,26,2,1.36,40,38,+2,+0.10,+0.53,Matches
635,Ilyas Chaira,ma MAR,"MF,FW",Oviedo,es La Liga,25-109,2001,35,2357,67,70.8,26.2,29,75,9,6,30,0,0.83,22,36,-14,-0.53,+1.04,Matches
636,Trevoh Chalobah,eng ENG,DF,Chelsea,eng Premier League,26-321,1999,33,2757,84,82.8,30.6,31,88,29,2,14,1,1.45,52,37,+15,+0.49,+1.75,Matches
637,Fallou Cham,gm GAM,MF,Hellas Verona,it Serie A,20-097,2006,6,228,38,6.8,2.5,3,62,0,3,14,29,0.50,1,6,-5,-1.97,-1.13,Matches
638,Samuel Chambers,eng ENG,MF,Leeds United,eng Premier League,18-277,2007,0,,,,,0,,0,0,,1,,,,,,,Matches
639,Timothy Chandler,us USA,"DF,MF",Eintracht Frankfurt,de Bundesliga,36-054,1990,1,11,11,0.4,0.1,0,,0,1,11,5,1.00,1,0,+1,+8.18,+8.33,Matches
640,Brendan Chardonnet,fr FRA,DF,Brest,fr Ligue 1,31-151,1994,29,2546,88,83.2,28.3,29,88,27,0,,2,1.34,39,43,-4,-0.14,+1.26,Matches
641,Charlys,br BRA,MF,Hellas Verona,it Serie A,22-092,2004,0,,,,,0,,0,0,,1,,,,,,,Matches
642,Raúl Chasco,es ESP,DF,Osasuna,es La Liga,22-251,2003,0,,,,,0,,0,0,,4,,,,,,,Matches
643,Pep Chavarría,es ESP,DF,Rayo Vallecano,es La Liga,28-042,1998,33,2682,81,80.5,29.8,29,89,26,4,23,3,1.24,31,34,-3,-0.10,+0.04,Matches
644,Arthur Chaves,br BRA,DF,Hoffenheim,de Bundesliga,25-113,2001,4,240,60,7.8,2.7,2,90,2,2,30,7,1.75,4,4,0,0.00,-0.41,Matches
645,Arthur Chaves,br BRA,DF,Augsburg,de Bundesliga,25-113,2001,11,829,75,27.1,9.2,9,84,7,2,35,3,1.36,13,15,-2,-0.22,+0.35,Matches
646,Felipe Chávez,pe PER,MF,Bayern Munich,de Bundesliga,19-042,2007,2,14,7,0.5,0.2,0,,0,2,7,3,1.50,1,0,+1,+6.43,+3.92,Matches
647,Felipe Chávez,pe PER,MF,Köln,de Bundesliga,19-042,2007,7,102,15,3.3,1.1,0,,0,7,15,6,0.57,3,3,0,0.00,+0.43,Matches
648,Jhoanner Chávez,ec ECU,"DF,MF",Lens,fr Ligue 1,24-027,2002,0,,,,,0,,0,0,,3,,,,,,,Matches
649,Walid Cheddira,ma MAR,FW,Napoli,it Serie A,28-120,1998,0,,,,,0,,0,0,,2,,,,,,,Matches
650,Walid Cheddira,ma MAR,FW,Sassuolo,it Serie A,28-120,1998,16,221,14,6.6,2.5,1,62,0,15,11,3,1.38,2,4,-2,-0.81,-0.79,Matches
651,Walid Cheddira,ma MAR,FW,Lecce,it Serie A,28-120,1998,16,921,58,27.7,10.2,10,75,2,6,29,0,1.13,8,16,-8,-0.78,-0.22,Matches
652,Cheli,es ESP,MF,Oviedo,es La Liga,20-321,2005,0,,,,,0,,0,0,,2,,,,,,,Matches
653,Chema,es ESP,MF,Stuttgart,de Bundesliga,21-027,2005,25,1310,52,42.8,14.6,14,85,8,11,10,9,1.88,32,24,+8,+0.55,-0.17,Matches
654,Samir Chergui,dz ALG,DF,Paris FC,fr Ligue 1,27-105,1999,15,1154,77,37.7,12.8,13,87,11,2,12,3,1.33,21,23,-2,-0.16,-0.11,Matches
655,Sidiki Cherif,fr FRA,"FW,MF",Angers,fr Ligue 1,19-158,2006,19,1157,61,37.8,12.9,14,70,2,5,36,0,1.21,13,16,-3,-0.23,+0.52,Matches
656,Rayan Cherki,fr FRA,MF,Manchester City,eng Premier League,22-278,2003,32,1753,55,52.6,19.5,19,77,5,13,22,1,2.13,40,18,+22,+1.13,-0.07,Matches
657,Youssef Chermiti,pt POR,FW,Everton,eng Premier League,21-363,2004,0,,,,,0,,0,0,,2,,,,,,,Matches
658,Lucas Chevalier,fr FRA,GK,Paris Saint-Germain,fr Ligue 1,24-197,2001,17,1530,90,50.0,17.0,17,90,17,0,,12,2.29,33,13,+20,+1.18,-0.29,Matches
659,Fabio Chiarodia,it ITA,DF,Gladbach,de Bundesliga,20-351,2005,15,674,45,22.0,7.5,8,72,1,7,14,6,0.80,2,13,-11,-1.47,-1.47,Matches
660,Federico Chiesa,it ITA,MF,Liverpool,eng Premier League,28-209,1997,26,339,13,10.2,3.8,1,60,0,25,11,9,1.38,15,9,+6,+1.59,+1.47,Matches
661,Ben Chilwell,eng ENG,"DF,MF",Strasbourg,fr Ligue 1,29-152,1996,20,1598,80,52.2,17.8,19,83,13,1,29,4,1.45,27,24,+3,+0.17,-0.32,Matches
662,Tawanda Chirewa,zw ZIM,MF,Wolves,eng Premier League,22-222,2003,2,27,14,0.8,0.3,0,,0,2,14,5,1.50,0,0,0,0.00,+1.12,Matches
663,Ogbonna Chizurum,ng NGA,FW,Strasbourg,fr Ligue 1,18-320,2007,0,,,,,0,,0,0,,1,,,,,,,Matches
664,Joris Chotard,fr FRA,MF,Brest,fr Ligue 1,24-240,2001,33,2773,84,90.6,30.8,31,88,25,2,18,0,1.15,39,47,-8,-0.26,+0.99,Matches
665,Andreas Christensen,dk DEN,DF,Barcelona,es La Liga,30-042,1996,12,380,32,11.4,4.2,3,90,3,9,12,5,2.58,11,6,+5,+1.18,-0.52,Matches
666,Oliver Christensen,dk DEN,GK,Fiorentina,it Serie A,27-061,1999,0,,,,,0,,0,0,,19,,,,,,,Matches
667,Ryan Christie,sct SCO,MF,Bournemouth,eng Premier League,31-089,1995,26,993,38,29.8,11.0,9,65,0,17,24,1,1.77,16,14,+2,+0.18,+0.10,Matches
668,Carney Chukwuemeka,at AUT,"MF,FW",Dortmund,de Bundesliga,22-214,2003,28,919,33,30.0,10.2,8,73,1,20,17,3,2.32,21,7,+14,+1.37,+0.45,Matches
669,Samuel Chukwueze,ng NGA,"FW,MF",Milan,it Serie A,27-000,1999,1,26,26,0.8,0.3,0,,0,1,26,1,0.00,0,0,0,0.00,-0.52,Matches
670,Samuel Chukwueze,ng NGA,MF,Fulham,eng Premier League,27-000,1999,23,1079,47,32.4,12.0,10,75,2,13,26,1,1.17,18,21,-3,-0.25,-0.13,Matches
671,Víctor Chust,es ESP,DF,Elche,es La Liga,26-078,2000,30,2076,69,62.3,23.1,21,88,15,9,26,3,1.17,29,34,-5,-0.22,0.00,Matches
672,Salvatore Cianciulli,it ITA,MF,Fiorentina,it Serie A,17-264,2008,0,,,,,0,,0,0,,1,,,,,,,Matches
673,Alessandro Ciardi,it ITA,MF,Parma,it Serie A,19-135,2007,0,,,,,0,,0,0,,2,,,,,,,Matches
674,Simone Cinquegrano,it ITA,FW,Inter,it Serie A,21-331,2004,0,,,,,0,,0,0,,4,,,,,,,Matches
675,Giuseppe Ciocci,it ITA,GK,Cagliari,it Serie A,24-118,2002,0,,,,,0,,0,0,,35,,,,,,,Matches
676,Alessandro Circati,au AUS,DF,Parma,it Serie A,22-224,2003,30,2574,86,77.3,28.6,30,86,27,0,,1,1.03,20,34,-14,-0.49,+0.11,Matches
677,Dennis Cirkin,lv LVA,DF,Sunderland,eng Premier League,24-046,2002,8,323,40,9.7,3.6,3,79,2,5,17,10,0.88,2,2,0,0.00,+0.21,Matches
678,Pathé Ciss,sn SEN,"MF,DF",Rayo Vallecano,es La Liga,32-067,1994,28,1968,70,59.1,21.9,20,88,17,8,25,0,1.25,23,24,-1,-0.05,+0.15,Matches
679,Amadou Cissé,gn GUI,DF,Strasbourg,fr Ligue 1,20-084,2006,1,90,90,2.9,1.0,1,90,1,0,,4,0.00,0,3,-3,-3.00,-3.42,Matches
680,Djaoui Cissé,fr FRA,MF,Rennes,fr Ligue 1,22-111,2004,24,981,41,32.1,10.9,12,60,0,12,22,9,1.75,18,14,+4,+0.37,+0.15,Matches
681,Mamoudou Cissokho,fr FRA,FW,Auxerre,fr Ligue 1,18-153,2007,2,2,1,0.1,0.0,0,,0,2,1,8,3.00,0,0,0,0.00,+0.29,Matches
682,Alexis Claude-Maurice,fr FRA,"MF,FW",Augsburg,de Bundesliga,27-350,1998,29,2097,72,68.5,23.3,25,80,11,4,22,1,1.28,29,43,-14,-0.60,-0.41,Matches
683,Jonathan Clauss,fr FRA,"MF,DF",Nice,fr Ligue 1,33-239,1992,30,2530,84,82.7,28.1,28,88,25,2,38,0,0.83,28,54,-26,-0.92,-1.43,Matches
684,Nathaniel Clyne,eng ENG,MF,Crystal Palace,eng Premier League,35-047,1991,9,504,56,15.1,5.6,6,69,0,3,30,24,1.11,5,10,-5,-0.89,-0.77,Matches
685,Matteo Cocchi,it ITA,DF,Inter,it Serie A,19-110,2007,0,,,,,0,,0,0,,20,,,,,,,Matches
686,Saúl Coco,gq EQG,DF,Torino,it Serie A,27-102,1999,34,2998,88,90.0,33.3,34,88,32,0,,1,1.21,37,53,-16,-0.48,+0.33,Matches
687,Andrea Cogoni,it ITA,DF,Cagliari,it Serie A,19-322,2006,0,,,,,0,,0,0,,3,,,,,,,Matches
688,Séamus Coleman,ie IRL,DF,Everton,eng Premier League,37-223,1988,4,14,4,0.4,0.2,1,9,0,3,2,19,2.25,0,1,-1,-6.43,-6.40,Matches
689,Maxime Colin,fr FRA,DF,Metz,fr Ligue 1,34-188,1991,22,1692,77,55.3,18.8,18,86,14,4,34,10,0.59,22,39,-17,-0.90,+0.87,Matches
690,Nathan Collins,ie IRL,DF,Brentford,eng Premier League,25-022,2001,34,2885,85,86.6,32.1,31,90,31,3,32,3,1.32,45,43,+2,+0.06,-0.14,Matches
691,Nnamdi Collins,de GER,DF,Eintracht Frankfurt,de Bundesliga,22-132,2004,23,1500,65,49.0,16.7,16,85,12,7,20,3,1.57,38,32,+6,+0.36,+0.94,Matches
692,Michele Collocolo,it ITA,MF,Cremonese,it Serie A,26-195,1999,7,317,45,9.5,3.5,5,61,3,2,5,4,1.71,5,4,+1,+0.28,+0.97,Matches
693,Santiago Colombatto,ar ARG,MF,Oviedo,es La Liga,29-125,1997,31,2002,65,60.1,22.2,22,82,8,9,22,4,0.77,12,33,-21,-0.94,-0.27,Matches
694,Lorenzo Colombo,it ITA,FW,Genoa,it Serie A,24-075,2002,37,2236,60,67.1,24.8,29,71,1,8,22,0,1.11,27,31,-4,-0.16,+0.25,Matches
695,Levi Colwill,eng ENG,DF,Chelsea,eng Premier League,23-085,2003,2,135,68,4.1,1.5,1,90,1,1,45,0,0.50,2,2,0,0.00,-0.20,Matches
696,Eray Cömert,ch SUI,DF,Valencia,es La Liga,28-107,1998,17,1337,79,40.2,14.9,15,86,11,2,24,15,1.35,20,21,-1,-0.07,+0.38,Matches
697,Santi Comesaña,es ESP,MF,Villarreal,es La Liga,29-229,1996,34,2407,71,72.3,26.7,28,81,14,6,25,1,1.91,55,29,+26,+0.97,+1.36,Matches
698,Pietro Comi,it ITA,DF,Atalanta,it Serie A,20-345,2005,0,,,,,0,,0,0,,1,,,,,,,Matches
699,Pietro Comuzzo,it ITA,DF,Fiorentina,it Serie A,21-091,2005,26,1606,62,48.2,17.8,17,84,10,9,20,11,1.00,20,27,-7,-0.39,-0.29,Matches
700,Francisco Conceição,pt POR,"MF,FW",Juventus,it Serie A,23-159,2002,30,2009,67,60.3,22.3,26,74,2,4,25,2,1.70,28,17,+11,+0.49,-0.60,Matches
701,Bernardo Conde,fr FRA,DF,Parma,it Serie A,19-238,2006,0,,,,,0,,0,0,,4,,,,,,,Matches
702,Diego Conde,es ESP,GK,Villarreal,es La Liga,27-206,1998,0,,,,,0,,0,0,,11,,,,,,,Matches
703,Christian Conteh,de GER,"MF,FW",Heidenheim,de Bundesliga,26-268,1999,9,404,45,13.2,4.5,4,70,1,5,25,1,0.89,5,9,-4,-0.89,+0.02,Matches
704,Sirlord Conteh,de GER,"MF,FW",Heidenheim,de Bundesliga,29-317,1996,15,625,42,20.4,6.9,3,80,1,12,32,1,0.40,11,16,-5,-0.72,+0.24,Matches
705,Nikita Contini Baranovsky,it ITA,GK,Napoli,it Serie A,30-001,1996,0,,,,,0,,0,0,,31,,,,,,,Matches
706,Lewis Cook,eng ENG,"MF,DF",Bournemouth,eng Premier League,29-108,1997,17,873,51,26.2,9.7,8,90,8,9,17,1,1.41,15,18,-3,-0.31,-0.57,Matches
707,Copete,es ESP,DF,Valencia,es La Liga,26-224,1999,21,1759,84,52.8,19.5,19,88,15,2,47,3,0.90,17,32,-15,-0.77,-1.00,Matches
708,Diego Coppola,it ITA,DF,Paris FC,fr Ligue 1,22-145,2003,13,1170,90,38.2,13.0,13,90,13,0,,2,1.69,21,16,+5,+0.38,+0.77,Matches
709,Diego Coppola,it ITA,DF,Brighton,eng Premier League,22-145,2003,5,194,39,5.8,2.2,2,88,1,3,6,17,1.60,1,3,-2,-0.93,-1.24,Matches
710,Francesco Coppola,it ITA,DF,Pisa,it Serie A,21-041,2005,7,458,65,13.8,5.1,5,90,5,2,4,19,0.29,3,15,-12,-2.36,-1.36,Matches
711,Francis Coquelin,fr FRA,MF,Nantes,fr Ligue 1,35-009,1991,16,655,41,22.1,7.3,8,64,0,8,18,1,1.00,5,6,-1,-0.14,+0.72,Matches
712,Tommaso Corazza,it ITA,MF,Bologna,it Serie A,21-327,2004,0,,,,,0,,0,0,,2,,,,,,,Matches
713,Thomas Cordier,fr FRA,MF,Paris Saint-Germain,fr Ligue 1,20-070,2006,0,,,,,0,,0,0,,2,,,,,,,Matches
714,Derek Cornelius,ca CAN,"DF,FW",Marseille,fr Ligue 1,28-178,1997,2,58,29,1.9,0.6,0,,0,2,29,1,1.50,1,1,0,0.00,-0.54,Matches
715,Maxwel Cornet,ci CIV,MF,Genoa,it Serie A,29-237,1996,8,118,15,3.5,1.3,1,52,0,7,9,11,0.50,2,5,-3,-2.29,-2.12,Matches
716,Iván Corralejo,es ESP,MF,Real Betis,es La Liga,19-021,2007,1,15,15,0.5,0.2,0,,0,1,15,2,0.00,1,0,+1,+6.00,+5.76,Matches
717,Félix Correia,pt POR,MF,Lille,fr Ligue 1,25-120,2001,34,2053,60,67.1,22.8,26,73,2,8,18,0,1.79,36,22,+14,+0.61,+0.52,Matches
718,Thierry Correia,pt POR,"DF,MF",Valencia,es La Liga,27-074,1999,23,1381,60,41.5,15.3,17,73,8,6,22,3,0.87,12,24,-12,-0.78,-0.83,Matches
719,Alvaro Cortes,es ESP,DF,Barcelona,es La Liga,21-066,2005,1,90,90,2.7,1.0,1,90,1,0,,5,0.00,0,1,-1,-1.00,-2.72,Matches
720,Paco Cortés,es ESP,"MF,FW",Levante,es La Liga,18-284,2007,12,472,39,14.2,5.2,4,73,0,8,23,9,1.08,5,6,-1,-0.19,+0.19,Matches
721,Edoardo Corvi,it ITA,GK,Parma,it Serie A,25-060,2001,16,1440,90,43.2,16.0,16,90,16,0,,21,1.56,13,18,-5,-0.31,+0.35,Matches
722,Isaac Cossier,fr FRA,DF,Lille,fr Ligue 1,19-173,2006,0,,,,,0,,0,0,,1,,,,,,,Matches
723,Álex Costa,es ESP,FW,Sevilla,es La Liga,23-130,2003,0,,,,,0,,0,0,,3,,,,,,,Matches
724,Coba da Costa,es ESP,MF,Getafe,es La Liga,23-300,2002,14,348,25,10.5,3.9,2,56,0,12,20,7,0.86,2,3,-1,-0.26,-0.08,Matches
725,Danny da Costa,de GER,"DF,MF",Mainz 05,de Bundesliga,32-313,1993,34,2695,79,88.1,29.9,30,86,25,4,29,0,1.18,34,49,-15,-0.50,-1.98,Matches
726,Logan Costa,cv CPV,DF,Villarreal,es La Liga,25-051,2001,1,14,14,0.4,0.2,0,,0,1,14,4,0.00,0,0,0,0.00,-0.60,Matches
727,Samu Costa,pt POR,MF,Mallorca,es La Liga,25-176,2000,33,2636,80,79.2,29.3,30,85,18,3,31,0,1.06,31,42,-11,-0.38,-0.12,Matches
728,David Costas,es ESP,DF,Oviedo,es La Liga,31-057,1995,25,2066,83,62.0,23.0,22,89,21,3,33,4,0.92,13,35,-22,-0.96,-0.32,Matches
729,Grégoire Coudert,fr FRA,GK,Brest,fr Ligue 1,27-049,1999,25,2192,88,71.6,24.4,24,90,24,1,32,9,1.28,34,40,-6,-0.25,+0.38,Matches
730,Vladimír Coufal,cz CZE,"DF,MF",Hoffenheim,de Bundesliga,33-273,1992,34,3012,89,98.4,33.5,34,89,28,0,,0,1.79,64,50,+14,+0.42,+2.29,Matches
731,Abdoul Coulibaly,de GER,DF,Werder Bremen,de Bundesliga,18-364,2007,27,2120,79,69.3,23.6,24,85,19,3,29,2,0.93,24,43,-19,-0.81,-0.42,Matches
732,Djibril Coulibaly,fr FRA,MF,Nice,fr Ligue 1,17-185,2008,2,13,7,0.4,0.1,0,,0,2,7,8,2.00,1,0,+1,+6.92,+7.63,Matches
733,Lassana Coulibaly,ml MLI,MF,Lecce,it Serie A,30-042,1996,32,2599,81,78.0,28.9,30,85,20,2,18,1,1.06,22,34,-12,-0.42,+0.94,Matches
734,Lasso Coulibaly,ci CIV,MF,Auxerre,fr Ligue 1,23-215,2002,17,321,19,10.5,3.6,1,42,0,16,17,4,0.88,4,5,-1,-0.28,+0.02,Matches
735,Mamadou Coulibaly,fr FRA,MF,Monaco,fr Ligue 1,22-031,2004,25,1381,55,45.1,15.3,15,75,5,10,25,4,1.60,27,30,-3,-0.20,-0.68,Matches
736,Samba Coulibaly,fr FRA,DF,Paris Saint-Germain,fr Ligue 1,18-048,2008,0,,,,,0,,0,0,,1,,,,,,,Matches
737,Soumaïla Coulibaly,fr FRA,DF,Strasbourg,fr Ligue 1,22-220,2003,0,,,,,0,,0,0,,1,,,,,,,Matches
738,Soumaïla Coulibaly,fr FRA,DF,Brest,fr Ligue 1,22-220,2003,16,1338,84,43.7,14.9,15,88,13,1,15,4,0.88,17,28,-11,-0.74,-0.69,Matches
739,Woyo Coulibaly,ml MLI,DF,Sassuolo,it Serie A,26-361,1999,19,964,51,28.9,10.7,8,80,5,11,29,10,1.63,18,15,+3,+0.28,+0.51,Matches
740,Marius Courcoul,fr FRA,MF,Angers,fr Ligue 1,19-141,2007,18,374,21,12.2,4.2,3,65,0,15,12,9,1.11,7,8,-1,-0.24,+0.36,Matches
741,Thibaut Courtois,be BEL,GK,Real Madrid,es La Liga,34-011,1992,31,2790,90,83.8,31.0,31,90,31,0,,0,2.32,63,26,+37,+1.19,+0.69,Matches
742,Yan Couto,br BRA,MF,Dortmund,de Bundesliga,23-353,2002,19,997,52,32.6,11.1,11,80,5,8,14,13,2.26,25,14,+11,+0.99,-0.10,Matches
743,Patrice Čović,hr CRO,MF,Werder Bremen,de Bundesliga,18-331,2007,15,351,23,11.5,3.9,2,66,0,13,17,19,0.80,4,10,-6,-1.54,-0.97,Matches
744,Nicolas Cozza,fr FRA,DF,Nantes,fr Ligue 1,27-134,1999,29,2301,79,77.5,25.6,25,88,20,4,23,4,0.70,19,36,-17,-0.66,+0.14,Matches
745,Ben Cremaschi,us USA,MF,Parma,it Serie A,21-081,2005,8,132,17,4.0,1.5,2,50,1,6,5,17,0.88,1,3,-2,-1.36,-0.89,Matches
746,Alfie Cresswell,eng ENG,MF,Leeds United,eng Premier League,18-311,2007,0,,,,,0,,0,0,,1,,,,,,,Matches
747,Charlie Cresswell,eng ENG,DF,Toulouse,fr Ligue 1,23-278,2002,29,2533,87,85.3,28.1,28,89,27,1,32,0,1.31,41,35,+6,+0.21,+1.24,Matches
748,Bryan Cristante,it ITA,MF,Roma,it Serie A,31-080,1995,36,3004,83,90.2,33.4,35,85,26,1,45,0,1.86,53,26,+27,+0.81,+1.08,Matches
749,Cristian,es ESP,GK,Valencia,es La Liga,28-062,1998,0,,,0.0,0.0,0,,0,0,,25,3.00,1,0,+1,,,Matches
750,Juan Cruz Armada,es ESP,DF,Osasuna,es La Liga,33-298,1992,15,649,43,19.5,7.2,7,74,2,8,17,17,1.19,11,9,+2,+0.28,+0.51,Matches
751,Juan Cuadrado,co COL,MF,Pisa,it Serie A,37-361,1988,18,486,27,14.6,5.4,2,55,0,16,24,4,0.50,3,9,-6,-1.11,+0.09,Matches
752,Pau Cubarsí,es ESP,DF,Barcelona,es La Liga,19-120,2007,31,2703,87,81.2,30.0,31,87,25,0,,6,2.52,76,29,+47,+1.56,-0.44,Matches
753,Miguel Cubo,es ESP,FW,Atlético Madrid,es La Liga,18-103,2008,2,50,25,1.5,0.6,0,,0,2,25,3,1.50,2,0,+2,+3.60,+3.05,Matches
754,Cucho,co COL,FW,Real Betis,es La Liga,27-032,1999,31,2490,80,74.8,27.7,29,83,13,2,45,0,1.45,43,34,+9,+0.33,+0.22,Matches
755,Marc Cucurella,es ESP,DF,Chelsea,eng Premier League,27-304,1998,33,2617,79,78.6,29.1,30,84,25,3,34,0,1.48,45,35,+10,+0.34,+0.72,Matches
756,Iván Cuéllar,es ESP,GK,Mallorca,es La Liga,41-360,1984,0,,,,,0,,0,0,,30,,,,,,,Matches
757,Hugo Cuenca,py PAR,MF,Genoa,it Serie A,21-134,2005,0,,,,,0,,0,0,,19,,,,,,,Matches
758,Jorge Cuenca,es ESP,DF,Fulham,eng Premier League,26-186,1999,14,933,67,28.0,10.4,11,84,7,3,3,16,1.71,9,11,-2,-0.19,-0.04,Matches
759,Montrell Culbreath,de GER,"MF,DF",Leverkusen,de Bundesliga,18-266,2007,12,736,61,24.1,8.2,9,76,2,3,19,4,1.83,19,13,+6,+0.73,+0.15,Matches
760,Josh Cullen,ie IRL,MF,Burnley,eng Premier League,30-045,1996,18,1514,84,45.5,16.8,18,84,12,0,,0,0.67,18,29,-11,-0.65,+0.63,Matches
761,Pablo Cuñat,es ESP,GK,Levante,es La Liga,24-024,2002,2,180,90,5.4,2.0,2,90,2,0,,35,0.00,3,5,-2,-1.00,-0.69,Matches
762,Jair Cunha,br BRA,DF,Nottingham Forest,eng Premier League,21-076,2005,8,455,57,13.7,5.1,5,73,3,3,30,14,1.38,13,6,+7,+1.38,+1.70,Matches
763,Matheus Cunha,br BRA,"MF,FW",Manchester Utd,eng Premier League,26-360,1999,33,2494,76,74.9,27.7,29,83,16,4,24,0,1.88,48,35,+13,+0.47,+0.15,Matches
764,Patrick Cutrone,it ITA,FW,Como,it Serie A,28-139,1998,0,,,,,0,,0,0,,1,,,,,,,Matches
765,Patrick Cutrone,it ITA,FW,Parma,it Serie A,28-139,1998,15,888,59,26.7,9.9,11,76,1,4,14,5,0.80,6,11,-5,-0.51,+0.01,Matches
766,Lucas Da Cunha,fr FRA,MF,Como,it Serie A,24-347,2001,35,2649,76,79.5,29.4,30,82,17,5,36,2,1.83,48,23,+25,+0.85,-0.21,Matches
767,Matthias Da Silva,pt POR,GK,Lyon,fr Ligue 1,18-172,2007,0,,,,,0,,0,0,,2,,,,,,,Matches
768,Malcom Dacosta,ec ECU,MF,Bournemouth,eng Premier League,18-035,2008,0,,,,,0,,0,0,,6,,,,,,,Matches
769,Adam Daghim,dk DEN,"MF,FW",Wolfsburg,de Bundesliga,20-236,2005,27,1364,51,44.6,15.2,12,83,5,15,24,1,0.67,18,33,-15,-0.99,-0.51,Matches
770,Finn Dahmen,de GER,GK,Augsburg,de Bundesliga,28-056,1998,34,3060,90,100.0,34.0,34,90,34,0,,0,1.26,45,61,-16,-0.47,,Matches
771,Mahmoud Dahoud,de GER,"MF,FW",Eintracht Frankfurt,de Bundesliga,30-141,1996,15,716,48,23.4,8.0,8,68,1,7,25,7,1.20,17,15,+2,+0.25,+0.48,Matches
772,David Daiber,pt POR,FW,Bayern Munich,de Bundesliga,19-132,2007,2,29,15,0.9,0.3,0,,0,2,15,6,3.00,2,1,+1,+3.10,+0.58,Matches
773,Ameen Al-Dakhil,be BEL,DF,Stuttgart,de Bundesliga,24-077,2002,8,380,48,12.4,4.2,3,90,3,5,22,13,2.00,6,8,-2,-0.47,-1.28,Matches
774,Thijs Dallinga,nl NED,FW,Bologna,it Serie A,25-292,2000,22,808,37,24.3,9.0,9,65,1,13,17,10,1.45,14,10,+4,+0.45,+0.48,Matches
775,Diogo Dalot,pt POR,"DF,MF",Manchester Utd,eng Premier League,27-065,1999,34,2614,77,78.5,29.0,29,86,22,5,27,1,1.88,58,40,+18,+0.62,+0.87,Matches
776,Muhammed Damar,de GER,"MF,FW",Hoffenheim,de Bundesliga,22-043,2004,15,277,18,9.1,3.1,2,67,0,13,11,17,1.60,1,6,-5,-1.62,-2.21,Matches
777,Damián,es ESP,MF,Getafe,es La Liga,22-356,2003,2,142,71,4.3,1.6,2,71,1,0,,2,1.50,3,2,+1,+0.63,+0.86,Matches
778,Mikkel Damsgaard,dk DEN,MF,Brentford,eng Premier League,25-323,2000,32,2046,64,61.4,22.7,24,78,9,8,22,2,1.44,37,32,+5,+0.22,+0.36,Matches
779,Arnaut Danjuma,nl NED,"MF,FW",Valencia,es La Liga,29-111,1997,30,1628,54,48.9,18.1,18,75,7,12,23,6,1.00,19,28,-9,-0.50,-0.39,Matches
780,Kévin Danois,fr FRA,MF,Auxerre,fr Ligue 1,21-328,2004,33,2830,86,92.5,31.4,32,88,22,1,22,1,1.03,33,39,-6,-0.19,+1.37,Matches
781,Kevin Danso,at AUT,DF,Tottenham Hotspur,eng Premier League,27-245,1998,23,1404,61,42.2,15.6,16,84,13,7,8,10,1.30,19,26,-7,-0.45,-0.31,Matches
782,Dante,br BRA,DF,Nice,fr Ligue 1,42-216,1983,12,849,71,27.7,9.4,9,80,4,3,43,4,1.33,12,13,-1,-0.11,+0.79,Matches
783,Bence Dárdai,hu HUN,MF,Wolfsburg,de Bundesliga,20-118,2006,1,35,35,1.1,0.4,0,,0,1,35,8,3.00,0,0,0,0.00,+0.71,Matches
784,Aiman Dardari,lu LUX,MF,Augsburg,de Bundesliga,21-062,2005,3,34,11,1.1,0.4,0,,0,3,11,2,0.33,0,0,0,0.00,+0.48,Matches
785,Sergi Darder,es ESP,MF,Mallorca,es La Liga,32-151,1993,37,2590,70,77.8,28.8,29,82,12,8,27,0,1.05,34,43,-9,-0.31,+0.17,Matches
786,Karl Darlow,wls WAL,GK,Leeds United,eng Premier League,35-226,1990,21,1890,90,56.8,21.0,21,90,21,0,,15,1.38,26,24,+2,+0.10,+0.47,Matches
787,Matteo Darmian,it ITA,"MF,DF",Inter,it Serie A,36-171,1989,6,248,41,7.4,2.8,2,71,0,4,27,18,1.83,5,5,0,0.00,-1.58,Matches
788,Noah Darvich,de GER,MF,Stuttgart,de Bundesliga,19-239,2006,0,,,,,0,,0,0,,1,,,,,,,Matches
789,Josh Dasilva,eng ENG,MF,Brentford,eng Premier League,27-211,1998,2,3,2,0.1,0.0,0,,0,2,2,2,2.00,0,0,0,0.00,-0.08,Matches
790,David Datro Fofana,ci CIV,FW,Strasbourg,fr Ligue 1,23-151,2002,5,171,34,5.6,1.9,3,51,0,2,9,4,1.20,2,2,0,0.00,-0.34,Matches
791,Juan David Cabal,co COL,MF,Juventus,it Serie A,25-134,2001,12,296,25,8.9,3.3,2,45,0,10,21,10,2.00,8,5,+3,+0.91,+0.20,Matches
792,Jonathan David,ca CAN,FW,Juventus,it Serie A,26-128,2000,34,1752,52,52.6,19.5,20,73,4,14,20,3,1.94,32,13,+19,+0.98,+0.52,Matches
793,Alphonso Davies,ca CAN,DF,Bayern Munich,de Bundesliga,25-201,2000,13,525,40,17.2,5.8,6,66,1,7,19,0,2.31,26,8,+18,+3.09,+0.67,Matches
794,Ben Davies,wls WAL,DF,Tottenham Hotspur,eng Premier League,33-028,1993,3,137,46,4.1,1.5,2,53,0,1,32,11,0.33,1,3,-2,-1.31,-1.09,Matches
795,Davinchi,es ESP,DF,Getafe,es La Liga,18-218,2007,13,698,54,21.0,7.8,7,73,3,6,31,3,1.15,5,10,-5,-0.64,-0.58,Matches
796,Keinan Davis,eng ENG,FW,Udinese,it Serie A,28-098,1998,29,1986,68,59.6,22.1,26,74,9,3,20,0,1.45,31,27,+4,+0.18,+0.58,Matches
797,Davide De Battisti,it ITA,MF,Hellas Verona,it Serie A,20-062,2006,0,,,,,0,,0,0,,5,,,,,,,Matches
798,Kevin De Bruyne,be BEL,MF,Napoli,it Serie A,34-328,1991,17,1084,64,32.6,12.0,13,73,4,4,33,0,2.24,21,8,+13,+1.08,+0.76,Matches
799,Mathys De Carvalho,fr FRA,MF,Lyon,fr Ligue 1,21-021,2005,11,295,27,9.6,3.3,3,69,1,8,11,17,2.18,6,4,+2,+0.61,+0.25,Matches
800,Emmanuele De Chiara,it ITA,MF,Napoli,it Serie A,20-090,2006,0,,,,,0,,0,0,,5,,,,,,,Matches
801,Maxim De Cuyper,be BEL,"DF,MF",Brighton,eng Premier League,25-151,2000,29,1370,47,41.1,15.2,16,71,5,13,18,6,1.45,21,21,0,0.00,-0.41,Matches
802,Charles De Ketelaere,be BEL,"MF,FW",Atalanta,it Serie A,25-073,2001,30,2148,72,64.5,23.9,26,79,10,4,26,0,1.47,32,20,+12,+0.50,+0.27,Matches
803,Jeffrey De Lange,nl NED,GK,Marseille,fr Ligue 1,28-051,1998,5,450,90,14.7,5.0,5,90,5,0,,29,1.80,15,11,+4,+0.80,+0.32,Matches
804,Manuel De Luca,it ITA,FW,Cremonese,it Serie A,27-309,1998,2,16,8,0.5,0.2,0,,0,2,8,0,3.00,1,0,+1,+5.63,+6.25,Matches
805,Giorgio De Marzi,us USA,GK,Roma,it Serie A,19-034,2007,0,,,,,0,,0,0,,13,,,,,,,Matches
806,Cristiano De Paoli,it ITA,DF,Como,it Serie A,18-115,2008,0,,,,,0,,0,0,,4,,,,,,,Matches
807,Théo De Percin,mq MTQ,GK,Auxerre,fr Ligue 1,25-109,2001,8,598,75,19.5,6.6,5,90,5,3,49,26,1.00,10,9,+1,+0.15,+0.55,Matches
808,Carlos De Roa,es ESP,DF,Real Betis,es La Liga,18-316,2007,0,,,,,0,,0,0,,1,,,,,,,Matches
809,Lorenzo De Silvestri,it ITA,DF,Bologna,it Serie A,37-364,1988,11,426,39,12.8,4.7,5,61,0,6,21,23,1.64,5,2,+3,+0.63,+0.63,Matches
810,Thibault De Smet,be BEL,DF,Paris FC,fr Ligue 1,27-351,1998,17,1144,67,37.4,12.7,13,82,5,4,20,6,1.18,20,22,-2,-0.16,-0.11,Matches
811,Koni De Winter,be BEL,DF,Milan,it Serie A,23-344,2002,26,1800,69,54.1,20.0,19,88,17,7,18,11,1.96,27,21,+6,+0.30,-0.46,Matches
812,Alessandro Deiola,it ITA,"MF,DF",Cagliari,it Serie A,30-294,1995,19,1357,71,40.8,15.1,16,79,9,3,30,5,1.37,21,20,+1,+0.07,+0.75,Matches
813,Romain Del Castillo,fr FRA,"MF,FW",Brest,fr Ligue 1,30-054,1996,32,2625,82,85.8,29.2,32,82,11,0,,0,1.19,41,44,-3,-0.10,+1.76,Matches
814,Enrico Del Prato,it ITA,"DF,MF",Parma,it Serie A,26-193,1999,35,2951,84,88.6,32.8,34,86,29,1,21,1,1.11,23,40,-17,-0.52,-0.04,Matches
815,Thomas Delaine,fr FRA,"MF,DF",Le Havre,fr Ligue 1,34-059,1992,5,201,40,6.6,2.2,2,74,0,3,18,4,2.00,3,1,+2,+0.90,+1.34,Matches
816,Liam Delap,eng ENG,FW,Chelsea,eng Premier League,23-103,2003,27,1101,41,33.1,12.2,12,67,3,15,19,1,1.37,19,18,+1,+0.08,-0.16,Matches
817,Fisayo Dele-Bashiru,ng NGA,MF,Lazio,it Serie A,25-105,2001,23,1106,48,33.2,12.3,10,75,6,13,27,1,1.26,16,15,+1,+0.08,+0.12,Matches
818,David Delgado,es ESP,DF,Elche,es La Liga,18-141,2008,0,,,,,0,,0,0,,8,,,,,,,Matches
819,Lapo Deli,it ITA,MF,Fiorentina,it Serie A,20-027,2006,0,,,,,0,,0,0,,2,,,,,,,Matches
820,Mattia Della Rocca,it ITA,MF,Roma,it Serie A,20-129,2006,0,,,,,0,,0,0,,2,,,,,,,Matches
821,Adam Delplace,fr FRA,GK,Lens,fr Ligue 1,19-261,2006,0,,,,,0,,0,0,,1,,,,,,,Matches
822,Olivier Deman,be BEL,"DF,MF",Werder Bremen,de Bundesliga,26-046,2000,16,1254,78,41.0,13.9,14,86,12,2,28,4,0.88,15,21,-6,-0.43,+0.42,Matches
823,Pape Demba Diop,sn SEN,MF,Toulouse,fr Ligue 1,22-260,2003,15,1181,79,39.8,13.1,13,85,6,2,38,0,1.13,17,21,-4,-0.30,-0.56,Matches
824,Ali Dembélé,fr FRA,DF,Torino,it Serie A,22-137,2004,2,21,11,0.6,0.2,0,,0,2,11,19,2.00,3,1,+2,+8.57,+9.14,Matches
825,Ousmane Dembélé,fr FRA,FW,Paris Saint-Germain,fr Ligue 1,29-007,1997,22,1063,48,34.7,11.8,11,69,1,11,28,2,2.23,37,8,+29,+2.46,+1.73,Matches
826,Jessy Deminguet,fr FRA,MF,Metz,fr Ligue 1,28-135,1998,31,1995,64,65.2,22.2,25,75,1,6,22,0,0.52,18,47,-29,-1.31,-0.04,Matches
827,Ermedin Demirović,ba BIH,FW,Stuttgart,de Bundesliga,28-058,1998,25,1497,60,48.9,16.6,17,80,8,8,16,0,1.92,37,17,+20,+1.20,+1.09,Matches
828,Rav van den Berg,nl NED,DF,Köln,de Bundesliga,21-319,2004,14,1131,81,37.0,12.6,12,87,9,2,42,9,0.93,17,21,-4,-0.32,+0.15,Matches
829,Sepp van den Berg,nl NED,DF,Brentford,eng Premier League,24-153,2001,31,2673,86,80.3,29.7,29,90,29,2,32,5,1.35,42,40,+2,+0.07,-0.07,Matches
830,Branco van den Boomen,nl NED,MF,Angers,fr Ligue 1,30-305,1995,15,1238,83,40.5,13.8,14,86,9,1,30,0,0.93,9,21,-12,-0.87,-0.53,Matches
831,Leander Dendoncker,be BEL,MF,Oviedo,es La Liga,31-037,1995,19,1330,70,39.9,14.8,15,86,8,4,11,5,0.79,7,25,-18,-1.22,-0.63,Matches
832,Will Dennis,eng ENG,GK,Bournemouth,eng Premier League,25-316,2000,0,,,,,0,,0,0,,19,,,,,,,Matches
833,Daniel Denoon,ch SUI,DF,Pisa,it Serie A,22-114,2004,2,122,61,3.7,1.4,2,61,0,0,,11,1.00,1,1,0,0.00,+1.23,Matches
834,Nelson Deossa,co COL,MF,Real Betis,es La Liga,26-105,2000,20,743,37,22.3,8.3,8,68,3,12,17,10,1.35,13,13,0,0.00,-0.35,Matches
835,Jesse Derry,eng ENG,MF,Chelsea,eng Premier League,18-326,2007,1,44,44,1.3,0.5,1,44,0,0,,2,0.00,0,2,-2,-4.09,-4.34,Matches
836,Rémy Descamps,fr FRA,GK,Lyon,fr Ligue 1,29-331,1996,5,450,90,14.7,5.0,5,90,5,0,,24,2.00,6,3,+3,+0.60,+0.26,Matches
837,Bahmed Deuff,mr MTN,MF,Nantes,fr Ligue 1,20-070,2006,11,250,23,8.4,2.8,1,59,0,10,19,5,0.45,2,12,-10,-3.60,-3.17,Matches
838,Justin Devenny,nir NIR,"MF,FW",Crystal Palace,eng Premier League,22-223,2003,20,706,35,21.2,7.8,6,83,2,14,15,15,1.35,6,13,-7,-0.89,-0.82,Matches
839,Tidiane Devernois,fr FRA,MF,Auxerre,fr Ligue 1,18-216,2007,2,10,5,0.3,0.1,0,,0,2,5,10,0.00,0,0,0,0.00,+0.30,Matches
840,Kiernan Dewsbury-Hall,eng ENG,MF,Everton,eng Premier League,27-258,1998,30,2543,85,76.4,28.3,29,86,18,1,45,0,1.27,38,38,0,0.00,+0.23,Matches
841,Raffaele Di Gennaro,it ITA,GK,Inter,it Serie A,32-231,1993,1,10,10,0.3,0.1,0,,0,1,10,21,1.00,0,1,-1,-9.00,-10.49,Matches
842,Michele Di Gregorio,it ITA,GK,Juventus,it Serie A,28-299,1997,30,2655,89,79.7,29.5,29,90,29,1,45,7,1.90,46,25,+21,+0.71,-0.09,Matches
843,Giovanni Di Lorenzo,it ITA,"DF,MF",Napoli,it Serie A,32-291,1993,25,2186,87,65.6,24.3,25,87,23,0,,1,1.96,36,23,+13,+0.54,-0.09,Matches
844,Alessandro Di Pardo,it ITA,"DF,MF",Cagliari,it Serie A,26-308,1999,3,54,18,1.6,0.6,0,,0,3,18,16,1.33,0,2,-2,-3.33,-3.00,Matches
845,Boulaye Dia,sn SEN,"FW,MF",Lazio,it Serie A,29-187,1996,26,1223,47,36.7,13.6,14,70,2,12,21,5,1.38,14,11,+3,+0.22,+0.35,Matches
846,Adams Diabaté,fr FRA,DF,Le Havre,fr Ligue 1,20-214,2005,0,,,,,0,,0,0,,1,,,,,,,Matches
847,Ibrahim Diabaté,ci CIV,FW,Alavés,es La Liga,26-186,1999,9,571,63,17.1,6.3,6,69,0,3,52,4,1.67,14,7,+7,+1.10,+1.69,Matches
848,Bambo Diaby,sn SEN,DF,Elche,es La Liga,28-156,1997,4,102,26,3.1,1.1,1,45,0,3,19,15,1.25,0,4,-4,-3.53,-3.42,Matches
849,Mouctar Diakhaby,gn GUI,DF,Valencia,es La Liga,29-154,1996,8,543,68,16.3,6.0,7,74,5,1,24,2,0.88,9,11,-2,-0.33,-0.04,Matches
850,Bafodé Diakité,fr FRA,DF,Bournemouth,eng Premier League,25-136,2001,18,1277,71,38.3,14.2,15,84,13,3,6,18,1.28,21,27,-6,-0.42,-0.86,Matches
851,Amad Diallo,ci CIV,MF,Manchester Utd,eng Premier League,23-315,2002,31,2251,73,67.6,25.0,26,82,16,5,25,0,2.00,49,33,+16,+0.64,+0.64,Matches
852,Habib Diallo,sn SEN,FW,Metz,fr Ligue 1,30-338,1995,25,1909,76,62.4,21.2,21,86,16,4,26,1,0.56,17,49,-32,-1.51,-0.57,Matches
853,Zoumana Diallo,fr FRA,FW,Nice,fr Ligue 1,21-109,2005,1,10,10,0.3,0.1,0,,0,1,10,5,1.00,0,0,0,0.00,+0.68,Matches
854,Evan Diamalunda,fr FRA,MF,Auxerre,fr Ligue 1,19-304,2006,0,,,,,0,,0,0,,4,,,,,,,Matches
855,Grady Diangana,cd COD,"MF,FW",Elche,es La Liga,28-033,1998,20,926,46,27.8,10.3,13,62,0,7,18,5,1.05,14,14,0,0.00,+0.30,Matches
856,Assane Diao,sn SEN,MF,Como,it Serie A,20-257,2005,16,993,62,29.8,11.0,12,71,2,4,36,1,1.63,14,10,+4,+0.36,-0.75,Matches
857,Soriba Diaoune,fr FRA,MF,Lille,fr Ligue 1,18-281,2007,10,185,19,6.0,2.1,1,65,0,9,13,8,1.20,6,6,0,0.00,-0.47,Matches
858,Habib Diarra,sn SEN,MF,Sunderland,eng Premier League,22-139,2004,19,1375,72,41.3,15.3,15,85,8,4,26,1,1.32,17,19,-2,-0.13,+0.10,Matches
859,Lassine Diarra,ml MLI,GK,Lyon,fr Ligue 1,23-192,2002,0,,,,,0,,0,0,,8,,,,,,,Matches
860,Moussa Diarra,ml MLI,DF,Alavés,es La Liga,25-193,2000,3,216,72,6.5,2.4,3,72,0,0,,11,1.33,3,3,0,0.00,+0.32,Matches
861,Rúben Dias,pt POR,DF,Manchester City,eng Premier League,29-008,1997,25,2051,82,61.6,22.8,23,88,21,2,18,4,2.20,53,20,+33,+1.45,+0.74,Matches
862,Alassane Diatta,sn SEN,MF,Villarreal,es La Liga,21-008,2005,0,,,,,0,,0,0,,8,,,,,,,Matches
863,Bane Diatta,fr FRA,MF,Angers,fr Ligue 1,17-329,2008,1,5,5,0.2,0.1,0,,0,1,5,3,0.00,0,0,0,0.00,+0.56,Matches
864,Krépin Diatta,sn SEN,"MF,DF",Monaco,fr Ligue 1,27-086,1999,18,1013,56,33.1,11.3,10,78,6,8,29,1,1.72,21,17,+4,+0.36,+0.27,Matches
865,Mory Diaw,sn SEN,GK,Le Havre,fr Ligue 1,32-334,1993,30,2655,89,86.8,29.5,30,89,29,0,,1,1.00,28,41,-13,-0.44,-0.66,Matches
866,Brahim Díaz,ma MAR,"MF,FW",Real Madrid,es La Liga,26-292,1999,29,1240,43,37.2,13.8,13,70,0,16,20,5,2.31,21,10,+11,+0.80,-0.45,Matches
867,Daniel Díaz,es ESP,FW,Real Sociedad,es La Liga,19-334,2006,1,18,18,0.5,0.2,0,,0,1,18,3,0.00,0,0,0,0.00,+0.05,Matches
868,José Ángel Gaitán Diaz,es ESP,FW,Villarreal,es La Liga,19-086,2007,0,,,,,0,,0,0,,1,,,,,,,Matches
869,Julio Diaz,es ESP,DF,Atlético Madrid,es La Liga,21-132,2005,4,310,78,9.3,3.4,4,78,2,0,,10,1.50,6,4,+2,+0.58,-0.02,Matches
870,Junior Diaz,ci CIV,DF,Brest,fr Ligue 1,22-303,2003,20,1562,78,51.0,17.4,17,89,16,3,16,13,1.25,22,24,-2,-0.12,+0.49,Matches
871,Luis Díaz,co COL,MF,Bayern Munich,de Bundesliga,29-129,1997,32,2447,76,80.0,27.2,27,84,19,5,37,0,2.66,98,29,+69,+2.54,+0.04,Matches
872,Pedro Díaz,es ESP,"MF,FW",Rayo Vallecano,es La Liga,27-351,1998,33,1780,54,53.5,19.8,20,75,8,13,21,1,1.27,22,30,-8,-0.40,-0.64,Matches
873,Tyler Dibling,eng ENG,MF,Everton,eng Premier League,20-071,2006,14,358,26,10.8,4.0,4,67,1,10,9,21,1.14,4,2,+2,+0.50,+0.62,Matches
874,Nouha Dicko,ml MLI,"FW,MF",Paris FC,fr Ligue 1,34-008,1992,8,72,9,2.4,0.8,0,,0,8,9,7,1.00,3,2,+1,+1.25,+1.37,Matches
875,Yaya Diémé,sn SEN,FW,Strasbourg,fr Ligue 1,18-218,2007,3,154,51,5.0,1.7,2,73,0,1,9,1,1.33,2,2,0,0.00,-0.34,Matches
876,Bamba Dieng,sn SEN,FW,Lorient,fr Ligue 1,26-060,2000,22,1212,55,39.6,13.5,15,72,0,7,19,5,1.55,22,15,+7,+0.52,+1.01,Matches
877,Eric Dier,eng ENG,DF,Monaco,fr Ligue 1,32-127,1994,9,688,76,22.5,7.6,7,90,7,2,29,10,1.33,15,15,0,0.00,-0.23,Matches
878,Lucas Digne,fr FRA,DF,Aston Villa,eng Premier League,32-306,1993,31,1852,60,55.6,20.6,21,80,10,10,16,6,1.77,29,23,+6,+0.29,+0.29,Matches
879,Kevin Diks,id IDN,DF,Gladbach,de Bundesliga,29-228,1996,30,2464,82,80.5,27.4,28,87,23,2,18,0,1.20,40,43,-3,-0.11,+1.10,Matches
880,Marvin Dills,us USA,MF,Eintracht Frankfurt,de Bundesliga,19-027,2007,0,,,,,0,,0,0,,1,,,,,,,Matches
881,Federico Dimarco,it ITA,MF,Inter,it Serie A,28-193,1997,34,2645,78,79.4,29.4,29,85,20,5,36,3,2.26,72,24,+48,+1.63,+0.84,Matches
882,Stole Dimitrievski,mk MKD,GK,Valencia,es La Liga,32-148,1993,19,1710,90,51.4,19.0,19,90,19,0,,15,1.58,26,24,+2,+0.11,+0.83,Matches
883,Junior Dina Ebimbe,cm CMR,MF,Brest,fr Ligue 1,25-182,2000,27,1165,43,38.1,12.9,15,66,1,12,14,2,1.04,15,21,-6,-0.46,-0.18,Matches
884,Eren Dinkçi,de GER,"MF,FW",Heidenheim,de Bundesliga,24-160,2001,14,1131,81,37.0,12.6,13,85,7,1,28,0,0.93,22,24,-2,-0.16,+1.19,Matches
885,Eren Dinkçi,de GER,MF,Freiburg,de Bundesliga,24-160,2001,8,248,31,8.1,2.8,3,62,0,5,12,0,1.13,4,7,-3,-1.09,-0.99,Matches
886,Sinaly Diomande,ci CIV,DF,Auxerre,fr Ligue 1,25-043,2001,24,2131,89,69.6,23.7,24,89,21,0,,1,1.13,27,29,-2,-0.08,+0.69,Matches
887,Yan Diomandé,ci CIV,"FW,MF",RB Leipzig,de Bundesliga,19-189,2006,33,2472,75,80.8,27.5,28,84,11,5,27,0,1.97,55,35,+20,+0.73,+0.88,Matches
888,Issa Diop,ma MAR,DF,Fulham,eng Premier League,29-133,1997,12,731,61,22.0,8.1,7,89,6,5,21,12,1.17,9,13,-4,-0.49,-0.42,Matches
889,Moustapha Diop,sn SEN,DF,Metz,fr Ligue 1,19-341,2006,0,,,,,0,,0,0,,6,,,,,,,Matches
890,Sérigné Diop,sn SEN,FW,Brest,fr Ligue 1,21-010,2005,2,12,6,0.4,0.1,0,,0,2,6,9,0.00,0,1,-1,-7.50,-7.18,Matches
891,Sofiane Diop,ma MAR,"MF,FW",Nice,fr Ligue 1,25-347,2000,33,2130,65,69.6,23.7,26,75,5,7,27,0,0.97,29,43,-14,-0.59,+0.28,Matches
892,Lamfia Dioubaté,fr FRA,MF,Auxerre,fr Ligue 1,18-306,2007,0,,,,,0,,0,0,,1,,,,,,,Matches
893,Andy Diouf,fr FRA,MF,Inter,it Serie A,23-005,2003,18,403,22,12.1,4.5,3,69,1,15,13,17,2.44,13,2,+11,+2.46,+1.13,Matches
894,Andy Diouf,fr FRA,MF,Lens,fr Ligue 1,23-005,2003,1,90,90,2.9,1.0,1,90,1,0,,0,0.00,0,1,-1,-1.00,-1.97,Matches
895,El Hadji Malick Diouf,sn SEN,"DF,MF",West Ham United,eng Premier League,21-145,2004,31,2617,84,78.6,29.1,29,88,23,2,33,0,1.03,35,47,-12,-0.41,+0.85,Matches
896,Yehvann Diouf,sn SEN,GK,Nice,fr Ligue 1,26-187,1999,26,2340,90,76.5,26.0,26,90,26,0,,6,0.96,26,45,-19,-0.73,-0.23,Matches
897,Assane Dioussé,sn SEN,MF,Auxerre,fr Ligue 1,28-244,1997,15,219,15,7.2,2.4,1,68,0,14,11,19,1.07,3,10,-7,-2.88,-2.78,Matches
898,Axel Disasi,fr FRA,DF,West Ham United,eng Premier League,28-072,1998,13,1164,90,35.0,12.9,13,90,12,0,,0,1.23,14,17,-3,-0.23,+0.56,Matches
899,Matías Dituro,ar ARG,GK,Elche,es La Liga,39-014,1987,21,1890,90,56.8,21.0,21,90,21,0,,16,1.38,27,28,-1,-0.05,+0.39,Matches
900,Djené,tg TOG,"DF,MF",Getafe,es La Liga,34-142,1991,34,2578,76,77.4,28.6,32,79,21,2,30,0,1.32,24,29,-5,-0.17,+0.06,Matches
901,Harouna Djibrin,cm CMR,MF,Angers,fr Ligue 1,19-198,2006,15,336,22,11.0,3.7,1,60,0,14,20,3,1.20,7,5,+2,+0.54,+1.23,Matches
902,Berat Djimsiti,al ALB,DF,Atalanta,it Serie A,33-092,1993,33,2501,76,75.1,27.8,29,83,23,4,23,1,1.45,31,25,+6,+0.22,-0.76,Matches
903,Marko Dmitrović,rs SRB,GK,Espanyol,es La Liga,34-118,1992,37,3330,90,100.0,37.0,37,90,37,0,,0,1.22,42,54,-12,-0.32,,Matches
904,Henrick Do Marcolino,fr FRA,FW,Rennes,fr Ligue 1,20-062,2006,1,3,3,0.1,0.0,0,,0,1,3,5,3.00,0,0,0,0.00,-0.26,Matches
905,Ritsu Doan,jp JPN,MF,Eintracht Frankfurt,de Bundesliga,27-340,1998,31,2364,76,77.3,26.3,28,81,11,3,33,1,1.32,50,44,+6,+0.23,+1.52,Matches
906,Dodô,br BRA,"DF,MF",Fiorentina,it Serie A,27-186,1998,35,3044,87,91.4,33.8,35,87,29,0,,0,1.09,38,45,-7,-0.21,+0.42,Matches
907,Danilho Doekhi,nl NED,DF,Union Berlin,de Bundesliga,27-326,1998,34,3060,90,100.0,34.0,34,90,34,0,,0,1.15,44,58,-14,-0.41,,Matches
908,Matt Doherty,ie IRL,"DF,MF",Wolves,eng Premier League,34-126,1992,11,787,72,23.6,8.7,11,72,3,0,,15,0.45,2,15,-13,-1.49,-0.50,Matches
909,Josh Doig,sct SCO,DF,Sassuolo,it Serie A,24-004,2002,30,1917,64,57.6,21.3,22,81,11,8,17,6,1.10,20,31,-11,-0.52,-1.03,Matches
910,Jeremy Doku,be BEL,"MF,FW",Manchester City,eng Premier League,23-360,2002,29,1770,61,53.2,19.7,19,80,5,10,26,1,1.93,43,18,+25,+1.27,+0.23,Matches
911,Tyrhys Dolan,eng ENG,MF,Espanyol,es La Liga,24-145,2001,35,2370,68,71.2,26.3,28,76,3,7,34,0,1.11,31,39,-8,-0.30,+0.07,Matches
912,Marc Domenech,es ESP,MF,Mallorca,es La Liga,20-141,2006,7,214,31,6.4,2.4,2,61,0,5,18,10,0.86,3,2,+1,+0.42,+0.82,Matches
913,Brandon Domingues,fr FRA,MF,Oviedo,es La Liga,25-350,2000,0,,,,,0,,0,0,,9,,,,,,,Matches
914,Álex Domínguez,es ESP,GK,Toulouse,fr Ligue 1,27-296,1998,0,,,,,0,,0,0,,3,,,,,,,Matches
915,Benjamín Domínguez,ar ARG,MF,Bologna,it Serie A,22-245,2003,15,547,36,16.4,6.1,6,67,1,9,16,18,1.60,9,6,+3,+0.49,+0.49,Matches
916,Carlos Dominguez,es ESP,DF,Celta Vigo,es La Liga,25-100,2001,8,610,76,18.3,6.8,6,89,5,2,38,20,1.25,10,12,-2,-0.30,-0.49,Matches
917,Nicolás Domínguez,ar ARG,MF,Nottingham Forest,eng Premier League,27-328,1998,26,1149,44,34.5,12.8,17,60,1,9,14,4,1.27,15,19,-4,-0.31,-0.35,Matches
918,Jean-Luc Dompé,fr FRA,"FW,MF",Hamburger SV,de Bundesliga,30-283,1995,20,1138,57,37.2,12.6,12,81,5,8,21,3,1.05,16,14,+2,+0.16,+0.91,Matches
919,John Donald,es ESP,"DF,MF",Elche,es La Liga,25-265,2000,20,620,31,18.6,6.9,6,77,4,14,12,11,1.25,12,16,-4,-0.58,-0.45,Matches
920,Kyliane Dong,fr FRA,MF,Augsburg,de Bundesliga,21-237,2004,0,,,,,0,,0,0,,1,,,,,,,Matches
921,Gianluigi Donnarumma,it ITA,GK,Manchester City,eng Premier League,27-086,1999,34,3060,90,91.9,34.0,34,90,34,0,,0,2.21,71,29,+42,+1.24,+0.90,Matches
922,Romelle Donovan,eng ENG,FW,Brentford,eng Premier League,19-173,2006,4,41,10,1.2,0.5,0,,0,4,10,18,1.50,2,0,+2,+4.39,+4.36,Matches
923,Patrick Dorgu,dk DEN,MF,Manchester Utd,eng Premier League,21-208,2004,25,1388,56,41.7,15.4,14,86,10,11,17,2,1.68,19,20,-1,-0.06,-0.85,Matches
924,Niklas Dorsch,de GER,MF,Heidenheim,de Bundesliga,28-127,1998,32,2258,71,73.8,25.1,27,79,10,5,24,1,0.81,28,51,-23,-0.92,-0.02,Matches
925,Alberto Dossena,it ITA,DF,Como,it Serie A,27-221,1998,0,,,,,0,,0,0,,6,,,,,,,Matches
926,Alberto Dossena,it ITA,DF,Cagliari,it Serie A,27-221,1998,11,830,75,24.9,9.2,9,90,9,2,10,4,1.09,5,12,-7,-0.76,-0.51,Matches
927,Lohann Doucet,bf BFA,MF,Paris FC,fr Ligue 1,23-250,2002,5,121,24,4.0,1.3,1,60,0,4,15,4,0.80,1,5,-4,-2.98,-3.01,Matches
928,Fodé Doucouré,ml MLI,"MF,FW",Le Havre,fr Ligue 1,25-108,2001,26,1239,48,40.5,13.8,15,66,0,11,23,5,0.96,19,19,0,0.00,+0.59,Matches
929,Mamedi Doucouré,fr FRA,DF,Genoa,it Serie A,19-123,2007,1,9,9,0.3,0.1,0,,0,1,9,4,1.00,0,0,0,0.00,+0.24,Matches
930,Sékou Doucoure,fr FRA,DF,Nantes,fr Ligue 1,21-026,2005,1,45,45,1.5,0.5,0,,0,1,45,8,1.50,1,0,+1,+2.00,+2.74,Matches
931,Désiré Doué,fr FRA,"FW,MF",Paris Saint-Germain,fr Ligue 1,20-353,2005,23,1348,59,44.1,15.0,16,69,2,7,34,2,2.35,34,14,+20,+1.34,+0.02,Matches
932,Guela Doué,ci CIV,"DF,MF",Strasbourg,fr Ligue 1,23-217,2002,24,2061,86,67.4,22.9,23,88,19,1,30,0,1.63,46,32,+14,+0.61,+0.88,Matches
933,Ismaël Doukouré,fr FRA,"DF,MF",Strasbourg,fr Ligue 1,22-302,2003,25,2072,83,67.7,23.0,25,83,19,0,,0,1.56,42,31,+11,+0.48,+0.48,Matches
934,Fousseny Doumbia,de GER,DF,Eintracht Frankfurt,de Bundesliga,21-088,2005,0,,,,,0,,0,0,,7,,,,,,,Matches
935,Junior Doumbia,fr FRA,FW,Nantes,fr Ligue 1,19-072,2007,0,,,,,0,,0,0,,3,,,,,,,Matches
936,Kamory Doumbia,ml MLI,MF,Brest,fr Ligue 1,23-093,2003,24,1750,73,57.2,19.4,22,78,4,2,22,0,1.33,30,25,+5,+0.26,+1.43,Matches
937,Anastasios Douvikas,gr GRE,FW,Como,it Serie A,26-293,1999,37,2191,59,65.8,24.3,24,75,8,13,30,0,1.84,44,19,+25,+1.03,+0.39,Matches
938,Artem Dovbyk,ua UKR,FW,Roma,it Serie A,28-335,1997,14,393,28,11.8,4.4,3,53,0,11,21,1,2.36,6,3,+3,+0.69,-0.02,Matches
939,Max Dowman,eng ENG,MF,Arsenal,eng Premier League,16-142,2009,5,96,19,2.9,1.1,0,,0,5,19,11,1.80,3,1,+2,+1.87,+0.73,Matches
940,Damion Downs,us USA,FW,Hamburger SV,de Bundesliga,21-320,2004,12,536,45,17.5,6.0,6,70,0,6,20,3,1.00,4,8,-4,-0.67,-0.32,Matches
941,Radu Drăgușin,ro ROU,DF,Tottenham Hotspur,eng Premier League,24-108,2002,9,516,57,15.5,5.7,5,90,4,4,17,11,1.00,6,13,-7,-1.22,-1.12,Matches
942,Joél Drakes-Thomas,eng ENG,MF,Crystal Palace,eng Premier League,16-347,2009,2,9,5,0.3,0.1,0,,0,2,5,4,0.00,1,1,0,0.00,+0.24,Matches
943,Patrick Drewes,de GER,GK,Dortmund,de Bundesliga,33-107,1993,0,,,,,0,,0,0,,2,,,,,,,Matches
944,Stefan Drljača,de GER,GK,Stuttgart,de Bundesliga,27-032,1999,0,,,,,0,,0,0,,3,,,,,,,Matches
945,Dominik Drobnič,si SVN,DF,Parma,it Serie A,19-047,2007,0,,,,,0,,0,0,,7,,,,,,,Matches
946,Domingos Duarte,pt POR,DF,Getafe,es La Liga,31-073,1995,33,2833,86,85.1,31.5,33,86,26,0,,1,1.24,25,35,-10,-0.32,-0.86,Matches
947,Martin Dúbravka,sk SVK,GK,Burnley,eng Premier League,37-127,1989,35,3150,90,94.6,35.0,35,90,35,0,,2,0.57,35,71,-36,-1.03,-0.53,Matches
948,Denzel Dumfries,nl NED,MF,Inter,it Serie A,30-034,1996,20,1325,66,39.8,14.7,15,80,8,5,25,2,2.10,36,14,+22,+1.49,+0.06,Matches
949,Lewis Dunk,eng ENG,DF,Brighton,eng Premier League,34-182,1991,32,2748,86,82.5,30.5,30,90,30,2,24,1,1.41,44,37,+7,+0.23,-0.08,Matches
950,Maxime Dupé,fr FRA,GK,Nice,fr Ligue 1,33-079,1993,8,720,90,23.5,8.0,8,90,8,0,,26,0.88,11,15,-4,-0.50,+0.23,Matches
951,Pablo Durán,es ESP,"FW,MF",Celta Vigo,es La Liga,24-362,2001,29,1408,49,42.3,15.6,17,66,2,12,24,4,1.31,16,23,-7,-0.45,-0.96,Matches
952,Julien Duranville,be BEL,FW,Dortmund,de Bundesliga,20-017,2006,0,,,,,0,,0,0,,2,,,,,,,Matches
953,Mert Durmush,bg BUL,MF,Pisa,it Serie A,20-209,2005,0,,,,,0,,0,0,,2,,,,,,,Matches
954,Hugo Duro,es ESP,FW,Valencia,es La Liga,26-193,1999,35,1900,54,57.1,21.1,21,74,7,14,24,1,1.26,27,33,-6,-0.28,+0.03,Matches
955,Rafiu Durosinmi,ng NGA,FW,Pisa,it Serie A,23-141,2003,12,432,36,13.0,4.8,4,55,0,8,27,2,0.42,3,10,-7,-1.46,-0.31,Matches
956,Matteo Dutu,ro ROU,DF,Milan,it Serie A,20-180,2005,0,,,,,0,,0,0,,2,,,,,,,Matches
957,Jean-Kevin Duverne,ht HAI,DF,Nantes,fr Ligue 1,28-314,1997,0,,,,,0,,0,0,,3,,,,,,,Matches
958,Paulo Dybala,ar ARG,"MF,FW",Roma,it Serie A,32-188,1993,21,1264,60,38.0,14.0,14,77,5,7,26,2,1.90,18,10,+8,+0.57,-0.21,Matches
959,Edin Džeko,ba BIH,FW,Fiorentina,it Serie A,40-066,1986,11,244,22,7.3,2.7,2,52,0,9,16,6,0.36,2,6,-4,-1.48,-1.33,Matches
960,Adam Dźwigała,pl POL,DF,St Pauli,de Bundesliga,30-239,1995,19,1288,68,42.1,14.3,14,79,5,5,37,9,0.95,13,24,-11,-0.77,+0.25,Matches
961,Aron Dønnum,no NOR,MF,Toulouse,fr Ligue 1,28-032,1998,28,2419,86,81.4,26.9,28,86,23,0,,0,1.29,41,37,+4,+0.15,+0.64,Matches
962,George Earthy,eng ENG,MF,West Ham United,eng Premier League,21-259,2004,1,9,9,0.3,0.1,0,,0,1,9,5,0.00,0,1,-1,-10.00,-9.43,Matches
963,Younes Ebnoutalib,de GER,FW,Eintracht Frankfurt,de Bundesliga,22-251,2003,5,133,27,4.3,1.5,2,55,1,3,8,3,1.00,4,5,-1,-0.68,-0.58,Matches
964,Simon Ebonog,cm CMR,MF,Le Havre,fr Ligue 1,21-279,2004,30,1759,59,57.5,19.5,21,77,7,9,17,2,1.07,17,31,-14,-0.72,-0.85,Matches
965,Enzo Ebosse,cm CMR,DF,Hellas Verona,it Serie A,27-072,1999,4,214,54,6.4,2.4,3,68,1,1,9,19,0.50,1,6,-5,-2.10,-1.27,Matches
966,Enzo Ebosse,cm CMR,DF,Torino,it Serie A,27-072,1999,12,1025,85,30.8,11.4,12,85,8,0,,2,1.42,16,16,0,0.00,+0.74,Matches
967,Mathis Eboue,eng ENG,FW,Chelsea,eng Premier League,17-084,2009,0,,,,,0,,0,0,,1,,,,,,,Matches
968,Mauro Echegoyen,es ESP,MF,Osasuna,es La Liga,21-080,2005,0,,,,,0,,0,0,,3,,,,,,,Matches
969,Claudio Echeverri,ar ARG,"FW,MF",Girona,es La Liga,20-140,2006,16,600,38,18.0,6.7,5,63,0,11,26,1,0.81,9,12,-3,-0.45,-0.02,Matches
970,Claudio Echeverri,ar ARG,MF,Leverkusen,de Bundesliga,20-140,2006,6,134,22,4.4,1.5,1,55,0,5,16,7,0.33,2,6,-4,-2.69,-3.46,Matches
971,Ederson,br BRA,GK,Manchester City,eng Premier League,32-278,1993,0,,,,,0,,0,0,,2,,,,,,,Matches
972,Éderson,br BRA,MF,Atalanta,it Serie A,26-319,1999,30,2230,74,67.0,24.8,26,81,16,4,28,2,1.53,30,18,+12,+0.48,+0.24,Matches
973,Noah Edjouma,fr FRA,FW,Toulouse,fr Ligue 1,20-230,2005,12,256,21,8.6,2.8,2,61,0,10,13,8,1.42,4,2,+2,+0.70,+0.74,Matches
974,Noah Edjouma,fr FRA,MF,Lille,fr Ligue 1,20-230,2005,3,92,31,3.0,1.0,1,60,0,2,16,4,1.67,1,1,0,0.00,-0.45,Matches
975,Andrias Edmundsson,fo FRO,DF,Hellas Verona,it Serie A,25-155,2000,14,1229,88,36.9,13.7,14,88,13,0,,0,0.50,7,18,-11,-0.81,+0.18,Matches
976,Odsonne Édouard,fr FRA,FW,Crystal Palace,eng Premier League,28-126,1998,1,3,3,0.1,0.0,0,,0,1,3,1,1.00,0,0,0,0.00,+0.24,Matches
977,Odsonne Édouard,fr FRA,FW,Lens,fr Ligue 1,28-126,1998,29,1796,62,58.7,20.0,26,66,0,3,28,0,2.00,36,19,+17,+0.85,-0.14,Matches
978,Tom Edozie,eng ENG,MF,Wolves,eng Premier League,20-004,2006,3,14,5,0.4,0.2,0,,0,3,5,7,0.67,1,0,+1,+6.43,+7.57,Matches
979,Yannick Eduardo,cz CZE,FW,Hoffenheim,de Bundesliga,20-119,2006,1,1,1,0.0,0.0,0,,0,1,1,1,1.00,0,0,0,0.00,-0.38,Matches
980,Alysson Edward,br BRA,MF,Aston Villa,eng Premier League,20-017,2006,3,49,16,1.5,0.5,0,,0,3,16,0,1.00,1,2,-1,-1.84,-2.03,Matches
981,Marcus Edwards,eng ENG,"MF,FW",Burnley,eng Premier League,27-170,1998,22,1051,48,31.6,11.7,11,79,2,11,16,12,0.45,14,18,-4,-0.34,+0.96,Matches
982,Frédéric Efuele,cd COD,DF,Toulouse,fr Ligue 1,21-091,2005,0,,,,,0,,0,0,,1,,,,,,,Matches
983,CJ Egan-Riley,eng ENG,"DF,MF",Marseille,fr Ligue 1,23-140,2003,11,624,57,20.4,6.9,8,75,4,3,9,15,1.55,9,9,0,0.00,-0.67,Matches
984,Maximilian Eggestein,de GER,MF,Freiburg,de Bundesliga,29-165,1996,34,3060,90,100.0,34.0,34,90,34,0,,0,1.38,51,57,-6,-0.18,,Matches
985,Unai Eguíluz,es ESP,DF,Athletic Club,es La Liga,24-064,2002,0,,,,,0,,0,0,,2,,,,,,,Matches
986,Kingsley Ehizibue,nl NED,"MF,DF",Udinese,it Serie A,30-362,1995,31,1721,56,51.7,19.1,19,82,9,12,14,5,1.55,25,22,+3,+0.16,+0.44,Matches
987,Ovie Ejaria,eng ENG,MF,Oviedo,es La Liga,28-185,1997,8,200,25,6.0,2.2,2,54,0,6,15,5,0.75,2,3,-1,-0.45,+0.41,Matches
988,Chidera Ejuke,ng NGA,"MF,FW",Sevilla,es La Liga,28-140,1998,26,918,35,27.6,10.2,6,66,1,20,26,7,1.12,17,15,+2,+0.20,+0.76,Matches
989,Hjalmar Ekdal,se SWE,DF,Burnley,eng Premier League,27-213,1998,19,1539,81,46.2,17.1,17,89,15,2,9,13,0.53,13,34,-21,-1.23,-0.42,Matches
990,Jeff Ekhator,it ITA,"FW,MF",Genoa,it Serie A,19-192,2006,30,956,32,28.7,10.6,9,62,0,21,19,7,1.03,13,15,-2,-0.19,+0.08,Matches
991,Hugo Ekitike,fr FRA,FW,Liverpool,eng Premier League,23-336,2002,28,1803,64,54.1,20.0,21,77,6,7,26,1,1.68,35,25,+10,+0.50,+0.50,Matches
992,Jurgen Ekkelenkamp,nl NED,MF,Udinese,it Serie A,26-047,2000,31,2186,71,65.6,24.3,27,78,5,4,22,4,1.35,29,30,-1,-0.04,+0.04,Matches
993,Jacques Ekomie,ga GAB,"DF,MF",Angers,fr Ligue 1,22-276,2003,32,2239,70,73.2,24.9,25,84,17,7,20,0,1.13,21,35,-14,-0.56,-0.01,Matches
994,Caleb Ekuban,gh GHA,"FW,MF",Genoa,it Serie A,32-060,1994,31,994,32,29.8,11.0,6,64,0,25,24,1,1.10,13,15,-2,-0.18,+0.09,Matches
995,Anthony Elanga,se SWE,"FW,MF",Newcastle United,eng Premier League,24-025,2002,31,1294,42,38.9,14.4,14,70,2,17,18,2,1.16,20,27,-7,-0.49,-0.80,Matches
996,Daniel Elfadli,ly LBY,DF,Hamburger SV,de Bundesliga,29-046,1997,21,1253,60,40.9,13.9,15,77,8,6,17,8,1.14,15,21,-6,-0.43,-0.03,Matches
997,Unai Elgezabal,es ESP,"DF,MF",Levante,es La Liga,33-027,1993,12,958,80,28.8,10.6,11,85,8,1,26,4,0.42,15,24,-9,-0.85,-0.69,Matches
998,Melker Ellborg,se SWE,GK,Sunderland,eng Premier League,23-000,2003,3,270,90,8.1,3.0,3,90,3,0,,10,2.00,3,2,+1,+0.33,+0.57,Matches
999,Mikael Ellertsson,is ISL,"MF,DF",Genoa,it Serie A,24-072,2002,35,2677,76,80.4,29.7,30,86,23,5,17,1,1.00,28,42,-14,-0.47,-1.16,Matches
1000,Harvey Elliott,eng ENG,"FW,MF",Liverpool,eng Premier League,23-048,2003,1,1,1,0.0,0.0,0,,0,1,1,2,3.00,1,0,+1,+90.00,+89.76,Matches
1001,Harvey Elliott,eng ENG,MF,Aston Villa,eng Premier League,23-048,2003,4,112,28,3.4,1.2,1,45,0,3,22,4,1.25,2,2,0,0.00,-0.17,Matches
1002,Elif Elmas,mk MKD,"MF,FW",Napoli,it Serie A,26-240,1999,32,1693,53,50.8,18.8,19,75,7,13,21,3,1.88,26,22,+4,+0.21,-0.72,Matches
1003,Nesta Elphege,fr FRA,FW,Parma,it Serie A,25-133,2001,9,309,34,9.3,3.4,2,68,0,7,25,6,0.89,4,2,+2,+0.58,+1.21,Matches
1004,Aritz Elustondo,es ESP,DF,Real Sociedad,es La Liga,32-055,1994,15,706,47,21.2,7.8,8,73,2,7,18,19,0.80,14,15,-1,-0.13,-0.09,Matches
1005,Nico Elvedi,ch SUI,DF,Gladbach,de Bundesliga,29-234,1996,33,2966,90,96.9,33.0,33,90,32,0,,0,1.15,41,50,-9,-0.27,+1.64,Matches
1006,Breel Embolo,ch SUI,FW,Rennes,fr Ligue 1,29-097,1997,31,1872,60,61.2,20.8,20,81,9,11,22,0,1.77,37,34,+3,+0.14,-0.31,Matches
1007,Emanuel Emegha,nl NED,FW,Strasbourg,fr Ligue 1,23-108,2003,10,443,44,14.5,4.9,4,79,2,6,21,0,1.80,9,6,+3,+0.61,+0.33,Matches
1008,Landon Emenalo,eng ENG,DF,Chelsea,eng Premier League,18-124,2008,0,,,,,0,,0,0,,1,,,,,,,Matches
1009,Emersonn,br BRA,FW,Toulouse,fr Ligue 1,21-310,2004,27,1499,56,50.5,16.7,18,69,3,9,29,0,1.14,20,18,+2,+0.12,+0.18,Matches
1010,Yunus Emre Konak,tr TUR,MF,Brentford,eng Premier League,20-132,2006,0,,,,,0,,0,0,,3,,,,,,,Matches
1011,Julio Enciso,py PAR,"MF,FW",Strasbourg,fr Ligue 1,22-119,2004,27,1883,70,61.5,20.9,22,80,7,5,23,1,1.41,35,30,+5,+0.24,-0.22,Matches
1012,Wataru Endo,jp JPN,DF,Liverpool,eng Premier League,33-102,1993,8,175,22,5.3,1.9,1,68,0,7,15,11,2.00,6,5,+1,+0.51,+0.26,Matches
1013,Endrick,br BRA,FW,Real Madrid,es La Liga,19-305,2006,1,12,12,0.4,0.1,0,,0,1,12,10,1.50,1,1,0,0.00,-1.08,Matches
1014,Endrick,br BRA,"FW,MF",Lyon,fr Ligue 1,19-305,2006,16,1215,76,39.7,13.5,14,82,4,2,36,0,1.69,26,20,+6,+0.44,+0.10,Matches
1015,Yannik Engelhardt,de GER,MF,Gladbach,de Bundesliga,25-104,2001,31,2487,80,81.3,27.6,29,85,22,2,18,0,1.19,38,39,-1,-0.04,+1.53,Matches
1016,Christian Eriksen,dk DEN,MF,Wolfsburg,de Bundesliga,34-097,1992,31,2410,78,78.8,26.8,27,85,10,4,32,1,0.77,36,53,-17,-0.63,+0.33,Matches
1017,Aarón Escandell,es ESP,GK,Oviedo,es La Liga,30-237,1995,36,3240,90,97.3,36.0,36,90,36,0,,1,0.81,26,56,-30,-0.83,+0.17,Matches
1018,Albert Escriche,es ESP,DF,Atalanta,it Serie A,18-363,2007,0,,,,,0,,0,0,,1,,,,,,,Matches
1019,Xavi Espart,es ESP,DF,Barcelona,es La Liga,19-001,2007,3,120,40,3.6,1.3,1,90,1,2,15,12,2.00,5,2,+3,+2.25,+0.62,Matches
1020,Carlos Espí,es ESP,FW,Levante,es La Liga,20-302,2005,24,1253,52,37.6,13.9,12,83,4,12,21,9,1.33,25,20,+5,+0.36,+1.14,Matches
1021,Martín Espinal,es ESP,FW,Osasuna,es La Liga,22-277,2003,0,,,,,0,,0,0,,1,,,,,,,Matches
1022,Alfonso Espino,uy URU,"DF,MF",Rayo Vallecano,es La Liga,34-137,1992,29,1396,48,41.9,15.5,14,79,7,15,20,6,1.45,13,22,-9,-0.58,-0.81,Matches
1023,Diego Espinosa,es ESP,DF,Oviedo,es La Liga,21-324,2004,0,,,,,0,,0,0,,2,,,,,,,Matches
1024,Francesco Esposito,it ITA,FW,Inter,it Serie A,20-328,2005,34,1481,44,44.5,16.5,14,72,4,20,23,1,2.35,34,15,+19,+1.15,-0.55,Matches
1025,Sebastiano Esposito,it ITA,"FW,MF",Cagliari,it Serie A,23-324,2002,35,2586,74,77.7,28.7,33,76,7,2,34,1,1.11,28,36,-8,-0.28,+0.45,Matches
1026,Salvi Esquivel,es ESP,GK,Atlético Madrid,es La Liga,20-234,2005,0,,,,,0,,0,0,,26,,,,,,,Matches
1027,Romain Esse,eng ENG,MF,Crystal Palace,eng Premier League,21-009,2005,4,44,11,1.3,0.5,0,,0,4,11,11,0.50,0,0,0,0.00,+0.25,Matches
1028,Samuel Essende,cd COD,"MF,FW",Augsburg,de Bundesliga,28-119,1998,14,414,30,13.5,4.6,2,90,2,12,20,3,1.21,5,10,-5,-1.09,-0.71,Matches
1029,Dario Essugo,pt POR,MF,Chelsea,eng Premier League,21-069,2005,3,30,10,0.9,0.3,0,,0,3,10,6,1.00,0,1,-1,-3.00,-3.22,Matches
1030,Marco Esteban,es ESP,DF,Oviedo,es La Liga,20-141,2006,1,45,45,1.4,0.5,0,,0,1,45,3,0.00,0,0,0,0.00,+0.85,Matches
1031,Sergio Esteban,es ESP,FW,Atlético Madrid,es La Liga,19-063,2007,0,,,,,0,,0,0,,1,,,,,,,Matches
1032,Maxime Estève,fr FRA,DF,Burnley,eng Premier League,23-361,2002,34,2932,86,88.0,32.6,34,86,28,0,,0,0.56,34,70,-36,-1.11,-0.88,Matches
1033,Tomás Esteves,pt POR,"DF,MF",Pisa,it Serie A,24-049,2002,1,14,14,0.4,0.2,0,,0,1,14,10,0.00,0,1,-1,-6.43,-5.26,Matches
1034,Nahuel Estévez,ar ARG,MF,Parma,it Serie A,30-189,1995,32,1049,33,31.5,11.7,9,76,5,23,16,3,1.06,7,11,-4,-0.34,+0.25,Matches
1035,Pervis Estupiñán,ec ECU,MF,Milan,it Serie A,28-121,1998,19,1034,54,31.1,11.5,13,74,6,6,12,13,1.79,17,6,+11,+0.96,+0.64,Matches
1036,Karl Etta Eyong,cm CMR,FW,Villarreal,es La Liga,22-220,2003,3,256,85,7.7,2.8,3,85,2,0,,0,2.33,8,0,+8,+2.81,+2.40,Matches
1037,Karl Etta Eyong,cm CMR,FW,Levante,es La Liga,22-220,2003,29,1411,49,42.4,15.7,15,79,6,14,16,3,1.10,21,32,-11,-0.70,-0.61,Matches
1038,Evanilson,br BRA,FW,Bournemouth,eng Premier League,26-228,1999,35,2670,76,80.2,29.7,31,82,9,4,36,0,1.49,42,39,+3,+0.10,-0.04,Matches
1039,Edu Expósito,es ESP,MF,Espanyol,es La Liga,29-294,1996,35,2433,70,73.1,27.0,31,75,8,4,26,1,1.17,31,35,-4,-0.15,+0.65,Matches
1040,Eberechi Eze,eng ENG,"MF,FW",Arsenal,eng Premier League,27-327,1998,31,1796,58,53.9,20.0,21,74,5,10,25,4,2.06,37,13,+24,+1.20,+0.09,Matches
1041,Eberechi Eze,eng ENG,MF,Crystal Palace,eng Premier League,27-327,1998,1,83,83,2.5,0.9,1,83,0,0,,0,1.00,0,0,0,0.00,+0.25,Matches
1042,Abde Ezzalzouli,ma MAR,"MF,FW",Real Betis,es La Liga,24-156,2001,28,2168,77,65.1,24.1,25,83,16,3,30,0,1.57,43,33,+10,+0.42,+0.42,Matches
1043,Giovanni Fabbian,it ITA,MF,Bologna,it Serie A,23-128,2003,14,705,50,21.2,7.8,8,72,1,6,21,7,1.43,10,7,+3,+0.38,+0.38,Matches
1044,Giovanni Fabbian,it ITA,MF,Fiorentina,it Serie A,23-128,2003,14,378,27,11.4,4.2,3,64,1,11,17,2,1.29,2,4,-2,-0.48,-0.26,Matches
1045,Łukasz Fabiański,pl POL,GK,West Ham United,eng Premier League,41-034,1985,0,,,,,0,,0,0,,1,,,,,,,Matches
1046,Alieu Fadera,gm GAM,FW,Sassuolo,it Serie A,24-200,2001,28,987,35,29.6,11.0,8,67,0,20,22,5,1.57,12,11,+1,+0.09,+0.24,Matches
1047,Bandiougou Fadiga,fr FRA,MF,Lorient,fr Ligue 1,25-127,2001,0,,,,,0,,0,0,,3,,,,,,,Matches
1048,Wout Faes,be BEL,DF,Monaco,fr Ligue 1,28-049,1998,14,1141,82,37.3,12.7,13,85,12,1,33,2,1.71,27,23,+4,+0.32,+0.22,Matches
1049,Nicolò Fagioli,it ITA,MF,Fiorentina,it Serie A,25-099,2001,33,2554,77,76.7,28.4,30,82,14,3,34,3,1.09,31,42,-11,-0.39,-0.62,Matches
1050,Romain Faivre,fr FRA,MF,Bournemouth,eng Premier League,27-312,1998,0,,,,,0,,0,0,,1,,,,,,,Matches
1051,Romain Faivre,fr FRA,"MF,FW",Auxerre,fr Ligue 1,27-312,1998,10,581,58,19.0,6.5,7,77,2,3,15,1,1.00,7,7,0,0.00,+0.36,Matches
1052,Omar Falah,es ESP,DF,Oviedo,es La Liga,22-255,2003,1,14,14,0.4,0.2,0,,0,1,14,3,0.00,0,0,0,0.00,+0.84,Matches
1053,Wladimiro Falcone,it ITA,GK,Lecce,it Serie A,31-040,1995,37,3330,90,100.0,37.0,37,90,37,0,,0,0.95,27,50,-23,-0.62,,Matches
1054,Fallou Fall,sn SEN,MF,Lyon,fr Ligue 1,20-075,2006,0,,,,,0,,0,0,,1,,,,,,,Matches
1055,Valerio Farcomeni,it ITA,MF,Lazio,it Serie A,20-124,2006,0,,,,,0,,0,0,,12,,,,,,,Matches
1056,Ansu Fati,es ESP,"MF,FW",Monaco,fr Ligue 1,23-203,2002,25,1093,44,35.7,12.1,10,71,2,15,26,1,1.64,27,23,+4,+0.33,+0.24,Matches
1057,Lamini Fati,es ESP,DF,Real Madrid,es La Liga,20-034,2006,0,,,,,0,,0,0,,1,,,,,,,Matches
1058,Enzo Faty,fr FRA,FW,Toulouse,fr Ligue 1,19-074,2007,0,,,,,0,,0,0,,2,,,,,,,Matches
1059,Abdoulaye Faye,sn SEN,DF,Lorient,fr Ligue 1,21-242,2004,17,1444,85,47.2,16.0,16,87,14,1,45,0,1.18,22,31,-9,-0.56,-0.90,Matches
1060,Nouroudine Faye,it ITA,FW,Cremonese,it Serie A,19-139,2007,0,,,,,0,,0,0,,1,,,,,,,Matches
1061,Jacopo Fazzini,it ITA,"MF,FW",Fiorentina,it Serie A,23-067,2003,20,584,29,17.5,6.5,5,73,0,15,15,10,0.95,6,8,-2,-0.31,-0.08,Matches
1062,Aleix Febas,es ESP,MF,Elche,es La Liga,30-109,1996,35,3077,88,92.4,34.2,35,88,30,0,,0,1.11,44,51,-7,-0.20,+0.15,Matches
1063,Mattia Felici,it ITA,MF,Cagliari,it Serie A,25-035,2001,11,411,37,12.3,4.6,4,58,0,7,25,2,0.91,7,7,0,0.00,+0.43,Matches
1064,Luiz Felipe,it ITA,DF,Rayo Vallecano,es La Liga,29-061,1997,10,470,47,14.1,5.2,7,63,3,3,11,11,1.20,8,4,+4,+0.77,+1.02,Matches
1065,Pablo Felipe,es ESP,DF,Elche,es La Liga,20-337,2005,0,,,,,0,,0,0,,1,,,,,,,Matches
1066,Pedro Felipe,br BRA,DF,Juventus,it Serie A,21-364,2004,0,,,,,0,,0,0,,13,,,,,,,Matches
1067,Pedro Felipe,br BRA,DF,Sassuolo,it Serie A,21-364,2004,2,92,46,2.8,1.0,1,90,1,1,2,12,1.50,2,3,-1,-0.98,-0.92,Matches
1068,Frank Feller,de GER,GK,Heidenheim,de Bundesliga,22-135,2004,3,270,90,8.8,3.0,3,90,3,0,,16,1.00,3,5,-2,-0.67,+0.27,Matches
1069,Robin Fellhauer,de GER,MF,Augsburg,de Bundesliga,28-121,1998,34,2799,82,91.5,31.1,31,85,19,3,56,0,1.26,38,56,-18,-0.58,-1.27,Matches
1070,Kiko Femenía,es ESP,"DF,MF",Getafe,es La Liga,35-109,1991,28,2008,72,60.3,22.3,25,76,8,3,35,1,1.25,20,24,-4,-0.18,+0.02,Matches
1071,Evan Ferguson,ie IRL,FW,Roma,it Serie A,21-215,2004,16,773,48,23.2,8.6,10,59,1,6,30,3,1.88,12,6,+6,+0.70,-0.01,Matches
1072,Lewis Ferguson,sct SCO,MF,Bologna,it Serie A,26-271,1999,26,1511,58,45.4,16.8,16,85,12,10,16,9,1.15,18,25,-7,-0.42,-0.91,Matches
1073,Bruno Fernandes,pt POR,MF,Manchester Utd,eng Premier League,31-256,1994,34,2973,87,89.3,33.0,34,87,28,0,,0,1.85,63,46,+17,+0.51,+0.77,Matches
1074,Mateus Fernandes,pt POR,MF,West Ham United,eng Premier League,21-316,2004,35,2926,84,87.9,32.5,34,85,22,1,26,0,1.03,37,50,-13,-0.40,+1.61,Matches
1075,Saná Fernandes,pt POR,MF,Lazio,it Serie A,20-073,2006,0,,,,,0,,0,0,,2,,,,,,,Matches
1076,Adri Fernández,es ESP,DF,Oviedo,es La Liga,20-215,2005,0,,,,,0,,0,0,,2,,,,,,,Matches
1077,Aitor Fernández,es ESP,GK,Osasuna,es La Liga,35-019,1991,2,136,68,4.1,1.5,1,90,1,1,46,33,0.00,2,7,-5,-3.31,-3.31,Matches
1078,Álvaro Fernández,es ESP,GK,Sevilla,es La Liga,28-039,1998,0,,,,,0,,0,0,,1,,,,,,,Matches
1079,Dro Fernández,es ESP,MF,Barcelona,es La Liga,18-130,2008,4,92,23,2.8,1.0,1,45,0,3,16,13,3.00,3,1,+2,+1.96,+0.32,Matches
1080,Dro Fernández,es ESP,MF,Paris Saint-Germain,fr Ligue 1,18-130,2008,12,682,57,22.3,7.6,7,77,4,5,28,3,2.08,15,7,+8,+1.06,-0.34,Matches
1081,Enzo Fernández,ar ARG,MF,Chelsea,eng Premier League,25-125,2001,35,3025,86,90.8,33.6,34,88,27,1,37,0,1.40,52,44,+8,+0.24,+0.53,Matches
1082,Ezequiél Fernández,ar ARG,MF,Leverkusen,de Bundesliga,23-301,2002,20,984,49,32.2,10.9,12,67,2,8,22,5,2.05,21,20,+1,+0.09,-0.78,Matches
1083,Guillermo Fernandez,es ESP,MF,Barcelona,es La Liga,17-338,2008,0,,,,,0,,0,0,,1,,,,,,,Matches
1084,Javier Fernández,es ESP,MF,Bayern Munich,de Bundesliga,19-175,2006,0,,,,,0,,0,0,,1,,,,,,,Matches
1085,Manu Fernández,es ESP,DF,Celta Vigo,es La Liga,25-029,2001,14,758,54,22.8,8.4,9,74,3,5,18,20,1.64,12,11,+1,+0.12,+0.01,Matches
1086,Pelayo Fernandez,es ESP,DF,Rayo Vallecano,es La Liga,23-023,2003,1,45,45,1.4,0.5,0,,0,1,45,2,3.00,0,1,-1,-2.00,-1.92,Matches
1087,Rafa Fernández,es ESP,GK,Osasuna,es La Liga,22-020,2004,0,,,,,0,,0,0,,1,,,,,,,Matches
1088,Raúl Fernández,es ESP,GK,Alavés,es La Liga,38-070,1988,0,,,,,0,,0,0,,37,,,,,,,Matches
1089,Roberto Férnandez,es ESP,FW,Espanyol,es La Liga,23-323,2002,37,2316,63,69.5,25.7,24,80,10,13,30,0,1.22,26,34,-8,-0.31,+0.04,Matches
1090,Thiago Fernández,ar ARG,"MF,FW",Oviedo,es La Liga,22-049,2004,16,817,51,24.5,9.1,9,65,0,7,33,0,1.00,12,16,-4,-0.44,+0.53,Matches
1091,Toni Fernández,es ESP,FW,Barcelona,es La Liga,17-311,2008,1,45,45,1.4,0.5,1,45,0,0,,10,3.00,1,1,0,0.00,-1.67,Matches
1092,Matias Fernandez-Pardo,be BEL,"FW,MF",Lille,fr Ligue 1,21-108,2005,29,2370,82,77.5,26.3,27,85,15,2,38,2,1.69,32,26,+6,+0.23,-0.95,Matches
1093,Mathias Ferrante,it ITA,GK,Napoli,it Serie A,19-263,2006,0,,,,,0,,0,0,,18,,,,,,,Matches
1094,Diego Ferrer,es ESP,GK,Getafe,es La Liga,19-035,2007,0,,,,,0,,0,0,,2,,,,,,,Matches
1095,Álvaro Fidalgo,mx MEX,MF,Real Betis,es La Liga,29-043,1997,8,531,66,15.9,5.9,8,66,0,0,,7,1.25,7,8,-1,-0.17,-0.52,Matches
1096,Seydou Fini,it ITA,FW,Genoa,it Serie A,19-354,2006,1,32,32,1.0,0.4,0,,0,1,32,20,0.00,1,0,+1,+2.81,+3.09,Matches
1097,Max Finkgräfe,de GER,DF,RB Leipzig,de Bundesliga,22-056,2004,13,504,39,16.5,5.6,5,86,3,8,9,13,2.23,9,13,-4,-0.71,-1.52,Matches
1098,Junior Firpo,do DOM,DF,Real Betis,es La Liga,29-273,1996,12,827,69,24.8,9.2,10,78,4,2,26,13,1.08,13,15,-2,-0.22,-0.65,Matches
1099,Jonathan Fischer,dk DEN,GK,Metz,fr Ligue 1,24-194,2001,27,2354,87,76.9,26.2,26,90,26,1,14,7,0.52,25,56,-31,-1.19,+0.47,Matches
1100,Kilian Fischer,de GER,DF,Wolfsburg,de Bundesliga,25-222,2000,11,800,73,26.1,8.9,10,78,5,1,18,4,0.73,10,21,-11,-1.24,-0.72,Matches
1101,Fitz Fleck,de GER,MF,Gladbach,de Bundesliga,18-357,2007,0,,,,,0,,0,0,,2,,,,,,,Matches
1102,Mark Flekken,nl NED,GK,Leverkusen,de Bundesliga,32-343,1993,24,2129,89,69.6,23.7,24,89,23,0,,0,1.67,51,38,+13,+0.55,-0.22,Matches
1103,Zian Flemming,nl NED,FW,Burnley,eng Premier League,27-294,1998,28,1685,60,50.6,18.7,20,79,6,8,13,3,0.64,22,34,-12,-0.64,+0.73,Matches
1104,Jack Fletcher,eng ENG,MF,Manchester Utd,eng Premier League,19-064,2007,3,108,36,3.2,1.2,0,,0,3,36,5,1.33,0,0,0,0.00,-0.45,Matches
1105,Tyler Fletcher,sct SCO,MF,Manchester Utd,eng Premier League,19-064,2007,1,1,1,0.0,0.0,0,,0,1,1,12,3.00,0,0,0,0.00,-0.43,Matches
1106,Romano Floriani,it ITA,MF,Cremonese,it Serie A,23-115,2003,27,1123,42,33.7,12.5,12,71,3,15,18,8,0.78,12,20,-8,-0.64,-0.07,Matches
1107,Phil Foden,eng ENG,MF,Manchester City,eng Premier League,25-359,2000,32,1996,62,59.9,22.2,22,83,12,10,17,3,2.06,52,17,+35,+1.58,+1.04,Matches
1108,Malick Fofana,be BEL,"MF,FW",Lyon,fr Ligue 1,21-052,2005,12,749,62,24.5,8.3,9,80,1,3,9,1,1.50,10,7,+3,+0.36,-0.03,Matches
1109,Rayan Fofana,fr FRA,"FW,MF",Lens,fr Ligue 1,20-099,2006,25,798,32,26.1,8.9,7,61,0,18,21,8,2.08,17,8,+9,+1.02,+0.14,Matches
1110,Sadik Fofana,tg TOG,MF,Lecce,it Serie A,23-006,2003,5,84,17,2.5,0.9,1,45,0,4,10,8,1.20,0,1,-1,-1.07,-0.46,Matches
1111,Seko Fofana,ci CIV,MF,Rennes,fr Ligue 1,31-015,1995,12,655,55,21.4,7.3,7,83,4,5,14,1,1.50,9,12,-3,-0.41,-0.86,Matches
1112,Wesley Fofana,fr FRA,DF,Chelsea,eng Premier League,25-156,2000,24,1661,69,49.9,18.5,19,81,10,5,26,6,1.58,26,22,+4,+0.22,+0.05,Matches
1113,Youssouf Fofana,fr FRA,MF,Milan,it Serie A,27-132,1999,32,2136,67,64.1,23.7,27,74,8,5,29,3,1.94,36,19,+17,+0.72,+0.57,Matches
1114,Jonas Föhrenbach,de GER,"DF,MF",Heidenheim,de Bundesliga,30-116,1996,27,2325,86,76.0,25.8,25,88,22,2,65,4,0.93,34,51,-17,-0.66,+1.06,Matches
1115,Kevin Folgado,fr FRA,GK,Real Sociedad,es La Liga,21-115,2005,0,,,,,0,,0,0,,6,,,,,,,Matches
1116,Francesco Folino,it ITA,DF,Cremonese,it Serie A,24-119,2002,18,722,40,21.7,8.0,7,87,6,11,10,18,1.00,5,15,-10,-1.25,-0.83,Matches
1117,Michael Folorunsho,it ITA,"MF,FW",Cagliari,it Serie A,28-104,1998,27,1999,74,60.0,22.2,24,81,11,3,21,0,0.96,20,30,-10,-0.45,-0.18,Matches
1118,Nicolas Fonseca,uy URU,MF,Oviedo,es La Liga,27-215,1998,18,928,52,27.9,10.3,11,69,1,7,25,1,0.89,13,19,-6,-0.58,+0.35,Matches
1119,Joel Fontanet,es ESP,,Valencia,es La Liga,20-084,2006,0,,,,,0,,0,0,,4,,,,,,,Matches
1120,Álex Forés,es ESP,FW,Oviedo,es La Liga,25-040,2001,17,315,19,9.5,3.5,2,66,0,15,12,15,0.35,1,7,-6,-1.71,-0.97,Matches
1121,Pablo Fornals,es ESP,MF,Real Betis,es La Liga,30-089,1996,36,2769,77,83.2,30.8,33,80,15,3,40,1,1.58,51,37,+14,+0.46,+1.10,Matches
1122,Fraser Forster,eng ENG,GK,Bournemouth,eng Premier League,38-066,1988,0,,,,,0,,0,0,,4,,,,,,,Matches
1123,Héctor Fort,es ESP,"DF,MF",Elche,es La Liga,19-293,2006,13,475,37,14.3,5.3,7,56,0,6,14,3,1.31,9,6,+3,+0.57,+0.92,Matches
1124,Jesus Fortea,es ESP,DF,Real Madrid,es La Liga,19-057,2007,0,,,,,0,,0,0,,1,,,,,,,Matches
1125,Niccolò Fortini,it ITA,MF,Fiorentina,it Serie A,20-098,2006,16,541,34,16.2,6.0,2,78,1,14,28,14,0.81,9,12,-3,-0.50,-0.31,Matches
1126,Fortuño,es ESP,GK,Espanyol,es La Liga,24-229,2001,0,,,,,0,,0,0,,37,,,,,,,Matches
1127,Lyle Foster,za RSA,"FW,MF",Burnley,eng Premier League,25-261,2000,26,1371,53,41.2,15.2,15,75,3,11,22,2,0.58,11,30,-19,-1.25,-0.42,Matches
1128,Dimitri Foulquier,fr FRA,DF,Valencia,es La Liga,33-060,1993,15,1150,77,34.5,12.8,12,88,11,3,32,3,1.27,16,21,-5,-0.39,-0.14,Matches
1129,Juan Foyth,ar ARG,DF,Villarreal,es La Liga,28-130,1998,13,934,72,28.0,10.4,12,77,8,1,11,2,2.15,22,9,+13,+1.25,+0.91,Matches
1130,Aitor Fraga,es ESP,GK,Real Sociedad,es La Liga,23-071,2003,0,,,,,0,,0,0,,9,,,,,,,Matches
1131,Fran,es ESP,GK,Real Madrid,es La Liga,20-332,2005,0,,,,,0,,0,0,,9,,,,,,,Matches
1132,Alejandro Francés,es ESP,DF,Girona,es La Liga,23-294,2002,24,1116,47,33.5,12.4,11,78,6,13,20,8,1.33,13,19,-6,-0.48,-0.08,Matches
1133,Matteo Franceschelli,it ITA,GK,Bologna,it Serie A,17-287,2008,0,,,,,0,,0,0,,13,,,,,,,Matches
1134,Christian Frangella,it ITA,MF,Sassuolo,it Serie A,19-178,2006,1,3,3,0.1,0.0,0,,0,1,3,8,0.00,0,1,-1,-30.00,-29.95,Matches
1135,Przemysław Frankowski,pl POL,"MF,DF",Rennes,fr Ligue 1,31-040,1995,19,1210,64,39.5,13.4,15,75,5,4,21,1,1.68,20,16,+4,+0.30,+0.05,Matches
1136,Davide Frattesi,it ITA,MF,Inter,it Serie A,26-212,1999,22,569,26,17.1,6.3,3,80,2,19,17,14,2.45,15,4,+11,+1.74,+0.34,Matches
1137,Oscar Fraulo,dk DEN,MF,Gladbach,de Bundesliga,22-167,2003,4,43,11,1.4,0.5,0,,0,4,11,9,1.75,1,0,+1,+2.09,+2.45,Matches
1138,Tyler Fredricson,eng ENG,DF,Manchester Utd,eng Premier League,21-088,2005,1,3,3,0.1,0.0,0,,0,1,3,10,3.00,0,0,0,0.00,-0.43,Matches
1139,Alex Freeman,us USA,DF,Villarreal,es La Liga,21-286,2004,9,346,38,10.4,3.8,3,90,3,6,13,8,1.56,10,6,+4,+1.04,+0.50,Matches
1140,Kelven Frees,de GER,DF,Hoffenheim,de Bundesliga,21-108,2005,0,,,,,0,,0,0,,2,,,,,,,Matches
1141,Morten Frendrup,dk DEN,MF,Genoa,it Serie A,25-045,2001,35,2991,85,89.8,33.2,34,87,25,1,28,0,1.00,36,44,-8,-0.24,+0.02,Matches
1142,Martin Frese,dk DEN,"MF,DF",Hellas Verona,it Serie A,28-138,1998,30,2339,78,70.2,26.0,26,84,17,4,40,3,0.63,16,39,-23,-0.88,+0.11,Matches
1143,Remo Freuler,ch SUI,MF,Bologna,it Serie A,34-037,1992,28,2148,77,64.5,23.9,25,83,18,3,21,3,1.64,30,27,+3,+0.13,+0.13,Matches
1144,Marco Friedl,at AUT,DF,Werder Bremen,de Bundesliga,28-067,1998,30,2546,85,83.2,28.3,29,86,26,1,45,0,0.90,29,49,-20,-0.71,-0.18,Matches
1145,Marvin Friedrich,de GER,DF,Gladbach,de Bundesliga,30-160,1995,6,152,25,5.0,1.7,1,90,1,5,12,14,1.50,2,5,-3,-1.78,-1.53,Matches
1146,Jeremie Frimpong,nl NED,"DF,MF",Liverpool,eng Premier League,25-163,2000,20,1023,51,30.7,11.4,12,75,4,8,16,2,1.50,20,13,+7,+0.62,+0.50,Matches
1147,Christian Früchtl,de GER,GK,Lecce,it Serie A,26-114,2000,0,,,,,0,,0,0,,30,,,,,,,Matches
1148,Jorge de Frutos,es ESP,"FW,MF",Rayo Vallecano,es La Liga,29-091,1997,35,2418,69,72.6,26.9,31,74,6,4,34,1,1.34,30,23,+7,+0.26,+1.35,Matches
1149,Leo Fuhr Hjelde,no NOR,DF,Sunderland,eng Premier League,22-269,2003,0,,,,,0,,0,0,,5,,,,,,,Matches
1150,Chris Führich,de GER,MF,Stuttgart,de Bundesliga,28-133,1998,33,1698,51,55.5,18.9,20,70,1,13,23,1,1.79,41,28,+13,+0.69,+0.09,Matches
1151,Joel Fujita,jp JPN,MF,St Pauli,de Bundesliga,24-095,2002,32,2665,83,87.1,29.6,31,85,23,1,22,0,0.69,25,53,-28,-0.95,-0.26,Matches
1152,Niclas Füllkrug,de GER,FW,West Ham United,eng Premier League,33-102,1993,8,409,51,12.3,4.5,5,69,1,3,21,2,0.63,2,11,-9,-1.98,-1.58,Matches
1153,Niclas Füllkrug,de GER,FW,Milan,it Serie A,33-102,1993,19,629,33,18.9,7.0,3,63,0,16,27,2,1.68,13,6,+7,+1.00,+0.60,Matches
1154,Alessio Furlanetto,it ITA,GK,Lazio,it Serie A,24-104,2002,1,90,90,2.7,1.0,1,90,1,0,,33,0.00,0,2,-2,-2.00,-2.06,Matches
1155,Kaye Furo,be BEL,FW,Brentford,eng Premier League,19-105,2007,1,1,1,0.0,0.0,0,,0,1,1,11,3.00,0,0,0,0.00,-0.08,Matches
1156,David Fürst,de GER,DF,Köln,de Bundesliga,19-049,2007,0,,,,,0,,0,0,,1,,,,,,,Matches
1157,Matteo Fuscaldo,it ITA,GK,Juventus,it Serie A,21-086,2005,0,,,,,0,,0,0,,3,,,,,,,Matches
1158,Matteo Gabbia,it ITA,DF,Milan,it Serie A,26-213,1999,29,2440,84,73.3,27.1,27,88,25,2,29,2,2.00,41,23,+18,+0.66,+0.56,Matches
1159,Tommaso Gabellini,it ITA,FW,Torino,it Serie A,19-213,2006,0,,,,,0,,0,0,,4,,,,,,,Matches
1160,Tiago Gabriel,pt POR,DF,Lecce,it Serie A,21-147,2004,36,3129,87,94.0,34.8,35,89,33,1,12,0,0.94,27,46,-19,-0.55,+1.24,Matches
1161,Alessandro Gabrielloni,it ITA,FW,Como,it Serie A,31-316,1994,0,,,,,0,,0,0,,1,,,,,,,Matches
1162,Gianluca Gaetano,it ITA,"MF,FW",Cagliari,it Serie A,26-017,2000,32,1822,57,54.7,20.2,20,76,9,12,24,0,1.16,25,29,-4,-0.20,+0.40,Matches
1163,Roberto Gagliardini,it ITA,MF,Hellas Verona,it Serie A,32-045,1994,29,2272,78,68.2,25.2,25,84,19,4,43,1,0.52,17,36,-19,-0.75,+0.52,Matches
1164,Cody Gakpo,nl NED,"MF,FW",Liverpool,eng Premier League,27-015,1999,35,2647,76,79.5,29.4,31,82,15,4,28,0,1.51,47,38,+9,+0.31,+0.17,Matches
1165,Javi Galán,es ESP,DF,Osasuna,es La Liga,31-184,1994,19,1582,83,47.5,17.6,18,87,14,1,24,1,1.26,20,23,-3,-0.17,-0.07,Matches
1166,Javi Galán,es ESP,DF,Atlético Madrid,es La Liga,31-184,1994,5,134,27,4.0,1.5,1,72,0,4,16,13,2.20,2,2,0,0.00,-0.62,Matches
1167,Iñigo Ruiz de Galarreta,es ESP,MF,Athletic Club,es La Liga,32-289,1993,33,2147,65,64.5,23.9,29,68,4,4,45,1,1.18,27,34,-7,-0.29,+0.16,Matches
1168,Conor Gallagher,eng ENG,MF,Tottenham Hotspur,eng Premier League,26-105,2000,15,1103,74,33.1,12.3,13,81,5,2,28,0,0.67,12,23,-11,-0.90,-0.94,Matches
1169,Conor Gallagher,eng ENG,MF,Atlético Madrid,es La Liga,26-105,2000,19,679,36,20.4,7.5,4,65,1,15,28,0,2.00,15,7,+8,+1.06,+0.59,Matches
1170,Antonino Gallo,it ITA,DF,Lecce,it Serie A,26-137,2000,36,2966,82,89.1,33.0,33,87,28,3,29,0,0.97,24,43,-19,-0.58,+0.41,Matches
1171,Idrissa Gana Gueye,sn SEN,MF,Everton,eng Premier League,36-238,1989,25,2093,84,62.9,23.3,25,84,16,0,,0,1.32,26,26,0,0.00,+0.15,Matches
1172,Ignatius Ganago,cm CMR,FW,Nantes,fr Ligue 1,27-095,1999,13,839,65,28.2,9.3,10,76,3,3,26,1,0.64,9,7,+2,+0.21,+1.27,Matches
1173,Omri Gandelman,il ISR,"MF,FW",Lecce,it Serie A,26-006,2000,18,930,52,27.9,10.3,10,72,2,8,26,1,1.00,7,12,-5,-0.48,+0.19,Matches
1174,Ismaëlo Ganiou,fr FRA,DF,Lens,fr Ligue 1,21-069,2005,23,2014,88,65.8,22.4,22,89,21,1,52,8,2.09,44,25,+19,+0.85,-0.18,Matches
1175,Ben Gannon-Doak,sct SCO,MF,Bournemouth,eng Premier League,20-192,2005,7,79,11,2.4,0.9,0,,0,7,11,11,1.71,5,1,+4,+4.56,+4.56,Matches
1176,Facundo Garcés,my MAS,DF,Alavés,es La Liga,26-259,1999,10,793,79,23.8,8.8,8,90,8,2,37,1,1.20,8,11,-3,-0.34,-0.06,Matches
1177,Aleix García,es ESP,MF,Leverkusen,de Bundesliga,28-328,1997,33,2667,81,87.2,29.6,31,83,19,2,43,0,1.70,59,39,+20,+0.67,+0.45,Matches
1178,Álvaro García,es ESP,"MF,FW",Rayo Vallecano,es La Liga,33-207,1992,31,2056,66,61.7,22.8,22,81,7,9,31,1,1.13,21,28,-7,-0.31,-0.52,Matches
1179,Andrés García,es ESP,DF,Aston Villa,eng Premier League,23-104,2003,5,41,8,1.2,0.5,0,,0,5,8,9,1.00,2,2,0,0.00,-0.16,Matches
1180,Eder García,es ESP,FW,Athletic Club,es La Liga,22-138,2004,2,38,19,1.1,0.4,0,,0,2,19,3,1.50,1,0,+1,+2.37,+2.75,Matches
1181,Eric García,es ESP,"DF,MF",Barcelona,es La Liga,25-133,2001,33,2660,81,79.9,29.6,31,84,21,2,29,3,2.58,77,22,+55,+1.86,+1.05,Matches
1182,Fran Garcia,es ESP,"DF,MF",Real Madrid,es La Liga,26-281,1999,13,929,71,27.9,10.3,10,83,6,3,34,23,2.08,19,10,+9,+0.87,-0.29,Matches
1183,Germán García,es ESP,GK,Real Betis,es La Liga,22-110,2004,0,,,,,0,,0,0,,2,,,,,,,Matches
1184,Gonzalo García,es ESP,FW,Real Madrid,es La Liga,22-059,2004,29,891,31,26.8,9.9,8,74,2,21,14,8,2.21,24,11,+13,+1.31,+0.32,Matches
1185,Hugo García,es ESP,MF,Celta Vigo,es La Liga,19-203,2006,1,8,8,0.2,0.1,0,,0,1,8,1,3.00,0,0,0,0.00,-0.11,Matches
1186,Jandro García,es ESP,MF,Mallorca,es La Liga,20-088,2006,0,,,,,0,,0,0,,5,,,,,,,Matches
1187,Joan García,es ESP,GK,Barcelona,es La Liga,25-018,2001,30,2700,90,81.1,30.0,30,90,30,0,,1,2.73,81,21,+60,+2.00,+1.86,Matches
1188,Pablo Garcia,es ESP,MF,Real Betis,es La Liga,19-343,2006,15,388,26,11.7,4.3,2,71,0,13,19,10,1.53,8,3,+5,+1.16,+1.01,Matches
1189,Pere García,es ESP,GK,Valencia,es La Liga,24-061,2002,0,,,,,0,,0,0,,1,,,,,,,Matches
1190,Rubén García,es ESP,"MF,FW",Osasuna,es La Liga,32-312,1993,34,2227,66,66.9,24.7,28,73,4,6,31,0,1.21,26,30,-4,-0.16,-0.08,Matches
1191,Ulisses Garcia,ch SUI,"MF,DF",Marseille,fr Ligue 1,30-131,1996,4,211,53,6.9,2.3,2,77,0,2,29,6,1.50,5,4,+1,+0.43,-0.11,Matches
1192,Ulisses Garcia,ch SUI,DF,Sassuolo,it Serie A,30-131,1996,12,853,71,25.6,9.5,9,86,7,3,27,1,1.42,15,9,+6,+0.63,+0.96,Matches
1193,Víctor García,es ESP,"MF,FW",Levante,es La Liga,28-248,1997,21,1040,50,31.2,11.6,12,68,1,9,25,8,1.10,13,15,-2,-0.17,+0.26,Matches
1194,Ilann Garin,fr FRA,DF,Angers,fr Ligue 1,20-082,2006,0,,,,,0,,0,0,,2,,,,,,,Matches
1195,Alejandro Garnacho,ar ARG,MF,Chelsea,eng Premier League,21-325,2004,24,1268,53,38.1,14.1,14,68,4,10,31,8,1.46,20,20,0,0.00,-0.31,Matches
1196,James Garner,eng ENG,"MF,DF",Everton,eng Premier League,25-070,2001,37,3323,90,99.8,36.9,37,90,36,0,,0,1.32,47,49,-2,-0.05,-0.05,Matches
1197,Erawan Garnier,th THA,DF,Lens,fr Ligue 1,20-137,2006,1,7,7,0.2,0.1,0,,0,1,7,3,0.00,0,0,0,0.00,-0.91,Matches
1198,Thibaud Garondo,fr FRA,MF,Toulouse,fr Ligue 1,20-130,2006,0,,,,,0,,0,0,,3,,,,,,,Matches
1199,Federico Gatti,it ITA,DF,Juventus,it Serie A,27-332,1998,20,1003,50,30.1,11.1,11,79,6,9,15,10,2.05,10,11,-1,-0.09,-1.17,Matches
1200,Federico Gattoni,ar ARG,DF,Sevilla,es La Liga,27-095,1999,1,10,10,0.3,0.1,0,,0,1,10,12,1.00,0,0,0,0.00,+0.35,Matches
1201,Gavi,es ESP,MF,Barcelona,es La Liga,21-290,2004,10,483,48,14.5,5.4,6,66,1,4,22,2,3.00,14,3,+11,+2.05,+0.47,Matches
1202,Emil Gazdov,ca CAN,GK,St Pauli,de Bundesliga,22-253,2003,0,,,,,0,,0,0,,1,,,,,,,Matches
1203,Jusuf Gazibegović,ba BIH,DF,Köln,de Bundesliga,26-072,2000,1,23,23,0.8,0.3,0,,0,1,23,5,3.00,1,1,0,0.00,+0.41,Matches
1204,Paulo Gazzaniga,ar ARG,GK,Girona,es La Liga,34-140,1992,34,3012,89,90.5,33.5,34,89,33,0,,2,1.15,36,46,-10,-0.30,+1.40,Matches
1205,Jean-Philippe Gbamin,ci CIV,"DF,MF",Metz,fr Ligue 1,30-239,1995,31,2485,80,81.2,27.6,30,82,25,1,26,0,0.48,27,63,-36,-1.30,-0.05,Matches
1206,Yann Gboho,fr FRA,"MF,FW",Toulouse,fr Ligue 1,25-128,2001,31,2601,84,87.6,28.9,30,85,21,1,45,0,1.31,41,37,+4,+0.14,+0.87,Matches
1207,David de Gea,es ESP,GK,Fiorentina,it Serie A,35-196,1990,37,3330,90,100.0,37.0,37,90,37,0,,0,1.11,40,49,-9,-0.24,,Matches
1208,Kris Gecaj,al ALB,DF,Genoa,it Serie A,17-189,2008,0,,,,,0,,0,0,,1,,,,,,,Matches
1209,Lutsharel Geertruida,nl NED,"DF,MF",Sunderland,eng Premier League,25-308,2000,27,1603,59,48.1,17.8,16,87,13,11,20,7,1.30,14,22,-8,-0.45,-0.50,Matches
1210,Lutsharel Geertruida,nl NED,DF,RB Leipzig,de Bundesliga,25-308,2000,0,,,,,0,,0,0,,1,,,,,,,Matches
1211,Valentin Gendrey,fr FRA,DF,Hoffenheim,de Bundesliga,25-335,2000,8,59,7,1.9,0.7,0,,0,8,7,6,2.13,2,1,+1,+1.53,+1.17,Matches
1212,Tyrique George,eng ENG,FW,Chelsea,eng Premier League,20-107,2006,4,145,36,4.4,1.6,0,,0,4,36,4,1.00,5,2,+3,+1.86,+1.75,Matches
1213,Tyrique George,eng ENG,MF,Everton,eng Premier League,20-107,2006,10,189,19,5.7,2.1,1,61,0,9,14,2,0.80,5,7,-2,-0.95,-0.95,Matches
1214,Yannick Gerhardt,de GER,MF,Wolfsburg,de Bundesliga,32-070,1994,19,1068,56,34.9,11.9,12,81,4,7,13,11,1.16,17,29,-12,-1.01,-0.47,Matches
1215,Maël Gernigon,fr FRA,DF,Angers,fr Ligue 1,16-233,2009,0,,,,,0,,0,0,,5,,,,,,,Matches
1216,Willem Geubbels,fr FRA,FW,Paris FC,fr Ligue 1,24-279,2001,24,1013,42,33.1,11.3,12,66,0,12,18,6,1.29,14,17,-3,-0.27,-0.27,Matches
1217,Ismaël Gharbi,tn TUN,MF,Augsburg,de Bundesliga,22-042,2004,6,94,16,3.1,1.0,0,,0,6,16,15,0.17,0,0,0,0.00,+0.49,Matches
1218,Mourad El Ghezouani,ma MAR,FW,Elche,es La Liga,27-360,1998,2,50,25,1.5,0.6,0,,0,2,25,1,2.00,1,0,+1,+1.80,+2.05,Matches
1219,Rachid Ghezzal,dz ALG,"MF,FW",Lyon,fr Ligue 1,34-013,1992,10,225,23,7.4,2.5,2,54,0,8,15,13,1.50,4,5,-1,-0.40,-0.84,Matches
1220,Daniele Ghilardi,it ITA,DF,Roma,it Serie A,23-136,2003,22,1052,48,31.6,11.7,8,84,7,14,27,15,1.95,19,15,+4,+0.34,-0.53,Matches
1221,Andrea Ghion,it ITA,MF,Sassuolo,it Serie A,26-088,2000,1,10,10,0.3,0.1,0,,0,1,10,1,0.00,0,0,0,0.00,+0.08,Matches
1222,Giacomo Giacomone,it ITA,GK,Lazio,it Serie A,17-339,2008,0,,,,,0,,0,0,,10,,,,,,,Matches
1223,Dimitris Giannoulis,gr GRE,MF,Augsburg,de Bundesliga,30-217,1995,27,1888,70,61.7,21.0,25,74,9,2,25,0,1.37,32,39,-7,-0.33,+0.36,Matches
1224,Morgan Gibbs-White,eng ENG,MF,Nottingham Forest,eng Premier League,26-115,2000,36,3007,84,90.3,33.4,34,87,19,2,33,0,1.17,41,44,-3,-0.09,-0.09,Matches
1225,Samuel Gigot,fr FRA,"DF,MF",Lazio,it Serie A,32-222,1993,0,,,,,0,,0,0,,2,,,,,,,Matches
1226,Bryan Gil,es ESP,"MF,FW",Girona,es La Liga,25-100,2001,28,1521,54,45.7,16.9,19,69,1,9,23,2,1.14,18,20,-2,-0.12,+0.58,Matches
1227,Mario Gila,es ESP,DF,Lazio,it Serie A,25-266,2000,30,2427,81,72.9,27.0,30,81,19,0,,0,1.40,29,27,+2,+0.07,+0.27,Matches
1228,Billy Gilmour,sct SCO,MF,Napoli,it Serie A,24-345,2001,16,751,47,22.6,8.3,8,76,4,8,18,7,2.19,14,5,+9,+1.08,+0.66,Matches
1229,Benedikt Gimber,de GER,DF,Heidenheim,de Bundesliga,29-092,1997,21,1436,68,46.9,16.0,18,75,10,3,28,6,0.62,8,40,-32,-2.01,-2.06,Matches
1230,Santiago Giménez,mx MEX,FW,Milan,it Serie A,25-034,2001,15,847,56,25.4,9.4,10,71,1,5,27,2,1.80,14,10,+4,+0.43,-0.12,Matches
1231,Gvidas Gineitis,lt LTU,MF,Torino,it Serie A,22-037,2004,28,1711,61,51.4,19.0,22,73,8,6,17,5,1.32,19,31,-12,-0.63,-0.24,Matches
1232,Matthias Ginter,de GER,DF,Freiburg,de Bundesliga,32-123,1994,32,2833,89,92.6,31.5,32,89,29,0,,0,1.47,49,51,-2,-0.06,+1.52,Matches
1233,Giovane,br BRA,"FW,MF",Hellas Verona,it Serie A,22-179,2003,21,1533,73,46.0,17.0,19,77,8,2,33,0,0.67,12,23,-11,-0.65,+0.51,Matches
1234,Giovane,br BRA,"MF,FW",Napoli,it Serie A,22-179,2003,12,338,28,10.2,3.8,2,72,0,10,19,4,1.67,4,6,-2,-0.53,-1.22,Matches
1235,Olivier Giroud,fr FRA,FW,Lille,fr Ligue 1,39-234,1986,30,1609,54,52.6,17.9,17,78,4,13,22,1,1.70,16,25,-9,-0.50,-1.99,Matches
1236,Jamie Gittens,eng ENG,MF,Chelsea,eng Premier League,21-287,2004,16,495,31,14.9,5.5,5,57,1,11,19,6,2.06,7,7,0,0.00,-0.22,Matches
1237,Robert Glatzel,de GER,FW,Hamburger SV,de Bundesliga,32-134,1994,19,612,32,20.0,6.8,7,65,1,12,13,5,1.16,10,13,-3,-0.44,-0.04,Matches
1238,Daniel Gleiber,de GER,MF,Mainz 05,de Bundesliga,21-110,2005,0,,,,,0,,0,0,,5,,,,,,,Matches
1239,Serge Gnabry,de GER,MF,Bayern Munich,de Bundesliga,30-312,1995,21,1219,58,39.8,13.5,16,68,1,5,26,4,2.71,48,14,+34,+2.51,-0.03,Matches
1240,Wilfried Gnonto,it ITA,FW,Leeds United,eng Premier League,22-198,2003,22,515,23,15.5,5.7,4,59,0,18,16,8,1.27,11,12,-1,-0.17,-0.08,Matches
1241,Riccardo Gnudi,it ITA,GK,Bologna,it Serie A,17-353,2008,0,,,,,0,,0,0,,1,,,,,,,Matches
1242,Giorgi Gocholeishvili,ge GEO,MF,Hamburger SV,de Bundesliga,25-097,2001,24,940,39,30.7,10.4,9,78,1,15,16,6,1.33,9,12,-3,-0.29,+0.18,Matches
1243,Martial Godo,ci CIV,MF,Strasbourg,fr Ligue 1,23-069,2003,28,1584,57,51.8,17.6,18,79,8,10,15,2,1.68,41,23,+18,+1.02,+1.45,Matches
1244,Maxima Goffi,fr FRA,DF,Lille,fr Ligue 1,18-119,2008,1,39,39,1.3,0.4,0,,0,1,39,11,1.00,1,1,0,0.00,-0.45,Matches
1245,Saba Goglichidze,ge GEO,DF,Udinese,it Serie A,21-331,2004,8,424,53,12.7,4.7,4,90,4,4,16,11,2.13,6,7,-1,-0.21,-0.18,Matches
1246,Airidas Golambeckis,eng ENG,DF,West Ham United,eng Premier League,18-199,2007,0,,,,,0,,0,0,,4,,,,,,,Matches
1247,Edoardo Goldaniga,it ITA,DF,Como,it Serie A,32-201,1993,2,15,8,0.5,0.2,0,,0,2,8,19,3.00,1,0,+1,+6.00,+5.13,Matches
1248,Pierluigi Gollini,it ITA,GK,Roma,it Serie A,31-065,1995,0,,,,,0,,0,0,,31,,,,,,,Matches
1249,Aleksandr Golovin,ru RUS,MF,Monaco,fr Ligue 1,29-357,1996,25,1649,66,53.9,18.3,21,74,4,4,26,2,1.72,28,19,+9,+0.49,+0.68,Matches
1250,André Gomes,pt POR,MF,Lille,fr Ligue 1,32-296,1993,2,8,4,0.3,0.1,0,,0,2,4,5,3.00,0,0,0,0.00,-0.44,Matches
1251,Angel Gomes,eng ENG,MF,Marseille,fr Ligue 1,25-264,2000,14,888,63,29.0,9.9,12,72,4,2,13,3,2.07,21,9,+12,+1.22,+0.97,Matches
1252,Angel Gomes,eng ENG,"MF,FW",Wolves,eng Premier League,25-264,2000,11,396,36,11.9,4.4,6,56,0,5,13,2,0.91,3,7,-4,-0.91,+0.23,Matches
1253,João Gomes,br BRA,MF,Wolves,eng Premier League,25-099,2001,35,2829,81,85.0,31.4,32,86,23,3,24,1,0.51,21,56,-35,-1.11,-0.04,Matches
1254,Rodrigo Gomes,pt POR,"MF,FW",Wolves,eng Premier League,22-319,2003,21,879,42,26.4,9.8,8,71,1,13,24,4,0.57,11,17,-6,-0.61,+0.67,Matches
1255,Toti Gomes,pt POR,DF,Wolves,eng Premier League,27-126,1999,18,1399,78,42.0,15.5,17,82,12,1,1,7,0.28,7,33,-26,-1.67,-0.97,Matches
1256,Diego Gómez,py PAR,"MF,FW",Brighton,eng Premier League,23-056,2003,31,2062,67,61.9,22.9,25,76,2,6,28,0,1.45,26,26,0,0.00,-0.64,Matches
1257,Ferran Gómez,es ESP,MF,Espanyol,es La Liga,20-060,2006,0,,,,,0,,0,0,,6,,,,,,,Matches
1258,Joe Gomez,eng ENG,DF,Liverpool,eng Premier League,28-364,1997,20,605,30,18.2,6.7,7,63,2,13,12,11,1.65,17,14,+3,+0.45,+0.22,Matches
1259,Moi Gómez,es ESP,MF,Osasuna,es La Liga,31-333,1994,25,1180,47,35.4,13.1,12,78,3,13,19,10,0.92,15,15,0,0.00,+0.21,Matches
1260,Rubén Gómez,es ESP,GK,Villarreal,es La Liga,24-118,2002,0,,,,,0,,0,0,,2,,,,,,,Matches
1261,Sergio Gómez,es ESP,DF,Real Sociedad,es La Liga,25-260,2000,34,2634,77,79.1,29.3,29,87,20,5,23,1,1.24,46,44,+2,+0.07,+0.59,Matches
1262,Unai Gómez,es ESP,MF,Athletic Club,es La Liga,22-362,2003,25,877,35,26.3,9.7,11,53,0,14,21,10,1.36,8,21,-13,-1.33,-1.33,Matches
1263,Valentín Gómez,ar ARG,DF,Real Betis,es La Liga,22-330,2003,27,1870,69,56.2,20.8,19,90,19,8,20,9,1.63,29,28,+1,+0.05,-0.51,Matches
1264,Georges Gomis,sn SEN,DF,Le Havre,fr Ligue 1,18-141,2008,1,1,1,0.0,0.0,0,,0,1,1,2,3.00,0,0,0,0.00,+0.35,Matches
1265,Tidiam Gomis,fr FRA,FW,RB Leipzig,de Bundesliga,19-287,2006,18,348,19,11.4,3.9,2,69,0,16,13,10,1.78,5,9,-4,-1.03,-1.80,Matches
1266,Rafael Gonçalves,pt POR,"MF,DF",Strasbourg,fr Ligue 1,21-093,2005,12,588,49,19.2,6.5,6,79,4,6,19,17,1.67,8,13,-5,-0.77,-1.35,Matches
1267,Tiago Goncalves,fr FRA,MF,Lyon,fr Ligue 1,18-216,2007,0,,,,,0,,0,0,,2,,,,,,,Matches
1268,Enso Gonzalez,py PAR,FW,Wolves,eng Premier League,21-122,2005,0,,,,,0,,0,0,,4,,,,,,,Matches
1269,Hugo González,es ESP,FW,Celta Vigo,es La Liga,23-104,2003,1,8,8,0.2,0.1,0,,0,1,8,1,0.00,0,0,0,0.00,-0.11,Matches
1270,Manu González,es ESP,GK,Real Betis,es La Liga,19-034,2007,0,,,,,0,,0,0,,2,,,,,,,Matches
1271,Nicolás González,es ESP,MF,Manchester City,eng Premier League,24-139,2002,24,1479,62,44.4,16.4,16,80,9,8,25,8,2.21,38,15,+23,+1.40,+0.43,Matches
1272,Nicolás González,ar ARG,"MF,DF",Atlético Madrid,es La Liga,28-046,1998,24,1448,60,43.5,16.1,18,70,5,6,31,0,2.00,28,15,+13,+0.81,+0.38,Matches
1273,Nicolás González,ar ARG,"FW,MF",Juventus,it Serie A,28-046,1998,2,19,10,0.6,0.2,0,,0,2,10,0,3.00,1,0,+1,+4.74,+4.03,Matches
1274,Peter González,do DOM,MF,Getafe,es La Liga,23-301,2002,0,,,,,0,,0,0,,3,,,,,,,Matches
1275,Urko González,es ESP,MF,Espanyol,es La Liga,25-063,2001,34,2533,75,76.1,28.1,27,88,22,7,22,0,1.21,31,44,-13,-0.46,-0.57,Matches
1276,Urko González,es ESP,"DF,MF",Real Sociedad,es La Liga,25-063,2001,1,11,11,0.3,0.1,0,,0,1,11,1,1.00,0,0,0,0.00,+0.05,Matches
1277,Anthony Gordon,eng ENG,FW,Newcastle United,eng Premier League,25-087,2001,26,1795,69,53.9,19.9,24,74,4,2,13,3,1.31,24,28,-4,-0.20,-0.44,Matches
1278,Leon Goretzka,de GER,MF,Bayern Munich,de Bundesliga,31-105,1995,31,1947,63,63.6,21.6,25,74,10,6,18,3,2.65,72,20,+52,+2.40,-0.35,Matches
1279,Mathieu Gorgelin,fr FRA,GK,Lens,fr Ligue 1,35-290,1990,1,90,90,2.9,1.0,1,90,1,0,,15,3.00,4,0,+4,+4.00,+3.18,Matches
1280,Andoni Gorosabel,es ESP,DF,Athletic Club,es La Liga,29-291,1996,23,1315,57,39.5,14.6,15,78,8,8,18,13,1.26,18,24,-6,-0.41,-0.10,Matches
1281,Jon Gorrotxategi,es ESP,MF,Real Sociedad,es La Liga,24-109,2002,30,2210,74,66.4,24.6,26,80,15,4,30,2,1.20,36,39,-3,-0.12,-0.20,Matches
1282,Olaf Gorter,nl NED,MF,Lecce,it Serie A,21-111,2005,2,28,14,0.8,0.3,0,,0,2,14,12,0.00,0,1,-1,-3.21,-2.61,Matches
1283,Alimami Gory,ml MLI,"MF,DF",Paris FC,fr Ligue 1,29-265,1996,24,982,41,32.1,10.9,9,69,1,15,24,3,1.21,13,20,-7,-0.64,-0.81,Matches
1284,Robin Gosens,de GER,"DF,MF",Fiorentina,it Serie A,31-321,1994,25,1806,72,54.2,20.1,23,77,10,2,20,4,1.12,18,24,-6,-0.30,-0.12,Matches
1285,Mikel Goti,es ESP,MF,Real Sociedad,es La Liga,23-364,2002,4,76,19,2.3,0.8,1,56,0,3,7,13,0.75,3,3,0,0.00,+0.06,Matches
1286,Mario Götze,de GER,MF,Eintracht Frankfurt,de Bundesliga,33-353,1992,21,886,42,29.0,9.8,8,67,1,13,27,8,1.48,15,20,-5,-0.51,-0.55,Matches
1287,Amine Gouiri,dz ALG,"FW,MF",Marseille,fr Ligue 1,26-095,2000,22,1326,60,43.3,14.7,15,77,4,7,25,1,1.73,28,22,+6,+0.41,-0.22,Matches
1288,Lucas Gourna-Douath,fr FRA,MF,Le Havre,fr Ligue 1,22-290,2003,15,1272,85,41.6,14.1,14,88,10,1,45,0,0.87,11,18,-7,-0.50,-0.24,Matches
1289,Tiago Gouveia,pt POR,MF,Nice,fr Ligue 1,24-338,2001,15,532,35,17.4,5.9,5,69,2,10,19,5,1.06,6,17,-11,-1.86,-1.43,Matches
1290,Jeffrey Gouweleeuw,nl NED,DF,Augsburg,de Bundesliga,34-316,1991,11,848,77,27.7,9.4,10,82,6,1,29,1,1.27,16,20,-4,-0.42,+0.06,Matches
1291,Kamil Grabara,pl POL,GK,Wolfsburg,de Bundesliga,27-134,1999,34,3060,90,100.0,34.0,34,90,34,0,,0,0.85,45,69,-24,-0.71,,Matches
1292,Josh Gracey,nir NIR,GK,Wolves,eng Premier League,18-159,2007,0,,,,,0,,0,0,,2,,,,,,,Matches
1293,Jonathan Gradit,fr FRA,DF,Lens,fr Ligue 1,33-179,1992,10,807,81,26.4,9.0,10,81,8,0,,0,2.20,19,8,+11,+1.23,+0.43,Matches
1294,Braiden Graham,nir NIR,FW,Everton,eng Premier League,18-196,2007,0,,,,,0,,0,0,,1,,,,,,,Matches
1295,Jens Grahl,de GER,GK,Eintracht Frankfurt,de Bundesliga,37-242,1988,0,,,,,0,,0,0,,10,,,,,,,Matches
1296,Nicola Grandu,it ITA,FW,Cagliari,it Serie A,19-311,2006,0,,,,,0,,0,0,,1,,,,,,,Matches
1297,Alberto Grassi,it ITA,MF,Cremonese,it Serie A,31-076,1995,29,1683,58,50.5,18.7,17,76,6,12,33,3,1.00,14,29,-15,-0.80,-0.42,Matches
1298,Ryan Gravenberch,nl NED,MF,Liverpool,eng Premier League,24-006,2002,35,2910,83,87.4,32.3,33,86,28,2,29,0,1.60,49,41,+8,+0.25,-0.18,Matches
1299,Archie Gray,eng ENG,"MF,DF",Tottenham Hotspur,eng Premier League,20-071,2006,23,1469,64,44.1,16.3,18,78,9,5,12,11,0.74,18,28,-10,-0.61,-0.61,Matches
1300,Charlie Gray,eng ENG,MF,Manchester City,eng Premier League,20-089,2006,0,,,,,0,,0,0,,1,,,,,,,Matches
1301,Harry Gray,eng ENG,FW,Leeds United,eng Premier League,17-226,2008,0,,,,,0,,0,0,,1,,,,,,,Matches
1302,Jack Grealish,eng ENG,MF,Everton,eng Premier League,30-254,1995,20,1627,81,48.9,18.1,18,88,11,2,20,0,1.55,23,23,0,0.00,+0.11,Matches
1303,Mason Greenwood,eng ENG,MF,Marseille,fr Ligue 1,24-233,2001,32,2462,77,80.5,27.4,29,82,16,3,31,1,1.75,52,36,+16,+0.58,+0.28,Matches
1304,Michael Gregoritsch,at AUT,FW,Augsburg,de Bundesliga,32-034,1994,17,913,54,29.8,10.1,11,73,2,6,19,1,1.35,19,14,+5,+0.49,+1.37,Matches
1305,Dominik Greif,sk SVK,GK,Lyon,fr Ligue 1,29-046,1997,29,2610,90,85.3,29.0,29,90,29,0,,4,1.72,47,37,+10,+0.34,-0.26,Matches
1306,Antoine Griezmann,fr FRA,FW,Atlético Madrid,es La Liga,35-062,1991,33,1391,42,41.8,15.5,12,68,3,21,27,1,1.91,31,18,+13,+0.84,+0.42,Matches
1307,Vincenzo Grifo,it ITA,MF,Freiburg,de Bundesliga,33-045,1993,33,1710,52,55.9,19.0,21,70,4,12,20,1,1.42,27,33,-6,-0.32,-0.32,Matches
1308,Álex Grimaldo,es ESP,MF,Leverkusen,de Bundesliga,30-244,1995,29,2521,87,82.4,28.0,29,87,25,0,,1,1.79,60,40,+20,+0.71,+0.55,Matches
1309,Pascal Groß,de GER,MF,Dortmund,de Bundesliga,34-341,1991,11,613,56,20.0,6.8,7,78,1,4,16,4,2.00,9,5,+4,+0.59,-0.59,Matches
1310,Pascal Groß,de GER,MF,Brighton,eng Premier League,34-341,1991,18,1546,86,46.4,17.2,17,90,15,1,20,0,1.56,22,14,+8,+0.47,+0.42,Matches
1311,Jacopo Grossi,it ITA,MF,Genoa,it Serie A,19-228,2006,0,,,,,0,,0,0,,6,,,,,,,Matches
1312,Brajan Gruda,de GER,"MF,FW",RB Leipzig,de Bundesliga,21-356,2004,13,753,58,24.6,8.4,8,77,2,5,28,0,2.00,20,12,+8,+0.96,+0.53,Matches
1313,Brajan Gruda,de GER,MF,Brighton,eng Premier League,21-356,2004,18,719,40,21.6,8.0,8,69,0,10,17,1,1.28,14,11,+3,+0.38,+0.17,Matches
1314,Ilia Gruev,bg BUL,MF,Leeds United,eng Premier League,26-016,2000,23,1323,58,39.7,14.7,15,79,6,8,17,10,1.52,17,22,-5,-0.34,-0.38,Matches
1315,Marco Grüll,at AUT,"MF,FW",Werder Bremen,de Bundesliga,27-320,1998,33,2006,61,65.6,22.3,23,77,6,10,24,0,0.94,21,38,-17,-0.76,-0.25,Matches
1316,Albert Grønbaek,dk DEN,MF,Hamburger SV,de Bundesliga,24-364,2001,7,492,70,16.1,5.5,6,78,2,1,24,1,1.14,8,11,-3,-0.55,-0.16,Matches
1317,Albert Grønbaek,dk DEN,MF,Genoa,it Serie A,24-364,2001,4,103,26,3.1,1.1,1,59,0,3,15,10,1.25,2,0,+2,+1.75,+2.05,Matches
1318,Vicente Guaita,es ESP,GK,Parma,it Serie A,39-132,1987,0,,,,,0,,0,0,,8,,,,,,,Matches
1319,Nemanja Gudelj,rs SRB,"DF,MF",Sevilla,es La Liga,34-187,1991,33,2343,71,70.4,26.0,26,85,19,7,21,3,1.21,33,41,-8,-0.31,+0.15,Matches
1320,Gabriel Gudmundsson,se SWE,"DF,MF",Leeds United,eng Premier League,27-023,1999,32,2631,82,79.0,29.2,31,84,21,1,22,0,1.19,40,45,-5,-0.17,-0.30,Matches
1321,Gonçalo Guedes,pt POR,MF,Real Sociedad,es La Liga,29-174,1996,32,1823,57,54.7,20.3,22,72,5,10,25,0,1.31,32,26,+6,+0.30,+0.77,Matches
1322,Marc Guéhi,eng ENG,DF,Crystal Palace,eng Premier League,25-313,2000,20,1800,90,54.1,20.0,20,90,20,0,,0,1.35,22,23,-1,-0.05,+0.42,Matches
1323,Marc Guéhi,eng ENG,DF,Manchester City,eng Premier League,25-313,2000,15,1350,90,40.5,15.0,15,90,15,0,,0,2.33,31,12,+19,+1.27,+0.18,Matches
1324,Mattéo Guendouzi,fr FRA,MF,Lazio,it Serie A,27-038,1999,16,1428,89,42.9,15.9,16,89,14,0,,0,1.25,13,12,+1,+0.06,+0.11,Matches
1325,Javier Guerra,es ESP,MF,Valencia,es La Liga,23-009,2003,35,1972,56,59.2,21.9,24,74,6,11,18,2,1.31,28,30,-2,-0.09,+0.51,Matches
1326,Raphaël Guerreiro,pt POR,MF,Bayern Munich,de Bundesliga,32-151,1993,18,784,44,25.6,8.7,8,69,1,10,24,11,3.00,31,7,+24,+2.76,+0.30,Matches
1327,Daniel Guerrero,es ESP,MF,Real Betis,es La Liga,20-300,2005,1,1,1,0.0,0.0,0,,0,1,1,4,1.00,0,0,0,0.00,-0.27,Matches
1328,Ismaël Guerti,fr FRA,FW,Metz,fr Ligue 1,21-296,2004,3,27,9,0.9,0.3,0,,0,3,9,7,1.00,3,4,-1,-3.33,-2.06,Matches
1329,Evann Guessand,ci CIV,MF,Crystal Palace,eng Premier League,24-325,2001,7,301,43,9.0,3.3,3,71,1,4,22,0,1.57,7,5,+2,+0.60,+0.92,Matches
1330,Evann Guessand,ci CIV,MF,Aston Villa,eng Premier League,24-325,2001,13,588,45,17.7,6.5,6,67,0,7,27,5,1.77,9,10,-1,-0.15,-0.38,Matches
1331,Ander Guevara,es ESP,MF,Alavés,es La Liga,28-319,1997,24,647,27,19.4,7.2,2,83,1,22,22,12,1.04,15,13,+2,+0.28,+0.71,Matches
1332,Idrissa Guèye,sn SEN,FW,Udinese,it Serie A,19-248,2006,18,384,21,11.5,4.3,1,81,0,17,18,16,1.00,3,6,-3,-0.70,-0.73,Matches
1333,Idrissa Guèye,sn SEN,FW,Metz,fr Ligue 1,19-248,2006,3,132,44,4.3,1.5,1,89,0,2,22,0,0.00,2,5,-3,-2.05,-0.79,Matches
1334,Lamine Gueye,sn SEN,MF,Paris FC,fr Ligue 1,28-070,1998,0,,,,,0,,0,0,,1,,,,,,,Matches
1335,Lamine Gueye,sn SEN,FW,Oviedo,es La Liga,21-249,2004,0,,,,,0,,0,0,,7,,,,,,,Matches
1336,Pape Gueye,sn SEN,MF,Villarreal,es La Liga,27-118,1999,29,2057,71,61.8,22.9,25,79,10,4,23,3,1.83,42,27,+15,+0.66,+0.16,Matches
1337,Morgan Guilavogui,gn GUI,MF,Lens,fr Ligue 1,28-073,1998,16,491,31,16.0,5.5,3,75,1,13,21,0,2.31,9,5,+4,+0.73,-0.21,Matches
1338,Frederic Guilbert,fr FRA,"DF,MF",Nantes,fr Ligue 1,31-149,1994,8,607,76,20.4,6.7,7,84,3,1,16,3,0.75,5,6,-1,-0.15,+0.69,Matches
1339,Nicolás Guilén Peguero,es ESP,MF,Sevilla,es La Liga,18-112,2008,0,,,,,0,,0,0,,1,,,,,,,Matches
1340,Luis Guilherme,br BRA,FW,West Ham United,eng Premier League,20-102,2006,5,125,25,3.8,1.4,1,45,0,4,20,3,0.40,2,2,0,0.00,+0.62,Matches
1341,Bruno Guimarães,br BRA,MF,Newcastle United,eng Premier League,28-187,1997,28,2388,85,71.7,26.5,26,89,19,2,37,1,1.50,43,35,+8,+0.30,+1.07,Matches
1342,Daouda Guindo,ml MLI,DF,Brest,fr Ligue 1,23-220,2002,25,1686,67,55.1,18.7,19,83,12,6,19,4,1.20,22,26,-4,-0.21,+0.31,Matches
1343,Bahereba Guirassy,fr FRA,"FW,MF",Nantes,fr Ligue 1,19-266,2006,20,821,41,27.6,9.1,9,65,0,11,21,8,0.85,9,11,-2,-0.22,+0.66,Matches
1344,Serhou Guirassy,gn GUI,FW,Dortmund,de Bundesliga,30-071,1996,33,2337,71,76.4,26.0,27,81,9,6,24,1,2.12,52,22,+30,+1.16,+0.41,Matches
1345,Marc Guiu,es ESP,FW,Sunderland,eng Premier League,20-138,2006,2,15,8,0.5,0.2,0,,0,2,8,1,1.50,1,1,0,0.00,+0.19,Matches
1346,Marc Guiu,es ESP,FW,Chelsea,eng Premier League,20-138,2006,8,257,32,7.7,2.9,1,75,0,7,26,17,1.63,6,2,+4,+1.40,+1.31,Matches
1347,Tommaso Guizzo,,GK,Pisa,it Serie A,,,0,,,,,0,,0,0,,6,,,,,,,Matches
1348,Péter Gulácsi,hu HUN,GK,RB Leipzig,de Bundesliga,36-016,1990,23,2008,87,65.6,22.3,23,87,22,0,,6,1.74,41,32,+9,+0.40,-0.45,Matches
1349,Arda Güler,tr TUR,MF,Real Madrid,es La Liga,21-086,2005,32,1997,62,60.0,22.2,25,72,3,7,28,0,2.28,42,20,+22,+0.99,-0.22,Matches
1350,Gerard Gumbau,es ESP,MF,Rayo Vallecano,es La Liga,31-155,1994,27,1085,40,32.6,12.1,13,67,2,14,15,10,1.15,15,20,-5,-0.41,-0.45,Matches
1351,İlkay Gündoğan,de GER,MF,Manchester City,eng Premier League,35-210,1990,0,,,,,0,,0,0,,2,,,,,,,Matches
1352,Angus Gunn,sct SCO,GK,Nottingham Forest,eng Premier League,30-120,1996,1,45,45,1.4,0.5,0,,0,1,45,13,1.00,0,0,0,0.00,+0.08,Matches
1353,Christian Günter,de GER,DF,Freiburg,de Bundesliga,33-083,1993,24,1547,64,50.6,17.2,18,80,9,6,17,10,1.33,21,31,-10,-0.58,-0.82,Matches
1354,Jon Guridi,es ESP,"MF,FW",Alavés,es La Liga,31-083,1995,27,1155,43,34.7,12.8,14,65,1,13,19,9,1.15,14,24,-10,-0.78,-0.74,Matches
1355,Régis Gurtner,fr FRA,GK,Lens,fr Ligue 1,39-165,1986,0,,,,,0,,0,0,,17,,,,,,,Matches
1356,Gorka Guruzeta,es ESP,FW,Athletic Club,es La Liga,29-252,1996,34,2290,67,68.8,25.4,27,77,13,7,29,2,1.24,30,34,-4,-0.16,+0.62,Matches
1357,Malo Gusto,fr FRA,DF,Chelsea,eng Premier League,23-003,2003,33,2177,66,65.4,24.2,25,79,10,8,24,1,1.36,41,33,+8,+0.33,+0.41,Matches
1358,Linus Güther,de GER,MF,Union Berlin,de Bundesliga,16-044,2010,1,7,7,0.2,0.1,0,,0,1,7,0,0.00,0,0,0,0.00,+0.41,Matches
1359,Miguel Gutiérrez,es ESP,"MF,DF",Napoli,it Serie A,24-299,2001,27,1398,52,42.0,15.5,14,81,8,13,20,6,1.85,23,18,+5,+0.32,-0.42,Matches
1360,Albert Guðmundsson,is ISL,"FW,MF",Fiorentina,it Serie A,28-341,1997,32,2175,68,65.3,24.2,26,78,9,6,26,2,1.00,28,28,0,0.00,+0.70,Matches
1361,Joško Gvardiol,hr CRO,DF,Manchester City,eng Premier League,24-119,2002,17,1359,80,40.8,15.1,16,83,12,1,34,2,2.29,37,13,+24,+1.59,+0.72,Matches
1362,Viktor Gyökeres,se SWE,FW,Arsenal,eng Premier League,27-352,1998,35,2216,63,66.5,24.6,26,76,10,9,27,0,2.23,51,13,+38,+1.54,+1.14,Matches
1363,Erling Haaland,no NOR,FW,Manchester City,eng Premier League,25-305,2000,35,2953,84,88.7,32.8,34,86,26,1,18,1,2.06,69,32,+37,+1.13,-0.30,Matches
1364,Janik Haberer,de GER,MF,Union Berlin,de Bundesliga,32-050,1994,28,1646,59,53.8,18.3,20,74,7,8,22,4,1.00,17,39,-22,-1.20,-1.71,Matches
1365,Robin Hack,de GER,MF,Gladbach,de Bundesliga,27-268,1998,8,320,40,10.5,3.6,3,80,2,5,16,2,1.38,3,4,-1,-0.28,+0.05,Matches
1366,Amadou Haidara,ml MLI,MF,RB Leipzig,de Bundesliga,28-111,1998,0,,,,,0,,0,0,,5,,,,,,,Matches
1367,Amadou Haidara,ml MLI,MF,Lens,fr Ligue 1,28-111,1998,7,259,37,8.5,2.9,2,62,0,5,27,7,1.86,5,1,+4,+1.39,+0.52,Matches
1368,Albian Hajdari,xk KVX,DF,Hoffenheim,de Bundesliga,23-004,2003,30,2434,81,79.5,27.0,28,85,20,2,32,1,1.77,52,37,+15,+0.55,+0.84,Matches
1369,Achraf Hakimi,ma MAR,DF,Paris Saint-Germain,fr Ligue 1,27-199,1998,18,1375,76,44.9,15.3,15,84,12,3,39,1,2.22,32,15,+17,+1.11,-0.38,Matches
1370,Lewis Hall,eng ENG,DF,Newcastle United,eng Premier League,21-256,2004,29,2091,72,62.8,23.2,23,86,18,6,19,4,1.34,34,37,-3,-0.13,-0.35,Matches
1371,Adil Hamdani,fr FRA,MF,Lyon,fr Ligue 1,17-121,2009,4,27,7,0.9,0.3,0,,0,4,7,5,1.50,1,0,+1,+3.33,+2.98,Matches
1372,Pierre-Yves Hamel,fr FRA,FW,Paris FC,fr Ligue 1,32-108,1994,2,78,39,2.5,0.9,1,70,0,1,8,1,0.00,0,2,-2,-2.31,-2.28,Matches
1373,Hilan Hamzaoui,fr FRA,DF,Marseille,fr Ligue 1,20-096,2006,1,3,3,0.1,0.0,0,,0,1,3,4,0.00,0,0,0,0.00,-0.53,Matches
1374,Andreas Hanche-Olsen,no NOR,DF,Mainz 05,de Bundesliga,29-125,1997,13,851,65,27.8,9.5,8,83,5,5,38,2,0.54,9,13,-4,-0.42,-0.22,Matches
1375,Dávid Hancko,sk SVK,DF,Atlético Madrid,es La Liga,28-160,1997,29,2387,82,71.7,26.5,26,89,24,3,25,4,1.97,47,27,+20,+0.75,+0.56,Matches
1376,Florent Hanin,dz ALG,"DF,MF",Angers,fr Ligue 1,36-107,1990,25,865,35,28.3,9.6,9,72,1,16,14,9,0.96,9,14,-5,-0.52,+0.05,Matches
1377,Isak Hansen-Aarøen,no NOR,MF,Werder Bremen,de Bundesliga,21-273,2004,1,2,2,0.1,0.0,0,,0,1,2,6,0.00,0,0,0,0.00,+0.68,Matches
1378,Ukko Happonen,fi FIN,GK,Bologna,it Serie A,19-070,2007,0,,,,,0,,0,0,,3,,,,,,,Matches
1379,Taichi Hara,jp JPN,FW,St Pauli,de Bundesliga,27-017,1999,4,27,7,0.9,0.3,0,,0,4,7,10,0.75,0,1,-1,-3.33,-2.44,Matches
1380,Hákon Haraldsson,is ISL,MF,Lille,fr Ligue 1,23-042,2003,32,2460,77,80.4,27.3,29,83,9,3,22,0,1.81,42,26,+16,+0.59,+0.74,Matches
1381,Conrad Harder,dk DEN,FW,RB Leipzig,de Bundesliga,21-045,2005,29,932,32,30.5,10.4,8,77,3,21,15,2,1.83,18,22,-4,-0.39,-1.36,Matches
1382,Amine Harit,ma MAR,"FW,MF",Marseille,fr Ligue 1,28-338,1997,0,,,,,0,,0,0,,2,,,,,,,Matches
1383,Jack Harrison,eng ENG,"FW,MF",Fiorentina,it Serie A,29-183,1996,14,891,64,26.8,9.9,9,80,5,5,34,2,1.64,12,9,+3,+0.30,+0.75,Matches
1384,Jack Harrison,eng ENG,FW,Leeds United,eng Premier League,29-183,1996,11,269,24,8.1,3.0,1,65,0,10,20,9,1.09,1,5,-4,-1.34,-1.34,Matches
1385,Abdou Harroui,nl NED,"MF,FW",Hellas Verona,it Serie A,28-129,1998,22,838,38,25.2,9.3,10,66,0,12,15,11,0.59,7,20,-13,-1.40,-0.64,Matches
1386,Quilindschy Hartman,nl NED,DF,Burnley,eng Premier League,24-189,2001,21,1825,87,54.8,20.3,21,87,16,0,,9,0.52,18,40,-22,-1.08,-0.19,Matches
1387,Luis Hasa,it ITA,MF,Napoli,it Serie A,22-136,2004,0,,,,,0,,0,0,,2,,,,,,,Matches
1388,Haissem Hassan,eg EGY,"MF,FW",Oviedo,es La Liga,24-103,2002,36,1897,53,57.0,21.1,20,71,3,16,30,1,0.78,11,31,-20,-0.95,-0.26,Matches
1389,Hans Hateboer,nl NED,"DF,MF",Rennes,fr Ligue 1,32-133,1994,1,22,22,0.7,0.2,0,,0,1,22,3,1.00,0,1,-1,-4.09,-4.39,Matches
1390,Hans Hateboer,nl NED,"DF,MF",Lyon,fr Ligue 1,32-133,1994,15,740,49,24.2,8.2,8,74,3,7,21,7,1.87,12,9,+3,+0.36,-0.02,Matches
1391,Jorrel Hato,nl NED,DF,Chelsea,eng Premier League,20-076,2006,21,1097,52,32.9,12.2,11,79,7,10,23,13,1.38,13,25,-12,-0.98,-1.75,Matches
1392,Kjetil Haug,no NOR,GK,Toulouse,fr Ligue 1,27-344,1998,1,31,31,1.0,0.3,0,,0,1,31,32,3.00,1,1,0,0.00,-0.03,Matches
1393,Kai Havertz,de GER,"FW,MF",Arsenal,eng Premier League,26-345,1999,11,536,49,16.1,6.0,7,62,1,4,26,2,2.45,9,3,+6,+1.01,-0.18,Matches
1394,Tom Heaton,eng ENG,GK,Manchester Utd,eng Premier League,40-037,1986,0,,,,,0,,0,0,,4,,,,,,,Matches
1395,Ayden Heaven,eng ENG,DF,Manchester Utd,eng Premier League,19-242,2006,17,924,54,27.7,10.3,11,80,7,6,8,20,2.00,20,15,+5,+0.49,+0.08,Matches
1396,Jan Paul van Hecke,nl NED,DF,Brighton,eng Premier League,25-348,2000,35,3120,89,93.7,34.7,35,89,34,0,,0,1.49,52,41,+11,+0.32,+1.17,Matches
1397,Hwang Hee-chan,kr KOR,"FW,MF",Wolves,eng Premier League,30-116,1996,25,1356,54,40.7,15.1,17,72,0,8,17,7,0.36,9,28,-19,-1.26,-0.26,Matches
1398,Torbjørn Heggem,no NOR,DF,Bologna,it Serie A,27-130,1999,26,2103,81,63.2,23.4,23,88,20,3,26,6,1.31,31,30,+1,+0.04,-0.10,Matches
1399,Gauthier Hein,fr FRA,"MF,FW",Metz,fr Ligue 1,29-288,1996,29,2351,81,76.8,26.1,26,87,19,3,29,0,0.45,28,62,-34,-1.30,-0.03,Matches
1400,Dominique Heintz,de GER,DF,Köln,de Bundesliga,32-280,1993,9,382,42,12.5,4.2,5,63,1,4,17,8,0.89,7,6,+1,+0.24,+0.74,Matches
1401,Mats Heitmann,de GER,DF,Werder Bremen,de Bundesliga,20-100,2006,0,,,,,0,,0,0,,1,,,,,,,Matches
1402,Eivind Helland,no NOR,DF,Bologna,it Serie A,21-027,2005,5,404,81,12.1,4.5,5,81,2,0,,10,1.40,3,6,-3,-0.67,-0.85,Matches
1403,George Hemmings,eng ENG,MF,Aston Villa,eng Premier League,19-079,2007,2,27,14,0.8,0.3,0,,0,2,14,9,0.00,1,0,+1,+3.33,+3.20,Matches
1404,Dean Henderson,eng ENG,GK,Crystal Palace,eng Premier League,29-071,1997,36,3240,90,97.3,36.0,36,90,36,0,,0,1.22,40,49,-9,-0.25,-0.25,Matches
1405,Jordan Henderson,eng ENG,MF,Brentford,eng Premier League,35-339,1990,31,1860,60,55.9,20.7,21,80,10,10,18,1,1.42,28,27,+1,+0.05,-0.07,Matches
1406,Ramon Hendriks,nl NED,DF,Stuttgart,de Bundesliga,24-308,2001,31,2025,65,66.2,22.5,22,86,17,9,14,2,1.77,50,38,+12,+0.53,-0.34,Matches
1407,Benjamin Henrichs,de GER,DF,RB Leipzig,de Bundesliga,29-088,1997,17,305,18,10.0,3.4,3,62,0,14,8,1,1.94,7,8,-1,-0.30,-0.95,Matches
1408,Luis Henrique,br BRA,MF,Inter,it Serie A,24-159,2001,29,1587,55,47.7,17.6,18,75,8,11,21,7,2.52,33,14,+19,+1.08,-0.73,Matches
1409,Rico Henry,jm JAM,DF,Brentford,eng Premier League,28-318,1997,25,1328,53,39.9,14.8,14,80,6,11,19,4,1.64,28,22,+6,+0.41,+0.54,Matches
1410,Pharell Hensel,de GER,MF,Wolfsburg,de Bundesliga,19-074,2007,5,69,14,2.3,0.8,1,61,0,4,2,10,1.40,0,4,-4,-5.22,-4.62,Matches
1411,Hannes Hermann,de GER,GK,Hamburger SV,de Bundesliga,21-060,2005,0,,,,,0,,0,0,,3,,,,,,,Matches
1412,Mads Hermansen,dk DEN,GK,West Ham United,eng Premier League,25-315,2000,17,1530,90,45.9,17.0,17,90,17,0,,20,1.12,18,28,-10,-0.59,+0.01,Matches
1413,Mario Hermoso,es ESP,DF,Roma,it Serie A,30-338,1995,26,1995,77,59.9,22.2,24,80,13,2,39,2,1.88,30,17,+13,+0.59,-0.29,Matches
1414,Izei Hernandez,es ESP,FW,Alavés,es La Liga,19-109,2007,0,,,,,0,,0,0,,2,,,,,,,Matches
1415,Javier Hernández,es ESP,MF,Espanyol,es La Liga,22-112,2004,0,,,,,0,,0,0,,12,,,,,,,Matches
1416,Juan Hernández,es ESP,FW,Barcelona,es La Liga,18-305,2007,0,,,,,0,,0,0,,2,,,,,,,Matches
1417,Lucas Hernández,fr FRA,DF,Paris Saint-Germain,fr Ligue 1,30-097,1996,25,1747,70,57.1,19.4,20,83,15,5,18,9,2.52,43,13,+30,+1.55,+0.52,Matches
1418,Hernani,br BRA,MF,Parma,it Serie A,32-056,1994,4,73,18,2.2,0.8,0,,0,4,18,8,0.50,0,2,-2,-2.47,-2.00,Matches
1419,Alex Herráiz,,MF,Elche,es La Liga,,,0,,,,,0,,0,0,,2,,,,,,,Matches
1420,Jorge Herrando,es ESP,DF,Osasuna,es La Liga,25-083,2001,27,1533,57,46.0,17.0,16,80,9,11,23,10,1.22,17,25,-8,-0.47,-0.62,Matches
1421,Sergio Herrera,es ESP,GK,Osasuna,es La Liga,32-351,1993,36,3194,89,95.9,35.5,36,89,35,0,,0,1.17,43,46,-3,-0.08,+1.24,Matches
1422,Yangel Herrera,ve VEN,MF,Girona,es La Liga,28-128,1998,2,110,55,3.3,1.2,2,55,0,0,,0,0.00,1,7,-6,-4.91,-4.63,Matches
1423,Yangel Herrera,ve VEN,MF,Real Sociedad,es La Liga,28-128,1998,11,436,40,13.1,4.8,5,65,1,6,19,4,1.45,10,15,-5,-1.03,-1.13,Matches
1424,Finlay Herrick,eng ENG,GK,West Ham United,eng Premier League,20-124,2006,0,,,,,0,,0,0,,1,,,,,,,Matches
1425,Charles Herrmann,de GER,FW,Gladbach,de Bundesliga,20-121,2006,1,5,5,0.2,0.1,0,,0,1,5,5,1.00,1,0,+1,+18.00,+18.35,Matches
1426,Reigan Heskey,eng ENG,FW,Manchester City,eng Premier League,18-124,2008,0,,,,,0,,0,0,,5,,,,,,,Matches
1427,Daniel Heuer Fernandes,pt POR,GK,Hamburger SV,de Bundesliga,33-190,1992,33,2970,90,97.1,33.0,33,90,33,0,,1,1.12,39,53,-14,-0.42,-0.42,Matches
1428,Aaron Hickey,sct SCO,"DF,MF",Brentford,eng Premier League,23-346,2002,20,659,33,19.8,7.3,8,68,1,12,10,8,1.50,8,9,-1,-0.14,-0.27,Matches
1429,Santiago Hidalgo,ar ARG,"MF,FW",Toulouse,fr Ligue 1,21-094,2005,28,1306,47,44.0,14.5,14,74,3,14,20,4,1.41,28,15,+13,+0.90,+1.54,Matches
1430,Isak Hien,se SWE,DF,Atalanta,it Serie A,27-129,1999,27,1880,70,56.5,20.9,19,86,17,8,30,4,1.59,27,23,+4,+0.19,-0.49,Matches
1431,Asier Hierro,es ESP,FW,Athletic Club,es La Liga,21-016,2005,1,34,34,1.0,0.4,0,,0,1,34,2,0.00,0,0,0,0.00,+0.35,Matches
1432,Omar El Hilali,ma MAR,DF,Espanyol,es La Liga,22-252,2003,35,2814,80,84.5,31.3,32,87,26,3,14,1,1.29,34,46,-12,-0.38,-0.38,Matches
1433,James Hill,eng ENG,DF,Bournemouth,eng Premier League,24-132,2002,28,2016,72,60.5,22.4,21,88,19,7,23,5,1.79,33,23,+10,+0.45,+0.86,Matches
1434,Rémi Himbert,fr FRA,FW,Lyon,fr Ligue 1,18-082,2008,6,131,22,4.3,1.5,1,81,0,5,10,2,1.67,1,3,-2,-1.37,-1.83,Matches
1435,Piero Hincapié,ec ECU,DF,Arsenal,eng Premier League,24-133,2002,24,1702,71,51.1,18.9,19,85,14,5,18,5,2.29,39,18,+21,+1.11,-0.11,Matches
1436,Piero Hincapié,ec ECU,DF,Leverkusen,de Bundesliga,24-133,2002,1,90,90,2.9,1.0,1,90,1,0,,1,0.00,1,2,-1,-1.00,-1.67,Matches
1437,Roger Hinojo,es ESP,DF,Espanyol,es La Liga,21-090,2005,0,,,,,0,,0,0,,2,,,,,,,Matches
1438,Jack Hinshelwood,eng ENG,MF,Brighton,eng Premier League,21-041,2005,26,1668,64,50.1,18.5,19,76,4,7,32,2,1.38,23,20,+3,+0.16,-0.16,Matches
1439,Adam Hložek,cz CZE,"FW,MF",Hoffenheim,de Bundesliga,23-301,2002,5,41,8,1.3,0.5,0,,0,5,8,1,1.40,0,3,-3,-6.59,-7.06,Matches
1440,Ki-Jana Hoever,nl NED,"MF,DF",Wolves,eng Premier League,24-124,2002,8,425,53,12.8,4.7,6,65,0,2,17,9,0.00,3,13,-10,-2.12,-1.16,Matches
1441,Nicolas Höfler,de GER,MF,Freiburg,de Bundesliga,36-074,1990,13,291,22,9.5,3.2,2,71,0,11,14,17,1.54,8,10,-2,-0.62,-0.49,Matches
1442,Jonas Hofmann,de GER,MF,Leverkusen,de Bundesliga,33-312,1992,23,1013,44,33.1,11.3,11,72,3,12,19,8,1.65,21,10,+11,+0.98,+0.54,Matches
1443,Malthe Hojholt,dk DEN,MF,Pisa,it Serie A,25-036,2001,16,805,50,24.2,8.9,9,68,2,7,28,21,0.56,7,23,-16,-1.79,-0.79,Matches
1444,Lucas Höler,de GER,"FW,MF",Freiburg,de Bundesliga,31-316,1994,33,2037,62,66.6,22.6,25,78,10,8,12,1,1.33,28,43,-15,-0.66,-1.45,Matches
1445,Benedict Hollerbach,de GER,"FW,MF",Mainz 05,de Bundesliga,25-005,2001,14,872,62,28.5,9.7,13,66,0,1,14,0,0.79,12,15,-3,-0.31,-0.06,Matches
1446,Ronnie Hollingshead,wls WAL,GK,Aston Villa,eng Premier League,21-255,2004,0,,,,,0,,0,0,,1,,,,,,,Matches
1447,Emil Holm,se SWE,DF,Bologna,it Serie A,26-009,2000,11,655,60,19.7,7.3,8,78,2,3,11,5,1.36,14,9,+5,+0.69,+0.75,Matches
1448,Emil Holm,se SWE,MF,Juventus,it Serie A,26-009,2000,6,202,34,6.1,2.2,2,58,0,4,22,3,2.17,3,2,+1,+0.45,-0.30,Matches
1449,Franck Honorat,fr FRA,"MF,FW",Gladbach,de Bundesliga,29-284,1996,28,1977,71,64.6,22.0,24,78,8,4,29,0,1.18,24,32,-8,-0.36,-0.11,Matches
1450,Mathias Honsak,at AUT,"MF,FW",Heidenheim,de Bundesliga,29-153,1996,27,1249,46,40.8,13.9,15,67,1,12,20,2,0.63,11,30,-19,-1.37,-0.77,Matches
1451,Ali Houary,ma MAR,MF,Elche,es La Liga,20-290,2005,2,123,62,3.7,1.4,2,62,0,0,,8,1.00,1,2,-1,-0.73,-0.54,Matches
1452,Andreas Hountondji,bj BEN,FW,St Pauli,de Bundesliga,23-315,2002,21,1067,51,34.9,11.9,15,60,0,6,28,0,0.48,8,23,-15,-1.27,-0.54,Matches
1453,Harry Howell,eng ENG,MF,Brighton,eng Premier League,18-032,2008,3,94,31,2.8,1.0,1,70,0,2,12,4,0.00,0,2,-2,-1.91,-2.22,Matches
1454,Lukáš Hrádecký,fi FIN,GK,Monaco,fr Ligue 1,36-179,1989,17,1439,85,47.0,16.0,17,85,15,0,,0,1.35,24,27,-3,-0.19,-0.69,Matches
1455,Robin Hranáč,cz CZE,DF,Hoffenheim,de Bundesliga,26-113,2000,29,2251,78,73.6,25.0,26,85,21,3,18,3,1.97,51,35,+16,+0.64,+0.97,Matches
1456,Timo Hübers,de GER,DF,Köln,de Bundesliga,29-306,1996,8,675,84,22.1,7.5,8,84,7,0,,0,1.38,9,10,-1,-0.13,+0.36,Matches
1457,Callum Hudson-Odoi,eng ENG,MF,Nottingham Forest,eng Premier League,25-196,2000,30,1841,61,55.3,20.5,21,75,4,9,31,0,1.00,21,26,-5,-0.24,-0.37,Matches
1458,Will Hughes,eng ENG,MF,Crystal Palace,eng Premier League,31-035,1995,30,1481,49,44.5,16.5,18,72,7,12,16,6,1.30,10,16,-6,-0.36,-0.22,Matches
1459,Dean Huijsen,es ESP,DF,Real Madrid,es La Liga,21-038,2005,27,2013,75,60.5,22.4,24,81,16,3,25,1,2.37,48,17,+31,+1.39,+0.77,Matches
1460,Raffaele Huli,al ALB,GK,Juventus,it Serie A,17-296,2008,0,,,,,0,,0,0,,1,,,,,,,Matches
1461,Trai Hume,nir NIR,"DF,MF",Sunderland,eng Premier League,24-065,2002,37,2946,80,88.5,32.7,33,87,25,4,22,0,1.38,32,41,-9,-0.27,-0.74,Matches
1462,Bashir Humphreys,eng ENG,"DF,MF",Burnley,eng Premier League,23-068,2003,19,1488,78,44.7,16.5,16,88,12,3,29,6,0.47,14,32,-18,-1.09,-0.16,Matches
1463,Denis Huseinbasic,ba BIH,MF,Köln,de Bundesliga,24-323,2001,15,726,48,23.7,8.1,9,68,2,6,19,11,0.87,12,14,-2,-0.25,+0.21,Matches
1464,Omari Hutchinson,eng ENG,MF,Nottingham Forest,eng Premier League,22-204,2003,30,1611,54,48.4,17.9,16,78,8,14,26,5,1.20,24,23,+1,+0.06,+0.27,Matches
1465,Jannik Huth,de GER,GK,Freiburg,de Bundesliga,32-037,1994,0,,,,,0,,0,0,,1,,,,,,,Matches
1466,Kwon Hyeokkyu,kr KOR,MF,Nantes,fr Ligue 1,25-070,2001,12,753,63,25.4,8.4,9,77,2,3,20,4,0.83,6,14,-8,-0.96,-0.35,Matches
1467,Elseid Hysaj,al ALB,DF,Lazio,it Serie A,32-091,1994,5,174,35,5.2,1.9,1,90,1,4,21,24,2.20,5,4,+1,+0.52,+0.55,Matches
1468,Hong Hyunseok,kr KOR,MF,Nantes,fr Ligue 1,26-340,1999,6,284,47,9.6,3.2,3,71,0,3,23,6,0.83,1,3,-2,-0.63,+0.07,Matches
1469,Lucas Høgsberg,dk DEN,DF,Strasbourg,fr Ligue 1,19-333,2006,24,1792,75,58.6,19.9,21,83,12,3,16,7,1.50,28,31,-3,-0.15,-1.14,Matches
1470,Pierre Højbjerg,dk DEN,MF,Marseille,fr Ligue 1,30-290,1995,32,2712,85,88.6,30.1,30,89,25,2,24,0,1.75,54,40,+14,+0.46,-0.57,Matches
1471,Oscar Højlund,dk DEN,MF,Eintracht Frankfurt,de Bundesliga,21-138,2005,24,1089,45,35.6,12.1,12,71,0,12,20,4,1.21,15,23,-8,-0.66,-0.84,Matches
1472,Rasmus Højlund,dk DEN,FW,Napoli,it Serie A,23-107,2003,32,2660,83,79.9,29.6,31,85,18,1,30,0,1.91,49,31,+18,+0.61,+0.21,Matches
1473,Edoardo Iannoni,it ITA,MF,Sassuolo,it Serie A,25-041,2001,15,260,17,7.8,2.9,1,76,0,14,13,21,1.53,1,6,-5,-1.73,-1.79,Matches
1474,Pablo Ibáñez,es ESP,MF,Alavés,es La Liga,27-244,1998,36,2163,60,65.0,24.0,27,71,6,9,27,0,1.19,21,32,-11,-0.46,-0.46,Matches
1475,Arijon Ibrahimović,de GER,"MF,FW",Heidenheim,de Bundesliga,20-162,2005,32,2169,68,70.9,24.1,25,78,10,7,30,0,0.78,29,49,-20,-0.83,+0.28,Matches
1476,Riyad Idrissi,it ITA,"MF,DF",Cagliari,it Serie A,20-343,2005,23,783,34,23.5,8.7,4,90,4,19,22,5,0.96,14,15,-1,-0.11,+0.34,Matches
1477,Stanis Idumbo,be BEL,MF,Sevilla,es La Liga,20-327,2005,1,45,45,1.4,0.5,1,45,0,0,,0,0.00,0,2,-2,-4.00,-3.70,Matches
1478,Stanis Idumbo,be BEL,MF,Monaco,fr Ligue 1,20-327,2005,8,171,21,5.6,1.9,0,,0,8,21,12,1.00,6,5,+1,+0.53,+0.37,Matches
1479,Jay Idzes,id IDN,DF,Sassuolo,it Serie A,25-354,2000,34,3008,88,90.3,33.4,34,88,32,0,,1,1.44,42,42,0,0.00,+0.84,Matches
1480,Hamza Igamane,ma MAR,FW,Lille,fr Ligue 1,23-201,2002,13,432,33,14.1,4.8,4,55,0,9,23,0,1.92,17,3,+14,+2.92,+2.88,Matches
1481,Iglesias,es ESP,DF,Getafe,es La Liga,27-323,1998,36,3095,86,92.9,34.4,35,88,30,1,24,1,1.33,27,34,-7,-0.20,-0.20,Matches
1482,Borja Iglesias,es ESP,FW,Celta Vigo,es La Liga,33-125,1993,34,1827,54,54.9,20.3,20,75,4,14,24,1,1.29,31,26,+5,+0.25,+0.31,Matches
1483,Igor,br BRA,DF,West Ham United,eng Premier League,28-104,1998,4,105,26,3.2,1.2,1,90,1,3,5,9,2.00,4,3,+1,+0.86,+1.50,Matches
1484,Igor,br BRA,DF,Brighton,eng Premier League,28-104,1998,0,,,,,0,,0,0,,6,,,,,,,Matches
1485,Jonathan Ikone,fr FRA,"MF,FW",Paris FC,fr Ligue 1,28-020,1998,23,1100,48,35.9,12.2,13,68,1,10,22,2,1.26,15,11,+4,+0.33,+0.65,Matches
1486,George Ilenikhena,ng NGA,FW,Monaco,fr Ligue 1,19-279,2006,15,385,26,12.6,4.3,3,60,0,12,17,4,1.20,6,8,-2,-0.47,-0.74,Matches
1487,Andrej Ilic,rs SRB,FW,Union Berlin,de Bundesliga,26-049,2000,32,2257,71,73.8,25.1,24,84,17,8,29,0,1.19,37,46,-9,-0.36,+0.20,Matches
1488,Ivan Ilić,rs SRB,MF,Torino,it Serie A,25-066,2001,8,416,52,12.5,4.6,5,67,1,3,28,16,1.63,3,5,-2,-0.43,+0.09,Matches
1489,Luka Ilić,rs SRB,"MF,FW",Oviedo,es La Liga,26-324,1999,18,714,40,21.4,7.9,8,68,1,10,17,11,0.72,6,14,-8,-1.01,-0.22,Matches
1490,Samuel Iling-Junior,eng ENG,MF,Pisa,it Serie A,22-230,2003,5,110,22,3.3,1.2,1,45,0,4,16,6,0.00,1,4,-3,-2.45,-1.31,Matches
1491,Samuel Iling-Junior,eng ENG,MF,Aston Villa,eng Premier League,22-230,2003,0,,,,,0,,0,0,,1,,,,,,,Matches
1492,Emirhan İlkhan,tr TUR,MF,Torino,it Serie A,21-355,2004,18,939,52,28.2,10.4,12,67,1,6,22,18,0.94,12,23,-11,-1.05,-0.75,Matches
1493,Ciro Immobile,it ITA,FW,Paris FC,fr Ligue 1,36-091,1990,12,705,59,23.0,7.8,9,73,0,3,17,0,1.58,11,10,+1,+0.13,+0.28,Matches
1494,Ciro Immobile,it ITA,FW,Bologna,it Serie A,36-091,1990,6,193,32,5.8,2.1,2,51,0,4,23,4,0.83,2,3,-1,-0.47,-0.58,Matches
1495,Danny Imray,eng ENG,"DF,MF",Crystal Palace,eng Premier League,22-299,2003,0,,,,,0,,0,0,,2,,,,,,,Matches
1496,Samuele Inácio,it ITA,MF,Dortmund,de Bundesliga,18-050,2008,7,384,55,12.5,4.3,4,80,2,3,21,6,1.29,9,5,+4,+0.94,-0.14,Matches
1497,Cyriaque Irié,bf BFA,MF,Freiburg,de Bundesliga,20-336,2005,10,347,35,11.3,3.9,3,61,0,7,23,9,0.70,4,7,-3,-0.78,-0.68,Matches
1498,Tim Iroegbunam,eng ENG,MF,Everton,eng Premier League,22-326,2003,28,1404,50,42.2,15.6,16,79,6,12,12,6,1.36,19,17,+2,+0.13,+0.32,Matches
1499,Jackson Irvine,au AUS,MF,St Pauli,de Bundesliga,33-076,1993,24,1624,68,53.1,18.0,18,85,11,6,16,2,0.79,16,24,-8,-0.44,+1.00,Matches
1500,Andy Irving,sct SCO,MF,West Ham United,eng Premier League,26-009,2000,7,158,23,4.7,1.8,2,62,0,5,7,8,0.71,3,4,-1,-0.57,+0.03,Matches
1501,Isaac,br BRA,FW,Hellas Verona,it Serie A,22-057,2004,3,40,13,1.2,0.4,0,,0,3,13,15,0.00,0,0,0,0.00,+0.93,Matches
1502,Alexander Isak,se SWE,FW,Liverpool,eng Premier League,26-243,1999,14,699,50,21.0,7.8,8,74,0,6,17,1,1.71,7,9,-2,-0.26,-0.67,Matches
1503,Gustav Isaksen,dk DEN,FW,Lazio,it Serie A,25-033,2001,30,1593,53,47.8,17.7,18,71,0,12,26,3,1.27,15,19,-4,-0.23,-0.43,Matches
1504,Isco,es ESP,"FW,MF",Real Betis,es La Liga,34-031,1992,7,180,26,5.4,2.0,0,,0,7,26,0,1.71,5,4,+1,+0.50,+0.24,Matches
1505,Wilson Isidor,ht HAI,FW,Sunderland,eng Premier League,25-268,2000,31,1135,37,34.1,12.6,11,71,0,20,18,4,1.39,18,17,+1,+0.08,+0.41,Matches
1506,Ardian Ismajli,al ALB,DF,Torino,it Serie A,29-234,1996,24,1816,76,54.5,20.2,20,85,16,4,29,0,1.42,26,26,0,0.00,+1.13,Matches
1507,Franco Israel,uy URU,GK,Torino,it Serie A,26-030,2000,9,810,90,24.3,9.0,9,90,9,0,,24,0.89,9,18,-9,-1.00,-0.64,Matches
1508,Hiroki Ito,jp JPN,DF,Bayern Munich,de Bundesliga,27-010,1999,16,920,58,30.1,10.2,10,80,3,6,20,5,2.56,32,14,+18,+1.76,-1.10,Matches
1509,Alejandro Iturbe,es ESP,GK,Elche,es La Liga,22-262,2003,0,,,,,0,,0,0,,27,,,,,,,Matches
1510,Alex Iwobi,ng NGA,MF,Fulham,eng Premier League,30-019,1996,28,2329,83,69.9,25.9,28,83,11,0,,0,1.25,34,40,-6,-0.23,-0.23,Matches
1511,Ken Izekor,de GER,FW,Leverkusen,de Bundesliga,18-363,2007,0,,,,,0,,0,0,,1,,,,,,,Matches
1512,Urko Izeta,es ESP,FW,Athletic Club,es La Liga,26-235,1999,12,176,15,5.3,2.0,1,56,0,11,11,21,1.17,4,3,+1,+0.51,+0.91,Matches
1513,Jairo Izquierdo,es ESP,"DF,FW",Elche,es La Liga,32-212,1993,1,24,24,0.7,0.3,0,,0,1,24,2,1.00,1,0,+1,+3.75,+4.00,Matches
1514,Fellipe Jack,br BRA,DF,Como,it Serie A,20-130,2006,0,,,,,0,,0,0,,1,,,,,,,Matches
1515,Nicolas Jackson,sn SEN,FW,Bayern Munich,de Bundesliga,24-336,2001,23,1007,44,32.9,11.2,12,71,5,11,15,3,2.52,37,11,+26,+2.32,-0.31,Matches
1516,Jérémy Jacquet,fr FRA,DF,Rennes,fr Ligue 1,20-313,2005,19,1671,88,54.6,18.6,19,88,17,0,,0,1.42,27,29,-2,-0.11,-0.82,Matches
1517,Lee Jae-sung,kr KOR,"MF,FW",Mainz 05,de Bundesliga,33-285,1992,28,2185,78,71.4,24.3,26,82,8,2,22,0,1.18,26,39,-13,-0.54,-0.95,Matches
1518,Kristijan Jakić,hr CRO,"MF,DF",Augsburg,de Bundesliga,29-008,1997,26,1653,64,54.0,18.4,18,77,10,8,34,2,1.15,24,27,-3,-0.16,+0.67,Matches
1519,Karl Jakob Hein,ee EST,GK,Werder Bremen,de Bundesliga,24-039,2002,2,180,90,5.9,2.0,2,90,2,0,,23,1.50,1,4,-3,-1.50,-0.87,Matches
1520,Daniel James,wls WAL,"FW,MF",Leeds United,eng Premier League,28-193,1997,18,538,30,16.2,6.0,6,61,0,12,14,4,1.06,0,14,-14,-2.34,-2.66,Matches
1521,Jordan James,wls WAL,MF,Rennes,fr Ligue 1,21-324,2004,0,,,,,0,,0,0,,1,,,,,,,Matches
1522,Martin James,fr FRA,GK,Paris Saint-Germain,fr Ligue 1,18-097,2008,0,,,,,0,,0,0,,3,,,,,,,Matches
1523,Reece James,eng ENG,"DF,MF",Chelsea,eng Premier League,26-165,1999,28,1924,69,57.8,21.4,20,86,15,8,25,3,1.61,32,20,+12,+0.56,+0.88,Matches
1524,Vitaly Janelt,de GER,MF,Brentford,eng Premier League,28-012,1998,24,1354,56,40.7,15.0,14,82,10,10,21,3,1.42,25,20,+5,+0.33,+0.42,Matches
1525,Mathis Jangeal,fr FRA,FW,Paris Saint-Germain,fr Ligue 1,17-332,2008,1,11,11,0.4,0.1,0,,0,1,11,1,3.00,0,0,0,0.00,-1.33,Matches
1526,Isak Jansson,se SWE,"FW,MF",Nice,fr Ligue 1,24-111,2002,22,644,29,21.0,7.2,7,57,0,15,16,4,0.73,5,12,-7,-0.98,-0.38,Matches
1527,Adnan Januzaj,be BEL,"MF,FW",Sevilla,es La Liga,31-106,1995,12,321,27,9.6,3.6,2,46,0,10,23,13,0.92,8,8,0,0.00,+0.39,Matches
1528,Luca Jaquez,ch SUI,DF,Stuttgart,de Bundesliga,22-354,2003,14,898,64,29.3,10.0,10,82,6,4,19,4,1.79,16,13,+3,+0.30,-0.49,Matches
1529,Ardon Jashari,ch SUI,MF,Milan,it Serie A,23-296,2002,13,640,49,19.2,7.1,6,79,2,7,24,16,1.38,5,5,0,0.00,-0.64,Matches
1530,Bakery Jatta,gm GAM,MF,Hamburger SV,de Bundesliga,27-350,1998,15,911,61,29.8,10.1,12,71,2,3,20,1,1.33,16,12,+4,+0.40,+1.15,Matches
1531,Noah Jauny,ie IRL,GK,Brest,fr Ligue 1,21-269,2004,0,,,,,0,,0,0,,11,,,,,,,Matches
1532,Mikel Jauregizar,es ESP,MF,Athletic Club,es La Liga,22-190,2003,35,2747,78,82.5,30.5,33,82,19,2,29,0,1.20,29,42,-13,-0.43,-0.43,Matches
1533,Gaby Jean,fr FRA,DF,Lecce,it Serie A,26-092,2000,6,186,31,5.6,2.1,1,90,1,5,19,15,1.67,1,1,0,0.00,+0.66,Matches
1534,Romain Jean-Baptsiste,fr FRA,GK,Metz,fr Ligue 1,20-090,2006,0,,,,,0,,0,0,,3,,,,,,,Matches
1535,Finn Jeltsch,de GER,DF,Stuttgart,de Bundesliga,19-309,2006,23,1511,66,49.4,16.8,17,85,14,6,12,6,1.91,37,23,+14,+0.83,+0.37,Matches
1536,Castrop Jens,kr KOR,MF,Gladbach,de Bundesliga,22-297,2003,26,1584,61,51.8,17.6,20,74,4,6,17,1,1.00,21,31,-10,-0.57,-0.51,Matches
1537,Mathias Jensen,dk DEN,MF,Brentford,eng Premier League,30-141,1996,35,2165,62,65.0,24.1,25,81,13,10,13,2,1.49,34,32,+2,+0.08,+0.01,Matches
1538,Oliver Jensen,dk DEN,MF,Parma,it Serie A,24-073,2002,33,1821,55,54.7,20.2,19,78,9,14,24,4,1.15,13,28,-15,-0.74,-0.50,Matches
1539,Moritz Jenz,de GER,DF,Wolfsburg,de Bundesliga,27-022,1999,22,1787,81,58.4,19.9,20,89,18,2,1,5,0.68,21,44,-23,-1.16,-1.09,Matches
1540,Gabriel Jesus,br BRA,FW,Arsenal,eng Premier League,29-049,1997,13,355,27,10.7,3.9,2,58,0,11,22,10,2.08,6,6,0,0.00,-1.30,Matches
1541,Igor Jesus,br BRA,FW,Nottingham Forest,eng Premier League,25-086,2001,36,2208,61,66.3,24.5,27,74,4,9,24,0,1.19,34,36,-2,-0.08,0.00,Matches
1542,Juan Jesus,br BRA,DF,Napoli,it Serie A,34-346,1991,23,1630,71,48.9,18.1,19,83,13,4,15,10,2.17,27,18,+9,+0.50,-0.14,Matches
1543,Álex Jiménez,es ESP,"DF,MF",Bournemouth,eng Premier League,21-014,2005,31,2317,75,69.6,25.7,26,84,12,5,29,1,1.48,41,38,+3,+0.12,+0.03,Matches
1544,Álex Jiménez,es ESP,DF,Milan,it Serie A,21-014,2005,1,45,45,1.4,0.5,0,,0,1,45,0,0.00,0,1,-1,-2.00,-2.55,Matches
1545,David Jiménez,es ESP,DF,Real Madrid,es La Liga,22-069,2004,2,76,38,2.3,0.8,1,75,0,1,1,6,3.00,1,0,+1,+1.18,+0.11,Matches
1546,Raúl Jiménez,mx MEX,FW,Fulham,eng Premier League,35-017,1991,35,2170,62,65.2,24.1,27,75,10,8,17,0,1.40,33,29,+4,+0.17,+0.94,Matches
1547,Jamaldeen Jimoh,eng ENG,MF,Aston Villa,eng Premier League,19-232,2006,1,9,9,0.3,0.1,0,,0,1,9,8,0.00,1,0,+1,+10.00,+9.86,Matches
1548,Yahya Jlidi,tn TUN,FW,Angers,fr Ligue 1,17-136,2009,0,,,,,0,,0,0,,1,,,,,,,Matches
1549,João Pedro,br BRA,"FW,MF",Chelsea,eng Premier League,24-238,2001,34,2571,76,77.2,28.6,30,82,13,4,31,0,1.44,47,34,+13,+0.46,+1.17,Matches
1550,Joelinton,br BRA,MF,Newcastle United,eng Premier League,29-281,1996,27,1951,72,58.6,21.7,23,81,13,4,24,3,1.48,34,27,+7,+0.32,+0.78,Matches
1551,Jofre,es ESP,MF,Espanyol,es La Liga,24-339,2001,25,859,34,25.8,9.5,8,61,0,17,22,12,1.08,11,20,-9,-0.94,-0.83,Matches
1552,Þórir Jóhann Helgason,is ISL,MF,Lecce,it Serie A,25-236,2000,8,147,18,4.4,1.6,1,45,0,7,15,27,0.25,0,3,-3,-1.84,-1.27,Matches
1553,Ísak Jóhannesson,is ISL,MF,Köln,de Bundesliga,23-060,2003,31,1809,58,59.1,20.1,21,76,8,10,22,1,0.97,25,39,-14,-0.70,-0.70,Matches
1554,John,br BRA,GK,Nottingham Forest,eng Premier League,30-098,1996,5,437,87,13.1,4.9,5,87,4,0,,13,0.60,5,8,-3,-0.62,-0.62,Matches
1555,Dennis Johnsen,no NOR,"MF,FW",Cremonese,it Serie A,28-094,1998,11,390,35,11.7,4.3,5,57,0,6,17,10,0.36,3,7,-4,-0.92,-0.37,Matches
1556,Brennan Johnson,wls WAL,"MF,FW",Tottenham Hotspur,eng Premier League,24-364,2001,16,610,38,18.3,6.8,6,77,1,10,15,2,1.38,13,5,+8,+1.18,+1.78,Matches
1557,Brennan Johnson,wls WAL,"MF,FW",Crystal Palace,eng Premier League,24-364,2001,18,1112,62,33.4,12.4,13,76,4,5,24,0,1.00,7,19,-12,-0.97,-1.09,Matches
1558,Karl-Johan Johnsson,se SWE,GK,Strasbourg,fr Ligue 1,36-114,1990,1,90,90,2.9,1.0,1,90,1,0,,25,3.00,1,0,+1,+1.00,+0.70,Matches
1559,Sam Johnstone,eng ENG,GK,Wolves,eng Premier League,33-058,1993,12,1080,90,32.4,12.0,12,90,12,0,,18,0.17,6,24,-18,-1.50,-0.58,Matches
1560,Curtis Jones,eng ENG,"MF,DF",Liverpool,eng Premier League,25-112,2001,33,1847,56,55.5,20.5,17,83,8,16,28,2,1.48,37,37,0,0.00,-0.61,Matches
1561,Harrison Jones,eng ENG,MF,Sunderland,eng Premier League,21-148,2004,0,,,,,0,,0,0,,15,,,,,,,Matches
1562,Jaydon Jones,eng ENG,MF,Sunderland,eng Premier League,19-200,2006,0,,,,,0,,0,0,,1,,,,,,,Matches
1563,Jenson Jones,eng ENG,DF,Sunderland,eng Premier League,25-204,2000,0,,,,,0,,0,0,,7,,,,,,,Matches
1564,Ricky-Jade Jones,eng ENG,FW,St Pauli,de Bundesliga,24-332,2001,9,351,39,11.5,3.9,3,65,0,6,26,2,0.78,4,6,-2,-0.51,+0.45,Matches
1565,Frenkie de Jong,nl NED,MF,Barcelona,es La Liga,29-010,1997,24,1607,67,48.3,17.9,16,88,13,8,25,1,2.42,43,18,+25,+1.40,-0.48,Matches
1566,Joan Jordán,es ESP,MF,Sevilla,es La Liga,31-320,1994,3,25,8,0.8,0.3,0,,0,3,8,18,2.00,2,2,0,0.00,+0.35,Matches
1567,Josan,es ESP,"MF,DF",Elche,es La Liga,36-170,1989,19,565,30,17.0,6.3,4,74,0,15,18,12,1.26,15,8,+7,+1.12,+1.60,Matches
1568,Mateo Joseph,es ESP,"MF,FW",Mallorca,es La Liga,22-215,2003,29,1699,59,51.0,18.9,19,76,4,10,25,1,1.03,24,29,-5,-0.26,+0.18,Matches
1569,Antoine Joujou,fr FRA,MF,Parma,it Serie A,23-071,2003,0,,,,,0,,0,0,,1,,,,,,,Matches
1570,Ilan Jourdren,fr FRA,GK,Lens,fr Ligue 1,17-309,2008,0,,,,,0,,0,0,,1,,,,,,,Matches
1571,Lazar Jovanović,rs SRB,FW,Stuttgart,de Bundesliga,19-173,2006,3,40,13,1.3,0.4,0,,0,3,13,4,1.00,2,1,+1,+2.25,+1.62,Matches
1572,Juanmi,es ESP,"FW,MF",Getafe,es La Liga,33-002,1993,8,179,22,5.4,2.0,0,,0,8,22,8,0.13,2,4,-2,-1.01,-0.86,Matches
1573,Juanpe,es ESP,GK,Rayo Vallecano,es La Liga,25-017,2001,0,,,,,0,,0,0,,10,,,,,,,Matches
1574,Abdulai Juma Bah,sl SLE,DF,Nice,fr Ligue 1,20-041,2006,26,1958,75,64.0,21.8,22,86,20,4,17,6,1.00,21,42,-21,-0.97,-0.80,Matches
1575,Anthony Jung,de GER,DF,Freiburg,de Bundesliga,34-200,1991,12,526,44,17.2,5.8,4,86,3,8,23,14,1.17,10,12,-2,-0.34,-0.20,Matches
1576,Eli Junior Kroupi,fr FRA,"MF,FW",Bournemouth,eng Premier League,19-333,2006,32,1600,50,48.0,17.8,20,71,0,12,16,5,1.47,30,20,+10,+0.56,+0.87,Matches
1577,Luiz Lúcio Reis Júnior,br BRA,GK,Villarreal,es La Liga,25-128,2001,28,2520,90,75.7,28.0,28,90,28,0,,9,2.04,51,30,+21,+0.75,+0.64,Matches
1578,Hamed Junior Traorè,ci CIV,MF,Bournemouth,eng Premier League,26-095,2000,1,17,17,0.5,0.2,0,,0,1,17,0,0.00,1,2,-1,-5.29,-5.43,Matches
1579,Hamed Junior Traorè,ci CIV,MF,Marseille,fr Ligue 1,26-095,2000,13,619,48,20.2,6.9,7,76,1,6,15,4,1.23,8,12,-4,-0.58,-1.39,Matches
1580,Vinicius Júnior,br BRA,"FW,MF",Real Madrid,es La Liga,25-314,2000,36,2815,78,84.5,31.3,32,84,18,4,33,0,2.22,64,30,+34,+1.09,+0.04,Matches
1581,Josip Juranović,hr CRO,MF,Union Berlin,de Bundesliga,30-279,1995,11,330,30,10.8,3.7,3,63,0,8,18,8,1.64,7,7,0,0.00,+0.46,Matches
1582,James Justin,eng ENG,"DF,MF",Leeds United,eng Premier League,28-088,1998,28,1811,65,54.4,20.1,20,86,16,8,12,7,1.46,27,23,+4,+0.20,+0.67,Matches
1583,Ferran Jutglà,es ESP,FW,Celta Vigo,es La Liga,27-110,1999,29,1627,56,48.9,18.1,21,69,2,8,22,5,1.28,25,24,+1,+0.06,-0.10,Matches
1584,Filip Jørgensen,dk DEN,GK,Chelsea,eng Premier League,24-036,2002,5,379,76,11.4,4.2,3,90,3,2,55,22,1.00,8,5,+3,+0.71,+0.59,Matches
1585,Martijn Kaars,nl NED,FW,St Pauli,de Bundesliga,27-078,1999,29,1348,46,44.1,15.0,14,71,3,15,24,3,0.69,11,27,-16,-1.07,-0.28,Matches
1586,Mohamed Kaba,gn GUI,MF,Nantes,fr Ligue 1,24-207,2001,12,918,77,30.9,10.2,11,81,3,1,31,0,0.62,10,10,0,0.00,+1.01,Matches
1587,Mohamed Kaba,gn GUI,MF,Lecce,it Serie A,24-207,2001,15,633,42,19.0,7.0,5,81,3,10,23,6,1.00,3,12,-9,-1.28,-0.81,Matches
1588,Mussa Kaba,de GER,MF,Dortmund,de Bundesliga,17-238,2008,0,,,,,0,,0,0,,1,,,,,,,Matches
1589,Ozan Kabak,tr TUR,DF,Hoffenheim,de Bundesliga,26-058,2000,25,1751,70,57.2,19.5,18,90,18,7,19,3,2.00,39,34,+5,+0.26,-0.29,Matches
1590,Almugera Kabar,de GER,DF,Dortmund,de Bundesliga,19-350,2006,1,16,16,0.5,0.2,0,,0,1,16,3,0.00,0,0,0,0.00,-1.06,Matches
1591,Christian Kabasele,be BEL,DF,Udinese,it Serie A,35-087,1991,29,2184,75,65.6,24.3,27,80,16,2,9,7,1.28,28,28,0,0.00,+0.16,Matches
1592,Ivo Kaczmarski,pl POL,MF,Inter,it Serie A,22-036,2004,0,,,,,0,,0,0,,2,,,,,,,Matches
1593,Anton Kade,de GER,"MF,FW",Augsburg,de Bundesliga,22-125,2004,28,1743,62,57.0,19.4,18,81,6,10,29,1,1.29,22,35,-13,-0.67,-0.47,Matches
1594,Ferdi Kadioglu,tr TUR,"DF,MF",Brighton,eng Premier League,26-227,1999,36,3043,85,91.4,33.8,33,89,29,3,38,1,1.39,46,38,+8,+0.24,-0.08,Matches
1595,Florian Kainz,at AUT,MF,Köln,de Bundesliga,33-210,1992,15,279,19,9.1,3.1,2,56,0,13,13,9,0.80,10,7,+3,+0.97,+1.52,Matches
1596,Sasa Kalajdzic,at AUT,"FW,MF",Wolves,eng Premier League,28-319,1997,1,15,15,0.5,0.2,0,,0,1,15,1,0.00,1,0,+1,+6.00,+7.14,Matches
1597,Arnaud Kalimuendo,fr FRA,FW,Nottingham Forest,eng Premier League,24-122,2002,9,96,11,2.9,1.1,0,,0,9,11,9,0.22,0,3,-3,-2.81,-2.81,Matches
1598,Arnaud Kalimuendo,fr FRA,"FW,MF",Eintracht Frankfurt,de Bundesliga,24-122,2002,19,1417,75,46.3,15.7,17,80,10,2,30,0,1.00,24,31,-7,-0.44,-0.61,Matches
1599,Benno Kaltefleiter,de GER,MF,RB Leipzig,de Bundesliga,18-097,2008,0,,,,,0,,0,0,,1,,,,,,,Matches
1600,Pierre Kalulu,fr FRA,"DF,MF",Juventus,it Serie A,25-351,2000,36,3191,89,95.8,35.5,36,89,35,0,,0,1.89,58,28,+30,+0.85,+2.79,Matches
1601,Justin-Noël Kalumba,fr FRA,FW,Mallorca,es La Liga,21-148,2004,3,81,27,2.4,0.9,1,45,0,2,18,12,2.00,3,0,+3,+3.33,+3.78,Matches
1602,Justin-Noël Kalumba,fr FRA,"FW,MF",Angers,fr Ligue 1,21-148,2004,4,224,56,7.3,2.5,3,71,1,1,11,2,0.25,1,5,-4,-1.61,-1.13,Matches
1603,Daichi Kamada,jp JPN,MF,Crystal Palace,eng Premier League,29-290,1996,27,1857,69,55.8,20.6,21,82,8,6,22,0,1.48,32,27,+5,+0.24,+1.10,Matches
1604,Warren Kamanzi,no NOR,MF,Toulouse,fr Ligue 1,25-192,2000,24,870,36,29.3,9.7,7,74,2,17,21,10,1.33,19,20,-1,-0.10,-0.19,Matches
1605,Abu Kamara,eng ENG,MF,Getafe,es La Liga,22-305,2003,12,256,21,7.7,2.8,1,45,0,11,19,9,0.83,0,3,-3,-1.05,-0.94,Matches
1606,Bingourou Kamara,sn SEN,GK,Lorient,fr Ligue 1,29-213,1996,3,270,90,8.8,3.0,3,90,3,0,,30,1.00,5,8,-3,-1.00,-1.00,Matches
1607,Boubacar Kamara,fr FRA,MF,Aston Villa,eng Premier League,26-180,1999,18,1411,78,42.4,15.7,17,82,9,1,19,0,2.33,26,15,+11,+0.70,+0.94,Matches
1608,Glen Kamara,fi FIN,MF,Rennes,fr Ligue 1,30-206,1995,4,61,15,2.0,0.7,0,,0,4,15,18,1.75,0,3,-3,-4.43,-4.79,Matches
1609,Hassane Kamara,ci CIV,"MF,DF",Udinese,it Serie A,32-078,1994,26,1861,72,55.9,20.7,22,80,10,4,25,3,1.35,26,26,0,0.00,+0.12,Matches
1610,Noham Kamara,fr FRA,DF,Lyon,fr Ligue 1,19-120,2007,2,7,4,0.2,0.1,0,,0,2,4,3,3.00,0,1,-1,-12.86,-13.27,Matches
1611,Noham Kamara,fr FRA,DF,Paris Saint-Germain,fr Ligue 1,19-120,2007,0,,,,,0,,0,0,,4,,,,,,,Matches
1612,Issiaka Kamate,fr FRA,MF,Inter,it Serie A,21-293,2004,0,,,,,0,,0,0,,3,,,,,,,Matches
1613,Willy Kambwala,fr FRA,DF,Villarreal,es La Liga,21-270,2004,2,86,43,2.6,1.0,1,76,0,1,10,8,1.50,2,2,0,0.00,-0.61,Matches
1614,Jakub Kamiński,pl POL,"MF,FW",Köln,de Bundesliga,23-351,2002,34,3016,89,98.6,33.5,34,89,28,0,,0,0.94,49,60,-11,-0.33,+5.81,Matches
1615,Nouhoum Kamissoko,ml MLI,MF,Marseille,fr Ligue 1,21-146,2004,3,24,8,0.8,0.3,0,,0,3,8,2,2.33,0,2,-2,-7.50,-8.09,Matches
1616,Kevin Kampl,si SVN,MF,RB Leipzig,de Bundesliga,35-225,1990,3,3,1,0.1,0.0,0,,0,3,1,0,3.00,0,0,0,0.00,-0.56,Matches
1617,Harry Kane,eng ENG,"FW,MF",Bayern Munich,de Bundesliga,32-298,1993,31,2377,77,77.7,26.4,25,86,17,6,38,1,2.58,98,26,+72,+2.73,+0.88,Matches
1618,Lee Kang-in,kr KOR,"MF,FW",Paris Saint-Germain,fr Ligue 1,25-092,2001,27,1519,56,49.6,16.9,18,71,6,9,27,2,2.11,37,16,+21,+1.24,-0.16,Matches
1619,Steeve Kango,fr FRA,DF,Lyon,fr Ligue 1,19-164,2006,4,80,20,2.6,0.9,1,45,0,3,12,2,1.25,0,0,0,0.00,-0.39,Matches
1620,Ibrahim Kanté,fr FRA,MF,Brest,fr Ligue 1,19-065,2007,1,9,9,0.3,0.1,0,,0,1,9,5,1.00,0,0,0,0.00,+0.35,Matches
1621,Mohamadou Kanté,fr FRA,MF,West Ham United,eng Premier League,20-244,2005,10,72,7,2.2,0.8,0,,0,10,7,13,0.80,1,1,0,0.00,+0.61,Matches
1622,Adam Karabec,cz CZE,"MF,FW",Lyon,fr Ligue 1,22-324,2003,21,922,44,30.1,10.2,11,74,0,10,11,10,1.95,11,8,+3,+0.29,-0.13,Matches
1623,Atakan Karazor,tr TUR,MF,Stuttgart,de Bundesliga,29-221,1996,28,1884,67,61.6,20.9,22,84,12,6,7,3,1.82,37,29,+8,+0.38,-0.69,Matches
1624,Dermane Karim,tg TOG,MF,Lorient,fr Ligue 1,22-147,2003,30,1365,46,44.6,15.2,15,72,2,15,19,1,1.37,18,25,-7,-0.46,-0.67,Matches
1625,Lennart Karl,de GER,MF,Bayern Munich,de Bundesliga,18-089,2008,26,1281,49,41.9,14.2,16,67,4,10,21,4,2.58,50,14,+36,+2.53,0.00,Matches
1626,Jesper Karlsson,se SWE,"FW,MF",Bologna,it Serie A,27-301,1998,0,,,,,0,,0,0,,2,,,,,,,Matches
1627,Jesper Karlström,se SWE,MF,Udinese,it Serie A,30-335,1995,35,3088,88,92.7,34.3,35,88,29,0,,0,1.31,39,44,-5,-0.15,-1.26,Matches
1628,Jon Karrikaburu,es ESP,FW,Real Sociedad,es La Liga,23-245,2002,7,135,19,4.1,1.5,0,,0,7,19,19,0.14,1,3,-2,-1.33,-1.33,Matches
1629,Grigoris Kastanos,cy CYP,MF,Hellas Verona,it Serie A,28-112,1998,6,44,7,1.3,0.5,0,,0,6,7,11,0.67,0,2,-2,-4.09,-3.21,Matches
1630,Silas Katompa,cd COD,FW,Mainz 05,de Bundesliga,27-228,1998,8,334,42,10.9,3.7,4,57,0,4,27,0,1.50,6,8,-2,-0.54,-0.31,Matches
1631,Panos Katseris,gr GRE,"MF,DF",Lorient,fr Ligue 1,24-321,2001,16,747,47,24.4,8.3,8,75,2,8,18,0,1.25,13,9,+4,+0.48,+0.75,Matches
1632,Noah Katterbach,de GER,"DF,MF",Hamburger SV,de Bundesliga,25-039,2001,0,,,,,0,,0,0,,4,,,,,,,Matches
1633,Bruno Katz,fi FIN,MF,Wolfsburg,de Bundesliga,18-008,2008,0,,,,,0,,0,0,,2,,,,,,,Matches
1634,Mikkel Kaufmann,dk DEN,FW,Heidenheim,de Bundesliga,25-139,2001,16,537,34,17.5,6.0,6,63,0,10,16,1,0.50,3,10,-7,-1.17,-0.32,Matches
1635,Ryan Kavuma McQueen,eng ENG,FW,Chelsea,eng Premier League,17-141,2009,0,,,,,0,,0,0,,2,,,,,,,Matches
1636,Sota Kawasaki,jp JPN,"MF,DF",Mainz 05,de Bundesliga,24-296,2001,10,309,31,10.1,3.4,3,71,1,7,14,14,1.10,4,6,-2,-0.58,-0.35,Matches
1637,Michael Kayode,it ITA,DF,Brentford,eng Premier League,21-316,2004,36,3168,88,95.1,35.2,36,88,30,0,,0,1.44,53,48,+5,+0.14,+1.25,Matches
1638,Moise Kean,it ITA,FW,Fiorentina,it Serie A,26-083,2000,26,2036,78,61.1,22.6,23,86,15,3,19,1,0.92,24,32,-8,-0.35,-0.28,Matches
1639,Michael Keane,eng ENG,DF,Everton,eng Premier League,33-131,1993,32,2501,78,75.1,27.8,28,89,26,4,4,1,1.19,31,41,-10,-0.36,-1.23,Matches
1640,Ilan Kebbal,dz ALG,"MF,FW",Paris FC,fr Ligue 1,27-317,1998,29,2222,77,72.6,24.7,26,83,14,3,22,1,1.24,34,38,-4,-0.16,-0.27,Matches
1641,Yassine Kechta,ma MAR,MF,Le Havre,fr Ligue 1,24-086,2002,30,1332,44,43.5,14.8,14,73,1,16,19,3,1.07,18,22,-4,-0.27,+0.15,Matches
1642,Thilo Kehrer,de GER,DF,Monaco,fr Ligue 1,29-243,1996,28,2353,84,76.9,26.1,28,84,23,0,,3,1.68,47,35,+12,+0.46,+1.22,Matches
1643,Mandela Keita,be BEL,MF,Parma,it Serie A,24-012,2002,36,2908,81,87.3,32.3,35,83,19,1,6,0,1.17,19,37,-18,-0.56,-0.34,Matches
1644,Yannik Keitel,de GER,"MF,DF",Augsburg,de Bundesliga,26-096,2000,6,248,41,8.1,2.8,2,58,0,4,33,4,2.17,8,6,+2,+0.73,+1.30,Matches
1645,Caoimhín Kelleher,ie IRL,GK,Brentford,eng Premier League,27-180,1998,36,3240,90,97.3,36.0,36,90,36,0,,0,1.36,50,48,+2,+0.06,-0.94,Matches
1646,Thomas Keller,de GER,DF,Heidenheim,de Bundesliga,26-290,1999,4,188,47,6.1,2.1,3,60,1,1,8,4,1.50,2,3,-1,-0.48,+0.46,Matches
1647,Lloyd Kelly,eng ENG,DF,Juventus,it Serie A,27-228,1998,34,2906,85,87.3,32.3,32,89,29,2,30,0,1.79,53,28,+25,+0.77,+0.35,Matches
1648,Aljoscha Kemlein,de GER,MF,Union Berlin,de Bundesliga,21-293,2004,30,1959,65,64.0,21.8,23,79,8,7,20,4,1.13,28,31,-3,-0.14,+0.76,Matches
1649,Marc-Oliver Kempf,de GER,DF,Como,it Serie A,31-114,1995,33,2236,68,67.1,24.8,26,81,21,7,18,4,1.91,43,19,+24,+0.97,+0.23,Matches
1650,Luca Kerber,de GER,MF,Heidenheim,de Bundesliga,24-073,2002,18,682,38,22.3,7.6,8,71,2,10,12,14,1.00,5,18,-13,-1.72,-1.03,Matches
1651,Gabriel Kerckaert,fr FRA,GK,Strasbourg,fr Ligue 1,18-213,2007,0,,,,,0,,0,0,,1,,,,,,,Matches
1652,Milos Kerkez,hu HUN,DF,Liverpool,eng Premier League,22-196,2003,33,2249,68,67.5,25.0,27,79,15,6,18,4,1.48,41,36,+5,+0.20,-0.22,Matches
1653,Kevin,br BRA,MF,Fulham,eng Premier League,23-138,2003,25,982,39,29.5,10.9,8,69,0,17,25,1,1.32,12,14,-2,-0.18,-0.03,Matches
1654,Reda Khadra,de GER,FW,Le Havre,fr Ligue 1,24-322,2001,8,229,29,7.5,2.5,1,84,0,7,21,7,0.38,2,5,-3,-1.18,-0.89,Matches
1655,Yanis Khafi,fr FRA,MF,Paris Saint-Germain,fr Ligue 1,20-029,2006,0,,,,,0,,0,0,,1,,,,,,,Matches
1656,Bilal El Khannouss,ma MAR,"MF,FW",Stuttgart,de Bundesliga,22-012,2004,25,1630,65,53.3,18.1,19,80,7,6,18,2,1.84,33,30,+3,+0.17,-1.03,Matches
1657,Rani Khedira,tn TUN,MF,Union Berlin,de Bundesliga,32-115,1994,32,2830,88,92.5,31.4,32,88,27,0,,0,1.13,36,53,-17,-0.54,-1.71,Matches
1658,Abdukodir Khusanov,uz UZB,DF,Manchester City,eng Premier League,22-082,2004,21,1432,68,43.0,15.9,15,85,12,6,27,9,1.95,25,13,+12,+0.75,-0.72,Matches
1659,Cassiano Kiala,de GER,DF,Bayern Munich,de Bundesliga,17-131,2009,1,1,1,0.0,0.0,0,,0,1,1,8,3.00,1,0,+1,+90.00,+87.50,Matches
1660,Kialonda,ao ANG,DF,Lecce,it Serie A,28-237,1997,22,1828,83,54.9,20.3,21,86,19,1,26,1,1.05,17,25,-8,-0.39,+0.50,Matches
1661,Kiké,es ESP,FW,Espanyol,es La Liga,36-178,1989,36,1710,48,51.4,19.0,17,75,5,19,23,1,1.17,28,26,+2,+0.11,+0.88,Matches
1662,Semih Kılıçsoy,tr TUR,FW,Cagliari,it Serie A,20-280,2005,22,975,44,29.3,10.8,11,72,1,11,16,15,1.05,10,15,-5,-0.46,-0.12,Matches
1663,Max Kilman,eng ENG,DF,West Ham United,eng Premier League,28-364,1997,21,1561,74,46.9,17.3,17,90,17,4,8,12,0.95,18,37,-19,-1.10,-0.94,Matches
1664,Joshua Kimmich,de GER,MF,Bayern Munich,de Bundesliga,31-103,1995,29,2280,79,74.5,25.3,24,88,19,5,36,1,2.55,89,25,+64,+2.53,-0.01,Matches
1665,George King,eng ENG,DF,Crystal Palace,eng Premier League,19-063,2007,0,,,,,0,,0,0,,1,,,,,,,Matches
1666,Joshua King,eng ENG,MF,Fulham,eng Premier League,19-139,2007,31,1289,42,38.7,14.3,15,65,0,16,19,3,1.32,13,18,-5,-0.35,-0.31,Matches
1667,Tom King,wls WAL,GK,Everton,eng Premier League,31-074,1995,0,,,,,0,,0,0,,13,,,,,,,Matches
1668,Antonín Kinský,cz CZE,GK,Tottenham Hotspur,eng Premier League,23-070,2003,6,540,90,16.2,6.0,6,90,6,0,,30,1.33,7,7,0,0.00,+0.32,Matches
1669,Kazunari Kita,jp JPN,DF,Real Sociedad,es La Liga,20-248,2005,0,,,,,0,,0,0,,1,,,,,,,Matches
1670,Bradel Kiwa,fr FRA,MF,Monaco,fr Ligue 1,20-106,2006,0,,,,,0,,0,0,,4,,,,,,,Matches
1671,Jakub Kiwior,pl POL,"DF,MF",Arsenal,eng Premier League,26-096,2000,0,,,,,0,,0,0,,1,,,,,,,Matches
1672,Leon Klanac,de GER,GK,Bayern Munich,de Bundesliga,19-082,2007,0,,,,,0,,0,0,,1,,,,,,,Matches
1673,Carl Klaus,de GER,GK,Union Berlin,de Bundesliga,32-126,1994,4,330,83,10.8,3.7,3,90,3,1,60,6,1.75,10,4,+6,+1.64,+2.30,Matches
1674,Daniel Klein,de GER,GK,Augsburg,de Bundesliga,25-070,2001,0,,,,,0,,0,0,,3,,,,,,,Matches
1675,Tim Kleindienst,de GER,FW,Gladbach,de Bundesliga,30-264,1995,3,7,2,0.2,0.1,0,,0,3,2,0,2.33,1,0,+1,+12.86,+13.21,Matches
1676,Lukas Klisys,lt LTU,DF,Genoa,it Serie A,19-138,2007,0,,,,,0,,0,0,,2,,,,,,,Matches
1677,Lukas Klostermann,de GER,DF,RB Leipzig,de Bundesliga,29-353,1996,5,95,19,3.1,1.1,1,89,0,4,2,16,2.00,3,1,+2,+1.89,+1.38,Matches
1678,Justin Kluivert,nl NED,MF,Bournemouth,eng Premier League,27-017,1999,19,934,49,28.0,10.4,10,72,0,9,24,1,1.21,16,19,-3,-0.29,-0.55,Matches
1679,Ruben Kluivert,nl NED,DF,Lyon,fr Ligue 1,25-001,2001,16,772,48,25.2,8.6,9,81,6,7,6,8,2.06,18,19,-1,-0.12,-0.67,Matches
1680,Ansgar Knauff,de GER,"MF,FW",Eintracht Frankfurt,de Bundesliga,24-132,2002,28,1326,47,43.3,14.7,12,75,1,16,27,0,1.29,29,26,+3,+0.20,+0.57,Matches
1681,Joe Knight,eng ENG,MF,Brighton,eng Premier League,20-243,2005,1,1,1,0.0,0.0,0,,0,1,1,4,3.00,0,0,0,0.00,-0.24,Matches
1682,Matthias Köbbing,de GER,GK,Köln,de Bundesliga,28-359,1997,0,,,,,0,,0,0,,3,,,,,,,Matches
1683,Gregor Kobel,ch SUI,GK,Dortmund,de Bundesliga,28-167,1997,34,3060,90,100.0,34.0,34,90,34,0,,0,2.15,70,34,+36,+1.06,,Matches
1684,Robin Koch,de GER,DF,Eintracht Frankfurt,de Bundesliga,29-309,1996,32,2833,89,92.6,31.5,32,89,30,0,,0,1.38,57,60,-3,-0.10,+0.30,Matches
1685,Diego Kochen,us USA,GK,Barcelona,es La Liga,20-064,2006,0,,,,,0,,0,0,,24,,,,,,,Matches
1686,Christian Kofane,cm CMR,FW,Leverkusen,de Bundesliga,19-300,2006,29,1239,43,40.5,13.8,12,76,2,17,19,2,1.69,30,18,+12,+0.87,+0.43,Matches
1687,Hervé Koffi,bf BFA,GK,Angers,fr Ligue 1,29-218,1996,30,2658,89,86.9,29.5,30,89,29,0,,0,1.20,25,36,-11,-0.37,+1.42,Matches
1688,Enzo Koffi Vinette,fr FRA,DF,Le Havre,fr Ligue 1,20-079,2006,14,385,28,12.6,4.3,4,54,0,10,17,2,1.00,4,4,0,0.00,+0.40,Matches
1689,Derrick Köhn,gh GHA,"MF,DF",Union Berlin,de Bundesliga,27-107,1999,29,1899,65,62.1,21.1,21,82,10,8,21,2,1.17,25,32,-7,-0.33,+0.21,Matches
1690,Philipp Köhn,ch SUI,GK,Monaco,fr Ligue 1,28-050,1998,19,1621,85,53.0,18.0,17,90,17,2,46,15,1.79,36,27,+9,+0.50,+0.69,Matches
1691,Dominik Kohr,de GER,DF,Mainz 05,de Bundesliga,32-111,1994,29,2338,81,76.4,26.0,28,83,19,1,15,0,1.24,35,40,-5,-0.19,+0.31,Matches
1692,Koke,es ESP,MF,Atlético Madrid,es La Liga,34-134,1992,33,2129,65,63.9,23.7,23,79,13,10,32,2,2.06,42,23,+19,+0.80,+0.58,Matches
1693,Sead Kolašinac,ba BIH,DF,Atalanta,it Serie A,32-336,1993,19,1212,64,36.4,13.5,15,73,4,4,30,7,1.74,23,16,+7,+0.52,+0.18,Matches
1694,Luca Koleosho,it ITA,MF,Paris FC,fr Ligue 1,21-249,2004,16,554,35,18.1,6.2,3,80,1,13,24,1,1.56,13,9,+4,+0.65,+0.90,Matches
1695,Luca Koleosho,it ITA,MF,Espanyol,es La Liga,21-249,2004,3,63,21,1.9,0.7,0,,0,3,21,12,1.00,0,0,0,0.00,+0.33,Matches
1696,Markus Kolke,de GER,GK,Werder Bremen,de Bundesliga,35-277,1990,0,,,,,0,,0,0,,11,,,,,,,Matches
1697,Adam Kölle,de GER,DF,Heidenheim,de Bundesliga,20-024,2006,6,93,16,3.0,1.0,0,,0,6,16,9,0.83,2,3,-1,-0.97,-0.06,Matches
1698,Randal Kolo Muani,fr FRA,"FW,MF",Tottenham Hotspur,eng Premier League,27-168,1998,29,1646,57,49.4,18.3,21,69,4,8,26,2,0.79,17,31,-14,-0.77,-0.98,Matches
1699,Timothée Kolodziejczak,fr FRA,DF,Paris FC,fr Ligue 1,34-233,1991,11,662,60,21.6,7.4,7,89,6,4,10,16,1.18,6,14,-8,-1.09,-1.28,Matches
1700,Mert Kömür,de GER,"MF,FW",Augsburg,de Bundesliga,20-309,2005,28,1464,52,47.8,16.3,17,74,6,11,19,5,1.25,21,28,-7,-0.43,+0.08,Matches
1701,Yvann Konan,ci CIV,GK,Lyon,fr Ligue 1,19-126,2007,0,,,,,0,,0,0,,1,,,,,,,Matches
1702,Ibrahima Konaté,fr FRA,DF,Liverpool,eng Premier League,26-362,1999,35,3002,86,90.2,33.4,35,86,26,0,,1,1.66,54,44,+10,+0.30,+0.30,Matches
1703,Samba Konaté,fr FRA,FW,RB Leipzig,de Bundesliga,17-084,2009,1,4,4,0.1,0.0,0,,0,1,4,2,3.00,0,0,0,0.00,-0.56,Matches
1704,Geoffrey Kondogbia,cf CTA,"MF,DF",Marseille,fr Ligue 1,33-096,1993,10,587,59,19.2,6.5,9,64,0,1,14,7,1.90,11,6,+5,+0.77,+0.29,Matches
1705,Ismaël Koné,ca CAN,MF,Sassuolo,it Serie A,23-350,2002,34,2673,79,80.3,29.7,32,82,11,2,30,1,1.41,37,39,-2,-0.07,+0.07,Matches
1706,Mamadou Koné,ci CIV,FW,Lorient,fr Ligue 1,19-183,2006,0,,,,,0,,0,0,,1,,,,,,,Matches
1707,Manu Koné,fr FRA,MF,Roma,it Serie A,25-005,2001,28,2437,87,73.2,27.1,28,87,24,0,,0,1.89,39,20,+19,+0.70,0.00,Matches
1708,Ransford Königsdörffer,gh GHA,"FW,MF",Hamburger SV,de Bundesliga,24-251,2001,33,2329,71,76.1,25.9,29,76,5,4,29,0,1.12,33,44,-11,-0.43,-0.06,Matches
1709,Ezri Konsa,eng ENG,DF,Aston Villa,eng Premier League,28-211,1997,34,3035,89,91.1,33.7,34,89,33,0,,2,1.79,52,44,+8,+0.24,+0.85,Matches
1710,Teun Koopmeiners,nl NED,"MF,DF",Juventus,it Serie A,28-083,1998,32,1806,56,54.2,20.1,18,82,11,14,23,4,1.72,25,21,+4,+0.20,-1.16,Matches
1711,Yoan Koré,fr FRA,DF,Paris FC,fr Ligue 1,21-187,2004,0,,,,,0,,0,0,,1,,,,,,,Matches
1712,Ville Koski,fi FIN,DF,Alavés,es La Liga,24-115,2002,4,192,48,5.8,2.1,2,90,2,2,6,7,2.50,2,1,+1,+0.47,+0.81,Matches
1713,Eman Košpo,ba BIH,DF,Fiorentina,it Serie A,19-005,2007,0,,,,,0,,0,0,,16,,,,,,,Matches
1714,Odilon Kossounou,ci CIV,DF,Atalanta,it Serie A,25-138,2001,19,988,52,29.7,11.0,10,76,5,9,26,10,1.58,16,11,+5,+0.46,+0.07,Matches
1715,Filip Kostić,rs SRB,MF,Juventus,it Serie A,33-202,1992,18,479,27,14.4,5.3,4,69,0,14,15,19,2.00,12,4,+8,+1.50,+0.90,Matches
1716,Ilias Kostis,gr GRE,DF,Atlético Madrid,es La Liga,23-084,2003,0,,,,,0,,0,0,,1,,,,,,,Matches
1717,Charalampos Kostoulas,gr GRE,FW,Brighton,eng Premier League,18-357,2007,20,337,17,10.1,3.7,2,76,0,18,10,8,0.95,8,9,-1,-0.27,-0.57,Matches
1718,Keita Kosugi,jp JPN,DF,Eintracht Frankfurt,de Bundesliga,20-065,2006,0,,,,,0,,0,0,,7,,,,,,,Matches
1719,Eddy Kouadio,ci CIV,DF,Fiorentina,it Serie A,19-357,2006,3,72,24,2.2,0.8,0,,0,3,24,32,0.67,0,0,0,0.00,+0.25,Matches
1720,Christian Kouamé,ci CIV,"FW,MF",Fiorentina,it Serie A,28-167,1997,2,27,14,0.8,0.3,0,,0,2,14,5,1.50,0,0,0,0.00,+0.25,Matches
1721,Koffi Kouao,ci CIV,"DF,MF",Metz,fr Ligue 1,28-002,1998,27,2265,84,74.0,25.2,27,84,18,0,,5,0.56,21,48,-27,-1.07,+0.85,Matches
1722,Arsène Kouassi,bf BFA,MF,Lorient,fr Ligue 1,21-253,2004,31,2605,84,85.1,28.9,30,84,21,1,77,0,1.29,39,41,-2,-0.07,+0.13,Matches
1723,Christ-Owen Kouassi,fr FRA,DF,Lecce,it Serie A,23-037,2003,4,228,57,6.8,2.5,3,68,1,1,23,18,0.50,2,6,-4,-1.58,-1.03,Matches
1724,Konstantinos Koulierakis,gr GRE,DF,Wolfsburg,de Bundesliga,22-175,2003,29,2482,86,81.1,27.6,27,90,26,2,27,3,1.00,38,54,-16,-0.58,+0.67,Matches
1725,Seny Koumbassa,fr FRA,DF,Toulouse,fr Ligue 1,18-336,2007,9,444,49,14.9,4.9,4,90,4,5,17,23,1.20,7,12,-5,-1.01,-1.23,Matches
1726,Jules Koundé,fr FRA,DF,Barcelona,es La Liga,27-191,1998,30,2261,75,67.9,25.1,24,88,20,6,26,3,2.43,65,22,+43,+1.71,+0.20,Matches
1727,Lancinet Kourouma,gn GUI,FW,Girona,es La Liga,22-053,2004,5,43,9,1.3,0.5,0,,0,5,9,16,1.60,0,1,-1,-2.09,-1.68,Matches
1728,Hamza Koutoune,ma MAR,DF,Nice,fr Ligue 1,19-247,2006,1,1,1,0.0,0.0,0,,0,1,1,2,3.00,0,0,0,0.00,+0.68,Matches
1729,Niko Kovac,ba BIH,MF,Lecce,it Serie A,21-044,2005,0,,,,,0,,0,0,,16,,,,,,,Matches
1730,Mateo Kovačić,hr CRO,MF,Manchester City,eng Premier League,32-016,1994,5,98,20,2.9,1.1,1,55,0,4,11,6,2.20,3,2,+1,+0.92,-0.25,Matches
1731,Goduine Koyalipou,cf CTA,FW,Angers,fr Ligue 1,26-096,2000,13,668,51,21.8,7.4,7,77,1,6,22,1,0.92,4,7,-3,-0.40,+0.20,Matches
1732,Goduine Koyalipou,cf CTA,FW,Levante,es La Liga,26-096,2000,11,247,22,7.4,2.7,2,51,0,9,16,3,0.82,2,5,-3,-1.09,-0.80,Matches
1733,Emil Krafth,se SWE,DF,Newcastle United,eng Premier League,31-293,1994,1,45,45,1.4,0.5,1,45,0,0,,9,0.00,1,2,-1,-2.00,-2.03,Matches
1734,Alex Král,cz CZE,MF,Union Berlin,de Bundesliga,28-003,1998,20,459,23,15.0,5.1,2,73,0,18,17,10,1.05,8,13,-5,-0.98,-0.67,Matches
1735,Andrej Kramarić,hr CRO,"MF,FW",Hoffenheim,de Bundesliga,34-337,1991,34,2207,65,72.1,24.5,26,75,4,8,32,0,1.79,53,33,+20,+0.82,+1.55,Matches
1736,Vladyslav Krapyvtsov,ua UKR,GK,Girona,es La Liga,20-331,2005,2,136,68,4.1,1.5,1,90,1,1,46,26,0.00,1,5,-4,-2.65,-2.31,Matches
1737,Jean-Philippe Krasso,ci CIV,FW,Paris FC,fr Ligue 1,28-309,1997,25,1092,44,35.7,12.1,12,70,1,13,19,0,1.12,15,17,-2,-0.16,-0.12,Matches
1738,Tom Krauß,de GER,"MF,DF",Köln,de Bundesliga,24-334,2001,26,1780,68,58.2,19.8,19,83,8,7,29,6,1.08,24,32,-8,-0.40,+0.02,Matches
1739,Ladislav Krejčí,cz CZE,"DF,MF",Wolves,eng Premier League,27-032,1999,27,2291,85,68.8,25.5,26,86,21,1,48,2,0.56,19,44,-25,-0.98,+0.40,Matches
1740,Ladislav Krejčí,cz CZE,DF,Girona,es La Liga,27-032,1999,2,180,90,5.4,2.0,2,90,2,0,,0,0.00,1,8,-7,-3.50,-3.24,Matches
1741,Rasmus Kristensen,dk DEN,"DF,MF",Eintracht Frankfurt,de Bundesliga,28-315,1997,22,1538,70,50.3,17.1,19,79,12,3,15,0,1.36,27,30,-3,-0.18,-0.12,Matches
1742,Thomas Kristensen,dk DEN,DF,Udinese,it Serie A,24-125,2002,27,2414,89,72.5,26.8,27,89,25,0,,2,1.41,33,30,+3,+0.11,+0.60,Matches
1743,Nikola Krstović,me MNE,FW,Atalanta,it Serie A,26-047,2000,33,1791,54,53.8,19.9,18,77,8,15,27,4,1.64,32,16,+16,+0.80,+0.86,Matches
1744,Martín Krug,pa PAN,DF,Levante,es La Liga,19-317,2006,0,,,,,0,,0,0,,3,,,,,,,Matches
1745,Lukas Kübler,de GER,DF,Freiburg,de Bundesliga,33-265,1992,23,1587,69,51.9,17.6,19,79,9,4,23,4,1.43,33,35,-2,-0.11,+0.13,Matches
1746,Takefusa Kubo,jp JPN,MF,Real Sociedad,es La Liga,24-352,2001,24,1503,63,45.1,16.7,17,76,4,7,31,2,1.00,17,22,-5,-0.30,-0.45,Matches
1747,Mohammed Kudus,gh GHA,"MF,FW",Tottenham Hotspur,eng Premier League,25-293,2000,19,1535,81,46.1,17.1,19,81,8,0,,0,1.37,22,20,+2,+0.12,+0.72,Matches
1748,Zalán Kugyela,hu HUN,FW,Torino,it Serie A,18-306,2007,0,,,,,0,,0,0,,1,,,,,,,Matches
1749,Nicolas-Gerrit Kühn,de GER,MF,Como,it Serie A,26-141,2000,23,665,29,20.0,7.4,6,63,0,17,17,13,1.70,10,6,+4,+0.54,-0.44,Matches
1750,Godwill Kukonki,eng ENG,DF,Manchester Utd,eng Premier League,18-105,2008,0,,,,,0,,0,0,,2,,,,,,,Matches
1751,Sandro Kulenović,hr CRO,FW,Torino,it Serie A,26-169,1999,13,300,23,9.0,3.3,3,59,0,10,12,2,1.54,3,5,-2,-0.60,-0.10,Matches
1752,Sael Kumbedi,fr FRA,"DF,MF",Wolfsburg,de Bundesliga,21-057,2005,24,1804,75,59.0,20.0,20,86,12,4,24,5,0.88,30,45,-15,-0.75,-0.10,Matches
1753,Sael Kumbedi,fr FRA,DF,Lyon,fr Ligue 1,21-057,2005,1,65,65,2.1,0.7,1,65,0,0,,1,3.00,1,0,+1,+1.38,+1.02,Matches
1754,Marash Kumbulla,al ALB,DF,Mallorca,es La Liga,26-103,2000,8,439,55,13.2,4.9,5,70,3,3,30,7,1.13,7,8,-1,-0.21,+0.17,Matches
1755,Adi Kurti,al ALB,DF,Hellas Verona,it Serie A,20-125,2006,0,,,,,0,,0,0,,2,,,,,,,Matches
1756,Jonah Kusi-Asare,se SWE,FW,Bayern Munich,de Bundesliga,18-322,2007,1,5,5,0.2,0.1,0,,0,1,5,1,3.00,0,0,0,0.00,-2.53,Matches
1757,Jonah Kusi-Asare,se SWE,FW,Fulham,eng Premier League,18-322,2007,7,55,8,1.7,0.6,0,,0,7,8,11,0.57,2,2,0,0.00,+0.16,Matches
1758,Khvicha Kvaratskhelia,ge GEO,FW,Paris Saint-Germain,fr Ligue 1,25-099,2001,28,1479,53,48.3,16.4,18,68,3,10,26,3,2.21,31,11,+20,+1.22,-0.21,Matches
1759,Giorgi Kvilitaia,ge GEO,FW,Metz,fr Ligue 1,32-233,1993,10,495,50,16.2,5.5,5,73,1,5,26,3,0.30,6,14,-8,-1.45,-0.19,Matches
1760,Rio Kyerematen,eng ENG,MF,Tottenham Hotspur,eng Premier League,20-347,2005,0,,,,,0,,0,0,,2,,,,,,,Matches
1761,Godson Kyeremeh,fr FRA,FW,Le Havre,fr Ligue 1,25-342,2000,13,381,29,12.5,4.2,3,80,1,10,14,16,0.85,4,3,+1,+0.24,+0.67,Matches
1762,Adrián de la Fuente,es ESP,DF,Levante,es La Liga,27-085,1999,32,2621,82,78.7,29.1,29,89,27,3,17,1,1.19,33,45,-12,-0.41,-0.29,Matches
1763,Rémy Labeau Lascary,gp GLP,"MF,FW",Brest,fr Ligue 1,23-080,2003,27,1200,44,39.2,13.3,12,70,3,15,24,0,1.33,18,21,-3,-0.23,+0.21,Matches
1764,Nediljko Labrović,hr CRO,GK,Augsburg,de Bundesliga,26-224,1999,0,,,,,0,,0,0,,33,,,,,,,Matches
1765,Shea Lacey,eng ENG,FW,Manchester Utd,eng Premier League,19-038,2007,2,14,7,0.4,0.2,0,,0,2,7,11,0.50,0,0,0,0.00,-0.43,Matches
1766,Maxence Lacroix,fr FRA,DF,Crystal Palace,eng Premier League,26-046,2000,35,3085,88,92.6,34.3,35,88,33,0,,0,1.11,36,45,-9,-0.26,-0.26,Matches
1767,Gael Lafont,fr FRA,FW,Genoa,it Serie A,19-349,2006,0,,,,,0,,0,0,,3,,,,,,,Matches
1768,Emmanuel Lago,ci CIV,FW,Marseille,fr Ligue 1,21-146,2004,2,49,25,1.6,0.5,0,,0,2,25,7,1.50,0,3,-3,-5.51,-6.14,Matches
1769,Yoel Lago,es ESP,DF,Celta Vigo,es La Liga,22-058,2004,11,848,77,25.5,9.4,10,85,7,1,3,17,1.09,11,15,-4,-0.42,-0.71,Matches
1770,Adrian Lahdo,se SWE,MF,Como,it Serie A,18-147,2007,0,,,,,0,,0,0,,11,,,,,,,Matches
1771,Mayckel Lahdo,se SWE,"FW,MF",Nantes,fr Ligue 1,23-143,2002,8,415,52,14.0,4.6,5,66,0,3,29,0,0.50,4,9,-5,-1.08,-0.45,Matches
1772,Noah Lahmadi,fr FRA,MF,Toulouse,fr Ligue 1,21-137,2005,0,,,,,0,,0,0,,6,,,,,,,Matches
1773,Konrad Laimer,at AUT,DF,Bayern Munich,de Bundesliga,28-360,1997,29,1994,69,65.2,22.2,22,80,12,7,34,0,2.72,86,20,+66,+2.98,+1.29,Matches
1774,Kenny Lala,mg MAD,DF,Brest,fr Ligue 1,34-231,1991,32,2791,87,91.2,31.0,31,89,29,1,24,0,1.13,39,52,-13,-0.42,-0.75,Matches
1775,Keiber Lamadrid,ve VEN,MF,West Ham United,eng Premier League,22-185,2003,0,,,,,0,,0,0,,2,,,,,,,Matches
1776,Ugo Lamare,fr FRA,FW,Marseille,fr Ligue 1,18-331,2007,3,17,6,0.6,0.2,0,,0,3,6,1,1.00,0,0,0,0.00,-0.53,Matches
1777,Mathis Lambourde,fr FRA,FW,Hellas Verona,it Serie A,20-133,2006,0,,,,,0,,0,0,,1,,,,,,,Matches
1778,Senne Lammens,be BEL,GK,Manchester Utd,eng Premier League,23-319,2002,31,2790,90,83.8,31.0,31,90,31,0,,3,1.97,59,39,+20,+0.65,+1.31,Matches
1779,Tariq Lamptey,gh GHA,MF,Fiorentina,it Serie A,25-234,2000,2,25,13,0.8,0.3,1,21,0,1,4,0,0.00,1,0,+1,+3.60,+3.87,Matches
1780,Noa Lang,nl NED,"FW,MF",Napoli,it Serie A,26-339,1999,18,666,37,20.0,7.4,7,66,0,11,19,3,1.89,9,4,+5,+0.68,+0.14,Matches
1781,Aymeric Laporte,es ESP,DF,Athletic Club,es La Liga,31-360,1994,25,2058,82,61.8,22.9,24,85,20,1,27,1,1.24,24,35,-11,-0.48,-0.34,Matches
1782,Hugo Larsson,se SWE,MF,Eintracht Frankfurt,de Bundesliga,21-329,2004,25,1812,72,59.2,20.1,21,81,10,4,29,3,1.28,33,32,+1,+0.05,+0.41,Matches
1783,Marco de las Sías,es ESP,DF,Rayo Vallecano,es La Liga,20-144,2005,0,,,,,0,,0,0,,4,,,,,,,Matches
1784,Jamaal Lascelles,eng ENG,DF,Newcastle United,eng Premier League,32-192,1993,2,21,11,0.6,0.2,0,,0,2,11,3,0.50,0,2,-2,-8.57,-8.63,Matches
1785,Lucas Laso,es ESP,DF,Getafe,es La Liga,23-138,2003,0,,,,,0,,0,0,,10,,,,,,,Matches
1786,Valentin Lässig,de GER,DF,Hoffenheim,de Bundesliga,23-080,2003,0,,,,,0,,0,0,,5,,,,,,,Matches
1787,Axel Lassus,fr FRA,MF,Brest,fr Ligue 1,17-319,2008,0,,,,,0,,0,0,,4,,,,,,,Matches
1788,Toni Lato,es ESP,"DF,MF",Mallorca,es La Liga,28-182,1997,11,499,45,15.0,5.5,6,75,1,5,9,18,0.36,6,10,-4,-0.72,-0.44,Matches
1789,Bilal Laurendon,fr FRA,GK,Paris Saint-Germain,fr Ligue 1,20-096,2006,0,,,,,0,,0,0,,1,,,,,,,Matches
1790,Josh Laurent,eng ENG,"DF,MF",Burnley,eng Premier League,31-016,1995,33,1764,53,53.0,19.6,18,81,9,15,20,3,0.64,17,40,-23,-1.17,-0.37,Matches
1791,Armand Lauriente,fr FRA,FW,Sassuolo,it Serie A,27-169,1998,37,2527,68,75.9,28.1,32,75,6,5,25,0,1.32,34,38,-4,-0.14,-0.25,Matches
1792,Matteo Lavelli,it ITA,FW,Inter,it Serie A,19-165,2006,1,8,8,0.2,0.1,0,,0,1,8,5,3.00,0,0,0,0.00,-1.46,Matches
1793,Roméo Lavia,be BEL,MF,Chelsea,eng Premier League,22-136,2004,12,382,32,11.5,4.2,4,58,0,8,19,3,1.00,1,10,-9,-2.12,-2.61,Matches
1794,Yannis Lawson,tg TOG,DF,Metz,fr Ligue 1,21-181,2004,0,,,,,0,,0,0,,1,,,,,,,Matches
1795,Valentino Lazaro,at AUT,MF,Torino,it Serie A,30-059,1996,31,2252,73,67.6,25.0,26,82,15,5,24,6,1.10,23,48,-25,-1.00,-1.50,Matches
1796,Manuel Lazzari,it ITA,DF,Lazio,it Serie A,32-174,1993,22,929,42,27.9,10.3,9,74,2,13,20,9,1.14,12,10,+2,+0.19,+0.27,Matches
1797,Andréa Le Borgne,fr FRA,MF,Como,it Serie A,19-299,2006,1,1,1,0.0,0.0,0,,0,1,1,8,3.00,0,0,0,0.00,-0.89,Matches
1798,Théo Le Bris,fr FRA,MF,Lorient,fr Ligue 1,23-233,2002,28,1893,68,61.9,21.0,22,81,7,6,19,1,1.36,30,26,+4,+0.19,+0.73,Matches
1799,Julien Le Cardinal,fr FRA,DF,Brest,fr Ligue 1,28-292,1997,5,328,66,10.7,3.6,3,90,3,2,29,13,1.00,7,9,-2,-0.55,-0.22,Matches
1800,Enzo Le Fée,fr FRA,"MF,FW",Sunderland,eng Premier League,26-108,2000,35,2841,81,85.3,31.6,32,87,25,3,16,0,1.43,35,42,-7,-0.22,-0.22,Matches
1801,Raphael Le Guen,fr FRA,DF,Brest,fr Ligue 1,19-263,2006,6,375,63,12.3,4.2,4,90,4,2,8,16,0.17,2,9,-7,-1.68,-1.51,Matches
1802,Robin Le Normand,es ESP,DF,Atlético Madrid,es La Liga,29-192,1996,28,1789,64,53.7,19.9,17,84,14,11,33,4,1.82,33,20,+13,+0.65,+0.13,Matches
1803,Nicola Leali,it ITA,GK,Genoa,it Serie A,33-094,1993,21,1757,84,52.8,19.5,20,86,19,1,45,15,0.95,21,26,-5,-0.26,-0.03,Matches
1804,Rafael Leão,pt POR,FW,Milan,it Serie A,26-346,1999,28,1828,65,54.9,20.3,23,75,6,5,22,1,1.71,24,22,+2,+0.10,-0.92,Matches
1805,Lucas Leaudais,fr FRA,DF,Lorient,fr Ligue 1,21-238,2004,0,,,,,0,,0,0,,6,,,,,,,Matches
1806,Alex Lebarbier,fr FRA,MF,Real Sociedad,es La Liga,21-272,2004,0,,,,,0,,0,0,,2,,,,,,,Matches
1807,Benjamin Lecomte,fr FRA,GK,Fulham,eng Premier League,35-026,1991,0,,,,,0,,0,0,,37,,,,,,,Matches
1808,Pierre Lees-Melou,fr FRA,MF,Paris FC,fr Ligue 1,32-362,1993,22,1782,81,58.2,19.8,20,87,14,2,18,0,1.36,28,26,+2,+0.10,+0.45,Matches
1809,Pierre Lees-Melou,fr FRA,MF,Brest,fr Ligue 1,32-362,1993,2,180,90,5.9,2.0,2,90,2,0,,0,0.50,3,5,-2,-1.00,-0.69,Matches
1810,Jordan Lefort,mr MTN,DF,Angers,fr Ligue 1,32-286,1993,34,3060,90,100.0,34.0,34,90,34,0,,0,1.06,29,48,-19,-0.56,,Matches
1811,Alexander Legendre,ec ECU,MF,Rennes,fr Ligue 1,18-030,2008,6,45,8,1.5,0.5,0,,0,6,8,3,1.17,1,3,-2,-4.00,-4.33,Matches
1812,Elikya Legros,fr FRA,DF,Auxerre,fr Ligue 1,17-350,2008,0,,,,,0,,0,0,,3,,,,,,,Matches
1813,Diogo Leite,pt POR,DF,Union Berlin,de Bundesliga,27-119,1999,23,1963,85,64.2,21.8,23,85,16,0,,2,1.26,30,32,-2,-0.09,+0.89,Matches
1814,Maxim Leitsch,de GER,DF,Mainz 05,de Bundesliga,28-004,1998,3,162,54,5.3,1.8,2,76,1,1,10,10,1.00,0,4,-4,-2.22,-2.07,Matches
1815,Álvaro Leiva,es ESP,FW,Real Madrid,es La Liga,23-154,2002,1,4,4,0.1,0.0,0,,0,1,4,1,3.00,0,0,0,0.00,-1.08,Matches
1816,Florian Lejeune,fr FRA,DF,Rayo Vallecano,es La Liga,35-002,1991,36,3230,90,97.0,35.9,36,90,35,0,,0,1.22,38,43,-5,-0.14,-1.04,Matches
1817,Youssef Lekhedim,es ESP,"DF,MF",Alavés,es La Liga,20-227,2005,25,1335,53,40.1,14.8,13,83,7,12,21,10,1.15,19,22,-3,-0.20,+0.16,Matches
1818,Iñigo Lekue,es ESP,DF,Athletic Club,es La Liga,33-018,1993,10,569,57,17.1,6.3,8,70,4,2,5,17,1.36,9,13,-4,-0.63,-0.34,Matches
1819,Thomas Lemar,fr FRA,MF,Girona,es La Liga,30-191,1995,26,1244,48,37.4,13.8,14,69,1,12,23,2,1.00,15,16,-1,-0.07,+0.57,Matches
1820,Félix Lemaréchal,fr FRA,"MF,FW",Strasbourg,fr Ligue 1,22-288,2003,11,555,50,18.1,6.2,7,68,1,4,20,1,1.73,10,6,+4,+0.65,+0.40,Matches
1821,Louis Lemke,de GER,DF,Hamburger SV,de Bundesliga,16-226,2009,1,1,1,0.0,0.0,0,,0,1,1,1,3.00,0,0,0,0.00,+0.41,Matches
1822,Tim Lemperle,de GER,FW,Hoffenheim,de Bundesliga,24-106,2002,29,1944,67,63.5,21.6,24,76,1,5,22,0,1.86,47,30,+17,+0.79,+1.11,Matches
1823,Ruben Lendinez,es ESP,DF,Valencia,es La Liga,23-069,2003,1,4,4,0.1,0.0,0,,0,1,4,23,3.00,0,0,0,0.00,+0.30,Matches
1824,Clément Lenglet,fr FRA,DF,Atlético Madrid,es La Liga,30-339,1995,18,1301,72,39.1,14.5,16,79,11,2,19,15,1.72,23,16,+7,+0.48,-0.18,Matches
1825,Oscar Lenne,fr FRA,MF,Lens,fr Ligue 1,19-255,2006,0,,,,,0,,0,0,,3,,,,,,,Matches
1826,Bernd Leno,de GER,GK,Fulham,eng Premier League,34-079,1992,37,3330,90,100.0,37.0,37,90,37,0,,0,1.32,45,51,-6,-0.16,,Matches
1827,Diego León,py PAR,DF,Manchester Utd,eng Premier League,19-049,2007,0,,,,,0,,0,0,,3,,,,,,,Matches
1828,Donovan Léon,gf GUF,GK,Auxerre,fr Ligue 1,33-200,1992,29,2460,85,80.4,27.3,29,85,26,0,,0,1.03,24,35,-11,-0.40,-0.55,Matches
1829,Pietro Leonardelli,it ITA,GK,Fiorentina,it Serie A,19-331,2006,0,,,,,0,,0,0,,4,,,,,,,Matches
1830,Giovanni Leoni,it ITA,DF,Liverpool,eng Premier League,19-152,2006,0,,,,,0,,0,0,,1,,,,,,,Matches
1831,Esteban Lepaul,fr FRA,FW,Angers,fr Ligue 1,26-034,2000,2,174,87,5.7,1.9,2,87,1,0,,0,1.50,1,1,0,0.00,+0.59,Matches
1832,Esteban Lepaul,fr FRA,FW,Rennes,fr Ligue 1,26-034,2000,32,2511,78,82.1,27.9,31,80,11,1,29,0,1.75,49,38,+11,+0.39,+0.72,Matches
1833,Johann Lepenant,fr FRA,MF,Nantes,fr Ligue 1,23-212,2002,27,2173,80,73.2,24.1,23,88,17,4,40,0,0.64,21,33,-12,-0.50,+0.75,Matches
1834,Mehdi Léris,dz ALG,MF,Pisa,it Serie A,27-364,1998,33,1830,55,55.0,20.3,20,73,5,13,28,3,0.48,15,40,-25,-1.23,-0.09,Matches
1835,Jefferson Lerma,co COL,"MF,DF",Crystal Palace,eng Premier League,31-209,1994,30,1643,55,49.3,18.3,17,83,14,13,18,4,1.23,18,23,-5,-0.27,-0.06,Matches
1836,Louis Leroux,fr FRA,"MF,DF",Nantes,fr Ligue 1,20-119,2006,23,1441,63,48.5,16.0,16,79,7,7,24,3,0.87,13,24,-11,-0.69,+0.02,Matches
1837,Benjamin Leroy,fr FRA,GK,Lorient,fr Ligue 1,37-045,1989,0,,,,,0,,0,0,,4,,,,,,,Matches
1838,Jiří Letáček,,GK,Getafe,es La Liga,27-133,1999,0,,,,,0,,0,0,,35,,,,,,,Matches
1839,Sergej Levak,hr CRO,MF,Atalanta,it Serie A,20-019,2006,0,,,,,0,,0,0,,2,,,,,,,Matches
1840,Robert Lewandowski,pl POL,FW,Barcelona,es La Liga,37-274,1988,30,1574,52,47.3,17.5,16,79,9,14,22,4,2.53,51,16,+35,+2.00,+0.67,Matches
1841,Jamie Leweling,de GER,MF,Stuttgart,de Bundesliga,25-085,2001,32,2367,74,77.4,26.3,26,84,10,6,29,0,1.75,50,40,+10,+0.38,-1.18,Matches
1842,Rico Lewis,eng ENG,DF,Manchester City,eng Premier League,21-182,2004,10,317,32,9.5,3.5,3,82,2,7,10,16,1.90,6,5,+1,+0.28,-0.97,Matches
1843,Keane Lewis-Potter,eng ENG,"DF,MF",Brentford,eng Premier League,25-089,2001,35,1884,54,56.6,20.9,21,80,10,14,14,2,1.40,27,31,-4,-0.19,-0.63,Matches
1844,Myles Lewis-Skelly,eng ENG,"MF,DF",Arsenal,eng Premier League,19-238,2006,19,619,33,18.6,6.9,4,85,3,15,19,17,2.47,14,7,+7,+1.02,-0.18,Matches
1845,Luca Lezzerini,it ITA,GK,Fiorentina,it Serie A,31-059,1995,0,,,,,0,,0,0,,33,,,,,,,Matches
1846,Adrian Lickūnas,lt LTU,FW,Cremonese,it Serie A,20-055,2006,0,,,,,0,,0,0,,1,,,,,,,Matches
1847,Yann Liénard,fr FRA,GK,Monaco,fr Ligue 1,23-067,2003,0,,,,,0,,0,0,,17,,,,,,,Matches
1848,Philipp Lienhart,at AUT,DF,Freiburg,de Bundesliga,29-315,1996,20,1302,65,42.5,14.5,14,81,9,6,28,2,1.50,28,22,+6,+0.41,+1.03,Matches
1849,Jayden Lienou,wls WAL,DF,Leeds United,eng Premier League,18-044,2008,0,,,,,0,,0,0,,2,,,,,,,Matches
1850,Matthijs de Ligt,nl NED,DF,Manchester Utd,eng Premier League,26-283,1999,13,1170,90,35.1,13.0,13,90,13,0,,0,1.62,21,20,+1,+0.08,-0.55,Matches
1851,Pedro Lima,br BRA,MF,Wolves,eng Premier League,19-325,2006,8,251,31,7.5,2.8,3,65,0,5,11,9,0.38,0,6,-6,-2.15,-1.13,Matches
1852,Paolo Limon,fr FRA,MF,Rennes,fr Ligue 1,20-168,2005,0,,,,,0,,0,0,,1,,,,,,,Matches
1853,Victor Lindelöf,se SWE,"DF,MF",Aston Villa,eng Premier League,31-309,1994,16,876,55,26.3,9.7,10,84,8,6,6,17,2.13,18,14,+4,+0.41,+0.34,Matches
1854,Jesper Lindstrøm,dk DEN,MF,Wolfsburg,de Bundesliga,26-082,2000,13,379,29,12.4,4.2,4,58,0,9,17,1,0.23,4,12,-8,-1.90,-1.36,Matches
1855,Luca Lipani,it ITA,MF,Sassuolo,it Serie A,21-004,2005,23,952,41,28.6,10.6,9,70,2,14,23,13,1.22,14,13,+1,+0.09,+0.25,Matches
1856,Pol Lirola,es ESP,MF,Hellas Verona,it Serie A,28-282,1997,6,305,51,9.2,3.4,3,70,0,3,32,7,0.50,1,6,-5,-1.48,-0.61,Matches
1857,Pol Lirola,es ESP,"DF,MF",Marseille,fr Ligue 1,28-282,1997,3,34,11,1.1,0.4,0,,0,3,11,1,1.33,0,2,-2,-5.29,-5.89,Matches
1858,Adrián Liso,es ESP,"FW,MF",Getafe,es La Liga,21-050,2005,27,1621,60,48.7,18.0,20,75,4,7,18,6,1.30,12,18,-6,-0.33,-0.28,Matches
1859,Joseph Liteta,zm ZAM,MF,Cagliari,it Serie A,20-089,2006,4,264,66,7.9,2.9,4,66,1,0,,21,0.50,3,6,-3,-1.02,-0.70,Matches
1860,Dominik Livaković,hr CRO,GK,Girona,es La Liga,31-133,1995,0,,,,,0,,0,0,,16,,,,,,,Matches
1861,Dailon Livramento,cv CPV,FW,Hellas Verona,it Serie A,25-018,2001,0,,,,,0,,0,0,,1,,,,,,,Matches
1862,Valentino Livramento,eng ENG,DF,Newcastle United,eng Premier League,23-191,2002,17,1328,78,39.9,14.8,14,88,12,3,33,0,1.47,22,14,+8,+0.54,+0.90,Matches
1863,Marin Ljubicic,hr CRO,FW,Union Berlin,de Bundesliga,24-083,2002,2,22,11,0.7,0.2,0,,0,2,11,9,1.00,2,0,+2,+8.18,+8.66,Matches
1864,Javier Llabrés,es ESP,MF,Mallorca,es La Liga,23-253,2002,16,187,12,5.6,2.1,1,61,0,15,8,17,0.94,3,4,-1,-0.48,-0.14,Matches
1865,Yann Llahona Bonaterra,fr FRA,GK,Angers,fr Ligue 1,19-074,2007,0,,,,,0,,0,0,,1,,,,,,,Matches
1866,Diego Llorente,es ESP,DF,Real Betis,es La Liga,32-279,1993,17,1139,67,34.2,12.7,13,77,9,4,36,11,1.47,22,11,+11,+0.87,+0.91,Matches
1867,Marcos Llorente,es ESP,"DF,MF",Atlético Madrid,es La Liga,31-112,1995,28,2091,75,62.8,23.2,24,83,18,4,28,1,2.04,44,21,+23,+0.99,+1.06,Matches
1868,Gautier Lloris,fr FRA,DF,Le Havre,fr Ligue 1,30-308,1995,29,2398,83,78.4,26.6,28,85,25,1,12,0,1.03,25,31,-6,-0.23,+0.59,Matches
1869,Giovani Lo Celso,ar ARG,MF,Real Betis,es La Liga,30-043,1996,23,1356,59,40.7,15.1,15,73,2,8,33,3,1.61,24,16,+8,+0.53,+0.44,Matches
1870,Danny Loader,cm CMR,"MF,FW",Auxerre,fr Ligue 1,25-267,2000,30,2517,84,82.3,28.0,29,86,17,1,29,0,0.93,27,36,-9,-0.32,-0.16,Matches
1871,Stanislav Lobotka,sk SVK,MF,Napoli,it Serie A,31-178,1994,31,2395,77,71.9,26.6,28,83,19,3,22,0,1.87,43,30,+13,+0.49,-0.28,Matches
1872,Manuel Locatelli,it ITA,MF,Juventus,it Serie A,28-134,1998,35,2904,83,87.2,32.3,35,83,23,0,,1,1.89,47,26,+21,+0.65,-0.62,Matches
1873,Bradley Locko,fr FRA,DF,Brest,fr Ligue 1,24-016,2002,21,1286,61,42.0,14.3,14,84,8,7,17,1,1.10,20,23,-3,-0.21,+0.25,Matches
1874,Ruben Loftus-Cheek,eng ENG,"MF,FW",Milan,it Serie A,30-119,1996,28,1133,40,34.0,12.6,12,68,3,16,20,3,1.86,19,11,+8,+0.64,+0.18,Matches
1875,Niklas Lomb,de GER,GK,Leverkusen,de Bundesliga,32-298,1993,0,,,,,0,,0,0,,13,,,,,,,Matches
1876,Miguel Londoño,es ESP,MF,Espanyol,es La Liga,19-141,2007,0,,,,,0,,0,0,,1,,,,,,,Matches
1877,Sean Longstaff,eng ENG,MF,Leeds United,eng Premier League,28-204,1997,23,1011,44,30.4,11.2,10,84,7,13,13,6,1.35,12,20,-8,-0.71,-0.87,Matches
1878,Ademola Lookman,ng NGA,"FW,MF",Atalanta,it Serie A,28-214,1997,12,795,66,23.9,8.8,9,83,4,3,16,1,1.33,10,13,-3,-0.34,-0.98,Matches
1879,Ademola Lookman,ng NGA,"FW,MF",Atlético Madrid,es La Liga,28-214,1997,11,557,51,16.7,6.2,8,61,0,3,24,2,1.64,8,6,+2,+0.32,-0.33,Matches
1880,Anthony Lopes,pt POR,GK,Nantes,fr Ligue 1,35-233,1990,31,2788,90,93.9,31.0,31,90,30,0,,0,0.59,25,51,-26,-0.84,-2.32,Matches
1881,Alberto López,es ESP,GK,Sevilla,es La Liga,22-193,2003,0,,,,,0,,0,0,,10,,,,,,,Matches
1882,David López,es ESP,DF,Girona,es La Liga,36-225,1989,5,217,43,6.5,2.4,2,77,1,3,21,18,0.60,1,6,-5,-2.07,-1.76,Matches
1883,David López,es ESP,DF,Mallorca,es La Liga,23-108,2003,14,837,60,25.1,9.3,9,82,7,5,20,23,1.07,12,19,-7,-0.75,-0.54,Matches
1884,Diego López,es ESP,"MF,FW",Valencia,es La Liga,24-009,2002,33,1711,52,51.4,19.0,19,75,6,14,20,2,1.30,15,30,-15,-0.79,-1.01,Matches
1885,Fer López,es ESP,MF,Wolves,eng Premier League,21-363,2004,9,235,26,7.1,2.6,2,55,0,7,18,11,0.11,3,9,-6,-2.30,-1.28,Matches
1886,Fer López,es ESP,"MF,FW",Celta Vigo,es La Liga,21-363,2004,16,1097,69,32.9,12.2,12,82,5,4,30,0,1.19,16,19,-3,-0.25,-0.53,Matches
1887,Fermin López,es ESP,MF,Barcelona,es La Liga,23-011,2003,30,1797,60,54.0,20.0,19,75,7,11,33,1,2.63,54,18,+36,+1.80,+0.34,Matches
1888,Hugo López,es ESP,MF,Villarreal,es La Liga,19-141,2007,2,56,28,1.7,0.6,1,45,0,1,11,9,1.50,0,2,-2,-3.21,-3.87,Matches
1889,Javi López,es ESP,DF,Oviedo,es La Liga,24-058,2002,24,1697,71,51.0,18.9,20,82,12,4,15,7,0.88,17,26,-9,-0.48,+0.74,Matches
1890,Julien López,dz ALG,"FW,MF",Paris FC,fr Ligue 1,34-082,1992,5,45,9,1.5,0.5,0,,0,5,9,12,0.60,0,1,-1,-2.00,-1.94,Matches
1891,Maxime Lopez,fr FRA,MF,Paris FC,fr Ligue 1,28-169,1997,26,1960,75,64.1,21.8,22,83,17,4,32,2,1.19,29,36,-7,-0.32,-0.65,Matches
1892,Pablo López,es ESP,FW,Valencia,es La Liga,20-056,2006,0,,,,,0,,0,0,,3,,,,,,,Matches
1893,Pau López,es ESP,GK,Real Betis,es La Liga,31-160,1994,9,810,90,24.3,9.0,9,90,9,0,,22,1.56,13,11,+2,+0.22,-0.06,Matches
1894,Unai López,es ESP,MF,Rayo Vallecano,es La Liga,30-204,1995,28,1612,58,48.4,17.9,19,75,4,9,20,4,1.46,20,13,+7,+0.39,+0.97,Matches
1895,Dachi Lordkipanidze,ge GEO,MF,Cremonese,it Serie A,21-075,2005,1,29,29,0.9,0.3,0,,0,1,29,20,1.00,0,0,0,0.00,+0.60,Matches
1896,Lorran,br BRA,FW,Pisa,it Serie A,19-322,2006,9,122,14,3.7,1.4,0,,0,9,14,19,0.11,2,8,-6,-4.43,-3.36,Matches
1897,Iker Losada,es ESP,MF,Levante,es La Liga,24-294,2001,22,889,40,26.7,9.9,10,62,0,12,22,14,1.05,14,16,-2,-0.20,+0.20,Matches
1898,Iker Losada,es ESP,MF,Real Betis,es La Liga,24-294,2001,0,,,,,0,,0,0,,1,,,,,,,Matches
1899,Simone Lottici Tessadri,it ITA,MF,Cremonese,it Serie A,19-326,2006,0,,,,,0,,0,0,,2,,,,,,,Matches
1900,Tom Louchet,fr FRA,MF,Nice,fr Ligue 1,23-018,2003,27,1367,51,44.7,15.2,14,79,4,13,20,4,1.07,15,28,-13,-0.86,-0.32,Matches
1901,Marius Louer,fr FRA,DF,Angers,fr Ligue 1,19-072,2007,9,543,60,17.7,6.0,6,87,5,3,8,7,0.33,5,13,-8,-1.33,-0.93,Matches
1902,Sandi Lovrić,si SVN,MF,Udinese,it Serie A,28-055,1998,6,161,27,4.8,1.8,1,60,0,5,20,14,0.67,2,5,-3,-1.68,-1.71,Matches
1903,Sandi Lovrić,si SVN,MF,Hellas Verona,it Serie A,28-055,1998,6,252,42,7.6,2.8,2,84,0,4,21,0,0.67,0,2,-2,-0.71,+0.22,Matches
1904,Felipe Loyola,cl CHI,MF,Pisa,it Serie A,25-194,2000,10,508,51,15.3,5.6,6,64,0,4,32,5,0.10,3,15,-12,-2.13,-1.11,Matches
1905,Joan Lozano,es ESP,DF,Real Madrid,es La Liga,18-275,2007,0,,,,,0,,0,0,,3,,,,,,,Matches
1906,Pol Lozano,es ESP,MF,Espanyol,es La Liga,26-228,1999,33,2157,65,64.8,24.0,28,74,10,5,15,2,1.33,30,36,-6,-0.25,+0.21,Matches
1907,Sergio Lozano,es ESP,MF,Levante,es La Liga,27-059,1999,1,12,12,0.4,0.1,0,,0,1,12,2,0.00,0,1,-1,-7.50,-7.17,Matches
1908,Lucas,br BRA,"MF,DF",Burnley,eng Premier League,25-059,2001,19,1319,69,39.6,14.7,14,87,13,5,21,13,0.42,15,28,-13,-0.89,+0.19,Matches
1909,Lorenzo Lucca,it ITA,FW,Napoli,it Serie A,25-254,2000,16,408,26,12.3,4.5,4,72,0,12,10,4,1.88,4,3,+1,+0.22,-0.40,Matches
1910,Lorenzo Lucca,it ITA,FW,Nottingham Forest,eng Premier League,25-254,2000,4,129,32,3.9,1.4,1,70,0,3,20,2,0.50,2,1,+1,+0.70,+0.81,Matches
1911,Dimitri Lucea,fr FRA,DF,Paris Saint-Germain,fr Ligue 1,19-122,2007,2,60,30,2.0,0.7,1,45,0,1,15,1,1.50,1,0,+1,+1.50,+0.18,Matches
1912,Lorenzo Luchino,ar ARG,GK,Sevilla,es La Liga,20-063,2006,0,,,,,0,,0,0,,1,,,,,,,Matches
1913,Jhon Lucumí,co COL,DF,Bologna,it Serie A,27-330,1998,28,2197,78,66.0,24.4,25,85,22,3,22,4,1.50,30,25,+5,+0.20,+0.36,Matches
1914,Oier Luengo,es ESP,DF,Oviedo,es La Liga,28-192,1997,3,225,75,6.8,2.5,3,75,2,0,,12,0.25,2,6,-4,-1.60,-0.82,Matches
1915,Yannik Lührs,de GER,DF,Dortmund,de Bundesliga,22-255,2003,0,,,,,0,,0,0,,1,,,,,,,Matches
1916,Florentino Luís,pt POR,MF,Burnley,eng Premier League,26-276,1999,30,2015,67,60.5,22.4,24,79,8,6,20,4,0.50,19,44,-25,-1.12,-0.30,Matches
1917,José Luis Gayà,es ESP,DF,Valencia,es La Liga,30-362,1995,32,2448,77,73.5,27.2,31,79,16,1,9,2,1.16,23,37,-14,-0.51,-0.82,Matches
1918,Jon de Luis,es ESP,DF,Athletic Club,es La Liga,22-290,2003,0,,,,,0,,0,0,,6,,,,,,,Matches
1919,Mario de Luis,es ESP,GK,Atlético Madrid,es La Liga,23-351,2002,0,,,,,0,,0,0,,5,,,,,,,Matches
1920,José Luis Morales,es ESP,MF,Levante,es La Liga,38-303,1987,20,363,18,10.9,4.0,1,58,0,19,16,14,1.00,9,7,+2,+0.50,+0.95,Matches
1921,Douglas Luiz,br BRA,MF,Aston Villa,eng Premier League,28-013,1998,12,532,44,16.0,5.9,6,76,1,6,13,2,1.08,3,7,-4,-0.68,-1.00,Matches
1922,Douglas Luiz,br BRA,MF,Nottingham Forest,eng Premier League,28-013,1998,8,315,39,9.5,3.5,5,51,0,3,19,6,0.63,1,7,-6,-1.71,-1.80,Matches
1923,Romelu Lukaku,be BEL,FW,Napoli,it Serie A,33-009,1993,5,44,9,1.3,0.5,0,,0,5,9,4,1.80,1,2,-1,-2.05,-2.65,Matches
1924,Castello Lukeba,fr FRA,DF,RB Leipzig,de Bundesliga,23-156,2002,26,2176,84,71.1,24.2,24,88,22,2,27,2,1.88,50,33,+17,+0.70,+0.50,Matches
1925,Dodi Lukebakio,be BEL,MF,Sevilla,es La Liga,28-240,1997,2,180,90,5.4,2.0,2,90,2,0,,0,0.00,3,5,-2,-1.00,-0.69,Matches
1926,Saša Lukić,rs SRB,MF,Fulham,eng Premier League,29-282,1996,26,1734,67,52.1,19.3,20,80,12,6,24,3,1.19,16,22,-6,-0.31,-0.31,Matches
1927,Emanuele Lulli,it ITA,DF,Roma,it Serie A,18-278,2007,0,,,,,0,,0,0,,4,,,,,,,Matches
1928,Daniel Luna,co COL,MF,Mallorca,es La Liga,23-015,2003,0,,,,,0,,0,0,,2,,,,,,,Matches
1929,Kristoffer Lund,us USA,"DF,MF",Köln,de Bundesliga,24-008,2002,33,2276,69,74.4,25.3,26,81,12,7,24,1,0.97,35,47,-12,-0.47,-0.24,Matches
1930,Andriy Lunin,ua UKR,GK,Real Madrid,es La Liga,27-100,1999,6,540,90,16.2,6.0,6,90,6,0,,26,2.00,12,8,+4,+0.67,-0.49,Matches
1931,Sebastiano Luperto,it ITA,DF,Cremonese,it Serie A,29-258,1996,14,1217,87,36.5,13.5,14,87,11,0,,0,0.79,10,22,-12,-0.89,-0.46,Matches
1932,Sebastiano Luperto,it ITA,DF,Cagliari,it Serie A,29-258,1996,19,1706,90,51.2,19.0,19,90,18,0,,4,1.32,22,24,-2,-0.11,+0.56,Matches
1933,Matteo Luppichini,it ITA,GK,Pisa,it Serie A,18-055,2008,0,,,,,0,,0,0,,4,,,,,,,Matches
1934,Iker Luque,es ESP,DF,Atlético Madrid,es La Liga,20-351,2005,1,28,28,0.8,0.3,0,,0,1,28,5,3.00,2,0,+2,+6.43,+5.88,Matches
1935,Mateus Lusuardi,br BRA,DF,Pisa,it Serie A,22-134,2004,3,198,66,5.9,2.2,3,66,1,0,,5,0.00,2,5,-3,-1.36,-0.19,Matches
1936,Zito Luvumbo,ao ANG,"FW,MF",Mallorca,es La Liga,24-074,2002,10,508,51,15.3,5.6,6,68,1,4,25,3,1.30,7,5,+2,+0.35,+0.83,Matches
1937,Zito Luvumbo,ao ANG,"MF,FW",Cagliari,it Serie A,24-074,2002,12,329,27,9.9,3.7,2,58,0,10,21,6,0.50,4,8,-4,-1.09,-0.79,Matches
1938,Babis Lykogiannis,gr GRE,DF,Bologna,it Serie A,32-212,1993,10,627,63,18.8,7.0,7,81,4,3,19,22,0.70,5,8,-3,-0.43,-0.63,Matches
1939,Senne Lynen,be BEL,MF,Werder Bremen,de Bundesliga,27-092,1999,31,2752,89,89.9,30.6,31,89,26,0,,0,0.90,33,54,-21,-0.69,-0.10,Matches
1940,Ernestas Lysionok,lt LTU,GK,Genoa,it Serie A,19-074,2007,0,,,,,0,,0,0,,9,,,,,,,Matches
1941,Mathias Løvik,no NOR,MF,Parma,it Serie A,22-167,2003,9,471,52,14.1,5.2,5,79,2,4,19,10,1.00,5,8,-3,-0.57,-0.07,Matches
1942,Ian Maatsen,nl NED,DF,Aston Villa,eng Premier League,24-073,2002,29,1515,52,45.5,16.8,16,81,7,13,17,8,1.66,27,26,+1,+0.06,-0.19,Matches
1943,Alexis Mac Allister,ar ARG,MF,Liverpool,eng Premier League,27-149,1998,36,2568,71,77.1,28.5,30,82,19,6,20,0,1.56,44,40,+4,+0.14,-0.57,Matches
1944,Tommaso Macchioni,it ITA,DF,Sassuolo,it Serie A,20-048,2006,0,,,,,0,,0,0,,5,,,,,,,Matches
1945,Deiver Machado,co COL,"DF,MF",Nantes,fr Ligue 1,32-262,1993,14,907,65,30.5,10.1,12,70,6,2,37,1,0.86,8,13,-5,-0.50,+0.29,Matches
1946,Deiver Machado,co COL,MF,Lens,fr Ligue 1,32-262,1993,5,273,55,8.9,3.0,4,68,1,1,1,3,1.80,2,3,-1,-0.33,-1.36,Matches
1947,Koki Machida,jp JPN,DF,Hoffenheim,de Bundesliga,28-270,1997,1,44,44,1.4,0.5,1,44,0,0,,0,3.00,1,1,0,0.00,-0.39,Matches
1948,Lanroy Machine,fr FRA,FW,Angers,fr Ligue 1,20-221,2005,22,519,24,17.0,5.8,3,66,0,19,17,4,0.91,7,7,0,0.00,+0.67,Matches
1949,Shuto Machino,jp JPN,"FW,MF",Gladbach,de Bundesliga,26-234,1999,32,1076,34,35.2,12.0,9,79,2,23,16,1,1.16,13,32,-19,-1.59,-1.95,Matches
1950,Carlos Macià,es ESP,MF,Villarreal,es La Liga,17-263,2008,4,81,20,2.4,0.9,0,,0,4,20,3,1.50,2,1,+1,+1.11,+0.53,Matches
1951,James Maddison,eng ENG,"FW,MF",Tottenham Hotspur,eng Premier League,29-180,1996,2,28,14,0.8,0.3,0,,0,2,14,3,0.50,1,0,+1,+3.21,+3.51,Matches
1952,Brian Madjo,lu LUX,FW,Metz,fr Ligue 1,17-130,2009,5,157,31,5.1,1.7,2,69,0,3,7,4,0.00,0,3,-3,-1.72,-0.45,Matches
1953,Noni Madueke,eng ENG,"FW,MF",Arsenal,eng Premier League,24-073,2002,25,1129,45,33.9,12.5,15,63,0,10,18,6,1.92,22,9,+13,+1.04,-0.19,Matches
1954,Pablo Maffeo,es ESP,DF,Mallorca,es La Liga,28-314,1997,30,2572,86,77.2,28.6,29,87,19,1,45,1,1.06,34,41,-7,-0.24,+0.47,Matches
1955,Gabriel Magalhães,br BRA,DF,Arsenal,eng Premier League,28-154,1997,31,2706,87,81.3,30.1,30,90,29,1,20,0,2.23,55,19,+36,+1.20,+0.19,Matches
1956,Soungoutou Magassa,fr FRA,MF,West Ham United,eng Premier League,22-226,2003,22,981,45,29.5,10.9,11,74,2,11,15,11,0.73,11,23,-12,-1.10,-0.72,Matches
1957,Hugo Magnetti,fr FRA,MF,Brest,fr Ligue 1,27-357,1998,33,2688,81,87.8,29.9,31,85,20,2,19,0,1.18,39,46,-7,-0.23,+0.98,Matches
1958,Frank Magri,cm CMR,"FW,MF",Toulouse,fr Ligue 1,26-260,1999,17,1253,74,42.2,13.9,16,77,3,1,28,0,1.53,18,17,+1,+0.07,+0.07,Matches
1959,Harry Maguire,eng ENG,DF,Manchester Utd,eng Premier League,33-078,1993,22,1563,71,46.9,17.4,18,84,12,4,13,3,2.00,33,19,+14,+0.81,+0.70,Matches
1960,Arne Maier,de GER,MF,Augsburg,de Bundesliga,27-134,1999,1,4,4,0.1,0.0,0,,0,1,4,10,3.00,0,0,0,0.00,+0.47,Matches
1961,Mike Maignan,fr FRA,GK,Milan,it Serie A,30-323,1995,36,3205,89,96.2,35.6,36,89,35,0,,0,1.86,48,33,+15,+0.42,-2.46,Matches
1962,Linton Maina,de GER,"MF,FW",Köln,de Bundesliga,26-333,1999,24,1023,43,33.4,11.4,9,70,0,15,26,4,0.92,15,24,-9,-0.79,-0.57,Matches
1963,Patrick Mainka,de GER,DF,Heidenheim,de Bundesliga,31-197,1994,34,3060,90,100.0,34.0,34,90,34,0,,0,0.76,41,72,-31,-0.91,,Matches
1964,Kobbie Mainoo,eng ENG,MF,Manchester Utd,eng Premier League,21-033,2005,27,1572,58,47.2,17.5,15,89,13,12,20,4,2.19,35,22,+13,+0.74,+0.59,Matches
1965,Ainsley Maitland-Niles,eng ENG,"DF,MF",Lyon,fr Ligue 1,28-266,1997,30,2483,83,81.1,27.6,28,85,22,2,48,0,1.83,48,35,+13,+0.47,+0.47,Matches
1966,Radosław Majecki,pl POL,GK,Brest,fr Ligue 1,26-187,1999,10,864,86,28.2,9.6,10,86,9,0,,16,0.70,9,15,-6,-0.62,-0.38,Matches
1967,Lovro Majer,hr CRO,MF,Wolfsburg,de Bundesliga,28-125,1998,28,1371,49,44.8,15.2,16,70,1,12,21,4,0.75,20,30,-10,-0.66,+0.09,Matches
1968,Hamidou Makalou,ml MLI,MF,Brest,fr Ligue 1,19-311,2006,17,341,20,11.1,3.8,2,79,1,15,12,16,0.59,3,9,-6,-1.58,-1.38,Matches
1969,Jean-Victor Makengo,fr FRA,MF,Lorient,fr Ligue 1,27-344,1998,31,1800,58,58.8,20.0,23,70,2,8,23,3,1.35,27,26,+1,+0.05,+0.34,Matches
1970,Jordy Makengo,fr FRA,DF,Freiburg,de Bundesliga,24-292,2001,20,1178,59,38.5,13.1,12,85,9,8,19,9,1.45,19,20,-1,-0.08,+0.16,Matches
1971,Andrija Maksimović,rs SRB,FW,RB Leipzig,de Bundesliga,18-351,2007,8,93,12,3.0,1.0,0,,0,8,12,14,1.63,0,2,-2,-1.94,-2.57,Matches
1972,Said El Mala,de GER,"FW,MF",Köln,de Bundesliga,19-269,2006,34,1956,58,63.9,21.7,20,79,6,14,28,0,0.94,32,37,-5,-0.23,+0.50,Matches
1973,Tyrell Malacia,nl NED,DF,Manchester Utd,eng Premier League,26-278,1999,2,9,5,0.3,0.1,0,,0,2,5,25,1.50,0,1,-1,-10.00,-10.46,Matches
1974,Julián Malatini,ar ARG,DF,Werder Bremen,de Bundesliga,24-356,2001,11,516,47,16.9,5.7,5,71,1,6,27,7,1.00,4,12,-8,-1.40,-0.86,Matches
1975,Daniel Maldini,it ITA,FW,Lazio,it Serie A,24-223,2001,11,667,61,20.0,7.4,9,69,2,2,22,2,1.73,8,11,-3,-0.40,-0.51,Matches
1976,Daniel Maldini,it ITA,MF,Atalanta,it Serie A,24-223,2001,9,264,29,7.9,2.9,3,63,0,6,13,12,1.78,1,2,-1,-0.34,-0.81,Matches
1977,Youssef Maleh,ma MAR,MF,Cremonese,it Serie A,27-273,1998,13,1085,83,32.6,12.1,13,83,7,0,,0,0.77,9,22,-13,-1.08,-0.72,Matches
1978,Youssef Maleh,ma MAR,MF,Lecce,it Serie A,27-273,1998,9,460,51,13.8,5.1,5,82,2,4,13,9,0.44,3,9,-6,-1.17,-0.64,Matches
1979,Donyell Malen,nl NED,"FW,MF",Aston Villa,eng Premier League,27-133,1999,21,656,31,19.7,7.3,5,71,0,16,19,0,2.05,11,10,+1,+0.14,-0.03,Matches
1980,Donyell Malen,nl NED,FW,Roma,it Serie A,27-133,1999,17,1384,81,41.6,15.4,17,81,7,0,,0,1.82,32,17,+15,+0.98,+0.47,Matches
1981,Roberto Malfitano,it ITA,MF,Cagliari,it Serie A,18-338,2007,0,,,,,0,,0,0,,4,,,,,,,Matches
1982,Ruslan Malinovskyi,ua UKR,MF,Genoa,it Serie A,33-018,1993,34,2235,66,67.1,24.8,28,74,6,6,25,1,1.06,28,32,-4,-0.16,+0.25,Matches
1983,Lennard Maloney,us USA,"DF,MF",Mainz 05,de Bundesliga,26-226,1999,21,485,23,15.8,5.4,4,78,2,17,10,11,1.52,3,12,-9,-1.67,-1.67,Matches
1984,Adrián Malovec,sk SVK,GK,Cremonese,it Serie A,18-195,2007,0,,,,,0,,0,0,,2,,,,,,,Matches
1985,Pape Mamadou Sy,sn SEN,GK,Metz,fr Ligue 1,29-020,1997,8,706,88,23.1,7.8,8,88,7,0,,9,0.38,7,20,-13,-1.66,-0.47,Matches
1986,Giorgi Mamardashvili,ge GEO,GK,Liverpool,eng Premier League,25-235,2000,10,867,87,26.0,9.6,10,87,9,0,,25,1.00,13,18,-5,-0.52,-1.07,Matches
1987,Felix Mambimbi,ch SUI,"FW,MF",Le Havre,fr Ligue 1,25-124,2001,17,530,31,17.3,5.9,7,62,0,10,9,13,0.94,4,8,-4,-0.68,-0.39,Matches
1988,Aitor Mañas,es ESP,FW,Alavés,es La Liga,23-137,2003,9,122,14,3.7,1.4,0,,0,9,14,9,1.00,2,3,-1,-0.74,-0.46,Matches
1989,Gianluca Mancini,it ITA,DF,Roma,it Serie A,30-035,1996,35,2969,85,89.2,33.0,35,85,26,0,,0,1.83,50,26,+24,+0.73,+0.23,Matches
1990,Christos Mandas,gr GRE,GK,Bournemouth,eng Premier League,24-247,2001,0,,,,,0,,0,0,,14,,,,,,,Matches
1991,Christos Mandas,gr GRE,GK,Lazio,it Serie A,24-247,2001,0,,,,,0,,0,0,,22,,,,,,,Matches
1992,Reinildo Mandava,mz MOZ,DF,Sunderland,eng Premier League,32-121,1994,24,1876,78,56.3,20.8,22,83,18,2,23,0,1.54,26,25,+1,+0.05,+0.54,Matches
1993,Aïssa Mandi,dz ALG,DF,Lille,fr Ligue 1,34-212,1991,29,2424,84,79.2,26.9,28,86,24,1,6,2,1.83,37,28,+9,+0.33,-0.51,Matches
1994,Rolando Mandragora,it ITA,MF,Fiorentina,it Serie A,28-327,1997,33,2331,71,70.0,25.9,29,75,10,4,41,1,1.03,28,32,-4,-0.15,+0.30,Matches
1995,Filippo Mane,it ITA,DF,Dortmund,de Bundesliga,21-075,2005,4,131,33,4.3,1.5,2,65,0,2,1,8,2.50,4,2,+2,+1.37,+0.33,Matches
1996,Mateus Mane,pt POR,MF,Wolves,eng Premier League,18-248,2007,26,1705,66,51.2,18.9,18,85,14,8,23,0,0.65,15,29,-14,-0.74,+0.76,Matches
1997,Orel Mangala,be BEL,MF,Lyon,fr Ligue 1,28-065,1998,9,414,46,13.5,4.6,5,67,0,4,20,2,2.11,6,7,-1,-0.22,-0.69,Matches
1998,Stefano Mangiapoco,it ITA,GK,Juventus,it Serie A,22-115,2004,0,,,,,0,,0,0,,1,,,,,,,Matches
1999,Bendito Mantato,eng ENG,MF,Manchester Utd,eng Premier League,18-117,2008,1,16,16,0.5,0.2,0,,0,1,16,3,1.00,0,0,0,0.00,-0.43,Matches
2000,Brad Mantsounga,cg CGO,DF,Nice,fr Ligue 1,18-258,2007,1,90,90,2.9,1.0,1,90,1,0,,4,0.00,1,5,-4,-4.00,-3.42,Matches
2001,Johan Manzambi,ch SUI,MF,Freiburg,de Bundesliga,20-220,2005,27,2077,77,67.9,23.1,26,78,8,1,45,1,1.37,36,36,0,0.00,+0.55,Matches
2002,Sekou Mara,fr FRA,FW,Auxerre,fr Ligue 1,23-296,2002,27,1226,45,40.1,13.6,14,71,1,13,17,2,0.96,17,17,0,0.00,+0.49,Matches
2003,Sekou Mara,fr FRA,FW,Strasbourg,fr Ligue 1,23-296,2002,0,,,,,0,,0,0,,2,,,,,,,Matches
2004,Nikola Maraš,rs SRB,DF,Alavés,es La Liga,30-154,1995,0,,,,,0,,0,0,,1,,,,,,,Matches
2005,Alessandro Marcandalli,it ITA,DF,Genoa,it Serie A,23-209,2002,31,2515,81,75.5,27.9,28,87,24,3,28,4,1.26,36,35,+1,+0.04,+1.14,Matches
2006,Marcão,br BRA,DF,Sevilla,es La Liga,29-351,1996,13,938,72,28.2,10.4,11,84,9,2,8,2,1.23,13,15,-2,-0.19,+0.22,Matches
2007,Solly March,eng ENG,MF,Brighton,eng Premier League,31-306,1994,3,9,3,0.3,0.1,0,,0,3,3,2,2.00,0,1,-1,-10.00,-10.27,Matches
2008,Alex Marchal,es ESP,MF,Real Sociedad,es La Liga,18-247,2007,0,,,,,0,,0,0,,1,,,,,,,Matches
2009,Vincent Marchetti,fr FRA,MF,Paris FC,fr Ligue 1,28-322,1997,23,825,36,27.0,9.2,9,71,1,14,13,2,1.17,15,19,-4,-0.44,-0.48,Matches
2010,Filip Marchwiński,pl POL,MF,Lecce,it Serie A,24-132,2002,0,,,,,0,,0,0,,19,,,,,,,Matches
2011,Pablo Marí,es ESP,DF,Fiorentina,it Serie A,32-264,1993,11,808,73,24.3,9.0,9,86,7,2,15,6,0.55,9,19,-10,-1.11,-1.15,Matches
2012,José María Giménez,uy URU,DF,Atlético Madrid,es La Liga,31-122,1995,16,1178,74,35.4,13.1,13,85,12,3,26,4,1.88,20,14,+6,+0.46,-0.21,Matches
2013,Mariano,do DOM,FW,Alavés,es La Liga,32-294,1993,10,288,29,8.6,3.2,3,56,0,7,17,16,0.80,2,4,-2,-0.62,-0.36,Matches
2014,Luca Marianucci,it ITA,DF,Torino,it Serie A,21-303,2004,10,575,58,17.3,6.4,6,82,4,4,22,5,1.50,9,10,-1,-0.16,+0.43,Matches
2015,Luca Marianucci,it ITA,DF,Napoli,it Serie A,21-303,2004,2,119,60,3.6,1.3,1,90,1,1,29,19,0.50,2,2,0,0.00,-0.59,Matches
2016,Arkaitz Mariezkurrena,es ESP,FW,Real Sociedad,es La Liga,21-047,2005,1,1,1,0.0,0.0,0,,0,1,1,0,1.00,0,1,-1,-90.00,-89.97,Matches
2017,Marius Marin,ro ROU,MF,Pisa,it Serie A,27-265,1998,23,1281,56,38.5,14.2,18,66,4,5,19,6,0.65,7,22,-15,-1.05,+0.22,Matches
2018,Pablo Marín,es ESP,MF,Real Sociedad,es La Liga,22-323,2003,33,1479,45,44.4,16.4,15,71,4,18,23,4,1.27,28,35,-7,-0.43,-0.67,Matches
2019,Rafa Marín,es ESP,DF,Villarreal,es La Liga,24-003,2002,22,1889,86,56.7,21.0,20,89,18,2,56,13,2.00,34,25,+9,+0.43,-0.38,Matches
2020,Renato Marin,it ITA,GK,Paris Saint-Germain,fr Ligue 1,19-316,2006,2,180,90,5.9,2.0,2,90,2,0,,17,2.00,3,2,+1,+0.50,-0.87,Matches
2021,Rodrigo Marina,es ESP,FW,Real Betis,es La Liga,19-298,2006,0,,,,,0,,0,0,,2,,,,,,,Matches
2022,João Mário Lopes,pt POR,"DF,MF",Bologna,it Serie A,26-139,2000,10,735,74,22.1,8.2,10,74,3,0,,4,2.10,10,7,+3,+0.37,+0.37,Matches
2023,João Mário Lopes,pt POR,MF,Juventus,it Serie A,26-139,2000,10,258,26,7.7,2.9,2,72,0,8,14,12,2.00,6,2,+4,+1.40,+0.72,Matches
2024,Guillermo Maripán,cl CHI,DF,Torino,it Serie A,32-016,1994,27,2145,79,64.4,23.8,24,84,20,3,41,10,1.15,25,37,-12,-0.50,+0.03,Matches
2025,Andrik Markgraf,de GER,DF,Union Berlin,de Bundesliga,19-257,2006,0,,,,,0,,0,0,,6,,,,,,,Matches
2026,Petar Markovic,at AUT,DF,Bologna,it Serie A,20-106,2006,0,,,,,0,,0,0,,1,,,,,,,Matches
2027,Omar Marmoush,eg EGY,"FW,MF",Manchester City,eng Premier League,27-104,1999,21,700,33,21.0,7.8,8,65,0,13,14,6,2.05,15,5,+10,+1.29,+0.16,Matches
2028,Tomas Marques,es ESP,MF,Barcelona,es La Liga,19-204,2006,2,11,6,0.3,0.1,0,,0,2,6,16,1.50,0,0,0,0.00,-1.65,Matches
2029,Marquinhos,br BRA,DF,Paris Saint-Germain,fr Ligue 1,32-008,1994,14,1052,75,34.4,11.7,11,90,11,3,21,15,2.21,24,6,+18,+1.54,+0.33,Matches
2030,Unai Marrero,es ESP,GK,Real Sociedad,es La Liga,24-225,2001,0,,,,,0,,0,0,,35,,,,,,,Matches
2031,Zachariah Marsh,eng ENG,FW,Crystal Palace,eng Premier League,20-228,2005,0,,,,,0,,0,0,,1,,,,,,,Matches
2032,Callum Marshall,nir NIR,FW,West Ham United,eng Premier League,21-175,2004,2,60,30,1.8,0.7,0,,0,2,30,4,0.00,0,2,-2,-3.00,-2.45,Matches
2033,Eric Martel,de GER,"MF,DF",Köln,de Bundesliga,24-023,2002,31,2559,83,83.6,28.4,30,85,22,1,14,0,1.00,41,50,-9,-0.32,+0.58,Matches
2034,Aarón Martín,es ESP,"MF,DF",Genoa,it Serie A,29-030,1997,32,2097,66,63.0,23.3,25,80,15,7,13,5,1.16,28,36,-8,-0.34,-0.27,Matches
2035,Carlos Martín,es ESP,"MF,FW",Rayo Vallecano,es La Liga,24-030,2002,10,413,41,12.4,4.6,6,61,0,4,12,8,1.20,5,10,-5,-1.09,-1.12,Matches
2036,Carlos Martín,es ESP,"FW,MF",Atlético Madrid,es La Liga,24-030,2002,0,,,,,0,,0,0,,18,,,,,,,Matches
2037,Gerard Martín,es ESP,DF,Barcelona,es La Liga,24-085,2002,31,2029,65,60.9,22.5,25,79,14,6,9,3,2.55,57,13,+44,+1.95,+0.78,Matches
2038,Iván Martín,es ESP,MF,Girona,es La Liga,27-097,1999,34,2442,72,73.3,27.1,28,82,14,6,22,2,1.18,28,35,-7,-0.26,+0.65,Matches
2039,Jon Martin,es ESP,DF,Real Sociedad,es La Liga,20-029,2006,25,2250,90,67.6,25.0,25,90,25,0,,7,1.20,42,44,-2,-0.08,-0.08,Matches
2040,Mario Martín,es ESP,"MF,FW",Getafe,es La Liga,22-078,2004,34,2037,60,61.2,22.6,25,70,6,9,32,0,1.24,18,27,-9,-0.40,-0.54,Matches
2041,Gabriel Martinelli,br BRA,"FW,MF",Arsenal,eng Premier League,24-338,2001,29,991,34,29.8,11.0,10,61,1,19,20,6,2.17,20,7,+13,+1.18,+0.03,Matches
2042,Tommaso Martinelli,it ITA,GK,Fiorentina,it Serie A,20-136,2006,0,,,,,0,,0,0,,18,,,,,,,Matches
2043,Antonio Martínez,es ESP,MF,Elche,es La Liga,20-043,2006,0,,,,,0,,0,0,,1,,,,,,,Matches
2044,Arnau Martinez,es ESP,"DF,MF",Girona,es La Liga,23-027,2003,34,2609,77,78.3,29.0,32,81,18,2,14,2,1.15,33,34,-1,-0.03,+1.84,Matches
2045,Daniel Martinez,es ESP,DF,Atlético Madrid,es La Liga,22-017,2004,1,90,90,2.7,1.0,1,90,1,0,,3,0.00,1,2,-1,-1.00,-1.64,Matches
2046,Emiliano Martínez,ar ARG,GK,Aston Villa,eng Premier League,33-262,1992,32,2835,89,85.1,31.5,32,89,31,0,,0,1.69,46,39,+7,+0.22,+0.40,Matches
2047,Joaquín Martínez Gauna,es ESP,"MF,DF",Sevilla,es La Liga,22-317,2003,20,1332,67,40.0,14.8,13,87,9,7,29,11,1.10,22,23,-1,-0.07,+0.47,Matches
2048,Josep Martinez,es ESP,GK,Inter,it Serie A,27-360,1998,4,360,90,10.8,4.0,4,90,4,0,,29,3.00,10,1,+9,+2.25,+0.89,Matches
2049,Lautaro Martínez,ar ARG,FW,Inter,it Serie A,28-273,1997,29,2106,73,63.2,23.4,26,78,4,3,24,3,2.45,59,18,+41,+1.75,+0.80,Matches
2050,Lisandro Martínez,ar ARG,DF,Manchester Utd,eng Premier League,28-124,1998,17,1143,67,34.3,12.7,12,87,10,5,20,1,1.82,22,15,+7,+0.55,+0.18,Matches
2051,Pablo Martínez,es ESP,MF,Levante,es La Liga,28-089,1998,26,1772,68,53.2,19.7,20,80,8,6,28,1,1.42,24,26,-2,-0.10,+0.53,Matches
2052,Ramón Martínez,es ESP,DF,Sevilla,es La Liga,23-212,2002,2,102,51,3.1,1.1,0,,0,2,51,9,1.50,2,3,-1,-0.88,-0.55,Matches
2053,Toni Martínez,es ESP,FW,Alavés,es La Liga,28-326,1997,36,2624,73,78.8,29.2,31,80,11,5,28,1,1.11,39,39,0,0.00,+1.40,Matches
2054,Adam Marušić,me MNE,DF,Lazio,it Serie A,33-217,1992,32,2688,84,80.7,29.9,31,86,24,1,30,1,1.41,27,29,-2,-0.07,-0.35,Matches
2055,Joyeux Masanka Bungi,be BEL,DF,RB Leipzig,de Bundesliga,19-118,2007,0,,,,,0,,0,0,,1,,,,,,,Matches
2056,Omar Mascarell,gq EQG,"MF,DF",Mallorca,es La Liga,33-109,1993,29,2187,75,65.7,24.3,25,82,17,4,32,4,1.14,31,35,-4,-0.16,+0.54,Matches
2057,Adam Masina,ma MAR,DF,Torino,it Serie A,32-140,1994,5,235,47,7.1,2.6,2,90,2,3,18,8,0.20,3,11,-8,-3.06,-2.74,Matches
2058,Patrizio Masini,it ITA,MF,Genoa,it Serie A,25-115,2001,27,1331,49,40.0,14.8,12,88,11,15,18,9,1.11,15,21,-6,-0.41,-0.27,Matches
2059,Han-Noah Massengo,fr FRA,MF,Augsburg,de Bundesliga,24-319,2001,33,2427,74,79.3,27.0,29,80,14,4,26,0,1.27,31,52,-21,-0.78,-1.49,Matches
2060,Franco Mastantuono,ar ARG,"MF,FW",Real Madrid,es La Liga,18-281,2007,22,964,44,28.9,10.7,10,70,1,12,22,10,2.45,26,8,+18,+1.68,+0.84,Matches
2061,Arthur Masuaku,cd COD,DF,Sunderland,eng Premier League,32-196,1993,3,126,42,3.8,1.4,2,58,0,1,11,8,1.33,1,2,-1,-0.71,-0.55,Matches
2062,Arthur Masuaku,cd COD,"DF,MF",Lens,fr Ligue 1,32-196,1993,4,227,57,7.4,2.5,3,75,1,1,1,5,2.50,7,5,+2,+0.79,-0.13,Matches
2063,Clinton Mata,ao ANG,DF,Lyon,fr Ligue 1,33-196,1992,32,2833,89,92.6,31.5,32,89,29,0,,0,1.75,49,40,+9,+0.29,-1.30,Matches
2064,Igor Matanovic,hr CRO,FW,Freiburg,de Bundesliga,23-052,2003,31,1571,51,51.3,17.5,14,84,8,17,23,1,1.52,27,27,0,0.00,+0.36,Matches
2065,Pape Matar Sarr,sn SEN,MF,Tottenham Hotspur,eng Premier League,23-250,2002,25,1379,55,41.4,15.3,13,89,11,12,19,3,1.04,21,23,-2,-0.13,+0.24,Matches
2066,Jean-Philippe Mateta,fr FRA,FW,Crystal Palace,eng Premier League,28-328,1997,31,2204,71,66.2,24.5,25,81,12,6,29,0,1.13,22,29,-7,-0.29,-0.13,Matches
2067,Nemanja Matić,rs SRB,MF,Sassuolo,it Serie A,37-294,1988,33,2634,80,79.1,29.3,31,82,19,2,39,0,1.27,35,38,-3,-0.10,-0.10,Matches
2068,Rudy Matondo,fr FRA,MF,Paris FC,fr Ligue 1,18-070,2008,11,743,68,24.3,8.3,8,81,3,3,31,0,1.82,12,9,+3,+0.36,+0.60,Matches
2069,Rudy Matondo,fr FRA,MF,Auxerre,fr Ligue 1,18-070,2008,16,614,38,20.1,6.8,6,74,3,10,17,3,0.50,4,8,-4,-0.59,-0.37,Matches
2070,Chrislain Matsima,fr FRA,DF,Augsburg,de Bundesliga,24-007,2002,18,1489,83,48.7,16.5,17,87,15,1,5,0,1.11,23,33,-10,-0.60,-0.26,Matches
2071,Jean Mattéo Bahoya,fr FRA,"MF,FW",Eintracht Frankfurt,de Bundesliga,21-015,2005,27,1331,49,43.5,14.8,15,69,4,12,25,2,1.26,22,28,-6,-0.41,-0.51,Matches
2072,Remi Matthews,eng ENG,GK,Crystal Palace,eng Premier League,32-101,1994,0,,,,,0,,0,0,,10,,,,,,,Matches
2073,Alan Matturro,uy URU,DF,Levante,es La Liga,21-223,2004,19,947,50,28.4,10.5,10,79,8,9,17,10,1.00,13,22,-9,-0.86,-0.70,Matches
2074,Giacomo Maucci,it ITA,MF,Pisa,it Serie A,19-067,2007,0,,,,,0,,0,0,,6,,,,,,,Matches
2075,Neal Maupay,fr FRA,"FW,MF",Marseille,fr Ligue 1,29-281,1996,1,2,2,0.1,0.0,0,,0,1,2,2,3.00,0,0,0,0.00,-0.53,Matches
2076,Neal Maupay,fr FRA,FW,Sevilla,es La Liga,29-281,1996,11,838,76,25.2,9.3,10,79,3,1,45,2,1.27,11,14,-3,-0.32,+0.04,Matches
2077,Konstantinos Mavropanos,gr GRE,DF,West Ham United,eng Premier League,28-162,1997,30,2444,81,73.4,27.2,26,90,26,4,26,3,0.97,31,44,-13,-0.48,+0.44,Matches
2078,Christian Mawissa,fr FRA,"DF,MF",Monaco,fr Ligue 1,21-034,2005,18,1191,66,38.9,13.2,13,82,9,5,26,2,1.78,23,22,+1,+0.08,-0.17,Matches
2079,Yvan Maye,fr FRA,DF,Inter,it Serie A,20-062,2006,0,,,,,0,,0,0,,3,,,,,,,Matches
2080,Eliezer Mayenda,es ESP,"FW,MF",Sunderland,eng Premier League,21-014,2005,20,759,38,22.8,8.4,8,74,1,12,14,17,1.25,8,9,-1,-0.12,+0.09,Matches
2081,Ezra Mayers,bb BRB,DF,West Ham United,eng Premier League,19-126,2007,6,117,20,3.5,1.3,0,,0,6,20,8,0.33,0,3,-3,-2.31,-1.78,Matches
2082,Aaron Mayol,,MF,Valencia,es La Liga,,,0,,,,,0,,0,0,,1,,,,,,,Matches
2083,Borja Mayoral,es ESP,FW,Getafe,es La Liga,29-047,1997,16,1058,66,31.8,11.8,12,81,6,4,21,4,0.94,9,15,-6,-0.51,-0.47,Matches
2084,Senny Mayulu,fr FRA,"MF,FW",Paris Saint-Germain,fr Ligue 1,20-005,2006,26,1672,64,54.6,18.6,21,73,6,5,29,0,2.12,37,15,+22,+1.18,-0.31,Matches
2085,Ibrahim Maza,dz ALG,MF,Leverkusen,de Bundesliga,20-179,2005,28,1849,66,60.4,20.5,20,79,9,8,33,2,1.64,42,27,+15,+0.73,+0.28,Matches
2086,Noussair Mazraoui,ma MAR,"DF,MF",Manchester Utd,eng Premier League,28-189,1997,19,912,48,27.4,10.1,10,72,3,9,22,6,1.95,16,10,+6,+0.59,+0.22,Matches
2087,Luca Mazzitelli,it ITA,MF,Cagliari,it Serie A,30-188,1995,18,767,43,23.0,8.5,9,65,1,9,20,9,1.33,12,9,+3,+0.35,+0.95,Matches
2088,Pasquale Mazzocchi,it ITA,MF,Napoli,it Serie A,30-299,1995,15,299,20,9.0,3.3,2,60,0,13,14,17,2.00,3,3,0,0.00,-0.62,Matches
2089,Nathan Mbala,,"MF,FW",Metz,fr Ligue 1,18-092,2008,13,441,34,14.4,4.9,4,64,0,9,21,1,0.23,8,11,-3,-0.61,+0.80,Matches
2090,Jeremy Mbambi,be BEL,DF,Pisa,it Serie A,18-018,2008,0,,,,,0,,0,0,,12,,,,,,,Matches
2091,Samuel Mbangula,be BEL,"MF,FW",Werder Bremen,de Bundesliga,22-126,2004,26,1171,45,38.3,13.0,12,72,1,14,22,3,0.85,15,22,-7,-0.54,+0.22,Matches
2092,Ethan Mbappé,fr FRA,"MF,FW",Lille,fr Ligue 1,19-144,2006,18,567,32,18.5,6.3,4,78,0,14,18,0,1.83,11,10,+1,+0.16,-0.35,Matches
2093,Kylian Mbappé,fr FRA,FW,Real Madrid,es La Liga,27-153,1998,30,2509,84,75.3,27.9,28,88,19,2,25,1,2.27,51,24,+27,+0.97,-0.46,Matches
2094,Ibrahim Mbaye,sn SEN,"FW,MF",Paris Saint-Germain,fr Ligue 1,18-118,2008,24,1006,42,32.9,11.2,10,69,3,14,23,6,2.29,23,11,+12,+1.07,-0.37,Matches
2095,Malick Mbaye,sn SEN,MF,Metz,fr Ligue 1,22-046,2004,5,300,60,9.8,3.3,3,87,1,2,19,3,0.20,4,7,-3,-0.90,+0.44,Matches
2096,Chancel Mbemba,cd COD,DF,Lille,fr Ligue 1,31-287,1994,13,954,73,31.2,10.6,9,90,9,4,36,16,2.23,22,15,+7,+0.66,+0.32,Matches
2097,Bryan Mbeumo,cm CMR,"MF,FW",Manchester Utd,eng Premier League,26-288,1999,32,2536,79,76.2,28.2,30,83,13,2,19,0,1.94,54,36,+18,+0.64,+0.87,Matches
2098,Hianga'a Mbock,fr FRA,MF,Brest,fr Ligue 1,26-145,1999,0,,,,,0,,0,0,,2,,,,,,,Matches
2099,Michel Mboula,ga GAB,"DF,MF",Metz,fr Ligue 1,23-022,2003,14,746,53,24.4,8.3,10,68,4,4,16,7,0.43,8,14,-6,-0.72,+0.75,Matches
2100,Pathé Mboup,sn SEN,MF,Brest,fr Ligue 1,22-215,2003,28,1054,38,34.4,11.7,9,71,1,19,22,3,1.14,12,18,-6,-0.51,-0.24,Matches
2101,Moustapha Mbow,sn SEN,DF,Paris FC,fr Ligue 1,26-075,2000,31,2717,88,88.8,30.2,30,90,30,1,17,2,1.23,41,43,-2,-0.07,+0.20,Matches
2102,Ryan Mcaidoo,eng ENG,FW,Manchester City,eng Premier League,17-332,2008,0,,,,,0,,0,0,,6,,,,,,,Matches
2103,James Mcatee,eng ENG,MF,Nottingham Forest,eng Premier League,23-216,2002,13,285,22,8.6,3.2,2,75,1,11,12,21,0.69,4,9,-5,-1.58,-1.64,Matches
2104,James McConnell,eng ENG,MF,Liverpool,eng Premier League,21-251,2004,0,,,,,0,,0,0,,1,,,,,,,Matches
2105,John McGinn,sct SCO,MF,Aston Villa,eng Premier League,31-216,1994,29,2132,74,64.0,23.7,28,75,6,1,45,0,1.86,37,28,+9,+0.38,+0.61,Matches
2106,Weston McKennie,us USA,MF,Juventus,it Serie A,27-267,1998,35,2745,78,82.4,30.5,31,87,22,4,13,1,1.83,51,29,+22,+0.72,-0.05,Matches
2107,Mark McKenzie,us USA,DF,Toulouse,fr Ligue 1,27-086,1999,29,2404,83,80.9,26.7,27,88,24,2,19,0,1.30,37,38,-1,-0.04,-0.36,Matches
2108,Kian McMahon-Brown,ie IRL,MF,Burnley,eng Premier League,17-292,2008,0,,,,,0,,0,0,,1,,,,,,,Matches
2109,Conor McManus,,DF,Brentford,eng Premier League,,,0,,,,,0,,0,0,,1,,,,,,,Matches
2110,Alfie McNally,eng ENG,GK,Fulham,eng Premier League,21-151,2004,0,,,,,0,,0,0,,1,,,,,,,Matches
2111,Dwight McNeil,eng ENG,MF,Everton,eng Premier League,26-181,1999,22,1168,53,35.1,13.0,14,76,3,8,13,13,1.45,14,9,+5,+0.39,+0.68,Matches
2112,Scott McTominay,sct SCO,MF,Napoli,it Serie A,29-165,1996,32,2701,84,81.1,30.0,30,88,26,2,38,0,2.06,48,27,+21,+0.70,+0.70,Matches
2113,Facundo Medina,ar ARG,DF,Marseille,fr Ligue 1,26-359,1999,17,1365,80,44.6,15.2,16,85,13,1,6,3,1.76,26,23,+3,+0.20,-0.60,Matches
2114,Jonas Meffert,de GER,MF,Hamburger SV,de Bundesliga,31-260,1994,4,145,36,4.7,1.6,1,66,0,3,26,9,1.00,0,4,-4,-2.48,-2.17,Matches
2115,Omar Megeed,de GER,MF,Hamburger SV,de Bundesliga,20-276,2005,0,,,,,0,,0,0,,5,,,,,,,Matches
2116,Henrik Meister,dk DEN,FW,Pisa,it Serie A,22-186,2003,28,1515,54,45.5,16.8,15,75,6,13,29,7,0.46,13,28,-15,-0.89,+0.55,Matches
2117,Bamo Meïté,ci CIV,DF,Lorient,fr Ligue 1,24-170,2001,25,1979,79,64.7,22.0,22,87,18,3,23,3,1.44,31,29,+2,+0.09,+0.51,Matches
2118,Kader Meïté,fr FRA,FW,Rennes,fr Ligue 1,18-223,2007,17,535,31,17.5,5.9,6,52,0,11,20,2,1.59,14,5,+9,+1.51,+1.51,Matches
2119,Hannibal Mejbri,tn TUN,MF,Burnley,eng Premier League,23-121,2003,26,1164,45,35.0,12.9,14,70,3,12,15,2,0.73,15,26,-11,-0.85,+0.23,Matches
2120,Cléo Melieres,fr FRA,FW,Metz,fr Ligue 1,21-039,2005,2,31,16,1.0,0.3,0,,0,2,16,11,1.50,1,3,-2,-5.81,-4.56,Matches
2121,Marlon Mena,do DOM,FW,Parma,it Serie A,19-229,2006,0,,,,,0,,0,0,,7,,,,,,,Matches
2122,Nuno Mendes,pt POR,DF,Paris Saint-Germain,fr Ligue 1,23-337,2002,20,1256,63,41.0,14.0,13,85,10,7,22,4,2.25,29,12,+17,+1.22,-0.18,Matches
2123,Brais Méndez,es ESP,"MF,FW",Real Sociedad,es La Liga,29-135,1997,29,1660,57,49.8,18.4,21,71,3,8,22,4,1.24,26,27,-1,-0.05,0.00,Matches
2124,Rodrigo Mendoza,es ESP,"MF,FW",Elche,es La Liga,21-068,2005,16,794,50,23.8,8.8,6,85,2,10,29,3,0.94,11,15,-4,-0.45,-0.31,Matches
2125,Rodrigo Mendoza,es ESP,MF,Atlético Madrid,es La Liga,21-068,2005,8,434,54,13.0,4.8,8,54,0,0,,2,1.50,5,8,-3,-0.62,-1.40,Matches
2126,Antoine Mendy,sn SEN,DF,Nice,fr Ligue 1,21-360,2004,25,2097,84,68.5,23.3,24,87,21,1,11,6,0.92,26,38,-12,-0.52,+0.51,Matches
2127,Batista Mendy,fr FRA,MF,Sevilla,es La Liga,26-130,2000,27,1617,60,48.6,18.0,19,78,10,8,17,5,1.15,16,26,-10,-0.56,-0.40,Matches
2128,Ferland Mendy,fr FRA,DF,Real Madrid,es La Liga,30-348,1995,5,207,41,6.2,2.3,3,64,2,2,7,10,2.20,4,2,+2,+0.87,-0.23,Matches
2129,Formose Mendy,sn SEN,DF,Lorient,fr Ligue 1,25-140,2001,2,135,68,4.4,1.5,2,68,1,0,,0,1.50,1,1,0,0.00,+0.09,Matches
2130,Nobel Mendy,sn SEN,DF,Rayo Vallecano,es La Liga,21-261,2004,23,1707,74,51.3,19.0,21,79,11,2,27,7,1.17,19,25,-6,-0.32,-0.43,Matches
2131,Paul Mendy,sn SEN,FW,Cagliari,it Serie A,19-141,2007,8,318,40,9.5,3.5,3,72,1,5,20,6,1.25,5,6,-1,-0.28,+0.11,Matches
2132,Diego Menéndez,es ESP,MF,Oviedo,es La Liga,21-141,2005,0,,,,,0,,0,0,,1,,,,,,,Matches
2133,Henrique Menke,br BRA,GK,Como,it Serie A,19-130,2007,0,,,,,0,,0,0,,1,,,,,,,Matches
2134,Gideon Mensah,gh GHA,DF,Auxerre,fr Ligue 1,27-308,1998,30,2327,78,76.0,25.9,26,86,16,4,22,2,1.03,27,28,-1,-0.04,+1.07,Matches
2135,Jeremiah Mensah,de GER,MF,Leverkusen,de Bundesliga,18-090,2008,0,,,,,0,,0,0,,5,,,,,,,Matches
2136,Mawuli Mensah,gh GHA,MF,Real Betis,es La Liga,22-188,2003,0,,,,,0,,0,0,,3,,,,,,,Matches
2137,Khalis Merah,fr FRA,"MF,FW",Lyon,fr Ligue 1,19-087,2007,22,1130,51,36.9,12.6,15,68,0,7,15,12,2.18,20,11,+9,+0.72,+0.53,Matches
2138,Alex Meret,it ITA,GK,Napoli,it Serie A,29-061,1997,10,900,90,27.0,10.0,10,90,10,0,,15,2.40,19,12,+7,+0.70,+0.18,Matches
2139,Mikel Merino,es ESP,"MF,FW",Arsenal,eng Premier League,29-334,1996,21,1007,48,30.2,11.2,10,77,5,11,22,2,2.19,22,9,+13,+1.16,0.00,Matches
2140,Quentin Merlin,fr FRA,"DF,MF",Rennes,fr Ligue 1,24-006,2002,33,2533,77,82.8,28.1,27,87,23,6,32,1,1.76,45,43,+2,+0.07,-1.12,Matches
2141,Max Merrick,eng ENG,GK,Chelsea,eng Premier League,20-193,2005,0,,,,,0,,0,0,,1,,,,,,,Matches
2142,Illan Meslier,fr FRA,GK,Leeds United,eng Premier League,26-081,2000,0,,,,,0,,0,0,,5,,,,,,,Matches
2143,Daniel Mesonero,es ESP,MF,Real Madrid,es La Liga,20-261,2005,0,,,,,0,,0,0,,1,,,,,,,Matches
2144,Rafik Messali,fr FRA,MF,Toulouse,fr Ligue 1,23-024,2003,12,502,42,16.9,5.6,5,70,2,7,22,1,1.25,8,2,+6,+1.08,+1.26,Matches
2145,Junior Messias,br BRA,MF,Genoa,it Serie A,35-009,1991,20,685,34,20.6,7.6,5,64,0,15,24,5,1.60,11,7,+4,+0.53,+0.97,Matches
2146,Alejandro Mestanza,es ESP,MF,Getafe,es La Liga,21-166,2004,3,71,24,2.1,0.8,1,56,0,2,8,0,0.33,1,1,0,0.00,+0.19,Matches
2147,Sergio Mestre,es ESP,GK,Real Madrid,es La Liga,21-098,2005,0,,,,,0,,0,0,,29,,,,,,,Matches
2148,Connor Metcalfe,au AUS,"MF,FW",St Pauli,de Bundesliga,26-198,1999,25,592,24,19.3,6.6,3,86,0,22,15,1,0.68,7,13,-6,-0.91,0.00,Matches
2149,Dayann Methalie,fr FRA,MF,Toulouse,fr Ligue 1,20-096,2006,27,1871,69,63.0,20.8,22,79,6,5,27,0,1.11,21,29,-8,-0.38,-1.12,Matches
2150,Karol Mets,ee EST,DF,St Pauli,de Bundesliga,33-006,1993,23,1932,84,63.1,21.5,22,87,18,1,16,3,0.78,17,40,-23,-1.07,-0.43,Matches
2151,Thomas Meunier,be BEL,DF,Lille,fr Ligue 1,34-252,1991,25,1909,76,62.4,21.2,21,87,16,4,18,0,2.08,36,19,+17,+0.80,+0.96,Matches
2152,Alexander Meyer,de GER,GK,Dortmund,de Bundesliga,35-039,1991,0,,,,,0,,0,0,,34,,,,,,,Matches
2153,Louis Mezerette,fr FRA,GK,Auxerre,fr Ligue 1,19-265,2006,0,,,,,0,,0,0,,2,,,,,,,Matches
2154,Stephen Mfuni,eng ENG,DF,Manchester City,eng Premier League,18-099,2008,0,,,,,0,,0,0,,5,,,,,,,Matches
2155,Shumaira Mheuka,eng ENG,FW,Chelsea,eng Premier League,18-214,2007,1,2,2,0.1,0.0,0,,0,1,2,0,3.00,0,0,0,0.00,-0.19,Matches
2156,Lucas Michal,fr FRA,MF,Metz,fr Ligue 1,20-335,2005,9,212,24,6.9,2.4,2,63,0,7,12,1,0.33,2,7,-5,-2.12,-0.89,Matches
2157,Lucas Michal,fr FRA,FW,Monaco,fr Ligue 1,20-335,2005,2,59,30,1.9,0.7,0,,0,2,30,6,0.00,0,1,-1,-1.53,-1.74,Matches
2158,Rendijs Mihelsons,lv LVA,GK,Genoa,it Serie A,18-029,2008,0,,,,,0,,0,0,,1,,,,,,,Matches
2159,Georges Mikautadze,ge GEO,FW,Villarreal,es La Liga,25-203,2000,31,2021,65,60.7,22.5,22,80,7,9,29,2,1.87,39,29,+10,+0.45,-0.38,Matches
2160,Georges Mikautadze,ge GEO,FW,Lyon,fr Ligue 1,25-203,2000,2,179,90,5.8,2.0,2,90,1,0,,0,3.00,4,0,+4,+2.01,+1.73,Matches
2161,Wisdom Mike,de GER,FW,Bayern Munich,de Bundesliga,17-240,2008,4,30,8,1.0,0.3,0,,0,4,8,9,3.00,4,0,+4,+12.00,+9.56,Matches
2162,William Mikelbrencis,fr FRA,"MF,DF",Hamburger SV,de Bundesliga,22-086,2004,26,1372,53,44.8,15.2,15,81,5,11,15,6,1.04,17,34,-17,-1.12,-1.28,Matches
2163,Daniel Mikołajewski,pl POL,FW,Parma,it Serie A,20-118,2006,2,25,13,0.8,0.3,0,,0,2,13,5,0.50,0,0,0,0.00,+0.52,Matches
2164,Antoni Milambo,nl NED,MF,Brentford,eng Premier League,21-049,2005,1,45,45,1.4,0.5,1,45,0,0,,3,0.00,0,3,-3,-6.00,-6.16,Matches
2165,Nikola Milenković,rs SRB,DF,Nottingham Forest,eng Premier League,28-222,1997,37,3285,89,98.6,36.5,36,90,36,1,45,0,1.16,45,50,-5,-0.14,-4.14,Matches
2166,Lewis Miley,eng ENG,"MF,DF",Newcastle United,eng Premier League,20-021,2006,23,1496,65,44.9,16.6,15,88,13,8,22,5,1.30,25,22,+3,+0.18,+0.33,Matches
2167,Arkadiusz Milik,pl POL,FW,Juventus,it Serie A,32-083,1994,2,36,18,1.1,0.4,0,,0,2,18,5,2.00,0,0,0,0.00,-0.74,Matches
2168,Vanja Milinković-Savić,rs SRB,GK,Napoli,it Serie A,29-091,1997,27,2430,90,73.0,27.0,27,90,27,0,,8,1.81,38,24,+14,+0.52,-0.18,Matches
2169,Éder Militão,br BRA,DF,Real Madrid,es La Liga,28-124,1998,16,1139,71,34.2,12.7,14,76,9,2,39,2,2.06,26,9,+17,+1.34,+0.40,Matches
2170,Luis Milla,es ESP,MF,Getafe,es La Liga,31-227,1994,36,3181,88,95.5,35.3,36,88,30,0,,0,1.33,31,35,-4,-0.11,+1.70,Matches
2171,Pere Milla,es ESP,"MF,FW",Espanyol,es La Liga,33-241,1992,32,1928,60,57.9,21.4,24,73,1,8,23,2,1.34,26,23,+3,+0.14,+1.10,Matches
2172,Lennon Miller,sct SCO,MF,Udinese,it Serie A,19-270,2006,23,906,39,27.2,10.1,8,72,0,15,22,13,1.30,19,13,+6,+0.60,+0.89,Matches
2173,James Milner,eng ENG,MF,Brighton,eng Premier League,40-138,1986,19,726,38,21.8,8.1,6,79,1,13,19,8,1.47,16,14,+2,+0.25,+0.01,Matches
2174,Veljko Milosavljević,rs SRB,DF,Bournemouth,eng Premier League,18-328,2007,7,368,53,11.1,4.1,4,90,4,3,3,15,1.86,5,6,-1,-0.24,-0.40,Matches
2175,Jovan Milošević,rs SRB,FW,Werder Bremen,de Bundesliga,20-295,2005,13,488,38,15.9,5.4,5,65,1,8,20,3,0.69,9,11,-2,-0.37,+0.37,Matches
2176,Kim Min-jae,kr KOR,DF,Bayern Munich,de Bundesliga,29-188,1996,25,1602,64,52.4,17.8,19,82,11,6,8,5,2.56,57,21,+36,+2.02,-1.06,Matches
2177,Yerry Mina,co COL,DF,Cagliari,it Serie A,31-241,1994,25,2060,82,61.9,22.9,25,82,20,0,,3,1.28,24,28,-4,-0.17,+0.53,Matches
2178,Takumi Minamino,jp JPN,MF,Monaco,fr Ligue 1,31-126,1995,15,944,63,30.8,10.5,11,78,1,4,22,1,1.53,17,14,+3,+0.29,+0.16,Matches
2179,Tyrone Mings,eng ENG,DF,Aston Villa,eng Premier League,33-070,1993,16,1234,77,37.1,13.7,14,86,13,2,17,6,1.13,14,22,-8,-0.58,-1.18,Matches
2180,Óscar Mingueza,es ESP,MF,Celta Vigo,es La Liga,27-009,1999,33,1967,60,59.1,21.9,21,78,9,12,27,4,1.39,37,26,+11,+0.50,+0.97,Matches
2181,Yankuba Minteh,gm GAM,MF,Brighton,eng Premier League,21-304,2004,33,2346,71,70.5,26.1,26,83,11,7,27,2,1.30,39,32,+7,+0.27,+0.09,Matches
2182,Bojan Miovski,mk MKD,FW,Girona,es La Liga,26-332,1999,1,44,44,1.3,0.5,1,44,0,0,,0,0.00,0,3,-3,-6.14,-5.78,Matches
2183,Rafa Mir,es ESP,"FW,MF",Elche,es La Liga,28-338,1997,27,1803,67,54.1,20.0,21,80,7,6,21,2,1.22,30,24,+6,+0.30,+1.12,Matches
2184,Juan Miranda,es ESP,DF,Bologna,it Serie A,26-123,2000,31,2483,80,74.6,27.6,28,87,24,3,20,2,1.65,39,33,+6,+0.22,+0.54,Matches
2185,Alexis Mirbach,fr FRA,GK,Nantes,fr Ligue 1,21-079,2005,0,,,,,0,,0,0,,1,,,,,,,Matches
2186,Fabio Miretti,it ITA,MF,Juventus,it Serie A,22-292,2003,22,596,27,17.9,6.6,5,68,0,17,15,8,1.86,17,5,+12,+1.81,+1.32,Matches
2187,Jacopo Mirra,it ITA,DF,Roma,it Serie A,19-316,2006,0,,,,,0,,0,0,,6,,,,,,,Matches
2188,Filippo Missori,it ITA,MF,Sassuolo,it Serie A,22-059,2004,0,,,,,0,,0,0,,1,,,,,,,Matches
2189,Tyrick Mitchell,eng ENG,MF,Crystal Palace,eng Premier League,26-263,1999,37,3206,87,96.3,35.6,36,88,31,1,45,0,1.22,37,46,-9,-0.25,-0.25,Matches
2190,Kaoru Mitoma,jp JPN,"MF,FW",Brighton,eng Premier League,29-002,1997,25,1721,69,51.7,19.1,19,82,10,6,28,0,1.40,24,20,+4,+0.21,-0.07,Matches
2191,Stefan Mitrović,rs SRB,MF,Hellas Verona,it Serie A,23-280,2002,0,,,,,0,,0,0,,1,,,,,,,Matches
2192,Maximilian Mittelstädt,de GER,"DF,MF",Stuttgart,de Bundesliga,29-065,1997,32,2186,68,71.4,24.3,24,84,12,8,22,1,1.75,49,29,+20,+0.82,+0.62,Matches
2193,Henrikh Mkhitaryan,am ARM,MF,Inter,it Serie A,37-121,1989,29,1523,53,45.7,16.9,16,76,7,13,23,3,2.31,42,12,+30,+1.77,+0.58,Matches
2194,Branimir Mlacic,hr CRO,DF,Udinese,it Serie A,19-071,2007,6,155,26,4.7,1.7,2,49,0,4,14,8,1.67,2,0,+2,+1.16,+1.27,Matches
2195,Tadjidine Mmadi,fr FRA,FW,Marseille,fr Ligue 1,19-080,2007,3,45,15,1.5,0.5,0,,0,3,15,5,1.33,1,1,0,0.00,-0.54,Matches
2196,Rui Modesto,ao ANG,MF,Udinese,it Serie A,26-227,1999,3,119,40,3.6,1.3,0,,0,3,40,14,1.00,1,2,-1,-0.76,-0.73,Matches
2197,Luka Modrić,hr CRO,MF,Milan,it Serie A,40-255,1985,33,2782,84,83.5,30.9,32,87,25,1,4,2,2.00,45,26,+19,+0.61,+0.61,Matches
2198,Max Moerstedt,de GER,FW,Hoffenheim,de Bundesliga,20-127,2006,22,420,19,13.7,4.7,1,75,0,21,16,9,1.91,9,7,+2,+0.43,+0.05,Matches
2199,Terem Moffi,ng NGA,FW,Nice,fr Ligue 1,26-362,1999,10,488,49,15.9,5.4,6,68,1,4,21,0,0.80,6,11,-5,-0.92,-0.29,Matches
2200,Mostafa Mohamed,eg EGY,FW,Nantes,fr Ligue 1,28-175,1997,24,1152,48,38.8,12.8,13,74,2,11,17,8,0.50,7,24,-17,-1.33,-1.03,Matches
2201,Wael Mohya,de GER,"MF,FW",Gladbach,de Bundesliga,17-142,2008,15,552,37,18.0,6.1,6,63,0,9,20,10,1.07,6,9,-3,-0.49,-0.20,Matches
2202,Johan Mojica,co COL,DF,Mallorca,es La Liga,33-274,1992,35,2724,78,81.8,30.3,30,88,23,5,17,1,1.11,37,44,-7,-0.23,+0.66,Matches
2203,David Mokwa,fr FRA,FW,Hoffenheim,de Bundesliga,22-019,2004,0,,,,,0,,0,0,,3,,,,,,,Matches
2204,Horaţiu Moldovan,ro ROU,GK,Oviedo,es La Liga,28-122,1998,1,90,90,2.7,1.0,1,90,1,0,,36,0.00,0,1,-1,-1.00,-0.17,Matches
2205,Enzo Molebe,fr FRA,FW,Lyon,fr Ligue 1,18-246,2007,1,10,10,0.3,0.1,0,,0,1,10,7,3.00,0,0,0,0.00,-0.38,Matches
2206,Alberto Moleiro,es ESP,MF,Villarreal,es La Liga,22-234,2003,36,2388,66,71.7,26.5,29,77,8,7,23,1,1.92,49,30,+19,+0.72,+0.43,Matches
2207,Adrián Molina,es ESP,GK,Rayo Vallecano,es La Liga,20-304,2005,0,,,,,0,,0,0,,14,,,,,,,Matches
2208,Nahuel Molina,ar ARG,"DF,MF",Atlético Madrid,es La Liga,28-046,1998,26,1331,51,40.0,14.8,13,84,11,13,19,9,1.88,20,18,+2,+0.14,-0.77,Matches
2209,Jon Moncayola,es ESP,MF,Osasuna,es La Liga,28-009,1998,35,2936,84,88.2,32.6,34,86,21,1,25,0,1.03,34,44,-10,-0.31,-1.45,Matches
2210,Isaac Monnier,fr FRA,DF,Lorient,fr Ligue 1,19-255,2006,0,,,,,0,,0,0,,7,,,,,,,Matches
2211,Iker Monreal,es ESP,DF,Athletic Club,es La Liga,20-323,2005,0,,,,,0,,0,0,,14,,,,,,,Matches
2212,Jano Monserrate,es ESP,MF,Atlético Madrid,es La Liga,20-114,2006,2,23,12,0.7,0.3,0,,0,2,12,7,0.50,0,0,0,0.00,-0.60,Matches
2213,Rubén Montero,es ESP,GK,Alavés,es La Liga,20-267,2005,0,,,,,0,,0,0,,7,,,,,,,Matches
2214,Jorge Montes,es ESP,DF,Getafe,es La Liga,22-077,2004,1,27,27,0.8,0.3,0,,0,1,27,16,0.00,1,1,0,0.00,+0.19,Matches
2215,Luca Monticelli,be BEL,MF,Hellas Verona,it Serie A,21-099,2005,0,,,,,0,,0,0,,2,,,,,,,Matches
2216,Lorenzo Montipò,it ITA,GK,Hellas Verona,it Serie A,30-091,1996,34,3060,90,91.9,34.0,34,90,34,0,,3,0.59,24,52,-28,-0.82,+1.18,Matches
2217,Simon Moore,eng ENG,GK,Sunderland,eng Premier League,36-003,1990,0,,,,,0,,0,0,,4,,,,,,,Matches
2218,Jack Moorhouse,ie IRL,MF,Manchester Utd,eng Premier League,20-174,2005,0,,,,,0,,0,0,,2,,,,,,,Matches
2219,Álvaro Morata,es ESP,FW,Como,it Serie A,33-211,1992,25,922,37,27.7,10.2,9,69,1,16,19,3,1.68,14,6,+8,+0.78,-0.15,Matches
2220,Morato,br BRA,DF,Nottingham Forest,eng Premier League,24-326,2001,20,1255,63,37.7,13.9,13,89,12,7,14,16,1.30,12,22,-10,-0.72,-1.02,Matches
2221,Diego Morcillo,es ESP,FW,Alavés,es La Liga,22-338,2003,1,10,10,0.3,0.1,0,,0,1,10,5,0.00,0,0,0,0.00,+0.30,Matches
2222,Javi Morcillo,es ESP,MF,Atlético Madrid,es La Liga,20-068,2006,4,142,36,4.3,1.6,1,62,0,3,27,3,1.50,0,1,-1,-0.63,-1.28,Matches
2223,Afonso Moreira,pt POR,"MF,FW",Lyon,fr Ligue 1,21-064,2005,27,1722,64,56.3,19.1,18,88,13,9,15,2,1.93,35,23,+12,+0.63,+0.56,Matches
2224,Diego Moreira,be BEL,MF,Strasbourg,fr Ligue 1,21-289,2004,27,2034,75,66.5,22.6,23,84,8,4,26,0,1.52,43,31,+12,+0.53,+0.62,Matches
2225,Alberto Moreno,es ESP,DF,Como,it Serie A,33-321,1992,18,1158,64,34.8,12.9,12,84,7,6,24,19,2.00,24,8,+16,+1.24,+0.54,Matches
2226,Álex Moreno,es ESP,DF,Girona,es La Liga,32-348,1993,30,2469,82,74.1,27.4,27,89,26,3,23,0,1.13,27,39,-12,-0.44,-0.02,Matches
2227,Alvaro Moreno,es ESP,GK,Atlético Madrid,es La Liga,19-351,2006,0,,,,,0,,0,0,,1,,,,,,,Matches
2228,Fabio Moreno Fell,de GER,FW,Mainz 05,de Bundesliga,25-352,2000,2,77,39,2.5,0.9,1,76,0,1,1,6,0.00,0,1,-1,-1.17,-0.93,Matches
2229,Gerard Moreno,es ESP,FW,Villarreal,es La Liga,34-045,1992,22,1343,61,40.3,14.9,16,73,4,6,29,2,1.95,32,16,+16,+1.07,+0.80,Matches
2230,Matias Moreno,ar ARG,DF,Levante,es La Liga,22-240,2003,27,2162,80,64.9,24.0,26,83,20,1,6,5,1.33,32,30,+2,+0.08,+1.24,Matches
2231,Tete Morente,es ESP,MF,Elche,es La Liga,29-169,1996,12,839,70,25.2,9.3,10,78,4,2,28,3,1.50,8,12,-4,-0.43,-0.28,Matches
2232,Tete Morente,es ESP,"FW,MF",Lecce,it Serie A,29-169,1996,16,859,54,25.8,9.5,9,77,2,7,24,1,0.88,3,14,-11,-1.15,-0.72,Matches
2233,Stefano Moreo,it ITA,"FW,MF",Pisa,it Serie A,32-326,1993,36,2217,62,66.6,24.6,28,74,11,8,18,1,0.50,20,49,-29,-1.18,+0.04,Matches
2234,Mateu Morey,es ESP,"DF,MF",Mallorca,es La Liga,26-081,2000,18,704,39,21.1,7.8,9,69,2,9,9,18,0.94,8,18,-10,-1.28,-1.18,Matches
2235,Ilaix Moriba,gn GUI,MF,Celta Vigo,es La Liga,23-123,2003,35,2405,69,72.2,26.7,25,86,21,10,25,0,1.46,39,30,+9,+0.34,+0.82,Matches
2236,Manu Morlanes,es ESP,MF,Mallorca,es La Liga,27-130,1999,31,1675,54,50.3,18.6,21,71,1,10,18,2,1.10,23,29,-6,-0.32,+0.06,Matches
2237,Luca Moro,it ITA,FW,Sassuolo,it Serie A,25-117,2001,14,211,15,6.3,2.3,1,70,0,13,11,23,0.86,1,3,-2,-0.85,-0.82,Matches
2238,Nikola Moro,hr CRO,MF,Bologna,it Serie A,28-071,1998,29,1774,61,53.3,19.7,19,80,10,10,26,8,1.72,27,16,+11,+0.56,+1.02,Matches
2239,Raúl Moro,es ESP,MF,Osasuna,es La Liga,23-168,2002,13,616,47,18.5,6.8,7,69,1,6,23,3,1.00,12,12,0,0.00,+0.17,Matches
2240,Kieran Morrison,nir NIR,MF,Liverpool,eng Premier League,19-194,2006,0,,,,,0,,0,0,,7,,,,,,,Matches
2241,Tyler Morton,eng ENG,MF,Lyon,fr Ligue 1,23-203,2002,29,2517,87,82.3,28.0,29,87,22,0,,0,1.83,47,30,+17,+0.61,+1.27,Matches
2242,Mattia Mosconi,it ITA,FW,Inter,it Serie A,19-057,2007,2,27,14,0.8,0.3,0,,0,2,14,5,2.00,0,1,-1,-3.33,-4.83,Matches
2243,Daren Mosengo,fr FRA,MF,Le Havre,fr Ligue 1,19-284,2006,7,108,15,3.5,1.2,0,,0,7,15,17,1.57,1,0,+1,+0.83,+1.23,Matches
2244,Cristhian Mosquera,es ESP,DF,Arsenal,eng Premier League,21-329,2004,19,904,48,27.1,10.0,8,73,4,11,29,11,2.11,15,7,+8,+0.80,-0.50,Matches
2245,Daniel Mosquera,co COL,FW,Hellas Verona,it Serie A,26-214,1999,22,597,27,17.9,6.6,5,64,0,17,16,6,0.45,8,12,-4,-0.60,+0.38,Matches
2246,Yerson Mosquera,co COL,DF,Wolves,eng Premier League,25-020,2001,26,2046,79,61.4,22.7,23,86,16,3,26,6,0.69,20,39,-19,-0.84,+0.71,Matches
2247,Edoardo Motta,it ITA,GK,Lazio,it Serie A,21-129,2005,9,810,90,24.3,9.0,9,90,9,0,,5,1.89,13,10,+3,+0.33,+0.44,Matches
2248,Pierre Mounguengue,fr FRA,FW,Paris Saint-Germain,fr Ligue 1,18-139,2008,1,16,16,0.5,0.2,0,,0,1,16,0,1.00,0,1,-1,-5.63,-6.99,Matches
2249,Steve Mounié,bj BEN,FW,Augsburg,de Bundesliga,31-235,1994,0,,,,,0,,0,0,,1,,,,,,,Matches
2250,Mason Mount,eng ENG,MF,Manchester Utd,eng Premier League,27-132,1999,22,944,43,28.3,10.5,11,70,3,11,16,6,1.82,16,15,+1,+0.10,-0.47,Matches
2251,Samir El Mourabet,ma MAR,MF,Strasbourg,fr Ligue 1,20-228,2005,33,2128,64,69.5,23.6,25,76,10,8,27,0,1.58,41,28,+13,+0.55,+0.74,Matches
2252,Santiago Mouriño,uy URU,DF,Villarreal,es La Liga,24-098,2002,27,2287,85,68.7,25.4,26,86,19,1,45,4,1.85,46,30,+16,+0.63,+0.11,Matches
2253,Louis Mouton,fr FRA,MF,Angers,fr Ligue 1,23-353,2002,32,1891,59,61.8,21.0,24,73,2,8,17,0,1.09,15,28,-13,-0.62,-0.16,Matches
2254,Lionel Mpasi,cd COD,GK,Le Havre,fr Ligue 1,31-294,1994,4,315,79,10.3,3.5,3,90,3,1,45,28,1.25,2,2,0,0.00,+0.39,Matches
2255,Tarik Muharemovic,ba BIH,DF,Sassuolo,it Serie A,23-083,2003,32,2835,89,85.1,31.5,32,89,31,0,,2,1.22,37,46,-9,-0.29,-1.38,Matches
2256,Miro Muheim,ch SUI,"MF,DF",Hamburger SV,de Bundesliga,28-059,1998,29,2435,84,79.6,27.1,27,88,23,2,30,0,1.10,33,42,-9,-0.33,+0.39,Matches
2257,Divine Mukasa,eng ENG,MF,Manchester City,eng Premier League,18-273,2007,2,27,14,0.8,0.3,0,,0,2,14,9,1.50,0,0,0,0.00,-1.17,Matches
2258,Ngal'Ayel Mukau,cd COD,MF,Lille,fr Ligue 1,21-200,2004,30,1534,51,50.1,17.0,19,71,3,11,16,1,1.80,24,21,+3,+0.18,-0.53,Matches
2259,Nordan Mukiele,fr FRA,MF,Rennes,fr Ligue 1,20-099,2006,8,96,12,3.1,1.1,0,,0,8,12,12,2.00,4,0,+4,+3.75,+3.60,Matches
2260,Nordi Mukiele,fr FRA,DF,Sunderland,eng Premier League,28-202,1997,31,2694,87,80.9,29.9,31,87,28,0,,1,1.32,32,39,-7,-0.23,-0.23,Matches
2261,Samuele Mulattieri,it ITA,FW,Sassuolo,it Serie A,25-227,2000,0,,,,,0,,0,0,,1,,,,,,,Matches
2262,Florian Müller,de GER,GK,Freiburg,de Bundesliga,28-190,1997,0,,,,,0,,0,0,,33,,,,,,,Matches
2263,Kevin Müller,de GER,GK,Heidenheim,de Bundesliga,35-068,1991,0,,,,,0,,0,0,,15,,,,,,,Matches
2264,Marius Müller,de GER,GK,Wolfsburg,de Bundesliga,32-314,1993,0,,,0.0,0.0,0,,0,0,,18,0.50,3,4,-1,,,Matches
2265,Abdul Mumin,gh GHA,DF,Rayo Vallecano,es La Liga,27-350,1998,2,19,10,0.6,0.2,0,,0,2,10,7,3.00,1,0,+1,+4.74,+4.87,Matches
2266,Romaine Mundle,eng ENG,MF,Sunderland,eng Premier League,23-028,2003,14,411,29,12.3,4.6,2,66,0,12,23,1,1.14,5,11,-6,-1.31,-1.28,Matches
2267,Marshall Munetsi,zw ZIM,MF,Paris FC,fr Ligue 1,29-334,1996,15,975,65,31.9,10.8,11,80,5,4,25,2,1.67,17,10,+7,+0.65,+1.08,Matches
2268,Marshall Munetsi,zw ZIM,"MF,FW",Wolves,eng Premier League,29-334,1996,13,875,67,26.3,9.7,9,86,6,4,24,1,0.15,6,19,-13,-1.34,-0.31,Matches
2269,Rodrigo Muniz,br BRA,FW,Fulham,eng Premier League,25-018,2001,20,929,46,27.9,10.3,9,75,1,11,23,0,1.30,9,12,-3,-0.29,-0.18,Matches
2270,Believe Munongo,fr FRA,MF,Metz,fr Ligue 1,16-180,2009,11,431,39,14.1,4.8,5,62,1,6,20,4,0.36,2,12,-10,-2.09,-0.92,Matches
2271,Aihen Muñoz,es ESP,DF,Real Sociedad,es La Liga,28-279,1997,20,825,41,24.8,9.2,9,77,3,11,12,15,1.40,13,19,-6,-0.65,-0.80,Matches
2272,Daniel Muñoz,co COL,MF,Crystal Palace,eng Premier League,29-361,1996,28,2354,84,70.7,26.2,28,84,22,0,,0,1.39,31,32,-1,-0.04,+0.70,Matches
2273,Egoitz Muñoz,es ESP,DF,Alavés,es La Liga,21-141,2005,0,,,,,0,,0,0,,8,,,,,,,Matches
2274,Iker Muñoz,es ESP,MF,Osasuna,es La Liga,23-198,2002,19,952,50,28.6,10.6,8,77,2,11,31,18,1.32,12,12,0,0.00,+0.19,Matches
2275,Javier Muñoz,es ESP,"MF,FW",Getafe,es La Liga,31-083,1995,17,551,32,16.5,6.1,4,80,0,13,18,16,1.00,2,7,-5,-0.82,-0.75,Matches
2276,Víctor Muñoz,es ESP,"MF,FW",Osasuna,es La Liga,22-313,2003,34,2656,78,79.8,29.5,31,82,15,3,34,0,1.24,32,32,0,0.00,+0.67,Matches
2277,Arijanet Muric,xk KVX,GK,Sassuolo,it Serie A,27-196,1998,32,2880,90,86.5,32.0,32,90,32,0,,5,1.31,40,43,-3,-0.09,-0.09,Matches
2278,Murillo,br BRA,DF,Nottingham Forest,eng Premier League,23-322,2002,25,2130,85,64.0,23.7,25,85,22,0,,1,1.24,29,29,0,0.00,+0.23,Matches
2279,Vedat Muriqi,xk KVX,FW,Mallorca,es La Liga,32-028,1994,36,3038,84,91.2,33.8,35,86,25,1,17,0,1.06,41,51,-10,-0.30,+0.63,Matches
2280,Alex Murphy,ie IRL,DF,Newcastle United,eng Premier League,21-331,2004,1,2,2,0.1,0.0,0,,0,1,2,23,0.00,0,1,-1,-45.00,-45.03,Matches
2281,Jacob Murphy,eng ENG,"FW,MF",Newcastle United,eng Premier League,31-087,1995,32,1572,49,47.2,17.5,18,71,1,14,21,3,1.31,24,18,+6,+0.34,+0.65,Matches
2282,Salim Musah,de GER,FW,Werder Bremen,de Bundesliga,20-089,2006,8,198,25,6.5,2.2,2,40,0,6,20,3,0.50,3,4,-1,-0.45,+0.24,Matches
2283,Yunus Musah,us USA,MF,Atalanta,it Serie A,23-174,2002,18,484,27,14.5,5.4,3,63,1,15,20,17,1.83,4,8,-4,-0.74,-1.34,Matches
2284,Yunus Musah,us USA,MF,Milan,it Serie A,23-174,2002,1,90,90,2.7,1.0,1,90,1,0,,1,3.00,2,0,+2,+2.00,+1.53,Matches
2285,Jamal Musiala,de GER,"MF,FW",Bayern Munich,de Bundesliga,23-085,2003,15,683,46,22.3,7.6,7,69,1,8,25,0,2.53,31,10,+21,+2.77,+0.31,Matches
2286,Juan Musso,ar ARG,GK,Atlético Madrid,es La Liga,32-016,1994,7,630,90,18.9,7.0,7,90,7,0,,28,1.71,10,8,+2,+0.29,-0.38,Matches
2287,Cheveyo Muy,nl NED,FW,Milan,it Serie A,19-155,2006,2,5,3,0.2,0.1,0,,0,2,3,3,3.00,0,0,0,0.00,-0.51,Matches
2288,Yvon Mvogo,ch SUI,GK,Lorient,fr Ligue 1,31-350,1994,31,2790,90,91.2,31.0,31,90,31,0,,0,1.35,43,43,0,0.00,+1.00,Matches
2289,Joel Mvuka,no NOR,"MF,DF",Lorient,fr Ligue 1,23-191,2002,15,560,37,18.3,6.2,5,76,1,10,18,5,1.20,5,18,-13,-2.09,-2.45,Matches
2290,Junior Mwanga,fr FRA,"DF,MF",Strasbourg,fr Ligue 1,23-011,2003,5,377,75,12.3,4.2,5,75,3,0,,4,1.80,3,6,-3,-0.72,-1.19,Matches
2291,Junior Mwanga,fr FRA,MF,Nantes,fr Ligue 1,23-011,2003,15,1260,84,42.4,14.0,15,84,12,0,,0,0.73,15,27,-12,-0.86,-0.28,Matches
2292,Phillipp Mwene,at AUT,MF,Mainz 05,de Bundesliga,32-113,1994,29,2069,71,67.6,23.0,24,82,14,5,20,0,1.17,31,36,-5,-0.22,+0.15,Matches
2293,Vitaliy Mykolenko,ua UKR,DF,Everton,eng Premier League,26-358,1999,32,2868,90,86.1,31.9,32,90,29,0,,1,1.38,44,46,-2,-0.06,-0.06,Matches
2294,Joakim Mæhle,dk DEN,"MF,DF",Wolfsburg,de Bundesliga,29-002,1997,16,1222,76,39.9,13.6,14,87,11,2,4,0,0.88,15,24,-9,-0.66,+0.07,Matches
2295,David Møller Wolfe,no NOR,"MF,DF",Wolves,eng Premier League,24-029,2002,21,976,46,29.3,10.8,10,80,4,11,16,15,0.48,5,22,-17,-1.57,-0.65,Matches
2296,Obite N'Dicka,ci CIV,DF,Roma,it Serie A,26-275,1999,31,2680,86,80.5,29.8,31,86,28,0,,0,1.97,45,25,+20,+0.67,-0.16,Matches
2297,Konan N'dri,ci CIV,MF,Lecce,it Serie A,25-207,2000,26,518,20,15.6,5.8,1,55,0,25,19,11,0.42,6,14,-8,-1.39,-0.91,Matches
2298,Stanley N'Soki,fr FRA,"DF,MF",Union Berlin,de Bundesliga,27-043,1999,13,816,63,26.7,9.1,10,76,3,3,18,13,0.92,8,18,-10,-1.10,-0.94,Matches
2299,Bilal Nadir,ma MAR,MF,Marseille,fr Ligue 1,22-175,2003,20,598,30,19.5,6.6,5,70,1,15,17,5,1.40,22,5,+17,+2.56,+2.52,Matches
2300,Mahamadou Nagida,cm CMR,DF,Rennes,fr Ligue 1,20-328,2005,19,805,42,26.3,8.9,7,84,4,12,18,14,1.89,16,14,+2,+0.22,-0.06,Matches
2301,Huseini Nakoha,,DF,Levante,es La Liga,,,0,,,,,0,,0,0,,1,,,,,,,Matches
2302,Amara Nallo,eng ENG,DF,Liverpool,eng Premier League,19-185,2006,0,,,,,0,,0,0,,1,,,,,,,Matches
2303,Younes Namli,dk DEN,"FW,MF",Le Havre,fr Ligue 1,31-336,1994,12,327,27,10.7,3.6,3,65,0,9,15,3,0.92,4,7,-3,-0.83,-0.53,Matches
2304,Sebastian Nanasi,se SWE,MF,Strasbourg,fr Ligue 1,24-006,2002,19,1050,55,34.3,11.7,11,80,5,8,21,9,1.63,24,17,+7,+0.60,+0.42,Matches
2305,Shafiq Nandja,de GER,DF,Hamburger SV,de Bundesliga,19-127,2007,2,15,8,0.5,0.2,0,,0,2,8,4,2.00,0,1,-1,-6.00,-5.62,Matches
2306,Nikolas Nartey,dk DEN,MF,Stuttgart,de Bundesliga,26-089,2000,28,1256,45,41.0,14.0,14,74,2,14,16,4,2.07,34,13,+21,+1.50,+1.45,Matches
2307,Noah Nartey,dk DEN,"MF,FW",Lyon,fr Ligue 1,20-229,2005,11,545,50,17.8,6.1,5,81,4,6,23,4,1.55,8,7,+1,+0.17,-0.26,Matches
2308,Miguel Narváez,es ESP,GK,Oviedo,es La Liga,24-023,2002,0,,,,,0,,0,0,,9,,,,,,,Matches
2309,Andrea Natali,it ITA,DF,Leverkusen,de Bundesliga,18-114,2008,0,,,,,0,,0,0,,1,,,,,,,Matches
2310,Natan,br BRA,DF,Real Betis,es La Liga,25-105,2001,32,2729,85,82.0,30.3,31,87,28,1,25,4,1.59,48,40,+8,+0.26,-0.04,Matches
2311,Lapo Nava,it ITA,GK,Cremonese,it Serie A,22-120,2004,0,,,,,0,,0,0,,37,,,,,,,Matches
2312,Javi Navarro,es ESP,MF,Valencia,es La Liga,22-087,2004,0,,,,,0,,0,0,,1,,,,,,,Matches
2313,Javier Navarro,es ESP,GK,Real Madrid,es La Liga,19-117,2007,0,,,,,0,,0,0,,2,,,,,,,Matches
2314,Marcos Navarro,es ESP,DF,Valencia,es La Liga,21-357,2004,0,,,,,0,,0,0,,2,,,,,,,Matches
2315,Pau Navarro,es ESP,DF,Villarreal,es La Liga,21-027,2005,22,1831,83,55.0,20.3,22,83,17,0,,12,1.77,34,25,+9,+0.44,-0.34,Matches
2316,Roberto Navarro,es ESP,MF,Athletic Club,es La Liga,24-040,2002,31,1217,39,36.5,13.5,9,67,2,22,28,3,1.23,21,19,+2,+0.15,+0.79,Matches
2317,Corrie Ndaba,ie IRL,DF,Lecce,it Serie A,26-148,1999,14,543,39,16.3,6.0,6,70,2,8,15,23,1.07,4,12,-8,-1.33,-0.84,Matches
2318,Michel Ndary Adopo,fr FRA,MF,Cagliari,it Serie A,25-307,2000,37,2960,80,88.9,32.9,32,85,21,5,49,0,1.08,33,45,-12,-0.36,+0.12,Matches
2319,Youssouf Ndayishimiye,bi BDI,MF,Nice,fr Ligue 1,27-207,1998,2,72,36,2.4,0.8,1,60,0,1,12,2,1.50,1,2,-1,-1.25,-0.59,Matches
2320,Bara Ndiaye,sn SEN,MF,Bayern Munich,de Bundesliga,18-142,2007,4,143,36,4.7,1.6,2,61,0,2,11,2,2.50,4,6,-2,-1.26,-3.97,Matches
2321,El Hadji Mor Talla Ndiaye,sn SEN,DF,Liverpool,eng Premier League,18-136,2008,0,,,,,0,,0,0,,3,,,,,,,Matches
2322,Iliman Ndiaye,sn SEN,MF,Everton,eng Premier League,26-077,2000,31,2688,87,80.7,29.9,31,87,20,0,,0,1.32,40,43,-3,-0.10,-0.24,Matches
2323,Rassoul Ndiaye,sn SEN,MF,Le Havre,fr Ligue 1,24-162,2001,33,2566,78,83.9,28.5,30,83,15,3,26,0,1.03,25,32,-7,-0.25,+0.67,Matches
2324,Quentin Ndjantou Mbitcha,fr FRA,MF,Paris Saint-Germain,fr Ligue 1,18-303,2007,10,360,36,11.8,4.0,3,67,1,7,23,1,2.10,11,3,+8,+2.00,+0.77,Matches
2325,Tanguy Ndombele,fr FRA,MF,Nice,fr Ligue 1,29-145,1996,8,275,34,9.0,3.1,3,69,0,5,13,7,0.75,2,3,-1,-0.33,+0.38,Matches
2326,Cher Ndour,it ITA,MF,Fiorentina,it Serie A,21-299,2004,32,1852,58,55.6,20.6,20,79,9,12,23,5,1.25,18,21,-3,-0.15,+0.22,Matches
2327,Dan Ndoye,ch SUI,MF,Nottingham Forest,eng Premier League,25-209,2000,24,1173,49,35.2,13.0,14,71,3,10,18,4,1.08,15,17,-2,-0.15,-0.11,Matches
2328,Daniel Ndulue,it ITA,FW,Genoa,it Serie A,19-080,2007,0,,,,,0,,0,0,,1,,,,,,,Matches
2329,Joseph Nduquidi,fr FRA,MF,Metz,fr Ligue 1,21-203,2004,1,7,7,0.2,0.1,0,,0,1,7,2,0.00,0,1,-1,-12.86,-11.59,Matches
2330,Sean Neave,eng ENG,FW,Newcastle United,eng Premier League,18-360,2007,0,,,,,0,,0,0,,13,,,,,,,Matches
2331,Paul Nebel,de GER,MF,Mainz 05,de Bundesliga,23-224,2002,30,2073,69,67.7,23.0,24,82,13,6,17,0,1.27,27,37,-10,-0.43,-0.53,Matches
2332,Kosta Nedeljković,rs SRB,DF,RB Leipzig,de Bundesliga,20-157,2005,5,251,50,8.2,2.8,3,80,1,2,6,10,1.80,8,4,+4,+1.43,+0.95,Matches
2333,Loïc Nego,hu HUN,"DF,MF",Le Havre,fr Ligue 1,35-127,1991,30,2339,78,76.4,26.0,26,87,21,4,18,1,1.17,25,34,-9,-0.35,+0.03,Matches
2334,Tom Negrel,fr FRA,GK,Auxerre,fr Ligue 1,23-039,2003,0,,,,,0,,0,0,,6,,,,,,,Matches
2335,Dan Neil,eng ENG,MF,Sunderland,eng Premier League,24-160,2001,3,14,5,0.4,0.2,0,,0,3,5,19,1.33,0,0,0,0.00,+0.19,Matches
2336,Till Neininger,de GER,DF,Wolfsburg,de Bundesliga,19-049,2007,0,,,,,0,,0,0,,1,,,,,,,Matches
2337,Reiss Nelson,eng ENG,"FW,MF",Brentford,eng Premier League,26-163,1999,9,124,14,3.7,1.4,0,,0,9,14,14,1.67,7,2,+5,+3.63,+3.69,Matches
2338,Victor Nelsson,dk DEN,DF,Hellas Verona,it Serie A,27-220,1998,37,3225,87,96.8,35.8,36,89,34,1,13,0,0.57,22,57,-35,-0.98,-1.83,Matches
2339,David Nemeth,at AUT,DF,St Pauli,de Bundesliga,25-065,2001,0,,,,,0,,0,0,,6,,,,,,,Matches
2340,David Neres,br BRA,"FW,MF",Napoli,it Serie A,29-080,1997,16,922,58,27.7,10.2,10,77,1,6,26,1,2.00,16,7,+9,+0.88,+0.43,Matches
2341,Martim Neto,pt POR,MF,Elche,es La Liga,23-128,2003,25,1347,54,40.5,15.0,15,68,1,10,32,8,1.00,20,23,-3,-0.20,+0.03,Matches
2342,Pedro Neto,pt POR,MF,Chelsea,eng Premier League,26-074,2000,33,2567,78,77.1,28.5,29,82,16,4,46,0,1.45,44,31,+13,+0.46,+1.16,Matches
2343,Luca Netz,de GER,"MF,DF",Gladbach,de Bundesliga,23-007,2003,15,940,63,30.7,10.4,10,86,7,5,17,5,0.93,14,10,+4,+0.38,+1.02,Matches
2344,Luca Netz,de GER,"DF,MF",Nottingham Forest,eng Premier League,23-007,2003,6,329,55,9.9,3.7,3,85,1,3,25,6,1.17,7,5,+2,+0.55,+0.70,Matches
2345,Manuel Neuer,de GER,GK,Bayern Munich,de Bundesliga,40-056,1986,22,1859,85,60.8,20.7,22,85,19,0,,7,2.73,81,20,+61,+2.95,+1.08,Matches
2346,Florian Neuhaus,de GER,"MF,FW",Gladbach,de Bundesliga,29-067,1997,17,930,55,30.4,10.3,11,71,0,6,25,13,1.29,19,9,+10,+0.97,+1.86,Matches
2347,Cenny Neumann,de GER,DF,Köln,de Bundesliga,19-130,2007,2,74,37,2.4,0.8,1,69,0,1,5,3,0.50,3,3,0,0.00,+0.42,Matches
2348,João Neves,pt POR,MF,Paris Saint-Germain,fr Ligue 1,21-237,2004,21,1287,61,42.1,14.3,13,80,7,8,31,2,2.38,35,14,+21,+1.47,+0.25,Matches
2349,Yvan Neyou,cm CMR,MF,Getafe,es La Liga,29-139,1997,5,67,13,2.0,0.7,0,,0,5,13,10,2.00,0,2,-2,-2.69,-2.55,Matches
2350,Jessic Ngankam,de GER,FW,Eintracht Frankfurt,de Bundesliga,25-306,2000,3,62,21,2.0,0.7,0,,0,3,21,2,0.67,1,4,-3,-4.35,-4.32,Matches
2351,Oumar Ngom,mr MTN,MF,Lecce,it Serie A,22-074,2004,14,797,57,23.9,8.9,9,77,5,5,20,4,1.00,8,15,-7,-0.79,-0.22,Matches
2352,Cyril Ngonge,be BEL,FW,Torino,it Serie A,25-361,2000,20,994,50,29.8,11.0,11,72,2,9,22,1,1.00,9,20,-11,-1.00,-0.69,Matches
2353,Cyril Ngonge,be BEL,MF,Espanyol,es La Liga,25-361,2000,9,424,47,12.7,4.7,6,60,0,3,22,2,0.44,4,8,-4,-0.85,-0.60,Matches
2354,Mikayil Ngor Faye,sn SEN,"MF,DF",Cremonese,it Serie A,21-312,2004,8,254,32,7.6,2.8,2,68,0,6,20,21,0.50,2,3,-1,-0.35,+0.26,Matches
2355,Mikayil Ngor Faye,sn SEN,MF,Rennes,fr Ligue 1,21-312,2004,1,8,8,0.3,0.1,0,,0,1,8,1,1.00,0,0,0,0.00,-0.27,Matches
2356,Nathan Ngoy,be BEL,DF,Lille,fr Ligue 1,22-346,2003,29,2405,83,78.6,26.7,27,88,26,2,14,2,1.79,38,31,+7,+0.26,-0.84,Matches
2357,Bernard Nguene,cm CMR,FW,Nice,fr Ligue 1,19-291,2006,6,138,23,4.5,1.5,0,,0,6,23,4,0.67,0,3,-3,-1.96,-1.34,Matches
2358,Rio Ngumoha,eng ENG,MF,Liverpool,eng Premier League,17-266,2008,18,488,27,14.7,5.4,4,72,1,14,14,18,1.22,15,10,+5,+0.92,+0.76,Matches
2359,Moussa Niakhate,sn SEN,DF,Lyon,fr Ligue 1,30-075,1996,32,2759,86,90.2,30.7,30,90,30,2,30,0,1.69,43,34,+9,+0.29,-0.90,Matches
2360,Abdoulaye Niakhate Ndiaye,sn SEN,DF,Parma,it Serie A,24-042,2002,10,750,75,22.5,8.3,9,78,6,1,50,9,1.20,5,10,-5,-0.60,-0.11,Matches
2361,Youssoupha Niang,de GER,MF,Köln,de Bundesliga,20-058,2006,10,194,19,6.3,2.2,2,60,0,8,9,3,0.60,1,7,-6,-2.78,-2.53,Matches
2362,Tanguy Nianzou,fr FRA,DF,Sevilla,es La Liga,23-349,2002,12,655,55,19.7,7.3,8,68,2,4,28,8,1.08,7,16,-9,-1.24,-1.10,Matches
2363,Cheikh Niasse,sn SEN,MF,Hellas Verona,it Serie A,26-123,2000,19,970,51,29.1,10.8,11,77,2,8,15,14,0.63,10,20,-10,-0.93,-0.01,Matches
2364,Samuel Nibombé,be BEL,DF,Monaco,fr Ligue 1,18-280,2007,1,1,1,0.0,0.0,0,,0,1,1,9,3.00,0,0,0,0.00,-0.18,Matches
2365,Rasmus Nicolaisen,dk DEN,DF,Toulouse,fr Ligue 1,29-067,1997,32,2564,80,86.3,28.5,30,84,24,2,15,0,1.33,43,41,+2,+0.07,+0.29,Matches
2366,Moritz Nicolas,de GER,GK,Gladbach,de Bundesliga,28-213,1997,34,3060,90,100.0,34.0,34,90,34,0,,0,1.12,42,53,-11,-0.32,,Matches
2367,Hans Nicolussi Caviglia,it ITA,MF,Fiorentina,it Serie A,25-338,2000,11,585,53,17.6,6.5,7,78,3,4,11,10,0.91,7,12,-5,-0.77,-0.64,Matches
2368,Hans Nicolussi Caviglia,it ITA,MF,Parma,it Serie A,25-338,2000,14,779,56,23.4,8.7,9,71,1,5,28,1,1.36,9,11,-2,-0.23,+0.37,Matches
2369,Albert Niculaesei,ro ROU,DF,Elche,es La Liga,18-057,2008,0,,,,,0,,0,0,,1,,,,,,,Matches
2370,Julian Niehues,de GER,MF,Heidenheim,de Bundesliga,25-035,2001,24,1383,58,45.2,15.4,17,71,4,7,25,10,0.88,24,30,-6,-0.39,+0.95,Matches
2371,Oliver Nielsen,dk DEN,DF,Lazio,it Serie A,22-352,2003,25,1491,60,44.8,16.6,13,89,12,12,27,12,1.52,22,19,+3,+0.18,+0.33,Matches
2372,Alieu Njie,se SWE,"MF,FW",Torino,it Serie A,21-008,2005,14,271,19,8.1,3.0,2,52,0,12,14,21,0.79,4,5,-1,-0.33,+0.20,Matches
2373,Justin Njinmah,de GER,"FW,MF",Werder Bremen,de Bundesliga,25-188,2000,33,1947,59,63.6,21.6,22,77,6,11,23,1,0.94,18,45,-27,-1.25,-1.57,Matches
2374,Obed Nkambadio,fr FRA,GK,Paris FC,fr Ligue 1,23-104,2003,12,1080,90,35.3,12.0,12,90,12,0,,21,1.00,18,21,-3,-0.25,-0.25,Matches
2375,Eddie Nketiah,eng ENG,MF,Crystal Palace,eng Premier League,26-357,1999,12,424,35,12.7,4.7,2,70,0,10,28,0,1.33,6,12,-6,-1.27,-1.18,Matches
2376,Niels Nkounkou,fr FRA,"MF,DF",Torino,it Serie A,25-202,2000,10,327,33,9.8,3.6,3,71,0,7,16,14,1.00,5,7,-2,-0.55,-0.04,Matches
2377,Niels Nkounkou,fr FRA,"DF,MF",Eintracht Frankfurt,de Bundesliga,25-202,2000,0,,,,,0,,0,0,,2,,,,,,,Matches
2378,Christopher Nkunku,fr FRA,FW,Milan,it Serie A,28-189,1997,31,1296,42,38.9,14.4,14,71,3,17,18,1,1.84,26,11,+15,+1.04,+0.86,Matches
2379,Felix Nmecha,de GER,MF,Dortmund,de Bundesliga,25-224,2000,29,2176,75,71.1,24.2,25,83,8,4,23,0,2.31,51,28,+23,+0.95,-0.37,Matches
2380,Lukas Nmecha,de GER,FW,Leeds United,eng Premier League,27-159,1998,30,993,33,29.8,11.0,9,69,0,21,18,3,1.17,14,20,-6,-0.54,-0.62,Matches
2381,Tochukwu Nnadi,ng NGA,"MF,DF",Marseille,fr Ligue 1,22-326,2003,8,351,44,11.5,3.9,4,79,1,4,9,2,2.38,6,3,+3,+0.77,+0.27,Matches
2382,Martin Nogoto Bley,bf BFA,MF,Lorient,fr Ligue 1,20-119,2006,1,1,1,0.0,0.0,0,,0,1,1,8,3.00,0,0,0,0.00,+0.09,Matches
2383,Arnaud Nordin,fr FRA,"MF,FW",Mainz 05,de Bundesliga,27-339,1998,13,469,36,15.3,5.2,5,71,1,8,15,5,0.69,5,11,-6,-1.15,-1.05,Matches
2384,Arnaud Nordin,fr FRA,"FW,MF",Rennes,fr Ligue 1,27-339,1998,10,570,57,18.6,6.3,7,71,0,3,24,0,1.90,12,4,+8,+1.26,+1.23,Matches
2385,Brooke Norton-Cuffy,eng ENG,"MF,DF",Genoa,it Serie A,22-130,2004,26,2181,84,65.5,24.2,25,86,19,1,32,1,1.00,28,38,-10,-0.41,-0.49,Matches
2386,Tijjani Noslin,nl NED,FW,Lazio,it Serie A,26-319,1999,28,1058,38,31.8,11.8,8,76,2,20,23,8,1.29,13,13,0,0.00,0.00,Matches
2387,Tyrese Noubissié,fr FRA,MF,Strasbourg,fr Ligue 1,17-009,2009,4,58,15,1.9,0.6,0,,0,4,15,3,1.75,3,0,+3,+4.66,+4.42,Matches
2388,Noah Nsoki,fr FRA,MF,Paris Saint-Germain,fr Ligue 1,19-091,2007,1,8,8,0.3,0.1,0,,0,1,8,2,3.00,0,0,0,0.00,-1.33,Matches
2389,Randy Nteka,ao ANG,FW,Rayo Vallecano,es La Liga,28-167,1997,12,284,24,8.5,3.2,2,70,0,10,15,11,1.67,5,5,0,0.00,+0.12,Matches
2390,Ernest Nuamah,gh GHA,"FW,MF",Lyon,fr Ligue 1,22-202,2003,3,35,12,1.1,0.4,0,,0,3,12,0,1.00,0,0,0,0.00,-0.39,Matches
2391,Alexander Nübel,de GER,GK,Stuttgart,de Bundesliga,29-234,1996,34,3060,90,100.0,34.0,34,90,34,0,,0,1.82,71,49,+22,+0.65,,Matches
2392,Gustavo Nunes,br BRA,MF,Brentford,eng Premier League,20-183,2005,0,,,,,0,,0,0,,2,,,,,,,Matches
2393,Matheus Nunes,pt POR,DF,Manchester City,eng Premier League,27-268,1998,34,2862,84,85.9,31.8,32,87,28,2,35,2,2.21,68,28,+40,+1.26,+0.68,Matches
2394,Álvaro Núñez,es ESP,"DF,MF",Elche,es La Liga,25-319,2000,19,1647,87,49.5,18.3,19,87,14,0,,0,1.21,23,20,+3,+0.16,+0.75,Matches
2395,Álvaro Núñez,es ESP,"DF,MF",Celta Vigo,es La Liga,25-319,2000,6,328,55,9.8,3.6,5,63,0,1,15,6,1.17,7,6,+1,+0.27,+0.18,Matches
2396,Lucas Núñez,es ESP,MF,Valencia,es La Liga,20-065,2006,0,,,,,0,,0,0,,9,,,,,,,Matches
2397,Unai Núñez,es ESP,DF,Hellas Verona,it Serie A,29-112,1997,17,1265,74,38.0,14.1,15,82,12,2,21,1,0.71,12,26,-14,-1.00,-0.12,Matches
2398,Unai Núñez,es ESP,DF,Valencia,es La Liga,29-112,1997,12,821,68,24.7,9.1,9,82,5,3,29,2,1.83,13,11,+2,+0.22,+0.69,Matches
2399,Alessandro Nunziante,it ITA,GK,Udinese,it Serie A,19-069,2007,0,,,,,0,,0,0,,23,,,,,,,Matches
2400,Joi Nuredini,al ALB,FW,Genoa,it Serie A,18-290,2007,1,2,2,0.1,0.0,0,,0,1,2,4,1.00,0,0,0,0.00,+0.24,Matches
2401,Antonio Nusa,no NOR,"FW,MF",RB Leipzig,de Bundesliga,21-035,2005,31,2027,65,66.2,22.5,24,77,4,7,26,0,2.00,42,29,+13,+0.58,+0.05,Matches
2402,Ethan Nwaneri,eng ENG,MF,Arsenal,eng Premier League,19-062,2007,6,171,29,5.1,1.9,0,,0,6,29,11,2.67,8,0,+8,+4.21,+3.21,Matches
2403,Ethan Nwaneri,eng ENG,MF,Marseille,fr Ligue 1,19-062,2007,9,324,36,10.6,3.6,3,56,0,6,26,7,1.11,8,5,+3,+0.83,+0.34,Matches
2404,Lorenzo Nyarko,it ITA,GK,Sassuolo,it Serie A,18-214,2007,0,,,,,0,,0,0,,1,,,,,,,Matches
2405,Ørjan Nyland,no NOR,GK,Sevilla,es La Liga,35-254,1990,4,360,90,10.8,4.0,4,90,4,0,,32,1.00,7,7,0,0.00,+0.39,Matches
2406,Allan Nyom,cm CMR,DF,Getafe,es La Liga,38-012,1988,14,433,31,13.0,4.8,6,65,1,8,6,15,1.53,7,8,-1,-0.21,-0.02,Matches
2407,Trey Nyoni,eng ENG,MF,Liverpool,eng Premier League,18-326,2007,5,16,3,0.5,0.2,0,,0,5,3,23,2.60,0,1,-1,-5.63,-5.92,Matches
2408,Pladi Nzinga Pambani,fr FRA,DF,Marseille,fr Ligue 1,19-066,2007,0,,,,,0,,0,0,,1,,,,,,,Matches
2409,Rabby Nzingoula,fr FRA,MF,Strasbourg,fr Ligue 1,20-178,2005,4,51,13,1.7,0.6,0,,0,4,13,6,0.75,1,0,+1,+1.76,+1.47,Matches
2410,M'Bala Nzola,ao ANG,FW,Pisa,it Serie A,29-277,1996,16,1052,66,31.6,11.7,11,82,4,5,30,0,0.69,5,15,-10,-0.86,+0.49,Matches
2411,M'Bala Nzola,ao ANG,FW,Sassuolo,it Serie A,29-277,1996,13,448,34,13.5,5.0,4,72,0,9,18,1,1.54,6,6,0,0.00,+0.09,Matches
2412,Christian Nørgaard,dk DEN,MF,Arsenal,eng Premier League,32-073,1994,6,61,10,1.8,0.7,0,,0,6,10,21,3.00,2,1,+1,+1.48,+0.32,Matches
2413,Jake O'Brien,ie IRL,DF,Everton,eng Premier League,25-007,2001,36,3059,85,91.9,34.0,34,88,29,2,42,0,1.36,44,45,-1,-0.03,+0.30,Matches
2414,Luke O'Nien,eng ENG,DF,Sunderland,eng Premier League,31-182,1994,11,479,44,14.4,5.3,4,90,4,7,17,17,1.45,10,6,+4,+0.75,+1.10,Matches
2415,Matt O'Riley,dk DEN,MF,Marseille,fr Ligue 1,25-182,2000,15,741,49,24.2,8.2,6,81,2,9,28,2,2.33,16,9,+7,+0.85,+0.42,Matches
2416,Matt O'Riley,dk DEN,MF,Brighton,eng Premier League,25-182,2000,6,204,34,6.1,2.3,2,89,1,4,7,6,1.33,2,3,-1,-0.44,-0.73,Matches
2417,Adam Obert,sk SVK,"DF,MF",Cagliari,it Serie A,23-272,2002,34,2681,79,80.5,29.8,32,82,18,2,21,1,1.15,26,39,-13,-0.44,-0.30,Matches
2418,Chidozie Obi-Martin,dk DEN,FW,Manchester Utd,eng Premier League,18-174,2007,0,,,,,0,,0,0,,1,,,,,,,Matches
2419,Jan Oblak,si SVN,GK,Atlético Madrid,es La Liga,33-135,1993,30,2700,90,81.1,30.0,30,90,30,0,,2,1.90,51,31,+20,+0.67,+0.38,Matches
2420,Noam Obougou Jacquet,fr FRA,FW,Le Havre,fr Ligue 1,20-068,2006,5,104,21,3.4,1.2,0,,0,5,21,7,1.00,1,0,+1,+0.87,+1.26,Matches
2421,Rafel Obrador,es ESP,MF,Torino,it Serie A,22-087,2004,15,1054,70,31.7,11.7,13,78,4,2,23,0,1.40,17,18,-1,-0.09,+0.63,Matches
2422,Relja Obrić,si SVN,DF,Atalanta,it Serie A,20-041,2006,0,,,,,0,,0,0,,13,,,,,,,Matches
2423,Job Ochieng',ke KEN,MF,Real Sociedad,es La Liga,23-125,2003,1,26,26,0.8,0.3,0,,0,1,26,6,3.00,1,0,+1,+3.46,+3.54,Matches
2424,Cas Odenthal,nl NED,DF,Sassuolo,it Serie A,25-238,2000,1,1,1,0.0,0.0,0,,0,1,1,17,0.00,0,0,0,0.00,+0.08,Matches
2425,Jens Odgaard,dk DEN,MF,Bologna,it Serie A,27-052,1999,25,1353,54,40.6,15.0,16,74,4,9,18,9,1.52,22,20,+2,+0.13,+0.09,Matches
2426,Wilson Odobert,fr FRA,"MF,FW",Tottenham Hotspur,eng Premier League,21-175,2004,24,985,41,29.6,10.9,10,68,1,14,22,2,1.08,16,13,+3,+0.27,+0.77,Matches
2427,David Odogu,de GER,DF,Wolfsburg,de Bundesliga,19-353,2006,0,,,,,0,,0,0,,2,,,,,,,Matches
2428,David Odogu,de GER,DF,Milan,it Serie A,19-353,2006,2,6,3,0.2,0.1,0,,0,2,3,32,3.00,0,0,0,0.00,-0.51,Matches
2429,Álvaro Odriozola,es ESP,DF,Real Sociedad,es La Liga,30-159,1995,5,201,40,6.0,2.2,2,60,0,3,27,17,2.00,6,4,+2,+0.90,+1.01,Matches
2430,Tim Oermann,de GER,DF,Leverkusen,de Bundesliga,22-228,2003,2,18,9,0.6,0.2,0,,0,2,9,10,1.00,0,2,-2,-10.00,-10.68,Matches
2431,Deniz Ofli,tr TUR,DF,Bayern Munich,de Bundesliga,19-054,2007,1,6,6,0.2,0.1,0,,0,1,6,4,3.00,0,1,-1,-15.00,-17.56,Matches
2432,Oluwaseun Ogbemudia,de GER,DF,Union Berlin,de Bundesliga,19-308,2006,0,,,,,0,,0,0,,4,,,,,,,Matches
2433,Ifechukwu Ogbus,ch SUI,DF,Freiburg,de Bundesliga,20-156,2005,18,1177,65,38.5,13.1,14,80,10,4,16,4,1.33,12,27,-15,-1.15,-1.58,Matches
2434,Uchenna Ogundu,ng NGA,FW,Augsburg,de Bundesliga,20-010,2006,5,47,9,1.5,0.5,0,,0,5,9,5,1.40,3,1,+2,+3.83,+4.37,Matches
2435,Hamzat Ojediran,ng NGA,MF,Lens,fr Ligue 1,22-189,2003,0,,,,,0,,0,0,,6,,,,,,,Matches
2436,Temple Ojinnaka,it ITA,MF,Wolves,eng Premier League,21-053,2005,0,,,,,0,,0,0,,2,,,,,,,Matches
2437,Noah Okafor,ch SUI,"FW,MF",Leeds United,eng Premier League,25-363,2000,28,1561,56,46.9,17.3,19,72,1,9,22,1,1.32,29,26,+3,+0.17,+0.53,Matches
2438,David Okereke,ng NGA,"FW,MF",Cremonese,it Serie A,28-266,1997,10,403,40,12.1,4.5,3,62,0,7,31,2,1.30,6,7,-1,-0.22,+0.42,Matches
2439,Bryan Okoh,ch SUI,DF,Auxerre,fr Ligue 1,23-006,2003,13,1005,77,32.8,11.2,12,83,10,1,6,1,1.38,16,15,+1,+0.09,+0.57,Matches
2440,Maduka Okoye,ng NGA,GK,Udinese,it Serie A,26-267,1999,29,2526,87,75.9,28.1,29,87,28,0,,1,1.41,37,31,+6,+0.21,+1.11,Matches
2441,Saheed Olagunju,ng NGA,DF,Wolves,eng Premier League,19-135,2007,0,,,,,0,,0,0,,5,,,,,,,Matches
2442,Xanet Olaiz,es ESP,DF,Alavés,es La Liga,20-338,2005,0,,,,,0,,0,0,,2,,,,,,,Matches
2443,Javier Olaizola,es ESP,DF,Mallorca,es La Liga,19-068,2007,1,45,45,1.4,0.5,0,,0,1,45,14,0.00,0,1,-1,-2.00,-1.67,Matches
2444,Olasagasti,es ESP,MF,Levante,es La Liga,25-279,2000,32,1657,52,49.8,18.4,17,81,9,15,18,2,1.16,27,30,-3,-0.16,+0.38,Matches
2445,Michael Olise,fr FRA,MF,Bayern Munich,de Bundesliga,24-161,2001,32,2316,72,75.7,25.7,23,86,14,9,38,1,2.59,94,25,+69,+2.68,+0.62,Matches
2446,Mathías Olivera,uy URU,"DF,MF",Napoli,it Serie A,28-203,1997,24,1325,55,39.8,14.7,14,76,6,10,27,10,2.13,22,13,+9,+0.61,+0.07,Matches
2447,Tuomas Ollila,fi FIN,DF,Paris FC,fr Ligue 1,26-028,2000,10,308,31,10.1,3.4,3,79,0,7,10,8,1.10,6,4,+2,+0.58,+0.75,Matches
2448,Dani Olmo,es ESP,MF,Barcelona,es La Liga,28-015,1998,32,2006,63,60.2,22.3,23,75,8,9,30,0,2.56,55,17,+38,+1.70,+0.14,Matches
2449,Jan Olschowsky,de GER,GK,Gladbach,de Bundesliga,24-185,2001,0,,,,,0,,0,0,,14,,,,,,,Matches
2450,Callum Olusesi,eng ENG,MF,Tottenham Hotspur,eng Premier League,19-125,2007,1,15,15,0.5,0.2,0,,0,1,15,7,1.00,1,0,+1,+6.00,+6.30,Matches
2451,Tani Oluwaseyi,ca CAN,FW,Villarreal,es La Liga,26-007,2000,27,901,33,27.1,10.0,9,70,1,18,15,8,1.78,20,15,+5,+0.50,-0.13,Matches
2452,Warmed Omari,km COM,DF,Hamburger SV,de Bundesliga,26-029,2000,20,1605,80,52.5,17.8,17,87,12,3,45,0,1.10,19,28,-9,-0.50,-0.20,Matches
2453,Jonas Omlin,ch SUI,GK,Gladbach,de Bundesliga,32-132,1994,0,,,,,0,,0,0,,14,,,,,,,Matches
2454,Jonas Omlin,ch SUI,GK,Leverkusen,de Bundesliga,32-132,1994,0,,,,,0,,0,0,,11,,,,,,,Matches
2455,Andrew Omobamidele,ie IRL,DF,Strasbourg,fr Ligue 1,23-333,2002,25,1357,54,44.3,15.1,13,82,8,12,25,2,1.56,25,21,+4,+0.27,-0.10,Matches
2456,Wellity Omoruyi,es ESP,DF,Liverpool,eng Premier League,20-130,2006,0,,,,,0,,0,0,,4,,,,,,,Matches
2457,Ado Onaiwu,jp JPN,"FW,MF",Auxerre,fr Ligue 1,30-195,1995,0,,,,,0,,0,0,,1,,,,,,,Matches
2458,Amadou Onana,be BEL,MF,Aston Villa,eng Premier League,24-279,2001,24,1740,73,52.3,19.3,21,81,11,3,16,1,1.92,28,26,+2,+0.10,-0.12,Matches
2459,André Onana,cm CMR,GK,Manchester Utd,eng Premier League,30-050,1996,0,,,,,0,,0,0,,2,,,,,,,Matches
2460,Jean Onana,cm CMR,MF,Genoa,it Serie A,26-134,2000,3,45,15,1.4,0.5,0,,0,3,15,18,2.00,0,1,-1,-2.00,-1.78,Matches
2461,Jacob Ondrejka,se SWE,"FW,MF",Parma,it Serie A,23-262,2002,16,773,48,23.2,8.6,9,65,0,7,27,9,1.31,8,14,-6,-0.70,-0.24,Matches
2462,Tyler Onyango,eng ENG,MF,Everton,eng Premier League,23-079,2003,0,,,,,0,,0,0,,3,,,,,,,Matches
2463,Frank Onyeka,ng NGA,MF,Brentford,eng Premier League,28-141,1998,6,92,15,2.8,1.0,0,,0,6,15,10,1.50,3,2,+1,+0.98,+0.92,Matches
2464,Loïs Openda,be BEL,FW,RB Leipzig,de Bundesliga,26-095,2000,2,51,26,1.7,0.6,1,45,0,1,6,0,1.50,0,3,-3,-5.29,-5.95,Matches
2465,Loïs Openda,be BEL,"FW,MF",Juventus,it Serie A,26-095,2000,24,666,28,20.0,7.4,6,69,0,18,14,11,1.71,11,8,+3,+0.41,-0.41,Matches
2466,Leon Opitz,de GER,MF,Werder Bremen,de Bundesliga,21-041,2005,0,,,,,0,,0,0,,2,,,,,,,Matches
2467,Fredrik Oppegard,no NOR,"MF,DF",Auxerre,fr Ligue 1,23-288,2002,23,1246,54,40.7,13.8,15,74,7,8,16,7,0.78,12,19,-7,-0.51,-0.36,Matches
2468,Louis Oppie,de GER,MF,St Pauli,de Bundesliga,24-005,2002,23,1620,70,52.9,18.0,17,87,15,6,22,11,0.57,14,34,-20,-1.11,-0.42,Matches
2469,Gift Orban,ng NGA,FW,Hellas Verona,it Serie A,23-309,2002,28,2027,72,60.9,22.5,23,79,9,5,40,1,0.50,14,33,-19,-0.84,+0.19,Matches
2470,Willi Orban,hu HUN,DF,RB Leipzig,de Bundesliga,33-200,1992,33,2949,89,96.4,32.8,33,89,32,0,,0,1.88,63,46,+17,+0.52,-1.10,Matches
2471,Christian Ordoñez,ar ARG,MF,Parma,it Serie A,21-302,2004,27,1001,37,30.1,11.1,11,64,2,16,18,9,1.22,8,14,-6,-0.54,-0.04,Matches
2472,Luis Orejuela,,DF,Mallorca,es La Liga,,,1,90,90,2.7,1.0,1,90,1,0,,2,0.00,1,3,-2,-2.00,-1.69,Matches
2473,Nehemiah Oriola,eng ENG,MF,Brighton,eng Premier League,18-345,2007,1,1,1,0.0,0.0,0,,0,1,1,6,3.00,0,0,0,0.00,-0.24,Matches
2474,Gaetano Oristanio,it ITA,"FW,MF",Parma,it Serie A,23-236,2002,20,859,43,25.8,9.5,8,65,0,12,28,8,1.25,7,13,-6,-0.63,-0.16,Matches
2475,Aimar Oroz,es ESP,"MF,FW",Osasuna,es La Liga,24-176,2001,30,2058,69,61.8,22.9,25,77,6,5,25,0,1.27,25,28,-3,-0.13,+0.01,Matches
2476,Riccardo Orsolini,it ITA,"MF,FW",Bologna,it Serie A,29-118,1997,35,2111,60,63.4,23.5,26,74,8,9,22,2,1.54,32,31,+1,+0.04,-0.11,Matches
2477,Stefan Ortega,de GER,GK,Manchester City,eng Premier League,33-197,1992,0,,,,,0,,0,0,,1,,,,,,,Matches
2478,Stefan Ortega,de GER,GK,Nottingham Forest,eng Premier League,33-197,1992,3,270,90,8.1,3.0,3,90,3,0,,7,0.33,1,4,-3,-1.00,-1.00,Matches
2479,Iker Ortín,es ESP,DF,Sevilla,es La Liga,22-137,2004,0,,,,,0,,0,0,,1,,,,,,,Matches
2480,Ángel Ortíz,es ESP,DF,Real Betis,es La Liga,21-301,2004,13,584,45,17.5,6.5,7,72,2,6,14,13,1.54,5,9,-4,-0.62,-1.08,Matches
2481,Asier Osambela,es ESP,DF,Osasuna,es La Liga,22-103,2004,16,333,21,10.0,3.7,2,76,0,14,13,18,1.24,10,9,+1,+0.27,+0.45,Matches
2482,Gabriel Osho,ng NGA,DF,Auxerre,fr Ligue 1,27-281,1998,2,134,67,4.4,1.5,2,67,1,0,,0,1.50,2,2,0,0.00,+0.31,Matches
2483,Ibrahim Osman,gh GHA,"MF,FW",Auxerre,fr Ligue 1,21-174,2004,14,625,45,20.4,6.9,7,72,2,7,17,2,0.43,3,11,-8,-1.15,-1.08,Matches
2484,Erblin Osmani,de GER,MF,Bayern Munich,de Bundesliga,17-003,2009,1,4,4,0.1,0.0,0,,0,1,4,0,3.00,0,0,0,0.00,-2.53,Matches
2485,Patrick Osterhage,de GER,MF,Freiburg,de Bundesliga,26-110,2000,20,1189,59,38.9,13.2,13,82,6,7,18,2,1.70,15,17,-2,-0.15,+0.04,Matches
2486,William Osula,dk DEN,FW,Newcastle United,eng Premier League,22-291,2003,23,754,33,22.6,8.4,7,78,2,16,13,2,1.09,11,13,-2,-0.24,-0.31,Matches
2487,Philip Otele,ng NGA,"MF,FW",Hamburger SV,de Bundesliga,27-037,1999,9,471,52,15.4,5.2,7,65,0,2,7,2,1.33,9,6,+3,+0.57,+1.16,Matches
2488,Sebastian Otoa,dk DEN,DF,Genoa,it Serie A,22-009,2004,12,739,62,22.2,8.2,8,85,5,4,16,17,1.17,9,16,-7,-0.85,-0.78,Matches
2489,David Otorbi,es ESP,FW,Valencia,es La Liga,18-218,2007,0,,,,,0,,0,0,,17,,,,,,,Matches
2490,Adam El Ouali,fr FRA,MF,Toulouse,fr Ligue 1,19-220,2006,0,,,,,0,,0,0,,1,,,,,,,Matches
2491,Abdoul Ouattara,fr FRA,"MF,DF",Strasbourg,fr Ligue 1,20-212,2005,28,1768,63,57.8,19.6,19,79,13,9,29,0,1.79,37,27,+10,+0.51,+0.44,Matches
2492,Dango Ouattara,bf BFA,MF,Brentford,eng Premier League,24-100,2002,31,2186,71,65.6,24.3,24,84,11,7,25,0,1.26,34,34,0,0.00,-0.24,Matches
2493,Kassoum Ouattara,fr FRA,"MF,DF",Monaco,fr Ligue 1,21-220,2004,15,967,64,31.6,10.7,12,75,5,3,23,7,1.40,18,20,-2,-0.19,-0.53,Matches
2494,Assan Ouedraogo,de GER,MF,RB Leipzig,de Bundesliga,20-013,2006,19,948,50,31.0,10.5,13,68,1,6,11,0,2.26,29,14,+15,+1.42,+1.25,Matches
2495,Latif Ouedraogo,bf BFA,DF,Genoa,it Serie A,18-211,2007,1,20,20,0.6,0.2,0,,0,1,20,6,1.00,0,0,0,0.00,+0.24,Matches
2496,Azzedine Ounahi,ma MAR,MF,Girona,es La Liga,26-033,2000,23,1670,73,50.2,18.6,19,82,9,4,28,0,1.00,21,22,-1,-0.05,+0.76,Matches
2497,Emmanuel Owen,de GER,FW,Leverkusen,de Bundesliga,18-345,2007,0,,,,,0,,0,0,,1,,,,,,,Matches
2498,Riley Owen,eng ENG,MF,Brentford,eng Premier League,20-271,2005,0,,,,,0,,0,0,,1,,,,,,,Matches
2499,Elisha Owusu,gh GHA,MF,Auxerre,fr Ligue 1,28-196,1997,29,2344,81,76.6,26.0,27,86,19,2,15,0,1.00,26,31,-5,-0.19,+0.44,Matches
2500,Mikel Oyarzabal,es ESP,FW,Real Sociedad,es La Liga,29-031,1997,33,2696,82,81.0,30.0,30,86,21,3,35,1,1.33,48,45,+3,+0.10,+0.81,Matches
2501,Max Oyedele,pl POL,"MF,DF",Strasbourg,fr Ligue 1,21-196,2004,8,446,56,14.6,5.0,6,72,3,2,7,4,1.50,9,10,-1,-0.20,-0.61,Matches
2502,Daniel Oyegoke,eng ENG,"MF,DF",Hellas Verona,it Serie A,23-139,2003,15,594,40,17.8,6.6,8,62,1,7,14,10,0.53,4,8,-4,-0.61,+0.38,Matches
2503,Salih Özcan,tr TUR,MF,Dortmund,de Bundesliga,28-131,1998,11,81,7,2.6,0.9,0,,0,11,7,18,2.27,1,3,-2,-2.22,-3.37,Matches
2504,Berke Özer,tr TUR,GK,Lille,fr Ligue 1,25-362,2000,32,2834,89,92.6,31.5,32,89,31,0,,0,1.91,50,34,+16,+0.51,+0.91,Matches
2505,Cenk Özkacar,tr TUR,DF,Köln,de Bundesliga,25-228,2000,25,1791,72,58.5,19.9,20,83,14,5,28,9,1.00,26,40,-14,-0.70,-0.70,Matches
2506,Nico O’Reilly,eng ENG,"DF,MF",Manchester City,eng Premier League,21-062,2005,34,2646,78,79.5,29.4,29,87,22,5,27,1,2.18,63,25,+38,+1.29,+0.63,Matches
2507,Pablo,br BRA,"MF,FW",West Ham United,eng Premier League,22-140,2004,13,778,60,23.4,8.6,9,76,2,4,23,1,1.31,12,12,0,0.00,+0.78,Matches
2508,Jon Pacheco,es ESP,DF,Alavés,es La Liga,25-134,2001,22,1735,79,52.1,19.3,20,85,17,2,13,11,1.14,17,29,-12,-0.62,-0.68,Matches
2509,Jon Pacheco,es ESP,DF,Real Sociedad,es La Liga,25-134,2001,0,,,,,0,,0,0,,1,,,,,,,Matches
2510,Willian Pacho,ec ECU,DF,Paris Saint-Germain,fr Ligue 1,24-218,2001,23,1914,83,62.5,21.3,21,88,19,2,38,8,2.09,47,22,+25,+1.18,-0.40,Matches
2511,Daniele Padelli,it ITA,GK,Udinese,it Serie A,40-209,1985,2,180,90,5.4,2.0,2,90,2,0,,32,0.50,1,2,-1,-0.50,-0.47,Matches
2512,Alex Padilla,es ESP,GK,Athletic Club,es La Liga,22-263,2003,0,,,0.0,0.0,0,,0,0,,33,3.00,2,0,+2,,,Matches
2513,Kendry Páez,ec ECU,"MF,FW",Strasbourg,fr Ligue 1,19-018,2007,15,424,28,13.9,4.7,4,56,0,11,18,3,1.53,6,3,+3,+0.64,+0.36,Matches
2514,Pablo Pagis,fr FRA,"MF,FW",Lorient,fr Ligue 1,23-144,2002,28,1756,63,57.4,19.5,22,72,2,6,28,1,1.43,31,29,+2,+0.10,+0.45,Matches
2515,Igor Paixão,br BRA,MF,Marseille,fr Ligue 1,25-328,2000,30,1975,66,64.5,21.9,22,77,7,8,35,0,1.83,40,28,+12,+0.55,+0.05,Matches
2516,César Palacios,es ESP,MF,Real Madrid,es La Liga,21-192,2004,5,86,17,2.6,1.0,0,,0,5,17,4,2.40,4,1,+3,+3.14,+2.11,Matches
2517,Exequiel Palacios,ar ARG,MF,Leverkusen,de Bundesliga,27-229,1998,18,1099,61,35.9,12.2,12,81,8,6,21,1,1.89,27,17,+10,+0.82,+0.31,Matches
2518,Tomás Palacios,ar ARG,DF,Inter,it Serie A,23-024,2003,0,,,,,0,,0,0,,7,,,,,,,Matches
2519,Isaac Palazón Camacho,es ESP,"MF,FW",Rayo Vallecano,es La Liga,31-146,1994,31,2248,73,67.5,25.0,27,79,8,4,28,1,1.23,24,31,-7,-0.28,-0.53,Matches
2520,Alberto Paleari,it ITA,GK,Torino,it Serie A,33-266,1992,28,2520,90,75.7,28.0,28,90,28,0,,9,1.29,33,43,-10,-0.36,+0.64,Matches
2521,Marco Palestra,it ITA,"MF,DF",Cagliari,it Serie A,21-080,2005,36,3053,85,91.7,33.9,34,88,27,2,36,0,1.08,31,46,-15,-0.44,-0.77,Matches
2522,João Palhinha,pt POR,MF,Tottenham Hotspur,eng Premier League,30-317,1995,32,2109,66,63.3,23.4,22,84,14,10,26,2,1.09,30,37,-7,-0.30,-0.08,Matches
2523,Matteo Palma,de GER,DF,Udinese,it Serie A,18-070,2008,5,120,24,3.6,1.3,1,45,0,4,19,12,1.00,1,3,-2,-1.50,-1.50,Matches
2524,Cole Palmer,eng ENG,MF,Chelsea,eng Premier League,24-016,2002,25,1865,75,56.0,20.7,23,78,11,2,33,1,1.08,31,31,0,0.00,-0.43,Matches
2525,Emerson Palmieri,it ITA,"DF,MF",Marseille,fr Ligue 1,31-292,1994,28,2114,76,69.1,23.5,23,88,19,5,20,1,1.75,39,30,+9,+0.38,-0.47,Matches
2526,Diego Pampín,es ESP,DF,Levante,es La Liga,26-068,2000,8,534,67,16.0,5.9,6,84,4,2,14,23,0.88,7,15,-8,-1.35,-1.19,Matches
2527,Alejandro Panach,es ESP,DF,Valencia,es La Liga,20-124,2006,0,,,,,0,,0,0,,8,,,,,,,Matches
2528,Jahyann Pandore,fr FRA,MF,Metz,fr Ligue 1,18-178,2007,4,88,22,2.9,1.0,0,,0,4,22,1,0.50,2,4,-2,-2.05,-0.77,Matches
2529,Joaquín Panichelli,ar ARG,FW,Strasbourg,fr Ligue 1,23-227,2002,27,2193,81,71.7,24.4,24,87,19,3,34,0,1.48,39,29,+10,+0.41,+0.31,Matches
2530,Nicolò Pannozzo,it ITA,GK,Lazio,it Serie A,18-058,2008,0,,,,,0,,0,0,,4,,,,,,,Matches
2531,Leart Paqarada,xk KVX,DF,Heidenheim,de Bundesliga,31-226,1994,1,6,6,0.2,0.1,1,6,0,0,,1,0.00,0,0,0,0.00,+0.91,Matches
2532,Lucas Paquetá,br BRA,"MF,FW",West Ham United,eng Premier League,28-268,1997,18,1511,84,45.4,16.8,18,84,8,0,,0,0.67,18,32,-14,-0.83,-0.44,Matches
2533,Victor Parada,es ESP,DF,Alavés,es La Liga,24-048,2002,29,2114,73,63.5,23.5,24,84,15,5,18,6,1.28,29,38,-9,-0.38,-0.24,Matches
2534,Piotr Pardel,pl POL,GK,Atalanta,it Serie A,21-111,2005,0,,,,,0,,0,0,,4,,,,,,,Matches
2535,Aitor Paredes,es ESP,DF,Athletic Club,es La Liga,26-023,2000,18,1540,86,46.2,17.1,17,90,17,1,10,15,1.39,24,24,0,0.00,+0.65,Matches
2536,Kevin Paredes,us USA,MF,Wolfsburg,de Bundesliga,23-015,2003,6,164,27,5.4,1.8,1,63,0,5,20,2,0.83,4,4,0,0.00,+0.75,Matches
2537,Daniel Parejo,es ESP,MF,Villarreal,es La Liga,37-036,1989,31,1327,43,39.8,14.7,15,73,2,16,14,5,1.81,22,23,-1,-0.07,-1.10,Matches
2538,Fabiano Parisi,it ITA,"MF,FW",Fiorentina,it Serie A,25-194,2000,23,1520,66,45.6,16.9,18,77,6,5,25,8,1.26,22,21,+1,+0.06,+0.56,Matches
2539,Thomas Partey,gh GHA,MF,Villarreal,es La Liga,32-343,1993,25,934,37,28.0,10.4,8,77,4,17,19,4,2.08,15,13,+2,+0.19,-0.56,Matches
2540,Mario Pašalić,hr CRO,MF,Atalanta,it Serie A,31-102,1995,32,1846,58,55.4,20.5,20,80,12,12,21,4,1.41,25,27,-2,-0.10,-1.13,Matches
2541,Patric,es ESP,"MF,DF",Lazio,it Serie A,33-035,1993,14,667,48,20.0,7.4,6,79,4,8,24,12,1.93,8,8,0,0.00,0.00,Matches
2542,Anthony Patterson,eng ENG,GK,Sunderland,eng Premier League,26-012,2000,0,,,,,0,,0,0,,23,,,,,,,Matches
2543,Nathan Patterson,sct SCO,DF,Everton,eng Premier League,24-218,2001,7,241,34,7.2,2.7,3,77,1,4,3,21,1.57,3,2,+1,+0.37,+0.46,Matches
2544,Travis Patterson,eng ENG,DF,Aston Villa,eng Premier League,20-228,2005,0,,,,,0,,0,0,,1,,,,,,,Matches
2545,Benjamin Pavard,fr FRA,DF,Marseille,fr Ligue 1,30-055,1996,27,1928,71,63.0,21.4,22,84,17,5,16,2,1.93,40,24,+16,+0.75,+0.59,Matches
2546,Benjamin Pavard,fr FRA,DF,Inter,it Serie A,30-055,1996,1,90,90,2.7,1.0,1,90,1,0,,1,3.00,5,0,+5,+5.00,+3.64,Matches
2547,Davide Pavesi,it ITA,DF,Cremonese,it Serie A,18-096,2008,0,,,,,0,,0,0,,3,,,,,,,Matches
2548,Filip Pavić,de GER,MF,Bayern Munich,de Bundesliga,16-123,2010,0,,,,,0,,0,0,,3,,,,,,,Matches
2549,Aleksandar Pavlovic,de GER,MF,Bayern Munich,de Bundesliga,22-019,2004,24,1462,61,47.8,16.2,16,79,8,8,26,8,2.46,56,26,+30,+1.85,-1.31,Matches
2550,Strahinja Pavlović,rs SRB,DF,Milan,it Serie A,24-363,2001,33,2779,84,83.5,30.9,32,86,28,1,29,3,1.82,43,31,+12,+0.39,-0.75,Matches
2551,Leonardo Pavoletti,it ITA,FW,Cagliari,it Serie A,37-177,1988,13,227,17,6.8,2.5,1,56,0,12,14,14,0.54,4,4,0,0.00,+0.41,Matches
2552,Martín Payero,ar ARG,MF,Cremonese,it Serie A,27-253,1998,25,1457,58,43.8,16.2,16,75,5,9,29,4,0.96,17,17,0,0.00,+1.06,Matches
2553,Nicolás Paz,ar ARG,MF,Como,it Serie A,21-256,2004,35,2878,82,86.4,32.0,33,86,22,2,25,0,1.77,49,27,+22,+0.69,-1.50,Matches
2554,Yeferson Paz,co COL,DF,Sassuolo,it Serie A,23-343,2002,0,,,,,0,,0,0,,8,,,,,,,Matches
2555,Myles Peart-Harris,eng ENG,MF,Brentford,eng Premier League,23-246,2002,1,1,1,0.0,0.0,0,,0,1,1,4,3.00,0,0,0,0.00,-0.08,Matches
2556,Jurgen Peci,al ALB,MF,Hellas Verona,it Serie A,19-140,2007,0,,,,,0,,0,0,,1,,,,,,,Matches
2557,Ármin Pécsi,hu HUN,GK,Liverpool,eng Premier League,21-087,2005,0,,,,,0,,0,0,,4,,,,,,,Matches
2558,Mads Pedersen,dk DEN,MF,Augsburg,de Bundesliga,29-263,1996,7,210,30,6.9,2.3,1,61,0,6,25,11,1.14,0,5,-5,-2.14,-1.80,Matches
2559,Marcus Pedersen,no NOR,"MF,DF",Torino,it Serie A,25-310,2000,28,2066,74,62.0,23.0,22,85,15,6,32,4,1.21,30,33,-3,-0.13,+1.01,Matches
2560,Alfonso Pedraza,es ESP,DF,Villarreal,es La Liga,30-043,1996,26,1623,62,48.7,18.0,18,81,10,8,21,9,1.85,34,23,+11,+0.61,+0.03,Matches
2561,Pedri,es ESP,MF,Barcelona,es La Liga,23-178,2002,29,2104,73,63.2,23.4,23,83,11,6,32,0,2.52,60,21,+39,+1.67,+0.05,Matches
2562,Pedro,es ESP,"FW,MF",Lazio,it Serie A,38-298,1987,28,922,33,27.7,10.2,8,63,0,20,21,6,1.46,16,12,+4,+0.39,+0.54,Matches
2563,Zé Pedro Figueiredo,pt POR,DF,Cagliari,it Serie A,28-350,1997,22,1637,74,49.2,18.2,19,83,11,3,19,4,1.05,19,25,-6,-0.33,+0.10,Matches
2564,Adrià Pedrosa,es ESP,"DF,MF",Elche,es La Liga,28-009,1998,25,1074,43,32.3,11.9,8,82,3,17,24,7,1.04,17,27,-10,-0.84,-0.92,Matches
2565,Adrià Pedrosa,es ESP,"DF,MF",Sevilla,es La Liga,28-009,1998,1,6,6,0.2,0.1,0,,0,1,6,1,0.00,0,0,0,0.00,+0.35,Matches
2566,Dženan Pejčinović,de GER,FW,Wolfsburg,de Bundesliga,21-096,2005,30,1460,49,47.7,16.2,16,79,7,14,14,3,0.83,19,37,-18,-1.11,-0.77,Matches
2567,David Pejičić,si SVN,MF,Udinese,it Serie A,18-342,2007,0,,,,,0,,0,0,,1,,,,,,,Matches
2568,Lorenzo Pellegrini,it ITA,MF,Roma,it Serie A,29-337,1996,24,1463,61,43.9,16.3,20,67,2,4,30,3,1.63,22,14,+8,+0.49,-0.38,Matches
2569,Luca Pellegrini,it ITA,DF,Lazio,it Serie A,27-076,1999,23,1388,60,41.7,15.4,16,75,3,7,27,9,1.35,14,17,-3,-0.19,-0.33,Matches
2570,Mateo Pellegrino,ar ARG,FW,Parma,it Serie A,25-082,2001,36,2894,80,86.9,32.2,33,84,20,3,38,0,1.14,23,38,-15,-0.47,+0.36,Matches
2571,Mattia Pellini,,DF,Torino,it Serie A,,,0,,,,,0,,0,0,,5,,,,,,,Matches
2572,Timothee Pembele,fr FRA,"MF,DF",Le Havre,fr Ligue 1,23-255,2002,14,381,27,12.5,4.2,2,53,0,12,23,2,1.07,4,5,-1,-0.24,+0.13,Matches
2573,Faris Pemi Moumbagna,cm CMR,FW,Cremonese,it Serie A,25-325,2000,5,93,19,2.8,1.0,0,,0,5,19,9,0.40,0,1,-1,-0.97,-0.38,Matches
2574,Iñaki Peña,es ESP,GK,Barcelona,es La Liga,27-081,1999,0,,,,,0,,0,0,,2,,,,,,,Matches
2575,Iñaki Peña,es ESP,GK,Elche,es La Liga,27-081,1999,16,1440,90,43.2,16.0,16,90,16,0,,19,0.81,21,28,-7,-0.44,-0.39,Matches
2576,Mike Penders,be BEL,GK,Strasbourg,fr Ligue 1,20-295,2005,33,2970,90,97.1,33.0,33,90,33,0,,0,1.52,57,47,+10,+0.30,-0.70,Matches
2577,Plamen Penev,bg BUL,GK,Lecce,it Serie A,18-030,2008,0,,,,,0,,0,0,,1,,,,,,,Matches
2578,Nicolas Pépé,ci CIV,"MF,FW",Villarreal,es La Liga,30-358,1995,35,2303,66,69.2,25.6,25,82,12,10,26,2,1.89,51,34,+17,+0.66,+0.23,Matches
2579,Kojo Peprah Oppong,gh GHA,DF,Nice,fr Ligue 1,21-352,2004,29,2425,84,79.2,26.9,28,85,23,1,53,3,1.00,32,43,-11,-0.41,+1.29,Matches
2580,Peque,es ESP,"MF,FW",Sevilla,es La Liga,23-230,2002,25,919,37,27.6,10.2,11,66,1,14,14,8,1.28,8,14,-6,-0.59,-0.33,Matches
2581,Sergiu Perciun,md MDA,MF,Torino,it Serie A,20-029,2006,0,,,,,0,,0,0,,5,,,,,,,Matches
2582,Andreas Pereira,br BRA,MF,Fulham,eng Premier League,30-141,1996,0,,,,,0,,0,0,,1,,,,,,,Matches
2583,Everton Pereira,fr FRA,MF,Nice,fr Ligue 1,19-040,2007,3,135,45,4.4,1.5,2,67,0,1,1,3,0.67,2,4,-2,-1.33,-0.69,Matches
2584,Mathias Pereira Lage,pt POR,"MF,FW",St Pauli,de Bundesliga,29-173,1996,28,2018,72,65.9,22.4,25,77,6,3,27,0,0.82,21,37,-16,-0.71,+0.58,Matches
2585,Daniel Peretz,il ISR,GK,Hamburger SV,de Bundesliga,25-316,2000,0,,,,,0,,0,0,,15,,,,,,,Matches
2586,Ángel Pérez,es ESP,"MF,DF",Alavés,es La Liga,23-266,2002,15,1198,80,36.0,13.3,13,88,9,2,30,1,1.20,21,23,-2,-0.15,+0.23,Matches
2587,Ayoze Pérez,es ESP,FW,Villarreal,es La Liga,32-297,1993,24,1050,44,31.5,11.7,11,69,1,13,23,2,1.75,17,19,-2,-0.17,-1.12,Matches
2588,Francisco Perez,es ESP,"MF,FW",Rayo Vallecano,es La Liga,23-255,2002,29,1237,43,37.1,13.7,12,65,0,17,27,5,1.17,14,17,-3,-0.22,-0.18,Matches
2589,Joselu Pérez,es ESP,DF,Getafe,es La Liga,22-071,2004,2,22,11,0.7,0.2,0,,0,2,11,11,0.50,2,1,+1,+4.09,+4.31,Matches
2590,Matías Pérez,cl CHI,DF,Lecce,it Serie A,21-039,2005,1,31,31,0.9,0.3,1,31,0,0,,25,1.00,0,0,0,0.00,+0.63,Matches
2591,Nacho Pérez,es ESP,DF,Levante,es La Liga,17-263,2008,3,148,49,4.4,1.6,1,77,0,2,36,21,1.00,2,1,+1,+0.61,+1.00,Matches
2592,Simone Perilli,it ITA,GK,Hellas Verona,it Serie A,31-135,1995,3,270,90,8.1,3.0,3,90,3,0,,34,0.33,1,7,-6,-2.00,-1.18,Matches
2593,Mattia Perin,it ITA,GK,Juventus,it Serie A,33-193,1992,8,675,84,20.3,7.5,8,84,7,0,,25,1.75,13,7,+6,+0.80,+0.09,Matches
2594,Romain Perraud,fr FRA,DF,Lille,fr Ligue 1,28-242,1997,30,2241,75,73.2,24.9,27,82,14,3,12,2,1.83,43,26,+17,+0.68,+0.90,Matches
2595,Lucas Perri,br BRA,GK,Leeds United,eng Premier League,28-163,1997,16,1440,90,43.2,16.0,16,90,16,0,,17,1.13,23,29,-6,-0.37,-0.47,Matches
2596,Gaëtan Perrin,fr FRA,"MF,FW",Lille,fr Ligue 1,29-349,1996,12,338,28,11.0,3.8,3,72,0,9,13,0,1.92,5,1,+4,+1.07,+0.70,Matches
2597,Máximo Perrone,ar ARG,MF,Como,it Serie A,23-135,2003,35,2652,76,79.6,29.5,32,80,20,3,32,1,1.86,49,20,+29,+0.98,+0.45,Matches
2598,Pavao Pervan,at AUT,GK,Wolfsburg,de Bundesliga,38-190,1987,0,,,,,0,,0,0,,14,,,,,,,Matches
2599,Massimo Pessina,it ITA,GK,Bologna,it Serie A,18-148,2007,4,353,88,10.6,3.9,3,90,3,1,83,32,2.50,7,2,+5,+1.27,+1.34,Matches
2600,Prosper Peter,ng NGA,FW,Angers,fr Ligue 1,18-286,2007,29,1273,44,41.6,14.1,14,70,5,15,19,1,1.07,12,28,-16,-1.13,-0.98,Matches
2601,Alvin Petit Dol,fr FRA,FW,Auxerre,fr Ligue 1,19-196,2006,0,,,,,0,,0,0,,8,,,,,,,Matches
2602,Léo Pétrot,fr FRA,DF,Elche,es La Liga,29-037,1997,31,1571,51,47.2,17.5,18,79,10,13,11,5,1.23,19,26,-7,-0.40,-0.35,Matches
2603,Đorđe Petrović,rs SRB,GK,Bournemouth,eng Premier League,26-226,1999,37,3330,90,100.0,37.0,37,90,37,0,,0,1.51,57,53,+4,+0.11,,Matches
2604,Giuseppe Pezzella,it ITA,"MF,DF",Cremonese,it Serie A,28-174,1997,30,2495,83,74.9,27.7,29,85,22,1,34,0,0.87,24,43,-19,-0.69,-0.36,Matches
2605,Immanuel Pherai,sr SUR,"FW,MF",Hamburger SV,de Bundesliga,25-027,2001,6,35,6,1.1,0.4,0,,0,6,6,4,0.33,0,0,0,0.00,+0.42,Matches
2606,Luca Philipp,de GER,GK,Hoffenheim,de Bundesliga,25-175,2000,0,,,,,0,,0,0,,34,,,,,,,Matches
2607,Maximilian Philipp,de GER,"FW,MF",Freiburg,de Bundesliga,32-082,1994,2,29,15,0.9,0.3,0,,0,2,15,7,1.50,0,1,-1,-3.10,-2.95,Matches
2608,Rayan Philippe,fr FRA,"FW,MF",Hamburger SV,de Bundesliga,25-211,2000,28,1285,46,42.0,14.3,13,73,1,15,22,4,1.00,15,17,-2,-0.14,+0.47,Matches
2609,Gabriele Piccinini,it ITA,MF,Pisa,it Serie A,25-046,2001,24,846,35,25.4,9.4,5,77,1,19,24,13,0.42,6,20,-14,-1.49,-0.40,Matches
2610,Roberto Piccoli,it ITA,FW,Fiorentina,it Serie A,25-115,2001,31,1582,51,47.5,17.6,15,83,9,16,21,3,1.23,21,19,+2,+0.11,+0.68,Matches
2611,Charles Pickel,cd COD,MF,Espanyol,es La Liga,29-007,1997,24,707,29,21.2,7.9,4,64,1,20,23,6,1.25,7,12,-5,-0.64,-0.40,Matches
2612,Jordan Pickford,eng ENG,GK,Everton,eng Premier League,32-076,1994,37,3330,90,100.0,37.0,37,90,37,0,,0,1.32,47,49,-2,-0.05,,Matches
2613,Amos Pieper,de GER,DF,Werder Bremen,de Bundesliga,28-125,1998,19,1502,79,49.1,16.7,19,79,15,0,,3,0.79,18,29,-11,-0.66,+0.03,Matches
2614,Juan Piera,es ESP,FW,Elche,es La Liga,21-214,2004,0,,,,,0,,0,0,,3,,,,,,,Matches
2615,Edoardo Pieragnolo,it ITA,"DF,MF",Sassuolo,it Serie A,23-139,2003,0,,,,,0,,0,0,,5,,,,,,,Matches
2616,Marvin Pieringer,de GER,"FW,MF",Heidenheim,de Bundesliga,26-230,1999,27,1650,61,53.9,18.3,20,75,5,7,21,0,0.85,28,38,-10,-0.55,+0.79,Matches
2617,Nicholas Pierini,it ITA,"FW,MF",Sassuolo,it Serie A,27-289,1998,11,142,13,4.3,1.6,0,,0,11,13,11,1.27,1,0,+1,+0.63,+0.75,Matches
2618,Santiago Pierotti,ar ARG,"MF,FW",Lecce,it Serie A,25-049,2001,36,2518,70,75.6,28.0,30,78,6,6,31,0,0.94,21,34,-13,-0.46,+0.64,Matches
2619,Balthazar Pierret,fr FRA,MF,Lecce,it Serie A,26-007,2000,3,27,9,0.8,0.3,0,,0,3,9,1,0.67,0,0,0,0.00,+0.63,Matches
2620,Oliver Pimlott,eng ENG,MF,Burnley,eng Premier League,19-045,2007,0,,,,,0,,0,0,,2,,,,,,,Matches
2621,Andrea Pinamonti,it ITA,FW,Sassuolo,it Serie A,27-003,1999,35,2462,70,73.9,27.4,31,77,5,4,18,0,1.40,35,38,-3,-0.11,-0.11,Matches
2622,Thiago Pinar,es ESP,MF,Real Madrid,es La Liga,18-292,2007,9,502,56,15.1,5.6,7,66,0,2,20,11,1.78,8,4,+4,+0.72,-0.43,Matches
2623,Pietro Pinelli,it ITA,MF,Lazio,it Serie A,20-093,2006,0,,,,,0,,0,0,,3,,,,,,,Matches
2624,Lander Pinillos,es ESP,MF,Alavés,es La Liga,22-228,2003,1,2,2,0.1,0.0,0,,0,1,2,7,0.00,0,0,0,0.00,+0.30,Matches
2625,Ethan Pinnock,jm JAM,DF,Brentford,eng Premier League,32-358,1993,4,318,80,9.5,3.5,4,80,1,0,,31,0.50,2,5,-3,-0.85,-1.03,Matches
2626,Yeremi Pino,es ESP,MF,Villarreal,es La Liga,23-214,2002,2,159,80,4.8,1.8,2,80,1,0,,0,3.00,7,0,+7,+3.96,+3.54,Matches
2627,Yeremi Pino,es ESP,"MF,FW",Crystal Palace,eng Premier League,23-214,2002,33,2035,62,61.1,22.6,26,73,4,7,20,2,1.18,19,27,-8,-0.35,-0.28,Matches
2628,Carlo Pinsoglio,it ITA,GK,Juventus,it Serie A,36-067,1990,0,,,,,0,,0,0,,25,,,,,,,Matches
2629,Nicola Pintus,it ITA,DF,Cagliari,it Serie A,20-362,2005,0,,,,,0,,0,0,,11,,,,,,,Matches
2630,Jakub Piotrowski,pl POL,MF,Udinese,it Serie A,28-230,1997,32,1643,51,49.3,18.3,19,71,4,13,23,2,1.38,21,22,-1,-0.05,0.00,Matches
2631,Joël Piroe,sr SUR,FW,Leeds United,eng Premier League,26-293,1999,15,245,16,7.4,2.7,2,67,0,13,9,21,1.00,4,7,-3,-1.10,-1.07,Matches
2632,Antonio Pirrò,it ITA,MF,Fiorentina,it Serie A,18-114,2008,0,,,,,0,,0,0,,1,,,,,,,Matches
2633,Niccolò Pisilli,it ITA,MF,Roma,it Serie A,21-241,2004,24,1250,52,37.5,13.9,12,84,9,12,20,13,1.92,29,16,+13,+0.94,+0.37,Matches
2634,Matteo Pittarella,it ITA,GK,Milan,it Serie A,17-361,2008,0,,,,,0,,0,0,,23,,,,,,,Matches
2635,Damián Pizarro,cl CHI,FW,Le Havre,fr Ligue 1,21-055,2005,2,28,14,0.9,0.3,0,,0,2,14,3,1.00,1,0,+1,+3.21,+3.60,Matches
2636,Elia Plicco,it ITA,MF,Parma,it Serie A,19-110,2007,0,,,,,0,,0,0,,9,,,,,,,Matches
2637,Tommaso Pobega,it ITA,MF,Bologna,it Serie A,26-311,1999,25,1369,55,41.1,15.2,16,76,7,9,18,8,1.72,20,19,+1,+0.07,-0.03,Matches
2638,Paul Pogba,fr FRA,MF,Monaco,fr Ligue 1,33-068,1993,6,119,20,3.9,1.3,1,57,0,5,12,3,1.17,1,3,-2,-1.51,-1.76,Matches
2639,Ernest Poku,nl NED,MF,Leverkusen,de Bundesliga,22-114,2004,29,1482,51,48.4,16.5,16,73,2,13,25,4,1.69,33,19,+14,+0.85,+0.45,Matches
2640,Matteo Politano,it ITA,"MF,FW",Napoli,it Serie A,32-292,1993,33,2121,64,63.7,23.6,25,78,5,8,23,0,1.94,37,23,+14,+0.59,+0.07,Matches
2641,Oumar Pona,fr FRA,GK,Angers,fr Ligue 1,19-335,2006,2,180,90,5.9,2.0,2,90,2,0,,11,0.00,1,7,-6,-3.00,-2.59,Matches
2642,Alfie Pond,eng ENG,DF,Wolves,eng Premier League,22-082,2004,0,,,,,0,,0,0,,1,,,,,,,Matches
2643,Marin Pongračić,hr CRO,DF,Fiorentina,it Serie A,28-253,1997,34,2894,85,86.9,32.2,33,87,29,1,20,1,1.18,38,40,-2,-0.06,+1.38,Matches
2644,Mihai Popa,ro ROU,GK,Torino,it Serie A,25-222,2000,0,,,,,0,,0,0,,21,,,,,,,Matches
2645,Nick Pope,eng ENG,GK,Newcastle United,eng Premier League,34-033,1992,26,2326,89,69.8,25.8,26,89,25,0,,6,1.35,37,36,+1,+0.04,+0.13,Matches
2646,Andrej Popović,rs SRB,DF,Hellas Verona,it Serie A,20-027,2006,0,,,,,0,,0,0,,1,,,,,,,Matches
2647,Pedro Porro,es ESP,DF,Tottenham Hotspur,eng Premier League,26-251,1999,33,2706,82,81.3,30.1,31,86,25,2,21,0,1.12,39,40,-1,-0.03,+1.26,Matches
2648,Portu,es ESP,"FW,MF",Girona,es La Liga,34-001,1992,10,474,47,14.2,5.3,4,64,0,6,36,2,0.70,6,11,-5,-0.95,-0.60,Matches
2649,Stefan Posch,at AUT,DF,Bologna,it Serie A,29-008,1997,0,,,,,0,,0,0,,2,,,,,,,Matches
2650,Stefan Posch,at AUT,DF,Como,it Serie A,29-008,1997,14,393,28,11.8,4.4,3,71,1,11,16,5,2.00,8,3,+5,+1.15,+0.29,Matches
2651,Stefan Posch,at AUT,DF,Mainz 05,de Bundesliga,29-008,1997,16,1395,87,45.6,15.5,16,87,15,0,,0,1.75,26,22,+4,+0.26,+0.96,Matches
2652,Freddie Potts,eng ENG,MF,West Ham United,eng Premier League,22-252,2003,22,1171,53,35.2,13.0,12,77,4,10,25,10,1.09,17,25,-8,-0.61,-0.03,Matches
2653,Kacper Potulski,pl POL,DF,Mainz 05,de Bundesliga,18-215,2007,15,1065,71,34.8,11.8,9,88,8,6,45,9,1.67,14,17,-3,-0.25,+0.02,Matches
2654,Yussuf Poulsen,dk DEN,FW,Hamburger SV,de Bundesliga,31-341,1994,15,334,22,10.9,3.7,1,61,0,14,20,1,1.27,4,6,-2,-0.54,-0.14,Matches
2655,Beñat Prados,es ESP,MF,Athletic Club,es La Liga,25-103,2001,2,85,43,2.6,0.9,1,61,0,1,24,0,3.00,1,0,+1,+1.06,+1.45,Matches
2656,Alexander Prass,at AUT,MF,Hoffenheim,de Bundesliga,24-361,2001,32,1308,41,42.7,14.5,12,80,4,20,18,2,1.88,25,25,0,0.00,-0.67,Matches
2657,Matteo Prati,it ITA,MF,Torino,it Serie A,22-145,2003,12,592,49,17.8,6.6,7,66,0,5,26,2,1.50,6,10,-4,-0.61,-0.12,Matches
2658,Matteo Prati,it ITA,MF,Cagliari,it Serie A,22-145,2003,20,1268,63,38.1,14.1,15,74,5,5,30,2,1.05,13,20,-7,-0.50,-0.19,Matches
2659,Abdón Prats,es ESP,FW,Mallorca,es La Liga,33-166,1992,14,137,10,4.1,1.5,0,,0,14,10,21,1.21,3,2,+1,+0.66,+1.05,Matches
2660,Leonard Prescott,de GER,GK,Bayern Munich,de Bundesliga,16-241,2009,0,,,,,0,,0,0,,2,,,,,,,Matches
2661,David Preu,de GER,MF,Union Berlin,de Bundesliga,21-208,2004,0,,,,,0,,0,0,,14,,,,,,,Matches
2662,Alejandro Primo,es ESP,GK,Levante,es La Liga,21-316,2004,0,,,,,0,,0,0,,19,,,,,,,Matches
2663,Vincenzo Prisco,it ITA,MF,Napoli,it Serie A,17-288,2008,0,,,,,0,,0,0,,6,,,,,,,Matches
2664,Sam Proctor,eng ENG,GK,Aston Villa,eng Premier League,19-152,2006,0,,,,,0,,0,0,,4,,,,,,,Matches
2665,Grischa Prömel,de GER,MF,Hoffenheim,de Bundesliga,31-133,1995,33,1758,53,57.5,19.5,16,86,11,17,22,0,1.82,36,33,+3,+0.15,-0.54,Matches
2666,Killian Prouchet,fr FRA,DF,Paris FC,fr Ligue 1,21-119,2005,0,,,,,0,,0,0,,2,,,,,,,Matches
2667,Ivan Provedel,it ITA,GK,Lazio,it Serie A,32-066,1994,27,2430,90,73.0,27.0,27,90,27,0,,0,1.26,26,27,-1,-0.04,-0.14,Matches
2668,Adrian Przyborek,pl POL,MF,Lazio,it Serie A,19-141,2007,0,,,,,0,,0,0,,14,,,,,,,Matches
2669,Javi Puado,es ESP,"MF,FW",Espanyol,es La Liga,27-362,1998,10,674,67,20.2,7.5,8,83,3,2,7,0,1.30,10,13,-3,-0.40,-0.10,Matches
2670,Marc Pubill,es ESP,DF,Atlético Madrid,es La Liga,22-336,2003,18,1336,74,40.1,14.8,14,88,13,4,25,16,2.11,25,12,+13,+0.88,+0.47,Matches
2671,Cameron Puertas,ch SUI,MF,Werder Bremen,de Bundesliga,27-277,1998,28,1846,66,60.3,20.5,22,80,10,6,15,3,1.04,24,30,-6,-0.29,+0.97,Matches
2672,Christian Pulisic,us USA,FW,Milan,it Serie A,27-246,1998,29,1564,54,47.0,17.4,18,75,4,11,19,1,1.83,24,13,+11,+0.63,+0.23,Matches
2673,Aleksa Puric,rs SRB,DF,Atlético Madrid,es La Liga,22-319,2003,1,1,1,0.0,0.0,0,,0,1,1,6,3.00,0,0,0,0.00,-0.59,Matches
2674,Giorgio Puzzoli,it ITA,FW,Fiorentina,it Serie A,20-087,2006,0,,,,,0,,0,0,,3,,,,,,,Matches
2675,Arkadiusz Pyrka,pl POL,MF,St Pauli,de Bundesliga,23-244,2002,31,2576,83,84.2,28.6,30,86,23,1,9,2,0.84,24,50,-26,-0.91,+0.02,Matches
2676,Jarell Quansah,eng ENG,DF,Leverkusen,de Bundesliga,23-113,2003,28,2299,82,75.1,25.5,25,88,21,3,31,2,1.57,44,34,+10,+0.39,-0.91,Matches
2677,Leopold Querfeld,at AUT,DF,Union Berlin,de Bundesliga,22-153,2003,31,2705,87,88.4,30.1,30,90,30,1,5,2,1.03,35,55,-20,-0.67,-2.19,Matches
2678,Kenny Quetant,fr FRA,FW,Le Havre,fr Ligue 1,19-309,2006,9,372,41,12.2,4.1,4,72,0,5,17,2,0.67,3,2,+1,+0.24,+0.68,Matches
2679,Matheo Raab,de GER,GK,Union Berlin,de Bundesliga,27-155,1998,1,90,90,2.9,1.0,1,90,1,0,,24,3.00,1,0,+1,+1.00,+1.45,Matches
2680,Dani Raba,es ESP,FW,Valencia,es La Liga,30-205,1995,13,270,21,8.1,3.0,3,51,0,10,12,22,1.23,5,4,+1,+0.33,+0.69,Matches
2681,Adrien Rabiot,fr FRA,MF,Marseille,fr Ligue 1,31-049,1995,1,90,90,2.9,1.0,1,90,1,0,,0,0.00,0,1,-1,-1.00,-1.58,Matches
2682,Adrien Rabiot,fr FRA,MF,Milan,it Serie A,31-049,1995,28,2460,88,73.9,27.3,27,90,26,1,31,0,2.04,40,23,+17,+0.62,+0.42,Matches
2683,Uroš Radaković,rs SRB,DF,Nantes,fr Ligue 1,32-052,1994,6,101,17,3.4,1.1,1,65,0,5,7,16,0.67,1,1,0,0.00,+0.72,Matches
2684,Ionuț Radu,ro ROU,GK,Celta Vigo,es La Liga,28-359,1997,37,3330,90,100.0,37.0,37,90,37,0,,0,1.38,52,48,+4,+0.11,,Matches
2685,Riccardo Radu,ro ROU,GK,Juventus,it Serie A,18-288,2007,0,,,,,0,,0,0,,1,,,,,,,Matches
2686,Boris Radunović,rs SRB,GK,Cagliari,it Serie A,29-361,1996,0,,,,,0,,0,0,,9,,,,,,,Matches
2687,Rafa,es ESP,GK,Sevilla,es La Liga,22-288,2003,0,,,,,0,,0,0,,3,,,,,,,Matches
2688,Hamza Rafia,tn TUN,MF,Lecce,it Serie A,27-050,1999,0,,,,,0,,0,0,,1,,,,,,,Matches
2689,Ugo Raghouber,fr FRA,MF,Levante,es La Liga,22-313,2003,15,693,46,20.8,7.7,8,71,2,7,18,2,1.60,7,9,-2,-0.26,+0.12,Matches
2690,Ugo Raghouber,fr FRA,MF,Lille,fr Ligue 1,22-313,2003,1,3,3,0.1,0.0,0,,0,1,3,8,3.00,2,0,+2,+60.00,+59.62,Matches
2691,Antonio Raillo,es ESP,DF,Mallorca,es La Liga,34-226,1991,23,2032,88,61.0,22.6,23,88,22,0,,6,0.96,24,32,-8,-0.35,-0.01,Matches
2692,Jesurun Rak Sakyi,eng ENG,"FW,MF",Crystal Palace,eng Premier League,23-229,2002,0,,,,,0,,0,0,,1,,,,,,,Matches
2693,Ylber Ramadani,al ALB,MF,Lecce,it Serie A,30-040,1996,36,3115,87,93.5,34.6,36,87,25,0,,0,0.97,26,45,-19,-0.55,+1.13,Matches
2694,Diant Ramaj,de GER,GK,Heidenheim,de Bundesliga,24-245,2001,31,2790,90,91.2,31.0,31,90,31,0,,2,0.74,38,67,-29,-0.94,-0.27,Matches
2695,Largie Ramazani,be BEL,"FW,MF",Leeds United,eng Premier League,25-084,2001,0,,,,,0,,0,0,,1,,,,,,,Matches
2696,Largie Ramazani,be BEL,"MF,FW",Valencia,es La Liga,25-084,2001,26,1195,46,35.9,13.3,11,84,4,15,18,3,1.35,22,19,+3,+0.23,+0.82,Matches
2697,Jacobo Ramón,es ESP,DF,Como,it Serie A,21-136,2005,31,2652,86,79.6,29.5,29,88,27,2,45,1,1.81,49,23,+26,+0.88,-0.05,Matches
2698,Pablo Ramon,es ESP,DF,Espanyol,es La Liga,24-326,2001,0,,,,,0,,0,0,,2,,,,,,,Matches
2699,Gonçalo Ramos,pt POR,FW,Paris Saint-Germain,fr Ligue 1,24-336,2001,30,1318,44,43.1,14.6,13,77,5,17,19,3,2.20,31,13,+18,+1.23,-0.17,Matches
2700,Guilherme Ramos,pt POR,DF,Hamburger SV,de Bundesliga,28-284,1997,8,48,6,1.6,0.5,0,,0,8,6,5,0.75,2,1,+1,+1.87,+2.32,Matches
2701,Calvin Ramsay,sct SCO,DF,Liverpool,eng Premier League,22-295,2003,0,,,,,0,,0,0,,17,,,,,,,Matches
2702,Aaron Ramsdale,eng ENG,GK,Newcastle United,eng Premier League,28-008,1998,12,1004,84,30.2,11.2,11,90,11,1,14,25,1.17,16,17,-1,-0.09,-0.13,Matches
2703,Aaron Ramsey,eng ENG,MF,Burnley,eng Premier League,23-121,2003,0,,,,,0,,0,0,,3,,,,,,,Matches
2704,Jacob Ramsey,eng ENG,MF,Newcastle United,eng Premier League,24-359,2001,27,1360,50,40.8,15.1,14,75,6,13,24,5,1.22,24,27,-3,-0.20,-0.34,Matches
2705,Luca Ranieri,it ITA,DF,Fiorentina,it Serie A,27-029,1999,34,2458,72,73.8,27.3,29,83,19,5,12,2,1.21,28,34,-6,-0.22,+0.09,Matches
2706,Grant Ranos,am ARM,FW,Gladbach,de Bundesliga,22-306,2003,8,119,15,3.9,1.3,0,,0,8,15,5,0.63,3,2,+1,+0.76,+1.12,Matches
2707,Lilian Raolisoa,fr FRA,"MF,DF",Angers,fr Ligue 1,25-340,2000,32,1966,61,64.2,21.8,21,81,8,11,24,0,1.13,18,31,-13,-0.60,-0.10,Matches
2708,Raphinha,br BRA,"MF,FW",Barcelona,es La Liga,29-159,1996,22,1380,63,41.4,15.3,18,71,4,4,28,2,2.77,43,9,+34,+2.22,+0.97,Matches
2709,Marcus Rashford,eng ENG,"MF,FW",Barcelona,es La Liga,28-203,1997,31,1673,54,50.2,18.6,17,75,5,14,29,4,2.55,43,22,+21,+1.13,-1.04,Matches
2710,Mathias Rasmussen,no NOR,MF,St Pauli,de Bundesliga,28-178,1997,13,694,53,22.7,7.7,8,83,5,5,6,1,0.69,8,17,-9,-1.17,-0.33,Matches
2711,Giacomo Raspadori,it ITA,MF,Atalanta,it Serie A,26-093,2000,12,706,59,21.2,7.8,6,83,4,6,34,1,1.75,15,7,+8,+1.02,+0.78,Matches
2712,Giacomo Raspadori,it ITA,FW,Atlético Madrid,es La Liga,26-093,2000,12,236,20,7.1,2.6,1,61,0,11,16,7,1.83,5,4,+1,+0.38,-0.23,Matches
2713,Othniel Raterink,nl NED,DF,Cagliari,it Serie A,20-045,2006,1,7,7,0.2,0.1,0,,0,1,7,11,0.00,0,0,0,0.00,+0.38,Matches
2714,Andrei Ratiu,ro ROU,DF,Rayo Vallecano,es La Liga,27-336,1998,34,2804,82,84.2,31.2,31,88,30,3,22,0,1.38,35,31,+4,+0.13,+1.50,Matches
2715,Petar Ratkov,rs SRB,FW,Lazio,it Serie A,22-277,2003,8,233,29,7.0,2.6,2,49,0,6,23,10,1.00,2,5,-3,-1.16,-1.25,Matches
2716,Raúl,es ESP,FW,Osasuna,es La Liga,25-200,2000,35,951,27,28.6,10.6,5,84,4,30,18,1,1.11,17,19,-2,-0.19,-0.08,Matches
2717,David Raum,de GER,DF,RB Leipzig,de Bundesliga,28-030,1998,30,2553,85,83.4,28.4,29,88,25,1,12,1,2.03,57,34,+23,+0.81,+1.52,Matches
2718,Federico Ravaglia,it ITA,GK,Bologna,it Serie A,26-192,1999,17,1470,86,44.1,16.3,16,90,16,1,30,19,0.88,16,29,-13,-0.80,-1.57,Matches
2719,Luke Rawlings,eng ENG,MF,Wolves,eng Premier League,18-048,2008,0,,,,,0,,0,0,,5,,,,,,,Matches
2720,David Raya,es ESP,GK,Arsenal,eng Premier League,30-249,1995,37,3330,90,100.0,37.0,37,90,37,0,,0,2.22,69,26,+43,+1.16,,Matches
2721,Rayan,br BRA,MF,Bournemouth,eng Premier League,19-292,2006,14,1039,74,31.2,11.5,12,83,2,2,24,0,1.86,15,9,+6,+0.52,+0.60,Matches
2722,Abde Rebbach,dz ALG,"MF,DF",Alavés,es La Liga,27-284,1998,29,1406,48,42.2,15.6,14,75,6,15,24,7,1.17,20,19,+1,+0.06,+0.63,Matches
2723,Federico Redondo,ar ARG,MF,Elche,es La Liga,23-124,2003,11,179,16,5.4,2.0,1,63,0,10,12,22,1.17,3,6,-3,-1.51,-1.37,Matches
2724,Harrison Reed,eng ENG,MF,Fulham,eng Premier League,31-115,1995,7,94,13,2.8,1.0,1,63,0,6,5,21,1.57,2,4,-2,-1.91,-1.80,Matches
2725,Remy Rees-Dottin,eng ENG,FW,Bournemouth,eng Premier League,20-077,2006,0,,,,,0,,0,0,,7,,,,,,,Matches
2726,Luca Reggiani,it ITA,DF,Dortmund,de Bundesliga,18-133,2008,8,511,64,16.7,5.7,6,78,3,2,23,5,2.38,9,7,+2,+0.35,-0.85,Matches
2727,Alejandro Rego,es ESP,MF,Athletic Club,es La Liga,22-345,2003,28,1248,45,37.5,13.9,11,76,5,17,24,7,1.36,19,22,-3,-0.22,+0.22,Matches
2728,Tijjani Reijnders,nl NED,MF,Manchester City,eng Premier League,27-297,1998,27,1555,58,46.7,17.3,18,78,6,9,18,10,2.00,31,15,+16,+0.93,-0.44,Matches
2729,Alberto Reina,es ESP,MF,Oviedo,es La Liga,28-255,1997,36,2372,66,71.2,26.4,30,75,8,6,22,0,0.81,21,40,-19,-0.72,+0.41,Matches
2730,Vitor Reis,br BRA,DF,Girona,es La Liga,20-130,2006,35,3048,87,91.5,33.9,34,89,33,1,33,0,1.03,33,47,-14,-0.41,+0.22,Matches
2731,Rocco Reitz,de GER,MF,Gladbach,de Bundesliga,23-358,2002,31,2627,85,85.8,29.2,31,85,19,0,,0,1.03,27,46,-19,-0.65,-2.31,Matches
2732,Nicolai Remberg,de GER,MF,Hamburger SV,de Bundesliga,25-337,2000,32,2880,90,94.1,32.0,32,90,32,0,,0,1.16,38,49,-11,-0.34,+1.16,Matches
2733,Álex Remiro,es ESP,GK,Real Sociedad,es La Liga,31-059,1995,37,3330,90,100.0,37.0,37,90,37,0,,0,1.22,58,60,-2,-0.05,,Matches
2734,Devyne Rensch,nl NED,MF,Roma,it Serie A,23-124,2003,23,1094,48,32.9,12.2,11,78,4,12,20,12,2.04,19,15,+4,+0.33,-0.56,Matches
2735,Guillaume Restes,fr FRA,GK,Toulouse,fr Ligue 1,21-072,2005,33,2939,89,99.0,32.7,33,89,32,0,,0,1.29,46,45,+1,+0.03,+0.03,Matches
2736,Elvis Rexhbeçaj,xk KVX,MF,Augsburg,de Bundesliga,28-202,1997,26,1118,43,36.5,12.4,10,71,3,16,26,2,1.31,20,21,-1,-0.08,+0.61,Matches
2737,Oriol Rey,es ESP,MF,Levante,es La Liga,28-086,1998,19,1274,67,38.3,14.2,14,84,9,5,20,12,1.15,23,24,-1,-0.07,+0.45,Matches
2738,Gio Reyna,us USA,MF,Gladbach,de Bundesliga,23-190,2002,19,520,27,17.0,5.8,4,65,0,15,17,6,1.42,9,11,-2,-0.35,-0.03,Matches
2739,Chadi Riad,ma MAR,DF,Crystal Palace,eng Premier League,22-339,2003,8,462,58,13.9,5.1,5,74,1,3,31,8,1.00,7,6,+1,+0.19,+0.51,Matches
2740,Cesc Riba,es ESP,MF,Mallorca,es La Liga,19-312,2006,0,,,,,0,,0,0,,5,,,,,,,Matches
2741,Alexsandro Ribeiro,br BRA,DF,Lille,fr Ligue 1,26-286,1999,9,509,57,16.6,5.7,7,72,5,2,2,11,2.00,12,5,+7,+1.24,+0.96,Matches
2742,Rodrigo Ribeiro,pt POR,FW,Augsburg,de Bundesliga,21-024,2005,14,636,45,20.8,7.1,6,71,0,8,26,3,1.50,6,13,-7,-0.99,-0.66,Matches
2743,Samuele Ricci,it ITA,MF,Milan,it Serie A,24-274,2001,31,1312,42,39.4,14.6,11,79,6,20,22,6,2.10,20,17,+3,+0.21,-0.51,Matches
2744,Declan Rice,eng ENG,MF,Arsenal,eng Premier League,27-128,1999,36,3094,86,92.9,34.4,35,88,29,1,23,0,2.19,62,25,+37,+1.08,-1.21,Matches
2745,Chris Richards,us USA,DF,Crystal Palace,eng Premier League,26-055,2000,33,2827,86,84.9,31.4,31,90,30,2,23,1,1.30,37,42,-5,-0.16,+0.56,Matches
2746,Amir Richardson,ma MAR,MF,Fiorentina,it Serie A,24-118,2002,2,42,21,1.3,0.5,0,,0,2,21,12,0.00,1,1,0,0.00,+0.25,Matches
2747,Richarlison,br BRA,"FW,MF",Tottenham Hotspur,eng Premier League,29-012,1997,31,1892,61,56.8,21.0,19,84,12,12,25,1,1.13,28,27,+1,+0.05,+0.74,Matches
2748,Diego Rico,es ESP,DF,Getafe,es La Liga,33-088,1993,28,1758,63,52.8,19.5,18,86,15,10,21,8,1.41,17,23,-6,-0.31,-0.25,Matches
2749,Seth Ridgeon,eng ENG,MF,Fulham,eng Premier League,17-252,2008,0,,,,,0,,0,0,,5,,,,,,,Matches
2750,Clemens Riedel,de GER,DF,Espanyol,es La Liga,22-307,2003,20,1396,70,41.9,15.5,16,82,11,4,20,13,1.20,21,22,-1,-0.06,+0.45,Matches
2751,Fabian Rieder,ch SUI,MF,Augsburg,de Bundesliga,24-095,2002,32,2343,73,76.6,26.0,28,82,16,4,13,0,1.25,36,53,-17,-0.65,-0.78,Matches
2752,Fabian Rieder,ch SUI,MF,Rennes,fr Ligue 1,24-095,2002,3,133,44,4.3,1.5,2,63,0,1,8,0,1.33,0,2,-2,-1.35,-1.69,Matches
2753,Lasse Rieß,de GER,GK,Mainz 05,de Bundesliga,24-299,2001,4,292,73,9.5,3.2,3,90,3,1,22,26,0.00,3,12,-9,-2.77,-2.77,Matches
2754,Chris Rigg,eng ENG,MF,Sunderland,eng Premier League,18-338,2007,17,760,45,22.8,8.4,11,65,2,6,7,18,1.71,10,11,-1,-0.12,+0.09,Matches
2755,Filippo Rinaldi,it ITA,GK,Parma,it Serie A,23-169,2002,1,90,90,2.7,1.0,1,90,1,0,,35,1.00,0,0,0,0.00,+0.53,Matches
2756,Hugo Rincón,es ESP,DF,Girona,es La Liga,23-115,2003,32,1717,54,51.6,19.1,16,83,9,16,24,5,1.00,22,28,-6,-0.31,+0.24,Matches
2757,Luis Rioja,es ESP,MF,Valencia,es La Liga,32-218,1993,36,2534,70,76.1,28.2,30,79,12,6,29,0,1.28,32,37,-5,-0.18,+0.50,Matches
2758,Rémy Riou,fr FRA,GK,Paris FC,fr Ligue 1,38-289,1987,0,,,,,0,,0,0,,2,,,,,,,Matches
2759,Adrian Riquelme,es ESP,MF,Getafe,es La Liga,20-084,2006,0,,,,,0,,0,0,,16,,,,,,,Matches
2760,Rodrigo Riquelme,es ESP,MF,Real Betis,es La Liga,26-050,2000,25,821,33,24.7,9.1,7,65,0,18,20,10,1.72,8,11,-3,-0.33,-0.80,Matches
2761,Alberto Risco,es ESP,MF,Getafe,es La Liga,20-265,2005,0,,,,,0,,0,0,,3,,,,,,,Matches
2762,Robin Risser,fr FRA,GK,Lens,fr Ligue 1,21-171,2004,33,2970,90,97.1,33.0,33,90,33,0,,1,2.03,62,35,+27,+0.82,-3.18,Matches
2763,Mihailo Ristić,rs SRB,"MF,DF",Celta Vigo,es La Liga,30-203,1995,5,253,51,7.6,2.8,4,63,0,1,2,19,1.60,3,5,-2,-0.71,-0.89,Matches
2764,Lars Ritzka,de GER,"MF,DF",St Pauli,de Bundesliga,28-015,1998,21,966,46,31.6,10.7,12,66,0,9,20,13,0.71,6,21,-15,-1.40,-0.71,Matches
2765,Niccolò Rizzo,it ITA,DF,Juventus,it Serie A,18-307,2007,0,,,,,0,,0,0,,1,,,,,,,Matches
2766,Jannik Robatsch,at AUT,DF,St Pauli,de Bundesliga,21-145,2004,0,,,,,0,,0,0,,19,,,,,,,Matches
2767,Sergi Roberto,es ESP,MF,Como,it Serie A,34-104,1992,19,536,28,16.1,6.0,5,55,0,14,19,6,1.89,8,7,+1,+0.17,-0.86,Matches
2768,Patrick Roberts,eng ENG,"FW,MF",Sunderland,eng Premier League,29-106,1997,1,28,28,0.8,0.3,0,,0,1,28,2,0.00,0,1,-1,-3.21,-3.05,Matches
2769,Andrew Robertson,sct SCO,DF,Liverpool,eng Premier League,32-072,1994,23,1094,48,32.9,12.2,10,80,4,13,23,14,1.61,21,15,+6,+0.49,+0.33,Matches
2770,Antonee Robinson,us USA,"DF,MF",Fulham,eng Premier League,28-287,1997,21,1402,67,42.1,15.6,16,82,11,5,17,5,1.29,11,19,-8,-0.51,-0.61,Matches
2771,Joel Roca,es ESP,"MF,FW",Girona,es La Liga,20-349,2005,31,1407,45,42.3,15.6,15,71,5,16,22,2,1.06,16,25,-9,-0.58,-0.25,Matches
2772,Marc Roca,es ESP,MF,Real Betis,es La Liga,29-177,1996,28,1936,69,58.1,21.5,22,82,16,6,24,6,1.64,34,29,+5,+0.23,-0.09,Matches
2773,Ryan Rodin,fr FRA,MF,Auxerre,fr Ligue 1,20-081,2006,3,26,9,0.8,0.3,0,,0,3,9,4,0.00,0,1,-1,-3.46,-3.19,Matches
2774,Kaden Rodney,eng ENG,"DF,MF",Crystal Palace,eng Premier League,21-227,2004,1,4,4,0.1,0.0,0,,0,1,4,10,0.00,0,0,0,0.00,+0.24,Matches
2775,Joe Rodon,wls WAL,DF,Leeds United,eng Premier League,28-212,1997,34,2861,84,85.9,31.8,32,88,29,2,23,0,1.24,42,49,-7,-0.22,-0.80,Matches
2776,Rodri,es ESP,MF,Manchester City,eng Premier League,29-334,1996,21,1511,72,45.4,16.8,17,84,12,4,22,1,1.81,28,15,+13,+0.77,-0.71,Matches
2777,Alejandro Rodriguez,pt POR,FW,Lyon,fr Ligue 1,18-073,2008,0,,,,,0,,0,0,,14,,,,,,,Matches
2778,Álvaro Rodríguez,uy URU,FW,Elche,es La Liga,21-312,2004,33,2127,64,63.9,23.6,23,83,12,10,21,3,1.06,29,35,-6,-0.25,-0.10,Matches
2779,Damián Rodríguez,es ESP,MF,Celta Vigo,es La Liga,23-066,2003,2,150,75,4.5,1.7,2,75,1,0,,12,2.00,2,3,-1,-0.60,-0.74,Matches
2780,Dani Rodríguez,es ESP,"FW,MF",Mallorca,es La Liga,37-350,1988,2,68,34,2.0,0.8,0,,0,2,34,1,0.50,1,1,0,0.00,+0.36,Matches
2781,Guido Rodríguez,ar ARG,MF,West Ham United,eng Premier League,32-040,1994,6,180,30,5.4,2.0,2,67,0,4,12,15,0.67,1,2,-1,-0.50,+0.10,Matches
2782,Guido Rodríguez,ar ARG,MF,Valencia,es La Liga,32-040,1994,15,1219,81,36.6,13.5,13,90,12,2,26,0,1.53,20,18,+2,+0.15,+0.70,Matches
2783,Javi Rodríguez,es ESP,DF,Celta Vigo,es La Liga,22-330,2003,32,2468,77,74.1,27.4,27,85,20,5,33,3,1.38,30,33,-3,-0.11,-0.84,Matches
2784,Jesus Rodríguez,es ESP,MF,Como,it Serie A,20-182,2005,30,1668,56,50.1,18.5,17,76,3,13,29,3,1.87,37,11,+26,+1.40,+1.02,Matches
2785,Juan Rodríguez,uy URU,DF,Cagliari,it Serie A,20-357,2005,16,1249,78,37.5,13.9,15,83,9,1,9,16,0.94,12,22,-10,-0.72,-0.55,Matches
2786,Ricardo Rodríguez,ch SUI,DF,Real Betis,es La Liga,33-270,1992,22,1457,66,43.8,16.2,17,84,13,5,7,11,1.86,30,16,+14,+0.86,+1.06,Matches
2787,Rodrygo,br BRA,"MF,FW",Real Madrid,es La Liga,25-133,2001,19,684,36,20.5,7.6,6,75,1,13,18,3,2.21,11,5,+6,+0.79,-0.37,Matches
2788,Robin Roefs,nl NED,GK,Sunderland,eng Premier League,23-125,2003,34,3060,90,91.9,34.0,34,90,34,0,,0,1.32,37,45,-8,-0.24,-0.57,Matches
2789,Mads Roerslev,dk DEN,"DF,MF",Brentford,eng Premier League,26-332,1999,0,,,,,0,,0,0,,1,,,,,,,Matches
2790,Marko Rog,hr CRO,MF,Cagliari,it Serie A,30-307,1995,0,,,,,0,,0,0,,12,,,,,,,Matches
2791,Morgan Rogers,eng ENG,MF,Aston Villa,eng Premier League,23-300,2002,37,3280,89,98.5,36.4,37,89,32,0,,0,1.68,53,48,+5,+0.14,-1.66,Matches
2792,Merlin Röhl,de GER,MF,Freiburg,de Bundesliga,23-321,2002,2,66,33,2.2,0.7,0,,0,2,33,0,0.00,1,3,-2,-2.73,-2.61,Matches
2793,Merlin Röhl,de GER,MF,Everton,eng Premier League,23-321,2002,15,621,41,18.6,6.9,5,87,2,10,19,11,1.13,12,12,0,0.00,+0.07,Matches
2794,Filippo Romagna,it ITA,DF,Sassuolo,it Serie A,28-361,1997,5,313,63,9.4,3.5,4,65,1,1,55,17,1.40,4,4,0,0.00,+0.09,Matches
2795,Alessio Romagnoli,it ITA,DF,Lazio,it Serie A,31-130,1995,31,2576,83,77.4,28.6,30,85,26,1,14,0,1.35,26,29,-3,-0.10,-0.46,Matches
2796,Leo Román,es ESP,GK,Mallorca,es La Liga,25-320,2000,32,2880,90,86.5,32.0,32,90,32,0,,0,1.06,40,50,-10,-0.31,+0.29,Matches
2797,Miguel Román,es ESP,MF,Celta Vigo,es La Liga,23-147,2002,19,1311,69,39.4,14.6,14,88,10,5,17,7,1.63,18,13,+5,+0.34,+0.39,Matches
2798,Alessandro Romano,ch SUI,MF,Roma,it Serie A,19-339,2006,2,8,4,0.2,0.1,0,,0,2,4,2,3.00,0,0,0,0.00,-0.70,Matches
2799,Carlos Romero,es ESP,DF,Espanyol,es La Liga,24-205,2001,35,3101,89,93.1,34.5,35,89,31,0,,0,1.29,40,46,-6,-0.17,+2.18,Matches
2800,Cayetano Romero,es ESP,GK,Levante,es La Liga,21-085,2005,0,,,,,0,,0,0,,2,,,,,,,Matches
2801,Cristian Romero,ar ARG,DF,Tottenham Hotspur,eng Premier League,28-025,1998,23,1868,81,56.1,20.8,22,84,15,1,31,0,1.00,26,31,-5,-0.24,+0.07,Matches
2802,Isaac Romero,es ESP,"FW,MF",Sevilla,es La Liga,26-004,2000,28,1421,51,42.7,15.8,17,70,1,11,22,4,1.04,16,20,-4,-0.25,+0.17,Matches
2803,Iván Romero,es ESP,"FW,MF",Levante,es La Liga,25-042,2001,31,2182,70,65.5,24.2,27,77,4,4,25,3,1.19,26,29,-3,-0.12,+0.66,Matches
2804,Zaid Romero,ar ARG,DF,Getafe,es La Liga,26-158,1999,14,1259,90,37.8,14.0,14,90,13,0,,0,1.71,15,8,+7,+0.50,+1.11,Matches
2805,Rômulo,br BRA,FW,RB Leipzig,de Bundesliga,24-103,2002,30,2188,73,71.5,24.3,27,78,4,3,30,0,1.93,47,27,+20,+0.82,+0.93,Matches
2806,Salomón Rondón,ve VEN,FW,Oviedo,es La Liga,36-248,1989,16,1032,65,31.0,11.5,13,75,4,3,18,1,0.69,6,17,-11,-0.96,-0.18,Matches
2807,Valentin Rongier,fr FRA,MF,Rennes,fr Ligue 1,31-166,1994,31,2745,89,89.7,30.5,31,89,30,0,,1,1.77,56,44,+12,+0.39,+1.25,Matches
2808,Marten de Roon,nl NED,MF,Atalanta,it Serie A,35-054,1991,33,2611,79,78.4,29.0,31,82,18,2,35,1,1.64,42,26,+16,+0.55,+0.68,Matches
2809,Pablo Rosario,do DOM,"DF,MF",Nice,fr Ligue 1,29-135,1997,1,28,28,0.9,0.3,0,,0,1,28,0,3.00,1,0,+1,+3.21,+3.93,Matches
2810,Max Rosenfelder,de GER,DF,Freiburg,de Bundesliga,23-101,2003,12,492,41,16.1,5.5,5,81,3,7,12,2,1.25,6,8,-2,-0.37,-0.23,Matches
2811,Lucas Rosier,fr FRA,FW,Rennes,fr Ligue 1,19-071,2007,2,2,1,0.1,0.0,0,,0,2,1,2,3.00,0,1,-1,-45.00,-45.29,Matches
2812,Valentin Rosier,fr FRA,"DF,MF",Osasuna,es La Liga,29-276,1996,30,2457,82,73.8,27.3,29,84,21,1,22,1,1.20,29,36,-7,-0.26,-0.46,Matches
2813,Francesco Rossi,it ITA,GK,Atalanta,it Serie A,35-025,1991,0,,,,,0,,0,0,,33,,,,,,,Matches
2814,Tom Rothe,de GER,"MF,DF",Union Berlin,de Bundesliga,21-205,2004,21,1029,49,33.6,11.4,10,81,5,11,20,1,1.10,17,22,-5,-0.44,-0.04,Matches
2815,Nick Rothweiler,de GER,DF,Heidenheim,de Bundesliga,19-340,2006,0,,,,,0,,0,0,,3,,,,,,,Matches
2816,Anthony Rouault,fr FRA,DF,Rennes,fr Ligue 1,24-358,2001,21,1724,82,56.3,19.2,19,88,17,2,23,11,1.71,30,23,+7,+0.37,+0.23,Matches
2817,Jonas Rouhi,se SWE,DF,Juventus,it Serie A,22-135,2004,0,,,,,0,,0,0,,10,,,,,,,Matches
2818,Thomas Rousseau,fr FRA,MF,Le Havre,fr Ligue 1,18-131,2008,0,,,,,0,,0,0,,1,,,,,,,Matches
2819,Leon Routh,eng ENG,DF,Aston Villa,eng Premier League,18-173,2007,0,,,,,0,,0,0,,2,,,,,,,Matches
2820,Nicolò Rovella,it ITA,MF,Lazio,it Serie A,24-169,2001,11,512,47,15.4,5.7,6,60,1,5,31,5,0.91,7,6,+1,+0.18,+0.21,Matches
2821,Guido Rovere,it ITA,MF,Bayern Munich,de Bundesliga,18-352,2007,0,,,,,0,,0,0,,1,,,,,,,Matches
2822,Jonathan Rowe,eng ENG,"MF,FW",Bologna,it Serie A,23-022,2003,27,1515,56,45.5,16.8,16,75,2,11,29,8,1.33,18,17,+1,+0.06,-0.04,Matches
2823,Jonathan Rowe,eng ENG,FW,Marseille,fr Ligue 1,23-022,2003,1,62,62,2.0,0.7,1,62,0,0,,0,0.00,0,0,0,0.00,-0.54,Matches
2824,Triston Rowe,eng ENG,DF,Aston Villa,eng Premier League,20-004,2006,0,,,,,0,,0,0,,2,,,,,,,Matches
2825,James Rowswell,eng ENG,DF,Tottenham Hotspur,eng Premier League,19-313,2006,1,1,1,0.0,0.0,0,,0,1,1,6,1.00,0,0,0,0.00,+0.27,Matches
2826,Amir Rrahmani,xk KVX,DF,Napoli,it Serie A,32-087,1994,20,1705,85,51.2,18.9,20,85,15,0,,3,1.95,31,15,+16,+0.84,+0.57,Matches
2827,Rubén,es ESP,"DF,MF",Espanyol,es La Liga,25-107,2001,20,734,37,22.0,8.2,7,74,2,13,17,17,1.30,9,9,0,0.00,+0.42,Matches
2828,John Ruddy,eng ENG,GK,Newcastle United,eng Premier League,39-210,1986,0,,,,,0,,0,0,,8,,,,,,,Matches
2829,Antonio Rüdiger,de GER,DF,Real Madrid,es La Liga,33-080,1993,18,1490,83,44.7,16.6,16,86,13,2,57,4,2.11,32,16,+16,+0.97,-0.21,Matches
2830,Javi Rueda,es ESP,MF,Celta Vigo,es La Liga,24-014,2002,25,1315,53,39.5,14.6,15,71,5,10,24,8,1.36,18,15,+3,+0.21,+0.16,Matches
2831,Daniele Rugani,it ITA,DF,Fiorentina,it Serie A,31-297,1994,5,261,52,7.8,2.9,3,83,2,2,6,7,2.00,1,3,-2,-0.69,-0.48,Matches
2832,Daniele Rugani,it ITA,DF,Juventus,it Serie A,31-297,1994,6,250,42,7.5,2.8,3,71,0,3,13,7,1.83,2,3,-1,-0.36,-1.18,Matches
2833,Matteo Ruggeri,it ITA,DF,Atlético Madrid,es La Liga,23-315,2002,25,1729,69,51.9,19.2,20,81,13,5,24,11,1.76,33,22,+11,+0.57,-0.05,Matches
2834,Aitor Ruibal,es ESP,"DF,MF",Real Betis,es La Liga,30-061,1996,27,1808,67,54.3,20.1,20,80,9,7,29,4,1.67,30,21,+9,+0.45,+0.39,Matches
2835,Abel Ruiz,es ESP,FW,Girona,es La Liga,26-114,2000,9,187,21,5.6,2.1,0,,0,9,21,10,1.44,3,0,+3,+1.44,+1.99,Matches
2836,Fabián Ruiz Peña,es ESP,MF,Paris Saint-Germain,fr Ligue 1,30-049,1996,20,1131,57,37.0,12.6,13,74,6,7,24,0,2.30,26,12,+14,+1.11,-0.33,Matches
2837,Gerónimo Rulli,ar ARG,GK,Marseille,fr Ligue 1,34-002,1992,29,2610,90,85.3,29.0,29,90,29,0,,3,1.77,53,35,+18,+0.62,+0.62,Matches
2838,Jacen Russell-Rowe,ca CAN,FW,Toulouse,fr Ligue 1,23-251,2002,13,472,36,15.9,5.2,5,64,0,8,19,1,1.08,7,10,-3,-0.57,-0.72,Matches
2839,Georginio Rutter,fr FRA,"MF,FW",Brighton,eng Premier League,24-032,2002,31,1769,57,53.1,19.7,20,78,4,11,19,4,1.42,27,20,+7,+0.36,+0.24,Matches
2840,Mathew Ryan,au AUS,GK,Levante,es La Liga,34-044,1992,35,3150,90,94.6,35.0,35,90,35,0,,0,1.20,43,54,-11,-0.31,+0.69,Matches
2841,Julian Ryerson,no NOR,MF,Dortmund,de Bundesliga,28-186,1997,31,2266,73,74.1,25.2,26,84,15,5,17,2,2.23,48,21,+27,+1.07,+0.05,Matches
2842,Frederik Rønnow,dk DEN,GK,Union Berlin,de Bundesliga,33-291,1992,30,2640,88,86.3,29.3,30,88,29,0,,0,0.97,33,54,-21,-0.72,-2.22,Matches
2843,Alexander Røssing-Lelesiit,no NOR,"FW,MF",Hamburger SV,de Bundesliga,19-122,2007,11,321,29,10.5,3.6,5,53,0,6,9,4,1.09,1,10,-9,-2.52,-2.36,Matches
2844,José Sá,pt POR,GK,Wolves,eng Premier League,33-125,1993,22,1980,90,59.5,22.0,22,90,22,0,,11,0.73,19,36,-17,-0.77,+0.83,Matches
2845,Elias Saad,tn TUN,"MF,FW",Augsburg,de Bundesliga,26-146,1999,10,497,50,16.2,5.5,7,62,0,3,22,4,1.00,9,14,-5,-0.91,-0.52,Matches
2846,Idrissa Sabaly,fr FRA,MF,Strasbourg,fr Ligue 1,18-180,2007,1,56,56,1.8,0.6,1,56,0,0,,1,0.00,0,3,-3,-4.82,-5.24,Matches
2847,Stefano Sabelli,it ITA,"MF,DF",Genoa,it Serie A,33-129,1993,15,854,57,25.6,9.5,11,74,1,4,10,22,1.67,9,9,0,0.00,+0.33,Matches
2848,Abdelhamid Sabiri,ma MAR,MF,Fiorentina,it Serie A,29-175,1996,1,27,27,0.8,0.3,0,,0,1,27,6,1.00,2,0,+2,+6.67,+6.97,Matches
2849,Marcel Sabitzer,at AUT,MF,Dortmund,de Bundesliga,32-066,1994,26,1817,70,59.4,20.2,21,83,11,5,16,3,2.04,39,22,+17,+0.84,-0.53,Matches
2850,Coli Saco,ml MLI,MF,Napoli,it Serie A,24-007,2002,0,,,,,0,,0,0,,1,,,,,,,Matches
2851,Dominic Sadi,eng ENG,MF,Bournemouth,eng Premier League,22-262,2003,0,,,,,0,,0,0,,2,,,,,,,Matches
2852,Noah Sadiki,cd COD,MF,Sunderland,eng Premier League,21-156,2004,32,2799,87,84.1,31.1,32,87,25,0,,0,1.47,35,41,-6,-0.19,-0.02,Matches
2853,Umar Sadiq,ng NGA,FW,Valencia,es La Liga,29-109,1997,19,900,47,27.0,10.0,8,79,4,11,24,0,1.58,17,14,+3,+0.30,+0.82,Matches
2854,Umar Sadiq,ng NGA,FW,Real Sociedad,es La Liga,29-109,1997,5,153,31,4.6,1.7,2,55,0,3,14,6,0.80,1,2,-1,-0.59,-0.56,Matches
2855,Edoardo Sadotti,it ITA,DF,Fiorentina,it Serie A,20-084,2006,0,,,,,0,,0,0,,1,,,,,,,Matches
2856,Alexis Saelemaekers,be BEL,MF,Milan,it Serie A,26-329,1999,34,2698,79,81.0,30.0,32,82,15,2,32,0,1.79,38,28,+10,+0.33,-0.95,Matches
2857,Matvei Safonov,ru RUS,GK,Paris Saint-Germain,fr Ligue 1,27-086,1999,15,1350,90,44.1,15.0,15,90,15,0,,15,2.20,38,14,+24,+1.60,+0.49,Matches
2858,Emir Sahiti,xk KVX,FW,Hamburger SV,de Bundesliga,27-174,1998,2,120,60,3.9,1.3,2,60,0,0,,3,0.50,0,1,-1,-0.75,-0.35,Matches
2859,Osame Sahraoui,ma MAR,MF,Lille,fr Ligue 1,24-345,2001,18,505,28,16.5,5.6,4,64,0,14,18,3,1.61,12,6,+6,+1.07,+0.75,Matches
2860,Naime Said Mchindra,km COM,GK,Toulouse,fr Ligue 1,20-359,2005,0,,,,,0,,0,0,,11,,,,,,,Matches
2861,Wesley Saïd,fr FRA,MF,Lens,fr Ligue 1,31-033,1995,29,1991,69,65.1,22.1,26,73,2,3,29,1,2.17,39,21,+18,+0.81,-0.28,Matches
2862,Allan Saint-Maximin,fr FRA,MF,Lens,fr Ligue 1,29-071,1997,10,410,41,13.4,4.6,2,82,1,8,31,0,1.50,14,6,+8,+1.76,+0.97,Matches
2863,Thomas Sajous,fr FRA,GK,Lille,fr Ligue 1,18-007,2008,0,,,,,0,,0,0,,3,,,,,,,Matches
2864,Bukayo Saka,eng ENG,"FW,MF",Arsenal,eng Premier League,24-259,2001,31,2222,72,66.7,24.7,25,82,15,6,27,0,2.35,46,16,+30,+1.22,+0.16,Matches
2865,Mathis Saka,fr FRA,FW,Toulouse,fr Ligue 1,19-244,2006,1,8,8,0.3,0.1,0,,0,1,8,2,3.00,0,0,0,0.00,-0.03,Matches
2866,Álex Sala,es ESP,MF,Lecce,it Serie A,25-043,2001,9,167,19,5.0,1.9,2,52,0,7,9,27,0.00,2,6,-4,-2.16,-1.62,Matches
2867,Emanuele Sala,it ITA,MF,Milan,it Serie A,18-175,2007,0,,,,,0,,0,0,,2,,,,,,,Matches
2868,Ibrahim Salah,ma MAR,MF,Rennes,fr Ligue 1,24-265,2001,2,35,18,1.1,0.4,0,,0,2,18,0,1.50,1,2,-1,-2.57,-2.87,Matches
2869,Mohamed Salah,eg EGY,MF,Liverpool,eng Premier League,33-341,1992,26,2073,80,62.3,23.0,22,87,16,4,39,2,1.69,39,34,+5,+0.22,-0.14,Matches
2870,Abdou Salam Konaté,sn SEN,MF,Parma,it Serie A,19-178,2006,0,,,,,0,,0,0,,1,,,,,,,Matches
2871,Jan Salas,es ESP,MF,Mallorca,es La Liga,20-285,2005,2,17,9,0.5,0.2,0,,0,2,9,0,0.50,1,1,0,0.00,+0.35,Matches
2872,Kike Salas,es ESP,DF,Sevilla,es La Liga,24-029,2002,25,2113,85,63.5,23.5,23,90,22,2,26,8,1.04,26,37,-11,-0.47,-0.32,Matches
2873,Antonio Salguero,es ESP,DF,Girona,es La Liga,20-345,2005,0,,,,,0,,0,0,,3,,,,,,,Matches
2874,Iliesse Salhi,fr FRA,MF,Mallorca,es La Liga,18-299,2007,0,,,,,0,,0,0,,16,,,,,,,Matches
2875,Manolis Saliakas,gr GRE,MF,St Pauli,de Bundesliga,29-252,1996,17,1106,65,36.1,12.3,12,81,4,5,27,8,1.12,12,21,-9,-0.73,+0.28,Matches
2876,William Saliba,fr FRA,DF,Arsenal,eng Premier League,25-059,2001,31,2614,84,78.5,29.0,30,86,28,1,45,0,2.29,60,20,+40,+1.38,+1.00,Matches
2877,José Salinas,es ESP,DF,Espanyol,es La Liga,25-234,2000,11,257,23,7.7,2.9,2,90,2,9,9,26,1.55,2,9,-7,-2.45,-2.30,Matches
2878,Mohammed Salisu,gh GHA,DF,Monaco,fr Ligue 1,27-035,1999,12,1080,90,35.3,12.0,12,90,12,0,,3,1.17,15,21,-6,-0.50,-1.05,Matches
2879,Marli Salmon,eng ENG,DF,Arsenal,eng Premier League,16-266,2009,0,,,,,0,,0,0,,3,,,,,,,Matches
2880,Nico Salvador,es ESP,DF,Elche,es La Liga,20-265,2005,0,,,,,0,,0,0,,1,,,,,,,Matches
2881,Lazar Samardzic,rs SRB,MF,Atalanta,it Serie A,24-087,2002,25,969,39,29.1,10.8,10,70,3,15,18,12,1.52,16,13,+3,+0.28,-0.18,Matches
2882,Mbwana Samatta,tz TAN,FW,Le Havre,fr Ligue 1,33-150,1992,27,1542,57,50.4,17.1,17,73,4,10,30,0,0.96,18,21,-3,-0.18,+0.36,Matches
2883,Mama Samba Baldé,gw GNB,"FW,MF",Brest,fr Ligue 1,30-197,1995,18,716,40,23.4,8.0,8,61,0,10,23,0,0.83,7,18,-11,-1.38,-1.34,Matches
2884,Brice Samba,fr FRA,GK,Rennes,fr Ligue 1,32-027,1994,32,2880,90,94.1,32.0,32,90,32,0,,0,1.84,57,44,+13,+0.41,+2.41,Matches
2885,Albert Sambi Lokonga,be BEL,MF,Hamburger SV,de Bundesliga,26-212,1999,26,1710,66,55.9,19.0,20,81,9,6,14,1,1.23,29,29,0,0.00,+0.93,Matches
2886,Jasper Samooja,fi FIN,GK,Lecce,it Serie A,22-305,2003,0,,,,,0,,0,0,,37,,,,,,,Matches
2887,Ishé Samuels-Smith,eng ENG,DF,Strasbourg,fr Ligue 1,19-351,2006,0,,,,,0,,0,0,,1,,,,,,,Matches
2888,Antonio Sanabria,py PAR,FW,Cremonese,it Serie A,30-079,1996,25,945,38,28.4,10.5,10,65,0,15,20,5,1.04,9,12,-3,-0.29,+0.43,Matches
2889,Oihan Sancet,es ESP,MF,Athletic Club,es La Liga,26-027,2000,28,1788,64,53.7,19.9,22,71,2,6,37,0,1.00,17,25,-8,-0.40,-0.11,Matches
2890,Álex Sánchez,es ESP,FW,Elche,es La Liga,20-078,2006,1,6,6,0.2,0.1,0,,0,1,6,2,0.00,1,1,0,0.00,+0.22,Matches
2891,Alexis Sánchez,cl CHI,"FW,MF",Sevilla,es La Liga,37-154,1988,27,1245,46,37.4,13.8,10,76,3,17,29,3,1.19,20,31,-11,-0.80,-0.71,Matches
2892,Antonio Sánchez,es ESP,"MF,DF",Mallorca,es La Liga,29-141,1997,29,1044,36,31.4,11.6,9,75,1,20,19,7,1.17,13,21,-8,-0.69,-0.49,Matches
2893,Ibon Sánchez,es ESP,MF,Athletic Club,es La Liga,22-075,2004,0,,,,,0,,0,0,,1,,,,,,,Matches
2894,Juanlu Sánchez,es ESP,"MF,DF",Sevilla,es La Liga,22-280,2003,32,1990,62,59.8,22.1,23,75,9,9,29,3,0.94,24,36,-12,-0.54,-0.48,Matches
2895,Borja Sánchez Laborde,es ESP,MF,Oviedo,es La Liga,30-085,1996,1,14,14,0.4,0.2,0,,0,1,14,0,0.00,0,0,0,0.00,+0.84,Matches
2896,Leo Sãnchez,es ESP,DF,Mallorca,es La Liga,20-056,2006,0,,,,,0,,0,0,,1,,,,,,,Matches
2897,Manu Sánchez,es ESP,DF,Levante,es La Liga,25-271,2000,32,2724,85,81.8,30.3,30,88,24,2,38,4,1.19,36,43,-7,-0.23,+0.66,Matches
2898,Robert Sánchez,es ESP,GK,Chelsea,eng Premier League,28-185,1997,34,2949,87,88.6,32.8,34,87,32,0,,1,1.38,49,45,+4,+0.12,-0.59,Matches
2899,Selton Sánchez,es ESP,MF,Athletic Club,es La Liga,19-091,2007,7,196,28,5.9,2.2,2,54,0,5,18,13,1.43,3,4,-1,-0.46,-0.11,Matches
2900,Jadon Sancho,eng ENG,MF,Aston Villa,eng Premier League,26-058,2000,23,876,38,26.3,9.7,9,67,0,14,20,6,1.74,12,10,+2,+0.21,+0.06,Matches
2901,Álex Sancris,es ESP,"MF,FW",Getafe,es La Liga,29-124,1997,18,708,39,21.3,7.9,5,73,0,13,26,14,0.61,7,9,-2,-0.25,-0.08,Matches
2902,Philipp Sander,de GER,"DF,MF",Gladbach,de Bundesliga,28-090,1998,30,2445,82,79.9,27.2,29,83,18,1,30,1,1.00,35,39,-4,-0.15,+0.88,Matches
2903,James Sands,us USA,MF,St Pauli,de Bundesliga,25-320,2000,24,1934,81,63.2,21.5,23,84,15,1,11,0,1.00,17,34,-17,-0.79,+0.33,Matches
2904,Ibou Sané,sn SEN,"FW,MF",Metz,fr Ligue 1,21-055,2005,16,541,34,17.7,6.0,5,76,0,11,14,4,0.75,8,11,-3,-0.50,+0.97,Matches
2905,Sadibou Sané,sn SEN,DF,Metz,fr Ligue 1,21-346,2004,23,1940,84,63.4,21.6,22,87,20,1,17,3,0.26,17,48,-31,-1.44,-0.39,Matches
2906,Arouna Sangante,sn SEN,DF,Le Havre,fr Ligue 1,24-040,2002,28,2324,83,75.9,25.8,28,83,17,0,,0,1.04,23,33,-10,-0.39,-0.14,Matches
2907,Buba Sangaré,es ESP,"DF,MF",Elche,es La Liga,18-289,2007,11,493,45,14.8,5.5,7,65,0,4,10,3,1.45,5,9,-4,-0.73,-0.60,Matches
2908,Buba Sangaré,es ESP,DF,Roma,it Serie A,18-289,2007,0,,,,,0,,0,0,,9,,,,,,,Matches
2909,Ibrahim Sangaré,ci CIV,MF,Nottingham Forest,eng Premier League,28-171,1997,27,2011,74,60.4,22.3,24,82,16,3,12,3,1.33,31,25,+6,+0.27,+0.88,Matches
2910,Mamadou Sangare,ml MLI,MF,Lens,fr Ligue 1,23-330,2002,29,2323,80,75.9,25.8,27,84,20,2,33,0,2.10,47,29,+18,+0.70,-0.89,Matches
2911,Nhoa Sangui,fr FRA,DF,Paris FC,fr Ligue 1,20-084,2006,26,1737,67,56.8,19.3,18,89,16,8,16,0,1.35,24,29,-5,-0.26,-0.40,Matches
2912,Maroan Sannadi,ma MAR,FW,Athletic Club,es La Liga,25-110,2001,10,288,29,8.6,3.2,2,56,0,8,22,3,1.30,4,8,-4,-1.25,-0.98,Matches
2913,Kaishu Sano,jp JPN,MF,Mainz 05,de Bundesliga,25-143,2000,34,3059,90,100.0,34.0,34,90,33,0,,0,1.18,44,53,-9,-0.26,-0.26,Matches
2914,Morgan Sanson,fr FRA,MF,Nice,fr Ligue 1,31-277,1994,31,1772,57,57.9,19.7,20,79,7,11,17,0,0.90,14,39,-25,-1.27,-1.41,Matches
2915,Baptiste Santamaria,fr FRA,MF,Valencia,es La Liga,31-074,1995,19,754,40,22.6,8.4,7,84,6,12,14,17,1.21,11,17,-6,-0.72,-0.54,Matches
2916,Yago Santiago,es ESP,MF,Elche,es La Liga,23-037,2003,9,281,31,8.4,3.1,3,64,0,6,15,10,0.67,3,5,-2,-0.64,-0.46,Matches
2917,Yellu Santiago,es ESP,MF,Hellas Verona,it Serie A,21-362,2004,2,6,3,0.2,0.1,0,,0,2,3,12,1.00,0,0,0,0.00,+0.92,Matches
2918,Alisson Santos,br BRA,"MF,FW",Napoli,it Serie A,23-237,2002,13,825,63,24.8,9.2,8,83,3,5,32,1,1.85,17,9,+8,+0.87,+0.41,Matches
2919,Andrey Santos,br BRA,MF,Chelsea,eng Premier League,22-019,2004,27,1260,47,37.8,14.0,13,71,4,14,24,9,1.48,21,18,+3,+0.21,+0.04,Matches
2920,Kauã Santos,br BRA,GK,Eintracht Frankfurt,de Bundesliga,23-041,2003,13,1084,83,35.4,12.0,13,83,12,0,,12,1.00,27,32,-5,-0.42,-0.46,Matches
2921,Mikel Santos,es ESP,GK,Athletic Club,es La Liga,21-202,2004,0,,,,,0,,0,0,,3,,,,,,,Matches
2922,Tiago Santos,pt POR,DF,Lille,fr Ligue 1,23-303,2002,15,709,47,23.2,7.9,8,79,1,7,11,9,1.33,7,8,-1,-0.13,-0.74,Matches
2923,Trevan Sanusi,eng ENG,FW,Lorient,fr Ligue 1,19-027,2007,0,,,,,0,,0,0,,5,,,,,,,Matches
2924,Paco Sanz,es ESP,DF,Alavés,es La Liga,21-188,2004,0,,,,,0,,0,0,,1,,,,,,,Matches
2925,Javier Sarasa,es ESP,FW,Girona,es La Liga,20-304,2005,0,,,,,0,,0,0,,1,,,,,,,Matches
2926,Renzo Saravia,ar ARG,DF,Valencia,es La Liga,32-340,1993,5,351,70,10.5,3.9,4,68,0,1,80,5,1.60,4,5,-1,-0.26,+0.05,Matches
2927,Alejo Sarco,ar ARG,FW,Gladbach,de Bundesliga,20-136,2006,3,53,18,1.7,0.6,0,,0,3,18,4,0.33,1,2,-1,-1.70,-1.40,Matches
2928,Alejo Sarco,ar ARG,FW,Leverkusen,de Bundesliga,20-136,2006,3,74,25,2.4,0.8,0,,0,3,25,8,2.00,0,0,0,0.00,-0.63,Matches
2929,Jacopo Sardo,it ITA,MF,Milan,it Serie A,21-075,2005,0,,,,,0,,0,0,,1,,,,,,,Matches
2930,Jeremy Sarmiento,ec ECU,MF,Cremonese,it Serie A,23-340,2002,7,142,20,4.3,1.6,0,,0,7,20,6,1.00,2,2,0,0.00,+0.62,Matches
2931,Vincenzo Sarno,it ITA,GK,Cagliari,it Serie A,18-006,2008,0,,,,,0,,0,0,,10,,,,,,,Matches
2932,Amin Sarr,se SWE,"FW,MF",Hellas Verona,it Serie A,25-072,2001,33,1081,33,32.5,12.0,9,66,0,24,20,2,0.58,8,32,-24,-2.00,-1.60,Matches
2933,Bouna Sarr,sn SEN,"MF,DF",Metz,fr Ligue 1,34-111,1992,12,895,75,29.2,9.9,10,84,6,2,30,2,0.33,9,22,-13,-1.31,-0.02,Matches
2934,Ismaila Sarr,sn SEN,MF,Crystal Palace,eng Premier League,28-086,1998,27,2129,79,63.9,23.7,23,87,18,4,34,0,1.22,31,28,+3,+0.13,+1.03,Matches
2935,Malang Sarr,fr FRA,DF,Lens,fr Ligue 1,27-119,1999,33,2925,89,95.6,32.5,33,89,32,0,,0,2.12,65,33,+32,+0.98,+1.65,Matches
2936,Mamadou Sarr,sn SEN,DF,Strasbourg,fr Ligue 1,20-266,2005,15,1305,87,42.6,14.5,15,87,14,0,,0,1.47,21,16,+5,+0.34,+0.04,Matches
2937,Mamadou Sarr,sn SEN,DF,Chelsea,eng Premier League,20-266,2005,3,102,34,3.1,1.1,1,89,0,2,7,7,1.33,1,3,-2,-1.76,-2.02,Matches
2938,Giacomo Satalino,it ITA,GK,Sassuolo,it Serie A,27-002,1999,0,,,,,0,,0,0,,32,,,,,,,Matches
2939,Martin Satriano,uy URU,"FW,MF",Getafe,es La Liga,25-091,2001,18,1603,89,48.1,17.8,18,89,14,0,,0,1.50,16,13,+3,+0.17,+0.69,Matches
2940,Martin Satriano,uy URU,FW,Lyon,fr Ligue 1,25-091,2001,11,692,63,22.6,7.7,8,84,4,3,7,2,1.50,11,9,+2,+0.26,-0.16,Matches
2941,Mario Sauer,sk SVK,MF,Toulouse,fr Ligue 1,22-007,2004,25,651,26,21.9,7.2,6,64,1,19,14,5,1.20,11,16,-5,-0.69,-0.92,Matches
2942,Razvan Sava,ro ROU,GK,Udinese,it Serie A,23-335,2002,7,620,89,18.6,6.9,6,90,6,1,80,26,1.14,7,14,-7,-1.02,-1.18,Matches
2943,Sávio,br BRA,MF,Manchester City,eng Premier League,22-042,2004,23,743,32,22.3,8.3,6,76,2,17,17,3,2.39,14,5,+9,+1.09,-0.09,Matches
2944,Nicolò Savona,it ITA,DF,Nottingham Forest,eng Premier League,23-064,2003,14,1028,73,30.9,11.4,11,85,9,3,31,4,0.93,13,18,-5,-0.44,-0.52,Matches
2945,Zanos Savva,cy CYP,FW,Torino,it Serie A,20-177,2005,0,,,,,0,,0,0,,3,,,,,,,Matches
2946,Saba Sazonov,ge GEO,DF,Torino,it Serie A,24-110,2002,0,,,,,0,,0,0,,4,,,,,,,Matches
2947,Simone Scaglia,it ITA,GK,Juventus,it Serie A,21-314,2004,0,,,,,0,,0,0,,10,,,,,,,Matches
2948,Joe Scally,us USA,"DF,MF",Gladbach,de Bundesliga,23-142,2002,32,2608,82,85.2,29.0,29,88,23,3,18,1,1.19,38,40,-2,-0.07,+1.72,Matches
2949,Giorgio Scalvini,it ITA,DF,Atalanta,it Serie A,22-162,2003,23,1742,76,52.3,19.4,22,78,12,1,24,5,1.78,29,14,+15,+0.77,+0.77,Matches
2950,Gianluca Scamacca,it ITA,FW,Atalanta,it Serie A,27-141,1999,23,1305,57,39.2,14.5,16,67,5,7,33,7,1.26,19,14,+5,+0.34,-0.10,Matches
2951,Oliver Scarles,eng ENG,"DF,MF",West Ham United,eng Premier League,20-161,2005,13,659,51,19.8,7.3,9,69,4,4,9,16,0.85,8,16,-8,-1.09,-0.62,Matches
2952,Dane Scarlett,eng ENG,FW,Tottenham Hotspur,eng Premier League,22-059,2004,2,9,5,0.3,0.1,0,,0,2,5,9,1.00,1,0,+1,+10.00,+10.30,Matches
2953,Kevin Schade,de GER,"MF,FW",Brentford,eng Premier League,24-176,2001,34,2655,78,79.7,29.5,31,82,17,3,39,0,1.38,40,33,+7,+0.24,+0.77,Matches
2954,András Schäfer,hu HUN,MF,Union Berlin,de Bundesliga,27-039,1999,28,1421,51,46.4,15.8,16,74,6,12,20,1,1.07,21,22,-1,-0.06,+0.65,Matches
2955,Fabian Schär,ch SUI,DF,Newcastle United,eng Premier League,34-153,1991,16,1091,68,32.8,12.1,11,88,9,5,25,3,1.75,16,13,+3,+0.25,+0.37,Matches
2956,Fynn Schenten,de GER,FW,Köln,de Bundesliga,18-250,2007,7,100,14,3.3,1.1,1,61,0,6,7,3,0.29,2,6,-4,-3.60,-3.30,Matches
2957,Derry Scherhant,de GER,MF,Freiburg,de Bundesliga,23-193,2002,31,1301,42,42.5,14.5,12,75,2,19,21,3,1.39,26,24,+2,+0.14,+0.55,Matches
2958,Patrik Schick,cz CZE,FW,Leverkusen,de Bundesliga,30-118,1996,28,1988,71,65.0,22.1,23,80,11,5,29,0,1.64,44,29,+15,+0.68,+0.18,Matches
2959,Stefan Schimmer,de GER,FW,Heidenheim,de Bundesliga,32-024,1994,27,820,30,26.8,9.1,3,67,0,24,26,4,0.78,14,18,-4,-0.44,+0.65,Matches
2960,Xaver Schlager,at AUT,MF,RB Leipzig,de Bundesliga,28-236,1997,26,1837,71,60.0,20.4,21,83,16,5,21,1,1.88,40,29,+11,+0.54,-0.05,Matches
2961,Keven Schlotterbeck,de GER,DF,Augsburg,de Bundesliga,29-024,1997,24,2031,85,66.4,22.6,22,90,21,2,31,7,1.29,29,36,-7,-0.31,+0.48,Matches
2962,Nico Schlotterbeck,de GER,DF,Dortmund,de Bundesliga,26-172,1999,28,2520,90,82.4,28.0,28,90,28,0,,0,2.11,55,29,+26,+0.93,-0.74,Matches
2963,Mick Schmetgens,de GER,MF,Werder Bremen,de Bundesliga,18-255,2007,2,37,19,1.2,0.4,0,,0,2,19,13,1.50,0,0,0,0.00,+0.68,Matches
2964,Romano Schmid,at AUT,"MF,FW",Werder Bremen,de Bundesliga,26-115,2000,34,2982,88,97.5,33.1,34,88,23,0,,0,0.94,34,57,-23,-0.69,-0.69,Matches
2965,Isaac Schmidt,ch SUI,"MF,DF",Werder Bremen,de Bundesliga,26-166,1999,19,682,36,22.3,7.6,6,64,0,13,23,11,0.74,8,13,-5,-0.66,+0.02,Matches
2966,Nick Schmidt,jp JPN,MF,St Pauli,de Bundesliga,18-252,2007,0,,,,,0,,0,0,,3,,,,,,,Matches
2967,Niklas Schmidt,de GER,"FW,MF",Toulouse,fr Ligue 1,28-082,1998,0,,,,,0,,0,0,,4,,,,,,,Matches
2968,Joël Schmied,ch SUI,DF,Köln,de Bundesliga,27-241,1998,16,1078,67,35.2,12.0,13,77,7,3,25,3,1.00,18,27,-9,-0.75,-0.52,Matches
2969,Tim Schnitzer,de GER,MF,Augsburg,de Bundesliga,18-104,2008,1,6,6,0.2,0.1,0,,0,1,6,1,0.00,0,1,-1,-15.00,-14.56,Matches
2970,Konstantin Schopp,at AUT,DF,Mainz 05,de Bundesliga,20-143,2005,0,,,,,0,,0,0,,1,,,,,,,Matches
2971,Jan Schöppner,de GER,MF,Heidenheim,de Bundesliga,26-344,1999,31,2252,73,73.6,25.0,29,76,15,2,28,2,0.81,26,51,-25,-1.00,-0.33,Matches
2972,Marvin Schwäbe,de GER,GK,Köln,de Bundesliga,31-027,1995,34,3060,90,100.0,34.0,34,90,34,0,,0,0.94,49,63,-14,-0.41,,Matches
2973,Léo Scienza,br BRA,MF,Heidenheim,de Bundesliga,27-251,1998,2,180,90,5.9,2.0,2,90,2,0,,0,0.00,1,5,-4,-2.00,-1.16,Matches
2974,Alex Scott,eng ENG,MF,Bournemouth,eng Premier League,22-274,2003,37,2849,77,85.6,31.7,34,80,19,3,39,0,1.51,50,42,+8,+0.25,+1.00,Matches
2975,Simone Scuffet,it ITA,GK,Pisa,it Serie A,29-356,1996,7,630,90,18.9,7.0,7,90,7,0,,24,0.43,6,15,-9,-1.29,-0.12,Matches
2976,Sebastian Sebulonsen,no NOR,"DF,MF",Köln,de Bundesliga,26-115,2000,31,2498,81,81.6,27.8,28,85,20,3,36,0,1.00,35,52,-17,-0.61,-1.09,Matches
2977,Mohamed Seck,it ITA,DF,Roma,it Serie A,20-032,2006,0,,,,,0,,0,0,,1,,,,,,,Matches
2978,Jenson Seelt,nl NED,DF,Wolfsburg,de Bundesliga,22-364,2003,9,681,76,22.3,7.6,8,84,7,1,6,2,1.22,15,17,-2,-0.26,+0.57,Matches
2979,Jenson Seelt,nl NED,DF,Sunderland,eng Premier League,22-364,2003,2,134,67,4.0,1.5,1,52,0,1,82,1,1.50,0,2,-2,-1.34,-1.20,Matches
2980,Alidu Seidu,gh GHA,DF,Rennes,fr Ligue 1,25-352,2000,21,1186,56,38.8,13.2,13,76,6,8,25,11,1.57,25,24,+1,+0.08,-0.31,Matches
2981,Taufik Seidu,es ESP,MF,Atlético Madrid,es La Liga,18-122,2008,1,23,23,0.7,0.3,0,,0,1,23,4,0.00,0,1,-1,-3.91,-4.54,Matches
2982,Nicolas Seiwald,at AUT,MF,RB Leipzig,de Bundesliga,25-018,2001,33,2694,82,88.0,29.9,31,85,19,2,23,0,1.88,57,37,+20,+0.67,+0.91,Matches
2983,Ayumu Seko,jp JPN,"MF,DF",Le Havre,fr Ligue 1,25-349,2000,30,2625,88,85.8,29.2,29,90,28,1,22,0,0.87,25,38,-13,-0.45,-0.65,Matches
2984,Matz Sels,be BEL,GK,Nottingham Forest,eng Premier League,34-085,1992,30,2578,86,77.4,28.6,29,88,28,1,13,3,1.30,41,38,+3,+0.10,+0.82,Matches
2985,Daniel Semedo,pt POR,FW,Lorient,fr Ligue 1,23-017,2003,0,,,,,0,,0,0,,1,,,,,,,Matches
2986,Antoine Semenyo,gh GHA,MF,Bournemouth,eng Premier League,26-135,2000,20,1798,90,54.0,20.0,20,90,18,0,,0,1.25,31,38,-7,-0.35,-1.00,Matches
2987,Antoine Semenyo,gh GHA,"MF,FW",Manchester City,eng Premier League,26-135,2000,16,1340,84,40.2,14.9,16,84,9,0,,0,2.19,27,13,+14,+0.94,-0.37,Matches
2988,Adrian Šemper,hr CRO,GK,Pisa,it Serie A,28-130,1998,24,2160,90,64.9,24.0,24,90,24,0,,8,0.50,15,40,-25,-1.04,+0.42,Matches
2989,Marvin Senaya,gh GHA,"DF,MF",Auxerre,fr Ligue 1,25-114,2001,25,1780,71,58.2,19.8,20,84,12,5,21,5,0.80,14,28,-14,-0.71,-0.99,Matches
2990,Marcos Senesi,ar ARG,DF,Bournemouth,eng Premier League,29-012,1997,36,3198,89,96.0,35.5,36,89,34,0,,0,1.56,55,52,+3,+0.08,-0.60,Matches
2991,Suat Serdar,de GER,MF,Hellas Verona,it Serie A,29-041,1997,20,1108,55,33.3,12.3,12,78,4,8,21,0,0.55,8,24,-16,-1.30,-0.57,Matches
2992,Leonardo Sernicola,it ITA,"DF,MF",Cremonese,it Serie A,28-296,1997,0,,,,,0,,0,0,,2,,,,,,,Matches
2993,Federico Serra,it ITA,FW,Lazio,it Serie A,20-139,2006,0,,,,,0,,0,0,,2,,,,,,,Matches
2994,Mikel Serrano García,es ESP,DF,Osasuna,es La Liga,22-340,2003,0,,,,,0,,0,0,,1,,,,,,,Matches
2995,Javier Serrano,es ESP,MF,Atlético Madrid,es La Liga,23-126,2003,0,,,,,0,,0,0,,1,,,,,,,Matches
2996,Nicolás Serrano,es ESP,MF,Athletic Club,es La Liga,23-078,2003,16,366,23,11.0,4.1,4,60,0,12,11,19,1.31,5,6,-1,-0.25,+0.12,Matches
2997,Llorenç Serred,es ESP,GK,Espanyol,es La Liga,20-260,2005,0,,,,,0,,0,0,,2,,,,,,,Matches
2998,Benjamin Šeško,si SVN,FW,Manchester Utd,eng Premier League,22-356,2003,30,1643,55,49.3,18.3,17,79,8,13,23,1,1.80,37,30,+7,+0.38,-0.10,Matches
2999,Ryan Sessegnon,eng ENG,"DF,MF",Fulham,eng Premier League,26-004,2000,27,1823,68,54.7,20.3,20,85,14,7,19,0,1.33,32,29,+3,+0.15,+0.69,Matches
3000,Park Seungsoo,kr KOR,MF,Newcastle United,eng Premier League,19-066,2007,0,,,,,0,,0,0,,1,,,,,,,Matches
3001,Stephan El Shaarawy,it ITA,"MF,FW",Roma,it Serie A,33-207,1992,19,647,34,19.4,7.2,5,56,0,14,26,11,1.95,12,3,+9,+1.25,+0.68,Matches
3002,Leo Shahar,eng ENG,DF,Newcastle United,eng Premier League,19-065,2007,0,,,,,0,,0,0,,11,,,,,,,Matches
3003,Teddy Sharman,eng ENG,GK,Chelsea,eng Premier League,23-123,2003,0,,,,,0,,0,0,,9,,,,,,,Matches
3004,Luke Shaw,eng ENG,DF,Manchester Utd,eng Premier League,30-314,1995,37,3138,85,94.2,34.9,37,85,23,0,,0,1.84,63,45,+18,+0.52,+1.45,Matches
3005,Alen Sherri,al ALB,GK,Cagliari,it Serie A,28-158,1997,0,,,,,0,,0,0,,19,,,,,,,Matches
3006,Ollie Shield,eng ENG,MF,Brentford,eng Premier League,19-239,2006,0,,,,,0,,0,0,,7,,,,,,,Matches
3007,Kento Shiogai,jp JPN,MF,Wolfsburg,de Bundesliga,21-057,2005,12,318,27,10.4,3.5,2,61,0,10,20,4,0.58,4,4,0,0.00,+0.79,Matches
3008,Stevan Siba,fr FRA,DF,Lorient,fr Ligue 1,19-142,2006,0,,,,,0,,0,0,,7,,,,,,,Matches
3009,Kwasi Sibo,gh GHA,MF,Oviedo,es La Liga,27-332,1998,26,1681,65,50.5,18.7,21,75,9,5,21,9,0.88,16,26,-10,-0.54,+0.61,Matches
3010,Djibril Sidibé,fr FRA,"MF,DF",Toulouse,fr Ligue 1,33-297,1992,32,2141,67,72.1,23.8,25,82,12,7,14,1,1.30,31,34,-3,-0.13,-0.56,Matches
3011,Armindo Sieb,de GER,FW,Mainz 05,de Bundesliga,23-094,2003,22,548,25,17.9,6.1,3,72,0,19,17,7,0.82,10,15,-5,-0.82,-0.68,Matches
3012,Jamil Siebert,de GER,DF,Lecce,it Serie A,24-050,2002,20,1611,81,48.4,17.9,17,89,16,3,31,17,0.90,10,29,-19,-1.06,-0.85,Matches
3013,Benjamin Siegrist,ch SUI,GK,Genoa,it Serie A,34-111,1992,0,,,,,0,,0,0,,13,,,,,,,Matches
3014,Ismael Sierra,es ESP,DF,Villarreal,es La Liga,23-066,2003,0,,,,,0,,0,0,,1,,,,,,,Matches
3015,Francisco Sierralta,cl CHI,DF,Auxerre,fr Ligue 1,29-016,1997,10,861,86,28.1,9.6,9,87,7,1,77,14,0.70,6,15,-9,-0.94,-0.90,Matches
3016,Tim Siersleben,de GER,DF,Heidenheim,de Bundesliga,26-074,2000,15,1081,72,35.3,12.0,12,85,9,3,19,16,0.73,16,29,-13,-1.08,-0.26,Matches
3017,Mathys Silestrie,fr FRA,GK,Rennes,fr Ligue 1,20-248,2005,2,180,90,5.9,2.0,2,90,2,0,,29,0.00,2,6,-4,-2.00,-2.41,Matches
3018,Amil Siljević,de GER,GK,Eintracht Frankfurt,de Bundesliga,19-123,2007,0,,,,,0,,0,0,,1,,,,,,,Matches
3019,André Silva,pt POR,FW,Elche,es La Liga,30-197,1995,30,1833,61,55.0,20.4,22,78,10,8,15,2,1.00,23,35,-12,-0.59,-0.83,Matches
3020,Bernardo Silva,pt POR,MF,Manchester City,eng Premier League,31-285,1994,37,2814,76,84.5,31.3,33,82,14,4,23,0,2.11,66,29,+37,+1.18,+0.14,Matches
3021,Caio Henrique Oliveira Silva,br BRA,"DF,MF",Monaco,fr Ligue 1,28-295,1997,22,1536,70,50.2,17.1,17,85,14,5,19,2,1.55,24,24,0,0.00,-0.35,Matches
3022,Fábio Silva,pt POR,"FW,MF",Dortmund,de Bundesliga,23-307,2002,28,817,29,26.7,9.1,7,68,0,21,16,2,2.11,24,10,+14,+1.54,+0.66,Matches
3023,Jota Silva,pt POR,FW,Nottingham Forest,eng Premier League,26-294,1999,1,12,12,0.4,0.1,0,,0,1,12,0,3.00,0,0,0,0.00,+0.08,Matches
3024,Eric da Silva Moreira,de GER,DF,Nottingham Forest,eng Premier League,20-019,2006,0,,,,,0,,0,0,,2,,,,,,,Matches
3025,Tiago Silva,pt POR,DF,Lyon,fr Ligue 1,18-277,2007,0,,,,,0,,0,0,,3,,,,,,,Matches
3026,Marco Silvestri,it ITA,GK,Cremonese,it Serie A,35-081,1991,4,360,90,10.8,4.0,4,90,4,0,,33,0.75,4,7,-3,-0.75,-0.17,Matches
3027,Abdallah Sima,sn SEN,"MF,FW",Lens,fr Ligue 1,24-339,2001,21,718,34,23.5,8.0,6,71,0,15,20,10,1.86,12,11,+1,+0.13,-1.03,Matches
3028,Giovanni Simeone,ar ARG,FW,Torino,it Serie A,30-321,1995,31,2140,69,64.3,23.8,26,76,5,5,32,2,1.32,27,35,-8,-0.34,+0.50,Matches
3029,Giuliano Simeone,ar ARG,MF,Atlético Madrid,es La Liga,23-155,2002,30,2054,68,61.7,22.8,24,77,7,6,35,2,1.97,41,22,+19,+0.83,+0.62,Matches
3030,Freddie Simmonds,eng ENG,DF,Brighton,eng Premier League,18-074,2008,0,,,,,0,,0,0,,1,,,,,,,Matches
3031,Moses Simon,ng NGA,"MF,FW",Paris FC,fr Ligue 1,30-314,1995,29,2001,69,65.4,22.2,25,75,1,4,33,2,1.28,31,30,+1,+0.04,+0.38,Matches
3032,Unai Simón,es ESP,GK,Athletic Club,es La Liga,28-345,1997,37,3330,90,100.0,37.0,37,90,37,0,,0,1.22,41,54,-13,-0.35,,Matches
3033,Xavi Simons,nl NED,"MF,FW",Tottenham Hotspur,eng Premier League,23-031,2003,28,1755,63,52.7,19.5,19,78,10,9,30,0,0.82,26,33,-7,-0.36,-0.19,Matches
3034,Xavi Simons,nl NED,MF,RB Leipzig,de Bundesliga,23-031,2003,1,90,90,2.9,1.0,1,90,1,0,,0,0.00,0,6,-6,-6.00,-6.76,Matches
3035,Jahmai Simpson-Pusey,eng ENG,DF,Köln,de Bundesliga,20-199,2005,11,863,78,28.2,9.6,10,84,8,1,22,0,0.91,13,19,-6,-0.63,-0.30,Matches
3036,Bema Sina,gh GHA,DF,Elche,es La Liga,23-045,2003,0,,,,,0,,0,0,,1,,,,,,,Matches
3037,Danel Sinani,lu LUX,"MF,FW",St Pauli,de Bundesliga,29-047,1997,30,2069,69,67.6,23.0,23,83,15,7,22,2,0.77,18,43,-25,-1.09,-0.54,Matches
3038,Dan Sinaté,fr FRA,DF,Angers,fr Ligue 1,19-347,2006,3,33,11,1.1,0.4,0,,0,3,11,7,0.00,0,2,-2,-5.45,-4.95,Matches
3039,Lassine Sinayoko,ml MLI,"FW,MF",Auxerre,fr Ligue 1,26-165,1999,32,2770,87,90.5,30.8,32,87,21,0,,0,1.06,33,37,-4,-0.13,+1.73,Matches
3040,Jimmy Sinclair,eng ENG,MF,Nottingham Forest,eng Premier League,19-284,2006,0,,,,,0,,0,0,,1,,,,,,,Matches
3041,Wilfried Singo,ci CIV,"DF,MF",Monaco,fr Ligue 1,25-148,2000,0,,,,,0,,0,0,,2,,,,,,,Matches
3042,Tobias Sippel,de GER,GK,Gladbach,de Bundesliga,38-061,1988,0,,,,,0,,0,0,,3,,,,,,,Matches
3043,Ibrahima Sissoko,ml MLI,"MF,DF",Nantes,fr Ligue 1,28-207,1997,13,803,62,27.0,8.9,9,83,4,4,15,2,0.43,9,16,-7,-0.78,-0.12,Matches
3044,Dario Sits,lv LVA,FW,Parma,it Serie A,22-107,2004,0,,,,,0,,0,0,,1,,,,,,,Matches
3045,Antonio Sivera,es ESP,GK,Alavés,es La Liga,29-284,1996,37,3330,90,100.0,37.0,37,90,37,0,,0,1.16,43,54,-11,-0.30,,Matches
3046,Lapo Siviero,it ITA,GK,Torino,it Serie A,19-180,2006,0,,,,,0,,0,0,,20,,,,,,,Matches
3047,Telli Siwe,fr FRA,DF,Auxerre,fr Ligue 1,21-159,2004,4,315,79,10.3,3.5,4,79,3,0,,5,1.50,4,3,+1,+0.29,+0.65,Matches
3048,Tim Skarke,de GER,"MF,FW",Union Berlin,de Bundesliga,29-257,1996,22,623,28,20.4,6.9,4,59,0,18,22,8,1.41,12,12,0,0.00,+0.52,Matches
3049,Ellyes Skhiri,tn TUN,"MF,DF",Eintracht Frankfurt,de Bundesliga,31-012,1995,25,1444,58,47.2,16.0,16,81,9,9,17,5,1.36,24,36,-12,-0.75,-1.19,Matches
3050,Leo Skiri Østigård,no NOR,DF,Genoa,it Serie A,26-175,1999,30,2622,87,78.7,29.1,30,87,28,0,,2,1.13,31,38,-7,-0.24,+0.01,Matches
3051,Laurs Skjellerup,dk DEN,FW,Sassuolo,it Serie A,23-283,2002,1,10,10,0.3,0.1,0,,0,1,10,9,0.00,0,0,0,0.00,+0.08,Matches
3052,Łukasz Skorupski,pl POL,GK,Bologna,it Serie A,35-017,1991,18,1502,83,45.1,16.7,18,83,16,0,,4,1.83,23,12,+11,+0.66,+1.05,Matches
3053,Andreas Skov Olsen,dk DEN,MF,Wolfsburg,de Bundesliga,26-144,1999,8,362,45,11.8,4.0,4,67,0,4,24,4,1.00,7,7,0,0.00,+0.80,Matches
3054,Robert Skov,dk DEN,"DF,MF",Union Berlin,de Bundesliga,30-002,1996,3,220,73,7.2,2.4,3,73,0,0,,1,1.00,4,6,-2,-0.82,-0.44,Matches
3055,Wassim Slama,tn TUN,MF,Paris Saint-Germain,fr Ligue 1,17-238,2008,0,,,,,0,,0,0,,1,,,,,,,Matches
3056,Gaga Slonina,us USA,GK,Chelsea,eng Premier League,22-007,2004,0,,,,,0,,0,0,,5,,,,,,,Matches
3057,Tobias Slotsager,dk DEN,DF,Hellas Verona,it Serie A,20-141,2006,8,446,56,13.4,5.0,4,90,4,4,22,27,0.38,2,9,-7,-1.41,-0.57,Matches
3058,Adam Smith,eng ENG,DF,Bournemouth,eng Premier League,35-023,1991,21,988,47,29.7,11.0,13,72,5,8,7,11,1.48,17,15,+2,+0.18,+0.11,Matches
3059,Eric Smith,se SWE,"DF,MF",St Pauli,de Bundesliga,29-134,1997,27,2311,86,75.5,25.7,26,87,23,1,45,0,0.74,22,43,-21,-0.82,+0.38,Matches
3060,Emile Smith Rowe,eng ENG,MF,Fulham,eng Premier League,25-298,2000,36,1852,51,55.6,20.6,21,73,1,15,21,0,1.33,26,28,-2,-0.10,+0.15,Matches
3061,Ivan Smolčić,hr CRO,DF,Como,it Serie A,25-278,2000,27,1572,58,47.2,17.5,18,77,7,9,22,9,1.96,22,9,+13,+0.74,-0.28,Matches
3062,Mezian Soares,pt POR,MF,Lens,fr Ligue 1,16-195,2009,1,12,12,0.4,0.1,0,,0,1,12,2,3.00,0,0,0,0.00,-0.92,Matches
3063,Eduard Sobol,ua UKR,"DF,MF",Strasbourg,fr Ligue 1,31-032,1995,0,,,,,0,,0,0,,11,,,,,,,Matches
3064,Simon Sohm,ch SUI,MF,Bologna,it Serie A,25-041,2001,12,717,60,21.5,8.0,9,74,2,3,18,4,1.83,8,7,+1,+0.13,+0.06,Matches
3065,Simon Sohm,ch SUI,MF,Fiorentina,it Serie A,25-041,2001,16,708,44,21.3,7.9,9,65,1,7,18,4,0.56,6,15,-9,-1.14,-1.14,Matches
3066,Alex Sola,es ESP,"DF,FW",Getafe,es La Liga,26-347,1999,1,13,13,0.4,0.1,0,,0,1,13,2,3.00,0,0,0,0.00,+0.19,Matches
3067,Dominic Solanke,eng ENG,FW,Tottenham Hotspur,eng Premier League,28-250,1997,15,1001,67,30.1,11.1,11,83,7,4,23,0,0.87,11,21,-10,-0.90,-0.90,Matches
3068,Carlos Soler,es ESP,MF,Real Sociedad,es La Liga,29-140,1997,32,2228,70,66.9,24.8,25,80,10,7,31,1,1.22,36,38,-2,-0.08,-0.08,Matches
3069,Julio Soler,ar ARG,DF,Bournemouth,eng Premier League,21-095,2005,3,35,12,1.1,0.4,0,,0,3,12,14,1.00,0,2,-2,-5.14,-5.31,Matches
3070,Oumar Solet,fr FRA,DF,Udinese,it Serie A,26-104,2000,34,2869,84,86.2,31.9,33,86,30,1,16,1,1.35,39,41,-2,-0.06,-0.06,Matches
3071,Jhon Solis,co COL,MF,Girona,es La Liga,21-231,2004,12,380,32,11.4,4.2,3,78,1,9,16,5,0.75,2,14,-12,-2.84,-2.72,Matches
3072,Manor Solomon,il ISR,MF,Villarreal,es La Liga,26-302,1999,6,150,25,4.5,1.7,1,71,0,5,16,6,2.67,4,1,+3,+1.80,+1.26,Matches
3073,Manor Solomon,il ISR,"FW,MF",Tottenham Hotspur,eng Premier League,26-302,1999,0,,,,,0,,0,0,,1,,,,,,,Matches
3074,Manor Solomon,il ISR,"FW,MF",Fiorentina,it Serie A,26-302,1999,15,875,58,26.3,9.7,9,85,5,6,19,0,1.60,11,14,-3,-0.31,-0.09,Matches
3075,Hugo Solozabal,es ESP,MF,Getafe,es La Liga,23-104,2003,1,11,11,0.3,0.1,0,,0,1,11,7,0.00,0,0,0,0.00,+0.19,Matches
3076,Daniele Sommariva,it ITA,GK,Genoa,it Serie A,28-308,1997,2,176,88,5.3,2.0,1,90,1,1,86,34,0.00,1,4,-3,-1.53,-1.36,Matches
3077,Yann Sommer,ch SUI,GK,Inter,it Serie A,37-156,1988,33,2960,90,88.9,32.9,33,90,32,0,,4,2.24,76,30,+46,+1.40,-0.55,Matches
3078,Oliver Sonne,pe PER,DF,Burnley,eng Premier League,25-193,2000,7,169,24,5.1,1.9,1,73,0,6,16,3,0.71,3,4,-1,-0.53,+0.49,Matches
3079,Oliver Sorg,at AUT,DF,Augsburg,de Bundesliga,18-295,2007,0,,,,,0,,0,0,,1,,,,,,,Matches
3080,David Soria,es ESP,GK,Getafe,es La Liga,33-048,1993,37,3330,90,100.0,37.0,37,90,37,0,,0,1.30,31,38,-7,-0.19,,Matches
3081,Borna Sosa,hr CRO,"DF,MF",Crystal Palace,eng Premier League,28-121,1998,7,101,14,3.0,1.1,0,,0,7,14,23,0.71,3,2,+1,+0.89,+1.17,Matches
3082,Hugo Sotelo,es ESP,MF,Celta Vigo,es La Liga,22-154,2003,20,1338,67,40.2,14.9,16,78,7,4,24,13,1.10,27,25,+2,+0.13,+0.04,Matches
3083,Florian Sotoca,fr FRA,"MF,FW",Lens,fr Ligue 1,35-209,1990,26,507,20,16.6,5.6,4,70,1,22,10,8,2.27,15,8,+7,+1.24,+0.40,Matches
3084,Riccardo Sottil,it ITA,"FW,MF",Lecce,it Serie A,26-353,1999,21,1066,51,32.0,11.8,13,66,0,8,25,4,0.86,6,14,-8,-0.68,-0.08,Matches
3085,Tomáš Souček,cz CZE,MF,West Ham United,eng Premier League,31-084,1995,34,2110,62,63.4,23.4,23,83,14,11,19,0,1.03,29,41,-12,-0.51,+0.23,Matches
3086,Isiaka Soukouna,fr FRA,DF,Rennes,fr Ligue 1,20-084,2006,0,,,,,0,,0,0,,1,,,,,,,Matches
3087,Matìas Soulé,ar ARG,"MF,FW",Roma,it Serie A,23-037,2003,32,2068,65,62.1,23.0,27,72,1,5,26,0,1.97,36,17,+19,+0.83,+0.33,Matches
3088,Aboubaka Soumahoro,fr FRA,"MF,DF",Hamburger SV,de Bundesliga,21-107,2005,4,136,34,4.4,1.5,2,52,0,2,17,7,1.00,0,5,-5,-3.31,-3.03,Matches
3089,Sambou Soumano,sn SEN,FW,Lorient,fr Ligue 1,25-139,2001,31,941,30,30.8,10.5,8,66,0,23,18,2,1.23,15,17,-2,-0.19,-0.15,Matches
3090,Issa Soumaré,sn SEN,"FW,MF",Le Havre,fr Ligue 1,25-224,2000,34,2948,87,96.3,32.8,33,88,32,1,45,0,1.03,31,43,-12,-0.37,-0.37,Matches
3091,Souza,br BRA,MF,Tottenham Hotspur,eng Premier League,19-340,2006,4,144,36,4.3,1.6,2,49,0,2,24,8,0.25,1,3,-2,-1.25,-1.02,Matches
3092,Vinicius Souza,br BRA,MF,Wolfsburg,de Bundesliga,26-339,1999,24,1764,74,57.6,19.6,22,80,12,2,3,8,0.88,24,35,-11,-0.56,+0.34,Matches
3093,Djibril Sow,ch SUI,MF,Sevilla,es La Liga,29-105,1997,32,2097,66,63.0,23.3,26,76,9,6,22,2,1.03,27,42,-15,-0.64,-0.79,Matches
3094,Djed Spence,eng ENG,"DF,MF",Tottenham Hotspur,eng Premier League,25-286,2000,29,1965,68,59.0,21.8,22,83,15,7,21,4,1.14,29,31,-2,-0.09,+0.44,Matches
3095,Gerónimo Spina,ar ARG,DF,Atlético Madrid,es La Liga,21-102,2005,0,,,,,0,,0,0,,1,,,,,,,Matches
3096,Matteo Spinaccè,it ITA,FW,Inter,it Serie A,19-343,2006,0,,,,,0,,0,0,,2,,,,,,,Matches
3097,Leonardo Spinazzola,it ITA,"MF,DF",Napoli,it Serie A,33-058,1993,32,1901,59,57.1,21.1,22,76,8,10,22,2,2.00,35,20,+15,+0.71,+0.33,Matches
3098,David Spinelli,it ITA,GK,Napoli,it Serie A,18-024,2008,0,,,,,0,,0,0,,1,,,,,,,Matches
3099,Marco Sportiello,it ITA,GK,Atalanta,it Serie A,34-012,1992,0,,,,,0,,0,0,,37,,,,,,,Matches
3100,Anton Stach,de GER,MF,Leeds United,eng Premier League,27-188,1998,29,2370,82,71.2,26.3,28,84,19,1,31,1,1.03,31,36,-5,-0.19,-0.28,Matches
3101,Alexander Staff,de GER,DF,Eintracht Frankfurt,de Bundesliga,17-344,2008,0,,,,,0,,0,0,,2,,,,,,,Matches
3102,Jens Stage,dk DEN,MF,Werder Bremen,de Bundesliga,29-195,1996,29,2460,85,80.4,27.3,29,85,21,0,,0,0.97,26,45,-19,-0.70,-0.10,Matches
3103,Dimitrios Stamatakis,gr GRE,GK,Osasuna,es La Liga,23-029,2003,0,,,,,0,,0,0,,14,,,,,,,Matches
3104,Benjamin Stambouli,fr FRA,MF,Metz,fr Ligue 1,35-282,1990,19,960,51,31.4,10.7,10,83,5,9,15,5,0.58,10,26,-16,-1.50,-0.30,Matches
3105,Nicolae Stanciu,ro ROU,MF,Genoa,it Serie A,33-015,1993,4,180,45,5.4,2.0,2,75,0,2,15,12,0.50,0,1,-1,-0.50,-0.27,Matches
3106,Otto Stange,de GER,FW,Hamburger SV,de Bundesliga,19-102,2007,10,293,29,9.6,3.3,2,70,0,8,19,6,0.60,3,5,-2,-0.61,-0.22,Matches
3107,Josip Stanišić,hr CRO,DF,Bayern Munich,de Bundesliga,26-050,2000,26,1857,71,60.7,20.6,19,86,15,7,32,1,2.62,78,23,+55,+2.67,+0.35,Matches
3108,Carl Starfelt,se SWE,DF,Celta Vigo,es La Liga,30-355,1995,19,1491,78,44.8,16.6,17,86,14,2,17,1,1.37,22,17,+5,+0.30,+0.35,Matches
3109,Niklas Stark,de GER,DF,Werder Bremen,de Bundesliga,31-038,1995,14,697,50,22.8,7.7,9,68,2,5,16,5,1.43,9,14,-5,-0.65,+0.04,Matches
3110,Jules Stawiecki,fr FRA,GK,Monaco,fr Ligue 1,19-042,2007,0,,,,,0,,0,0,,2,,,,,,,Matches
3111,Jason Steele,eng ENG,GK,Brighton,eng Premier League,35-277,1990,0,,,,,0,,0,0,,37,,,,,,,Matches
3112,Karl Steinmann,de GER,DF,Freiburg,de Bundesliga,20-221,2005,0,,,,,0,,0,0,,6,,,,,,,Matches
3113,Orri Steinn Óskarsson,is ISL,FW,Real Sociedad,es La Liga,21-266,2004,19,759,40,22.8,8.4,7,72,2,12,21,1,1.05,18,14,+4,+0.47,+0.68,Matches
3114,Calvin Stengs,nl NED,"FW,MF",Pisa,it Serie A,27-155,1998,4,46,12,1.4,0.5,0,,0,4,12,10,0.00,0,2,-2,-3.91,-2.76,Matches
3115,Pascal Stenzel,de GER,MF,Stuttgart,de Bundesliga,30-063,1996,2,106,53,3.5,1.2,2,53,0,0,,16,1.50,1,2,-1,-0.85,-1.55,Matches
3116,Joshua Stephenson,,MF,Brentford,eng Premier League,,,0,,,,,0,,0,0,,3,,,,,,,Matches
3117,Leonidas Stergiou,ch SUI,DF,Heidenheim,de Bundesliga,24-080,2002,5,206,41,6.7,2.3,1,90,1,4,29,4,1.00,1,7,-6,-2.62,-1.83,Matches
3118,Leonidas Stergiou,ch SUI,DF,Stuttgart,de Bundesliga,24-080,2002,1,1,1,0.0,0.0,0,,0,1,1,3,3.00,0,0,0,0.00,-0.65,Matches
3119,Charlie Stevens,wls WAL,MF,Bournemouth,eng Premier League,18-356,2007,0,,,,,0,,0,0,,1,,,,,,,Matches
3120,Finley Stevens,wls WAL,DF,St Pauli,de Bundesliga,23-042,2003,1,27,27,0.9,0.3,0,,0,1,27,10,0.00,1,0,+1,+3.33,+4.28,Matches
3121,Angelo Stiller,de GER,MF,Stuttgart,de Bundesliga,25-048,2001,34,2743,81,89.6,30.5,30,88,23,4,26,0,1.82,65,43,+22,+0.72,+0.72,Matches
3122,Kevin Stöger,at AUT,MF,Gladbach,de Bundesliga,32-268,1993,29,1324,46,43.3,14.7,15,73,2,14,17,5,1.00,13,25,-12,-0.82,-0.87,Matches
3123,Filip Stojilković,ch SUI,"FW,MF",Pisa,it Serie A,26-138,2000,12,597,50,17.9,6.6,7,66,1,5,27,3,0.08,2,14,-12,-1.81,-0.76,Matches
3124,John Stones,eng ENG,DF,Manchester City,eng Premier League,31-359,1994,8,362,45,10.9,4.0,4,80,2,4,10,15,1.63,6,8,-2,-0.50,-1.86,Matches
3125,Jørgen Strand Larsen,no NOR,FW,Crystal Palace,eng Premier League,26-105,2000,13,827,64,24.8,9.2,11,70,3,2,26,0,1.23,12,13,-1,-0.11,+0.18,Matches
3126,Jørgen Strand Larsen,no NOR,FW,Wolves,eng Premier League,26-105,2000,22,1404,64,42.2,15.6,14,83,7,8,31,0,0.36,6,26,-20,-1.28,-0.30,Matches
3127,Gabriel Strefezza,br BRA,FW,Parma,it Serie A,29-034,1997,14,1007,72,30.2,11.2,13,75,3,1,37,0,1.36,8,13,-5,-0.45,+0.10,Matches
3128,Pascal Struijk,nl NED,DF,Leeds United,eng Premier League,26-284,1999,33,2846,86,85.5,31.6,32,89,30,1,9,2,1.21,42,45,-3,-0.09,+0.09,Matches
3129,Cristhian Stuani,uy URU,FW,Girona,es La Liga,39-222,1986,20,379,19,11.4,4.2,1,63,0,19,17,5,0.90,6,8,-2,-0.47,-0.05,Matches
3130,Nikola Štulić,rs SRB,FW,Lecce,it Serie A,24-256,2001,33,1698,51,51.0,18.9,20,70,2,13,23,3,0.94,15,22,-7,-0.37,+0.51,Matches
3131,Denis Suárez,es ESP,MF,Villarreal,es La Liga,32-136,1994,0,,,,,0,,0,0,,2,,,,,,,Matches
3132,Denis Suárez,es ESP,MF,Alavés,es La Liga,32-136,1994,29,1389,48,41.7,15.4,15,69,0,14,25,2,1.10,21,20,+1,+0.06,+0.62,Matches
3133,Gabriel Suazo,cl CHI,"DF,MF",Sevilla,es La Liga,28-286,1997,28,2006,72,60.2,22.3,24,81,18,4,18,1,1.36,28,36,-8,-0.36,-0.02,Matches
3134,Luka Sučić,hr CRO,"MF,FW",Real Sociedad,es La Liga,23-256,2002,21,932,44,28.0,10.4,9,67,1,12,27,13,1.24,21,16,+5,+0.48,+0.75,Matches
3135,Petar Sucic,hr CRO,MF,Inter,it Serie A,22-209,2003,33,1692,51,50.8,18.8,20,74,7,13,16,3,2.24,40,18,+22,+1.17,-0.59,Matches
3136,Yukinari Sugawara,jp JPN,"DF,MF",Werder Bremen,de Bundesliga,25-328,2000,31,2428,78,79.3,27.0,29,82,20,2,21,1,1.03,32,43,-11,-0.41,+1.30,Matches
3137,Pavel Šulc,cz CZE,"FW,MF",Lyon,fr Ligue 1,25-144,2000,27,1566,58,51.2,17.4,17,80,7,10,20,1,1.81,28,22,+6,+0.34,-0.08,Matches
3138,Niklas Süle,de GER,DF,Dortmund,de Bundesliga,30-261,1995,11,486,44,15.9,5.4,7,61,1,4,15,9,2.09,12,7,+5,+0.93,-0.16,Matches
3139,Ibrahim Sulemana,gh GHA,MF,Bologna,it Serie A,23-000,2003,3,45,15,1.4,0.5,0,,0,3,15,12,1.33,1,1,0,0.00,-0.08,Matches
3140,Ibrahim Sulemana,gh GHA,MF,Atalanta,it Serie A,23-000,2003,0,,,,,0,,0,0,,1,,,,,,,Matches
3141,Ibrahim Sulemana,gh GHA,MF,Cagliari,it Serie A,23-000,2003,15,843,56,25.3,9.4,7,87,5,8,29,1,1.00,5,15,-10,-1.07,-0.92,Matches
3142,Kamaldeen Sulemana,gh GHA,MF,Atalanta,it Serie A,24-096,2002,24,931,39,28.0,10.3,8,69,1,16,24,9,1.54,17,11,+6,+0.58,+0.24,Matches
3143,Ivan Sulev,bg BUL,MF,Cagliari,it Serie A,19-253,2006,0,,,,,0,,0,0,,3,,,,,,,Matches
3144,Crysencio Summerville,nl NED,"MF,FW",West Ham United,eng Premier League,24-204,2001,30,2380,79,71.5,26.4,28,84,13,2,19,0,1.10,31,42,-11,-0.42,+0.63,Matches
3145,Tomáš Suslov,sk SVK,FW,Hellas Verona,it Serie A,23-349,2002,10,389,39,11.7,4.3,4,70,1,6,18,0,0.60,1,6,-5,-1.16,-0.27,Matches
3146,Ethan Sutherland,sct SCO,FW,Wolves,eng Premier League,20-027,2006,0,,,,,0,,0,0,,2,,,,,,,Matches
3147,Yuito Suzuki,jp JPN,MF,Freiburg,de Bundesliga,24-209,2001,25,1632,65,53.3,18.1,18,79,6,7,31,4,1.28,31,31,0,0.00,+0.38,Matches
3148,Zion Suzuki,jp JPN,GK,Parma,it Serie A,23-274,2002,20,1800,90,54.1,20.0,20,90,20,0,,2,0.80,14,28,-14,-0.70,-0.41,Matches
3149,Mattias Svanberg,se SWE,MF,Wolfsburg,de Bundesliga,27-137,1999,24,861,36,28.1,9.6,8,67,0,16,21,1,0.92,13,24,-11,-1.15,-0.62,Matches
3150,Daniel Svensson,se SWE,MF,Dortmund,de Bundesliga,24-099,2002,33,2454,74,80.2,27.3,27,86,22,6,22,1,2.12,54,28,+26,+0.95,-0.53,Matches
3151,Velizar-Ilia Svetozarov Iliev,bg BUL,GK,Cagliari,it Serie A,20-306,2005,0,,,,,0,,0,0,,1,,,,,,,Matches
3152,Mile Svilar,rs SRB,GK,Roma,it Serie A,26-268,1999,37,3330,90,100.0,37.0,37,90,37,0,,0,1.89,57,31,+26,+0.70,,Matches
3153,Williot Swedberg,se SWE,"FW,MF",Celta Vigo,es La Liga,22-110,2004,28,1206,43,36.2,13.4,12,63,0,16,28,2,1.39,18,16,+2,+0.15,+0.06,Matches
3154,Niklas Swider,de GER,MF,Gladbach,de Bundesliga,19-137,2007,0,,,,,0,,0,0,,3,,,,,,,Matches
3155,Grégoire Swiderski,ca CAN,GK,Alavés,es La Liga,20-229,2005,0,,,,,0,,0,0,,12,,,,,,,Matches
3156,Lamine Sy,mr MTN,DF,Auxerre,fr Ligue 1,23-285,2002,24,1536,64,50.2,17.1,17,84,12,7,16,10,1.04,21,21,0,0.00,+0.59,Matches
3157,Abakar Sylla,ci CIV,DF,Strasbourg,fr Ligue 1,23-148,2002,1,2,2,0.1,0.0,0,,0,1,2,5,1.00,0,0,0,0.00,-0.32,Matches
3158,Abakar Sylla,ci CIV,DF,Nantes,fr Ligue 1,23-148,2002,2,65,33,2.2,0.7,1,45,0,1,20,0,0.00,1,3,-2,-2.77,-2.12,Matches
3159,Fodé Sylla,fr FRA,MF,Lens,fr Ligue 1,20-036,2006,4,99,25,3.2,1.1,1,58,0,3,14,14,3.00,3,1,+2,+1.82,+0.94,Matches
3160,Wojciech Szczęsny,pl POL,GK,Barcelona,es La Liga,36-034,1990,7,630,90,18.9,7.0,7,90,7,0,,27,1.71,13,12,+1,+0.14,-1.86,Matches
3161,Luca Szimionas,ro ROU,MF,Hellas Verona,it Serie A,19-261,2006,0,,,,,0,,0,0,,1,,,,,,,Matches
3162,Dominik Szoboszlai,hu HUN,"MF,DF",Liverpool,eng Premier League,25-209,2000,35,3141,90,94.3,34.9,35,90,33,0,,0,1.51,59,50,+9,+0.26,-0.22,Matches
3163,Sebastian Szymański,pl POL,MF,Rennes,fr Ligue 1,27-012,1999,16,776,49,25.4,8.6,10,66,0,6,19,0,1.75,15,12,+3,+0.35,+0.11,Matches
3164,Alexander Sørloth,no NOR,FW,Atlético Madrid,es La Liga,30-168,1995,34,1935,57,58.1,21.5,20,76,9,14,30,0,1.85,35,26,+9,+0.42,-0.42,Matches
3165,Jocelin Ta Bi,ci CIV,MF,Sunderland,eng Premier League,21-102,2005,1,38,38,1.1,0.4,1,38,0,0,,3,0.00,0,0,0,0.00,+0.19,Matches
3166,Musa Al-Taamari,jo JOR,"MF,FW",Rennes,fr Ligue 1,28-346,1997,33,2212,67,72.3,24.6,25,79,4,8,31,0,1.79,45,32,+13,+0.53,+0.95,Matches
3167,Haris Tabakovic,ba BIH,FW,Gladbach,de Bundesliga,31-336,1994,32,2382,74,77.8,26.5,28,81,10,4,29,0,1.19,36,34,+2,+0.08,+1.80,Matches
3168,Nicolás Tagliafico,ar ARG,DF,Lyon,fr Ligue 1,33-264,1992,20,1310,66,42.8,14.6,14,85,8,6,20,6,1.55,21,15,+6,+0.41,+0.05,Matches
3169,Jonathan Tah,de GER,DF,Bayern Munich,de Bundesliga,30-100,1996,28,2018,72,65.9,22.4,23,85,18,5,14,5,2.61,79,23,+56,+2.50,-0.09,Matches
3170,Alain Taho,al ALB,GK,Inter,it Serie A,19-022,2007,0,,,,,0,,0,0,,11,,,,,,,Matches
3171,Kōta Takai,jp JPN,DF,Gladbach,de Bundesliga,21-260,2004,8,342,43,11.2,3.8,3,90,3,5,14,5,0.75,2,10,-8,-2.11,-2.01,Matches
3172,Kōta Takai,jp JPN,DF,Tottenham Hotspur,eng Premier League,21-260,2004,0,,,,,0,,0,0,,1,,,,,,,Matches
3173,Chemsdine Talbi,ma MAR,"MF,FW",Sunderland,eng Premier League,21-013,2005,28,1561,56,46.9,17.3,16,78,2,12,26,3,1.46,23,14,+9,+0.52,+1.33,Matches
3174,Montassar Talbi,tn TUN,DF,Lorient,fr Ligue 1,27-361,1998,29,2610,90,85.3,29.0,29,90,29,0,,0,1.41,43,44,-1,-0.03,+0.37,Matches
3175,Yassin Tallal,es ESP,MF,Getafe,es La Liga,21-019,2005,0,,,,,0,,0,0,,1,,,,,,,Matches
3176,Adrien Tameze,cm CMR,DF,Torino,it Serie A,32-107,1994,24,1120,47,33.6,12.4,12,77,5,12,17,12,1.13,13,26,-13,-1.04,-0.80,Matches
3177,Ao Tanaka,jp JPN,MF,Leeds United,eng Premier League,27-254,1998,27,1238,46,37.2,13.8,13,75,0,14,19,9,1.48,22,20,+2,+0.15,+0.40,Matches
3178,Sander Tangvik,no NOR,GK,Hamburger SV,de Bundesliga,23-174,2002,1,90,90,2.9,1.0,1,90,1,0,,15,1.00,1,1,0,0.00,+0.42,Matches
3179,Axel Tapé,fr FRA,"MF,DF",Leverkusen,de Bundesliga,18-285,2007,6,222,37,7.3,2.5,2,63,0,4,24,10,2.00,8,4,+4,+1.62,+1.08,Matches
3180,Edmond Tapsoba,bf BFA,DF,Leverkusen,de Bundesliga,27-109,1999,29,2575,89,84.2,28.6,29,89,28,0,,0,1.79,60,38,+22,+0.77,+0.95,Matches
3181,James Tarkowski,eng ENG,DF,Everton,eng Premier League,33-184,1992,36,3240,90,97.3,36.0,36,90,36,0,,0,1.36,47,47,0,0.00,+2.00,Matches
3182,Rouven Tarnutzer,ch SUI,FW,Freiburg,de Bundesliga,18-302,2007,1,7,7,0.2,0.1,0,,0,1,7,2,0.00,0,1,-1,-12.86,-12.71,Matches
3183,César Tárrega,es ESP,DF,Valencia,es La Liga,24-085,2002,31,2508,81,75.3,27.9,28,88,27,3,16,4,1.29,32,40,-8,-0.29,+0.04,Matches
3184,Charlie Tasker,eng ENG,DF,Brighton,eng Premier League,20-087,2006,0,,,,,0,,0,0,,1,,,,,,,Matches
3185,Tylel Tati,fr FRA,DF,Nantes,fr Ligue 1,18-123,2008,20,1721,86,57.9,19.1,20,86,17,0,,2,0.70,19,37,-18,-0.94,-0.58,Matches
3186,Nuno Tavares,pt POR,DF,Lazio,it Serie A,26-116,2000,23,1473,64,44.2,16.4,17,81,11,6,15,10,1.35,20,18,+2,+0.12,+0.22,Matches
3187,Marcus Tavernier,eng ENG,MF,Bournemouth,eng Premier League,27-061,1999,33,2642,80,79.3,29.4,30,86,14,3,24,0,1.39,44,43,+1,+0.03,-0.36,Matches
3188,Kenneth Taylor,nl NED,MF,Lazio,it Serie A,24-006,2002,17,1394,82,41.9,15.5,17,82,8,0,,1,1.53,14,17,-3,-0.19,-0.33,Matches
3189,Loum Tchaouna,fr FRA,"MF,FW",Burnley,eng Premier League,22-256,2003,28,1198,43,36.0,13.3,13,71,2,15,18,9,0.39,12,23,-11,-0.83,+0.27,Matches
3190,Jackson Tchatchoua,cm CMR,"MF,DF",Wolves,eng Premier League,24-250,2001,31,1845,60,55.4,20.5,19,82,14,12,24,5,0.55,17,37,-20,-0.98,+0.30,Matches
3191,Aurélien Tchouaméni,fr FRA,MF,Real Madrid,es La Liga,26-115,2000,33,2615,79,78.5,29.1,31,83,20,2,16,0,2.33,57,26,+31,+1.07,-0.07,Matches
3192,Alex Teixeira,fr FRA,GK,Le Havre,fr Ligue 1,19-086,2007,0,,,,,0,,0,0,,1,,,,,,,Matches
3193,Mathys Tel,fr FRA,"MF,FW",Tottenham Hotspur,eng Premier League,21-025,2005,30,1277,43,38.3,14.2,12,78,3,18,19,7,0.93,25,23,+2,+0.14,+0.67,Matches
3194,Nathan Tella,ng NGA,MF,Leverkusen,de Bundesliga,26-321,1999,17,868,51,28.4,9.6,10,75,0,7,17,0,1.59,23,17,+6,+0.62,+0.01,Matches
3195,Nahuel Tenaglia,ar ARG,DF,Alavés,es La Liga,30-090,1996,35,3149,90,94.6,35.0,35,90,34,0,,2,1.11,40,51,-11,-0.31,-0.31,Matches
3196,Arnau Tenas,es ESP,GK,Villarreal,es La Liga,24-357,2001,9,810,90,24.3,9.0,9,90,9,0,,26,1.33,16,15,+1,+0.11,-0.64,Matches
3197,Marc-André ter Stegen,de GER,GK,Barcelona,es La Liga,34-022,1992,0,,,,,0,,0,0,,4,,,,,,,Matches
3198,Marc-André ter Stegen,de GER,GK,Girona,es La Liga,34-022,1992,2,180,90,5.4,2.0,2,90,2,0,,0,0.50,1,2,-1,-0.50,-0.07,Matches
3199,Filippo Terracciano,it ITA,DF,Cremonese,it Serie A,23-103,2003,35,2929,84,88.0,32.5,32,89,28,3,29,0,0.97,27,41,-14,-0.43,+1.37,Matches
3200,Pietro Terracciano,it ITA,GK,Milan,it Serie A,36-075,1990,2,125,63,3.8,1.4,1,90,1,1,35,34,3.00,4,0,+4,+2.88,+2.46,Matches
3201,Ramón Terrats,es ESP,MF,Espanyol,es La Liga,25-216,2000,28,985,35,29.6,10.9,11,65,0,17,16,5,1.04,10,20,-10,-0.91,-0.84,Matches
3202,Martin Terrier,fr FRA,"MF,FW",Leverkusen,de Bundesliga,29-079,1997,18,675,38,22.1,7.5,7,63,0,11,22,3,1.61,15,12,+3,+0.40,-0.28,Matches
3203,Tanner Tessmann,us USA,MF,Lyon,fr Ligue 1,24-240,2001,29,1953,67,63.8,21.7,22,82,14,7,21,0,1.86,32,21,+11,+0.51,+0.34,Matches
3204,Kenny Tete,nl NED,DF,Fulham,eng Premier League,30-225,1995,22,1791,81,53.8,19.9,21,85,15,1,8,5,1.55,24,24,0,0.00,+0.35,Matches
3205,Jordan Teze,nl NED,"MF,DF",Monaco,fr Ligue 1,26-234,1999,33,2489,75,81.3,27.7,28,83,18,5,35,1,1.55,52,44,+8,+0.29,+0.60,Matches
3206,Florian Thauvin,fr FRA,MF,Lens,fr Ligue 1,33-116,1993,33,2443,74,79.8,27.1,29,80,6,4,31,0,2.03,53,27,+26,+0.96,+0.23,Matches
3207,Arthur Theate,be BEL,DF,Eintracht Frankfurt,de Bundesliga,25-362,2000,24,2141,89,70.0,23.8,24,89,21,0,,4,1.29,46,52,-6,-0.25,-0.45,Matches
3208,Igor Thiago,br BRA,FW,Brentford,eng Premier League,24-330,2001,37,3192,86,95.9,35.5,36,88,29,1,31,0,1.41,51,48,+3,+0.08,+0.08,Matches
3209,Aliou Thiaré,sn SEN,DF,Le Havre,fr Ligue 1,22-153,2003,0,,,,,0,,0,0,,1,,,,,,,Matches
3210,Malick Thiaw,de GER,DF,Newcastle United,eng Premier League,24-287,2001,34,2875,85,86.3,31.9,32,88,30,2,24,3,1.29,47,50,-3,-0.09,-0.69,Matches
3211,Jan Thielmann,de GER,"MF,FW",Köln,de Bundesliga,23-361,2002,26,1540,59,50.3,17.1,20,72,4,6,18,1,1.04,22,31,-9,-0.53,-0.23,Matches
3212,Adrien Thomasson,fr FRA,MF,Lens,fr Ligue 1,32-163,1993,32,2683,84,87.7,29.8,31,86,22,1,30,0,2.00,56,33,+23,+0.77,-1.14,Matches
3213,Morten Thorsby,no NOR,MF,Genoa,it Serie A,30-017,1996,13,731,56,22.0,8.1,8,79,3,5,20,10,1.31,14,13,+1,+0.12,+0.47,Matches
3214,Morten Thorsby,no NOR,MF,Cremonese,it Serie A,30-017,1996,10,598,60,18.0,6.6,7,78,4,3,17,2,1.00,4,11,-7,-1.05,-0.56,Matches
3215,Kristian Thorstvedt,no NOR,MF,Sassuolo,it Serie A,27-070,1999,31,2370,76,71.2,26.3,26,86,23,5,26,0,1.55,39,35,+4,+0.15,+0.81,Matches
3216,Khéphren Thuram,fr FRA,MF,Juventus,it Serie A,25-057,2001,34,2373,70,71.3,26.4,29,78,14,5,25,1,1.82,47,24,+23,+0.87,+0.50,Matches
3217,Marcus Thuram,fr FRA,FW,Inter,it Serie A,28-289,1997,29,1900,66,57.1,21.1,24,75,6,5,22,2,2.41,47,19,+28,+1.33,-0.31,Matches
3218,Jim Thwaites,eng ENG,MF,Manchester Utd,eng Premier League,18-153,2007,0,,,,,0,,0,0,,1,,,,,,,Matches
3219,Cheikh Tidiane Sabaly,sn SEN,"MF,FW",Metz,fr Ligue 1,27-079,1999,14,967,69,31.6,10.7,12,79,6,2,13,0,0.79,8,24,-16,-1.49,-0.29,Matches
3220,Youri Tielemans,be BEL,MF,Aston Villa,eng Premier League,29-015,1997,24,1844,77,55.4,20.5,21,85,14,3,22,0,1.83,32,27,+5,+0.24,+0.18,Matches
3221,Phillip Tietz,de GER,FW,Augsburg,de Bundesliga,28-317,1997,10,198,20,6.5,2.2,0,,0,10,20,4,0.50,3,2,+1,+0.45,+0.99,Matches
3222,Phillip Tietz,de GER,FW,Mainz 05,de Bundesliga,28-317,1997,19,1610,85,52.6,17.9,19,85,9,0,,0,1.68,30,22,+8,+0.45,+1.50,Matches
3223,Edoardo Tigani,it ITA,MF,Parma,it Serie A,19-320,2006,0,,,,,0,,0,0,,2,,,,,,,Matches
3224,Malik Tillman,us USA,MF,Leverkusen,de Bundesliga,23-359,2002,29,1674,58,54.7,18.6,18,79,7,11,22,0,1.79,31,25,+6,+0.32,-0.65,Matches
3225,Jurriën Timber,nl NED,DF,Arsenal,eng Premier League,24-339,2001,30,2454,82,73.7,27.3,28,85,23,2,34,0,2.23,51,20,+31,+1.14,-0.10,Matches
3226,Quinten Timber,nl NED,MF,Marseille,fr Ligue 1,24-339,2001,15,1105,74,36.1,12.3,14,78,4,1,9,0,1.60,14,16,-2,-0.16,-1.08,Matches
3227,Adama Timera,fr FRA,DF,Espanyol,es La Liga,21-043,2005,0,,,,,0,,0,0,,4,,,,,,,Matches
3228,Jean-Clair Todibo,fr FRA,DF,West Ham United,eng Premier League,26-143,1999,23,1814,79,54.5,20.2,22,82,16,1,1,7,1.00,25,36,-11,-0.55,+0.11,Matches
3229,Umut Tohumcu,de GER,MF,Hoffenheim,de Bundesliga,21-284,2004,5,136,27,4.4,1.5,1,58,0,4,20,10,0.80,1,4,-3,-1.99,-2.48,Matches
3230,Corentin Tolisso,fr FRA,MF,Lyon,fr Ligue 1,31-292,1994,30,2302,77,75.2,25.6,26,84,17,4,31,0,1.60,42,32,+10,+0.39,+0.03,Matches
3231,Jeremy Toljan,de GER,DF,Levante,es La Liga,31-287,1994,36,3074,85,92.3,34.2,36,85,27,0,,0,1.17,43,54,-11,-0.32,+0.38,Matches
3232,Tiago Tomás,pt POR,"MF,FW",Stuttgart,de Bundesliga,23-340,2002,27,1020,38,33.3,11.3,10,70,0,17,19,0,1.81,27,23,+4,+0.35,-0.44,Matches
3233,Bodin Tomašević,me MNE,DF,Bologna,it Serie A,20-010,2006,0,,,,,0,,0,0,,3,,,,,,,Matches
3234,Fikayo Tomori,eng ENG,DF,Milan,it Serie A,28-154,1997,32,2494,78,74.9,27.7,30,82,20,2,13,3,2.09,36,19,+17,+0.61,+0.40,Matches
3235,Sandro Tonali,it ITA,MF,Newcastle United,eng Premier League,26-014,2000,35,2534,72,76.1,28.2,31,80,16,4,12,0,1.31,32,37,-5,-0.18,-0.74,Matches
3236,Giacomo Toniolo,it ITA,GK,Hellas Verona,it Serie A,22-051,2004,0,,,,,0,,0,0,,33,,,,,,,Matches
3237,Luka Topalović,si SVN,MF,Inter,it Serie A,20-088,2006,0,,,,,0,,0,0,,1,,,,,,,Matches
3238,Keke Topp,de GER,FW,Werder Bremen,de Bundesliga,22-058,2004,20,638,32,20.8,7.1,7,65,1,13,14,7,0.90,9,10,-1,-0.14,+0.68,Matches
3239,Noel Törnqvist,se SWE,GK,Como,it Serie A,24-110,2002,0,,,,,0,,0,0,,20,,,,,,,Matches
3240,Pablo Torre,es ESP,"MF,FW",Mallorca,es La Liga,23-049,2003,34,1515,45,45.5,16.8,18,68,1,16,18,3,1.03,21,27,-6,-0.36,-0.01,Matches
3241,Nil Torreguitart,es ESP,GK,Mallorca,es La Liga,24-243,2001,0,,,,,0,,0,0,,4,,,,,,,Matches
3242,Jofre Torrents,es ESP,DF,Barcelona,es La Liga,19-114,2007,3,50,17,1.5,0.6,0,,0,3,17,11,3.00,3,2,+1,+1.80,+0.15,Matches
3243,Ferrán Torres,es ESP,FW,Barcelona,es La Liga,26-082,2000,32,1883,59,56.5,20.9,22,73,5,10,27,2,2.47,49,18,+31,+1.48,-0.38,Matches
3244,Pau Torres,es ESP,DF,Aston Villa,eng Premier League,29-126,1997,20,1658,83,49.8,18.4,18,88,15,2,38,11,1.85,28,19,+9,+0.49,+0.65,Matches
3245,Lorenzo Torriani,it ITA,GK,Milan,it Serie A,21-111,2005,0,,,,,0,,0,0,,15,,,,,,,Matches
3246,Lucas Torró,es ESP,MF,Osasuna,es La Liga,31-307,1994,33,2226,67,66.8,24.7,30,73,12,3,10,2,1.00,24,36,-12,-0.49,-1.06,Matches
3247,Jordan Torunarigha,de GER,DF,Hamburger SV,de Bundesliga,28-288,1997,24,1962,82,64.1,21.8,21,88,16,3,35,5,1.08,23,35,-12,-0.55,-0.39,Matches
3248,Alex Tóth,hu HUN,MF,Bournemouth,eng Premier League,20-211,2005,8,84,11,2.5,0.9,1,57,0,7,4,7,2.50,2,2,0,0.00,-0.11,Matches
3249,Abdoulaye Touré,gn GUI,MF,Le Havre,fr Ligue 1,32-080,1994,11,740,67,24.2,8.2,8,83,4,3,26,0,1.18,6,8,-2,-0.24,+0.14,Matches
3250,Alpha Touré,sn SEN,MF,Metz,fr Ligue 1,20-117,2006,30,1606,54,52.5,17.8,16,81,7,14,22,2,0.53,15,37,-22,-1.23,+0.13,Matches
3251,Bazoumana Touré,ci CIV,"MF,FW",Hoffenheim,de Bundesliga,20-081,2006,30,2308,77,75.4,25.6,29,79,10,1,27,3,1.70,49,44,+5,+0.19,-0.76,Matches
3252,Idrissa Touré,de GER,MF,Pisa,it Serie A,28-023,1998,32,2279,71,68.4,25.3,26,83,19,6,19,3,0.53,17,46,-29,-1.15,+0.14,Matches
3253,Ilane Touré,fr FRA,MF,Monaco,fr Ligue 1,19-291,2006,2,35,18,1.1,0.4,0,,0,2,18,6,0.00,0,2,-2,-5.14,-5.38,Matches
3254,Ousmane Toure,fr FRA,DF,Lille,fr Ligue 1,21-093,2005,1,51,51,1.7,0.6,1,51,0,0,,0,1.00,2,2,0,0.00,-0.45,Matches
3255,Souleymane Touré,fr FRA,DF,Lorient,fr Ligue 1,23-055,2003,1,29,29,0.9,0.3,0,,0,1,29,1,3.00,3,0,+3,+9.31,+9.49,Matches
3256,Lucas Tousart,fr FRA,"MF,DF",Brest,fr Ligue 1,29-023,1997,24,834,35,27.3,9.3,9,67,0,15,16,3,1.21,8,17,-9,-0.97,-0.85,Matches
3257,Nicolas Trabucchi,it ITA,DF,Parma,it Serie A,18-278,2007,0,,,,,0,,0,0,,13,,,,,,,Matches
3258,James Trafford,eng ENG,GK,Manchester City,eng Premier League,23-224,2002,3,270,90,8.1,3.0,3,90,3,0,,34,1.00,5,4,+1,+0.33,-0.90,Matches
3259,Mattéo Tramoni,fr FRA,"MF,FW",Pisa,it Serie A,26-122,2000,27,1600,59,48.0,17.8,21,71,4,6,19,6,0.56,15,35,-20,-1.13,+0.12,Matches
3260,Adama Traoré,es ESP,"FW,MF",West Ham United,eng Premier League,30-117,1996,9,121,13,3.6,1.3,0,,0,9,13,3,1.22,1,5,-4,-2.98,-2.47,Matches
3261,Adama Traoré,es ESP,MF,Fulham,eng Premier League,30-117,1996,15,274,18,8.2,3.0,1,75,0,14,14,6,1.20,4,7,-3,-0.99,-0.90,Matches
3262,Bertrand Traoré,bf BFA,"MF,FW",Sunderland,eng Premier League,30-258,1995,12,632,53,19.0,7.0,9,64,0,3,19,3,1.75,7,9,-2,-0.28,-0.12,Matches
3263,Boubacar Traoré,ml MLI,MF,Metz,fr Ligue 1,24-275,2001,20,1387,69,45.3,15.4,16,82,6,4,19,0,0.50,13,32,-19,-1.23,+0.11,Matches
3264,Hamari Traoré,ml MLI,DF,Paris FC,fr Ligue 1,34-115,1992,18,1150,64,37.6,12.8,14,78,6,4,14,1,1.28,19,17,+2,+0.16,+0.39,Matches
3265,Hamari Traoré,ml MLI,DF,Real Sociedad,es La Liga,34-115,1992,0,,,,,0,,0,0,,2,,,,,,,Matches
3266,Omar Traoré,de GER,"DF,MF",Heidenheim,de Bundesliga,28-107,1998,26,1501,58,49.1,16.7,16,78,8,10,26,7,0.65,21,41,-20,-1.20,-0.56,Matches
3267,Kevin Trapp,de GER,GK,Paris FC,fr Ligue 1,35-318,1990,22,1980,90,64.7,22.0,22,90,22,0,,11,1.45,29,29,0,0.00,+0.25,Matches
3268,Mark Travers,ie IRL,GK,Everton,eng Premier League,27-004,1999,0,,,,,0,,0,0,,36,,,,,,,Matches
3269,Óscar Trejo,ar ARG,MF,Rayo Vallecano,es La Liga,38-026,1988,7,144,21,4.3,1.6,1,65,0,6,13,24,0.88,3,3,0,0.00,+0.11,Matches
3270,Yael Trepy,,FW,Cagliari,it Serie A,,,8,91,11,2.7,1.0,0,,0,8,11,12,0.25,2,1,+1,+0.99,+1.41,Matches
3271,Mike Trésor,be BEL,"FW,MF",Burnley,eng Premier League,26-359,1999,6,43,7,1.3,0.5,0,,0,6,7,2,0.33,2,2,0,0.00,+1.01,Matches
3272,Philipp Treu,de GER,"DF,MF",Freiburg,de Bundesliga,25-170,2000,28,2186,78,71.4,24.3,24,87,18,4,27,4,1.32,33,38,-5,-0.21,-0.10,Matches
3273,Christopher Trimmel,at AUT,"MF,DF",Union Berlin,de Bundesliga,39-087,1987,29,1861,64,60.8,20.7,22,75,6,7,30,4,1.24,29,31,-2,-0.10,+0.80,Matches
3274,Kieran Trippier,eng ENG,DF,Newcastle United,eng Premier League,35-245,1990,21,1586,76,47.6,17.6,18,84,11,3,23,7,1.05,22,27,-5,-0.28,-0.54,Matches
3275,Pol Tristán,es ESP,GK,Espanyol,es La Liga,24-065,2002,0,,,,,0,,0,0,,16,,,,,,,Matches
3276,Mariano Troilo,ar ARG,DF,Parma,it Serie A,22-334,2003,20,1535,77,46.1,17.1,17,85,13,3,31,12,1.00,13,26,-13,-0.76,-0.46,Matches
3277,Leandro Trossard,be BEL,"FW,MF",Arsenal,eng Premier League,31-169,1994,31,2000,65,60.1,22.2,21,81,5,10,30,3,2.23,42,15,+27,+1.22,+0.13,Matches
3278,Adrien Truffert,fr FRA,DF,Bournemouth,eng Premier League,24-183,2001,37,3289,89,98.8,36.5,37,89,35,0,,0,1.51,57,50,+7,+0.19,+6.78,Matches
3279,Paul Tschernuth,at AUT,GK,Heidenheim,de Bundesliga,24-122,2002,0,,,,,0,,0,0,,1,,,,,,,Matches
3280,Kostas Tsimikas,gr GRE,MF,Roma,it Serie A,30-010,1996,18,644,36,19.3,7.2,6,68,1,12,20,17,1.61,8,7,+1,+0.14,-0.70,Matches
3281,Heorhii Tsitaishvili,ge GEO,"MF,DF",Metz,fr Ligue 1,25-185,2000,33,2449,74,80.0,27.2,28,84,16,5,19,0,0.48,25,59,-34,-1.25,+0.22,Matches
3282,Viktor Tsyhankov,ua UKR,"MF,FW",Girona,es La Liga,28-188,1997,31,2540,82,76.3,28.2,30,84,17,1,28,0,1.10,28,38,-10,-0.35,+0.33,Matches
3283,Axel Tuanzebe,cd COD,DF,Burnley,eng Premier League,28-189,1997,13,1111,85,33.4,12.3,13,85,11,0,,0,0.69,15,25,-10,-0.81,+0.29,Matches
3284,Kareem Tunde,es ESP,MF,Levante,es La Liga,20-276,2005,20,1088,54,32.7,12.1,16,65,2,4,11,0,1.45,14,19,-5,-0.41,-0.09,Matches
3285,Stefano Turati,it ITA,GK,Sassuolo,it Serie A,24-259,2001,5,450,90,13.5,5.0,5,90,5,0,,25,1.40,6,6,0,0.00,+0.09,Matches
3286,Beñat Turrientes,es ESP,MF,Real Sociedad,es La Liga,24-111,2002,26,1258,48,37.8,14.0,15,69,3,11,21,10,1.35,23,20,+3,+0.21,+0.43,Matches
3287,Timur Tuterov,ua UKR,MF,Sunderland,eng Premier League,20-345,2005,0,,,,,0,,0,0,,4,,,,,,,Matches
3288,Harry Tyrer,eng ENG,GK,Everton,eng Premier League,24-167,2001,0,,,,,0,,0,0,,1,,,,,,,Matches
3289,Stefanos Tzimas,gr GRE,FW,Brighton,eng Premier League,20-136,2006,9,139,15,4.2,1.5,1,23,0,8,15,2,1.56,7,2,+5,+3.24,+3.12,Matches
3290,Christantus Uche,ng NGA,FW,Crystal Palace,eng Premier League,23-003,2003,14,173,12,5.2,1.9,0,,0,14,12,11,0.64,3,4,-1,-0.52,-0.29,Matches
3291,Christantus Uche,ng NGA,FW,Getafe,es La Liga,23-003,2003,3,270,90,8.1,3.0,3,90,3,0,,0,2.00,4,4,0,0.00,+0.21,Matches
3292,Destiny Udogie,it ITA,"DF,MF",Tottenham Hotspur,eng Premier League,23-175,2002,19,1250,66,37.5,13.9,13,83,7,6,29,1,0.89,17,25,-8,-0.58,-0.49,Matches
3293,Matthieu Udol,fr FRA,"MF,DF",Lens,fr Ligue 1,30-063,1996,34,3002,88,98.1,33.4,33,90,30,1,45,0,2.06,62,35,+27,+0.81,-5.40,Matches
3294,Manuel Ugarte,uy URU,MF,Manchester Utd,eng Premier League,25-041,2001,22,887,40,26.6,9.9,8,80,3,14,17,14,1.55,12,23,-11,-1.12,-2.11,Matches
3295,Chibuike Ugochukwu,fr FRA,MF,Rennes,fr Ligue 1,17-299,2008,0,,,,,0,,0,0,,1,,,,,,,Matches
3296,Lesley Ugochukwu,fr FRA,MF,Burnley,eng Premier League,22-057,2004,34,2262,67,67.9,25.1,26,78,5,8,29,2,0.59,27,49,-22,-0.88,+0.39,Matches
3297,Filip Ugrinic,ch SUI,MF,Valencia,es La Liga,27-137,1999,26,1414,54,42.5,15.7,16,73,2,10,24,4,1.23,15,23,-8,-0.51,-0.37,Matches
3298,Lukas Ullrich,de GER,"DF,MF",Gladbach,de Bundesliga,22-067,2004,23,1305,57,42.6,14.5,14,79,5,9,22,11,0.78,19,29,-10,-0.69,-0.64,Matches
3299,Sven Ulreich,de GER,GK,Bayern Munich,de Bundesliga,37-292,1988,1,90,90,2.9,1.0,1,90,1,0,,11,1.00,1,1,0,0.00,-2.61,Matches
3300,Enes Ünal,tr TUR,FW,Bournemouth,eng Premier League,29-012,1997,22,214,10,6.4,2.4,0,,0,22,10,4,1.68,8,3,+5,+2.10,+2.13,Matches
3301,Deniz Undav,de GER,"FW,MF",Stuttgart,de Bundesliga,29-307,1996,29,2241,77,73.2,24.9,25,84,13,4,36,0,1.83,55,36,+19,+0.76,+0.43,Matches
3302,Dayot Upamecano,fr FRA,DF,Bayern Munich,de Bundesliga,27-207,1998,24,1794,75,58.6,19.9,21,81,13,3,30,7,2.75,77,19,+58,+2.91,+0.92,Matches
3303,Jan Urbich,de GER,DF,Gladbach,de Bundesliga,21-333,2004,3,39,13,1.3,0.4,0,,0,3,13,4,1.33,0,1,-1,-2.31,-2.01,Matches
3304,Jonas Urbig,de GER,GK,Bayern Munich,de Bundesliga,22-287,2003,14,1111,79,36.3,12.3,11,90,11,3,40,17,2.64,40,15,+25,+2.03,-0.79,Matches
3305,Can Uzun,tr TUR,MF,Eintracht Frankfurt,de Bundesliga,20-192,2005,21,1156,55,37.8,12.8,15,68,2,6,23,2,1.19,28,27,+1,+0.08,+0.31,Matches
3306,Josha Vagnoman,de GER,"DF,MF",Stuttgart,de Bundesliga,25-162,2000,27,1587,59,51.9,17.6,18,84,11,9,9,4,1.78,32,29,+3,+0.17,-0.99,Matches
3307,Victor Valdepeñas,es ESP,DF,Real Madrid,es La Liga,19-214,2006,1,77,77,2.3,0.9,1,77,0,0,,0,3.00,2,1,+1,+1.17,+0.09,Matches
3308,Hákon Valdimarsson,is ISL,GK,Brentford,eng Premier League,24-221,2001,1,90,90,2.7,1.0,1,90,1,0,,36,3.00,4,3,+1,+1.00,+0.94,Matches
3309,Lautaro Valenti,ar ARG,DF,Parma,it Serie A,27-128,1999,26,2192,84,65.8,24.4,24,88,23,2,39,4,1.08,19,31,-12,-0.49,+0.06,Matches
3310,Óscar Valentín,es ESP,MF,Rayo Vallecano,es La Liga,31-275,1994,32,2049,64,61.5,22.8,25,77,11,7,19,4,1.34,19,18,+1,+0.04,+0.40,Matches
3311,Nicolás Valentini,ar ARG,DF,Hellas Verona,it Serie A,25-046,2001,20,1360,68,40.8,15.1,14,88,13,6,21,6,0.75,10,22,-12,-0.79,+0.21,Matches
3312,Germán Valera,es ESP,"MF,DF",Elche,es La Liga,24-067,2002,35,2768,79,83.1,30.8,32,85,17,3,20,0,1.17,40,47,-7,-0.23,-0.07,Matches
3313,Emanuele Valeri,it ITA,"MF,DF",Parma,it Serie A,27-166,1998,33,2568,78,77.1,28.5,28,86,23,5,29,0,1.21,21,32,-11,-0.39,+0.56,Matches
3314,Martin Valjent,sk SVK,DF,Mallorca,es La Liga,30-162,1995,36,3218,89,96.6,35.8,36,89,35,0,,0,1.00,41,56,-15,-0.42,-2.03,Matches
3315,Álex Valle,es ESP,DF,Como,it Serie A,22-027,2004,28,2026,72,60.8,22.5,23,84,18,5,17,8,1.82,34,17,+17,+0.76,-0.35,Matches
3316,Álvaro Vallés,es ESP,GK,Real Betis,es La Liga,28-301,1997,28,2520,90,75.7,28.0,28,90,28,0,,9,1.54,44,36,+8,+0.29,+0.06,Matches
3317,Mattia Valoti,it ITA,"FW,MF",Cremonese,it Serie A,32-258,1993,0,,,,,0,,0,0,,12,,,,,,,Matches
3318,Jean Valou,ci CIV,DF,Villarreal,es La Liga,19-151,2006,0,,,,,0,,0,0,,5,,,,,,,Matches
3319,Federico Valverde,uy URU,"MF,DF",Real Madrid,es La Liga,27-304,1998,32,2650,83,79.6,29.4,30,86,22,2,40,0,2.31,62,26,+36,+1.22,+0.69,Matches
3320,Kévin Van Den Kerkhof,dz ALG,"DF,MF",Metz,fr Ligue 1,30-069,1996,0,,,,,0,,0,0,,1,,,,,,,Matches
3321,Ignace Van Der Brempt,be BEL,DF,Como,it Serie A,24-051,2002,19,916,48,27.5,10.2,11,74,4,8,13,14,2.05,19,10,+9,+0.88,-0.01,Matches
3322,Virgil van Dijk,nl NED,DF,Liverpool,eng Premier League,34-318,1991,37,3330,90,100.0,37.0,37,90,37,0,,0,1.59,62,52,+10,+0.27,,Matches
3323,Vladyslav Vanat,ua UKR,FW,Girona,es La Liga,24-138,2002,27,1942,72,58.3,21.6,27,72,7,0,,0,1.37,21,26,-5,-0.23,+0.48,Matches
3324,Jari Vandeputte,be BEL,MF,Cremonese,it Serie A,30-097,1996,31,1869,60,56.1,20.8,23,72,6,8,27,3,1.06,17,24,-7,-0.34,+0.59,Matches
3325,Vanderson,br BRA,"DF,MF",Monaco,fr Ligue 1,24-335,2001,14,616,44,20.1,6.8,7,66,2,7,22,1,1.43,9,11,-2,-0.29,-0.59,Matches
3326,Maarten Vandevoordt,be BEL,GK,RB Leipzig,de Bundesliga,24-085,2002,12,1052,88,34.4,11.7,11,90,11,1,62,22,2.17,25,15,+10,+0.86,+0.45,Matches
3327,Charles Vanhoutte,be BEL,MF,Nice,fr Ligue 1,27-248,1998,26,1772,68,57.9,19.7,21,81,10,5,15,3,1.04,23,33,-10,-0.51,+0.40,Matches
3328,Jamie Vardy,eng ENG,FW,Cremonese,it Serie A,39-131,1987,28,2015,72,60.5,22.4,23,81,14,5,29,1,0.89,18,28,-10,-0.45,+0.37,Matches
3329,Obed Vargas,mx MEX,MF,Atlético Madrid,es La Liga,20-290,2005,11,650,59,19.5,7.2,7,79,4,4,24,4,1.36,11,9,+2,+0.28,-0.39,Matches
3330,Ruben Vargas,ch SUI,"MF,FW",Sevilla,es La Liga,27-290,1998,23,1567,68,47.1,17.4,20,74,2,3,28,0,1.22,18,27,-9,-0.52,-0.31,Matches
3331,Nikola Vasilj,ba BIH,GK,St Pauli,de Bundesliga,30-171,1995,34,3060,90,100.0,34.0,34,90,34,0,,0,0.76,29,60,-31,-0.91,,Matches
3332,Devis Vásquez,co COL,GK,Roma,it Serie A,28-010,1998,0,,,,,0,,0,0,,23,,,,,,,Matches
3333,Johan Vásquez,mx MEX,DF,Genoa,it Serie A,27-212,1998,36,3215,89,96.5,35.7,36,89,34,0,,1,1.11,39,49,-10,-0.28,-1.06,Matches
3334,Dominic Vavassori,it ITA,FW,Atalanta,it Serie A,20-164,2005,0,,,,,0,,0,0,,5,,,,,,,Matches
3335,Denis Vavro,sk SVK,DF,Wolfsburg,de Bundesliga,30-042,1996,17,1176,69,38.4,13.1,13,89,11,4,5,8,0.94,16,27,-11,-0.84,-0.22,Matches
3336,José Luis García Vayá,es ESP,"MF,DF",Valencia,es La Liga,27-284,1998,30,2135,71,64.1,23.7,25,81,11,5,20,7,1.23,21,33,-12,-0.51,-0.58,Matches
3337,Robinio Vaz,fr FRA,FW,Marseille,fr Ligue 1,19-094,2007,14,379,27,12.4,4.2,3,59,0,11,18,2,1.86,16,6,+10,+2.37,+2.11,Matches
3338,Robinio Vaz,fr FRA,FW,Roma,it Serie A,19-094,2007,11,209,19,6.3,2.3,0,,0,11,19,5,1.64,2,2,0,0.00,-0.75,Matches
3339,Franco Vázquez,ar ARG,"FW,MF",Cremonese,it Serie A,37-089,1989,15,524,35,15.7,5.8,4,74,1,11,21,5,0.93,5,11,-6,-1.03,-0.52,Matches
3340,Jesus Vazquez,es ESP,"DF,MF",Valencia,es La Liga,23-140,2003,23,895,39,26.9,9.9,6,89,5,17,21,14,1.30,19,17,+2,+0.20,+0.68,Matches
3341,Lucas Vázquez,es ESP,MF,Leverkusen,de Bundesliga,34-325,1991,12,481,40,15.7,5.3,6,63,1,6,18,4,1.92,11,2,+9,+1.68,+1.27,Matches
3342,Luis Vázquez,ar ARG,FW,Getafe,es La Liga,25-028,2001,16,1104,69,33.2,12.3,13,76,1,3,37,1,1.50,11,7,+4,+0.33,+0.77,Matches
3343,Matías Vecino,uy URU,MF,Lazio,it Serie A,34-271,1991,13,603,46,18.1,6.7,5,73,2,8,30,2,1.62,7,4,+3,+0.45,+0.55,Matches
3344,Matías Vecino,uy URU,MF,Celta Vigo,es La Liga,34-271,1991,5,118,24,3.5,1.3,2,57,0,3,2,4,1.00,1,3,-2,-1.53,-1.69,Matches
3345,Danilo Veiga,pt POR,DF,Lecce,it Serie A,23-239,2002,35,2930,84,88.0,32.6,32,88,28,3,41,1,1.00,24,42,-18,-0.55,+0.57,Matches
3346,Renato Veiga,pt POR,DF,Villarreal,es La Liga,22-297,2003,32,2481,78,74.5,27.6,27,88,26,5,21,2,1.84,50,37,+13,+0.47,-0.48,Matches
3347,Joël Veltman,nl NED,DF,Brighton,eng Premier League,34-127,1992,24,1057,44,31.7,11.7,9,83,7,15,21,8,1.75,18,12,+6,+0.51,+0.39,Matches
3348,Micky van de Ven,nl NED,DF,Tottenham Hotspur,eng Premier League,25-033,2001,34,2951,87,88.6,32.8,34,87,31,0,,1,1.03,42,47,-5,-0.15,+1.03,Matches
3349,Unai Vencedor Paris,es ESP,MF,Athletic Club,es La Liga,25-188,2000,0,,,,,0,,0,0,,1,,,,,,,Matches
3350,Unai Vencedor Paris,es ESP,MF,Levante,es La Liga,25-188,2000,16,812,51,24.4,9.0,11,67,0,5,15,8,0.88,7,16,-9,-1.00,-0.85,Matches
3351,Lorenzo Venturino,it ITA,FW,Genoa,it Serie A,19-334,2006,2,40,20,1.2,0.4,0,,0,2,20,19,0.50,0,0,0,0.00,+0.25,Matches
3352,Lorenzo Venturino,it ITA,MF,Roma,it Serie A,19-334,2006,10,207,21,6.2,2.3,1,45,0,9,18,5,1.80,6,2,+4,+1.74,+1.11,Matches
3353,Gioele Venuti,it ITA,GK,Udinese,it Serie A,17-075,2009,0,,,,,0,,0,0,,5,,,,,,,Matches
3354,Nikolas Veratschnig,at AUT,"MF,DF",Mainz 05,de Bundesliga,23-118,2003,21,660,31,21.6,7.3,6,67,2,15,17,8,1.10,9,13,-4,-0.55,-0.36,Matches
3355,Bart Verbruggen,nl NED,GK,Brighton,eng Premier League,23-277,2002,37,3330,90,100.0,37.0,37,90,37,0,,0,1.43,52,43,+9,+0.24,,Matches
3356,Calvin Verdonk,id IDN,DF,Lille,fr Ligue 1,29-026,1997,18,790,44,25.8,8.8,7,84,3,11,19,7,1.61,9,10,-1,-0.11,-0.75,Matches
3357,Antonio Vergara,it ITA,MF,Napoli,it Serie A,23-126,2003,12,612,51,18.4,6.8,8,73,1,4,8,16,2.17,11,9,+2,+0.29,-0.34,Matches
3358,Arthur Vermeeren,be BEL,MF,Marseille,fr Ligue 1,21-104,2005,20,828,41,27.1,9.2,10,68,4,10,15,10,1.80,11,14,-3,-0.33,-1.17,Matches
3359,Ioan Vermeșan,ro ROU,FW,Hellas Verona,it Serie A,19-216,2006,5,75,15,2.3,0.8,0,,0,5,15,7,0.40,1,0,+1,+1.20,+2.17,Matches
3360,Théo Vermot,fr FRA,GK,Marseille,fr Ligue 1,29-115,1997,0,,,,,0,,0,0,,2,,,,,,,Matches
3361,Jozhua Vertrouwd,nl NED,DF,Rayo Vallecano,es La Liga,21-274,2004,9,446,50,13.4,5.0,3,87,2,6,31,21,1.33,6,9,-3,-0.61,-0.57,Matches
3362,Mikel Vesga,es ESP,MF,Athletic Club,es La Liga,33-001,1993,22,459,21,13.8,5.1,1,45,0,21,20,13,1.18,5,12,-7,-1.37,-1.18,Matches
3363,Guglielmo Vicario,it ITA,GK,Tottenham Hotspur,eng Premier League,29-227,1996,31,2790,90,83.8,31.0,31,90,31,0,,1,0.97,40,50,-10,-0.32,-0.32,Matches
3364,Carlos Vicente,es ESP,MF,Alavés,es La Liga,27-029,1999,21,1258,60,37.8,14.0,11,79,6,10,39,0,1.05,12,19,-7,-0.50,-0.33,Matches
3365,Nacho Vidal,es ESP,DF,Oviedo,es La Liga,31-118,1995,28,2187,78,65.7,24.3,26,83,16,2,16,2,0.82,18,31,-13,-0.53,+0.88,Matches
3366,Fabio Vieira,pt POR,"MF,FW",Hamburger SV,de Bundesliga,25-357,2000,29,2206,76,72.1,24.5,25,84,10,4,24,0,1.14,29,36,-7,-0.29,+0.45,Matches
3367,Arthur Vignaud,fr FRA,GK,Paris Saint-Germain,fr Ligue 1,18-121,2008,0,,,,,0,,0,0,,1,,,,,,,Matches
3368,Julián Vignolo,ar ARG,MF,Toulouse,fr Ligue 1,19-166,2006,13,195,15,6.6,2.2,1,45,0,12,13,20,1.15,4,4,0,0.00,-0.03,Matches
3369,Mauro Vigorito,it ITA,GK,Como,it Serie A,36-000,1990,0,,,,,0,,0,0,,36,,,,,,,Matches
3370,Marc Vilaplana,es ESP,DF,Getafe,es La Liga,23-122,2003,0,,,,,0,,0,0,,3,,,,,,,Matches
3371,Gonzalo Villar,es ESP,MF,Elche,es La Liga,28-060,1998,11,644,59,19.3,7.2,7,81,4,4,19,4,1.45,10,9,+1,+0.14,+0.44,Matches
3372,Iván Villar,es ESP,GK,Celta Vigo,es La Liga,28-317,1997,0,,,,,0,,0,0,,37,,,,,,,Matches
3373,Federico Viñas,uy URU,"FW,MF",Oviedo,es La Liga,27-326,1998,33,2439,74,73.2,27.1,28,83,12,5,26,0,0.85,20,38,-18,-0.66,+0.65,Matches
3374,Alessandro Vinciguerra,it ITA,FW,Cagliari,it Serie A,20-277,2005,0,,,,,0,,0,0,,1,,,,,,,Matches
3375,Giulio Vincinati,it ITA,FW,Udinese,it Serie A,18-266,2007,0,,,,,0,,0,0,,3,,,,,,,Matches
3376,Jan Virgili,es ESP,"MF,FW",Mallorca,es La Liga,19-300,2006,30,1762,59,52.9,19.6,19,79,5,11,23,0,1.07,26,31,-5,-0.26,+0.20,Matches
3377,Mattia Viti,it ITA,"MF,DF",Fiorentina,it Serie A,24-118,2002,10,265,27,8.0,2.9,2,65,0,8,17,7,0.60,1,6,-5,-1.70,-1.58,Matches
3378,Martin Vitík,cz CZE,DF,Bologna,it Serie A,23-121,2003,19,1325,70,39.8,14.7,14,81,11,5,37,13,1.58,17,18,-1,-0.07,-0.25,Matches
3379,Vitinha,pt POR,"FW,MF",Genoa,it Serie A,26-068,2000,35,2226,64,66.8,24.7,28,75,5,7,17,2,1.06,26,34,-8,-0.32,-0.24,Matches
3380,Vitinha,pt POR,MF,Paris Saint-Germain,fr Ligue 1,26-098,2000,29,2119,73,69.2,23.5,24,81,18,5,35,2,2.24,50,19,+31,+1.32,-0.02,Matches
3381,Daniel Vivian,es ESP,DF,Athletic Club,es La Liga,26-311,1999,30,2474,82,74.3,27.5,27,87,25,3,40,1,1.10,26,40,-14,-0.51,-0.61,Matches
3382,Odysseas Vlachodimos,gr GRE,GK,Sevilla,es La Liga,32-026,1994,33,2970,90,89.2,33.0,33,90,33,0,,2,1.18,39,52,-13,-0.39,-0.39,Matches
3383,Rareș Vlad,ro ROU,GK,Mallorca,es La Liga,20-136,2006,0,,,,,0,,0,0,,1,,,,,,,Matches
3384,Valeri Vladimirov,bg BUL,DF,Milan,it Serie A,17-351,2008,0,,,,,0,,0,0,,1,,,,,,,Matches
3385,Dušan Vlahović,rs SRB,FW,Juventus,it Serie A,26-114,2000,18,907,50,27.2,10.1,10,74,2,8,21,1,1.61,14,11,+3,+0.30,-0.59,Matches
3386,Nikola Vlašić,hr CRO,"MF,FW",Torino,it Serie A,28-230,1997,36,2953,82,88.7,32.8,35,83,22,1,33,0,1.19,35,55,-20,-0.61,-0.85,Matches
3387,Mërgim Vojvoda,xk KVX,"MF,DF",Como,it Serie A,31-110,1995,29,1583,55,47.5,17.6,19,69,4,10,27,7,1.86,33,14,+19,+1.08,+0.36,Matches
3388,Cristian Volpato,it ITA,FW,Sassuolo,it Serie A,22-188,2003,23,1056,46,31.7,11.7,11,70,0,12,24,8,1.39,19,14,+5,+0.43,+0.74,Matches
3389,Alexis Vossah,fr FRA,MF,Toulouse,fr Ligue 1,18-072,2008,23,1092,47,36.8,12.1,12,73,2,11,20,7,1.39,22,15,+7,+0.58,+0.86,Matches
3390,Aster Vranckx,be BEL,MF,Sassuolo,it Serie A,23-230,2002,16,690,43,20.7,7.7,9,63,0,7,18,15,0.94,4,9,-5,-0.65,-0.72,Matches
3391,Stefan de Vrij,nl NED,DF,Inter,it Serie A,34-106,1992,10,590,59,17.7,6.6,7,82,5,3,5,27,2.60,17,5,+12,+1.83,+0.45,Matches
3392,Ante Vuković,hr CRO,GK,Pisa,it Serie A,21-285,2004,0,,,,,0,,0,0,,1,,,,,,,Matches
3393,İsak Vural,tr TUR,MF,Pisa,it Serie A,19-359,2006,14,662,47,19.9,7.4,8,68,1,6,20,6,0.57,5,14,-9,-1.22,-0.04,Matches
3394,Luka Vušković,hr CRO,DF,Hamburger SV,de Bundesliga,19-087,2007,28,2442,87,79.8,27.1,27,90,26,1,13,1,1.29,35,41,-6,-0.22,+0.94,Matches
3395,Luka Vušković,hr CRO,DF,Tottenham Hotspur,eng Premier League,19-087,2007,0,,,,,0,,0,0,,2,,,,,,,Matches
3396,Yannik Wagner,de GER,FW,Heidenheim,de Bundesliga,19-013,2007,4,49,12,1.6,0.5,0,,0,4,12,5,0.75,3,0,+3,+5.51,+6.53,Matches
3397,Elye Wahi,ci CIV,FW,Nice,fr Ligue 1,23-140,2003,14,922,66,30.1,10.2,11,76,2,3,30,0,0.93,11,15,-4,-0.39,+0.41,Matches
3398,Elye Wahi,ci CIV,FW,Eintracht Frankfurt,de Bundesliga,23-140,2003,10,324,32,10.6,3.6,3,75,0,7,14,2,1.90,7,13,-6,-1.67,-1.73,Matches
3399,Hauke Wahl,de GER,DF,St Pauli,de Bundesliga,32-037,1994,30,2592,86,84.7,28.8,29,88,28,1,27,0,0.77,25,47,-22,-0.76,+0.97,Matches
3400,Luca Waldschmidt,de GER,"FW,MF",Köln,de Bundesliga,30-003,1996,24,677,28,22.1,7.5,7,60,0,17,15,8,0.75,17,10,+7,+0.93,+1.72,Matches
3401,Kyle Walker,eng ENG,"DF,MF",Burnley,eng Premier League,35-359,1990,35,3006,86,90.3,33.4,34,88,31,1,9,1,0.60,30,65,-35,-1.05,-0.49,Matches
3402,Kyle Walker-Peters,eng ENG,DF,West Ham United,eng Premier League,29-039,1997,22,1293,59,38.8,14.4,14,84,11,8,14,15,1.05,17,25,-8,-0.56,+0.06,Matches
3403,Sebastian Walukiewicz,pl POL,DF,Sassuolo,it Serie A,26-047,2000,34,2852,84,85.6,31.7,33,86,27,1,22,0,1.35,37,40,-3,-0.09,-0.09,Matches
3404,Matthias Wamu,be BEL,MF,Monaco,fr Ligue 1,17-212,2008,0,,,,,0,,0,0,,1,,,,,,,Matches
3405,Aaron Wan-Bissaka,cd COD,"DF,MF",West Ham United,eng Premier League,28-177,1997,25,2081,83,62.5,23.1,23,87,19,2,36,4,0.96,27,43,-16,-0.69,-0.26,Matches
3406,James Ward-Prowse,eng ENG,MF,West Ham United,eng Premier League,31-202,1994,5,413,83,12.4,4.6,5,83,2,0,,1,0.60,2,11,-9,-1.96,-1.56,Matches
3407,James Ward-Prowse,eng ENG,MF,Burnley,eng Premier League,31-202,1994,12,668,56,20.1,7.4,7,82,4,5,19,1,0.50,6,16,-10,-1.35,-0.43,Matches
3408,Ollie Watkins,eng ENG,FW,Aston Villa,eng Premier League,30-143,1995,36,2749,76,82.6,30.5,32,82,12,4,33,0,1.72,46,37,+9,+0.29,+0.76,Matches
3409,Tom Watson,eng ENG,MF,Brighton,eng Premier League,20-044,2006,6,62,10,1.9,0.7,0,,0,6,10,5,1.33,2,2,0,0.00,-0.25,Matches
3410,Timothy Weah,us USA,"MF,DF",Marseille,fr Ligue 1,26-089,2000,29,2253,78,73.6,25.0,26,82,15,3,37,1,1.69,47,34,+13,+0.52,-0.04,Matches
3411,Tobias Weigel,de GER,FW,Heidenheim,de Bundesliga,19-026,2007,1,2,2,0.1,0.0,0,,0,1,2,1,0.00,0,0,0,0.00,+0.91,Matches
3412,Nelson Weiper,de GER,FW,Mainz 05,de Bundesliga,21-066,2005,24,558,23,18.2,6.2,3,83,2,21,15,4,1.04,4,12,-8,-1.29,-1.25,Matches
3413,Max Weiß,de GER,GK,Burnley,eng Premier League,21-341,2004,2,180,90,5.4,2.0,2,90,2,0,,35,0.50,2,3,-1,-0.50,+0.53,Matches
3414,Danny Welbeck,eng ENG,FW,Brighton,eng Premier League,35-177,1990,36,2200,61,66.1,24.4,25,80,7,11,18,0,1.44,33,25,+8,+0.33,+0.25,Matches
3415,Reece Welch,eng ENG,DF,Everton,eng Premier League,22-245,2003,0,,,,,0,,0,0,,8,,,,,,,Matches
3416,Timo Werner,de GER,"FW,MF",RB Leipzig,de Bundesliga,30-077,1996,3,14,5,0.5,0.2,0,,0,3,5,1,1.00,0,2,-2,-12.86,-13.48,Matches
3417,Wesley,br BRA,MF,Real Sociedad,es La Liga,21-078,2005,5,88,18,2.6,1.0,1,45,0,4,11,11,0.80,1,4,-3,-3.07,-3.10,Matches
3418,Wesley,br BRA,MF,Roma,it Serie A,22-258,2003,30,2448,82,73.5,27.2,28,85,17,2,37,0,2.00,47,17,+30,+1.10,+1.51,Matches
3419,Adam Wharton,eng ENG,MF,Crystal Palace,eng Premier League,22-105,2004,33,2536,77,76.2,28.2,29,83,15,4,34,0,1.18,33,42,-9,-0.32,-0.32,Matches
3420,Ben White,eng ENG,DF,Arsenal,eng Premier League,28-226,1997,12,702,59,21.1,7.8,9,72,4,3,19,17,1.83,10,6,+4,+0.51,-0.82,Matches
3421,Archie Whitehall,eng ENG,MF,Nottingham Forest,eng Premier League,20-001,2006,0,,,,,0,,0,0,,1,,,,,,,Matches
3422,Jack Whittaker,eng ENG,MF,Sunderland,eng Premier League,19-220,2006,0,,,,,0,,0,0,,1,,,,,,,Matches
3423,Silvan Widmer,ch SUI,MF,Mainz 05,de Bundesliga,33-078,1993,27,1810,67,59.2,20.1,22,78,6,5,19,5,1.37,29,26,+3,+0.15,+1.01,Matches
3424,Mats Wieffer,nl NED,DF,Brighton,eng Premier League,26-187,1999,25,1813,73,54.4,20.1,22,78,13,3,29,0,1.60,31,23,+8,+0.40,+0.34,Matches
3425,Luca Williams Barnett,eng ENG,FW,Tottenham Hotspur,eng Premier League,17-233,2008,0,,,,,0,,0,0,,6,,,,,,,Matches
3426,Iñaki Williams,gh GHA,"MF,FW",Athletic Club,es La Liga,31-341,1994,29,2067,71,62.1,23.0,24,78,9,5,39,0,1.24,23,30,-7,-0.30,+0.12,Matches
3427,Neco Williams,wls WAL,DF,Nottingham Forest,eng Premier League,25-039,2001,36,3114,87,93.5,34.6,35,88,32,1,46,0,1.19,44,46,-2,-0.06,+0.36,Matches
3428,Nico Williams,es ESP,MF,Athletic Club,es La Liga,23-314,2002,25,1674,67,50.3,18.6,20,74,2,5,40,0,1.32,24,27,-3,-0.16,+0.38,Matches
3429,Estêvão Willian,br BRA,MF,Chelsea,eng Premier League,19-028,2007,22,848,39,25.5,9.4,12,54,0,10,20,3,1.36,19,11,+8,+0.85,+0.89,Matches
3430,Joe Willock,eng ENG,MF,Newcastle United,eng Premier League,26-275,1999,23,893,39,26.8,9.9,9,68,0,14,20,13,1.52,13,16,-3,-0.30,-0.41,Matches
3431,Callum Wilson,eng ENG,FW,West Ham United,eng Premier League,34-084,1992,31,1206,39,36.2,13.4,11,69,2,20,22,5,1.10,20,24,-4,-0.30,+0.46,Matches
3432,Harry Wilson,wls WAL,MF,Fulham,eng Premier League,29-061,1997,35,2654,76,79.7,29.5,32,81,8,3,24,0,1.40,39,38,+1,+0.03,+0.97,Matches
3433,James Wilson,sct SCO,FW,Tottenham Hotspur,eng Premier League,19-077,2007,0,,,,,0,,0,0,,2,,,,,,,Matches
3434,Patrick Wimmer,at AUT,MF,Wolfsburg,de Bundesliga,24-357,2001,25,1621,65,53.0,18.0,21,73,3,4,24,0,1.00,27,32,-5,-0.28,+0.91,Matches
3435,Jonas Wind,dk DEN,FW,Wolfsburg,de Bundesliga,27-104,1999,11,481,44,15.7,5.3,5,75,1,6,17,2,0.45,5,13,-8,-1.50,-0.94,Matches
3436,Ben Winterburn,eng ENG,MF,Bournemouth,eng Premier League,21-260,2004,1,7,7,0.2,0.1,0,,0,1,7,0,0.00,0,2,-2,-25.71,-25.88,Matches
3437,Florian Wirtz,de GER,MF,Liverpool,eng Premier League,23-019,2003,32,2360,74,70.9,26.2,27,82,9,5,29,0,1.63,38,32,+6,+0.23,-0.14,Matches
3438,Tom Wisbereit,de GER,GK,Union Berlin,de Bundesliga,18-186,2007,0,,,,,0,,0,0,,3,,,,,,,Matches
3439,Yoane Wissa,cd COD,FW,Newcastle United,eng Premier League,29-261,1996,18,506,28,15.2,5.6,4,70,0,14,16,4,1.17,10,10,0,0.00,0.00,Matches
3440,Axel Witsel,be BEL,MF,Girona,es La Liga,37-130,1989,31,2469,80,74.1,27.4,29,83,21,2,28,1,1.03,30,40,-10,-0.36,+0.26,Matches
3441,Maximilian Wöber,at AUT,DF,Werder Bremen,de Bundesliga,28-107,1998,2,37,19,1.2,0.4,0,,0,2,19,3,0.50,0,0,0,0.00,+0.68,Matches
3442,Marius Wolf,de GER,MF,Augsburg,de Bundesliga,30-360,1995,29,1019,35,33.3,11.3,12,64,1,17,15,4,1.17,17,19,-2,-0.18,+0.44,Matches
3443,Nick Woltemade,de GER,MF,Stuttgart,de Bundesliga,24-097,2002,1,90,90,2.9,1.0,1,90,1,0,,0,0.00,1,2,-1,-1.00,-1.70,Matches
3444,Nick Woltemade,de GER,"FW,MF",Newcastle United,eng Premier League,24-097,2002,32,1826,57,54.8,20.3,23,73,3,9,16,1,1.28,31,28,+3,+0.15,+0.33,Matches
3445,Jeong Woo-yeong,kr KOR,"MF,FW",Union Berlin,de Bundesliga,26-244,1999,28,1197,43,39.1,13.3,13,69,2,15,20,2,1.21,16,22,-6,-0.45,-0.06,Matches
3446,Chris Wood,nz NZL,FW,Nottingham Forest,eng Premier League,34-166,1991,14,840,60,25.2,9.3,10,75,0,4,22,0,1.14,13,13,0,0.00,+0.11,Matches
3447,Freddie Woodman,eng ENG,GK,Liverpool,eng Premier League,29-079,1997,3,213,71,6.4,2.4,2,90,2,1,33,16,2.00,6,4,+2,+0.85,+0.61,Matches
3448,Christopher Wooh,cm CMR,DF,Rennes,fr Ligue 1,24-246,2001,2,64,32,2.1,0.7,1,10,0,1,54,0,1.50,1,0,+1,+1.41,+1.17,Matches
3449,Joe Worrall,eng ENG,DF,Burnley,eng Premier League,29-132,1997,11,500,45,15.0,5.6,5,83,4,6,14,13,0.82,10,11,-1,-0.18,+0.96,Matches
3450,James Wright,eng ENG,GK,Aston Villa,eng Premier League,21-171,2004,0,,,,,0,,0,0,,7,,,,,,,Matches
3451,Will Wright,,FW,Liverpool,eng Premier League,,,0,,,,,0,,0,0,,4,,,,,,,Matches
3452,Daniel Xavier Semedo,fr FRA,MF,Lorient,fr Ligue 1,22-209,2003,1,11,11,0.4,0.1,0,,0,1,11,5,1.00,1,0,+1,+8.18,+8.30,Matches
3453,Granit Xhaka,ch SUI,MF,Sunderland,eng Premier League,33-237,1992,33,2814,85,84.5,31.3,31,89,29,2,29,0,1.45,36,38,-2,-0.06,+0.81,Matches
3454,Lamine Yamal,es ESP,"MF,FW",Barcelona,es La Liga,18-313,2007,28,2262,81,67.9,25.1,26,85,16,2,29,0,2.61,62,23,+39,+1.55,-0.30,Matches
3455,Daniel Yáñez,es ESP,MF,Real Madrid,es La Liga,19-055,2007,2,47,24,1.4,0.5,0,,0,2,24,1,3.00,3,1,+2,+3.83,+2.79,Matches
3456,Roman Yaremchuk,ua UKR,FW,Lyon,fr Ligue 1,30-176,1995,11,561,51,18.3,6.2,5,74,0,6,32,1,1.36,12,9,+3,+0.48,+0.12,Matches
3457,Yehor Yarmoliuk,ua UKR,MF,Brentford,eng Premier League,22-082,2004,37,2659,72,79.8,29.5,30,83,15,7,26,0,1.41,42,42,0,0.00,-0.40,Matches
3458,Gessime Yassine,ma MAR,MF,Strasbourg,fr Ligue 1,20-181,2005,12,510,43,16.7,5.7,6,72,2,6,13,5,1.58,8,9,-1,-0.18,-0.60,Matches
3459,Ryan Yates,eng ENG,MF,Nottingham Forest,eng Premier League,28-182,1997,21,591,28,17.7,6.6,2,77,1,19,23,10,1.48,14,7,+7,+1.07,+1.39,Matches
3460,Terry Yegbe,gh GHA,DF,Metz,fr Ligue 1,25-117,2001,24,1963,82,64.2,21.8,22,87,18,2,30,8,0.58,24,51,-27,-1.24,+0.16,Matches
3461,Bertuğ Yıldırım,tr TUR,FW,Rennes,fr Ligue 1,23-314,2002,1,3,3,0.1,0.0,0,,0,1,3,2,1.00,0,0,0,0.00,-0.26,Matches
3462,Kenan Yıldız,tr TUR,"MF,FW",Juventus,it Serie A,21-018,2005,36,2825,78,84.8,31.4,33,83,12,3,25,0,1.81,49,26,+23,+0.73,+0.02,Matches
3463,Angel Yondjo Matah,cm CMR,FW,Lille,fr Ligue 1,19-101,2007,0,,,,,0,,0,0,,1,,,,,,,Matches
3464,Darlin Yongwa,cm CMR,"DF,MF",Lorient,fr Ligue 1,25-242,2000,23,1312,57,42.9,14.6,14,84,12,9,15,4,1.04,18,20,-2,-0.14,-0.09,Matches
3465,Leny Yoro,fr FRA,DF,Manchester Utd,eng Premier League,20-190,2005,31,1723,56,51.7,19.1,18,82,9,13,20,5,1.68,28,33,-5,-0.26,-1.44,Matches
3466,Mousslim Youssouf,fr FRA,DF,Nice,fr Ligue 1,20-133,2006,0,,,,,0,,0,0,,1,,,,,,,Matches
3467,Ali Yousuf,ly LBY,DF,Nantes,fr Ligue 1,24-317,2001,13,969,75,32.6,10.8,10,89,9,3,27,3,0.69,6,15,-9,-0.84,-0.21,Matches
3468,Etienne Youte Kinkoue,fr FRA,"DF,MF",Le Havre,fr Ligue 1,24-128,2002,9,419,47,13.7,4.7,4,87,3,5,14,12,1.33,5,8,-3,-0.64,-0.34,Matches
3469,Illia Zabarnyi,ua UKR,DF,Paris Saint-Germain,fr Ligue 1,23-263,2002,28,2387,85,78.0,26.5,26,89,25,2,34,4,2.25,57,25,+32,+1.21,-0.53,Matches
3470,Yassir Zabiri,ma MAR,MF,Rennes,fr Ligue 1,21-088,2005,6,48,8,1.6,0.5,0,,0,6,8,6,1.67,1,0,+1,+1.87,+1.64,Matches
3471,Mattia Zaccagni,it ITA,FW,Lazio,it Serie A,30-340,1995,26,2104,81,63.2,23.4,26,81,15,0,,1,1.42,20,21,-1,-0.04,-0.12,Matches
3472,Gioele Zacchi,it ITA,GK,Sassuolo,it Serie A,22-316,2003,0,,,,,0,,0,0,,33,,,,,,,Matches
3473,Yvan Zaddy,ci CIV,MF,Auxerre,fr Ligue 1,20-021,2006,1,1,1,0.0,0.0,0,,0,1,1,9,3.00,0,1,-1,-90.00,-89.74,Matches
3474,Dan-Axel Zagadou,fr FRA,DF,Stuttgart,de Bundesliga,26-353,1999,3,209,70,6.8,2.3,3,70,1,0,,8,2.33,4,4,0,0.00,-0.69,Matches
3475,Stephan Zagadou,fr FRA,DF,Le Havre,fr Ligue 1,17-210,2008,8,495,62,16.2,5.5,6,77,1,2,16,7,1.38,4,5,-1,-0.18,+0.20,Matches
3476,Warren Zaïre-Emery,fr FRA,"DF,MF",Paris Saint-Germain,fr Ligue 1,20-075,2006,32,2447,76,80.0,27.2,27,83,18,5,39,0,2.19,60,23,+37,+1.36,+0.19,Matches
3477,Denis Zakaria,ch SUI,"DF,MF",Monaco,fr Ligue 1,29-183,1996,24,2031,85,66.4,22.6,23,88,19,1,12,0,1.67,40,32,+8,+0.35,+0.53,Matches
3478,Arsen Zakharyan,ru RUS,MF,Real Sociedad,es La Liga,22-361,2003,17,458,27,13.8,5.1,3,59,0,14,20,14,1.00,11,13,-2,-0.39,-0.39,Matches
3479,Nicola Zalewski,pl POL,MF,Atalanta,it Serie A,24-119,2002,33,1897,57,57.0,21.1,24,69,5,9,28,2,1.64,29,13,+16,+0.76,+0.82,Matches
3480,Andre-Frank Zambo Anguissa,cm CMR,MF,Napoli,it Serie A,30-187,1995,18,1258,70,37.8,14.0,14,81,11,4,31,3,2.00,18,14,+4,+0.29,-0.45,Matches
3481,Nicolò Zaniolo,it ITA,"FW,MF",Udinese,it Serie A,26-324,1999,32,2257,71,67.8,25.1,28,77,10,4,23,0,1.34,29,27,+2,+0.08,+0.42,Matches
3482,Alessandro Zanoli,it ITA,MF,Udinese,it Serie A,25-231,2000,19,1280,67,38.4,14.2,16,75,1,3,26,1,1.16,16,18,-2,-0.14,-0.14,Matches
3483,Alessandro Zanoli,it ITA,MF,Napoli,it Serie A,25-231,2000,0,,,,,0,,0,0,,1,,,,,,,Matches
3484,Duván Zapata,co COL,FW,Torino,it Serie A,35-051,1991,27,1048,39,31.5,11.6,10,67,1,17,22,5,1.19,21,20,+1,+0.09,+0.87,Matches
3485,Gabriele Zappa,it ITA,DF,Cagliari,it Serie A,26-151,1999,30,1507,50,45.3,16.7,17,76,9,13,16,4,0.97,17,26,-9,-0.54,-0.29,Matches
3486,Davide Zappacosta,it ITA,MF,Atalanta,it Serie A,33-345,1992,34,2524,74,75.8,28.0,30,79,15,4,35,3,1.56,40,24,+16,+0.57,+0.68,Matches
3487,Bryan Zaragoza,es ESP,MF,Roma,it Serie A,24-255,2001,4,135,34,4.1,1.5,2,50,0,2,18,7,2.00,2,2,0,0.00,-0.73,Matches
3488,Bryan Zaragoza,es ESP,"FW,MF",Celta Vigo,es La Liga,24-255,2001,19,1131,60,34.0,12.6,13,76,4,6,24,2,1.47,16,12,+4,+0.32,+0.32,Matches
3489,Oier Zarraga,es ESP,MF,Udinese,it Serie A,27-138,1999,23,464,20,13.9,5.2,2,83,1,21,14,14,1.78,5,10,-5,-0.97,-1.06,Matches
3490,Nils Zätterström,se SWE,DF,Genoa,it Serie A,21-054,2005,2,91,46,2.7,1.0,1,90,1,1,1,14,2.00,0,0,0,0.00,+0.25,Matches
3491,Aaron Zehnter,de GER,"DF,MF",Wolfsburg,de Bundesliga,21-203,2004,20,1456,73,47.6,16.2,17,85,10,3,3,8,1.10,23,29,-6,-0.37,+0.64,Matches
3492,Bartosz Zelazowski,pl POL,GK,Nice,fr Ligue 1,21-027,2005,0,,,,,0,,0,0,,3,,,,,,,Matches
3493,Radek Żelezny,pl POL,GK,Roma,it Serie A,19-258,2006,0,,,,,0,,0,0,,7,,,,,,,Matches
3494,Jordan Zemura,zw ZIM,"MF,DF",Udinese,it Serie A,26-189,1999,16,1048,66,31.5,11.6,12,81,8,4,19,8,1.19,14,15,-1,-0.09,-0.05,Matches
3495,Robin Zentner,de GER,GK,Mainz 05,de Bundesliga,31-206,1994,10,876,88,28.6,9.7,10,88,9,0,,3,0.60,9,14,-5,-0.51,-0.35,Matches
3496,Alessio Zerbin,it ITA,MF,Cremonese,it Serie A,27-080,1999,31,1601,52,48.1,17.8,16,74,3,15,27,2,0.90,11,23,-12,-0.67,-0.15,Matches
3497,Cedric Zesiger,ch SUI,DF,Augsburg,de Bundesliga,27-332,1998,27,1816,67,59.3,20.2,20,85,17,7,16,4,1.38,26,40,-14,-0.69,-0.55,Matches
3498,Michael Zetterer,de GER,GK,Eintracht Frankfurt,de Bundesliga,30-314,1995,22,1976,90,64.6,22.0,21,90,21,1,86,12,1.55,34,33,+1,+0.05,+0.46,Matches
3499,Edon Zhegrova,xk KVX,MF,Lille,fr Ligue 1,27-052,1999,0,,,,,0,,0,0,,1,,,,,,,Matches
3500,Edon Zhegrova,xk KVX,MF,Juventus,it Serie A,27-052,1999,18,369,21,11.1,4.1,0,,0,18,21,15,1.50,10,3,+7,+1.71,+1.10,Matches
3501,Sacha Ziani,fr FRA,MF,Nantes,fr Ligue 1,22-288,2003,0,,,,,0,,0,0,,6,,,,,,,Matches
3502,Ron-Robert Zieler,de GER,GK,Köln,de Bundesliga,37-099,1989,0,,,0.0,0.0,0,,0,0,,33,1.00,3,3,0,,,Matches
3503,Piotr Zieliński,pl POL,MF,Inter,it Serie A,32-002,1994,33,1955,59,58.7,21.7,21,80,10,12,23,4,2.24,52,23,+29,+1.34,-0.30,Matches
3504,Oleksandr Zinchenko,ua UKR,DF,Nottingham Forest,eng Premier League,29-158,1996,5,353,71,10.6,3.9,4,86,3,1,10,3,0.20,1,6,-5,-1.27,-1.34,Matches
3505,Melvin Zinga,fr FRA,GK,Angers,fr Ligue 1,24-067,2002,3,222,74,7.3,2.5,2,90,2,1,42,21,0.33,3,5,-2,-0.81,-0.27,Matches
3506,Leopold Zingerle,de GER,GK,RB Leipzig,de Bundesliga,32-042,1994,0,,,,,0,,0,0,,5,,,,,,,Matches
3507,Jan Ziółkowski,pl POL,DF,Roma,it Serie A,20-351,2005,17,491,29,14.7,5.5,5,72,3,12,11,18,1.94,9,5,+4,+0.73,+0.04,Matches
3508,Joshua Zirkzee,nl NED,"FW,MF",Manchester Utd,eng Premier League,25-000,2001,23,609,26,18.3,6.8,5,73,2,18,14,12,1.74,9,8,+1,+0.15,-0.35,Matches
3509,Budu Zivzivadze,ge GEO,FW,Heidenheim,de Bundesliga,32-073,1994,20,1142,57,37.3,12.7,14,70,3,6,28,0,0.70,19,30,-11,-0.87,+0.07,Matches
3510,Luck Zogbé,ci CIV,DF,Brest,fr Ligue 1,21-059,2005,9,288,32,9.4,3.2,3,90,3,6,3,20,1.33,4,7,-3,-0.94,-0.65,Matches
3511,Guy Zohouri,fr FRA,MF,Le Havre,fr Ligue 1,19-110,2007,0,,,,,0,,0,0,,1,,,,,,,Matches
3512,Nadir Zortea,it ITA,DF,Bologna,it Serie A,26-337,1999,31,1794,58,53.9,19.9,16,87,11,15,27,6,1.32,20,26,-6,-0.30,-0.83,Matches
3513,Yanis Zouaoui,dz ALG,"DF,MF",Le Havre,fr Ligue 1,28-026,1998,30,2338,78,76.4,26.0,28,82,14,2,25,0,0.93,24,37,-13,-0.50,-0.63,Matches
3514,Igor Zubeldia,es ESP,DF,Real Sociedad,es La Liga,29-053,1997,24,1992,83,59.8,22.1,22,88,21,2,25,3,1.29,33,36,-3,-0.14,-0.20,Matches
3515,Martín Zubimendi,es ESP,MF,Arsenal,eng Premier League,27-109,1999,37,2902,78,87.1,32.2,33,84,21,4,32,0,2.22,55,24,+31,+0.96,-1.56,Matches
3516,Martin Ødegaard,no NOR,MF,Arsenal,eng Premier League,27-156,1998,24,1369,57,41.1,15.2,16,72,7,8,26,0,2.17,29,13,+16,+1.05,-0.19,Matches
3517,Luka Đurić,rs SRB,MF,Hoffenheim,de Bundesliga,22-338,2003,1,10,10,0.3,0.1,0,,0,1,10,5,0.00,0,1,-1,-9.00,-9.41,Matches
3518,Milan Đurić,ba BIH,FW,Cremonese,it Serie A,36-000,1990,11,386,35,11.6,4.3,3,69,1,8,22,4,0.45,3,10,-7,-1.63,-1.17,Matches
3519,Milan Đurić,ba BIH,FW,Parma,it Serie A,36-000,1990,12,74,6,2.2,0.8,0,,0,12,6,10,0.83,1,2,-1,-1.22,-0.72,Matches
